event_id,game_id,date,team,player,seconds,start,comment,pts,reb,ast,stl,blk,tov,pf,fgm,fga,fg3m,fg3a,ftm,fta,plus_minus,official_url
CHI_2020_21_G044,0022000697,2021-03-27,CHI,Al-Farouq Aminu,738,0,,2,5,0,0,0,2,2,0,1,0,1,2,2,10,https://www.nba.com/game/0022000697/box-score
CHI_2020_21_G044,0022000697,2021-03-27,CHI,Coby White,1535,0,,13,5,4,1,1,1,4,5,12,2,5,1,1,6,https://www.nba.com/game/0022000697/box-score
CHI_2020_21_G044,0022000697,2021-03-27,CHI,Cristiano Felicio,106,0,,1,0,0,0,0,0,0,0,0,0,0,1,2,0,https://www.nba.com/game/0022000697/box-score
CHI_2020_21_G044,0022000697,2021-03-27,CHI,Denzel Valentine,348,0,,2,2,0,0,0,0,1,1,5,0,2,0,0,-9,https://www.nba.com/game/0022000697/box-score
CHI_2020_21_G044,0022000697,2021-03-27,CHI,Devon Dotson,106,0,,0,1,0,1,0,0,0,0,0,0,0,0,0,0,https://www.nba.com/game/0022000697/box-score
CHI_2020_21_G044,0022000697,2021-03-27,CHI,Garrett Temple,1347,0,,4,3,4,1,0,0,2,2,5,0,3,0,0,-8,https://www.nba.com/game/0022000697/box-score
CHI_2020_21_G044,0022000697,2021-03-27,CHI,Javonte Green,628,0,,0,4,0,1,2,2,2,0,2,0,1,0,0,5,https://www.nba.com/game/0022000697/box-score
CHI_2020_21_G044,0022000697,2021-03-27,CHI,Lauri Markkanen,1566,1,,10,3,0,0,0,1,2,4,10,1,6,1,1,-21,https://www.nba.com/game/0022000697/box-score
CHI_2020_21_G044,0022000697,2021-03-27,CHI,Nikola Vucevic,1906,1,,21,9,3,0,0,0,4,9,16,2,4,1,1,-24,https://www.nba.com/game/0022000697/box-score
CHI_2020_21_G044,0022000697,2021-03-27,CHI,Patrick Williams,1143,1,,6,3,1,0,0,2,0,3,7,0,2,0,0,-23,https://www.nba.com/game/0022000697/box-score
CHI_2020_21_G044,0022000697,2021-03-27,CHI,Ryan Arcidiacono,106,0,,1,0,0,0,0,0,0,0,0,0,0,1,2,0,https://www.nba.com/game/0022000697/box-score
CHI_2020_21_G044,0022000697,2021-03-27,CHI,Thaddeus Young,1338,0,,10,6,9,0,0,2,3,5,11,0,1,0,1,3,https://www.nba.com/game/0022000697/box-score
CHI_2020_21_G044,0022000697,2021-03-27,CHI,Tomas Satoransky,1035,1,,8,3,3,2,0,2,3,3,7,1,3,1,1,-14,https://www.nba.com/game/0022000697/box-score
CHI_2020_21_G044,0022000697,2021-03-27,CHI,Troy Brown Jr.,813,0,,8,1,3,0,0,0,2,3,4,1,1,1,1,12,https://www.nba.com/game/0022000697/box-score
CHI_2020_21_G044,0022000697,2021-03-27,CHI,Zach LaVine,1685,1,,18,3,1,0,0,2,0,6,15,1,5,5,6,-17,https://www.nba.com/game/0022000697/box-score
CHI_2020_21_G044,0022000697,2021-03-27,SAS,Cam Reynolds,102,0,,2,0,0,0,0,0,0,1,1,0,0,0,0,0,https://www.nba.com/game/0022000697/box-score
CHI_2020_21_G044,0022000697,2021-03-27,SAS,DeMar DeRozan,1897,1,,17,4,7,4,0,2,0,7,14,0,0,3,4,20,https://www.nba.com/game/0022000697/box-score
CHI_2020_21_G044,0022000697,2021-03-27,SAS,Dejounte Murray,1860,1,,14,8,8,2,0,1,0,7,14,0,0,0,0,8,https://www.nba.com/game/0022000697/box-score
CHI_2020_21_G044,0022000697,2021-03-27,SAS,Derrick White,1967,1,,16,4,7,1,1,1,4,5,14,4,10,2,2,22,https://www.nba.com/game/0022000697/box-score
CHI_2020_21_G044,0022000697,2021-03-27,SAS,Devin Vassell,389,0,,2,0,0,0,1,0,0,1,1,0,0,0,0,5,https://www.nba.com/game/0022000697/box-score
CHI_2020_21_G044,0022000697,2021-03-27,SAS,Drew Eubanks,1008,0,,8,5,1,1,0,1,2,2,3,0,0,4,6,-6,https://www.nba.com/game/0022000697/box-score
CHI_2020_21_G044,0022000697,2021-03-27,SAS,Jakob Poeltl,1869,1,,20,9,1,0,3,0,1,8,9,0,0,4,10,20,https://www.nba.com/game/0022000697/box-score
CHI_2020_21_G044,0022000697,2021-03-27,SAS,Keldon Johnson,1539,1,,14,4,0,0,0,0,2,6,9,0,1,2,2,5,https://www.nba.com/game/0022000697/box-score
CHI_2020_21_G044,0022000697,2021-03-27,SAS,Lonnie Walker IV,0,0,DNP - Injury/Illness,0,0,0,0,0,0,0,0,0,0,0,0,0,0,https://www.nba.com/game/0022000697/box-score
CHI_2020_21_G044,0022000697,2021-03-27,SAS,Luka Samanic,553,0,,0,1,0,0,0,1,1,0,0,0,0,0,0,-8,https://www.nba.com/game/0022000697/box-score
CHI_2020_21_G044,0022000697,2021-03-27,SAS,Patty Mills,1766,0,,16,0,2,0,0,1,1,5,11,4,9,2,2,1,https://www.nba.com/game/0022000697/box-score
CHI_2020_21_G044,0022000697,2021-03-27,SAS,Quinndary Weatherspoon,106,0,,0,0,0,0,0,1,1,0,0,0,0,0,0,0,https://www.nba.com/game/0022000697/box-score
CHI_2020_21_G044,0022000697,2021-03-27,SAS,Rudy Gay,1238,0,,11,6,2,1,2,2,3,4,9,2,5,1,2,13,https://www.nba.com/game/0022000697/box-score
CHI_2020_21_G044,0022000697,2021-03-27,SAS,Tre Jones,106,0,,0,0,1,0,0,0,0,0,0,0,0,0,0,0,https://www.nba.com/game/0022000697/box-score
CHI_2020_21_G044,0022000697,2021-03-27,SAS,Trey Lyles,0,0,DNP - Coach's Decision,0,0,0,0,0,0,0,0,0,0,0,0,0,0,https://www.nba.com/game/0022000697/box-score
CHI_2020_21_G045,0022000716,2021-03-29,CHI,Al-Farouq Aminu,0,0,DNP - Coach's Decision,0,0,0,0,0,0,0,0,0,0,0,0,0,0,https://www.nba.com/game/0022000716/box-score
CHI_2020_21_G045,0022000716,2021-03-29,CHI,Cristiano Felicio,101,0,,0,1,0,0,0,0,0,0,0,0,0,0,0,2,https://www.nba.com/game/0022000716/box-score
CHI_2020_21_G045,0022000716,2021-03-29,CHI,Daniel Theis,1328,0,,6,2,3,1,2,1,0,3,5,0,1,0,1,-15,https://www.nba.com/game/0022000716/box-score
CHI_2020_21_G045,0022000716,2021-03-29,CHI,Denzel Valentine,0,0,DNP - Coach's Decision,0,0,0,0,0,0,0,0,0,0,0,0,0,0,https://www.nba.com/game/0022000716/box-score
CHI_2020_21_G045,0022000716,2021-03-29,CHI,Devon Dotson,198,0,,0,0,0,0,0,0,0,0,0,0,0,0,0,0,https://www.nba.com/game/0022000716/box-score
CHI_2020_21_G045,0022000716,2021-03-29,CHI,Garrett Temple,129,0,,0,0,0,0,0,1,2,0,0,0,0,0,0,3,https://www.nba.com/game/0022000716/box-score
CHI_2020_21_G045,0022000716,2021-03-29,CHI,Javonte Green,755,0,,2,2,1,1,0,1,1,1,3,0,0,0,0,-11,https://www.nba.com/game/0022000716/box-score
CHI_2020_21_G045,0022000716,2021-03-29,CHI,Lauri Markkanen,1330,0,,13,6,1,0,0,1,0,5,9,3,4,0,0,-5,https://www.nba.com/game/0022000716/box-score
CHI_2020_21_G045,0022000716,2021-03-29,CHI,Nikola Vucevic,1593,1,,21,9,6,0,1,2,3,9,13,0,4,3,3,-3,https://www.nba.com/game/0022000716/box-score
CHI_2020_21_G045,0022000716,2021-03-29,CHI,Patrick Williams,1960,1,,14,6,4,1,1,2,1,7,13,0,1,0,0,-3,https://www.nba.com/game/0022000716/box-score
CHI_2020_21_G045,0022000716,2021-03-29,CHI,Ryan Arcidiacono,887,0,,5,2,4,0,0,1,2,2,4,1,2,0,0,-6,https://www.nba.com/game/0022000716/box-score
CHI_2020_21_G045,0022000716,2021-03-29,CHI,Thaddeus Young,1412,1,,10,4,2,1,1,3,2,5,6,0,1,0,0,-7,https://www.nba.com/game/0022000716/box-score
CHI_2020_21_G045,0022000716,2021-03-29,CHI,Tomas Satoransky,1802,1,,14,2,8,1,0,2,0,6,11,1,3,1,1,-8,https://www.nba.com/game/0022000716/box-score
CHI_2020_21_G045,0022000716,2021-03-29,CHI,Troy Brown Jr.,1010,0,,5,1,0,3,0,1,3,2,4,0,1,1,2,-5,https://www.nba.com/game/0022000716/box-score
CHI_2020_21_G045,0022000716,2021-03-29,CHI,Zach LaVine,1895,1,,12,4,4,0,0,4,4,4,16,1,7,3,4,-12,https://www.nba.com/game/0022000716/box-score
CHI_2020_21_G045,0022000716,2021-03-29,GSW,Alen Smailagic,0,0,DNP - Coach's Decision,0,0,0,0,0,0,0,0,0,0,0,0,0,0,https://www.nba.com/game/0022000716/box-score
CHI_2020_21_G045,0022000716,2021-03-29,GSW,Andrew Wiggins,2073,1,,21,3,5,2,1,3,0,8,15,3,5,2,2,12,https://www.nba.com/game/0022000716/box-score
CHI_2020_21_G045,0022000716,2021-03-29,GSW,Damion Lee,932,0,,6,1,1,0,0,1,2,2,4,2,3,0,0,4,https://www.nba.com/game/0022000716/box-score
CHI_2020_21_G045,0022000716,2021-03-29,GSW,Draymond Green,2022,1,,11,5,9,1,1,3,1,4,7,3,5,0,0,12,https://www.nba.com/game/0022000716/box-score
CHI_2020_21_G045,0022000716,2021-03-29,GSW,James Wiseman,1668,1,,12,5,0,0,4,1,4,6,8,0,0,0,0,-8,https://www.nba.com/game/0022000716/box-score
CHI_2020_21_G045,0022000716,2021-03-29,GSW,Jordan Poole,1075,0,,7,1,1,1,0,2,1,3,8,1,6,0,0,7,https://www.nba.com/game/0022000716/box-score
CHI_2020_21_G045,0022000716,2021-03-29,GSW,Juan Toscano-Anderson,108,0,,0,0,0,0,0,0,0,0,0,0,0,0,0,-2,https://www.nba.com/game/0022000716/box-score
CHI_2020_21_G045,0022000716,2021-03-29,GSW,Kelly Oubre Jr.,2149,1,,18,11,0,1,0,0,2,8,19,0,3,2,2,7,https://www.nba.com/game/0022000716/box-score
CHI_2020_21_G045,0022000716,2021-03-29,GSW,Kent Bazemore,1031,0,,9,3,0,2,1,1,1,4,4,1,1,0,0,8,https://www.nba.com/game/0022000716/box-score
CHI_2020_21_G045,0022000716,2021-03-29,GSW,Kevon Looney,1037,0,,0,4,4,1,1,0,2,0,2,0,0,0,0,17,https://www.nba.com/game/0022000716/box-score
CHI_2020_21_G045,0022000716,2021-03-29,GSW,Mychal Mulder,104,0,,0,0,0,0,0,0,0,0,1,0,1,0,0,-2,https://www.nba.com/game/0022000716/box-score
CHI_2020_21_G045,0022000716,2021-03-29,GSW,Nico Mannion,385,0,,0,1,2,0,0,2,1,0,0,0,0,0,0,-1,https://www.nba.com/game/0022000716/box-score
CHI_2020_21_G045,0022000716,2021-03-29,GSW,Stephen Curry,1816,1,,32,5,6,1,0,1,0,11,24,6,14,4,5,16,https://www.nba.com/game/0022000716/box-score
CHI_2020_21_G046,0022000730,2021-03-31,CHI,Adam Mokoka,0,0,DNP - Coach's Decision,0,0,0,0,0,0,0,0,0,0,0,0,0,0,https://www.nba.com/game/0022000730/box-score
CHI_2020_21_G046,0022000730,2021-03-31,CHI,Al-Farouq Aminu,0,0,DNP - Coach's Decision,0,0,0,0,0,0,0,0,0,0,0,0,0,0,https://www.nba.com/game/0022000730/box-score
CHI_2020_21_G046,0022000730,2021-03-31,CHI,Cristiano Felicio,0,0,DNP - Coach's Decision,0,0,0,0,0,0,0,0,0,0,0,0,0,0,https://www.nba.com/game/0022000730/box-score
CHI_2020_21_G046,0022000730,2021-03-31,CHI,Daniel Theis,1180,0,,6,5,2,0,2,1,2,2,5,0,2,2,2,-4,https://www.nba.com/game/0022000730/box-score
CHI_2020_21_G046,0022000730,2021-03-31,CHI,Denzel Valentine,1747,0,,19,6,4,0,0,2,2,8,18,3,9,0,0,1,https://www.nba.com/game/0022000730/box-score
CHI_2020_21_G046,0022000730,2021-03-31,CHI,Devon Dotson,0,0,DNP - Coach's Decision,0,0,0,0,0,0,0,0,0,0,0,0,0,0,https://www.nba.com/game/0022000730/box-score
CHI_2020_21_G046,0022000730,2021-03-31,CHI,Javonte Green,0,0,DNP - Coach's Decision,0,0,0,0,0,0,0,0,0,0,0,0,0,0,https://www.nba.com/game/0022000730/box-score
CHI_2020_21_G046,0022000730,2021-03-31,CHI,Lauri Markkanen,2056,1,,16,10,2,0,0,1,1,5,13,2,8,4,5,-5,https://www.nba.com/game/0022000730/box-score
CHI_2020_21_G046,0022000730,2021-03-31,CHI,Nikola Vucevic,2064,1,,24,10,3,2,1,0,1,8,18,2,4,6,6,-6,https://www.nba.com/game/0022000730/box-score
CHI_2020_21_G046,0022000730,2021-03-31,CHI,Patrick Williams,1890,1,,16,3,1,1,1,1,4,7,11,2,3,0,0,-9,https://www.nba.com/game/0022000730/box-score
CHI_2020_21_G046,0022000730,2021-03-31,CHI,Ryan Arcidiacono,952,0,,2,2,4,0,0,0,3,1,4,0,1,0,0,3,https://www.nba.com/game/0022000730/box-score
CHI_2020_21_G046,0022000730,2021-03-31,CHI,Thaddeus Young,1700,1,,19,10,4,1,0,1,1,7,14,0,0,5,6,-1,https://www.nba.com/game/0022000730/box-score
CHI_2020_21_G046,0022000730,2021-03-31,CHI,Tomas Satoransky,1821,1,,9,3,7,2,0,3,6,3,11,1,4,2,2,-8,https://www.nba.com/game/0022000730/box-score
CHI_2020_21_G046,0022000730,2021-03-31,CHI,Troy Brown Jr.,990,0,,5,1,0,0,0,0,0,2,5,1,2,0,0,4,https://www.nba.com/game/0022000730/box-score
CHI_2020_21_G046,0022000730,2021-03-31,PHX,Abdel Nader,0,0,DNP - Injury/Illness,0,0,0,0,0,0,0,0,0,0,0,0,0,0,https://www.nba.com/game/0022000730/box-score
CHI_2020_21_G046,0022000730,2021-03-31,PHX,Cameron Johnson,1181,0,,6,2,2,0,0,0,0,2,4,2,4,0,0,5,https://www.nba.com/game/0022000730/box-score
CHI_2020_21_G046,0022000730,2021-03-31,PHX,Cameron Payne,958,0,,9,4,4,0,0,0,3,4,7,1,3,0,0,-5,https://www.nba.com/game/0022000730/box-score
CHI_2020_21_G046,0022000730,2021-03-31,PHX,Chris Paul,1922,1,,19,4,14,0,0,1,3,7,13,0,0,5,7,10,https://www.nba.com/game/0022000730/box-score
CHI_2020_21_G046,0022000730,2021-03-31,PHX,Dario Saric,1227,0,,16,4,2,1,0,0,2,6,9,3,5,1,1,3,https://www.nba.com/game/0022000730/box-score
CHI_2020_21_G046,0022000730,2021-03-31,PHX,Deandre Ayton,1909,1,,10,4,0,1,2,3,1,4,8,0,0,2,2,9,https://www.nba.com/game/0022000730/box-score
CHI_2020_21_G046,0022000730,2021-03-31,PHX,Devin Booker,2114,1,,45,4,4,1,1,5,3,17,24,2,5,9,10,7,https://www.nba.com/game/0022000730/box-score
CHI_2020_21_G046,0022000730,2021-03-31,PHX,E'Twaun Moore,0,0,DNP - Coach's Decision,0,0,0,0,0,0,0,0,0,0,0,0,0,0,https://www.nba.com/game/0022000730/box-score
CHI_2020_21_G046,0022000730,2021-03-31,PHX,Jae Crowder,1664,1,,10,3,1,1,4,0,4,3,4,3,4,1,3,2,https://www.nba.com/game/0022000730/box-score
CHI_2020_21_G046,0022000730,2021-03-31,PHX,Jalen Smith,0,0,DNP - Coach's Decision,0,0,0,0,0,0,0,0,0,0,0,0,0,0,https://www.nba.com/game/0022000730/box-score
CHI_2020_21_G046,0022000730,2021-03-31,PHX,Jevon Carter,766,0,,0,2,1,0,0,0,2,0,1,0,0,0,0,-2,https://www.nba.com/game/0022000730/box-score
CHI_2020_21_G046,0022000730,2021-03-31,PHX,Langston Galloway,0,0,DNP - Coach's Decision,0,0,0,0,0,0,0,0,0,0,0,0,0,0,https://www.nba.com/game/0022000730/box-score
CHI_2020_21_G046,0022000730,2021-03-31,PHX,Mikal Bridges,1706,1,,6,2,1,1,0,0,1,3,8,0,3,0,1,-3,https://www.nba.com/game/0022000730/box-score
CHI_2020_21_G046,0022000730,2021-03-31,PHX,Torrey Craig,953,0,,0,3,0,1,0,0,2,0,3,0,1,0,0,-1,https://www.nba.com/game/0022000730/box-score
CHI_2020_21_G046,0022000730,2021-03-31,PHX,Ty-Shon Alexander,0,0,DNP - Coach's Decision,0,0,0,0,0,0,0,0,0,0,0,0,0,0,https://www.nba.com/game/0022000730/box-score
CHI_2020_21_G047,0022000743,2021-04-02,CHI,Al-Farouq Aminu,0,0,DNP - Coach's Decision,0,0,0,0,0,0,0,0,0,0,0,0,0,0,https://www.nba.com/game/0022000743/box-score
CHI_2020_21_G047,0022000743,2021-04-02,CHI,Coby White,1417,0,,4,1,3,0,1,1,4,2,6,0,3,0,0,-9,https://www.nba.com/game/0022000743/box-score
CHI_2020_21_G047,0022000743,2021-04-02,CHI,Cristiano Felicio,0,0,DNP - Coach's Decision,0,0,0,0,0,0,0,0,0,0,0,0,0,0,https://www.nba.com/game/0022000743/box-score
CHI_2020_21_G047,0022000743,2021-04-02,CHI,Daniel Theis,1219,0,,3,5,1,0,1,0,0,1,5,0,2,1,2,-3,https://www.nba.com/game/0022000743/box-score
CHI_2020_21_G047,0022000743,2021-04-02,CHI,Denzel Valentine,1319,0,,12,4,4,1,0,1,2,4,8,2,5,2,2,4,https://www.nba.com/game/0022000743/box-score
CHI_2020_21_G047,0022000743,2021-04-02,CHI,Devon Dotson,0,0,DNP - Coach's Decision,0,0,0,0,0,0,0,0,0,0,0,0,0,0,https://www.nba.com/game/0022000743/box-score
CHI_2020_21_G047,0022000743,2021-04-02,CHI,Javonte Green,0,0,DNP - Coach's Decision,0,0,0,0,0,0,0,0,0,0,0,0,0,0,https://www.nba.com/game/0022000743/box-score
CHI_2020_21_G047,0022000743,2021-04-02,CHI,Lauri Markkanen,1361,0,,5,2,1,0,0,0,0,2,5,0,2,1,1,-12,https://www.nba.com/game/0022000743/box-score
CHI_2020_21_G047,0022000743,2021-04-02,CHI,Nikola Vucevic,1734,1,,16,8,4,0,1,0,2,5,14,1,5,5,6,-9,https://www.nba.com/game/0022000743/box-score
CHI_2020_21_G047,0022000743,2021-04-02,CHI,Patrick Williams,1976,1,,8,3,3,2,0,1,1,4,7,0,0,0,0,-9,https://www.nba.com/game/0022000743/box-score
CHI_2020_21_G047,0022000743,2021-04-02,CHI,Ryan Arcidiacono,0,0,DNP - Coach's Decision,0,0,0,0,0,0,0,0,0,0,0,0,0,0,https://www.nba.com/game/0022000743/box-score
CHI_2020_21_G047,0022000743,2021-04-02,CHI,Thaddeus Young,1969,1,,25,7,3,1,0,1,4,11,17,0,0,3,4,11,https://www.nba.com/game/0022000743/box-score
CHI_2020_21_G047,0022000743,2021-04-02,CHI,Tomas Satoransky,1536,1,,10,6,4,1,0,0,5,4,5,2,3,0,0,4,https://www.nba.com/game/0022000743/box-score
CHI_2020_21_G047,0022000743,2021-04-02,CHI,Troy Brown Jr.,0,0,DNP - Coach's Decision,0,0,0,0,0,0,0,0,0,0,0,0,0,0,https://www.nba.com/game/0022000743/box-score
CHI_2020_21_G047,0022000743,2021-04-02,CHI,Zach LaVine,1869,1,,23,5,3,0,0,2,1,10,22,2,8,1,2,-12,https://www.nba.com/game/0022000743/box-score
CHI_2020_21_G047,0022000743,2021-04-02,UTA,Bojan Bogdanovic,1973,1,,18,8,1,1,0,0,1,8,15,1,4,1,1,5,https://www.nba.com/game/0022000743/box-score
CHI_2020_21_G047,0022000743,2021-04-02,UTA,Derrick Favors,943,0,,4,5,0,1,2,0,2,1,2,0,0,2,2,-2,https://www.nba.com/game/0022000743/box-score
CHI_2020_21_G047,0022000743,2021-04-02,UTA,Donovan Mitchell,2161,1,,26,3,5,0,0,2,1,7,21,2,9,10,10,13,https://www.nba.com/game/0022000743/box-score
CHI_2020_21_G047,0022000743,2021-04-02,UTA,Elijah Hughes,0,0,DNP - Coach's Decision,0,0,0,0,0,0,0,0,0,0,0,0,0,0,https://www.nba.com/game/0022000743/box-score
CHI_2020_21_G047,0022000743,2021-04-02,UTA,Ersan Ilyasova,0,0,DNP - Coach's Decision,0,0,0,0,0,0,0,0,0,0,0,0,0,0,https://www.nba.com/game/0022000743/box-score
CHI_2020_21_G047,0022000743,2021-04-02,UTA,Georges Niang,745,0,,3,3,1,0,0,1,3,1,3,1,3,0,0,-2,https://www.nba.com/game/0022000743/box-score
CHI_2020_21_G047,0022000743,2021-04-02,UTA,Jarrell Brantley,0,0,DNP - Coach's Decision,0,0,0,0,0,0,0,0,0,0,0,0,0,0,https://www.nba.com/game/0022000743/box-score
CHI_2020_21_G047,0022000743,2021-04-02,UTA,Joe Ingles,1326,0,,9,1,1,2,0,2,3,3,3,3,3,0,0,-6,https://www.nba.com/game/0022000743/box-score
CHI_2020_21_G047,0022000743,2021-04-02,UTA,Jordan Clarkson,1478,0,,19,2,1,1,0,2,4,6,13,3,7,4,4,-4,https://www.nba.com/game/0022000743/box-score
CHI_2020_21_G047,0022000743,2021-04-02,UTA,Matt Thomas,0,0,DNP - Coach's Decision,0,0,0,0,0,0,0,0,0,0,0,0,0,0,https://www.nba.com/game/0022000743/box-score
CHI_2020_21_G047,0022000743,2021-04-02,UTA,Mike Conley,1904,1,,13,2,5,1,1,1,1,5,13,3,8,0,0,3,https://www.nba.com/game/0022000743/box-score
CHI_2020_21_G047,0022000743,2021-04-02,UTA,Miye Oni,84,0,,0,0,0,0,0,0,0,0,0,0,0,0,0,5,https://www.nba.com/game/0022000743/box-score
CHI_2020_21_G047,0022000743,2021-04-02,UTA,Royce O'Neale,1849,1,,2,6,1,0,0,0,1,0,2,0,2,2,2,14,https://www.nba.com/game/0022000743/box-score
CHI_2020_21_G047,0022000743,2021-04-02,UTA,Rudy Gobert,1937,1,,19,13,1,0,2,2,2,6,7,0,0,7,8,9,https://www.nba.com/game/0022000743/box-score
CHI_2020_21_G047,0022000743,2021-04-02,UTA,Trent Forrest,0,0,DNP - Coach's Decision,0,0,0,0,0,0,0,0,0,0,0,0,0,0,https://www.nba.com/game/0022000743/box-score
CHI_2020_21_G048,0022000755,2021-04-04,BKN,Alize Johnson,48,0,,0,0,0,0,0,0,0,0,0,0,0,0,0,2,https://www.nba.com/game/0022000755/box-score
CHI_2020_21_G048,0022000755,2021-04-04,BKN,Blake Griffin,1331,1,,10,8,2,0,0,2,1,4,9,1,4,1,1,-10,https://www.nba.com/game/0022000755/box-score
CHI_2020_21_G048,0022000755,2021-04-04,BKN,Bruce Brown,1806,1,,10,6,1,1,0,0,1,5,7,0,0,0,0,9,https://www.nba.com/game/0022000755/box-score
CHI_2020_21_G048,0022000755,2021-04-04,BKN,Chris Chiozza,202,0,,2,1,1,0,0,0,3,1,1,0,0,0,0,5,https://www.nba.com/game/0022000755/box-score
CHI_2020_21_G048,0022000755,2021-04-04,BKN,DeAndre Jordan,0,0,DNP - Coach's Decision,0,0,0,0,0,0,0,0,0,0,0,0,0,0,https://www.nba.com/game/0022000755/box-score
CHI_2020_21_G048,0022000755,2021-04-04,BKN,Jeff Green,1501,0,,21,1,2,0,0,0,1,7,12,4,6,3,4,0,https://www.nba.com/game/0022000755/box-score
CHI_2020_21_G048,0022000755,2021-04-04,BKN,Joe Harris,2074,1,,11,6,2,0,0,0,1,5,11,1,4,0,0,-1,https://www.nba.com/game/0022000755/box-score
CHI_2020_21_G048,0022000755,2021-04-04,BKN,Kyrie Irving,2326,1,,24,2,15,2,0,1,3,12,27,0,4,0,0,-10,https://www.nba.com/game/0022000755/box-score
CHI_2020_21_G048,0022000755,2021-04-04,BKN,LaMarcus Aldridge,1589,1,,11,3,1,0,3,1,2,5,10,1,1,0,0,-12,https://www.nba.com/game/0022000755/box-score
CHI_2020_21_G048,0022000755,2021-04-04,BKN,Landry Shamet,1312,0,,13,2,1,0,0,0,1,4,10,3,6,2,2,-19,https://www.nba.com/game/0022000755/box-score
CHI_2020_21_G048,0022000755,2021-04-04,BKN,Nic Claxton,498,0,,0,3,0,0,0,1,2,0,1,0,0,0,0,2,https://www.nba.com/game/0022000755/box-score
CHI_2020_21_G048,0022000755,2021-04-04,BKN,Reggie Perry,48,0,,0,0,1,0,0,0,0,0,0,0,0,0,0,2,https://www.nba.com/game/0022000755/box-score
CHI_2020_21_G048,0022000755,2021-04-04,BKN,Timothe Luwawu-Cabarrot,820,0,,3,2,1,0,0,0,2,1,3,1,3,0,0,3,https://www.nba.com/game/0022000755/box-score
CHI_2020_21_G048,0022000755,2021-04-04,BKN,Tyler Johnson,845,0,,2,1,1,0,0,0,0,1,2,0,0,0,0,-11,https://www.nba.com/game/0022000755/box-score
CHI_2020_21_G048,0022000755,2021-04-04,CHI,Adam Mokoka,0,0,DNP - Coach's Decision,0,0,0,0,0,0,0,0,0,0,0,0,0,0,https://www.nba.com/game/0022000755/box-score
CHI_2020_21_G048,0022000755,2021-04-04,CHI,Al-Farouq Aminu,0,0,DNP - Coach's Decision,0,0,0,0,0,0,0,0,0,0,0,0,0,0,https://www.nba.com/game/0022000755/box-score
CHI_2020_21_G048,0022000755,2021-04-04,CHI,Cristiano Felicio,0,0,DNP - Coach's Decision,0,0,0,0,0,0,0,0,0,0,0,0,0,0,https://www.nba.com/game/0022000755/box-score
CHI_2020_21_G048,0022000755,2021-04-04,CHI,Daniel Theis,1433,0,,10,3,2,0,0,1,2,4,6,2,3,0,2,-4,https://www.nba.com/game/0022000755/box-score
CHI_2020_21_G048,0022000755,2021-04-04,CHI,Denzel Valentine,640,0,,2,0,1,0,0,1,1,1,3,0,1,0,0,3,https://www.nba.com/game/0022000755/box-score
CHI_2020_21_G048,0022000755,2021-04-04,CHI,Devon Dotson,0,0,DNP - Coach's Decision,0,0,0,0,0,0,0,0,0,0,0,0,0,0,https://www.nba.com/game/0022000755/box-score
CHI_2020_21_G048,0022000755,2021-04-04,CHI,Javonte Green,0,0,DNP - Coach's Decision,0,0,0,0,0,0,0,0,0,0,0,0,0,0,https://www.nba.com/game/0022000755/box-score
CHI_2020_21_G048,0022000755,2021-04-04,CHI,Lauri Markkanen,1380,0,,8,5,0,0,0,1,0,3,6,0,1,2,2,8,https://www.nba.com/game/0022000755/box-score
CHI_2020_21_G048,0022000755,2021-04-04,CHI,Nikola Vucevic,1942,1,,22,13,2,2,2,1,2,10,17,1,4,1,2,12,https://www.nba.com/game/0022000755/box-score
CHI_2020_21_G048,0022000755,2021-04-04,CHI,Patrick Williams,1839,1,,11,3,1,0,0,0,0,4,5,1,2,2,4,0,https://www.nba.com/game/0022000755/box-score
CHI_2020_21_G048,0022000755,2021-04-04,CHI,Ryan Arcidiacono,198,0,,0,0,1,0,0,0,0,0,0,0,0,0,0,2,https://www.nba.com/game/0022000755/box-score
CHI_2020_21_G048,0022000755,2021-04-04,CHI,Thaddeus Young,1311,1,,12,5,5,0,1,1,2,3,8,0,0,6,6,12,https://www.nba.com/game/0022000755/box-score
CHI_2020_21_G048,0022000755,2021-04-04,CHI,Tomas Satoransky,1848,1,,19,1,11,2,0,2,1,8,10,2,3,1,1,8,https://www.nba.com/game/0022000755/box-score
CHI_2020_21_G048,0022000755,2021-04-04,CHI,Troy Brown Jr.,1692,0,,6,7,1,0,0,0,2,2,6,1,3,1,1,-2,https://www.nba.com/game/0022000755/box-score
CHI_2020_21_G048,0022000755,2021-04-04,CHI,Zach LaVine,2117,1,,25,3,5,0,0,2,1,8,17,1,5,8,12,1,https://www.nba.com/game/0022000755/box-score
CHI_2020_21_G049,0022000769,2021-04-06,CHI,Al-Farouq Aminu,0,0,DNP - Coach's Decision,0,0,0,0,0,0,0,0,0,0,0,0,0,0,https://www.nba.com/game/0022000769/box-score
CHI_2020_21_G049,0022000769,2021-04-06,CHI,Coby White,1884,0,,13,4,6,0,0,1,3,5,9,1,4,2,2,14,https://www.nba.com/game/0022000769/box-score
CHI_2020_21_G049,0022000769,2021-04-06,CHI,Cristiano Felicio,81,0,,0,0,0,0,0,0,0,0,0,0,0,0,0,0,https://www.nba.com/game/0022000769/box-score
CHI_2020_21_G049,0022000769,2021-04-06,CHI,Denzel Valentine,228,0,,0,3,0,0,0,2,0,0,0,0,0,0,0,-1,https://www.nba.com/game/0022000769/box-score
CHI_2020_21_G049,0022000769,2021-04-06,CHI,Javonte Green,81,0,,0,0,0,0,0,0,0,0,1,0,0,0,0,0,https://www.nba.com/game/0022000769/box-score
CHI_2020_21_G049,0022000769,2021-04-06,CHI,Lauri Markkanen,1292,0,,15,6,0,1,1,1,0,5,7,3,4,2,2,12,https://www.nba.com/game/0022000769/box-score
CHI_2020_21_G049,0022000769,2021-04-06,CHI,Nikola Vucevic,2112,1,,32,16,5,0,1,4,4,14,29,4,7,0,0,6,https://www.nba.com/game/0022000769/box-score
CHI_2020_21_G049,0022000769,2021-04-06,CHI,Patrick Williams,1841,1,,10,3,2,4,0,2,0,4,8,1,1,1,1,-4,https://www.nba.com/game/0022000769/box-score
CHI_2020_21_G049,0022000769,2021-04-06,CHI,Ryan Arcidiacono,81,0,,0,1,0,0,0,0,0,0,1,0,1,0,0,0,https://www.nba.com/game/0022000769/box-score
CHI_2020_21_G049,0022000769,2021-04-06,CHI,Thaddeus Young,1674,1,,14,7,5,1,1,3,2,6,10,0,0,2,4,11,https://www.nba.com/game/0022000769/box-score
CHI_2020_21_G049,0022000769,2021-04-06,CHI,Tomas Satoransky,2065,1,,7,6,3,2,0,3,1,3,7,1,2,0,0,11,https://www.nba.com/game/0022000769/box-score
CHI_2020_21_G049,0022000769,2021-04-06,CHI,Troy Brown Jr.,904,0,,3,3,1,1,1,1,2,1,4,0,2,1,1,15,https://www.nba.com/game/0022000769/box-score
CHI_2020_21_G049,0022000769,2021-04-06,CHI,Zach LaVine,2157,1,,19,8,6,0,1,3,0,6,18,4,12,3,4,16,https://www.nba.com/game/0022000769/box-score
CHI_2020_21_G049,0022000769,2021-04-06,IND,Aaron Holiday,1281,0,,4,1,1,2,0,3,1,1,4,0,0,2,3,-15,https://www.nba.com/game/0022000769/box-score
CHI_2020_21_G049,0022000769,2021-04-06,IND,Brian Bowen II,164,0,,0,1,0,0,0,0,0,0,1,0,0,0,0,2,https://www.nba.com/game/0022000769/box-score
CHI_2020_21_G049,0022000769,2021-04-06,IND,Caris LeVert,1951,1,,20,6,5,0,1,0,3,9,18,2,4,0,0,-11,https://www.nba.com/game/0022000769/box-score
CHI_2020_21_G049,0022000769,2021-04-06,IND,Cassius Stanley,164,0,,0,1,0,0,0,0,0,0,2,0,1,0,0,2,https://www.nba.com/game/0022000769/box-score
CHI_2020_21_G049,0022000769,2021-04-06,IND,Doug McDermott,1425,1,,11,2,1,1,0,0,1,4,12,3,7,0,0,-4,https://www.nba.com/game/0022000769/box-score
CHI_2020_21_G049,0022000769,2021-04-06,IND,Edmond Sumner,1098,1,,15,1,1,2,0,3,2,6,8,0,2,3,5,-5,https://www.nba.com/game/0022000769/box-score
CHI_2020_21_G049,0022000769,2021-04-06,IND,Goga Bitadze,1119,0,,4,3,6,1,3,1,2,2,6,0,3,0,0,-12,https://www.nba.com/game/0022000769/box-score
CHI_2020_21_G049,0022000769,2021-04-06,IND,JaKarr Sampson,748,0,,6,1,0,0,2,0,4,3,6,0,0,0,1,-4,https://www.nba.com/game/0022000769/box-score
CHI_2020_21_G049,0022000769,2021-04-06,IND,Jeremy Lamb,1393,0,,15,6,1,6,1,1,2,4,12,2,6,5,5,-12,https://www.nba.com/game/0022000769/box-score
CHI_2020_21_G049,0022000769,2021-04-06,IND,Justin Holiday,1435,1,,2,1,0,0,1,0,0,1,4,0,2,0,0,-3,https://www.nba.com/game/0022000769/box-score
CHI_2020_21_G049,0022000769,2021-04-06,IND,Kelan Martin,781,0,,2,1,0,0,1,1,1,1,4,0,2,0,0,0,https://www.nba.com/game/0022000769/box-score
CHI_2020_21_G049,0022000769,2021-04-06,IND,Myles Turner,1206,1,,10,4,0,0,3,0,1,3,5,2,3,2,2,-6,https://www.nba.com/game/0022000769/box-score
CHI_2020_21_G049,0022000769,2021-04-06,IND,Oshae Brissett,164,0,,2,1,0,1,0,0,0,1,1,0,0,0,0,2,https://www.nba.com/game/0022000769/box-score
CHI_2020_21_G049,0022000769,2021-04-06,IND,T.J. McConnell,1471,0,,6,4,5,2,0,5,0,3,5,0,0,0,0,-14,https://www.nba.com/game/0022000769/box-score
CHI_2020_21_G050,0022000523,2021-04-08,CHI,Al-Farouq Aminu,0,0,DNP - Coach's Decision,0,0,0,0,0,0,0,0,0,0,0,0,0,0,https://www.nba.com/game/0022000523/box-score
CHI_2020_21_G050,0022000523,2021-04-08,CHI,Coby White,1605,0,,15,3,1,0,0,4,4,5,10,3,7,2,2,-2,https://www.nba.com/game/0022000523/box-score
CHI_2020_21_G050,0022000523,2021-04-08,CHI,Cristiano Felicio,0,0,DNP - Coach's Decision,0,0,0,0,0,0,0,0,0,0,0,0,0,0,https://www.nba.com/game/0022000523/box-score
CHI_2020_21_G050,0022000523,2021-04-08,CHI,Daniel Theis,1614,0,,14,10,3,0,0,3,2,6,9,0,1,2,3,16,https://www.nba.com/game/0022000523/box-score
CHI_2020_21_G050,0022000523,2021-04-08,CHI,Denzel Valentine,0,0,DNP - Coach's Decision,0,0,0,0,0,0,0,0,0,0,0,0,0,0,https://www.nba.com/game/0022000523/box-score
CHI_2020_21_G050,0022000523,2021-04-08,CHI,Javonte Green,0,0,DNP - Coach's Decision,0,0,0,0,0,0,0,0,0,0,0,0,0,0,https://www.nba.com/game/0022000523/box-score
CHI_2020_21_G050,0022000523,2021-04-08,CHI,Lauri Markkanen,1100,0,,18,3,0,0,0,0,1,8,10,2,4,0,0,23,https://www.nba.com/game/0022000523/box-score
CHI_2020_21_G050,0022000523,2021-04-08,CHI,Nikola Vucevic,1906,1,,22,7,4,1,0,2,2,9,19,3,6,1,1,-5,https://www.nba.com/game/0022000523/box-score
CHI_2020_21_G050,0022000523,2021-04-08,CHI,Patrick Williams,1894,1,,11,7,1,1,1,1,0,3,7,1,2,4,4,-13,https://www.nba.com/game/0022000523/box-score
CHI_2020_21_G050,0022000523,2021-04-08,CHI,Ryan Arcidiacono,0,0,DNP - Coach's Decision,0,0,0,0,0,0,0,0,0,0,0,0,0,0,https://www.nba.com/game/0022000523/box-score
CHI_2020_21_G050,0022000523,2021-04-08,CHI,Thaddeus Young,1425,1,,11,9,6,0,0,0,4,4,11,0,0,3,3,-9,https://www.nba.com/game/0022000523/box-score
CHI_2020_21_G050,0022000523,2021-04-08,CHI,Tomas Satoransky,1772,1,,9,2,7,0,0,1,0,4,5,1,2,0,0,3,https://www.nba.com/game/0022000523/box-score
CHI_2020_21_G050,0022000523,2021-04-08,CHI,Troy Brown Jr.,833,0,,0,2,0,0,1,0,1,0,0,0,0,0,0,12,https://www.nba.com/game/0022000523/box-score
CHI_2020_21_G050,0022000523,2021-04-08,CHI,Zach LaVine,2251,1,,22,6,13,3,1,5,2,8,16,2,8,4,5,20,https://www.nba.com/game/0022000523/box-score
CHI_2020_21_G050,0022000523,2021-04-08,TOR,Aron Baynes,1056,0,,6,4,0,1,0,0,4,3,6,0,2,0,0,-22,https://www.nba.com/game/0022000523/box-score
CHI_2020_21_G050,0022000523,2021-04-08,TOR,Chris Boucher,2167,1,,38,19,1,1,1,1,2,14,24,3,7,7,8,16,https://www.nba.com/game/0022000523/box-score
CHI_2020_21_G050,0022000523,2021-04-08,TOR,Gary Trent Jr.,2339,1,,6,1,1,0,0,3,2,2,14,1,7,1,1,-22,https://www.nba.com/game/0022000523/box-score
CHI_2020_21_G050,0022000523,2021-04-08,TOR,Jalen Harris,0,0,DND - Injury/Illness,0,0,0,0,0,0,0,0,0,0,0,0,0,0,https://www.nba.com/game/0022000523/box-score
CHI_2020_21_G050,0022000523,2021-04-08,TOR,Malachi Flynn,2119,1,,9,3,8,2,0,2,2,3,11,3,7,0,0,6,https://www.nba.com/game/0022000523/box-score
CHI_2020_21_G050,0022000523,2021-04-08,TOR,O.G. Anunoby,2452,1,,13,4,6,3,0,2,4,5,17,2,8,1,2,-12,https://www.nba.com/game/0022000523/box-score
CHI_2020_21_G050,0022000523,2021-04-08,TOR,Pascal Siakam,2298,1,,27,8,1,0,2,2,3,10,17,1,2,6,7,8,https://www.nba.com/game/0022000523/box-score
CHI_2020_21_G050,0022000523,2021-04-08,TOR,Patrick McCaw,0,0,NWT - Not With Team,0,0,0,0,0,0,0,0,0,0,0,0,0,0,https://www.nba.com/game/0022000523/box-score
CHI_2020_21_G050,0022000523,2021-04-08,TOR,Paul Watson,0,0,DND_HEALTH_AND_SAFETY_PROTOCOLS,0,0,0,0,0,0,0,0,0,0,0,0,0,0,https://www.nba.com/game/0022000523/box-score
CHI_2020_21_G050,0022000523,2021-04-08,TOR,Rodney Hood,0,0,DND - Injury/Illness,0,0,0,0,0,0,0,0,0,0,0,0,0,0,https://www.nba.com/game/0022000523/box-score
CHI_2020_21_G050,0022000523,2021-04-08,TOR,Stanley Johnson,955,0,,7,0,1,2,1,0,2,2,5,0,0,3,4,-14,https://www.nba.com/game/0022000523/box-score
CHI_2020_21_G050,0022000523,2021-04-08,TOR,Yuta Watanabe,1014,0,,7,2,1,1,0,0,1,3,3,1,1,0,0,-5,https://www.nba.com/game/0022000523/box-score
CHI_2020_21_G051,0022000791,2021-04-09,ATL,Bogdan Bogdanovic,2053,1,,10,4,2,0,1,2,2,5,10,0,4,0,0,17,https://www.nba.com/game/0022000791/box-score
CHI_2020_21_G051,0022000791,2021-04-09,ATL,Brandon Goodwin,0,0,DNP - Coach's Decision,0,0,0,0,0,0,0,0,0,0,0,0,0,0,https://www.nba.com/game/0022000791/box-score
CHI_2020_21_G051,0022000791,2021-04-09,ATL,Bruno Fernando,0,0,DNP - Coach's Decision,0,0,0,0,0,0,0,0,0,0,0,0,0,0,https://www.nba.com/game/0022000791/box-score
CHI_2020_21_G051,0022000791,2021-04-09,ATL,Clint Capela,2225,1,,22,10,1,0,2,1,1,10,12,0,0,2,3,12,https://www.nba.com/game/0022000791/box-score
CHI_2020_21_G051,0022000791,2021-04-09,ATL,Danilo Gallinari,1818,0,,20,6,1,2,0,1,2,6,16,4,8,4,4,13,https://www.nba.com/game/0022000791/box-score
CHI_2020_21_G051,0022000791,2021-04-09,ATL,Kevin Huerter,2082,1,,11,2,5,2,1,0,2,5,8,1,4,0,0,14,https://www.nba.com/game/0022000791/box-score
CHI_2020_21_G051,0022000791,2021-04-09,ATL,Lou Williams,1048,0,,9,0,5,0,0,1,0,3,7,1,3,2,2,-8,https://www.nba.com/game/0022000791/box-score
CHI_2020_21_G051,0022000791,2021-04-09,ATL,Nathan Knight,0,0,DNP - Coach's Decision,0,0,0,0,0,0,0,0,0,0,0,0,0,0,https://www.nba.com/game/0022000791/box-score
CHI_2020_21_G051,0022000791,2021-04-09,ATL,Onyeka Okongwu,655,0,,6,5,0,0,0,0,4,3,3,0,0,0,0,0,https://www.nba.com/game/0022000791/box-score
CHI_2020_21_G051,0022000791,2021-04-09,ATL,Skylar Mays,0,0,DNP - Coach's Decision,0,0,0,0,0,0,0,0,0,0,0,0,0,0,https://www.nba.com/game/0022000791/box-score
CHI_2020_21_G051,0022000791,2021-04-09,ATL,Solomon Hill,1323,1,,0,3,1,1,0,0,1,0,2,0,1,0,0,-11,https://www.nba.com/game/0022000791/box-score
CHI_2020_21_G051,0022000791,2021-04-09,ATL,Tony Snell,920,0,,0,3,1,2,0,0,1,0,1,0,1,0,0,3,https://www.nba.com/game/0022000791/box-score
CHI_2020_21_G051,0022000791,2021-04-09,ATL,Trae Young,2276,1,,42,8,9,0,0,4,1,15,25,1,6,11,14,20,https://www.nba.com/game/0022000791/box-score
CHI_2020_21_G051,0022000791,2021-04-09,CHI,Al-Farouq Aminu,0,0,DNP - Coach's Decision,0,0,0,0,0,0,0,0,0,0,0,0,0,0,https://www.nba.com/game/0022000791/box-score
CHI_2020_21_G051,0022000791,2021-04-09,CHI,Coby White,1712,0,,11,1,4,1,0,0,5,4,11,1,5,2,2,-15,https://www.nba.com/game/0022000791/box-score
CHI_2020_21_G051,0022000791,2021-04-09,CHI,Cristiano Felicio,0,0,DNP - Coach's Decision,0,0,0,0,0,0,0,0,0,0,0,0,0,0,https://www.nba.com/game/0022000791/box-score
CHI_2020_21_G051,0022000791,2021-04-09,CHI,Daniel Theis,699,0,,4,3,0,0,0,0,2,1,2,0,0,2,2,2,https://www.nba.com/game/0022000791/box-score
CHI_2020_21_G051,0022000791,2021-04-09,CHI,Denzel Valentine,0,0,DNP - Coach's Decision,0,0,0,0,0,0,0,0,0,0,0,0,0,0,https://www.nba.com/game/0022000791/box-score
CHI_2020_21_G051,0022000791,2021-04-09,CHI,Javonte Green,0,0,DNP - Coach's Decision,0,0,0,0,0,0,0,0,0,0,0,0,0,0,https://www.nba.com/game/0022000791/box-score
CHI_2020_21_G051,0022000791,2021-04-09,CHI,Lauri Markkanen,1617,0,,5,5,1,0,0,2,1,1,4,1,3,2,2,-12,https://www.nba.com/game/0022000791/box-score
CHI_2020_21_G051,0022000791,2021-04-09,CHI,Nikola Vucevic,2181,1,,25,10,2,1,0,3,0,11,19,3,5,0,0,-14,https://www.nba.com/game/0022000791/box-score
CHI_2020_21_G051,0022000791,2021-04-09,CHI,Patrick Williams,1548,1,,4,2,0,2,0,0,4,2,4,0,1,0,0,-10,https://www.nba.com/game/0022000791/box-score
CHI_2020_21_G051,0022000791,2021-04-09,CHI,Ryan Arcidiacono,0,0,DNP - Coach's Decision,0,0,0,0,0,0,0,0,0,0,0,0,0,0,https://www.nba.com/game/0022000791/box-score
CHI_2020_21_G051,0022000791,2021-04-09,CHI,Thaddeus Young,1424,1,,4,5,3,0,1,3,1,2,4,0,0,0,0,-7,https://www.nba.com/game/0022000791/box-score
CHI_2020_21_G051,0022000791,2021-04-09,CHI,Tomas Satoransky,1991,1,,0,1,10,2,0,2,2,0,6,0,3,0,0,0,https://www.nba.com/game/0022000791/box-score
CHI_2020_21_G051,0022000791,2021-04-09,CHI,Troy Brown Jr.,904,0,,5,3,0,0,0,0,1,2,5,1,4,0,0,-1,https://www.nba.com/game/0022000791/box-score
CHI_2020_21_G051,0022000791,2021-04-09,CHI,Zach LaVine,2324,1,,50,8,5,0,0,3,1,18,31,7,12,7,8,-3,https://www.nba.com/game/0022000791/box-score
CHI_2020_21_G052,0022000812,2021-04-11,CHI,Al-Farouq Aminu,0,0,DNP - Coach's Decision,0,0,0,0,0,0,0,0,0,0,0,0,0,0,https://www.nba.com/game/0022000812/box-score
CHI_2020_21_G052,0022000812,2021-04-11,CHI,Coby White,1382,0,,11,0,2,3,0,3,4,4,8,1,4,2,2,7,https://www.nba.com/game/0022000812/box-score
CHI_2020_21_G052,0022000812,2021-04-11,CHI,Cristiano Felicio,0,0,DNP - Coach's Decision,0,0,0,0,0,0,0,0,0,0,0,0,0,0,https://www.nba.com/game/0022000812/box-score
CHI_2020_21_G052,0022000812,2021-04-11,CHI,Daniel Theis,1712,0,,13,7,3,3,0,1,1,5,10,2,6,1,2,3,https://www.nba.com/game/0022000812/box-score
CHI_2020_21_G052,0022000812,2021-04-11,CHI,Denzel Valentine,740,0,,3,1,2,0,0,0,0,1,5,1,4,0,0,-1,https://www.nba.com/game/0022000812/box-score
CHI_2020_21_G052,0022000812,2021-04-11,CHI,Javonte Green,0,0,DNP - Coach's Decision,0,0,0,0,0,0,0,0,0,0,0,0,0,0,https://www.nba.com/game/0022000812/box-score
CHI_2020_21_G052,0022000812,2021-04-11,CHI,Lauri Markkanen,1127,0,,8,2,1,0,0,0,0,3,4,2,3,0,1,6,https://www.nba.com/game/0022000812/box-score
CHI_2020_21_G052,0022000812,2021-04-11,CHI,Nikola Vucevic,1649,1,,18,5,5,0,3,2,3,7,13,2,3,2,2,-14,https://www.nba.com/game/0022000812/box-score
CHI_2020_21_G052,0022000812,2021-04-11,CHI,Patrick Williams,1580,1,,0,1,0,2,1,2,2,0,3,0,1,0,0,-13,https://www.nba.com/game/0022000812/box-score
CHI_2020_21_G052,0022000812,2021-04-11,CHI,Ryan Arcidiacono,0,0,DNP - Coach's Decision,0,0,0,0,0,0,0,0,0,0,0,0,0,0,https://www.nba.com/game/0022000812/box-score
CHI_2020_21_G052,0022000812,2021-04-11,CHI,Thaddeus Young,1224,1,,9,8,3,1,2,3,1,4,7,0,0,1,2,-1,https://www.nba.com/game/0022000812/box-score
CHI_2020_21_G052,0022000812,2021-04-11,CHI,Tomas Satoransky,1553,1,,10,0,6,0,1,1,2,4,7,0,2,2,3,-11,https://www.nba.com/game/0022000812/box-score
CHI_2020_21_G052,0022000812,2021-04-11,CHI,Troy Brown Jr.,1293,0,,15,7,2,1,0,0,4,6,7,3,3,0,0,7,https://www.nba.com/game/0022000812/box-score
CHI_2020_21_G052,0022000812,2021-04-11,CHI,Zach LaVine,2140,1,,30,7,6,0,1,1,2,13,28,4,12,0,1,-3,https://www.nba.com/game/0022000812/box-score
CHI_2020_21_G052,0022000812,2021-04-11,MIN,Anthony Edwards,2149,1,,15,5,2,3,0,2,0,5,14,2,5,3,3,4,https://www.nba.com/game/0022000812/box-score
CHI_2020_21_G052,0022000812,2021-04-11,MIN,D'Angelo Russell,1536,0,,27,2,4,0,0,2,2,9,13,3,6,6,6,2,https://www.nba.com/game/0022000812/box-score
CHI_2020_21_G052,0022000812,2021-04-11,MIN,Ed Davis,0,0,DNP - Coach's Decision,0,0,0,0,0,0,0,0,0,0,0,0,0,0,https://www.nba.com/game/0022000812/box-score
CHI_2020_21_G052,0022000812,2021-04-11,MIN,Jaden McDaniels,1775,1,,4,6,1,1,3,0,2,1,7,0,4,2,2,-3,https://www.nba.com/game/0022000812/box-score
CHI_2020_21_G052,0022000812,2021-04-11,MIN,Jake Layman,0,0,DNP - Coach's Decision,0,0,0,0,0,0,0,0,0,0,0,0,0,0,https://www.nba.com/game/0022000812/box-score
CHI_2020_21_G052,0022000812,2021-04-11,MIN,Jarred Vanderbilt,0,0,DNP - Coach's Decision,0,0,0,0,0,0,0,0,0,0,0,0,0,0,https://www.nba.com/game/0022000812/box-score
CHI_2020_21_G052,0022000812,2021-04-11,MIN,Jarrett Culver,416,0,,5,0,0,1,0,1,0,2,2,1,1,0,0,-1,https://www.nba.com/game/0022000812/box-score
CHI_2020_21_G052,0022000812,2021-04-11,MIN,Jaylen Nowell,0,0,DNP - Coach's Decision,0,0,0,0,0,0,0,0,0,0,0,0,0,0,https://www.nba.com/game/0022000812/box-score
CHI_2020_21_G052,0022000812,2021-04-11,MIN,Jordan McLaughlin,489,0,,2,2,0,0,0,1,0,1,1,0,0,0,0,-4,https://www.nba.com/game/0022000812/box-score
CHI_2020_21_G052,0022000812,2021-04-11,MIN,Josh Okogie,2139,1,,6,3,0,1,1,3,2,2,6,0,2,2,2,1,https://www.nba.com/game/0022000812/box-score
CHI_2020_21_G052,0022000812,2021-04-11,MIN,Juancho Hernangomez,464,0,,0,1,1,0,0,0,1,0,1,0,1,0,0,3,https://www.nba.com/game/0022000812/box-score
CHI_2020_21_G052,0022000812,2021-04-11,MIN,Karl-Anthony Towns,2208,1,,27,12,8,0,2,4,4,8,15,3,7,8,8,9,https://www.nba.com/game/0022000812/box-score
CHI_2020_21_G052,0022000812,2021-04-11,MIN,Naz Reid,1699,0,,18,1,2,0,0,1,1,6,9,2,4,4,4,-4,https://www.nba.com/game/0022000812/box-score
CHI_2020_21_G052,0022000812,2021-04-11,MIN,Ricky Rubio,1526,1,,17,4,9,1,0,0,2,6,13,5,6,0,0,13,https://www.nba.com/game/0022000812/box-score
CHI_2020_21_G053,0022000278,2021-04-12,CHI,Al-Farouq Aminu,0,0,DNP - Coach's Decision,0,0,0,0,0,0,0,0,0,0,0,0,0,0,https://www.nba.com/game/0022000278/box-score
CHI_2020_21_G053,0022000278,2021-04-12,CHI,Coby White,1462,0,,6,2,2,0,0,2,3,2,8,0,4,2,2,-2,https://www.nba.com/game/0022000278/box-score
CHI_2020_21_G053,0022000278,2021-04-12,CHI,Cristiano Felicio,0,0,DNP - Coach's Decision,0,0,0,0,0,0,0,0,0,0,0,0,0,0,https://www.nba.com/game/0022000278/box-score
CHI_2020_21_G053,0022000278,2021-04-12,CHI,Daniel Theis,1625,0,,18,4,2,0,0,1,1,8,12,0,3,2,3,-13,https://www.nba.com/game/0022000278/box-score
CHI_2020_21_G053,0022000278,2021-04-12,CHI,Denzel Valentine,501,0,,2,0,1,0,0,0,1,1,1,0,0,0,0,-1,https://www.nba.com/game/0022000278/box-score
CHI_2020_21_G053,0022000278,2021-04-12,CHI,Javonte Green,0,0,DNP - Coach's Decision,0,0,0,0,0,0,0,0,0,0,0,0,0,0,https://www.nba.com/game/0022000278/box-score
CHI_2020_21_G053,0022000278,2021-04-12,CHI,Lauri Markkanen,964,0,,0,7,2,0,0,3,2,0,3,0,1,0,0,8,https://www.nba.com/game/0022000278/box-score
CHI_2020_21_G053,0022000278,2021-04-12,CHI,Nikola Vucevic,1988,1,,17,10,1,5,1,0,2,7,19,3,7,0,1,-19,https://www.nba.com/game/0022000278/box-score
CHI_2020_21_G053,0022000278,2021-04-12,CHI,Patrick Williams,1638,1,,2,3,1,2,0,2,0,1,3,0,1,0,0,-12,https://www.nba.com/game/0022000278/box-score
CHI_2020_21_G053,0022000278,2021-04-12,CHI,Ryan Arcidiacono,0,0,DNP - Coach's Decision,0,0,0,0,0,0,0,0,0,0,0,0,0,0,https://www.nba.com/game/0022000278/box-score
CHI_2020_21_G053,0022000278,2021-04-12,CHI,Thaddeus Young,1183,1,,20,1,1,0,0,1,0,10,15,0,2,0,0,2,https://www.nba.com/game/0022000278/box-score
CHI_2020_21_G053,0022000278,2021-04-12,CHI,Tomas Satoransky,1323,1,,2,1,2,1,0,3,4,1,5,0,1,0,0,-19,https://www.nba.com/game/0022000278/box-score
CHI_2020_21_G053,0022000278,2021-04-12,CHI,Troy Brown Jr.,1535,0,,2,8,2,0,0,1,1,1,6,0,4,0,0,8,https://www.nba.com/game/0022000278/box-score
CHI_2020_21_G053,0022000278,2021-04-12,CHI,Zach LaVine,2181,1,,21,4,9,0,2,4,2,5,14,2,8,9,11,-7,https://www.nba.com/game/0022000278/box-score
CHI_2020_21_G053,0022000278,2021-04-12,MEM,Brandon Clarke,1289,0,,9,9,1,1,1,1,2,4,6,0,1,1,2,8,https://www.nba.com/game/0022000278/box-score
CHI_2020_21_G053,0022000278,2021-04-12,MEM,Desmond Bane,974,0,,9,2,1,1,1,1,2,3,4,2,3,1,1,10,https://www.nba.com/game/0022000278/box-score
CHI_2020_21_G053,0022000278,2021-04-12,MEM,Dillon Brooks,2194,1,,17,7,2,1,0,0,4,6,19,1,4,4,4,23,https://www.nba.com/game/0022000278/box-score
CHI_2020_21_G053,0022000278,2021-04-12,MEM,Grayson Allen,1929,1,,14,6,2,0,0,4,1,5,10,4,9,0,0,0,https://www.nba.com/game/0022000278/box-score
CHI_2020_21_G053,0022000278,2021-04-12,MEM,Ja Morant,2181,1,,13,3,10,0,0,5,0,5,14,0,1,3,4,23,https://www.nba.com/game/0022000278/box-score
CHI_2020_21_G053,0022000278,2021-04-12,MEM,John Konchar,581,0,,3,3,0,0,1,1,1,1,2,1,2,0,0,-13,https://www.nba.com/game/0022000278/box-score
CHI_2020_21_G053,0022000278,2021-04-12,MEM,Jonas Valanciunas,2054,1,,26,14,2,0,3,2,3,12,15,0,1,2,2,21,https://www.nba.com/game/0022000278/box-score
CHI_2020_21_G053,0022000278,2021-04-12,MEM,Killian Tillie,0,0,DNP - Coach's Decision,0,0,0,0,0,0,0,0,0,0,0,0,0,0,https://www.nba.com/game/0022000278/box-score
CHI_2020_21_G053,0022000278,2021-04-12,MEM,Kyle Anderson,1719,1,,5,5,6,4,1,3,3,2,8,1,6,0,0,2,https://www.nba.com/game/0022000278/box-score
CHI_2020_21_G053,0022000278,2021-04-12,MEM,Sean McDermott,0,0,DNP - Coach's Decision,0,0,0,0,0,0,0,0,0,0,0,0,0,0,https://www.nba.com/game/0022000278/box-score
CHI_2020_21_G053,0022000278,2021-04-12,MEM,Tyus Jones,781,0,,3,1,2,0,0,1,1,1,4,0,0,1,1,-10,https://www.nba.com/game/0022000278/box-score
CHI_2020_21_G053,0022000278,2021-04-12,MEM,Xavier Tillman,698,0,,2,1,1,0,0,2,3,1,3,0,1,0,0,-9,https://www.nba.com/game/0022000278/box-score
CHI_2020_21_G054,0022000833,2021-04-14,CHI,Al-Farouq Aminu,253,0,,0,1,0,0,0,0,0,0,1,0,0,0,0,3,https://www.nba.com/game/0022000833/box-score
CHI_2020_21_G054,0022000833,2021-04-14,CHI,Coby White,720,0,,2,2,0,0,0,3,0,1,4,0,1,0,0,-14,https://www.nba.com/game/0022000833/box-score
CHI_2020_21_G054,0022000833,2021-04-14,CHI,Cristiano Felicio,0,0,DNP - Coach's Decision,0,0,0,0,0,0,0,0,0,0,0,0,0,0,https://www.nba.com/game/0022000833/box-score
CHI_2020_21_G054,0022000833,2021-04-14,CHI,Daniel Theis,1628,0,,16,6,1,1,1,1,3,7,12,1,3,1,2,-4,https://www.nba.com/game/0022000833/box-score
CHI_2020_21_G054,0022000833,2021-04-14,CHI,Denzel Valentine,667,0,,0,3,2,0,0,1,0,0,1,0,0,0,0,-2,https://www.nba.com/game/0022000833/box-score
CHI_2020_21_G054,0022000833,2021-04-14,CHI,Garrett Temple,598,0,,0,0,1,0,0,1,1,0,1,0,1,0,0,-11,https://www.nba.com/game/0022000833/box-score
CHI_2020_21_G054,0022000833,2021-04-14,CHI,Javonte Green,0,0,DNP - Coach's Decision,0,0,0,0,0,0,0,0,0,0,0,0,0,0,https://www.nba.com/game/0022000833/box-score
CHI_2020_21_G054,0022000833,2021-04-14,CHI,Lauri Markkanen,993,0,,6,1,0,1,0,0,0,2,6,2,5,0,0,2,https://www.nba.com/game/0022000833/box-score
CHI_2020_21_G054,0022000833,2021-04-14,CHI,Nikola Vucevic,2015,1,,29,11,1,1,2,0,3,11,20,5,8,2,2,-4,https://www.nba.com/game/0022000833/box-score
CHI_2020_21_G054,0022000833,2021-04-14,CHI,Patrick Williams,1668,1,,9,6,3,3,0,0,2,3,4,1,1,2,3,-1,https://www.nba.com/game/0022000833/box-score
CHI_2020_21_G054,0022000833,2021-04-14,CHI,Ryan Arcidiacono,0,0,DNP - Coach's Decision,0,0,0,0,0,0,0,0,0,0,0,0,0,0,https://www.nba.com/game/0022000833/box-score
CHI_2020_21_G054,0022000833,2021-04-14,CHI,Thaddeus Young,852,1,,2,2,2,0,0,1,0,1,5,0,1,0,0,-8,https://www.nba.com/game/0022000833/box-score
CHI_2020_21_G054,0022000833,2021-04-14,CHI,Tomas Satoransky,1801,1,,9,0,6,0,1,1,2,4,7,1,3,0,0,-23,https://www.nba.com/game/0022000833/box-score
CHI_2020_21_G054,0022000833,2021-04-14,CHI,Troy Brown Jr.,866,0,,3,3,0,0,0,0,1,1,3,1,2,0,0,8,https://www.nba.com/game/0022000833/box-score
CHI_2020_21_G054,0022000833,2021-04-14,CHI,Zach LaVine,2339,1,,30,5,7,1,2,4,4,11,22,6,12,2,2,9,https://www.nba.com/game/0022000833/box-score
CHI_2020_21_G054,0022000833,2021-04-14,ORL,Chasson Randle,0,0,DNP - Coach's Decision,0,0,0,0,0,0,0,0,0,0,0,0,0,0,https://www.nba.com/game/0022000833/box-score
CHI_2020_21_G054,0022000833,2021-04-14,ORL,Chuma Okeke,1762,1,,9,4,2,1,3,0,0,4,10,1,3,0,0,0,https://www.nba.com/game/0022000833/box-score
CHI_2020_21_G054,0022000833,2021-04-14,ORL,Cole Anthony,1255,0,,10,3,5,0,0,1,1,5,7,0,1,0,0,-2,https://www.nba.com/game/0022000833/box-score
CHI_2020_21_G054,0022000833,2021-04-14,ORL,Donta Hall,1006,0,,7,9,2,1,2,1,2,2,3,0,0,3,3,8,https://www.nba.com/game/0022000833/box-score
CHI_2020_21_G054,0022000833,2021-04-14,ORL,Dwayne Bacon,281,0,,5,0,0,0,0,0,0,2,2,1,1,0,0,-4,https://www.nba.com/game/0022000833/box-score
CHI_2020_21_G054,0022000833,2021-04-14,ORL,Gary Harris,1813,1,,15,2,6,0,1,2,2,5,10,3,4,2,2,4,https://www.nba.com/game/0022000833/box-score
CHI_2020_21_G054,0022000833,2021-04-14,ORL,James Ennis III,1829,1,,22,4,3,0,1,0,5,8,12,5,6,1,1,11,https://www.nba.com/game/0022000833/box-score
CHI_2020_21_G054,0022000833,2021-04-14,ORL,Michael Carter-Williams,1625,1,,15,8,3,1,1,2,1,6,12,1,3,2,4,11,https://www.nba.com/game/0022000833/box-score
CHI_2020_21_G054,0022000833,2021-04-14,ORL,R.J. Hampton,1067,0,,2,1,0,1,1,0,1,0,4,0,3,2,2,5,https://www.nba.com/game/0022000833/box-score
CHI_2020_21_G054,0022000833,2021-04-14,ORL,Robert Franks,0,0,DNP - Coach's Decision,0,0,0,0,0,0,0,0,0,0,0,0,0,0,https://www.nba.com/game/0022000833/box-score
CHI_2020_21_G054,0022000833,2021-04-14,ORL,Terrence Ross,1888,0,,11,3,4,2,0,0,1,4,13,1,6,2,3,11,https://www.nba.com/game/0022000833/box-score
CHI_2020_21_G054,0022000833,2021-04-14,ORL,Wendell Carter Jr.,1874,1,,19,12,4,2,1,1,2,8,16,0,0,3,5,1,https://www.nba.com/game/0022000833/box-score
CHI_2020_21_G055,0022000850,2021-04-16,CHI,Adam Mokoka,0,0,DNP - Coach's Decision,0,0,0,0,0,0,0,0,0,0,0,0,0,0,https://www.nba.com/game/0022000850/box-score
CHI_2020_21_G055,0022000850,2021-04-16,CHI,Al-Farouq Aminu,0,0,DNP - Coach's Decision,0,0,0,0,0,0,0,0,0,0,0,0,0,0,https://www.nba.com/game/0022000850/box-score
CHI_2020_21_G055,0022000850,2021-04-16,CHI,Coby White,2004,1,,27,5,7,0,0,1,1,8,17,4,8,7,7,-4,https://www.nba.com/game/0022000850/box-score
CHI_2020_21_G055,0022000850,2021-04-16,CHI,Cristiano Felicio,109,0,,0,0,0,0,0,0,1,0,0,0,0,0,0,3,https://www.nba.com/game/0022000850/box-score
CHI_2020_21_G055,0022000850,2021-04-16,CHI,Daniel Theis,1224,1,,7,3,3,0,0,2,2,3,6,0,1,1,3,-10,https://www.nba.com/game/0022000850/box-score
CHI_2020_21_G055,0022000850,2021-04-16,CHI,Denzel Valentine,1027,0,,11,0,1,0,1,3,2,4,7,3,6,0,0,-3,https://www.nba.com/game/0022000850/box-score
CHI_2020_21_G055,0022000850,2021-04-16,CHI,Devon Dotson,109,0,,0,1,2,0,0,0,0,0,1,0,0,0,0,3,https://www.nba.com/game/0022000850/box-score
CHI_2020_21_G055,0022000850,2021-04-16,CHI,Garrett Temple,1495,1,,5,1,4,2,0,1,2,2,4,1,3,0,0,-5,https://www.nba.com/game/0022000850/box-score
CHI_2020_21_G055,0022000850,2021-04-16,CHI,Javonte Green,109,0,,0,0,1,0,0,0,0,0,0,0,0,0,0,3,https://www.nba.com/game/0022000850/box-score
CHI_2020_21_G055,0022000850,2021-04-16,CHI,Lauri Markkanen,1257,0,,3,5,4,0,0,0,1,1,7,1,6,0,0,-7,https://www.nba.com/game/0022000850/box-score
CHI_2020_21_G055,0022000850,2021-04-16,CHI,Nikola Vucevic,1960,1,,24,14,6,0,0,0,3,9,22,3,7,3,4,-15,https://www.nba.com/game/0022000850/box-score
CHI_2020_21_G055,0022000850,2021-04-16,CHI,Patrick Williams,1791,1,,6,6,1,1,0,0,1,3,8,0,1,0,0,-3,https://www.nba.com/game/0022000850/box-score
CHI_2020_21_G055,0022000850,2021-04-16,CHI,Ryan Arcidiacono,876,0,,4,4,1,0,0,0,1,2,4,0,1,0,0,-7,https://www.nba.com/game/0022000850/box-score
CHI_2020_21_G055,0022000850,2021-04-16,CHI,Thaddeus Young,1324,0,,17,6,4,0,0,2,3,8,15,1,1,0,0,-3,https://www.nba.com/game/0022000850/box-score
CHI_2020_21_G055,0022000850,2021-04-16,CHI,Troy Brown Jr.,1115,0,,11,1,0,0,0,2,3,5,5,0,0,1,1,-7,https://www.nba.com/game/0022000850/box-score
CHI_2020_21_G055,0022000850,2021-04-16,MEM,Desmond Bane,1403,0,,8,4,2,0,0,1,2,3,6,2,3,0,0,-3,https://www.nba.com/game/0022000850/box-score
CHI_2020_21_G055,0022000850,2021-04-16,MEM,Dillon Brooks,1768,1,,32,2,2,1,0,1,5,12,19,4,7,4,5,11,https://www.nba.com/game/0022000850/box-score
CHI_2020_21_G055,0022000850,2021-04-16,MEM,Grayson Allen,1584,1,,11,3,3,0,0,0,2,3,9,3,7,2,4,7,https://www.nba.com/game/0022000850/box-score
CHI_2020_21_G055,0022000850,2021-04-16,MEM,Ja Morant,1937,1,,15,7,5,0,0,3,1,5,11,1,3,4,6,11,https://www.nba.com/game/0022000850/box-score
CHI_2020_21_G055,0022000850,2021-04-16,MEM,John Konchar,985,0,,8,3,0,1,0,0,0,3,4,0,0,2,2,5,https://www.nba.com/game/0022000850/box-score
CHI_2020_21_G055,0022000850,2021-04-16,MEM,Jonas Valanciunas,1867,1,,16,7,5,0,0,0,1,7,9,1,2,1,1,17,https://www.nba.com/game/0022000850/box-score
CHI_2020_21_G055,0022000850,2021-04-16,MEM,Jontay Porter,0,0,DNP - Coach's Decision,0,0,0,0,0,0,0,0,0,0,0,0,0,0,https://www.nba.com/game/0022000850/box-score
CHI_2020_21_G055,0022000850,2021-04-16,MEM,Killian Tillie,1372,0,,6,3,2,2,1,0,3,2,7,2,6,0,0,1,https://www.nba.com/game/0022000850/box-score
CHI_2020_21_G055,0022000850,2021-04-16,MEM,Kyle Anderson,1478,1,,6,11,7,1,2,0,1,2,8,0,5,2,2,12,https://www.nba.com/game/0022000850/box-score
CHI_2020_21_G055,0022000850,2021-04-16,MEM,Sean McDermott,50,0,,0,0,0,0,0,0,0,0,0,0,0,0,0,0,https://www.nba.com/game/0022000850/box-score
CHI_2020_21_G055,0022000850,2021-04-16,MEM,Tim Frazier,0,0,DNP - Coach's Decision,0,0,0,0,0,0,0,0,0,0,0,0,0,0,https://www.nba.com/game/0022000850/box-score
CHI_2020_21_G055,0022000850,2021-04-16,MEM,Tyus Jones,943,0,,10,0,7,2,0,0,0,4,7,2,3,0,0,0,https://www.nba.com/game/0022000850/box-score
CHI_2020_21_G055,0022000850,2021-04-16,MEM,Xavier Tillman,1013,0,,14,2,0,2,1,0,2,4,6,2,4,4,4,-6,https://www.nba.com/game/0022000850/box-score
CHI_2020_21_G056,0022000857,2021-04-17,CHI,Al-Farouq Aminu,0,0,DNP - Coach's Decision,0,0,0,0,0,0,0,0,0,0,0,0,0,0,https://www.nba.com/game/0022000857/box-score
CHI_2020_21_G056,0022000857,2021-04-17,CHI,Coby White,1968,1,,8,3,9,1,0,4,2,2,10,1,6,3,4,8,https://www.nba.com/game/0022000857/box-score
CHI_2020_21_G056,0022000857,2021-04-17,CHI,Cristiano Felicio,0,0,DNP - Coach's Decision,0,0,0,0,0,0,0,0,0,0,0,0,0,0,https://www.nba.com/game/0022000857/box-score
CHI_2020_21_G056,0022000857,2021-04-17,CHI,Daniel Theis,1373,1,,8,3,1,1,0,1,1,3,8,2,6,0,0,-4,https://www.nba.com/game/0022000857/box-score
CHI_2020_21_G056,0022000857,2021-04-17,CHI,Denzel Valentine,1336,0,,13,2,2,0,1,1,2,5,10,2,7,1,1,-11,https://www.nba.com/game/0022000857/box-score
CHI_2020_21_G056,0022000857,2021-04-17,CHI,Devon Dotson,0,0,DNP - Coach's Decision,0,0,0,0,0,0,0,0,0,0,0,0,0,0,https://www.nba.com/game/0022000857/box-score
CHI_2020_21_G056,0022000857,2021-04-17,CHI,Garrett Temple,1677,1,,8,3,3,0,0,1,2,3,6,2,5,0,0,14,https://www.nba.com/game/0022000857/box-score
CHI_2020_21_G056,0022000857,2021-04-17,CHI,Javonte Green,0,0,DNP - Coach's Decision,0,0,0,0,0,0,0,0,0,0,0,0,0,0,https://www.nba.com/game/0022000857/box-score
CHI_2020_21_G056,0022000857,2021-04-17,CHI,Lauri Markkanen,1558,0,,16,6,0,1,0,0,1,6,12,3,6,1,1,14,https://www.nba.com/game/0022000857/box-score
CHI_2020_21_G056,0022000857,2021-04-17,CHI,Nikola Vucevic,1968,1,,25,7,5,2,0,1,2,10,17,3,5,2,2,16,https://www.nba.com/game/0022000857/box-score
CHI_2020_21_G056,0022000857,2021-04-17,CHI,Patrick Williams,1637,1,,12,4,3,1,1,0,1,5,6,1,1,1,1,3,https://www.nba.com/game/0022000857/box-score
CHI_2020_21_G056,0022000857,2021-04-17,CHI,Ryan Arcidiacono,0,0,DNP - Coach's Decision,0,0,0,0,0,0,0,0,0,0,0,0,0,0,https://www.nba.com/game/0022000857/box-score
CHI_2020_21_G056,0022000857,2021-04-17,CHI,Thaddeus Young,912,0,,5,5,4,0,0,2,1,2,7,1,2,0,0,-6,https://www.nba.com/game/0022000857/box-score
CHI_2020_21_G056,0022000857,2021-04-17,CHI,Tomas Satoransky,901,0,,7,0,3,0,0,0,3,3,3,1,1,0,0,4,https://www.nba.com/game/0022000857/box-score
CHI_2020_21_G056,0022000857,2021-04-17,CHI,Troy Brown Jr.,1070,0,,4,5,0,0,0,0,0,2,3,0,1,0,0,12,https://www.nba.com/game/0022000857/box-score
CHI_2020_21_G056,0022000857,2021-04-17,CLE,Brodric Thomas,0,0,DNP - Coach's Decision,0,0,0,0,0,0,0,0,0,0,0,0,0,0,https://www.nba.com/game/0022000857/box-score
CHI_2020_21_G056,0022000857,2021-04-17,CLE,Cedi Osman,0,0,DNP - Coach's Decision,0,0,0,0,0,0,0,0,0,0,0,0,0,0,https://www.nba.com/game/0022000857/box-score
CHI_2020_21_G056,0022000857,2021-04-17,CLE,Collin Sexton,2083,1,,22,5,2,0,1,5,2,8,20,3,6,3,4,-7,https://www.nba.com/game/0022000857/box-score
CHI_2020_21_G056,0022000857,2021-04-17,CLE,Darius Garland,2409,1,,22,2,12,1,0,2,0,9,21,4,8,0,0,4,https://www.nba.com/game/0022000857/box-score
CHI_2020_21_G056,0022000857,2021-04-17,CLE,Dean Wade,0,0,DNP - Coach's Decision,0,0,0,0,0,0,0,0,0,0,0,0,0,0,https://www.nba.com/game/0022000857/box-score
CHI_2020_21_G056,0022000857,2021-04-17,CLE,Isaac Okoro,1883,1,,13,1,1,1,0,0,1,5,7,2,4,1,1,-6,https://www.nba.com/game/0022000857/box-score
CHI_2020_21_G056,0022000857,2021-04-17,CLE,Isaiah Hartenstein,962,0,,4,6,1,2,0,0,3,2,4,0,0,0,0,-1,https://www.nba.com/game/0022000857/box-score
CHI_2020_21_G056,0022000857,2021-04-17,CLE,Jarrett Allen,1918,1,,10,11,2,0,0,0,1,4,9,0,0,2,2,-9,https://www.nba.com/game/0022000857/box-score
CHI_2020_21_G056,0022000857,2021-04-17,CLE,Kevin Love,1806,1,,14,11,0,1,0,1,0,6,15,2,10,0,0,3,https://www.nba.com/game/0022000857/box-score
CHI_2020_21_G056,0022000857,2021-04-17,CLE,Lamar Stevens,0,0,DNP - Coach's Decision,0,0,0,0,0,0,0,0,0,0,0,0,0,0,https://www.nba.com/game/0022000857/box-score
CHI_2020_21_G056,0022000857,2021-04-17,CLE,Larry Nance Jr.,1623,0,,7,4,6,1,0,1,2,3,4,1,2,0,0,-9,https://www.nba.com/game/0022000857/box-score
CHI_2020_21_G056,0022000857,2021-04-17,CLE,Matthew Dellavedova,641,0,,0,2,2,0,0,0,0,0,3,0,0,0,0,-14,https://www.nba.com/game/0022000857/box-score
CHI_2020_21_G056,0022000857,2021-04-17,CLE,Mfiondu Kabengele,0,0,DNP - Coach's Decision,0,0,0,0,0,0,0,0,0,0,0,0,0,0,https://www.nba.com/game/0022000857/box-score
CHI_2020_21_G056,0022000857,2021-04-17,CLE,Taurean Prince,1075,0,,4,2,1,0,0,1,1,2,5,0,0,0,0,-11,https://www.nba.com/game/0022000857/box-score
CHI_2020_21_G057,0022000869,2021-04-19,BOS,Aaron Nesmith,262,0,,0,2,1,0,0,0,1,0,1,0,1,0,0,2,https://www.nba.com/game/0022000869/box-score
CHI_2020_21_G057,0022000869,2021-04-19,BOS,Carsen Edwards,0,0,DNP - Coach's Decision,0,0,0,0,0,0,0,0,0,0,0,0,0,0,https://www.nba.com/game/0022000869/box-score
CHI_2020_21_G057,0022000869,2021-04-19,BOS,Grant Williams,1346,0,,5,2,0,1,0,1,3,1,6,1,4,2,2,-9,https://www.nba.com/game/0022000869/box-score
CHI_2020_21_G057,0022000869,2021-04-19,BOS,Jabari Parker,955,0,,8,1,0,0,1,0,1,4,7,0,1,0,0,5,https://www.nba.com/game/0022000869/box-score
CHI_2020_21_G057,0022000869,2021-04-19,BOS,Jaylen Brown,2221,1,,23,4,1,1,0,2,4,10,15,3,4,0,0,-11,https://www.nba.com/game/0022000869/box-score
CHI_2020_21_G057,0022000869,2021-04-19,BOS,Jayson Tatum,2220,1,,14,13,10,0,0,4,1,3,17,1,4,7,8,-3,https://www.nba.com/game/0022000869/box-score
CHI_2020_21_G057,0022000869,2021-04-19,BOS,Luke Kornet,604,0,,2,2,0,0,0,0,0,1,2,0,1,0,0,2,https://www.nba.com/game/0022000869/box-score
CHI_2020_21_G057,0022000869,2021-04-19,BOS,Marcus Smart,0,0,DND - Injury/Illness,0,0,0,0,0,0,0,0,0,0,0,0,0,0,https://www.nba.com/game/0022000869/box-score
CHI_2020_21_G057,0022000869,2021-04-19,BOS,Payton Pritchard,1886,1,,14,1,3,1,0,2,1,5,8,2,3,2,2,0,https://www.nba.com/game/0022000869/box-score
CHI_2020_21_G057,0022000869,2021-04-19,BOS,Romeo Langford,1281,0,,2,5,3,2,1,2,0,1,5,0,2,0,0,-10,https://www.nba.com/game/0022000869/box-score
CHI_2020_21_G057,0022000869,2021-04-19,BOS,Semi Ojeleye,1142,1,,8,3,1,1,0,1,1,3,7,2,4,0,0,-3,https://www.nba.com/game/0022000869/box-score
CHI_2020_21_G057,0022000869,2021-04-19,BOS,Tacko Fall,0,0,DNP - Coach's Decision,0,0,0,0,0,0,0,0,0,0,0,0,0,0,https://www.nba.com/game/0022000869/box-score
CHI_2020_21_G057,0022000869,2021-04-19,BOS,Tremont Waters,479,0,,9,1,1,2,0,0,1,3,3,1,1,2,2,0,https://www.nba.com/game/0022000869/box-score
CHI_2020_21_G057,0022000869,2021-04-19,BOS,Tristan Thompson,2004,1,,11,5,1,0,1,3,2,5,6,0,0,1,1,-3,https://www.nba.com/game/0022000869/box-score
CHI_2020_21_G057,0022000869,2021-04-19,CHI,Adam Mokoka,0,0,DNP - Coach's Decision,0,0,0,0,0,0,0,0,0,0,0,0,0,0,https://www.nba.com/game/0022000869/box-score
CHI_2020_21_G057,0022000869,2021-04-19,CHI,Al-Farouq Aminu,0,0,DNP - Coach's Decision,0,0,0,0,0,0,0,0,0,0,0,0,0,0,https://www.nba.com/game/0022000869/box-score
CHI_2020_21_G057,0022000869,2021-04-19,CHI,Coby White,1775,1,,19,3,7,1,1,1,2,5,14,3,8,6,6,3,https://www.nba.com/game/0022000869/box-score
CHI_2020_21_G057,0022000869,2021-04-19,CHI,Cristiano Felicio,0,0,DNP - Coach's Decision,0,0,0,0,0,0,0,0,0,0,0,0,0,0,https://www.nba.com/game/0022000869/box-score
CHI_2020_21_G057,0022000869,2021-04-19,CHI,Daniel Theis,1725,1,,6,6,4,1,1,1,5,3,9,0,3,0,0,1,https://www.nba.com/game/0022000869/box-score
CHI_2020_21_G057,0022000869,2021-04-19,CHI,Denzel Valentine,760,0,,0,0,1,0,1,0,1,0,2,0,1,0,0,-2,https://www.nba.com/game/0022000869/box-score
CHI_2020_21_G057,0022000869,2021-04-19,CHI,Garrett Temple,1862,1,,13,4,4,0,2,3,2,4,9,3,3,2,2,2,https://www.nba.com/game/0022000869/box-score
CHI_2020_21_G057,0022000869,2021-04-19,CHI,Javonte Green,0,0,DNP - Coach's Decision,0,0,0,0,0,0,0,0,0,0,0,0,0,0,https://www.nba.com/game/0022000869/box-score
CHI_2020_21_G057,0022000869,2021-04-19,CHI,Lauri Markkanen,1169,0,,9,5,1,1,0,1,1,4,9,1,4,0,1,5,https://www.nba.com/game/0022000869/box-score
CHI_2020_21_G057,0022000869,2021-04-19,CHI,Nikola Vucevic,1896,1,,29,9,2,2,1,2,1,13,23,3,6,0,0,5,https://www.nba.com/game/0022000869/box-score
CHI_2020_21_G057,0022000869,2021-04-19,CHI,Patrick Williams,1966,1,,6,6,3,1,2,2,0,3,6,0,2,0,0,8,https://www.nba.com/game/0022000869/box-score
CHI_2020_21_G057,0022000869,2021-04-19,CHI,Ryan Arcidiacono,0,0,DNP - Coach's Decision,0,0,0,0,0,0,0,0,0,0,0,0,0,0,https://www.nba.com/game/0022000869/box-score
CHI_2020_21_G057,0022000869,2021-04-19,CHI,Thaddeus Young,963,0,,13,2,3,2,0,1,2,6,12,0,2,1,1,3,https://www.nba.com/game/0022000869/box-score
CHI_2020_21_G057,0022000869,2021-04-19,CHI,Tomas Satoransky,1113,0,,3,3,4,1,0,1,1,1,4,1,2,0,0,1,https://www.nba.com/game/0022000869/box-score
CHI_2020_21_G057,0022000869,2021-04-19,CHI,Troy Brown Jr.,1172,0,,4,2,1,2,0,0,0,2,3,0,1,0,0,4,https://www.nba.com/game/0022000869/box-score
CHI_2020_21_G058,0022000881,2021-04-21,CHI,Adam Mokoka,187,0,,2,1,0,0,0,0,0,1,2,0,1,0,1,2,https://www.nba.com/game/0022000881/box-score
CHI_2020_21_G058,0022000881,2021-04-21,CHI,Al-Farouq Aminu,445,0,,0,3,1,0,0,0,1,0,1,0,1,0,0,4,https://www.nba.com/game/0022000881/box-score
CHI_2020_21_G058,0022000881,2021-04-21,CHI,Coby White,1836,1,,14,2,6,0,2,1,3,5,10,2,5,2,2,-8,https://www.nba.com/game/0022000881/box-score
CHI_2020_21_G058,0022000881,2021-04-21,CHI,Cristiano Felicio,510,0,,0,1,3,0,0,1,3,0,2,0,1,0,0,9,https://www.nba.com/game/0022000881/box-score
CHI_2020_21_G058,0022000881,2021-04-21,CHI,Daniel Theis,1188,1,,7,4,1,0,0,1,2,3,6,1,3,0,0,-18,https://www.nba.com/game/0022000881/box-score
CHI_2020_21_G058,0022000881,2021-04-21,CHI,Denzel Valentine,1499,0,,9,2,1,0,0,1,0,4,10,1,5,0,0,-16,https://www.nba.com/game/0022000881/box-score
CHI_2020_21_G058,0022000881,2021-04-21,CHI,Devon Dotson,234,0,,2,0,0,0,0,0,0,1,2,0,1,0,0,4,https://www.nba.com/game/0022000881/box-score
CHI_2020_21_G058,0022000881,2021-04-21,CHI,Garrett Temple,1566,1,,4,2,2,1,0,0,3,2,7,0,4,0,0,-25,https://www.nba.com/game/0022000881/box-score
CHI_2020_21_G058,0022000881,2021-04-21,CHI,Javonte Green,234,0,,2,0,0,0,0,0,0,0,0,0,0,2,2,4,https://www.nba.com/game/0022000881/box-score
CHI_2020_21_G058,0022000881,2021-04-21,CHI,Lauri Markkanen,1269,0,,16,2,1,0,0,0,0,5,7,4,5,2,2,-1,https://www.nba.com/game/0022000881/box-score
CHI_2020_21_G058,0022000881,2021-04-21,CHI,Nikola Vucevic,1512,1,,9,5,2,1,0,5,2,4,12,1,5,0,0,-23,https://www.nba.com/game/0022000881/box-score
CHI_2020_21_G058,0022000881,2021-04-21,CHI,Patrick Williams,1147,1,,9,7,2,1,0,3,1,3,4,2,2,1,2,-4,https://www.nba.com/game/0022000881/box-score
CHI_2020_21_G058,0022000881,2021-04-21,CHI,Ryan Arcidiacono,463,0,,4,1,2,1,0,0,2,2,3,0,1,0,0,-4,https://www.nba.com/game/0022000881/box-score
CHI_2020_21_G058,0022000881,2021-04-21,CHI,Thaddeus Young,1047,0,,14,8,3,1,2,3,5,5,8,1,1,3,4,-3,https://www.nba.com/game/0022000881/box-score
CHI_2020_21_G058,0022000881,2021-04-21,CHI,Tomas Satoransky,1263,0,,13,3,3,1,0,4,2,4,5,1,2,4,5,-1,https://www.nba.com/game/0022000881/box-score
CHI_2020_21_G058,0022000881,2021-04-21,CLE,Brodric Thomas,173,0,,0,0,0,0,0,0,0,0,1,0,0,0,0,-2,https://www.nba.com/game/0022000881/box-score
CHI_2020_21_G058,0022000881,2021-04-21,CLE,Cedi Osman,0,0,DNP - Coach's Decision,0,0,0,0,0,0,0,0,0,0,0,0,0,0,https://www.nba.com/game/0022000881/box-score
CHI_2020_21_G058,0022000881,2021-04-21,CLE,Collin Sexton,1881,1,,30,3,7,1,0,2,3,11,17,3,5,5,6,11,https://www.nba.com/game/0022000881/box-score
CHI_2020_21_G058,0022000881,2021-04-21,CLE,Darius Garland,1767,1,,25,2,4,2,0,3,2,8,13,4,4,5,5,18,https://www.nba.com/game/0022000881/box-score
CHI_2020_21_G058,0022000881,2021-04-21,CLE,Dean Wade,626,0,,0,2,0,2,0,0,0,0,3,0,2,0,0,10,https://www.nba.com/game/0022000881/box-score
CHI_2020_21_G058,0022000881,2021-04-21,CLE,Isaac Okoro,1660,1,,8,1,1,1,0,1,2,4,9,0,1,0,0,19,https://www.nba.com/game/0022000881/box-score
CHI_2020_21_G058,0022000881,2021-04-21,CLE,Isaiah Hartenstein,973,0,,10,6,1,0,0,0,2,4,6,0,0,2,2,8,https://www.nba.com/game/0022000881/box-score
CHI_2020_21_G058,0022000881,2021-04-21,CLE,Jarrett Allen,1728,1,,8,9,0,0,1,0,3,4,6,0,0,0,0,12,https://www.nba.com/game/0022000881/box-score
CHI_2020_21_G058,0022000881,2021-04-21,CLE,Kevin Love,1542,1,,15,9,4,0,0,3,0,5,12,4,10,1,2,6,https://www.nba.com/game/0022000881/box-score
CHI_2020_21_G058,0022000881,2021-04-21,CLE,Lamar Stevens,179,0,,2,2,0,0,0,0,1,1,1,0,0,0,0,-4,https://www.nba.com/game/0022000881/box-score
CHI_2020_21_G058,0022000881,2021-04-21,CLE,Larry Nance Jr.,1309,0,,10,4,1,1,0,1,1,4,7,2,5,0,2,11,https://www.nba.com/game/0022000881/box-score
CHI_2020_21_G058,0022000881,2021-04-21,CLE,Matthew Dellavedova,1107,0,,3,0,6,0,0,0,2,1,5,1,3,0,0,0,https://www.nba.com/game/0022000881/box-score
CHI_2020_21_G058,0022000881,2021-04-21,CLE,Mfiondu Kabengele,173,0,,2,0,0,0,0,0,0,0,1,0,1,2,2,-2,https://www.nba.com/game/0022000881/box-score
CHI_2020_21_G058,0022000881,2021-04-21,CLE,Taurean Prince,1282,0,,8,3,3,1,0,0,3,3,7,2,5,0,0,-7,https://www.nba.com/game/0022000881/box-score
CHI_2020_21_G059,0022000896,2021-04-22,CHA,Bismack Biyombo,676,0,,4,4,0,0,0,1,2,2,4,0,0,0,0,-8,https://www.nba.com/game/0022000896/box-score
CHI_2020_21_G059,0022000896,2021-04-22,CHA,Brad Wanamaker,814,0,,11,0,5,1,0,2,0,3,4,0,0,5,5,-10,https://www.nba.com/game/0022000896/box-score
CHI_2020_21_G059,0022000896,2021-04-22,CHA,Caleb Martin,1519,0,,7,3,1,1,0,1,2,3,7,0,4,1,2,6,https://www.nba.com/game/0022000896/box-score
CHI_2020_21_G059,0022000896,2021-04-22,CHA,Cody Martin,1096,0,,2,3,2,0,0,0,2,1,1,0,0,0,0,-4,https://www.nba.com/game/0022000896/box-score
CHI_2020_21_G059,0022000896,2021-04-22,CHA,Cody Zeller,837,0,,8,6,1,0,0,3,3,3,5,0,0,2,2,-5,https://www.nba.com/game/0022000896/box-score
CHI_2020_21_G059,0022000896,2021-04-22,CHA,Devonte' Graham,1700,1,,16,4,3,0,0,1,3,6,14,3,11,1,2,-23,https://www.nba.com/game/0022000896/box-score
CHI_2020_21_G059,0022000896,2021-04-22,CHA,Grant Riller,568,0,,6,0,1,1,0,1,0,3,4,0,1,0,0,7,https://www.nba.com/game/0022000896/box-score
CHI_2020_21_G059,0022000896,2021-04-22,CHA,Jalen McDaniels,1870,1,,3,5,3,1,0,1,3,1,8,1,2,0,0,-6,https://www.nba.com/game/0022000896/box-score
CHI_2020_21_G059,0022000896,2021-04-22,CHA,Miles Bridges,1608,1,,13,5,3,0,1,0,1,5,13,3,6,0,0,-17,https://www.nba.com/game/0022000896/box-score
CHI_2020_21_G059,0022000896,2021-04-22,CHA,Nick Richards,206,0,,0,0,1,0,0,0,1,0,0,0,0,0,0,3,https://www.nba.com/game/0022000896/box-score
CHI_2020_21_G059,0022000896,2021-04-22,CHA,P.J. Washington,799,0,,2,2,2,0,1,2,1,1,4,0,1,0,2,-13,https://www.nba.com/game/0022000896/box-score
CHI_2020_21_G059,0022000896,2021-04-22,CHA,Terry Rozier,1807,1,,11,2,8,1,1,2,0,5,15,1,6,0,0,-19,https://www.nba.com/game/0022000896/box-score
CHI_2020_21_G059,0022000896,2021-04-22,CHA,Vernon Carey Jr.,900,1,,8,4,0,0,0,0,0,2,3,0,0,4,4,4,https://www.nba.com/game/0022000896/box-score
CHI_2020_21_G059,0022000896,2021-04-22,CHI,Adam Mokoka,84,0,,0,0,1,0,0,1,0,0,0,0,0,0,0,0,https://www.nba.com/game/0022000896/box-score
CHI_2020_21_G059,0022000896,2021-04-22,CHI,Al-Farouq Aminu,0,0,DNP - Coach's Decision,0,0,0,0,0,0,0,0,0,0,0,0,0,0,https://www.nba.com/game/0022000896/box-score
CHI_2020_21_G059,0022000896,2021-04-22,CHI,Coby White,1682,1,,18,3,3,1,0,0,0,7,10,4,6,0,0,25,https://www.nba.com/game/0022000896/box-score
CHI_2020_21_G059,0022000896,2021-04-22,CHI,Cristiano Felicio,163,0,,2,0,0,0,0,0,0,1,1,0,0,0,0,-4,https://www.nba.com/game/0022000896/box-score
CHI_2020_21_G059,0022000896,2021-04-22,CHI,Daniel Theis,1514,1,,9,7,1,0,2,3,1,3,7,0,3,3,3,5,https://www.nba.com/game/0022000896/box-score
CHI_2020_21_G059,0022000896,2021-04-22,CHI,Denzel Valentine,969,0,,3,3,1,0,0,1,2,1,7,0,6,1,2,-1,https://www.nba.com/game/0022000896/box-score
CHI_2020_21_G059,0022000896,2021-04-22,CHI,Devon Dotson,84,0,,0,0,0,0,0,0,0,0,0,0,0,0,0,0,https://www.nba.com/game/0022000896/box-score
CHI_2020_21_G059,0022000896,2021-04-22,CHI,Garrett Temple,1460,1,,9,3,4,0,0,4,0,3,8,3,6,0,0,20,https://www.nba.com/game/0022000896/box-score
CHI_2020_21_G059,0022000896,2021-04-22,CHI,Javonte Green,163,0,,0,1,0,0,0,1,0,0,1,0,0,0,0,-4,https://www.nba.com/game/0022000896/box-score
CHI_2020_21_G059,0022000896,2021-04-22,CHI,Lauri Markkanen,1591,0,,11,4,0,1,0,0,2,4,11,3,8,0,0,7,https://www.nba.com/game/0022000896/box-score
CHI_2020_21_G059,0022000896,2021-04-22,CHI,Nikola Vucevic,1722,1,,18,16,6,0,0,2,0,8,13,1,4,1,1,24,https://www.nba.com/game/0022000896/box-score
CHI_2020_21_G059,0022000896,2021-04-22,CHI,Patrick Williams,1392,1,,7,3,3,1,0,1,1,3,6,0,2,1,2,7,https://www.nba.com/game/0022000896/box-score
CHI_2020_21_G059,0022000896,2021-04-22,CHI,Ryan Arcidiacono,1127,0,,3,4,1,0,0,0,4,1,3,1,2,0,0,-5,https://www.nba.com/game/0022000896/box-score
CHI_2020_21_G059,0022000896,2021-04-22,CHI,Thaddeus Young,1203,0,,18,4,3,2,0,3,3,8,10,1,1,1,1,16,https://www.nba.com/game/0022000896/box-score
CHI_2020_21_G059,0022000896,2021-04-22,CHI,Tomas Satoransky,1246,0,,10,2,7,3,0,1,1,4,10,1,5,1,2,-5,https://www.nba.com/game/0022000896/box-score
CHI_2020_21_G060,0022000907,2021-04-24,CHI,Adam Mokoka,0,0,DNP - Coach's Decision,0,0,0,0,0,0,0,0,0,0,0,0,0,0,https://www.nba.com/game/0022000907/box-score
CHI_2020_21_G060,0022000907,2021-04-24,CHI,Al-Farouq Aminu,0,0,DNP - Coach's Decision,0,0,0,0,0,0,0,0,0,0,0,0,0,0,https://www.nba.com/game/0022000907/box-score
CHI_2020_21_G060,0022000907,2021-04-24,CHI,Coby White,2258,1,,31,5,5,2,0,6,4,11,18,3,9,6,6,-4,https://www.nba.com/game/0022000907/box-score
CHI_2020_21_G060,0022000907,2021-04-24,CHI,Cristiano Felicio,0,0,DNP - Coach's Decision,0,0,0,0,0,0,0,0,0,0,0,0,0,0,https://www.nba.com/game/0022000907/box-score
CHI_2020_21_G060,0022000907,2021-04-24,CHI,Daniel Theis,1551,1,,9,6,2,1,0,0,3,3,6,1,2,2,2,-5,https://www.nba.com/game/0022000907/box-score
CHI_2020_21_G060,0022000907,2021-04-24,CHI,Denzel Valentine,1086,0,,9,4,3,3,2,1,2,3,7,3,5,0,0,7,https://www.nba.com/game/0022000907/box-score
CHI_2020_21_G060,0022000907,2021-04-24,CHI,Devon Dotson,0,0,DNP - Coach's Decision,0,0,0,0,0,0,0,0,0,0,0,0,0,0,https://www.nba.com/game/0022000907/box-score
CHI_2020_21_G060,0022000907,2021-04-24,CHI,Garrett Temple,1978,1,,2,0,4,0,0,0,4,1,7,0,4,0,0,-11,https://www.nba.com/game/0022000907/box-score
CHI_2020_21_G060,0022000907,2021-04-24,CHI,Javonte Green,0,0,DNP - Coach's Decision,0,0,0,0,0,0,0,0,0,0,0,0,0,0,https://www.nba.com/game/0022000907/box-score
CHI_2020_21_G060,0022000907,2021-04-24,CHI,Lauri Markkanen,1251,0,,9,5,1,0,0,1,4,3,6,3,5,0,0,10,https://www.nba.com/game/0022000907/box-score
CHI_2020_21_G060,0022000907,2021-04-24,CHI,Nikola Vucevic,2336,1,,26,14,6,0,0,2,1,11,18,2,6,2,3,-2,https://www.nba.com/game/0022000907/box-score
CHI_2020_21_G060,0022000907,2021-04-24,CHI,Patrick Williams,1291,1,,4,4,1,0,0,3,1,2,6,0,1,0,0,-9,https://www.nba.com/game/0022000907/box-score
CHI_2020_21_G060,0022000907,2021-04-24,CHI,Ryan Arcidiacono,548,0,,3,1,2,0,0,0,0,1,2,1,2,0,0,-5,https://www.nba.com/game/0022000907/box-score
CHI_2020_21_G060,0022000907,2021-04-24,CHI,Thaddeus Young,1305,0,,6,2,4,1,0,2,0,3,6,0,1,0,0,-2,https://www.nba.com/game/0022000907/box-score
CHI_2020_21_G060,0022000907,2021-04-24,CHI,Tomas Satoransky,796,0,,2,1,0,0,0,2,1,0,3,0,3,2,2,-4,https://www.nba.com/game/0022000907/box-score
CHI_2020_21_G060,0022000907,2021-04-24,MIA,Andre Iguodala,1121,0,,6,1,0,2,0,0,1,2,4,2,3,0,0,-10,https://www.nba.com/game/0022000907/box-score
CHI_2020_21_G060,0022000907,2021-04-24,MIA,Bam Adebayo,2104,1,,20,6,10,2,0,1,2,7,13,0,0,6,7,0,https://www.nba.com/game/0022000907/box-score
CHI_2020_21_G060,0022000907,2021-04-24,MIA,Dewayne Dedmon,776,0,,4,6,0,1,0,0,0,2,3,0,0,0,0,5,https://www.nba.com/game/0022000907/box-score
CHI_2020_21_G060,0022000907,2021-04-24,MIA,Duncan Robinson,2264,1,,23,6,0,1,0,2,2,8,17,7,15,0,1,16,https://www.nba.com/game/0022000907/box-score
CHI_2020_21_G060,0022000907,2021-04-24,MIA,Gabe Vincent,1400,0,,2,3,1,0,0,0,1,1,7,0,3,0,0,-9,https://www.nba.com/game/0022000907/box-score
CHI_2020_21_G060,0022000907,2021-04-24,MIA,Goran Dragic,0,0,DND - Injury/Illness,0,0,0,0,0,0,0,0,0,0,0,0,0,0,https://www.nba.com/game/0022000907/box-score
CHI_2020_21_G060,0022000907,2021-04-24,MIA,Jimmy Butler,2129,1,,20,5,8,4,0,6,1,5,11,0,1,10,12,9,https://www.nba.com/game/0022000907/box-score
CHI_2020_21_G060,0022000907,2021-04-24,MIA,KZ Okpala,0,0,DNP - Coach's Decision,0,0,0,0,0,0,0,0,0,0,0,0,0,0,https://www.nba.com/game/0022000907/box-score
CHI_2020_21_G060,0022000907,2021-04-24,MIA,Kendrick Nunn,2157,1,,22,5,2,0,1,0,3,7,14,4,8,4,4,4,https://www.nba.com/game/0022000907/box-score
CHI_2020_21_G060,0022000907,2021-04-24,MIA,Max Strus,664,0,,5,1,0,0,0,1,1,2,4,1,3,0,0,-3,https://www.nba.com/game/0022000907/box-score
CHI_2020_21_G060,0022000907,2021-04-24,MIA,Nemanja Bjelica,0,0,DNP - Coach's Decision,0,0,0,0,0,0,0,0,0,0,0,0,0,0,https://www.nba.com/game/0022000907/box-score
CHI_2020_21_G060,0022000907,2021-04-24,MIA,Precious Achiuwa,0,0,DNP - Coach's Decision,0,0,0,0,0,0,0,0,0,0,0,0,0,0,https://www.nba.com/game/0022000907/box-score
CHI_2020_21_G060,0022000907,2021-04-24,MIA,Trevor Ariza,1785,1,,4,4,1,1,1,0,1,2,7,0,4,0,0,13,https://www.nba.com/game/0022000907/box-score
CHI_2020_21_G060,0022000907,2021-04-24,MIA,Tyler Herro,0,0,DND - Injury/Illness,0,0,0,0,0,0,0,0,0,0,0,0,0,0,https://www.nba.com/game/0022000907/box-score
CHI_2020_21_G060,0022000907,2021-04-24,MIA,Udonis Haslem,0,0,DNP - Coach's Decision,0,0,0,0,0,0,0,0,0,0,0,0,0,0,https://www.nba.com/game/0022000907/box-score
CHI_2020_21_G061,0022000922,2021-04-26,CHI,Adam Mokoka,0,0,DNP - Coach's Decision,0,0,0,0,0,0,0,0,0,0,0,0,0,0,https://www.nba.com/game/0022000922/box-score
CHI_2020_21_G061,0022000922,2021-04-26,CHI,Al-Farouq Aminu,0,0,DNP - Coach's Decision,0,0,0,0,0,0,0,0,0,0,0,0,0,0,https://www.nba.com/game/0022000922/box-score
CHI_2020_21_G061,0022000922,2021-04-26,CHI,Coby White,2142,1,,17,5,6,0,0,3,3,5,14,2,8,5,6,12,https://www.nba.com/game/0022000922/box-score
CHI_2020_21_G061,0022000922,2021-04-26,CHI,Cristiano Felicio,0,0,DNP - Coach's Decision,0,0,0,0,0,0,0,0,0,0,0,0,0,0,https://www.nba.com/game/0022000922/box-score
CHI_2020_21_G061,0022000922,2021-04-26,CHI,Daniel Theis,1949,1,,23,12,5,0,2,0,1,10,13,1,2,2,3,5,https://www.nba.com/game/0022000922/box-score
CHI_2020_21_G061,0022000922,2021-04-26,CHI,Denzel Valentine,595,0,,0,3,1,0,0,2,3,0,1,0,1,0,0,-3,https://www.nba.com/game/0022000922/box-score
CHI_2020_21_G061,0022000922,2021-04-26,CHI,Devon Dotson,0,0,DNP - Coach's Decision,0,0,0,0,0,0,0,0,0,0,0,0,0,0,https://www.nba.com/game/0022000922/box-score
CHI_2020_21_G061,0022000922,2021-04-26,CHI,Garrett Temple,1845,1,,10,1,2,0,0,1,2,4,7,2,4,0,0,14,https://www.nba.com/game/0022000922/box-score
CHI_2020_21_G061,0022000922,2021-04-26,CHI,Javonte Green,0,0,DNP - Coach's Decision,0,0,0,0,0,0,0,0,0,0,0,0,0,0,https://www.nba.com/game/0022000922/box-score
CHI_2020_21_G061,0022000922,2021-04-26,CHI,Lauri Markkanen,1389,0,,12,2,1,1,0,1,3,5,11,2,7,0,0,9,https://www.nba.com/game/0022000922/box-score
CHI_2020_21_G061,0022000922,2021-04-26,CHI,Nikola Vucevic,2114,1,,24,11,2,1,0,4,4,9,15,4,5,2,2,10,https://www.nba.com/game/0022000922/box-score
CHI_2020_21_G061,0022000922,2021-04-26,CHI,Patrick Williams,1342,1,,8,2,2,0,1,3,1,2,7,0,1,4,5,3,https://www.nba.com/game/0022000922/box-score
CHI_2020_21_G061,0022000922,2021-04-26,CHI,Ryan Arcidiacono,361,0,,0,2,0,0,0,0,0,0,0,0,0,0,0,-1,https://www.nba.com/game/0022000922/box-score
CHI_2020_21_G061,0022000922,2021-04-26,CHI,Thaddeus Young,1577,0,,10,9,8,0,0,2,4,5,6,0,0,0,1,-3,https://www.nba.com/game/0022000922/box-score
CHI_2020_21_G061,0022000922,2021-04-26,CHI,Tomas Satoransky,1087,0,,6,4,6,1,1,2,0,1,3,0,1,4,5,-6,https://www.nba.com/game/0022000922/box-score
CHI_2020_21_G061,0022000922,2021-04-26,MIA,Andre Iguodala,0,0,DND - Injury/Illness,0,0,0,0,0,0,0,0,0,0,0,0,0,0,https://www.nba.com/game/0022000922/box-score
CHI_2020_21_G061,0022000922,2021-04-26,MIA,Bam Adebayo,2213,1,,23,6,2,2,2,1,1,9,14,0,0,5,6,-16,https://www.nba.com/game/0022000922/box-score
CHI_2020_21_G061,0022000922,2021-04-26,MIA,Dewayne Dedmon,667,0,,8,5,1,0,0,0,2,3,3,0,0,2,2,8,https://www.nba.com/game/0022000922/box-score
CHI_2020_21_G061,0022000922,2021-04-26,MIA,Duncan Robinson,1569,1,,3,0,0,0,0,0,1,1,7,1,7,0,0,4,https://www.nba.com/game/0022000922/box-score
CHI_2020_21_G061,0022000922,2021-04-26,MIA,Gabe Vincent,1801,0,,3,0,0,2,0,2,3,1,7,1,5,0,0,-3,https://www.nba.com/game/0022000922/box-score
CHI_2020_21_G061,0022000922,2021-04-26,MIA,Goran Dragic,2115,1,,8,6,7,3,0,1,3,3,9,0,3,2,2,-9,https://www.nba.com/game/0022000922/box-score
CHI_2020_21_G061,0022000922,2021-04-26,MIA,Jimmy Butler,2093,1,,33,8,5,2,0,0,1,11,21,0,2,11,11,-9,https://www.nba.com/game/0022000922/box-score
CHI_2020_21_G061,0022000922,2021-04-26,MIA,KZ Okpala,158,0,,0,0,0,0,0,0,1,0,1,0,1,0,0,-1,https://www.nba.com/game/0022000922/box-score
CHI_2020_21_G061,0022000922,2021-04-26,MIA,Kendrick Nunn,0,0,DND - Injury/Illness,0,0,0,0,0,0,0,0,0,0,0,0,0,0,https://www.nba.com/game/0022000922/box-score
CHI_2020_21_G061,0022000922,2021-04-26,MIA,Max Strus,1062,0,,5,2,0,1,0,1,3,2,7,1,6,0,0,-7,https://www.nba.com/game/0022000922/box-score
CHI_2020_21_G061,0022000922,2021-04-26,MIA,Nemanja Bjelica,664,0,,1,1,1,1,0,0,1,0,1,0,0,1,2,-7,https://www.nba.com/game/0022000922/box-score
CHI_2020_21_G061,0022000922,2021-04-26,MIA,Precious Achiuwa,0,0,DNP - Coach's Decision,0,0,0,0,0,0,0,0,0,0,0,0,0,0,https://www.nba.com/game/0022000922/box-score
CHI_2020_21_G061,0022000922,2021-04-26,MIA,Trevor Ariza,2058,1,,18,6,2,2,2,0,3,6,14,4,12,2,2,0,https://www.nba.com/game/0022000922/box-score
CHI_2020_21_G061,0022000922,2021-04-26,MIA,Tyler Herro,0,0,DND - Injury/Illness,0,0,0,0,0,0,0,0,0,0,0,0,0,0,https://www.nba.com/game/0022000922/box-score
CHI_2020_21_G061,0022000922,2021-04-26,MIA,Udonis Haslem,0,0,DNP - Coach's Decision,0,0,0,0,0,0,0,0,0,0,0,0,0,0,https://www.nba.com/game/0022000922/box-score
CHI_2020_21_G062,0022000937,2021-04-28,CHI,Adam Mokoka,93,0,,0,0,0,0,0,0,0,0,1,0,1,0,0,-2,https://www.nba.com/game/0022000937/box-score
CHI_2020_21_G062,0022000937,2021-04-28,CHI,Al-Farouq Aminu,0,0,DNP - Coach's Decision,0,0,0,0,0,0,0,0,0,0,0,0,0,0,https://www.nba.com/game/0022000937/box-score
CHI_2020_21_G062,0022000937,2021-04-28,CHI,Coby White,2105,1,,12,2,9,0,1,3,5,5,13,2,6,0,0,-23,https://www.nba.com/game/0022000937/box-score
CHI_2020_21_G062,0022000937,2021-04-28,CHI,Cristiano Felicio,93,0,,0,0,0,0,0,0,0,0,0,0,0,0,0,-2,https://www.nba.com/game/0022000937/box-score
CHI_2020_21_G062,0022000937,2021-04-28,CHI,Daniel Theis,1255,1,,6,4,0,0,0,2,2,3,9,0,3,0,0,-23,https://www.nba.com/game/0022000937/box-score
CHI_2020_21_G062,0022000937,2021-04-28,CHI,Denzel Valentine,93,0,,1,0,0,0,0,1,0,0,0,0,0,1,1,-2,https://www.nba.com/game/0022000937/box-score
CHI_2020_21_G062,0022000937,2021-04-28,CHI,Devon Dotson,0,0,DNP - Coach's Decision,0,0,0,0,0,0,0,0,0,0,0,0,0,0,https://www.nba.com/game/0022000937/box-score
CHI_2020_21_G062,0022000937,2021-04-28,CHI,Garrett Temple,2090,1,,12,3,5,0,1,2,1,5,6,2,2,0,0,-13,https://www.nba.com/game/0022000937/box-score
CHI_2020_21_G062,0022000937,2021-04-28,CHI,Javonte Green,93,0,,0,0,0,0,0,0,0,0,1,0,0,0,0,-2,https://www.nba.com/game/0022000937/box-score
CHI_2020_21_G062,0022000937,2021-04-28,CHI,Lauri Markkanen,1528,0,,14,6,0,0,0,0,0,5,9,2,6,2,2,-1,https://www.nba.com/game/0022000937/box-score
CHI_2020_21_G062,0022000937,2021-04-28,CHI,Nikola Vucevic,2226,1,,26,18,3,0,2,3,2,10,22,3,7,3,4,-9,https://www.nba.com/game/0022000937/box-score
CHI_2020_21_G062,0022000937,2021-04-28,CHI,Patrick Williams,1371,1,,7,1,2,0,0,0,0,3,6,1,2,0,0,-19,https://www.nba.com/game/0022000937/box-score
CHI_2020_21_G062,0022000937,2021-04-28,CHI,Ryan Arcidiacono,354,0,,0,1,1,0,0,0,0,0,0,0,0,0,2,-5,https://www.nba.com/game/0022000937/box-score
CHI_2020_21_G062,0022000937,2021-04-28,CHI,Thaddeus Young,1720,0,,10,4,6,2,0,1,1,5,11,0,1,0,0,4,https://www.nba.com/game/0022000937/box-score
CHI_2020_21_G062,0022000937,2021-04-28,CHI,Tomas Satoransky,1379,0,,6,4,3,0,0,2,1,3,7,0,1,0,1,2,https://www.nba.com/game/0022000937/box-score
CHI_2020_21_G062,0022000937,2021-04-28,NYK,Derrick Rose,1500,0,,6,1,6,1,1,0,0,2,11,0,1,2,2,4,https://www.nba.com/game/0022000937/box-score
CHI_2020_21_G062,0022000937,2021-04-28,NYK,Elfrid Payton,1318,1,,9,1,5,0,0,1,1,4,10,1,1,0,0,16,https://www.nba.com/game/0022000937/box-score
CHI_2020_21_G062,0022000937,2021-04-28,NYK,Frank Ntilikina,62,0,,0,0,0,0,0,0,0,0,0,0,0,0,0,-1,https://www.nba.com/game/0022000937/box-score
CHI_2020_21_G062,0022000937,2021-04-28,NYK,Immanuel Quickley,984,0,,13,2,1,2,0,1,5,4,10,1,5,4,4,8,https://www.nba.com/game/0022000937/box-score
CHI_2020_21_G062,0022000937,2021-04-28,NYK,Jared Harper,62,0,,0,0,0,0,0,0,0,0,1,0,1,0,0,-1,https://www.nba.com/game/0022000937/box-score
CHI_2020_21_G062,0022000937,2021-04-28,NYK,Julius Randle,2171,1,,34,7,3,0,1,0,3,12,23,4,7,6,6,21,https://www.nba.com/game/0022000937/box-score
CHI_2020_21_G062,0022000937,2021-04-28,NYK,Kevin Knox II,62,0,,0,1,0,0,0,0,0,0,0,0,0,0,0,-1,https://www.nba.com/game/0022000937/box-score
CHI_2020_21_G062,0022000937,2021-04-28,NYK,Nerlens Noel,1768,1,,8,8,3,4,5,0,2,3,6,0,1,2,2,24,https://www.nba.com/game/0022000937/box-score
CHI_2020_21_G062,0022000937,2021-04-28,NYK,Norvel Pelle,62,0,,0,0,0,0,0,0,0,0,0,0,0,0,0,-1,https://www.nba.com/game/0022000937/box-score
CHI_2020_21_G062,0022000937,2021-04-28,NYK,Obi Toppin,647,0,,4,1,0,0,0,0,0,2,4,0,1,0,0,-1,https://www.nba.com/game/0022000937/box-score
CHI_2020_21_G062,0022000937,2021-04-28,NYK,RJ Barrett,2493,1,,22,7,6,2,1,2,4,9,15,3,5,1,2,20,https://www.nba.com/game/0022000937/box-score
CHI_2020_21_G062,0022000937,2021-04-28,NYK,Reggie Bullock,2159,1,,13,4,2,0,0,0,0,4,8,3,5,2,3,12,https://www.nba.com/game/0022000937/box-score
CHI_2020_21_G062,0022000937,2021-04-28,NYK,Taj Gibson,1050,0,,4,8,1,1,1,0,1,2,3,0,0,0,0,-4,https://www.nba.com/game/0022000937/box-score
CHI_2020_21_G062,0022000937,2021-04-28,NYK,Theo Pinson,62,0,,0,1,0,0,0,0,0,0,0,0,0,0,0,-1,https://www.nba.com/game/0022000937/box-score
CHI_2020_21_G063,0022000954,2021-04-30,CHI,Adam Mokoka,57,0,,0,0,0,0,0,1,0,0,0,0,0,0,0,2,https://www.nba.com/game/0022000954/box-score
CHI_2020_21_G063,0022000954,2021-04-30,CHI,Al-Farouq Aminu,900,0,,5,2,1,0,0,0,1,2,5,1,3,0,0,-6,https://www.nba.com/game/0022000954/box-score
CHI_2020_21_G063,0022000954,2021-04-30,CHI,Coby White,2078,1,,21,1,7,1,1,1,2,6,15,4,8,5,5,-6,https://www.nba.com/game/0022000954/box-score
CHI_2020_21_G063,0022000954,2021-04-30,CHI,Daniel Theis,1513,1,,16,10,0,0,0,0,4,7,9,1,1,1,3,-8,https://www.nba.com/game/0022000954/box-score
CHI_2020_21_G063,0022000954,2021-04-30,CHI,Denzel Valentine,1013,0,,5,5,3,1,0,1,2,2,9,1,4,0,0,-3,https://www.nba.com/game/0022000954/box-score
CHI_2020_21_G063,0022000954,2021-04-30,CHI,Devon Dotson,57,0,,2,0,0,1,0,0,0,1,1,0,0,0,0,2,https://www.nba.com/game/0022000954/box-score
CHI_2020_21_G063,0022000954,2021-04-30,CHI,Garrett Temple,1948,1,,6,1,3,0,1,2,4,2,7,1,5,1,1,-6,https://www.nba.com/game/0022000954/box-score
CHI_2020_21_G063,0022000954,2021-04-30,CHI,Javonte Green,57,0,,0,0,0,0,0,0,0,0,0,0,0,0,0,2,https://www.nba.com/game/0022000954/box-score
CHI_2020_21_G063,0022000954,2021-04-30,CHI,Nikola Vucevic,2170,1,,17,15,4,1,1,0,2,7,27,1,9,2,2,-8,https://www.nba.com/game/0022000954/box-score
CHI_2020_21_G063,0022000954,2021-04-30,CHI,Patrick Williams,2106,1,,5,5,0,1,1,1,1,2,6,0,1,1,4,-11,https://www.nba.com/game/0022000954/box-score
CHI_2020_21_G063,0022000954,2021-04-30,CHI,Ryan Arcidiacono,57,0,,0,0,0,0,0,0,0,0,0,0,0,0,0,2,https://www.nba.com/game/0022000954/box-score
CHI_2020_21_G063,0022000954,2021-04-30,CHI,Thaddeus Young,1120,0,,8,7,4,0,1,1,1,2,10,0,0,4,6,0,https://www.nba.com/game/0022000954/box-score
CHI_2020_21_G063,0022000954,2021-04-30,CHI,Tomas Satoransky,1324,0,,13,4,1,0,0,3,1,6,7,1,2,0,0,-10,https://www.nba.com/game/0022000954/box-score
CHI_2020_21_G063,0022000954,2021-04-30,MIL,Bobby Portis,1704,1,,16,14,1,2,1,0,5,7,10,1,2,1,2,-9,https://www.nba.com/game/0022000954/box-score
CHI_2020_21_G063,0022000954,2021-04-30,MIL,Brook Lopez,2037,1,,22,2,3,0,4,1,3,9,15,0,1,4,5,30,https://www.nba.com/game/0022000954/box-score
CHI_2020_21_G063,0022000954,2021-04-30,MIL,Bryn Forbes,1596,1,,10,13,1,1,0,0,2,4,9,2,4,0,0,21,https://www.nba.com/game/0022000954/box-score
CHI_2020_21_G063,0022000954,2021-04-30,MIL,Jeff Teague,1386,0,,11,0,4,0,0,2,0,3,5,0,0,5,5,-15,https://www.nba.com/game/0022000954/box-score
CHI_2020_21_G063,0022000954,2021-04-30,MIL,Jordan Nwora,228,0,,0,0,0,0,0,0,0,0,1,0,1,0,0,-17,https://www.nba.com/game/0022000954/box-score
CHI_2020_21_G063,0022000954,2021-04-30,MIL,Jrue Holiday,1788,1,,16,2,7,1,0,4,2,7,17,1,5,1,2,31,https://www.nba.com/game/0022000954/box-score
CHI_2020_21_G063,0022000954,2021-04-30,MIL,Khris Middleton,1982,1,,22,8,6,0,0,2,1,8,24,3,8,3,3,5,https://www.nba.com/game/0022000954/box-score
CHI_2020_21_G063,0022000954,2021-04-30,MIL,Mamadi Diakite,0,0,DNP - Coach's Decision,0,0,0,0,0,0,0,0,0,0,0,0,0,0,https://www.nba.com/game/0022000954/box-score
CHI_2020_21_G063,0022000954,2021-04-30,MIL,P.J. Tucker,1298,0,,2,3,0,0,0,0,2,1,2,0,0,0,1,-4,https://www.nba.com/game/0022000954/box-score
CHI_2020_21_G063,0022000954,2021-04-30,MIL,Pat Connaughton,1599,0,,6,6,1,1,0,0,1,2,5,2,3,0,0,5,https://www.nba.com/game/0022000954/box-score
CHI_2020_21_G063,0022000954,2021-04-30,MIL,Rodions Kurucs,0,0,DNP - Coach's Decision,0,0,0,0,0,0,0,0,0,0,0,0,0,0,https://www.nba.com/game/0022000954/box-score
CHI_2020_21_G063,0022000954,2021-04-30,MIL,Sam Merrill,0,0,DNP - Coach's Decision,0,0,0,0,0,0,0,0,0,0,0,0,0,0,https://www.nba.com/game/0022000954/box-score
CHI_2020_21_G063,0022000954,2021-04-30,MIL,Thanasis Antetokounmpo,783,0,,3,3,1,0,0,1,3,1,2,0,1,1,2,3,https://www.nba.com/game/0022000954/box-score
CHI_2020_21_G064,0022000959,2021-05-01,ATL,Bogdan Bogdanovic,2145,1,,15,6,5,1,1,1,3,6,15,3,9,0,0,17,https://www.nba.com/game/0022000959/box-score
CHI_2020_21_G064,0022000959,2021-05-01,ATL,Brandon Goodwin,0,0,DNP - Coach's Decision,0,0,0,0,0,0,0,0,0,0,0,0,0,0,https://www.nba.com/game/0022000959/box-score
CHI_2020_21_G064,0022000959,2021-05-01,ATL,Bruno Fernando,0,0,DNP - Coach's Decision,0,0,0,0,0,0,0,0,0,0,0,0,0,0,https://www.nba.com/game/0022000959/box-score
CHI_2020_21_G064,0022000959,2021-05-01,ATL,Clint Capela,1787,1,,20,11,0,0,2,0,3,8,9,0,0,4,9,19,https://www.nba.com/game/0022000959/box-score
CHI_2020_21_G064,0022000959,2021-05-01,ATL,Danilo Gallinari,1304,0,,9,5,1,1,0,1,2,3,6,1,4,2,2,-3,https://www.nba.com/game/0022000959/box-score
CHI_2020_21_G064,0022000959,2021-05-01,ATL,John Collins,1855,1,,13,10,1,4,1,3,3,5,10,2,5,1,1,13,https://www.nba.com/game/0022000959/box-score
CHI_2020_21_G064,0022000959,2021-05-01,ATL,Kevin Huerter,1530,0,,6,3,1,1,1,1,3,2,9,2,5,0,0,-11,https://www.nba.com/game/0022000959/box-score
CHI_2020_21_G064,0022000959,2021-05-01,ATL,Kris Dunn,0,0,DNP - Coach's Decision,0,0,0,0,0,0,0,0,0,0,0,0,0,0,https://www.nba.com/game/0022000959/box-score
CHI_2020_21_G064,0022000959,2021-05-01,ATL,Lou Williams,774,0,,5,2,3,0,0,2,0,1,4,1,1,2,2,-6,https://www.nba.com/game/0022000959/box-score
CHI_2020_21_G064,0022000959,2021-05-01,ATL,Nathan Knight,0,0,DNP - Coach's Decision,0,0,0,0,0,0,0,0,0,0,0,0,0,0,https://www.nba.com/game/0022000959/box-score
CHI_2020_21_G064,0022000959,2021-05-01,ATL,Onyeka Okongwu,814,0,,4,3,0,0,0,1,3,2,2,0,0,0,0,-7,https://www.nba.com/game/0022000959/box-score
CHI_2020_21_G064,0022000959,2021-05-01,ATL,Skylar Mays,0,0,DNP - Coach's Decision,0,0,0,0,0,0,0,0,0,0,0,0,0,0,https://www.nba.com/game/0022000959/box-score
CHI_2020_21_G064,0022000959,2021-05-01,ATL,Solomon Hill,763,0,,0,1,0,0,0,0,0,0,3,0,2,0,0,-6,https://www.nba.com/game/0022000959/box-score
CHI_2020_21_G064,0022000959,2021-05-01,ATL,Tony Snell,1280,1,,3,0,1,2,0,1,2,1,2,1,2,0,0,24,https://www.nba.com/game/0022000959/box-score
CHI_2020_21_G064,0022000959,2021-05-01,ATL,Trae Young,2148,1,,33,3,7,2,0,4,2,9,14,4,8,11,12,15,https://www.nba.com/game/0022000959/box-score
CHI_2020_21_G064,0022000959,2021-05-01,CHI,Al-Farouq Aminu,731,0,,0,3,0,1,0,1,1,0,1,0,0,0,0,-3,https://www.nba.com/game/0022000959/box-score
CHI_2020_21_G064,0022000959,2021-05-01,CHI,Coby White,2018,1,,12,4,3,1,0,4,5,5,16,1,6,1,2,-5,https://www.nba.com/game/0022000959/box-score
CHI_2020_21_G064,0022000959,2021-05-01,CHI,Daniel Theis,1732,1,,7,7,0,3,0,1,0,3,8,0,3,1,2,-9,https://www.nba.com/game/0022000959/box-score
CHI_2020_21_G064,0022000959,2021-05-01,CHI,Denzel Valentine,990,0,,9,2,3,0,0,1,3,4,9,1,3,0,0,7,https://www.nba.com/game/0022000959/box-score
CHI_2020_21_G064,0022000959,2021-05-01,CHI,Garrett Temple,1671,1,,5,1,4,2,0,1,4,2,6,0,4,1,2,-18,https://www.nba.com/game/0022000959/box-score
CHI_2020_21_G064,0022000959,2021-05-01,CHI,Javonte Green,0,0,DNP - Coach's Decision,0,0,0,0,0,0,0,0,0,0,0,0,0,0,https://www.nba.com/game/0022000959/box-score
CHI_2020_21_G064,0022000959,2021-05-01,CHI,Lauri Markkanen,1367,0,,7,11,1,1,0,1,1,3,10,1,4,0,0,-3,https://www.nba.com/game/0022000959/box-score
CHI_2020_21_G064,0022000959,2021-05-01,CHI,Nikola Vucevic,0,0,DND - Injury/Illness,0,0,0,0,0,0,0,0,0,0,0,0,0,0,https://www.nba.com/game/0022000959/box-score
CHI_2020_21_G064,0022000959,2021-05-01,CHI,Patrick Williams,1983,1,,19,2,1,1,0,0,1,7,13,2,2,3,4,-9,https://www.nba.com/game/0022000959/box-score
CHI_2020_21_G064,0022000959,2021-05-01,CHI,Ryan Arcidiacono,934,0,,6,0,0,0,0,1,0,2,4,1,1,1,2,9,https://www.nba.com/game/0022000959/box-score
CHI_2020_21_G064,0022000959,2021-05-01,CHI,Thaddeus Young,1977,1,,20,7,9,2,0,2,4,10,12,0,0,0,0,-15,https://www.nba.com/game/0022000959/box-score
CHI_2020_21_G064,0022000959,2021-05-01,CHI,Tomas Satoransky,997,0,,12,2,1,0,0,1,3,4,6,0,1,4,5,-9,https://www.nba.com/game/0022000959/box-score
CHI_2020_21_G065,0022000979,2021-05-03,CHI,Adam Mokoka,0,0,DNP - Coach's Decision,0,0,0,0,0,0,0,0,0,0,0,0,0,0,https://www.nba.com/game/0022000979/box-score
CHI_2020_21_G065,0022000979,2021-05-03,CHI,Al-Farouq Aminu,978,0,,2,5,0,1,0,0,2,0,1,0,1,2,3,15,https://www.nba.com/game/0022000979/box-score
CHI_2020_21_G065,0022000979,2021-05-03,CHI,Coby White,1728,1,,23,2,5,0,0,3,1,8,19,5,10,2,2,-4,https://www.nba.com/game/0022000979/box-score
CHI_2020_21_G065,0022000979,2021-05-03,CHI,Cristiano Felicio,0,0,DNP - Coach's Decision,0,0,0,0,0,0,0,0,0,0,0,0,0,0,https://www.nba.com/game/0022000979/box-score
CHI_2020_21_G065,0022000979,2021-05-03,CHI,Daniel Theis,2411,1,,11,8,3,2,0,1,3,4,10,1,2,2,2,-11,https://www.nba.com/game/0022000979/box-score
CHI_2020_21_G065,0022000979,2021-05-03,CHI,Denzel Valentine,993,0,,11,2,4,0,0,1,1,3,7,3,6,2,2,13,https://www.nba.com/game/0022000979/box-score
CHI_2020_21_G065,0022000979,2021-05-03,CHI,Devon Dotson,0,0,DNP - Coach's Decision,0,0,0,0,0,0,0,0,0,0,0,0,0,0,https://www.nba.com/game/0022000979/box-score
CHI_2020_21_G065,0022000979,2021-05-03,CHI,Garrett Temple,1650,1,,7,1,0,0,1,1,1,3,6,1,2,0,0,-30,https://www.nba.com/game/0022000979/box-score
CHI_2020_21_G065,0022000979,2021-05-03,CHI,Javonte Green,673,0,,7,3,0,1,0,0,1,3,4,0,0,1,1,13,https://www.nba.com/game/0022000979/box-score
CHI_2020_21_G065,0022000979,2021-05-03,CHI,Lauri Markkanen,1008,0,,5,4,0,0,0,2,1,2,8,1,6,0,0,-8,https://www.nba.com/game/0022000979/box-score
CHI_2020_21_G065,0022000979,2021-05-03,CHI,Patrick Williams,1660,1,,5,7,4,2,0,1,3,2,8,0,1,1,2,-26,https://www.nba.com/game/0022000979/box-score
CHI_2020_21_G065,0022000979,2021-05-03,CHI,Ryan Arcidiacono,277,0,,0,0,0,0,0,0,1,0,2,0,1,0,0,0,https://www.nba.com/game/0022000979/box-score
CHI_2020_21_G065,0022000979,2021-05-03,CHI,Thaddeus Young,1663,1,,13,4,3,1,0,3,0,6,13,0,1,1,2,-16,https://www.nba.com/game/0022000979/box-score
CHI_2020_21_G065,0022000979,2021-05-03,CHI,Tomas Satoransky,1359,0,,10,4,6,0,1,3,1,5,9,0,4,0,0,-6,https://www.nba.com/game/0022000979/box-score
CHI_2020_21_G065,0022000979,2021-05-03,PHI,Anthony Tolliver,0,0,DNP - Coach's Decision,0,0,0,0,0,0,0,0,0,0,0,0,0,0,https://www.nba.com/game/0022000979/box-score
CHI_2020_21_G065,0022000979,2021-05-03,PHI,Ben Simmons,2006,1,,15,6,5,3,0,2,2,6,7,0,0,3,5,29,https://www.nba.com/game/0022000979/box-score
CHI_2020_21_G065,0022000979,2021-05-03,PHI,Danny Green,1723,1,,14,4,3,4,0,0,2,5,10,4,9,0,0,26,https://www.nba.com/game/0022000979/box-score
CHI_2020_21_G065,0022000979,2021-05-03,PHI,Dwight Howard,868,0,,1,7,0,0,0,0,1,0,2,0,0,1,2,-15,https://www.nba.com/game/0022000979/box-score
CHI_2020_21_G065,0022000979,2021-05-03,PHI,Furkan Korkmaz,277,0,,0,1,1,0,0,0,1,0,1,0,0,0,0,0,https://www.nba.com/game/0022000979/box-score
CHI_2020_21_G065,0022000979,2021-05-03,PHI,George Hill,800,0,,5,2,1,0,0,3,1,2,3,0,1,1,2,-1,https://www.nba.com/game/0022000979/box-score
CHI_2020_21_G065,0022000979,2021-05-03,PHI,Isaiah Joe,0,0,DNP - Coach's Decision,0,0,0,0,0,0,0,0,0,0,0,0,0,0,https://www.nba.com/game/0022000979/box-score
CHI_2020_21_G065,0022000979,2021-05-03,PHI,Joel Embiid,1977,1,,13,10,3,0,3,4,3,4,13,0,3,5,6,29,https://www.nba.com/game/0022000979/box-score
CHI_2020_21_G065,0022000979,2021-05-03,PHI,Matisse Thybulle,1217,0,,8,0,0,1,3,2,1,3,8,2,5,0,0,-16,https://www.nba.com/game/0022000979/box-score
CHI_2020_21_G065,0022000979,2021-05-03,PHI,Mike Scott,329,0,,0,0,0,0,0,0,0,0,1,0,1,0,0,-13,https://www.nba.com/game/0022000979/box-score
CHI_2020_21_G065,0022000979,2021-05-03,PHI,Paul Reed,0,0,DNP - Coach's Decision,0,0,0,0,0,0,0,0,0,0,0,0,0,0,https://www.nba.com/game/0022000979/box-score
CHI_2020_21_G065,0022000979,2021-05-03,PHI,Seth Curry,2110,1,,20,4,4,1,0,1,1,7,10,3,5,3,3,27,https://www.nba.com/game/0022000979/box-score
CHI_2020_21_G065,0022000979,2021-05-03,PHI,Shake Milton,874,0,,9,1,3,0,0,1,0,3,5,2,3,1,2,-17,https://www.nba.com/game/0022000979/box-score
CHI_2020_21_G065,0022000979,2021-05-03,PHI,Tobias Harris,2077,1,,21,9,3,2,0,3,1,10,13,0,0,1,1,17,https://www.nba.com/game/0022000979/box-score
CHI_2020_21_G065,0022000979,2021-05-03,PHI,Tyrese Maxey,143,0,,0,0,0,0,0,0,0,0,2,0,1,0,0,-6,https://www.nba.com/game/0022000979/box-score
CHI_2020_21_G066,0022000434,2021-05-06,CHA,Bismack Biyombo,1099,1,,2,6,3,0,0,2,1,1,2,0,0,0,0,-15,https://www.nba.com/game/0022000434/box-score
CHI_2020_21_G066,0022000434,2021-05-06,CHA,Brad Wanamaker,1224,0,,6,3,2,2,0,1,1,2,4,0,1,2,2,-11,https://www.nba.com/game/0022000434/box-score
CHI_2020_21_G066,0022000434,2021-05-06,CHA,Caleb Martin,1579,0,,7,3,1,2,0,2,1,2,6,1,3,2,4,-1,https://www.nba.com/game/0022000434/box-score
CHI_2020_21_G066,0022000434,2021-05-06,CHA,Cody Zeller,1094,0,,11,5,1,1,1,1,2,5,7,0,1,1,3,2,https://www.nba.com/game/0022000434/box-score
CHI_2020_21_G066,0022000434,2021-05-06,CHA,Grant Riller,117,0,,4,1,0,0,0,0,0,2,2,0,0,0,0,-2,https://www.nba.com/game/0022000434/box-score
CHI_2020_21_G066,0022000434,2021-05-06,CHA,Jalen McDaniels,1915,1,,9,3,1,1,2,2,3,4,10,1,3,0,3,-29,https://www.nba.com/game/0022000434/box-score
CHI_2020_21_G066,0022000434,2021-05-06,CHA,LaMelo Ball,1422,1,,4,4,9,0,0,1,4,1,10,0,2,2,4,-13,https://www.nba.com/game/0022000434/box-score
CHI_2020_21_G066,0022000434,2021-05-06,CHA,Malik Monk,1883,0,,20,4,7,0,0,3,0,7,16,6,11,0,0,-7,https://www.nba.com/game/0022000434/box-score
CHI_2020_21_G066,0022000434,2021-05-06,CHA,Nate Darling,117,0,,0,0,0,0,0,0,0,0,0,0,0,0,0,-2,https://www.nba.com/game/0022000434/box-score
CHI_2020_21_G066,0022000434,2021-05-06,CHA,Nick Richards,117,0,,0,2,0,0,0,0,0,0,1,0,0,0,0,-2,https://www.nba.com/game/0022000434/box-score
CHI_2020_21_G066,0022000434,2021-05-06,CHA,P.J. Washington,2002,1,,24,6,2,2,0,1,2,9,14,6,8,0,0,-11,https://www.nba.com/game/0022000434/box-score
CHI_2020_21_G066,0022000434,2021-05-06,CHA,Terry Rozier,1566,1,,12,8,3,3,0,2,1,5,16,2,6,0,2,-13,https://www.nba.com/game/0022000434/box-score
CHI_2020_21_G066,0022000434,2021-05-06,CHA,Vernon Carey Jr.,265,0,,0,0,0,0,0,0,1,0,2,0,0,0,0,-1,https://www.nba.com/game/0022000434/box-score
CHI_2020_21_G066,0022000434,2021-05-06,CHI,Al-Farouq Aminu,0,0,DNP - Coach's Decision,0,0,0,0,0,0,0,0,0,0,0,0,0,0,https://www.nba.com/game/0022000434/box-score
CHI_2020_21_G066,0022000434,2021-05-06,CHI,Coby White,1807,1,,14,4,6,0,0,4,5,5,12,3,8,1,2,7,https://www.nba.com/game/0022000434/box-score
CHI_2020_21_G066,0022000434,2021-05-06,CHI,Cristiano Felicio,117,0,,0,0,0,0,0,0,1,0,0,0,0,0,0,2,https://www.nba.com/game/0022000434/box-score
CHI_2020_21_G066,0022000434,2021-05-06,CHI,Daniel Theis,1567,1,,12,7,2,2,2,3,3,5,8,1,2,1,2,7,https://www.nba.com/game/0022000434/box-score
CHI_2020_21_G066,0022000434,2021-05-06,CHI,Denzel Valentine,117,0,,3,1,0,0,0,0,0,1,2,1,1,0,0,2,https://www.nba.com/game/0022000434/box-score
CHI_2020_21_G066,0022000434,2021-05-06,CHI,Devon Dotson,117,0,,0,0,1,0,0,0,0,0,0,0,0,0,0,2,https://www.nba.com/game/0022000434/box-score
CHI_2020_21_G066,0022000434,2021-05-06,CHI,Garrett Temple,1418,0,,12,3,2,2,1,1,1,5,11,2,5,0,0,7,https://www.nba.com/game/0022000434/box-score
CHI_2020_21_G066,0022000434,2021-05-06,CHI,Javonte Green,446,0,,3,1,2,1,0,0,0,0,2,0,1,3,3,11,https://www.nba.com/game/0022000434/box-score
CHI_2020_21_G066,0022000434,2021-05-06,CHI,Lauri Markkanen,1250,0,,10,7,1,1,2,0,1,4,5,2,3,0,0,0,https://www.nba.com/game/0022000434/box-score
CHI_2020_21_G066,0022000434,2021-05-06,CHI,Nikola Vucevic,1839,1,,29,14,3,2,1,1,2,12,24,5,7,0,0,14,https://www.nba.com/game/0022000434/box-score
CHI_2020_21_G066,0022000434,2021-05-06,CHI,Patrick Williams,1565,1,,11,9,2,0,1,2,1,4,5,0,0,3,5,19,https://www.nba.com/game/0022000434/box-score
CHI_2020_21_G066,0022000434,2021-05-06,CHI,Ryan Arcidiacono,117,0,,0,0,0,0,0,0,0,0,0,0,0,0,0,2,https://www.nba.com/game/0022000434/box-score
CHI_2020_21_G066,0022000434,2021-05-06,CHI,Thaddeus Young,1196,0,,7,6,8,2,1,2,1,3,8,0,0,1,3,12,https://www.nba.com/game/0022000434/box-score
CHI_2020_21_G066,0022000434,2021-05-06,CHI,Tomas Satoransky,1197,0,,6,1,4,0,0,0,3,2,3,1,2,1,2,12,https://www.nba.com/game/0022000434/box-score
CHI_2020_21_G066,0022000434,2021-05-06,CHI,Zach LaVine,1647,1,,13,3,2,0,0,4,2,5,11,3,8,0,0,8,https://www.nba.com/game/0022000434/box-score
CHI_2020_21_G067,0022000160,2021-05-07,BOS,Aaron Nesmith,754,0,,4,5,1,0,0,0,3,1,2,0,0,2,2,-13,https://www.nba.com/game/0022000160/box-score
CHI_2020_21_G067,0022000160,2021-05-07,BOS,Carsen Edwards,182,0,,3,0,0,0,0,1,0,1,2,1,2,0,0,-2,https://www.nba.com/game/0022000160/box-score
CHI_2020_21_G067,0022000160,2021-05-07,BOS,Evan Fournier,2165,1,,17,6,3,1,1,2,3,7,11,3,4,0,0,-4,https://www.nba.com/game/0022000160/box-score
CHI_2020_21_G067,0022000160,2021-05-07,BOS,Grant Williams,735,0,,9,2,0,0,1,0,3,2,5,1,4,4,4,-1,https://www.nba.com/game/0022000160/box-score
CHI_2020_21_G067,0022000160,2021-05-07,BOS,Jabari Parker,575,0,,4,2,0,0,1,1,0,2,4,0,1,0,0,-10,https://www.nba.com/game/0022000160/box-score
CHI_2020_21_G067,0022000160,2021-05-07,BOS,Jayson Tatum,2281,1,,9,6,3,2,0,3,0,3,15,0,7,3,4,-22,https://www.nba.com/game/0022000160/box-score
CHI_2020_21_G067,0022000160,2021-05-07,BOS,Kemba Walker,2117,1,,33,4,3,1,1,2,1,10,22,6,13,7,8,-4,https://www.nba.com/game/0022000160/box-score
CHI_2020_21_G067,0022000160,2021-05-07,BOS,Luke Kornet,604,0,,4,2,0,0,1,0,0,2,3,0,1,0,0,-6,https://www.nba.com/game/0022000160/box-score
CHI_2020_21_G067,0022000160,2021-05-07,BOS,Marcus Smart,1937,1,,4,8,5,1,0,3,2,2,7,0,4,0,1,-19,https://www.nba.com/game/0022000160/box-score
CHI_2020_21_G067,0022000160,2021-05-07,BOS,Payton Pritchard,685,0,,2,0,1,0,0,0,0,1,4,0,3,0,0,-15,https://www.nba.com/game/0022000160/box-score
CHI_2020_21_G067,0022000160,2021-05-07,BOS,Romeo Langford,182,0,,0,0,2,0,0,0,0,0,1,0,0,0,0,-2,https://www.nba.com/game/0022000160/box-score
CHI_2020_21_G067,0022000160,2021-05-07,BOS,Semi Ojeleye,0,0,DNP - Coach's Decision,0,0,0,0,0,0,0,0,0,0,0,0,0,0,https://www.nba.com/game/0022000160/box-score
CHI_2020_21_G067,0022000160,2021-05-07,BOS,Tacko Fall,382,0,,2,2,0,0,1,0,2,1,2,0,0,0,0,-10,https://www.nba.com/game/0022000160/box-score
CHI_2020_21_G067,0022000160,2021-05-07,BOS,Tremont Waters,182,0,,0,0,0,0,0,0,0,0,1,0,0,0,0,-2,https://www.nba.com/game/0022000160/box-score
CHI_2020_21_G067,0022000160,2021-05-07,BOS,Tristan Thompson,1619,1,,8,10,1,0,2,1,1,3,7,0,0,2,4,0,https://www.nba.com/game/0022000160/box-score
CHI_2020_21_G067,0022000160,2021-05-07,CHI,Al-Farouq Aminu,0,0,DNP - Coach's Decision,0,0,0,0,0,0,0,0,0,0,0,0,0,0,https://www.nba.com/game/0022000160/box-score
CHI_2020_21_G067,0022000160,2021-05-07,CHI,Coby White,1989,1,,25,7,5,1,1,2,1,9,16,7,12,0,0,13,https://www.nba.com/game/0022000160/box-score
CHI_2020_21_G067,0022000160,2021-05-07,CHI,Cristiano Felicio,102,0,,0,0,1,0,0,0,0,0,0,0,0,0,0,4,https://www.nba.com/game/0022000160/box-score
CHI_2020_21_G067,0022000160,2021-05-07,CHI,Daniel Theis,1711,1,,9,8,0,1,0,0,3,3,9,1,3,2,2,7,https://www.nba.com/game/0022000160/box-score
CHI_2020_21_G067,0022000160,2021-05-07,CHI,Denzel Valentine,102,0,,2,0,1,0,0,0,0,1,1,0,0,0,0,4,https://www.nba.com/game/0022000160/box-score
CHI_2020_21_G067,0022000160,2021-05-07,CHI,Devon Dotson,102,0,,4,0,0,1,0,0,0,2,2,0,0,0,0,4,https://www.nba.com/game/0022000160/box-score
CHI_2020_21_G067,0022000160,2021-05-07,CHI,Garrett Temple,1726,0,,4,6,0,0,0,0,4,1,5,1,2,1,2,17,https://www.nba.com/game/0022000160/box-score
CHI_2020_21_G067,0022000160,2021-05-07,CHI,Javonte Green,367,0,,3,1,0,0,0,0,0,1,1,1,1,0,0,10,https://www.nba.com/game/0022000160/box-score
CHI_2020_21_G067,0022000160,2021-05-07,CHI,Lauri Markkanen,853,0,,8,2,0,0,0,0,3,1,5,1,3,5,5,6,https://www.nba.com/game/0022000160/box-score
CHI_2020_21_G067,0022000160,2021-05-07,CHI,Nikola Vucevic,1925,1,,18,14,10,2,1,4,2,7,16,2,5,2,2,12,https://www.nba.com/game/0022000160/box-score
CHI_2020_21_G067,0022000160,2021-05-07,CHI,Patrick Williams,1605,1,,7,4,2,2,0,1,2,3,7,1,3,0,0,9,https://www.nba.com/game/0022000160/box-score
CHI_2020_21_G067,0022000160,2021-05-07,CHI,Ryan Arcidiacono,102,0,,3,1,0,0,0,0,0,1,1,1,1,0,0,4,https://www.nba.com/game/0022000160/box-score
CHI_2020_21_G067,0022000160,2021-05-07,CHI,Thaddeus Young,1067,0,,9,3,1,1,1,2,2,2,6,0,0,5,5,11,https://www.nba.com/game/0022000160/box-score
CHI_2020_21_G067,0022000160,2021-05-07,CHI,Tomas Satoransky,789,0,,4,1,4,0,1,0,1,2,6,0,1,0,0,5,https://www.nba.com/game/0022000160/box-score
CHI_2020_21_G067,0022000160,2021-05-07,CHI,Zach LaVine,1960,1,,25,5,2,2,0,0,2,10,24,3,9,2,2,4,https://www.nba.com/game/0022000160/box-score
CHI_2020_21_G068,0022001023,2021-05-09,CHI,Adam Mokoka,0,0,DNP - Coach's Decision,0,0,0,0,0,0,0,0,0,0,0,0,0,0,https://www.nba.com/game/0022001023/box-score
CHI_2020_21_G068,0022001023,2021-05-09,CHI,Al-Farouq Aminu,0,0,DNP - Coach's Decision,0,0,0,0,0,0,0,0,0,0,0,0,0,0,https://www.nba.com/game/0022001023/box-score
CHI_2020_21_G068,0022001023,2021-05-09,CHI,Coby White,1842,1,,21,4,3,0,0,1,2,8,16,5,11,0,0,0,https://www.nba.com/game/0022001023/box-score
CHI_2020_21_G068,0022001023,2021-05-09,CHI,Cristiano Felicio,0,0,DNP - Coach's Decision,0,0,0,0,0,0,0,0,0,0,0,0,0,0,https://www.nba.com/game/0022001023/box-score
CHI_2020_21_G068,0022001023,2021-05-09,CHI,Denzel Valentine,0,0,DNP - Coach's Decision,0,0,0,0,0,0,0,0,0,0,0,0,0,0,https://www.nba.com/game/0022001023/box-score
CHI_2020_21_G068,0022001023,2021-05-09,CHI,Devon Dotson,0,0,DNP - Coach's Decision,0,0,0,0,0,0,0,0,0,0,0,0,0,0,https://www.nba.com/game/0022001023/box-score
CHI_2020_21_G068,0022001023,2021-05-09,CHI,Garrett Temple,1846,0,,1,5,4,0,2,1,1,0,2,0,1,1,2,1,https://www.nba.com/game/0022001023/box-score
CHI_2020_21_G068,0022001023,2021-05-09,CHI,Javonte Green,759,0,,4,0,0,1,0,1,3,2,3,0,0,0,0,1,https://www.nba.com/game/0022001023/box-score
CHI_2020_21_G068,0022001023,2021-05-09,CHI,Lauri Markkanen,1373,0,,2,7,1,3,0,1,3,1,2,0,1,0,2,1,https://www.nba.com/game/0022001023/box-score
CHI_2020_21_G068,0022001023,2021-05-09,CHI,Nikola Vucevic,2170,1,,29,16,2,0,1,0,4,14,27,1,8,0,0,0,https://www.nba.com/game/0022001023/box-score
CHI_2020_21_G068,0022001023,2021-05-09,CHI,Patrick Williams,1380,1,,4,2,1,2,0,1,1,2,4,0,1,0,0,7,https://www.nba.com/game/0022001023/box-score
CHI_2020_21_G068,0022001023,2021-05-09,CHI,Ryan Arcidiacono,0,0,DNP - Coach's Decision,0,0,0,0,0,0,0,0,0,0,0,0,0,0,https://www.nba.com/game/0022001023/box-score
CHI_2020_21_G068,0022001023,2021-05-09,CHI,Thaddeus Young,1611,1,,11,3,3,0,0,2,3,4,10,2,3,1,2,19,https://www.nba.com/game/0022001023/box-score
CHI_2020_21_G068,0022001023,2021-05-09,CHI,Tomas Satoransky,1282,0,,6,3,7,0,0,0,1,2,4,1,2,1,1,12,https://www.nba.com/game/0022001023/box-score
CHI_2020_21_G068,0022001023,2021-05-09,CHI,Zach LaVine,2137,1,,30,3,6,0,0,1,4,10,16,3,5,7,7,19,https://www.nba.com/game/0022001023/box-score
CHI_2020_21_G068,0022001023,2021-05-09,DET,Cory Joseph,0,0,DNP - Injury/Illness,0,0,0,0,0,0,0,0,0,0,0,0,0,0,https://www.nba.com/game/0022001023/box-score
CHI_2020_21_G068,0022001023,2021-05-09,DET,Deividas Sirvydis,1306,0,,0,5,0,1,0,0,1,0,2,0,1,0,2,-11,https://www.nba.com/game/0022001023/box-score
CHI_2020_21_G068,0022001023,2021-05-09,DET,Frank Jackson,496,1,,2,0,0,0,0,1,0,1,4,0,1,0,0,-4,https://www.nba.com/game/0022001023/box-score
CHI_2020_21_G068,0022001023,2021-05-09,DET,Isaiah Stewart,1949,1,,19,7,3,0,2,0,1,7,13,3,7,2,4,-5,https://www.nba.com/game/0022001023/box-score
CHI_2020_21_G068,0022001023,2021-05-09,DET,Jahlil Okafor,931,0,,4,4,0,1,0,1,1,2,6,0,0,0,0,-7,https://www.nba.com/game/0022001023/box-score
CHI_2020_21_G068,0022001023,2021-05-09,DET,Jerami Grant,0,0,DNP - Injury/Illness,0,0,0,0,0,0,0,0,0,0,0,0,0,0,https://www.nba.com/game/0022001023/box-score
CHI_2020_21_G068,0022001023,2021-05-09,DET,Killian Hayes,2305,1,,21,7,8,0,0,7,2,9,17,3,6,0,0,-8,https://www.nba.com/game/0022001023/box-score
CHI_2020_21_G068,0022001023,2021-05-09,DET,Saben Lee,1931,0,,13,1,7,2,0,1,4,5,10,0,1,3,4,-3,https://www.nba.com/game/0022001023/box-score
CHI_2020_21_G068,0022001023,2021-05-09,DET,Saddiq Bey,2452,1,,20,7,1,0,0,1,1,6,17,5,10,3,4,-9,https://www.nba.com/game/0022001023/box-score
CHI_2020_21_G068,0022001023,2021-05-09,DET,Sekou Doumbouya,1651,1,,5,0,2,0,2,1,3,1,4,0,1,3,4,-4,https://www.nba.com/game/0022001023/box-score
CHI_2020_21_G068,0022001023,2021-05-09,DET,Tyler Cook,1379,0,,12,6,1,0,0,1,1,5,6,0,0,2,4,-9,https://www.nba.com/game/0022001023/box-score
CHI_2020_21_G068,0022001023,2021-05-09,DET,Wayne Ellington,0,0,DNP - Injury/Illness,0,0,0,0,0,0,0,0,0,0,0,0,0,0,https://www.nba.com/game/0022001023/box-score
CHI_2020_21_G069,0022001036,2021-05-11,BKN,Alize Johnson,0,0,DNP - Coach's Decision,0,0,0,0,0,0,0,0,0,0,0,0,0,0,https://www.nba.com/game/0022001036/box-score
CHI_2020_21_G069,0022001036,2021-05-11,BKN,Blake Griffin,1452,1,,13,4,4,0,0,0,3,5,8,2,4,1,2,6,https://www.nba.com/game/0022001036/box-score
CHI_2020_21_G069,0022001036,2021-05-11,BKN,Bruce Brown,1678,1,,15,10,3,0,1,0,2,6,11,1,2,2,2,9,https://www.nba.com/game/0022001036/box-score
CHI_2020_21_G069,0022001036,2021-05-11,BKN,DeAndre Jordan,0,0,DNP - Coach's Decision,0,0,0,0,0,0,0,0,0,0,0,0,0,0,https://www.nba.com/game/0022001036/box-score
CHI_2020_21_G069,0022001036,2021-05-11,BKN,Jeff Green,1510,0,,14,8,1,0,1,2,1,5,12,2,7,2,2,-4,https://www.nba.com/game/0022001036/box-score
CHI_2020_21_G069,0022001036,2021-05-11,BKN,Joe Harris,2009,1,,17,5,2,1,0,2,4,7,16,2,7,1,1,8,https://www.nba.com/game/0022001036/box-score
CHI_2020_21_G069,0022001036,2021-05-11,BKN,Kevin Durant,1904,1,,21,4,8,1,3,2,2,9,13,1,2,2,3,7,https://www.nba.com/game/0022001036/box-score
CHI_2020_21_G069,0022001036,2021-05-11,BKN,Kyrie Irving,1240,1,,13,3,5,0,0,0,0,4,10,3,5,2,2,4,https://www.nba.com/game/0022001036/box-score
CHI_2020_21_G069,0022001036,2021-05-11,BKN,Landry Shamet,1605,0,,1,0,2,1,0,0,4,0,5,0,2,1,2,0,https://www.nba.com/game/0022001036/box-score
CHI_2020_21_G069,0022001036,2021-05-11,BKN,Mike James,1609,0,,11,7,6,1,1,1,2,1,7,1,4,8,8,5,https://www.nba.com/game/0022001036/box-score
CHI_2020_21_G069,0022001036,2021-05-11,BKN,Nic Claxton,1392,0,,10,10,1,0,2,0,1,5,7,0,0,0,3,5,https://www.nba.com/game/0022001036/box-score
CHI_2020_21_G069,0022001036,2021-05-11,BKN,Reggie Perry,0,0,DNP - Coach's Decision,0,0,0,0,0,0,0,0,0,0,0,0,0,0,https://www.nba.com/game/0022001036/box-score
CHI_2020_21_G069,0022001036,2021-05-11,BKN,Timothe Luwawu-Cabarrot,0,0,DNP - Coach's Decision,0,0,0,0,0,0,0,0,0,0,0,0,0,0,https://www.nba.com/game/0022001036/box-score
CHI_2020_21_G069,0022001036,2021-05-11,BKN,Tyler Johnson,0,0,DNP - Coach's Decision,0,0,0,0,0,0,0,0,0,0,0,0,0,0,https://www.nba.com/game/0022001036/box-score
CHI_2020_21_G069,0022001036,2021-05-11,CHI,Al-Farouq Aminu,0,0,DNP - Coach's Decision,0,0,0,0,0,0,0,0,0,0,0,0,0,0,https://www.nba.com/game/0022001036/box-score
CHI_2020_21_G069,0022001036,2021-05-11,CHI,Coby White,2230,1,,16,3,4,1,0,0,4,6,17,4,11,0,0,-5,https://www.nba.com/game/0022001036/box-score
CHI_2020_21_G069,0022001036,2021-05-11,CHI,Cristiano Felicio,0,0,DNP - Coach's Decision,0,0,0,0,0,0,0,0,0,0,0,0,0,0,https://www.nba.com/game/0022001036/box-score
CHI_2020_21_G069,0022001036,2021-05-11,CHI,Daniel Theis,1279,1,,10,6,2,0,1,1,4,3,4,2,2,2,2,-13,https://www.nba.com/game/0022001036/box-score
CHI_2020_21_G069,0022001036,2021-05-11,CHI,Denzel Valentine,0,0,DNP - Coach's Decision,0,0,0,0,0,0,0,0,0,0,0,0,0,0,https://www.nba.com/game/0022001036/box-score
CHI_2020_21_G069,0022001036,2021-05-11,CHI,Devon Dotson,0,0,DNP - Coach's Decision,0,0,0,0,0,0,0,0,0,0,0,0,0,0,https://www.nba.com/game/0022001036/box-score
CHI_2020_21_G069,0022001036,2021-05-11,CHI,Garrett Temple,1740,0,,7,6,4,1,1,0,3,2,8,0,3,3,3,3,https://www.nba.com/game/0022001036/box-score
CHI_2020_21_G069,0022001036,2021-05-11,CHI,Javonte Green,158,0,,0,1,0,0,0,0,1,0,0,0,0,0,0,0,https://www.nba.com/game/0022001036/box-score
CHI_2020_21_G069,0022001036,2021-05-11,CHI,Lauri Markkanen,1140,0,,11,2,0,0,0,0,0,4,8,3,7,0,0,-3,https://www.nba.com/game/0022001036/box-score
CHI_2020_21_G069,0022001036,2021-05-11,CHI,Nikola Vucevic,2174,1,,12,12,6,0,0,1,1,5,18,2,6,0,0,1,https://www.nba.com/game/0022001036/box-score
CHI_2020_21_G069,0022001036,2021-05-11,CHI,Patrick Williams,1369,1,,5,1,0,0,2,2,2,2,2,1,1,0,0,-16,https://www.nba.com/game/0022001036/box-score
CHI_2020_21_G069,0022001036,2021-05-11,CHI,Ryan Arcidiacono,0,0,DNP - Coach's Decision,0,0,0,0,0,0,0,0,0,0,0,0,0,0,https://www.nba.com/game/0022001036/box-score
CHI_2020_21_G069,0022001036,2021-05-11,CHI,Thaddeus Young,1468,0,,4,9,3,1,1,2,1,2,10,0,2,0,0,6,https://www.nba.com/game/0022001036/box-score
CHI_2020_21_G069,0022001036,2021-05-11,CHI,Tomas Satoransky,650,0,,1,2,1,0,0,1,0,0,2,0,1,1,2,-3,https://www.nba.com/game/0022001036/box-score
CHI_2020_21_G069,0022001036,2021-05-11,CHI,Zach LaVine,2192,1,,41,3,1,1,0,2,4,15,27,6,11,5,7,-10,https://www.nba.com/game/0022001036/box-score
CHI_2020_21_G070,0022001051,2021-05-13,CHI,Adam Mokoka,0,0,DNP - Coach's Decision,0,0,0,0,0,0,0,0,0,0,0,0,0,0,https://www.nba.com/game/0022001051/box-score
CHI_2020_21_G070,0022001051,2021-05-13,CHI,Al-Farouq Aminu,0,0,DNP - Coach's Decision,0,0,0,0,0,0,0,0,0,0,0,0,0,0,https://www.nba.com/game/0022001051/box-score
CHI_2020_21_G070,0022001051,2021-05-13,CHI,Coby White,2507,1,,17,5,10,1,0,2,3,7,12,3,7,0,0,14,https://www.nba.com/game/0022001051/box-score
CHI_2020_21_G070,0022001051,2021-05-13,CHI,Cristiano Felicio,0,0,DNP - Coach's Decision,0,0,0,0,0,0,0,0,0,0,0,0,0,0,https://www.nba.com/game/0022001051/box-score
CHI_2020_21_G070,0022001051,2021-05-13,CHI,Denzel Valentine,0,0,DNP - Coach's Decision,0,0,0,0,0,0,0,0,0,0,0,0,0,0,https://www.nba.com/game/0022001051/box-score
CHI_2020_21_G070,0022001051,2021-05-13,CHI,Devon Dotson,0,0,DNP - Coach's Decision,0,0,0,0,0,0,0,0,0,0,0,0,0,0,https://www.nba.com/game/0022001051/box-score
CHI_2020_21_G070,0022001051,2021-05-13,CHI,Garrett Temple,1640,0,,2,2,1,1,1,0,3,1,1,0,0,0,0,4,https://www.nba.com/game/0022001051/box-score
CHI_2020_21_G070,0022001051,2021-05-13,CHI,Javonte Green,752,0,,10,0,0,1,0,1,0,4,6,2,3,0,0,15,https://www.nba.com/game/0022001051/box-score
CHI_2020_21_G070,0022001051,2021-05-13,CHI,Lauri Markkanen,1519,0,,20,7,2,1,1,2,3,7,10,6,9,0,0,15,https://www.nba.com/game/0022001051/box-score
CHI_2020_21_G070,0022001051,2021-05-13,CHI,Nikola Vucevic,1945,1,,16,16,6,0,0,2,2,7,19,2,7,0,0,3,https://www.nba.com/game/0022001051/box-score
CHI_2020_21_G070,0022001051,2021-05-13,CHI,Patrick Williams,1099,1,,9,5,1,0,1,2,0,3,8,1,3,2,4,-3,https://www.nba.com/game/0022001051/box-score
CHI_2020_21_G070,0022001051,2021-05-13,CHI,Ryan Arcidiacono,0,0,DNP - Coach's Decision,0,0,0,0,0,0,0,0,0,0,0,0,0,0,https://www.nba.com/game/0022001051/box-score
CHI_2020_21_G070,0022001051,2021-05-13,CHI,Thaddeus Young,1685,1,,10,9,7,0,1,4,1,5,8,0,0,0,0,2,https://www.nba.com/game/0022001051/box-score
CHI_2020_21_G070,0022001051,2021-05-13,CHI,Tomas Satoransky,1180,0,,6,2,2,0,0,2,1,3,4,0,0,0,0,8,https://www.nba.com/game/0022001051/box-score
CHI_2020_21_G070,0022001051,2021-05-13,CHI,Zach LaVine,2073,1,,24,5,2,0,0,3,2,8,15,3,7,5,6,2,https://www.nba.com/game/0022001051/box-score
CHI_2020_21_G070,0022001051,2021-05-13,TOR,Aron Baynes,1237,0,,6,3,3,1,0,1,3,3,6,0,2,0,1,-3,https://www.nba.com/game/0022001051/box-score
CHI_2020_21_G070,0022001051,2021-05-13,TOR,Chris Boucher,0,0,DNP - Coach's Decision,0,0,0,0,0,0,0,0,0,0,0,0,0,0,https://www.nba.com/game/0022001051/box-score
CHI_2020_21_G070,0022001051,2021-05-13,TOR,DeAndre' Bembry,2363,0,,12,2,6,4,1,1,1,6,11,0,2,0,0,-4,https://www.nba.com/game/0022001051/box-score
CHI_2020_21_G070,0022001051,2021-05-13,TOR,Freddie Gillespie,1850,0,,2,5,0,3,0,1,3,1,4,0,0,0,1,-19,https://www.nba.com/game/0022001051/box-score
CHI_2020_21_G070,0022001051,2021-05-13,TOR,Gary Trent Jr.,0,0,DNP - Coach's Decision,0,0,0,0,0,0,0,0,0,0,0,0,0,0,https://www.nba.com/game/0022001051/box-score
CHI_2020_21_G070,0022001051,2021-05-13,TOR,Jalen Harris,1628,1,,17,1,0,1,0,3,3,7,12,3,6,0,0,-12,https://www.nba.com/game/0022001051/box-score
CHI_2020_21_G070,0022001051,2021-05-13,TOR,Khem Birch,1691,1,,14,5,2,2,0,0,0,6,13,1,2,1,3,-7,https://www.nba.com/game/0022001051/box-score
CHI_2020_21_G070,0022001051,2021-05-13,TOR,Malachi Flynn,2487,1,,16,4,7,1,0,2,3,5,19,2,10,4,6,1,https://www.nba.com/game/0022001051/box-score
CHI_2020_21_G070,0022001051,2021-05-13,TOR,Paul Watson,0,0,DND - Injury/Illness,0,0,0,0,0,0,0,0,0,0,0,0,0,0,https://www.nba.com/game/0022001051/box-score
CHI_2020_21_G070,0022001051,2021-05-13,TOR,Stanley Johnson,2584,1,,35,10,5,3,0,0,1,12,22,6,13,5,7,-8,https://www.nba.com/game/0022001051/box-score
CHI_2020_21_G070,0022001051,2021-05-13,TOR,Yuta Watanabe,560,1,,0,2,1,1,0,1,0,0,3,0,1,0,0,-8,https://www.nba.com/game/0022001051/box-score
CHI_2020_21_G071,0022001060,2021-05-15,BKN,Alize Johnson,170,0,,0,0,0,0,1,0,1,0,1,0,0,0,0,-4,https://www.nba.com/game/0022001060/box-score
CHI_2020_21_G071,0022001060,2021-05-15,BKN,Blake Griffin,1182,1,,2,4,1,1,0,0,1,0,6,0,2,2,2,-8,https://www.nba.com/game/0022001060/box-score
CHI_2020_21_G071,0022001060,2021-05-15,BKN,Bruce Brown,1714,1,,16,12,3,2,1,2,2,8,13,0,1,0,0,8,https://www.nba.com/game/0022001060/box-score
CHI_2020_21_G071,0022001060,2021-05-15,BKN,DeAndre Jordan,0,0,DNP - Coach's Decision,0,0,0,0,0,0,0,0,0,0,0,0,0,0,https://www.nba.com/game/0022001060/box-score
CHI_2020_21_G071,0022001060,2021-05-15,BKN,James Harden,1501,1,,5,5,7,1,2,0,2,2,4,1,3,0,2,5,https://www.nba.com/game/0022001060/box-score
CHI_2020_21_G071,0022001060,2021-05-15,BKN,Jeff Green,996,0,,19,0,0,0,0,0,0,7,8,5,6,0,0,10,https://www.nba.com/game/0022001060/box-score
CHI_2020_21_G071,0022001060,2021-05-15,BKN,Kevin Durant,1781,1,,12,9,6,0,0,5,1,4,17,1,6,3,4,10,https://www.nba.com/game/0022001060/box-score
CHI_2020_21_G071,0022001060,2021-05-15,BKN,Kyrie Irving,1771,1,,22,2,0,1,1,0,1,9,16,3,7,1,1,5,https://www.nba.com/game/0022001060/box-score
CHI_2020_21_G071,0022001060,2021-05-15,BKN,Landry Shamet,1579,0,,8,2,2,1,0,0,0,3,8,2,6,0,0,19,https://www.nba.com/game/0022001060/box-score
CHI_2020_21_G071,0022001060,2021-05-15,BKN,Mike James,972,0,,8,4,5,0,0,1,0,3,8,1,2,1,2,6,https://www.nba.com/game/0022001060/box-score
CHI_2020_21_G071,0022001060,2021-05-15,BKN,Nic Claxton,1528,0,,10,8,0,0,3,0,4,4,4,0,0,2,4,26,https://www.nba.com/game/0022001060/box-score
CHI_2020_21_G071,0022001060,2021-05-15,BKN,Reggie Perry,170,0,,0,3,0,0,0,1,3,0,1,0,0,0,0,-4,https://www.nba.com/game/0022001060/box-score
CHI_2020_21_G071,0022001060,2021-05-15,BKN,Timothe Luwawu-Cabarrot,170,0,,0,0,0,0,0,0,0,0,0,0,0,0,0,-4,https://www.nba.com/game/0022001060/box-score
CHI_2020_21_G071,0022001060,2021-05-15,BKN,Tyler Johnson,866,0,,3,3,2,0,0,0,1,1,1,1,1,0,0,1,https://www.nba.com/game/0022001060/box-score
CHI_2020_21_G071,0022001060,2021-05-15,CHI,Adam Mokoka,149,0,,0,0,0,0,0,1,0,0,1,0,0,0,0,6,https://www.nba.com/game/0022001060/box-score
CHI_2020_21_G071,0022001060,2021-05-15,CHI,Al-Farouq Aminu,0,0,DNP - Coach's Decision,0,0,0,0,0,0,0,0,0,0,0,0,0,0,https://www.nba.com/game/0022001060/box-score
CHI_2020_21_G071,0022001060,2021-05-15,CHI,Coby White,2064,1,,3,7,6,0,0,3,3,1,10,1,6,0,0,-17,https://www.nba.com/game/0022001060/box-score
CHI_2020_21_G071,0022001060,2021-05-15,CHI,Cristiano Felicio,170,0,,4,4,0,1,0,0,0,1,1,0,0,2,4,4,https://www.nba.com/game/0022001060/box-score
CHI_2020_21_G071,0022001060,2021-05-15,CHI,Denzel Valentine,961,0,,0,2,2,0,0,0,0,0,7,0,3,0,0,-12,https://www.nba.com/game/0022001060/box-score
CHI_2020_21_G071,0022001060,2021-05-15,CHI,Devon Dotson,149,0,,0,0,0,0,0,0,0,0,1,0,1,0,0,6,https://www.nba.com/game/0022001060/box-score
CHI_2020_21_G071,0022001060,2021-05-15,CHI,Garrett Temple,1644,1,,8,2,1,1,2,1,2,3,11,2,7,0,0,-6,https://www.nba.com/game/0022001060/box-score
CHI_2020_21_G071,0022001060,2021-05-15,CHI,Javonte Green,1035,0,,4,4,1,0,1,0,2,0,2,0,1,4,4,-2,https://www.nba.com/game/0022001060/box-score
CHI_2020_21_G071,0022001060,2021-05-15,CHI,Lauri Markkanen,1823,0,,14,2,1,1,0,1,0,5,10,4,7,0,0,-23,https://www.nba.com/game/0022001060/box-score
CHI_2020_21_G071,0022001060,2021-05-15,CHI,Nikola Vucevic,1815,1,,10,11,3,0,1,2,4,4,18,0,8,2,2,-11,https://www.nba.com/game/0022001060/box-score
CHI_2020_21_G071,0022001060,2021-05-15,CHI,Patrick Williams,1972,1,,24,5,1,2,0,0,1,9,14,3,4,3,4,-14,https://www.nba.com/game/0022001060/box-score
CHI_2020_21_G071,0022001060,2021-05-15,CHI,Ryan Arcidiacono,816,0,,5,2,5,1,0,1,1,2,5,1,3,0,0,3,https://www.nba.com/game/0022001060/box-score
CHI_2020_21_G071,0022001060,2021-05-15,CHI,Thaddeus Young,1803,1,,19,13,4,1,0,0,0,9,18,0,1,1,3,-4,https://www.nba.com/game/0022001060/box-score
CHI_2020_21_G072,0022001068,2021-05-16,CHI,Adam Mokoka,0,0,DNP - Coach's Decision,0,0,0,0,0,0,0,0,0,0,0,0,0,0,https://www.nba.com/game/0022001068/box-score
CHI_2020_21_G072,0022001068,2021-05-16,CHI,Al-Farouq Aminu,0,0,DNP - Coach's Decision,0,0,0,0,0,0,0,0,0,0,0,0,0,0,https://www.nba.com/game/0022001068/box-score
CHI_2020_21_G072,0022001068,2021-05-16,CHI,Coby White,1876,1,,19,5,5,1,1,4,1,6,13,4,9,3,4,-9,https://www.nba.com/game/0022001068/box-score
CHI_2020_21_G072,0022001068,2021-05-16,CHI,Cristiano Felicio,1077,0,,5,8,0,1,0,0,2,2,5,0,1,1,2,5,https://www.nba.com/game/0022001068/box-score
CHI_2020_21_G072,0022001068,2021-05-16,CHI,Denzel Valentine,1249,0,,8,2,3,0,1,0,3,3,9,2,4,0,0,9,https://www.nba.com/game/0022001068/box-score
CHI_2020_21_G072,0022001068,2021-05-16,CHI,Devon Dotson,1285,0,,11,2,4,1,0,0,2,5,10,1,5,0,0,13,https://www.nba.com/game/0022001068/box-score
CHI_2020_21_G072,0022001068,2021-05-16,CHI,Garrett Temple,1718,1,,7,3,3,0,0,2,1,3,5,1,2,0,0,-7,https://www.nba.com/game/0022001068/box-score
CHI_2020_21_G072,0022001068,2021-05-16,CHI,Javonte Green,1394,0,,6,2,1,4,1,0,3,3,5,0,1,0,0,12,https://www.nba.com/game/0022001068/box-score
CHI_2020_21_G072,0022001068,2021-05-16,CHI,Lauri Markkanen,1486,1,,17,5,1,0,0,2,1,6,11,2,4,3,4,-11,https://www.nba.com/game/0022001068/box-score
CHI_2020_21_G072,0022001068,2021-05-16,CHI,Patrick Williams,1778,1,,11,7,1,1,2,3,2,4,8,0,1,3,3,-2,https://www.nba.com/game/0022001068/box-score
CHI_2020_21_G072,0022001068,2021-05-16,CHI,Ryan Arcidiacono,1004,0,,14,4,2,0,0,1,3,5,6,4,4,0,0,15,https://www.nba.com/game/0022001068/box-score
CHI_2020_21_G072,0022001068,2021-05-16,CHI,Thaddeus Young,1533,1,,20,7,3,0,3,4,2,8,15,0,1,4,6,5,https://www.nba.com/game/0022001068/box-score
CHI_2020_21_G072,0022001068,2021-05-16,MIL,Bobby Portis,0,0,DNP - Injury/Illness,0,0,0,0,0,0,0,0,0,0,0,0,0,0,https://www.nba.com/game/0022001068/box-score
CHI_2020_21_G072,0022001068,2021-05-16,MIL,Brook Lopez,0,0,DNP - Rest,0,0,0,0,0,0,0,0,0,0,0,0,0,0,https://www.nba.com/game/0022001068/box-score
CHI_2020_21_G072,0022001068,2021-05-16,MIL,Bryn Forbes,0,0,DNP - Rest,0,0,0,0,0,0,0,0,0,0,0,0,0,0,https://www.nba.com/game/0022001068/box-score
CHI_2020_21_G072,0022001068,2021-05-16,MIL,Donte DiVincenzo,0,0,DNP - Injury/Illness,0,0,0,0,0,0,0,0,0,0,0,0,0,0,https://www.nba.com/game/0022001068/box-score
CHI_2020_21_G072,0022001068,2021-05-16,MIL,Elijah Bryant,1894,0,,16,6,3,0,1,4,4,6,13,1,5,3,3,11,https://www.nba.com/game/0022001068/box-score
CHI_2020_21_G072,0022001068,2021-05-16,MIL,Giannis Antetokounmpo,0,0,DNP - Rest,0,0,0,0,0,0,0,0,0,0,0,0,0,0,https://www.nba.com/game/0022001068/box-score
CHI_2020_21_G072,0022001068,2021-05-16,MIL,Jeff Teague,2018,1,,23,3,7,3,1,2,0,5,11,3,3,10,12,3,https://www.nba.com/game/0022001068/box-score
CHI_2020_21_G072,0022001068,2021-05-16,MIL,Jordan Nwora,2153,0,,34,14,0,2,3,3,3,14,23,4,8,2,4,-9,https://www.nba.com/game/0022001068/box-score
CHI_2020_21_G072,0022001068,2021-05-16,MIL,Jrue Holiday,0,0,DNP - Injury/Illness,0,0,0,0,0,0,0,0,0,0,0,0,0,0,https://www.nba.com/game/0022001068/box-score
CHI_2020_21_G072,0022001068,2021-05-16,MIL,Justin Jackson,1957,0,,9,6,1,0,0,1,1,3,9,2,6,1,2,4,https://www.nba.com/game/0022001068/box-score
CHI_2020_21_G072,0022001068,2021-05-16,MIL,Mamadi Diakite,2293,1,,13,7,1,2,0,0,4,4,11,0,1,5,8,-10,https://www.nba.com/game/0022001068/box-score
CHI_2020_21_G072,0022001068,2021-05-16,MIL,P.J. Tucker,0,0,DNP - Coach's Decision,0,0,0,0,0,0,0,0,0,0,0,0,0,0,https://www.nba.com/game/0022001068/box-score
CHI_2020_21_G072,0022001068,2021-05-16,MIL,Pat Connaughton,1516,1,,15,1,0,2,0,0,0,5,10,2,7,3,3,-11,https://www.nba.com/game/0022001068/box-score
CHI_2020_21_G072,0022001068,2021-05-16,MIL,Sam Merrill,1667,1,,2,3,1,3,0,0,2,1,9,0,5,0,0,-15,https://www.nba.com/game/0022001068/box-score
CHI_2020_21_G072,0022001068,2021-05-16,MIL,Thanasis Antetokounmpo,902,1,,0,1,1,1,0,1,2,0,4,0,2,0,0,-3,https://www.nba.com/game/0022001068/box-score
