scenario,event_id,date,player,actual_seconds,alternate_seconds,delta_seconds,actual_start,alternate_start,treatment
PORTER_ZERO,CHI_2020_21_G044,2021-03-27,Al-Farouq Aminu,738,0,-738,0,0,NOT_ON_ALTERNATE_ROSTER
PORTER_ZERO,CHI_2020_21_G044,2021-03-27,Coby White,1535,1535,0,0,0,OBSERVED_BASELINE_RETAINED
PORTER_ZERO,CHI_2020_21_G044,2021-03-27,Cristiano Felicio,106,106,0,0,0,OBSERVED_BASELINE_RETAINED
PORTER_ZERO,CHI_2020_21_G044,2021-03-27,Denzel Valentine,348,348,0,0,0,OBSERVED_BASELINE_RETAINED
PORTER_ZERO,CHI_2020_21_G044,2021-03-27,Devon Dotson,106,106,0,0,0,OBSERVED_BASELINE_RETAINED
PORTER_ZERO,CHI_2020_21_G044,2021-03-27,Garrett Temple,1347,1347,0,0,0,OBSERVED_BASELINE_RETAINED
PORTER_ZERO,CHI_2020_21_G044,2021-03-27,Javonte Green,628,628,0,0,0,OBSERVED_BASELINE_RETAINED
PORTER_ZERO,CHI_2020_21_G044,2021-03-27,Lauri Markkanen,1566,1566,0,1,1,OBSERVED_BASELINE_RETAINED
PORTER_ZERO,CHI_2020_21_G044,2021-03-27,Nikola Vucevic,1906,0,-1906,1,0,NOT_ON_ALTERNATE_ROSTER
PORTER_ZERO,CHI_2020_21_G044,2021-03-27,Patrick Williams,1143,0,-1143,1,0,NOT_ON_ALTERNATE_ROSTER
PORTER_ZERO,CHI_2020_21_G044,2021-03-27,Ryan Arcidiacono,106,101,-5,0,0,SAME_DATE_DONOR
PORTER_ZERO,CHI_2020_21_G044,2021-03-27,Thaddeus Young,1338,1338,0,0,0,OBSERVED_BASELINE_RETAINED
PORTER_ZERO,CHI_2020_21_G044,2021-03-27,Tomas Satoransky,1035,600,-435,1,0,SAME_DATE_DONOR
PORTER_ZERO,CHI_2020_21_G044,2021-03-27,Troy Brown Jr.,813,0,-813,0,0,NOT_ON_ALTERNATE_ROSTER
PORTER_ZERO,CHI_2020_21_G044,2021-03-27,Zach LaVine,1685,1685,0,1,1,OBSERVED_BASELINE_RETAINED
PORTER_ZERO,CHI_2020_21_G044,2021-03-27,Protagonist,0,1800,1800,0,1,CONDITIONAL_AVAILABILITY
PORTER_ZERO,CHI_2020_21_G044,2021-03-27,LaMelo Ball,0,1680,1680,0,1,CONDITIONAL_AVAILABILITY
PORTER_ZERO,CHI_2020_21_G044,2021-03-27,Wendell Carter Jr.,0,1560,1560,0,1,CONDITIONAL_AVAILABILITY
PORTER_ZERO,CHI_2020_21_G044,2021-03-27,Otto Porter Jr.,0,0,0,0,0,CONDITIONAL_AVAILABILITY
PORTER_ZERO,CHI_2020_21_G045,2021-03-29,Al-Farouq Aminu,0,0,0,0,0,NOT_ON_ALTERNATE_ROSTER
PORTER_ZERO,CHI_2020_21_G045,2021-03-29,Cristiano Felicio,101,101,0,0,0,OBSERVED_BASELINE_RETAINED
PORTER_ZERO,CHI_2020_21_G045,2021-03-29,Daniel Theis,1328,1328,0,0,0,OBSERVED_BASELINE_RETAINED
PORTER_ZERO,CHI_2020_21_G045,2021-03-29,Denzel Valentine,0,0,0,0,0,OBSERVED_BASELINE_RETAINED
PORTER_ZERO,CHI_2020_21_G045,2021-03-29,Devon Dotson,198,198,0,0,0,OBSERVED_BASELINE_RETAINED
PORTER_ZERO,CHI_2020_21_G045,2021-03-29,Garrett Temple,129,129,0,0,0,OBSERVED_BASELINE_RETAINED
PORTER_ZERO,CHI_2020_21_G045,2021-03-29,Javonte Green,755,755,0,0,0,OBSERVED_BASELINE_RETAINED
PORTER_ZERO,CHI_2020_21_G045,2021-03-29,Lauri Markkanen,1330,1330,0,0,0,OBSERVED_BASELINE_RETAINED
PORTER_ZERO,CHI_2020_21_G045,2021-03-29,Nikola Vucevic,1593,0,-1593,1,0,NOT_ON_ALTERNATE_ROSTER
PORTER_ZERO,CHI_2020_21_G045,2021-03-29,Patrick Williams,1960,0,-1960,1,0,NOT_ON_ALTERNATE_ROSTER
PORTER_ZERO,CHI_2020_21_G045,2021-03-29,Ryan Arcidiacono,887,887,0,0,0,OBSERVED_BASELINE_RETAINED
PORTER_ZERO,CHI_2020_21_G045,2021-03-29,Thaddeus Young,1412,1412,0,1,1,OBSERVED_BASELINE_RETAINED
PORTER_ZERO,CHI_2020_21_G045,2021-03-29,Tomas Satoransky,1802,1325,-477,1,0,SAME_DATE_DONOR
PORTER_ZERO,CHI_2020_21_G045,2021-03-29,Troy Brown Jr.,1010,0,-1010,0,0,NOT_ON_ALTERNATE_ROSTER
PORTER_ZERO,CHI_2020_21_G045,2021-03-29,Zach LaVine,1895,1895,0,1,1,OBSERVED_BASELINE_RETAINED
PORTER_ZERO,CHI_2020_21_G045,2021-03-29,Protagonist,0,1800,1800,0,1,CONDITIONAL_AVAILABILITY
PORTER_ZERO,CHI_2020_21_G045,2021-03-29,LaMelo Ball,0,1680,1680,0,1,CONDITIONAL_AVAILABILITY
PORTER_ZERO,CHI_2020_21_G045,2021-03-29,Wendell Carter Jr.,0,1560,1560,0,1,CONDITIONAL_AVAILABILITY
PORTER_ZERO,CHI_2020_21_G045,2021-03-29,Otto Porter Jr.,0,0,0,0,0,CONDITIONAL_AVAILABILITY
PORTER_ZERO,CHI_2020_21_G046,2021-03-31,Adam Mokoka,0,0,0,0,0,OBSERVED_BASELINE_RETAINED
PORTER_ZERO,CHI_2020_21_G046,2021-03-31,Al-Farouq Aminu,0,0,0,0,0,NOT_ON_ALTERNATE_ROSTER
PORTER_ZERO,CHI_2020_21_G046,2021-03-31,Cristiano Felicio,0,0,0,0,0,OBSERVED_BASELINE_RETAINED
PORTER_ZERO,CHI_2020_21_G046,2021-03-31,Daniel Theis,1180,1180,0,0,0,OBSERVED_BASELINE_RETAINED
PORTER_ZERO,CHI_2020_21_G046,2021-03-31,Denzel Valentine,1747,1747,0,0,0,OBSERVED_BASELINE_RETAINED
PORTER_ZERO,CHI_2020_21_G046,2021-03-31,Devon Dotson,0,0,0,0,0,OBSERVED_BASELINE_RETAINED
PORTER_ZERO,CHI_2020_21_G046,2021-03-31,Javonte Green,0,0,0,0,0,OBSERVED_BASELINE_RETAINED
PORTER_ZERO,CHI_2020_21_G046,2021-03-31,Lauri Markkanen,2056,2056,0,1,1,OBSERVED_BASELINE_RETAINED
PORTER_ZERO,CHI_2020_21_G046,2021-03-31,Nikola Vucevic,2064,0,-2064,1,0,NOT_ON_ALTERNATE_ROSTER
PORTER_ZERO,CHI_2020_21_G046,2021-03-31,Patrick Williams,1890,0,-1890,1,0,NOT_ON_ALTERNATE_ROSTER
PORTER_ZERO,CHI_2020_21_G046,2021-03-31,Ryan Arcidiacono,952,952,0,0,0,OBSERVED_BASELINE_RETAINED
PORTER_ZERO,CHI_2020_21_G046,2021-03-31,Thaddeus Young,1700,1700,0,1,1,OBSERVED_BASELINE_RETAINED
PORTER_ZERO,CHI_2020_21_G046,2021-03-31,Tomas Satoransky,1821,1725,-96,1,0,SAME_DATE_DONOR
PORTER_ZERO,CHI_2020_21_G046,2021-03-31,Troy Brown Jr.,990,0,-990,0,0,NOT_ON_ALTERNATE_ROSTER
PORTER_ZERO,CHI_2020_21_G046,2021-03-31,Protagonist,0,1800,1800,0,1,CONDITIONAL_AVAILABILITY
PORTER_ZERO,CHI_2020_21_G046,2021-03-31,LaMelo Ball,0,1680,1680,0,1,CONDITIONAL_AVAILABILITY
PORTER_ZERO,CHI_2020_21_G046,2021-03-31,Wendell Carter Jr.,0,1560,1560,0,1,CONDITIONAL_AVAILABILITY
PORTER_ZERO,CHI_2020_21_G046,2021-03-31,Otto Porter Jr.,0,0,0,0,0,CONDITIONAL_AVAILABILITY
PORTER_ZERO,CHI_2020_21_G047,2021-04-02,Al-Farouq Aminu,0,0,0,0,0,NOT_ON_ALTERNATE_ROSTER
PORTER_ZERO,CHI_2020_21_G047,2021-04-02,Coby White,1417,1417,0,0,0,OBSERVED_BASELINE_RETAINED
PORTER_ZERO,CHI_2020_21_G047,2021-04-02,Cristiano Felicio,0,0,0,0,0,OBSERVED_BASELINE_RETAINED
PORTER_ZERO,CHI_2020_21_G047,2021-04-02,Daniel Theis,1219,1219,0,0,0,OBSERVED_BASELINE_RETAINED
PORTER_ZERO,CHI_2020_21_G047,2021-04-02,Denzel Valentine,1319,925,-394,0,0,SAME_DATE_DONOR
PORTER_ZERO,CHI_2020_21_G047,2021-04-02,Devon Dotson,0,0,0,0,0,OBSERVED_BASELINE_RETAINED
PORTER_ZERO,CHI_2020_21_G047,2021-04-02,Javonte Green,0,0,0,0,0,OBSERVED_BASELINE_RETAINED
PORTER_ZERO,CHI_2020_21_G047,2021-04-02,Lauri Markkanen,1361,1361,0,0,0,OBSERVED_BASELINE_RETAINED
PORTER_ZERO,CHI_2020_21_G047,2021-04-02,Nikola Vucevic,1734,0,-1734,1,0,NOT_ON_ALTERNATE_ROSTER
PORTER_ZERO,CHI_2020_21_G047,2021-04-02,Patrick Williams,1976,0,-1976,1,0,NOT_ON_ALTERNATE_ROSTER
PORTER_ZERO,CHI_2020_21_G047,2021-04-02,Ryan Arcidiacono,0,0,0,0,0,OBSERVED_BASELINE_RETAINED
PORTER_ZERO,CHI_2020_21_G047,2021-04-02,Thaddeus Young,1969,1969,0,1,1,OBSERVED_BASELINE_RETAINED
PORTER_ZERO,CHI_2020_21_G047,2021-04-02,Tomas Satoransky,1536,600,-936,1,0,SAME_DATE_DONOR
PORTER_ZERO,CHI_2020_21_G047,2021-04-02,Troy Brown Jr.,0,0,0,0,0,NOT_ON_ALTERNATE_ROSTER
PORTER_ZERO,CHI_2020_21_G047,2021-04-02,Zach LaVine,1869,1869,0,1,1,OBSERVED_BASELINE_RETAINED
PORTER_ZERO,CHI_2020_21_G047,2021-04-02,Protagonist,0,1800,1800,0,1,CONDITIONAL_AVAILABILITY
PORTER_ZERO,CHI_2020_21_G047,2021-04-02,LaMelo Ball,0,1680,1680,0,1,CONDITIONAL_AVAILABILITY
PORTER_ZERO,CHI_2020_21_G047,2021-04-02,Wendell Carter Jr.,0,1560,1560,0,1,CONDITIONAL_AVAILABILITY
PORTER_ZERO,CHI_2020_21_G047,2021-04-02,Otto Porter Jr.,0,0,0,0,0,CONDITIONAL_AVAILABILITY
PORTER_ZERO,CHI_2020_21_G048,2021-04-04,Adam Mokoka,0,0,0,0,0,OBSERVED_BASELINE_RETAINED
PORTER_ZERO,CHI_2020_21_G048,2021-04-04,Al-Farouq Aminu,0,0,0,0,0,NOT_ON_ALTERNATE_ROSTER
PORTER_ZERO,CHI_2020_21_G048,2021-04-04,Cristiano Felicio,0,0,0,0,0,OBSERVED_BASELINE_RETAINED
PORTER_ZERO,CHI_2020_21_G048,2021-04-04,Daniel Theis,1433,1433,0,0,0,OBSERVED_BASELINE_RETAINED
PORTER_ZERO,CHI_2020_21_G048,2021-04-04,Denzel Valentine,640,640,0,0,0,OBSERVED_BASELINE_RETAINED
PORTER_ZERO,CHI_2020_21_G048,2021-04-04,Devon Dotson,0,0,0,0,0,OBSERVED_BASELINE_RETAINED
PORTER_ZERO,CHI_2020_21_G048,2021-04-04,Javonte Green,0,0,0,0,0,OBSERVED_BASELINE_RETAINED
PORTER_ZERO,CHI_2020_21_G048,2021-04-04,Lauri Markkanen,1380,1380,0,0,0,OBSERVED_BASELINE_RETAINED
PORTER_ZERO,CHI_2020_21_G048,2021-04-04,Nikola Vucevic,1942,0,-1942,1,0,NOT_ON_ALTERNATE_ROSTER
PORTER_ZERO,CHI_2020_21_G048,2021-04-04,Patrick Williams,1839,0,-1839,1,0,NOT_ON_ALTERNATE_ROSTER
PORTER_ZERO,CHI_2020_21_G048,2021-04-04,Ryan Arcidiacono,198,198,0,0,0,OBSERVED_BASELINE_RETAINED
PORTER_ZERO,CHI_2020_21_G048,2021-04-04,Thaddeus Young,1311,1504,193,1,1,OBSERVED_BASELINE_RETAINED
PORTER_ZERO,CHI_2020_21_G048,2021-04-04,Tomas Satoransky,1848,1848,0,1,0,OBSERVED_BASELINE_RETAINED
PORTER_ZERO,CHI_2020_21_G048,2021-04-04,Troy Brown Jr.,1692,0,-1692,0,0,NOT_ON_ALTERNATE_ROSTER
PORTER_ZERO,CHI_2020_21_G048,2021-04-04,Zach LaVine,2117,2117,0,1,1,OBSERVED_BASELINE_RETAINED
PORTER_ZERO,CHI_2020_21_G048,2021-04-04,Protagonist,0,1800,1800,0,1,CONDITIONAL_AVAILABILITY
PORTER_ZERO,CHI_2020_21_G048,2021-04-04,LaMelo Ball,0,1680,1680,0,1,CONDITIONAL_AVAILABILITY
PORTER_ZERO,CHI_2020_21_G048,2021-04-04,Wendell Carter Jr.,0,1800,1800,0,1,CONDITIONAL_AVAILABILITY
PORTER_ZERO,CHI_2020_21_G048,2021-04-04,Otto Porter Jr.,0,0,0,0,0,CONDITIONAL_AVAILABILITY
PORTER_ZERO,CHI_2020_21_G049,2021-04-06,Al-Farouq Aminu,0,0,0,0,0,NOT_ON_ALTERNATE_ROSTER
PORTER_ZERO,CHI_2020_21_G049,2021-04-06,Coby White,1884,1884,0,0,0,OBSERVED_BASELINE_RETAINED
PORTER_ZERO,CHI_2020_21_G049,2021-04-06,Cristiano Felicio,81,81,0,0,0,OBSERVED_BASELINE_RETAINED
PORTER_ZERO,CHI_2020_21_G049,2021-04-06,Denzel Valentine,228,228,0,0,0,OBSERVED_BASELINE_RETAINED
PORTER_ZERO,CHI_2020_21_G049,2021-04-06,Javonte Green,81,81,0,0,0,OBSERVED_BASELINE_RETAINED
PORTER_ZERO,CHI_2020_21_G049,2021-04-06,Lauri Markkanen,1292,1292,0,0,0,OBSERVED_BASELINE_RETAINED
PORTER_ZERO,CHI_2020_21_G049,2021-04-06,Nikola Vucevic,2112,0,-2112,1,0,NOT_ON_ALTERNATE_ROSTER
PORTER_ZERO,CHI_2020_21_G049,2021-04-06,Patrick Williams,1841,0,-1841,1,0,NOT_ON_ALTERNATE_ROSTER
PORTER_ZERO,CHI_2020_21_G049,2021-04-06,Ryan Arcidiacono,81,81,0,0,0,OBSERVED_BASELINE_RETAINED
PORTER_ZERO,CHI_2020_21_G049,2021-04-06,Thaddeus Young,1674,1674,0,1,1,OBSERVED_BASELINE_RETAINED
PORTER_ZERO,CHI_2020_21_G049,2021-04-06,Tomas Satoransky,2065,1882,-183,1,0,SAME_DATE_DONOR
PORTER_ZERO,CHI_2020_21_G049,2021-04-06,Troy Brown Jr.,904,0,-904,0,0,NOT_ON_ALTERNATE_ROSTER
PORTER_ZERO,CHI_2020_21_G049,2021-04-06,Zach LaVine,2157,2157,0,1,1,OBSERVED_BASELINE_RETAINED
PORTER_ZERO,CHI_2020_21_G049,2021-04-06,Protagonist,0,1800,1800,0,1,CONDITIONAL_AVAILABILITY
PORTER_ZERO,CHI_2020_21_G049,2021-04-06,LaMelo Ball,0,1680,1680,0,1,CONDITIONAL_AVAILABILITY
PORTER_ZERO,CHI_2020_21_G049,2021-04-06,Wendell Carter Jr.,0,1560,1560,0,1,CONDITIONAL_AVAILABILITY
PORTER_ZERO,CHI_2020_21_G049,2021-04-06,Otto Porter Jr.,0,0,0,0,0,CONDITIONAL_AVAILABILITY
PORTER_ZERO,CHI_2020_21_G050,2021-04-08,Al-Farouq Aminu,0,0,0,0,0,NOT_ON_ALTERNATE_ROSTER
PORTER_ZERO,CHI_2020_21_G050,2021-04-08,Coby White,1605,1605,0,0,0,OBSERVED_BASELINE_RETAINED
PORTER_ZERO,CHI_2020_21_G050,2021-04-08,Cristiano Felicio,0,0,0,0,0,OBSERVED_BASELINE_RETAINED
PORTER_ZERO,CHI_2020_21_G050,2021-04-08,Daniel Theis,1614,1440,-174,0,0,OBSERVED_BASELINE_RETAINED
PORTER_ZERO,CHI_2020_21_G050,2021-04-08,Denzel Valentine,0,0,0,0,0,OBSERVED_BASELINE_RETAINED
PORTER_ZERO,CHI_2020_21_G050,2021-04-08,Javonte Green,0,0,0,0,0,OBSERVED_BASELINE_RETAINED
PORTER_ZERO,CHI_2020_21_G050,2021-04-08,Lauri Markkanen,1100,1100,0,0,0,OBSERVED_BASELINE_RETAINED
PORTER_ZERO,CHI_2020_21_G050,2021-04-08,Nikola Vucevic,1906,0,-1906,1,0,NOT_ON_ALTERNATE_ROSTER
PORTER_ZERO,CHI_2020_21_G050,2021-04-08,Patrick Williams,1894,0,-1894,1,0,NOT_ON_ALTERNATE_ROSTER
PORTER_ZERO,CHI_2020_21_G050,2021-04-08,Ryan Arcidiacono,0,0,0,0,0,OBSERVED_BASELINE_RETAINED
PORTER_ZERO,CHI_2020_21_G050,2021-04-08,Thaddeus Young,1425,1425,0,1,1,OBSERVED_BASELINE_RETAINED
PORTER_ZERO,CHI_2020_21_G050,2021-04-08,Tomas Satoransky,1772,1539,-233,1,0,SAME_DATE_DONOR
PORTER_ZERO,CHI_2020_21_G050,2021-04-08,Troy Brown Jr.,833,0,-833,0,0,NOT_ON_ALTERNATE_ROSTER
PORTER_ZERO,CHI_2020_21_G050,2021-04-08,Zach LaVine,2251,2251,0,1,1,OBSERVED_BASELINE_RETAINED
PORTER_ZERO,CHI_2020_21_G050,2021-04-08,Protagonist,0,1800,1800,0,1,CONDITIONAL_AVAILABILITY
PORTER_ZERO,CHI_2020_21_G050,2021-04-08,LaMelo Ball,0,1680,1680,0,1,CONDITIONAL_AVAILABILITY
PORTER_ZERO,CHI_2020_21_G050,2021-04-08,Wendell Carter Jr.,0,1560,1560,0,1,CONDITIONAL_AVAILABILITY
PORTER_ZERO,CHI_2020_21_G050,2021-04-08,Otto Porter Jr.,0,0,0,0,0,CONDITIONAL_AVAILABILITY
PORTER_ZERO,CHI_2020_21_G051,2021-04-09,Al-Farouq Aminu,0,0,0,0,0,NOT_ON_ALTERNATE_ROSTER
PORTER_ZERO,CHI_2020_21_G051,2021-04-09,Coby White,1712,1712,0,0,0,OBSERVED_BASELINE_RETAINED
PORTER_ZERO,CHI_2020_21_G051,2021-04-09,Cristiano Felicio,0,0,0,0,0,OBSERVED_BASELINE_RETAINED
PORTER_ZERO,CHI_2020_21_G051,2021-04-09,Daniel Theis,699,699,0,0,0,OBSERVED_BASELINE_RETAINED
PORTER_ZERO,CHI_2020_21_G051,2021-04-09,Denzel Valentine,0,0,0,0,0,OBSERVED_BASELINE_RETAINED
PORTER_ZERO,CHI_2020_21_G051,2021-04-09,Javonte Green,0,0,0,0,0,OBSERVED_BASELINE_RETAINED
PORTER_ZERO,CHI_2020_21_G051,2021-04-09,Lauri Markkanen,1617,1617,0,0,0,OBSERVED_BASELINE_RETAINED
PORTER_ZERO,CHI_2020_21_G051,2021-04-09,Nikola Vucevic,2181,0,-2181,1,0,NOT_ON_ALTERNATE_ROSTER
PORTER_ZERO,CHI_2020_21_G051,2021-04-09,Patrick Williams,1548,0,-1548,1,0,NOT_ON_ALTERNATE_ROSTER
PORTER_ZERO,CHI_2020_21_G051,2021-04-09,Ryan Arcidiacono,0,0,0,0,0,OBSERVED_BASELINE_RETAINED
PORTER_ZERO,CHI_2020_21_G051,2021-04-09,Thaddeus Young,1424,1424,0,1,1,OBSERVED_BASELINE_RETAINED
PORTER_ZERO,CHI_2020_21_G051,2021-04-09,Tomas Satoransky,1991,1584,-407,1,0,SAME_DATE_DONOR
PORTER_ZERO,CHI_2020_21_G051,2021-04-09,Troy Brown Jr.,904,0,-904,0,0,NOT_ON_ALTERNATE_ROSTER
PORTER_ZERO,CHI_2020_21_G051,2021-04-09,Zach LaVine,2324,2324,0,1,1,OBSERVED_BASELINE_RETAINED
PORTER_ZERO,CHI_2020_21_G051,2021-04-09,Protagonist,0,1800,1800,0,1,CONDITIONAL_AVAILABILITY
PORTER_ZERO,CHI_2020_21_G051,2021-04-09,LaMelo Ball,0,1680,1680,0,1,CONDITIONAL_AVAILABILITY
PORTER_ZERO,CHI_2020_21_G051,2021-04-09,Wendell Carter Jr.,0,1560,1560,0,1,CONDITIONAL_AVAILABILITY
PORTER_ZERO,CHI_2020_21_G051,2021-04-09,Otto Porter Jr.,0,0,0,0,0,CONDITIONAL_AVAILABILITY
PORTER_ZERO,CHI_2020_21_G052,2021-04-11,Al-Farouq Aminu,0,0,0,0,0,NOT_ON_ALTERNATE_ROSTER
PORTER_ZERO,CHI_2020_21_G052,2021-04-11,Coby White,1382,1382,0,0,0,OBSERVED_BASELINE_RETAINED
PORTER_ZERO,CHI_2020_21_G052,2021-04-11,Cristiano Felicio,0,0,0,0,0,OBSERVED_BASELINE_RETAINED
PORTER_ZERO,CHI_2020_21_G052,2021-04-11,Daniel Theis,1712,1440,-272,0,0,OBSERVED_BASELINE_RETAINED
PORTER_ZERO,CHI_2020_21_G052,2021-04-11,Denzel Valentine,740,740,0,0,0,OBSERVED_BASELINE_RETAINED
PORTER_ZERO,CHI_2020_21_G052,2021-04-11,Javonte Green,0,0,0,0,0,OBSERVED_BASELINE_RETAINED
PORTER_ZERO,CHI_2020_21_G052,2021-04-11,Lauri Markkanen,1127,1127,0,0,0,OBSERVED_BASELINE_RETAINED
PORTER_ZERO,CHI_2020_21_G052,2021-04-11,Nikola Vucevic,1649,0,-1649,1,0,NOT_ON_ALTERNATE_ROSTER
PORTER_ZERO,CHI_2020_21_G052,2021-04-11,Patrick Williams,1580,0,-1580,1,0,NOT_ON_ALTERNATE_ROSTER
PORTER_ZERO,CHI_2020_21_G052,2021-04-11,Ryan Arcidiacono,0,0,0,0,0,OBSERVED_BASELINE_RETAINED
PORTER_ZERO,CHI_2020_21_G052,2021-04-11,Thaddeus Young,1224,1224,0,1,1,OBSERVED_BASELINE_RETAINED
PORTER_ZERO,CHI_2020_21_G052,2021-04-11,Tomas Satoransky,1553,1307,-246,1,0,SAME_DATE_DONOR
PORTER_ZERO,CHI_2020_21_G052,2021-04-11,Troy Brown Jr.,1293,0,-1293,0,0,NOT_ON_ALTERNATE_ROSTER
PORTER_ZERO,CHI_2020_21_G052,2021-04-11,Zach LaVine,2140,2140,0,1,1,OBSERVED_BASELINE_RETAINED
PORTER_ZERO,CHI_2020_21_G052,2021-04-11,Protagonist,0,1800,1800,0,1,CONDITIONAL_AVAILABILITY
PORTER_ZERO,CHI_2020_21_G052,2021-04-11,LaMelo Ball,0,1680,1680,0,1,CONDITIONAL_AVAILABILITY
PORTER_ZERO,CHI_2020_21_G052,2021-04-11,Wendell Carter Jr.,0,1560,1560,0,1,CONDITIONAL_AVAILABILITY
PORTER_ZERO,CHI_2020_21_G052,2021-04-11,Otto Porter Jr.,0,0,0,0,0,CONDITIONAL_AVAILABILITY
PORTER_ZERO,CHI_2020_21_G053,2021-04-12,Al-Farouq Aminu,0,0,0,0,0,NOT_ON_ALTERNATE_ROSTER
PORTER_ZERO,CHI_2020_21_G053,2021-04-12,Coby White,1462,1462,0,0,0,OBSERVED_BASELINE_RETAINED
PORTER_ZERO,CHI_2020_21_G053,2021-04-12,Cristiano Felicio,0,0,0,0,0,OBSERVED_BASELINE_RETAINED
PORTER_ZERO,CHI_2020_21_G053,2021-04-12,Daniel Theis,1625,1440,-185,0,0,OBSERVED_BASELINE_RETAINED
PORTER_ZERO,CHI_2020_21_G053,2021-04-12,Denzel Valentine,501,501,0,0,0,OBSERVED_BASELINE_RETAINED
PORTER_ZERO,CHI_2020_21_G053,2021-04-12,Javonte Green,0,0,0,0,0,OBSERVED_BASELINE_RETAINED
PORTER_ZERO,CHI_2020_21_G053,2021-04-12,Lauri Markkanen,964,964,0,0,0,OBSERVED_BASELINE_RETAINED
PORTER_ZERO,CHI_2020_21_G053,2021-04-12,Nikola Vucevic,1988,0,-1988,1,0,NOT_ON_ALTERNATE_ROSTER
PORTER_ZERO,CHI_2020_21_G053,2021-04-12,Patrick Williams,1638,0,-1638,1,0,NOT_ON_ALTERNATE_ROSTER
PORTER_ZERO,CHI_2020_21_G053,2021-04-12,Ryan Arcidiacono,0,0,0,0,0,OBSERVED_BASELINE_RETAINED
PORTER_ZERO,CHI_2020_21_G053,2021-04-12,Thaddeus Young,1183,1249,66,1,1,OBSERVED_BASELINE_RETAINED
PORTER_ZERO,CHI_2020_21_G053,2021-04-12,Tomas Satoransky,1323,1323,0,1,0,OBSERVED_BASELINE_RETAINED
PORTER_ZERO,CHI_2020_21_G053,2021-04-12,Troy Brown Jr.,1535,0,-1535,0,0,NOT_ON_ALTERNATE_ROSTER
PORTER_ZERO,CHI_2020_21_G053,2021-04-12,Zach LaVine,2181,2181,0,1,1,OBSERVED_BASELINE_RETAINED
PORTER_ZERO,CHI_2020_21_G053,2021-04-12,Protagonist,0,1800,1800,0,1,CONDITIONAL_AVAILABILITY
PORTER_ZERO,CHI_2020_21_G053,2021-04-12,LaMelo Ball,0,1680,1680,0,1,CONDITIONAL_AVAILABILITY
PORTER_ZERO,CHI_2020_21_G053,2021-04-12,Wendell Carter Jr.,0,1800,1800,0,1,CONDITIONAL_AVAILABILITY
PORTER_ZERO,CHI_2020_21_G053,2021-04-12,Otto Porter Jr.,0,0,0,0,0,CONDITIONAL_AVAILABILITY
PORTER_ZERO,CHI_2020_21_G054,2021-04-14,Al-Farouq Aminu,253,0,-253,0,0,NOT_ON_ALTERNATE_ROSTER
PORTER_ZERO,CHI_2020_21_G054,2021-04-14,Coby White,720,720,0,0,0,OBSERVED_BASELINE_RETAINED
PORTER_ZERO,CHI_2020_21_G054,2021-04-14,Cristiano Felicio,0,0,0,0,0,OBSERVED_BASELINE_RETAINED
PORTER_ZERO,CHI_2020_21_G054,2021-04-14,Daniel Theis,1628,1440,-188,0,0,OBSERVED_BASELINE_RETAINED
PORTER_ZERO,CHI_2020_21_G054,2021-04-14,Denzel Valentine,667,667,0,0,0,OBSERVED_BASELINE_RETAINED
PORTER_ZERO,CHI_2020_21_G054,2021-04-14,Garrett Temple,598,598,0,0,0,OBSERVED_BASELINE_RETAINED
PORTER_ZERO,CHI_2020_21_G054,2021-04-14,Javonte Green,0,0,0,0,0,OBSERVED_BASELINE_RETAINED
PORTER_ZERO,CHI_2020_21_G054,2021-04-14,Lauri Markkanen,993,993,0,0,0,OBSERVED_BASELINE_RETAINED
PORTER_ZERO,CHI_2020_21_G054,2021-04-14,Nikola Vucevic,2015,0,-2015,1,0,NOT_ON_ALTERNATE_ROSTER
PORTER_ZERO,CHI_2020_21_G054,2021-04-14,Patrick Williams,1668,0,-1668,1,0,NOT_ON_ALTERNATE_ROSTER
PORTER_ZERO,CHI_2020_21_G054,2021-04-14,Ryan Arcidiacono,0,0,0,0,0,OBSERVED_BASELINE_RETAINED
PORTER_ZERO,CHI_2020_21_G054,2021-04-14,Thaddeus Young,852,852,0,1,1,OBSERVED_BASELINE_RETAINED
PORTER_ZERO,CHI_2020_21_G054,2021-04-14,Tomas Satoransky,1801,1751,-50,1,0,SAME_DATE_DONOR
PORTER_ZERO,CHI_2020_21_G054,2021-04-14,Troy Brown Jr.,866,0,-866,0,0,NOT_ON_ALTERNATE_ROSTER
PORTER_ZERO,CHI_2020_21_G054,2021-04-14,Zach LaVine,2339,2339,0,1,1,OBSERVED_BASELINE_RETAINED
PORTER_ZERO,CHI_2020_21_G054,2021-04-14,Protagonist,0,1800,1800,0,1,CONDITIONAL_AVAILABILITY
PORTER_ZERO,CHI_2020_21_G054,2021-04-14,LaMelo Ball,0,1680,1680,0,1,CONDITIONAL_AVAILABILITY
PORTER_ZERO,CHI_2020_21_G054,2021-04-14,Wendell Carter Jr.,0,1560,1560,0,1,CONDITIONAL_AVAILABILITY
PORTER_ZERO,CHI_2020_21_G054,2021-04-14,Otto Porter Jr.,0,0,0,0,0,CONDITIONAL_AVAILABILITY
PORTER_ZERO,CHI_2020_21_G055,2021-04-16,Adam Mokoka,0,0,0,0,0,OBSERVED_BASELINE_RETAINED
PORTER_ZERO,CHI_2020_21_G055,2021-04-16,Al-Farouq Aminu,0,0,0,0,0,NOT_ON_ALTERNATE_ROSTER
PORTER_ZERO,CHI_2020_21_G055,2021-04-16,Coby White,2004,2004,0,1,0,OBSERVED_BASELINE_RETAINED
PORTER_ZERO,CHI_2020_21_G055,2021-04-16,Cristiano Felicio,109,109,0,0,0,OBSERVED_BASELINE_RETAINED
PORTER_ZERO,CHI_2020_21_G055,2021-04-16,Daniel Theis,1224,1224,0,1,1,OBSERVED_BASELINE_RETAINED
PORTER_ZERO,CHI_2020_21_G055,2021-04-16,Denzel Valentine,1027,853,-174,0,0,SAME_DATE_DONOR
PORTER_ZERO,CHI_2020_21_G055,2021-04-16,Devon Dotson,109,109,0,0,0,OBSERVED_BASELINE_RETAINED
PORTER_ZERO,CHI_2020_21_G055,2021-04-16,Garrett Temple,1495,1495,0,1,1,OBSERVED_BASELINE_RETAINED
PORTER_ZERO,CHI_2020_21_G055,2021-04-16,Javonte Green,109,109,0,0,0,OBSERVED_BASELINE_RETAINED
PORTER_ZERO,CHI_2020_21_G055,2021-04-16,Lauri Markkanen,1257,1257,0,0,0,OBSERVED_BASELINE_RETAINED
PORTER_ZERO,CHI_2020_21_G055,2021-04-16,Nikola Vucevic,1960,0,-1960,1,0,NOT_ON_ALTERNATE_ROSTER
PORTER_ZERO,CHI_2020_21_G055,2021-04-16,Patrick Williams,1791,0,-1791,1,0,NOT_ON_ALTERNATE_ROSTER
PORTER_ZERO,CHI_2020_21_G055,2021-04-16,Ryan Arcidiacono,876,876,0,0,0,OBSERVED_BASELINE_RETAINED
PORTER_ZERO,CHI_2020_21_G055,2021-04-16,Thaddeus Young,1324,1324,0,0,0,OBSERVED_BASELINE_RETAINED
PORTER_ZERO,CHI_2020_21_G055,2021-04-16,Troy Brown Jr.,1115,0,-1115,0,0,NOT_ON_ALTERNATE_ROSTER
PORTER_ZERO,CHI_2020_21_G055,2021-04-16,Protagonist,0,1800,1800,0,1,CONDITIONAL_AVAILABILITY
PORTER_ZERO,CHI_2020_21_G055,2021-04-16,LaMelo Ball,0,1680,1680,0,1,CONDITIONAL_AVAILABILITY
PORTER_ZERO,CHI_2020_21_G055,2021-04-16,Wendell Carter Jr.,0,1560,1560,0,1,CONDITIONAL_AVAILABILITY
PORTER_ZERO,CHI_2020_21_G055,2021-04-16,Otto Porter Jr.,0,0,0,0,0,CONDITIONAL_AVAILABILITY
PORTER_ZERO,CHI_2020_21_G056,2021-04-17,Al-Farouq Aminu,0,0,0,0,0,NOT_ON_ALTERNATE_ROSTER
PORTER_ZERO,CHI_2020_21_G056,2021-04-17,Coby White,1968,1968,0,1,0,OBSERVED_BASELINE_RETAINED
PORTER_ZERO,CHI_2020_21_G056,2021-04-17,Cristiano Felicio,0,0,0,0,0,OBSERVED_BASELINE_RETAINED
PORTER_ZERO,CHI_2020_21_G056,2021-04-17,Daniel Theis,1373,1373,0,1,1,OBSERVED_BASELINE_RETAINED
PORTER_ZERO,CHI_2020_21_G056,2021-04-17,Denzel Valentine,1336,1272,-64,0,0,SAME_DATE_DONOR
PORTER_ZERO,CHI_2020_21_G056,2021-04-17,Devon Dotson,0,0,0,0,0,OBSERVED_BASELINE_RETAINED
PORTER_ZERO,CHI_2020_21_G056,2021-04-17,Garrett Temple,1677,1677,0,1,1,OBSERVED_BASELINE_RETAINED
PORTER_ZERO,CHI_2020_21_G056,2021-04-17,Javonte Green,0,0,0,0,0,OBSERVED_BASELINE_RETAINED
PORTER_ZERO,CHI_2020_21_G056,2021-04-17,Lauri Markkanen,1558,1558,0,0,0,OBSERVED_BASELINE_RETAINED
PORTER_ZERO,CHI_2020_21_G056,2021-04-17,Nikola Vucevic,1968,0,-1968,1,0,NOT_ON_ALTERNATE_ROSTER
PORTER_ZERO,CHI_2020_21_G056,2021-04-17,Patrick Williams,1637,0,-1637,1,0,NOT_ON_ALTERNATE_ROSTER
PORTER_ZERO,CHI_2020_21_G056,2021-04-17,Ryan Arcidiacono,0,0,0,0,0,OBSERVED_BASELINE_RETAINED
PORTER_ZERO,CHI_2020_21_G056,2021-04-17,Thaddeus Young,912,912,0,0,0,OBSERVED_BASELINE_RETAINED
PORTER_ZERO,CHI_2020_21_G056,2021-04-17,Tomas Satoransky,901,600,-301,0,0,SAME_DATE_DONOR
PORTER_ZERO,CHI_2020_21_G056,2021-04-17,Troy Brown Jr.,1070,0,-1070,0,0,NOT_ON_ALTERNATE_ROSTER
PORTER_ZERO,CHI_2020_21_G056,2021-04-17,Protagonist,0,1800,1800,0,1,CONDITIONAL_AVAILABILITY
PORTER_ZERO,CHI_2020_21_G056,2021-04-17,LaMelo Ball,0,1680,1680,0,1,CONDITIONAL_AVAILABILITY
PORTER_ZERO,CHI_2020_21_G056,2021-04-17,Wendell Carter Jr.,0,1560,1560,0,1,CONDITIONAL_AVAILABILITY
PORTER_ZERO,CHI_2020_21_G056,2021-04-17,Otto Porter Jr.,0,0,0,0,0,CONDITIONAL_AVAILABILITY
PORTER_ZERO,CHI_2020_21_G057,2021-04-19,Adam Mokoka,0,0,0,0,0,OBSERVED_BASELINE_RETAINED
PORTER_ZERO,CHI_2020_21_G057,2021-04-19,Al-Farouq Aminu,0,0,0,0,0,NOT_ON_ALTERNATE_ROSTER
PORTER_ZERO,CHI_2020_21_G057,2021-04-19,Coby White,1775,1775,0,1,0,OBSERVED_BASELINE_RETAINED
PORTER_ZERO,CHI_2020_21_G057,2021-04-19,Cristiano Felicio,0,0,0,0,0,OBSERVED_BASELINE_RETAINED
PORTER_ZERO,CHI_2020_21_G057,2021-04-19,Daniel Theis,1725,1440,-285,1,1,OBSERVED_BASELINE_RETAINED
PORTER_ZERO,CHI_2020_21_G057,2021-04-19,Denzel Valentine,760,760,0,0,0,OBSERVED_BASELINE_RETAINED
PORTER_ZERO,CHI_2020_21_G057,2021-04-19,Garrett Temple,1862,1862,0,1,1,OBSERVED_BASELINE_RETAINED
PORTER_ZERO,CHI_2020_21_G057,2021-04-19,Javonte Green,0,0,0,0,0,OBSERVED_BASELINE_RETAINED
PORTER_ZERO,CHI_2020_21_G057,2021-04-19,Lauri Markkanen,1169,1169,0,0,0,OBSERVED_BASELINE_RETAINED
PORTER_ZERO,CHI_2020_21_G057,2021-04-19,Nikola Vucevic,1896,0,-1896,1,0,NOT_ON_ALTERNATE_ROSTER
PORTER_ZERO,CHI_2020_21_G057,2021-04-19,Patrick Williams,1966,0,-1966,1,0,NOT_ON_ALTERNATE_ROSTER
PORTER_ZERO,CHI_2020_21_G057,2021-04-19,Ryan Arcidiacono,0,0,0,0,0,OBSERVED_BASELINE_RETAINED
PORTER_ZERO,CHI_2020_21_G057,2021-04-19,Thaddeus Young,963,1002,39,0,0,OBSERVED_BASELINE_RETAINED
PORTER_ZERO,CHI_2020_21_G057,2021-04-19,Tomas Satoransky,1113,1113,0,0,0,OBSERVED_BASELINE_RETAINED
PORTER_ZERO,CHI_2020_21_G057,2021-04-19,Troy Brown Jr.,1172,0,-1172,0,0,NOT_ON_ALTERNATE_ROSTER
PORTER_ZERO,CHI_2020_21_G057,2021-04-19,Protagonist,0,1800,1800,0,1,CONDITIONAL_AVAILABILITY
PORTER_ZERO,CHI_2020_21_G057,2021-04-19,LaMelo Ball,0,1680,1680,0,1,CONDITIONAL_AVAILABILITY
PORTER_ZERO,CHI_2020_21_G057,2021-04-19,Wendell Carter Jr.,0,1800,1800,0,1,CONDITIONAL_AVAILABILITY
PORTER_ZERO,CHI_2020_21_G057,2021-04-19,Otto Porter Jr.,0,0,0,0,0,CONDITIONAL_AVAILABILITY
PORTER_ZERO,CHI_2020_21_G058,2021-04-21,Adam Mokoka,187,187,0,0,0,OBSERVED_BASELINE_RETAINED
PORTER_ZERO,CHI_2020_21_G058,2021-04-21,Al-Farouq Aminu,445,0,-445,0,0,NOT_ON_ALTERNATE_ROSTER
PORTER_ZERO,CHI_2020_21_G058,2021-04-21,Coby White,1836,1836,0,1,0,OBSERVED_BASELINE_RETAINED
PORTER_ZERO,CHI_2020_21_G058,2021-04-21,Cristiano Felicio,510,510,0,0,0,OBSERVED_BASELINE_RETAINED
PORTER_ZERO,CHI_2020_21_G058,2021-04-21,Daniel Theis,1188,1188,0,1,1,OBSERVED_BASELINE_RETAINED
PORTER_ZERO,CHI_2020_21_G058,2021-04-21,Denzel Valentine,1499,360,-1139,0,0,SAME_DATE_DONOR
PORTER_ZERO,CHI_2020_21_G058,2021-04-21,Devon Dotson,234,234,0,0,0,OBSERVED_BASELINE_RETAINED
PORTER_ZERO,CHI_2020_21_G058,2021-04-21,Garrett Temple,1566,1566,0,1,1,OBSERVED_BASELINE_RETAINED
PORTER_ZERO,CHI_2020_21_G058,2021-04-21,Javonte Green,234,234,0,0,0,OBSERVED_BASELINE_RETAINED
PORTER_ZERO,CHI_2020_21_G058,2021-04-21,Lauri Markkanen,1269,1269,0,0,0,OBSERVED_BASELINE_RETAINED
PORTER_ZERO,CHI_2020_21_G058,2021-04-21,Nikola Vucevic,1512,0,-1512,1,0,NOT_ON_ALTERNATE_ROSTER
PORTER_ZERO,CHI_2020_21_G058,2021-04-21,Patrick Williams,1147,0,-1147,1,0,NOT_ON_ALTERNATE_ROSTER
PORTER_ZERO,CHI_2020_21_G058,2021-04-21,Ryan Arcidiacono,463,329,-134,0,0,SAME_DATE_DONOR
PORTER_ZERO,CHI_2020_21_G058,2021-04-21,Thaddeus Young,1047,1047,0,0,0,OBSERVED_BASELINE_RETAINED
PORTER_ZERO,CHI_2020_21_G058,2021-04-21,Tomas Satoransky,1263,600,-663,0,0,SAME_DATE_DONOR
PORTER_ZERO,CHI_2020_21_G058,2021-04-21,Protagonist,0,1800,1800,0,1,CONDITIONAL_AVAILABILITY
PORTER_ZERO,CHI_2020_21_G058,2021-04-21,LaMelo Ball,0,1680,1680,0,1,CONDITIONAL_AVAILABILITY
PORTER_ZERO,CHI_2020_21_G058,2021-04-21,Wendell Carter Jr.,0,1560,1560,0,1,CONDITIONAL_AVAILABILITY
PORTER_ZERO,CHI_2020_21_G058,2021-04-21,Otto Porter Jr.,0,0,0,0,0,CONDITIONAL_AVAILABILITY
PORTER_ZERO,CHI_2020_21_G059,2021-04-22,Adam Mokoka,84,84,0,0,0,OBSERVED_BASELINE_RETAINED
PORTER_ZERO,CHI_2020_21_G059,2021-04-22,Al-Farouq Aminu,0,0,0,0,0,NOT_ON_ALTERNATE_ROSTER
PORTER_ZERO,CHI_2020_21_G059,2021-04-22,Coby White,1682,1682,0,1,0,OBSERVED_BASELINE_RETAINED
PORTER_ZERO,CHI_2020_21_G059,2021-04-22,Cristiano Felicio,163,163,0,0,0,OBSERVED_BASELINE_RETAINED
PORTER_ZERO,CHI_2020_21_G059,2021-04-22,Daniel Theis,1514,1440,-74,1,1,OBSERVED_BASELINE_RETAINED
PORTER_ZERO,CHI_2020_21_G059,2021-04-22,Denzel Valentine,969,360,-609,0,0,SAME_DATE_DONOR
PORTER_ZERO,CHI_2020_21_G059,2021-04-22,Devon Dotson,84,84,0,0,0,OBSERVED_BASELINE_RETAINED
PORTER_ZERO,CHI_2020_21_G059,2021-04-22,Garrett Temple,1460,1460,0,1,1,OBSERVED_BASELINE_RETAINED
PORTER_ZERO,CHI_2020_21_G059,2021-04-22,Javonte Green,163,163,0,0,0,OBSERVED_BASELINE_RETAINED
PORTER_ZERO,CHI_2020_21_G059,2021-04-22,Lauri Markkanen,1591,1591,0,0,0,OBSERVED_BASELINE_RETAINED
PORTER_ZERO,CHI_2020_21_G059,2021-04-22,Nikola Vucevic,1722,0,-1722,1,0,NOT_ON_ALTERNATE_ROSTER
PORTER_ZERO,CHI_2020_21_G059,2021-04-22,Patrick Williams,1392,0,-1392,1,0,NOT_ON_ALTERNATE_ROSTER
PORTER_ZERO,CHI_2020_21_G059,2021-04-22,Ryan Arcidiacono,1127,530,-597,0,0,SAME_DATE_DONOR
PORTER_ZERO,CHI_2020_21_G059,2021-04-22,Thaddeus Young,1203,1203,0,0,0,OBSERVED_BASELINE_RETAINED
PORTER_ZERO,CHI_2020_21_G059,2021-04-22,Tomas Satoransky,1246,600,-646,0,0,SAME_DATE_DONOR
PORTER_ZERO,CHI_2020_21_G059,2021-04-22,Protagonist,0,1800,1800,0,1,CONDITIONAL_AVAILABILITY
PORTER_ZERO,CHI_2020_21_G059,2021-04-22,LaMelo Ball,0,1680,1680,0,1,CONDITIONAL_AVAILABILITY
PORTER_ZERO,CHI_2020_21_G059,2021-04-22,Wendell Carter Jr.,0,1560,1560,0,1,CONDITIONAL_AVAILABILITY
PORTER_ZERO,CHI_2020_21_G059,2021-04-22,Otto Porter Jr.,0,0,0,0,0,CONDITIONAL_AVAILABILITY
PORTER_ZERO,CHI_2020_21_G060,2021-04-24,Adam Mokoka,0,0,0,0,0,OBSERVED_BASELINE_RETAINED
PORTER_ZERO,CHI_2020_21_G060,2021-04-24,Al-Farouq Aminu,0,0,0,0,0,NOT_ON_ALTERNATE_ROSTER
PORTER_ZERO,CHI_2020_21_G060,2021-04-24,Coby White,2258,2258,0,1,0,OBSERVED_BASELINE_RETAINED
PORTER_ZERO,CHI_2020_21_G060,2021-04-24,Cristiano Felicio,0,0,0,0,0,OBSERVED_BASELINE_RETAINED
PORTER_ZERO,CHI_2020_21_G060,2021-04-24,Daniel Theis,1551,1440,-111,1,1,OBSERVED_BASELINE_RETAINED
PORTER_ZERO,CHI_2020_21_G060,2021-04-24,Denzel Valentine,1086,360,-726,0,0,SAME_DATE_DONOR
PORTER_ZERO,CHI_2020_21_G060,2021-04-24,Devon Dotson,0,0,0,0,0,OBSERVED_BASELINE_RETAINED
PORTER_ZERO,CHI_2020_21_G060,2021-04-24,Garrett Temple,1978,1978,0,1,1,OBSERVED_BASELINE_RETAINED
PORTER_ZERO,CHI_2020_21_G060,2021-04-24,Javonte Green,0,0,0,0,0,OBSERVED_BASELINE_RETAINED
PORTER_ZERO,CHI_2020_21_G060,2021-04-24,Lauri Markkanen,1251,1251,0,0,0,OBSERVED_BASELINE_RETAINED
PORTER_ZERO,CHI_2020_21_G060,2021-04-24,Nikola Vucevic,2336,0,-2336,1,0,NOT_ON_ALTERNATE_ROSTER
PORTER_ZERO,CHI_2020_21_G060,2021-04-24,Patrick Williams,1291,0,-1291,1,0,NOT_ON_ALTERNATE_ROSTER
PORTER_ZERO,CHI_2020_21_G060,2021-04-24,Ryan Arcidiacono,548,168,-380,0,0,SAME_DATE_DONOR
PORTER_ZERO,CHI_2020_21_G060,2021-04-24,Thaddeus Young,1305,1305,0,0,0,OBSERVED_BASELINE_RETAINED
PORTER_ZERO,CHI_2020_21_G060,2021-04-24,Tomas Satoransky,796,600,-196,0,0,SAME_DATE_DONOR
PORTER_ZERO,CHI_2020_21_G060,2021-04-24,Protagonist,0,1800,1800,0,1,CONDITIONAL_AVAILABILITY
PORTER_ZERO,CHI_2020_21_G060,2021-04-24,LaMelo Ball,0,1680,1680,0,1,CONDITIONAL_AVAILABILITY
PORTER_ZERO,CHI_2020_21_G060,2021-04-24,Wendell Carter Jr.,0,1560,1560,0,1,CONDITIONAL_AVAILABILITY
PORTER_ZERO,CHI_2020_21_G060,2021-04-24,Otto Porter Jr.,0,0,0,0,0,CONDITIONAL_AVAILABILITY
PORTER_ZERO,CHI_2020_21_G061,2021-04-26,Adam Mokoka,0,0,0,0,0,OBSERVED_BASELINE_RETAINED
PORTER_ZERO,CHI_2020_21_G061,2021-04-26,Al-Farouq Aminu,0,0,0,0,0,NOT_ON_ALTERNATE_ROSTER
PORTER_ZERO,CHI_2020_21_G061,2021-04-26,Coby White,2142,2142,0,1,0,OBSERVED_BASELINE_RETAINED
PORTER_ZERO,CHI_2020_21_G061,2021-04-26,Cristiano Felicio,0,0,0,0,0,OBSERVED_BASELINE_RETAINED
PORTER_ZERO,CHI_2020_21_G061,2021-04-26,Daniel Theis,1949,1440,-509,1,1,OBSERVED_BASELINE_RETAINED
PORTER_ZERO,CHI_2020_21_G061,2021-04-26,Denzel Valentine,595,360,-235,0,0,SAME_DATE_DONOR
PORTER_ZERO,CHI_2020_21_G061,2021-04-26,Devon Dotson,0,0,0,0,0,OBSERVED_BASELINE_RETAINED
PORTER_ZERO,CHI_2020_21_G061,2021-04-26,Garrett Temple,1845,1845,0,1,1,OBSERVED_BASELINE_RETAINED
PORTER_ZERO,CHI_2020_21_G061,2021-04-26,Javonte Green,0,0,0,0,0,OBSERVED_BASELINE_RETAINED
PORTER_ZERO,CHI_2020_21_G061,2021-04-26,Lauri Markkanen,1389,1389,0,0,0,OBSERVED_BASELINE_RETAINED
PORTER_ZERO,CHI_2020_21_G061,2021-04-26,Nikola Vucevic,2114,0,-2114,1,0,NOT_ON_ALTERNATE_ROSTER
PORTER_ZERO,CHI_2020_21_G061,2021-04-26,Patrick Williams,1342,0,-1342,1,0,NOT_ON_ALTERNATE_ROSTER
PORTER_ZERO,CHI_2020_21_G061,2021-04-26,Ryan Arcidiacono,361,8,-353,0,0,SAME_DATE_DONOR
PORTER_ZERO,CHI_2020_21_G061,2021-04-26,Thaddeus Young,1577,1577,0,0,0,OBSERVED_BASELINE_RETAINED
PORTER_ZERO,CHI_2020_21_G061,2021-04-26,Tomas Satoransky,1087,600,-487,0,0,SAME_DATE_DONOR
PORTER_ZERO,CHI_2020_21_G061,2021-04-26,Protagonist,0,1800,1800,0,1,CONDITIONAL_AVAILABILITY
PORTER_ZERO,CHI_2020_21_G061,2021-04-26,LaMelo Ball,0,1680,1680,0,1,CONDITIONAL_AVAILABILITY
PORTER_ZERO,CHI_2020_21_G061,2021-04-26,Wendell Carter Jr.,0,1560,1560,0,1,CONDITIONAL_AVAILABILITY
PORTER_ZERO,CHI_2020_21_G061,2021-04-26,Otto Porter Jr.,0,0,0,0,0,CONDITIONAL_AVAILABILITY
PORTER_ZERO,CHI_2020_21_G062,2021-04-28,Adam Mokoka,93,93,0,0,0,OBSERVED_BASELINE_RETAINED
PORTER_ZERO,CHI_2020_21_G062,2021-04-28,Al-Farouq Aminu,0,0,0,0,0,NOT_ON_ALTERNATE_ROSTER
PORTER_ZERO,CHI_2020_21_G062,2021-04-28,Coby White,2105,1795,-310,1,0,SAME_DATE_DONOR
PORTER_ZERO,CHI_2020_21_G062,2021-04-28,Cristiano Felicio,93,93,0,0,0,OBSERVED_BASELINE_RETAINED
PORTER_ZERO,CHI_2020_21_G062,2021-04-28,Daniel Theis,1255,1255,0,1,1,OBSERVED_BASELINE_RETAINED
PORTER_ZERO,CHI_2020_21_G062,2021-04-28,Denzel Valentine,93,93,0,0,0,OBSERVED_BASELINE_RETAINED
PORTER_ZERO,CHI_2020_21_G062,2021-04-28,Devon Dotson,0,0,0,0,0,OBSERVED_BASELINE_RETAINED
PORTER_ZERO,CHI_2020_21_G062,2021-04-28,Garrett Temple,2090,2090,0,1,1,OBSERVED_BASELINE_RETAINED
PORTER_ZERO,CHI_2020_21_G062,2021-04-28,Javonte Green,93,93,0,0,0,OBSERVED_BASELINE_RETAINED
PORTER_ZERO,CHI_2020_21_G062,2021-04-28,Lauri Markkanen,1528,1528,0,0,0,OBSERVED_BASELINE_RETAINED
PORTER_ZERO,CHI_2020_21_G062,2021-04-28,Nikola Vucevic,2226,0,-2226,1,0,NOT_ON_ALTERNATE_ROSTER
PORTER_ZERO,CHI_2020_21_G062,2021-04-28,Patrick Williams,1371,0,-1371,1,0,NOT_ON_ALTERNATE_ROSTER
PORTER_ZERO,CHI_2020_21_G062,2021-04-28,Ryan Arcidiacono,354,0,-354,0,0,SAME_DATE_DONOR
PORTER_ZERO,CHI_2020_21_G062,2021-04-28,Thaddeus Young,1720,1720,0,0,0,OBSERVED_BASELINE_RETAINED
PORTER_ZERO,CHI_2020_21_G062,2021-04-28,Tomas Satoransky,1379,600,-779,0,0,SAME_DATE_DONOR
PORTER_ZERO,CHI_2020_21_G062,2021-04-28,Protagonist,0,1800,1800,0,1,CONDITIONAL_AVAILABILITY
PORTER_ZERO,CHI_2020_21_G062,2021-04-28,LaMelo Ball,0,1680,1680,0,1,CONDITIONAL_AVAILABILITY
PORTER_ZERO,CHI_2020_21_G062,2021-04-28,Wendell Carter Jr.,0,1560,1560,0,1,CONDITIONAL_AVAILABILITY
PORTER_ZERO,CHI_2020_21_G062,2021-04-28,Otto Porter Jr.,0,0,0,0,0,CONDITIONAL_AVAILABILITY
PORTER_ZERO,CHI_2020_21_G063,2021-04-30,Adam Mokoka,57,57,0,0,0,OBSERVED_BASELINE_RETAINED
PORTER_ZERO,CHI_2020_21_G063,2021-04-30,Al-Farouq Aminu,900,0,-900,0,0,NOT_ON_ALTERNATE_ROSTER
PORTER_ZERO,CHI_2020_21_G063,2021-04-30,Coby White,2078,2078,0,1,0,OBSERVED_BASELINE_RETAINED
PORTER_ZERO,CHI_2020_21_G063,2021-04-30,Daniel Theis,1513,1440,-73,1,1,OBSERVED_BASELINE_RETAINED
PORTER_ZERO,CHI_2020_21_G063,2021-04-30,Denzel Valentine,1013,1013,0,0,0,OBSERVED_BASELINE_RETAINED
PORTER_ZERO,CHI_2020_21_G063,2021-04-30,Devon Dotson,57,57,0,0,0,OBSERVED_BASELINE_RETAINED
PORTER_ZERO,CHI_2020_21_G063,2021-04-30,Garrett Temple,1948,1948,0,1,1,OBSERVED_BASELINE_RETAINED
PORTER_ZERO,CHI_2020_21_G063,2021-04-30,Javonte Green,57,57,0,0,0,OBSERVED_BASELINE_RETAINED
PORTER_ZERO,CHI_2020_21_G063,2021-04-30,Nikola Vucevic,2170,0,-2170,1,0,NOT_ON_ALTERNATE_ROSTER
PORTER_ZERO,CHI_2020_21_G063,2021-04-30,Patrick Williams,2106,0,-2106,1,0,NOT_ON_ALTERNATE_ROSTER
PORTER_ZERO,CHI_2020_21_G063,2021-04-30,Ryan Arcidiacono,57,57,0,0,0,OBSERVED_BASELINE_RETAINED
PORTER_ZERO,CHI_2020_21_G063,2021-04-30,Thaddeus Young,1120,1120,0,0,0,OBSERVED_BASELINE_RETAINED
PORTER_ZERO,CHI_2020_21_G063,2021-04-30,Tomas Satoransky,1324,1324,0,0,0,OBSERVED_BASELINE_RETAINED
PORTER_ZERO,CHI_2020_21_G063,2021-04-30,Protagonist,0,1800,1800,0,1,CONDITIONAL_AVAILABILITY
PORTER_ZERO,CHI_2020_21_G063,2021-04-30,LaMelo Ball,0,1680,1680,0,1,CONDITIONAL_AVAILABILITY
PORTER_ZERO,CHI_2020_21_G063,2021-04-30,Wendell Carter Jr.,0,1769,1769,0,1,CONDITIONAL_AVAILABILITY
PORTER_ZERO,CHI_2020_21_G063,2021-04-30,Otto Porter Jr.,0,0,0,0,0,CONDITIONAL_AVAILABILITY
PORTER_ZERO,CHI_2020_21_G064,2021-05-01,Al-Farouq Aminu,731,0,-731,0,0,NOT_ON_ALTERNATE_ROSTER
PORTER_ZERO,CHI_2020_21_G064,2021-05-01,Coby White,2018,1945,-73,1,0,SAME_DATE_DONOR
PORTER_ZERO,CHI_2020_21_G064,2021-05-01,Daniel Theis,1732,1440,-292,1,0,OBSERVED_BASELINE_RETAINED
PORTER_ZERO,CHI_2020_21_G064,2021-05-01,Denzel Valentine,990,360,-630,0,0,SAME_DATE_DONOR
PORTER_ZERO,CHI_2020_21_G064,2021-05-01,Garrett Temple,1671,1671,0,1,1,OBSERVED_BASELINE_RETAINED
PORTER_ZERO,CHI_2020_21_G064,2021-05-01,Javonte Green,0,0,0,0,0,OBSERVED_BASELINE_RETAINED
PORTER_ZERO,CHI_2020_21_G064,2021-05-01,Lauri Markkanen,1367,1367,0,0,0,OBSERVED_BASELINE_RETAINED
PORTER_ZERO,CHI_2020_21_G064,2021-05-01,Nikola Vucevic,0,0,0,0,0,NOT_ON_ALTERNATE_ROSTER
PORTER_ZERO,CHI_2020_21_G064,2021-05-01,Patrick Williams,1983,0,-1983,1,0,NOT_ON_ALTERNATE_ROSTER
PORTER_ZERO,CHI_2020_21_G064,2021-05-01,Ryan Arcidiacono,934,0,-934,0,0,SAME_DATE_DONOR
PORTER_ZERO,CHI_2020_21_G064,2021-05-01,Thaddeus Young,1977,1977,0,1,1,OBSERVED_BASELINE_RETAINED
PORTER_ZERO,CHI_2020_21_G064,2021-05-01,Tomas Satoransky,997,600,-397,0,0,SAME_DATE_DONOR
PORTER_ZERO,CHI_2020_21_G064,2021-05-01,Protagonist,0,1800,1800,0,1,CONDITIONAL_AVAILABILITY
PORTER_ZERO,CHI_2020_21_G064,2021-05-01,LaMelo Ball,0,1680,1680,0,1,CONDITIONAL_AVAILABILITY
PORTER_ZERO,CHI_2020_21_G064,2021-05-01,Wendell Carter Jr.,0,1560,1560,0,1,CONDITIONAL_AVAILABILITY
PORTER_ZERO,CHI_2020_21_G064,2021-05-01,Otto Porter Jr.,0,0,0,0,0,CONDITIONAL_AVAILABILITY
PORTER_ZERO,CHI_2020_21_G065,2021-05-03,Adam Mokoka,0,0,0,0,0,OBSERVED_BASELINE_RETAINED
PORTER_ZERO,CHI_2020_21_G065,2021-05-03,Al-Farouq Aminu,978,0,-978,0,0,NOT_ON_ALTERNATE_ROSTER
PORTER_ZERO,CHI_2020_21_G065,2021-05-03,Coby White,1728,1728,0,1,0,OBSERVED_BASELINE_RETAINED
PORTER_ZERO,CHI_2020_21_G065,2021-05-03,Cristiano Felicio,0,0,0,0,0,OBSERVED_BASELINE_RETAINED
PORTER_ZERO,CHI_2020_21_G065,2021-05-03,Daniel Theis,2411,1440,-971,1,0,OBSERVED_BASELINE_RETAINED
PORTER_ZERO,CHI_2020_21_G065,2021-05-03,Denzel Valentine,993,360,-633,0,0,SAME_DATE_DONOR
PORTER_ZERO,CHI_2020_21_G065,2021-05-03,Devon Dotson,0,0,0,0,0,OBSERVED_BASELINE_RETAINED
PORTER_ZERO,CHI_2020_21_G065,2021-05-03,Garrett Temple,1650,1650,0,1,1,OBSERVED_BASELINE_RETAINED
PORTER_ZERO,CHI_2020_21_G065,2021-05-03,Javonte Green,673,673,0,0,0,OBSERVED_BASELINE_RETAINED
PORTER_ZERO,CHI_2020_21_G065,2021-05-03,Lauri Markkanen,1008,1008,0,0,0,OBSERVED_BASELINE_RETAINED
PORTER_ZERO,CHI_2020_21_G065,2021-05-03,Patrick Williams,1660,0,-1660,1,0,NOT_ON_ALTERNATE_ROSTER
PORTER_ZERO,CHI_2020_21_G065,2021-05-03,Ryan Arcidiacono,277,238,-39,0,0,SAME_DATE_DONOR
PORTER_ZERO,CHI_2020_21_G065,2021-05-03,Thaddeus Young,1663,1663,0,1,1,OBSERVED_BASELINE_RETAINED
PORTER_ZERO,CHI_2020_21_G065,2021-05-03,Tomas Satoransky,1359,600,-759,0,0,SAME_DATE_DONOR
PORTER_ZERO,CHI_2020_21_G065,2021-05-03,Protagonist,0,1800,1800,0,1,CONDITIONAL_AVAILABILITY
PORTER_ZERO,CHI_2020_21_G065,2021-05-03,LaMelo Ball,0,1680,1680,0,1,CONDITIONAL_AVAILABILITY
PORTER_ZERO,CHI_2020_21_G065,2021-05-03,Wendell Carter Jr.,0,1560,1560,0,1,CONDITIONAL_AVAILABILITY
PORTER_ZERO,CHI_2020_21_G065,2021-05-03,Otto Porter Jr.,0,0,0,0,0,CONDITIONAL_AVAILABILITY
PORTER_ZERO,CHI_2020_21_G066,2021-05-06,Al-Farouq Aminu,0,0,0,0,0,NOT_ON_ALTERNATE_ROSTER
PORTER_ZERO,CHI_2020_21_G066,2021-05-06,Coby White,1807,1200,-607,1,0,SAME_DATE_DONOR
PORTER_ZERO,CHI_2020_21_G066,2021-05-06,Cristiano Felicio,117,117,0,0,0,OBSERVED_BASELINE_RETAINED
PORTER_ZERO,CHI_2020_21_G066,2021-05-06,Daniel Theis,1567,1440,-127,1,1,OBSERVED_BASELINE_RETAINED
PORTER_ZERO,CHI_2020_21_G066,2021-05-06,Denzel Valentine,117,117,0,0,0,OBSERVED_BASELINE_RETAINED
PORTER_ZERO,CHI_2020_21_G066,2021-05-06,Devon Dotson,117,117,0,0,0,OBSERVED_BASELINE_RETAINED
PORTER_ZERO,CHI_2020_21_G066,2021-05-06,Garrett Temple,1418,1230,-188,0,0,SAME_DATE_DONOR
PORTER_ZERO,CHI_2020_21_G066,2021-05-06,Javonte Green,446,446,0,0,0,OBSERVED_BASELINE_RETAINED
PORTER_ZERO,CHI_2020_21_G066,2021-05-06,Lauri Markkanen,1250,1250,0,0,0,OBSERVED_BASELINE_RETAINED
PORTER_ZERO,CHI_2020_21_G066,2021-05-06,Nikola Vucevic,1839,0,-1839,1,0,NOT_ON_ALTERNATE_ROSTER
PORTER_ZERO,CHI_2020_21_G066,2021-05-06,Patrick Williams,1565,0,-1565,1,0,NOT_ON_ALTERNATE_ROSTER
PORTER_ZERO,CHI_2020_21_G066,2021-05-06,Ryan Arcidiacono,117,0,-117,0,0,SAME_DATE_DONOR
PORTER_ZERO,CHI_2020_21_G066,2021-05-06,Thaddeus Young,1196,1196,0,0,0,OBSERVED_BASELINE_RETAINED
PORTER_ZERO,CHI_2020_21_G066,2021-05-06,Tomas Satoransky,1197,600,-597,0,0,SAME_DATE_DONOR
PORTER_ZERO,CHI_2020_21_G066,2021-05-06,Zach LaVine,1647,1647,0,1,1,OBSERVED_BASELINE_RETAINED
PORTER_ZERO,CHI_2020_21_G066,2021-05-06,Protagonist,0,1800,1800,0,1,CONDITIONAL_AVAILABILITY
PORTER_ZERO,CHI_2020_21_G066,2021-05-06,LaMelo Ball,0,1680,1680,0,1,CONDITIONAL_AVAILABILITY
PORTER_ZERO,CHI_2020_21_G066,2021-05-06,Wendell Carter Jr.,0,1560,1560,0,1,CONDITIONAL_AVAILABILITY
PORTER_ZERO,CHI_2020_21_G066,2021-05-06,Otto Porter Jr.,0,0,0,0,0,CONDITIONAL_AVAILABILITY
PORTER_ZERO,CHI_2020_21_G067,2021-05-07,Al-Farouq Aminu,0,0,0,0,0,NOT_ON_ALTERNATE_ROSTER
PORTER_ZERO,CHI_2020_21_G067,2021-05-07,Coby White,1989,1200,-789,1,0,SAME_DATE_DONOR
PORTER_ZERO,CHI_2020_21_G067,2021-05-07,Cristiano Felicio,102,102,0,0,0,OBSERVED_BASELINE_RETAINED
PORTER_ZERO,CHI_2020_21_G067,2021-05-07,Daniel Theis,1711,1440,-271,1,1,OBSERVED_BASELINE_RETAINED
PORTER_ZERO,CHI_2020_21_G067,2021-05-07,Denzel Valentine,102,102,0,0,0,OBSERVED_BASELINE_RETAINED
PORTER_ZERO,CHI_2020_21_G067,2021-05-07,Devon Dotson,102,102,0,0,0,OBSERVED_BASELINE_RETAINED
PORTER_ZERO,CHI_2020_21_G067,2021-05-07,Garrett Temple,1726,1567,-159,0,0,SAME_DATE_DONOR
PORTER_ZERO,CHI_2020_21_G067,2021-05-07,Javonte Green,367,367,0,0,0,OBSERVED_BASELINE_RETAINED
PORTER_ZERO,CHI_2020_21_G067,2021-05-07,Lauri Markkanen,853,853,0,0,0,OBSERVED_BASELINE_RETAINED
PORTER_ZERO,CHI_2020_21_G067,2021-05-07,Nikola Vucevic,1925,0,-1925,1,0,NOT_ON_ALTERNATE_ROSTER
PORTER_ZERO,CHI_2020_21_G067,2021-05-07,Patrick Williams,1605,0,-1605,1,0,NOT_ON_ALTERNATE_ROSTER
PORTER_ZERO,CHI_2020_21_G067,2021-05-07,Ryan Arcidiacono,102,0,-102,0,0,SAME_DATE_DONOR
PORTER_ZERO,CHI_2020_21_G067,2021-05-07,Thaddeus Young,1067,1067,0,0,0,OBSERVED_BASELINE_RETAINED
PORTER_ZERO,CHI_2020_21_G067,2021-05-07,Tomas Satoransky,789,600,-189,0,0,SAME_DATE_DONOR
PORTER_ZERO,CHI_2020_21_G067,2021-05-07,Zach LaVine,1960,1960,0,1,1,OBSERVED_BASELINE_RETAINED
PORTER_ZERO,CHI_2020_21_G067,2021-05-07,Protagonist,0,1800,1800,0,1,CONDITIONAL_AVAILABILITY
PORTER_ZERO,CHI_2020_21_G067,2021-05-07,LaMelo Ball,0,1680,1680,0,1,CONDITIONAL_AVAILABILITY
PORTER_ZERO,CHI_2020_21_G067,2021-05-07,Wendell Carter Jr.,0,1560,1560,0,1,CONDITIONAL_AVAILABILITY
PORTER_ZERO,CHI_2020_21_G067,2021-05-07,Otto Porter Jr.,0,0,0,0,0,CONDITIONAL_AVAILABILITY
PORTER_ZERO,CHI_2020_21_G068,2021-05-09,Adam Mokoka,0,0,0,0,0,OBSERVED_BASELINE_RETAINED
PORTER_ZERO,CHI_2020_21_G068,2021-05-09,Al-Farouq Aminu,0,0,0,0,0,NOT_ON_ALTERNATE_ROSTER
PORTER_ZERO,CHI_2020_21_G068,2021-05-09,Coby White,1842,1200,-642,1,0,SAME_DATE_DONOR
PORTER_ZERO,CHI_2020_21_G068,2021-05-09,Cristiano Felicio,0,0,0,0,0,OBSERVED_BASELINE_RETAINED
PORTER_ZERO,CHI_2020_21_G068,2021-05-09,Denzel Valentine,0,0,0,0,0,OBSERVED_BASELINE_RETAINED
PORTER_ZERO,CHI_2020_21_G068,2021-05-09,Devon Dotson,0,0,0,0,0,OBSERVED_BASELINE_RETAINED
PORTER_ZERO,CHI_2020_21_G068,2021-05-09,Garrett Temple,1846,1680,-166,0,0,SAME_DATE_DONOR
PORTER_ZERO,CHI_2020_21_G068,2021-05-09,Javonte Green,759,759,0,0,0,OBSERVED_BASELINE_RETAINED
PORTER_ZERO,CHI_2020_21_G068,2021-05-09,Lauri Markkanen,1373,1373,0,0,0,OBSERVED_BASELINE_RETAINED
PORTER_ZERO,CHI_2020_21_G068,2021-05-09,Nikola Vucevic,2170,0,-2170,1,0,NOT_ON_ALTERNATE_ROSTER
PORTER_ZERO,CHI_2020_21_G068,2021-05-09,Patrick Williams,1380,0,-1380,1,0,NOT_ON_ALTERNATE_ROSTER
PORTER_ZERO,CHI_2020_21_G068,2021-05-09,Ryan Arcidiacono,0,0,0,0,0,OBSERVED_BASELINE_RETAINED
PORTER_ZERO,CHI_2020_21_G068,2021-05-09,Thaddeus Young,1611,1611,0,1,1,OBSERVED_BASELINE_RETAINED
PORTER_ZERO,CHI_2020_21_G068,2021-05-09,Tomas Satoransky,1282,600,-682,0,0,SAME_DATE_DONOR
PORTER_ZERO,CHI_2020_21_G068,2021-05-09,Zach LaVine,2137,2137,0,1,1,OBSERVED_BASELINE_RETAINED
PORTER_ZERO,CHI_2020_21_G068,2021-05-09,Protagonist,0,1800,1800,0,1,CONDITIONAL_AVAILABILITY
PORTER_ZERO,CHI_2020_21_G068,2021-05-09,LaMelo Ball,0,1680,1680,0,1,CONDITIONAL_AVAILABILITY
PORTER_ZERO,CHI_2020_21_G068,2021-05-09,Wendell Carter Jr.,0,1560,1560,0,1,CONDITIONAL_AVAILABILITY
PORTER_ZERO,CHI_2020_21_G068,2021-05-09,Otto Porter Jr.,0,0,0,0,0,CONDITIONAL_AVAILABILITY
PORTER_ZERO,CHI_2020_21_G069,2021-05-11,Al-Farouq Aminu,0,0,0,0,0,NOT_ON_ALTERNATE_ROSTER
PORTER_ZERO,CHI_2020_21_G069,2021-05-11,Coby White,2230,1200,-1030,1,0,SAME_DATE_DONOR
PORTER_ZERO,CHI_2020_21_G069,2021-05-11,Cristiano Felicio,0,0,0,0,0,OBSERVED_BASELINE_RETAINED
PORTER_ZERO,CHI_2020_21_G069,2021-05-11,Daniel Theis,1279,1279,0,1,1,OBSERVED_BASELINE_RETAINED
PORTER_ZERO,CHI_2020_21_G069,2021-05-11,Denzel Valentine,0,0,0,0,0,OBSERVED_BASELINE_RETAINED
PORTER_ZERO,CHI_2020_21_G069,2021-05-11,Devon Dotson,0,0,0,0,0,OBSERVED_BASELINE_RETAINED
PORTER_ZERO,CHI_2020_21_G069,2021-05-11,Garrett Temple,1740,1323,-417,0,0,SAME_DATE_DONOR
PORTER_ZERO,CHI_2020_21_G069,2021-05-11,Javonte Green,158,158,0,0,0,OBSERVED_BASELINE_RETAINED
PORTER_ZERO,CHI_2020_21_G069,2021-05-11,Lauri Markkanen,1140,1140,0,0,0,OBSERVED_BASELINE_RETAINED
PORTER_ZERO,CHI_2020_21_G069,2021-05-11,Nikola Vucevic,2174,0,-2174,1,0,NOT_ON_ALTERNATE_ROSTER
PORTER_ZERO,CHI_2020_21_G069,2021-05-11,Patrick Williams,1369,0,-1369,1,0,NOT_ON_ALTERNATE_ROSTER
PORTER_ZERO,CHI_2020_21_G069,2021-05-11,Ryan Arcidiacono,0,0,0,0,0,OBSERVED_BASELINE_RETAINED
PORTER_ZERO,CHI_2020_21_G069,2021-05-11,Thaddeus Young,1468,1468,0,0,0,OBSERVED_BASELINE_RETAINED
PORTER_ZERO,CHI_2020_21_G069,2021-05-11,Tomas Satoransky,650,600,-50,0,0,SAME_DATE_DONOR
PORTER_ZERO,CHI_2020_21_G069,2021-05-11,Zach LaVine,2192,2192,0,1,1,OBSERVED_BASELINE_RETAINED
PORTER_ZERO,CHI_2020_21_G069,2021-05-11,Protagonist,0,1800,1800,0,1,CONDITIONAL_AVAILABILITY
PORTER_ZERO,CHI_2020_21_G069,2021-05-11,LaMelo Ball,0,1680,1680,0,1,CONDITIONAL_AVAILABILITY
PORTER_ZERO,CHI_2020_21_G069,2021-05-11,Wendell Carter Jr.,0,1560,1560,0,1,CONDITIONAL_AVAILABILITY
PORTER_ZERO,CHI_2020_21_G069,2021-05-11,Otto Porter Jr.,0,0,0,0,0,CONDITIONAL_AVAILABILITY
PORTER_ZERO,CHI_2020_21_G070,2021-05-13,Adam Mokoka,0,0,0,0,0,OBSERVED_BASELINE_RETAINED
PORTER_ZERO,CHI_2020_21_G070,2021-05-13,Al-Farouq Aminu,0,0,0,0,0,NOT_ON_ALTERNATE_ROSTER
PORTER_ZERO,CHI_2020_21_G070,2021-05-13,Coby White,2507,1200,-1307,1,0,SAME_DATE_DONOR
PORTER_ZERO,CHI_2020_21_G070,2021-05-13,Cristiano Felicio,0,0,0,0,0,OBSERVED_BASELINE_RETAINED
PORTER_ZERO,CHI_2020_21_G070,2021-05-13,Denzel Valentine,0,0,0,0,0,OBSERVED_BASELINE_RETAINED
PORTER_ZERO,CHI_2020_21_G070,2021-05-13,Devon Dotson,0,0,0,0,0,OBSERVED_BASELINE_RETAINED
PORTER_ZERO,CHI_2020_21_G070,2021-05-13,Garrett Temple,1640,1531,-109,0,0,SAME_DATE_DONOR
PORTER_ZERO,CHI_2020_21_G070,2021-05-13,Javonte Green,752,752,0,0,0,OBSERVED_BASELINE_RETAINED
PORTER_ZERO,CHI_2020_21_G070,2021-05-13,Lauri Markkanen,1519,1519,0,0,0,OBSERVED_BASELINE_RETAINED
PORTER_ZERO,CHI_2020_21_G070,2021-05-13,Nikola Vucevic,1945,0,-1945,1,0,NOT_ON_ALTERNATE_ROSTER
PORTER_ZERO,CHI_2020_21_G070,2021-05-13,Patrick Williams,1099,0,-1099,1,0,NOT_ON_ALTERNATE_ROSTER
PORTER_ZERO,CHI_2020_21_G070,2021-05-13,Ryan Arcidiacono,0,0,0,0,0,OBSERVED_BASELINE_RETAINED
PORTER_ZERO,CHI_2020_21_G070,2021-05-13,Thaddeus Young,1685,1685,0,1,1,OBSERVED_BASELINE_RETAINED
PORTER_ZERO,CHI_2020_21_G070,2021-05-13,Tomas Satoransky,1180,600,-580,0,0,SAME_DATE_DONOR
PORTER_ZERO,CHI_2020_21_G070,2021-05-13,Zach LaVine,2073,2073,0,1,1,OBSERVED_BASELINE_RETAINED
PORTER_ZERO,CHI_2020_21_G070,2021-05-13,Protagonist,0,1800,1800,0,1,CONDITIONAL_AVAILABILITY
PORTER_ZERO,CHI_2020_21_G070,2021-05-13,LaMelo Ball,0,1680,1680,0,1,CONDITIONAL_AVAILABILITY
PORTER_ZERO,CHI_2020_21_G070,2021-05-13,Wendell Carter Jr.,0,1560,1560,0,1,CONDITIONAL_AVAILABILITY
PORTER_ZERO,CHI_2020_21_G070,2021-05-13,Otto Porter Jr.,0,0,0,0,0,CONDITIONAL_AVAILABILITY
PORTER_ZERO,CHI_2020_21_G071,2021-05-15,Adam Mokoka,149,149,0,0,0,OBSERVED_BASELINE_RETAINED
PORTER_ZERO,CHI_2020_21_G071,2021-05-15,Al-Farouq Aminu,0,0,0,0,0,NOT_ON_ALTERNATE_ROSTER
PORTER_ZERO,CHI_2020_21_G071,2021-05-15,Coby White,2064,2064,0,1,0,OBSERVED_BASELINE_RETAINED
PORTER_ZERO,CHI_2020_21_G071,2021-05-15,Cristiano Felicio,170,170,0,0,0,OBSERVED_BASELINE_RETAINED
PORTER_ZERO,CHI_2020_21_G071,2021-05-15,Denzel Valentine,961,360,-601,0,0,SAME_DATE_DONOR
PORTER_ZERO,CHI_2020_21_G071,2021-05-15,Devon Dotson,149,149,0,0,0,OBSERVED_BASELINE_RETAINED
PORTER_ZERO,CHI_2020_21_G071,2021-05-15,Garrett Temple,1644,1644,0,1,1,OBSERVED_BASELINE_RETAINED
PORTER_ZERO,CHI_2020_21_G071,2021-05-15,Javonte Green,1035,1035,0,0,0,OBSERVED_BASELINE_RETAINED
PORTER_ZERO,CHI_2020_21_G071,2021-05-15,Lauri Markkanen,1823,1823,0,0,0,OBSERVED_BASELINE_RETAINED
PORTER_ZERO,CHI_2020_21_G071,2021-05-15,Nikola Vucevic,1815,0,-1815,1,0,NOT_ON_ALTERNATE_ROSTER
PORTER_ZERO,CHI_2020_21_G071,2021-05-15,Patrick Williams,1972,0,-1972,1,0,NOT_ON_ALTERNATE_ROSTER
PORTER_ZERO,CHI_2020_21_G071,2021-05-15,Ryan Arcidiacono,816,164,-652,0,0,SAME_DATE_DONOR
PORTER_ZERO,CHI_2020_21_G071,2021-05-15,Thaddeus Young,1803,1803,0,1,1,OBSERVED_BASELINE_RETAINED
PORTER_ZERO,CHI_2020_21_G071,2021-05-15,Protagonist,0,1800,1800,0,1,CONDITIONAL_AVAILABILITY
PORTER_ZERO,CHI_2020_21_G071,2021-05-15,LaMelo Ball,0,1680,1680,0,1,CONDITIONAL_AVAILABILITY
PORTER_ZERO,CHI_2020_21_G071,2021-05-15,Wendell Carter Jr.,0,1560,1560,0,1,CONDITIONAL_AVAILABILITY
PORTER_ZERO,CHI_2020_21_G071,2021-05-15,Otto Porter Jr.,0,0,0,0,0,CONDITIONAL_AVAILABILITY
PORTER_ZERO,CHI_2020_21_G072,2021-05-16,Adam Mokoka,0,0,0,0,0,OBSERVED_BASELINE_RETAINED
PORTER_ZERO,CHI_2020_21_G072,2021-05-16,Al-Farouq Aminu,0,0,0,0,0,NOT_ON_ALTERNATE_ROSTER
PORTER_ZERO,CHI_2020_21_G072,2021-05-16,Coby White,1876,1200,-676,1,0,SAME_DATE_DONOR
PORTER_ZERO,CHI_2020_21_G072,2021-05-16,Cristiano Felicio,1077,1077,0,0,0,OBSERVED_BASELINE_RETAINED
PORTER_ZERO,CHI_2020_21_G072,2021-05-16,Denzel Valentine,1249,360,-889,0,0,SAME_DATE_DONOR
PORTER_ZERO,CHI_2020_21_G072,2021-05-16,Devon Dotson,1285,1285,0,0,0,OBSERVED_BASELINE_RETAINED
PORTER_ZERO,CHI_2020_21_G072,2021-05-16,Garrett Temple,1718,1025,-693,1,1,SAME_DATE_DONOR
PORTER_ZERO,CHI_2020_21_G072,2021-05-16,Javonte Green,1394,1394,0,0,0,OBSERVED_BASELINE_RETAINED
PORTER_ZERO,CHI_2020_21_G072,2021-05-16,Lauri Markkanen,1486,1486,0,1,1,OBSERVED_BASELINE_RETAINED
PORTER_ZERO,CHI_2020_21_G072,2021-05-16,Patrick Williams,1778,0,-1778,1,0,NOT_ON_ALTERNATE_ROSTER
PORTER_ZERO,CHI_2020_21_G072,2021-05-16,Ryan Arcidiacono,1004,0,-1004,0,0,SAME_DATE_DONOR
PORTER_ZERO,CHI_2020_21_G072,2021-05-16,Thaddeus Young,1533,1533,0,1,0,OBSERVED_BASELINE_RETAINED
PORTER_ZERO,CHI_2020_21_G072,2021-05-16,Protagonist,0,1800,1800,0,1,CONDITIONAL_AVAILABILITY
PORTER_ZERO,CHI_2020_21_G072,2021-05-16,LaMelo Ball,0,1680,1680,0,1,CONDITIONAL_AVAILABILITY
PORTER_ZERO,CHI_2020_21_G072,2021-05-16,Wendell Carter Jr.,0,1560,1560,0,1,CONDITIONAL_AVAILABILITY
PORTER_ZERO,CHI_2020_21_G072,2021-05-16,Otto Porter Jr.,0,0,0,0,0,CONDITIONAL_AVAILABILITY
PORTER_12_STRESS,CHI_2020_21_G044,2021-03-27,Al-Farouq Aminu,738,0,-738,0,0,NOT_ON_ALTERNATE_ROSTER
PORTER_12_STRESS,CHI_2020_21_G044,2021-03-27,Coby White,1535,1200,-335,0,0,SAME_DATE_DONOR
PORTER_12_STRESS,CHI_2020_21_G044,2021-03-27,Cristiano Felicio,106,106,0,0,0,OBSERVED_BASELINE_RETAINED
PORTER_12_STRESS,CHI_2020_21_G044,2021-03-27,Denzel Valentine,348,348,0,0,0,OBSERVED_BASELINE_RETAINED
PORTER_12_STRESS,CHI_2020_21_G044,2021-03-27,Devon Dotson,106,106,0,0,0,OBSERVED_BASELINE_RETAINED
PORTER_12_STRESS,CHI_2020_21_G044,2021-03-27,Garrett Temple,1347,1063,-284,0,0,SAME_DATE_DONOR
PORTER_12_STRESS,CHI_2020_21_G044,2021-03-27,Javonte Green,628,628,0,0,0,OBSERVED_BASELINE_RETAINED
PORTER_12_STRESS,CHI_2020_21_G044,2021-03-27,Lauri Markkanen,1566,1566,0,1,1,OBSERVED_BASELINE_RETAINED
PORTER_12_STRESS,CHI_2020_21_G044,2021-03-27,Nikola Vucevic,1906,0,-1906,1,0,NOT_ON_ALTERNATE_ROSTER
PORTER_12_STRESS,CHI_2020_21_G044,2021-03-27,Patrick Williams,1143,0,-1143,1,0,NOT_ON_ALTERNATE_ROSTER
PORTER_12_STRESS,CHI_2020_21_G044,2021-03-27,Ryan Arcidiacono,106,0,-106,0,0,SAME_DATE_DONOR
PORTER_12_STRESS,CHI_2020_21_G044,2021-03-27,Thaddeus Young,1338,1338,0,0,0,OBSERVED_BASELINE_RETAINED
PORTER_12_STRESS,CHI_2020_21_G044,2021-03-27,Tomas Satoransky,1035,600,-435,1,0,SAME_DATE_DONOR
PORTER_12_STRESS,CHI_2020_21_G044,2021-03-27,Troy Brown Jr.,813,0,-813,0,0,NOT_ON_ALTERNATE_ROSTER
PORTER_12_STRESS,CHI_2020_21_G044,2021-03-27,Zach LaVine,1685,1685,0,1,1,OBSERVED_BASELINE_RETAINED
PORTER_12_STRESS,CHI_2020_21_G044,2021-03-27,Protagonist,0,1800,1800,0,1,CONDITIONAL_AVAILABILITY
PORTER_12_STRESS,CHI_2020_21_G044,2021-03-27,LaMelo Ball,0,1680,1680,0,1,CONDITIONAL_AVAILABILITY
PORTER_12_STRESS,CHI_2020_21_G044,2021-03-27,Wendell Carter Jr.,0,1560,1560,0,1,CONDITIONAL_AVAILABILITY
PORTER_12_STRESS,CHI_2020_21_G044,2021-03-27,Otto Porter Jr.,0,720,720,0,0,CONDITIONAL_AVAILABILITY
PORTER_12_STRESS,CHI_2020_21_G045,2021-03-29,Al-Farouq Aminu,0,0,0,0,0,NOT_ON_ALTERNATE_ROSTER
PORTER_12_STRESS,CHI_2020_21_G045,2021-03-29,Cristiano Felicio,101,101,0,0,0,OBSERVED_BASELINE_RETAINED
PORTER_12_STRESS,CHI_2020_21_G045,2021-03-29,Daniel Theis,1328,1328,0,0,0,OBSERVED_BASELINE_RETAINED
PORTER_12_STRESS,CHI_2020_21_G045,2021-03-29,Denzel Valentine,0,0,0,0,0,OBSERVED_BASELINE_RETAINED
PORTER_12_STRESS,CHI_2020_21_G045,2021-03-29,Devon Dotson,198,198,0,0,0,OBSERVED_BASELINE_RETAINED
PORTER_12_STRESS,CHI_2020_21_G045,2021-03-29,Garrett Temple,129,129,0,0,0,OBSERVED_BASELINE_RETAINED
PORTER_12_STRESS,CHI_2020_21_G045,2021-03-29,Javonte Green,755,755,0,0,0,OBSERVED_BASELINE_RETAINED
PORTER_12_STRESS,CHI_2020_21_G045,2021-03-29,Lauri Markkanen,1330,1330,0,0,0,OBSERVED_BASELINE_RETAINED
PORTER_12_STRESS,CHI_2020_21_G045,2021-03-29,Nikola Vucevic,1593,0,-1593,1,0,NOT_ON_ALTERNATE_ROSTER
PORTER_12_STRESS,CHI_2020_21_G045,2021-03-29,Patrick Williams,1960,0,-1960,1,0,NOT_ON_ALTERNATE_ROSTER
PORTER_12_STRESS,CHI_2020_21_G045,2021-03-29,Ryan Arcidiacono,887,887,0,0,0,OBSERVED_BASELINE_RETAINED
PORTER_12_STRESS,CHI_2020_21_G045,2021-03-29,Thaddeus Young,1412,1412,0,1,1,OBSERVED_BASELINE_RETAINED
PORTER_12_STRESS,CHI_2020_21_G045,2021-03-29,Tomas Satoransky,1802,605,-1197,1,0,SAME_DATE_DONOR
PORTER_12_STRESS,CHI_2020_21_G045,2021-03-29,Troy Brown Jr.,1010,0,-1010,0,0,NOT_ON_ALTERNATE_ROSTER
PORTER_12_STRESS,CHI_2020_21_G045,2021-03-29,Zach LaVine,1895,1895,0,1,1,OBSERVED_BASELINE_RETAINED
PORTER_12_STRESS,CHI_2020_21_G045,2021-03-29,Protagonist,0,1800,1800,0,1,CONDITIONAL_AVAILABILITY
PORTER_12_STRESS,CHI_2020_21_G045,2021-03-29,LaMelo Ball,0,1680,1680,0,1,CONDITIONAL_AVAILABILITY
PORTER_12_STRESS,CHI_2020_21_G045,2021-03-29,Wendell Carter Jr.,0,1560,1560,0,1,CONDITIONAL_AVAILABILITY
PORTER_12_STRESS,CHI_2020_21_G045,2021-03-29,Otto Porter Jr.,0,720,720,0,0,CONDITIONAL_AVAILABILITY
PORTER_12_STRESS,CHI_2020_21_G046,2021-03-31,Adam Mokoka,0,0,0,0,0,OBSERVED_BASELINE_RETAINED
PORTER_12_STRESS,CHI_2020_21_G046,2021-03-31,Al-Farouq Aminu,0,0,0,0,0,NOT_ON_ALTERNATE_ROSTER
PORTER_12_STRESS,CHI_2020_21_G046,2021-03-31,Cristiano Felicio,0,0,0,0,0,OBSERVED_BASELINE_RETAINED
PORTER_12_STRESS,CHI_2020_21_G046,2021-03-31,Daniel Theis,1180,1180,0,0,0,OBSERVED_BASELINE_RETAINED
PORTER_12_STRESS,CHI_2020_21_G046,2021-03-31,Denzel Valentine,1747,1747,0,0,0,OBSERVED_BASELINE_RETAINED
PORTER_12_STRESS,CHI_2020_21_G046,2021-03-31,Devon Dotson,0,0,0,0,0,OBSERVED_BASELINE_RETAINED
PORTER_12_STRESS,CHI_2020_21_G046,2021-03-31,Javonte Green,0,0,0,0,0,OBSERVED_BASELINE_RETAINED
PORTER_12_STRESS,CHI_2020_21_G046,2021-03-31,Lauri Markkanen,2056,2056,0,1,1,OBSERVED_BASELINE_RETAINED
PORTER_12_STRESS,CHI_2020_21_G046,2021-03-31,Nikola Vucevic,2064,0,-2064,1,0,NOT_ON_ALTERNATE_ROSTER
PORTER_12_STRESS,CHI_2020_21_G046,2021-03-31,Patrick Williams,1890,0,-1890,1,0,NOT_ON_ALTERNATE_ROSTER
PORTER_12_STRESS,CHI_2020_21_G046,2021-03-31,Ryan Arcidiacono,952,952,0,0,0,OBSERVED_BASELINE_RETAINED
PORTER_12_STRESS,CHI_2020_21_G046,2021-03-31,Thaddeus Young,1700,1700,0,1,1,OBSERVED_BASELINE_RETAINED
PORTER_12_STRESS,CHI_2020_21_G046,2021-03-31,Tomas Satoransky,1821,1005,-816,1,0,SAME_DATE_DONOR
PORTER_12_STRESS,CHI_2020_21_G046,2021-03-31,Troy Brown Jr.,990,0,-990,0,0,NOT_ON_ALTERNATE_ROSTER
PORTER_12_STRESS,CHI_2020_21_G046,2021-03-31,Protagonist,0,1800,1800,0,1,CONDITIONAL_AVAILABILITY
PORTER_12_STRESS,CHI_2020_21_G046,2021-03-31,LaMelo Ball,0,1680,1680,0,1,CONDITIONAL_AVAILABILITY
PORTER_12_STRESS,CHI_2020_21_G046,2021-03-31,Wendell Carter Jr.,0,1560,1560,0,1,CONDITIONAL_AVAILABILITY
PORTER_12_STRESS,CHI_2020_21_G046,2021-03-31,Otto Porter Jr.,0,720,720,0,0,CONDITIONAL_AVAILABILITY
PORTER_12_STRESS,CHI_2020_21_G047,2021-04-02,Al-Farouq Aminu,0,0,0,0,0,NOT_ON_ALTERNATE_ROSTER
PORTER_12_STRESS,CHI_2020_21_G047,2021-04-02,Coby White,1417,1262,-155,0,0,SAME_DATE_DONOR
PORTER_12_STRESS,CHI_2020_21_G047,2021-04-02,Cristiano Felicio,0,0,0,0,0,OBSERVED_BASELINE_RETAINED
PORTER_12_STRESS,CHI_2020_21_G047,2021-04-02,Daniel Theis,1219,1219,0,0,0,OBSERVED_BASELINE_RETAINED
PORTER_12_STRESS,CHI_2020_21_G047,2021-04-02,Denzel Valentine,1319,360,-959,0,0,SAME_DATE_DONOR
PORTER_12_STRESS,CHI_2020_21_G047,2021-04-02,Devon Dotson,0,0,0,0,0,OBSERVED_BASELINE_RETAINED
PORTER_12_STRESS,CHI_2020_21_G047,2021-04-02,Javonte Green,0,0,0,0,0,OBSERVED_BASELINE_RETAINED
PORTER_12_STRESS,CHI_2020_21_G047,2021-04-02,Lauri Markkanen,1361,1361,0,0,0,OBSERVED_BASELINE_RETAINED
PORTER_12_STRESS,CHI_2020_21_G047,2021-04-02,Nikola Vucevic,1734,0,-1734,1,0,NOT_ON_ALTERNATE_ROSTER
PORTER_12_STRESS,CHI_2020_21_G047,2021-04-02,Patrick Williams,1976,0,-1976,1,0,NOT_ON_ALTERNATE_ROSTER
PORTER_12_STRESS,CHI_2020_21_G047,2021-04-02,Ryan Arcidiacono,0,0,0,0,0,OBSERVED_BASELINE_RETAINED
PORTER_12_STRESS,CHI_2020_21_G047,2021-04-02,Thaddeus Young,1969,1969,0,1,1,OBSERVED_BASELINE_RETAINED
PORTER_12_STRESS,CHI_2020_21_G047,2021-04-02,Tomas Satoransky,1536,600,-936,1,0,SAME_DATE_DONOR
PORTER_12_STRESS,CHI_2020_21_G047,2021-04-02,Troy Brown Jr.,0,0,0,0,0,NOT_ON_ALTERNATE_ROSTER
PORTER_12_STRESS,CHI_2020_21_G047,2021-04-02,Zach LaVine,1869,1869,0,1,1,OBSERVED_BASELINE_RETAINED
PORTER_12_STRESS,CHI_2020_21_G047,2021-04-02,Protagonist,0,1800,1800,0,1,CONDITIONAL_AVAILABILITY
PORTER_12_STRESS,CHI_2020_21_G047,2021-04-02,LaMelo Ball,0,1680,1680,0,1,CONDITIONAL_AVAILABILITY
PORTER_12_STRESS,CHI_2020_21_G047,2021-04-02,Wendell Carter Jr.,0,1560,1560,0,1,CONDITIONAL_AVAILABILITY
PORTER_12_STRESS,CHI_2020_21_G047,2021-04-02,Otto Porter Jr.,0,720,720,0,0,CONDITIONAL_AVAILABILITY
PORTER_12_STRESS,CHI_2020_21_G048,2021-04-04,Adam Mokoka,0,0,0,0,0,OBSERVED_BASELINE_RETAINED
PORTER_12_STRESS,CHI_2020_21_G048,2021-04-04,Al-Farouq Aminu,0,0,0,0,0,NOT_ON_ALTERNATE_ROSTER
PORTER_12_STRESS,CHI_2020_21_G048,2021-04-04,Cristiano Felicio,0,0,0,0,0,OBSERVED_BASELINE_RETAINED
PORTER_12_STRESS,CHI_2020_21_G048,2021-04-04,Daniel Theis,1433,1433,0,0,0,OBSERVED_BASELINE_RETAINED
PORTER_12_STRESS,CHI_2020_21_G048,2021-04-04,Denzel Valentine,640,640,0,0,0,OBSERVED_BASELINE_RETAINED
PORTER_12_STRESS,CHI_2020_21_G048,2021-04-04,Devon Dotson,0,0,0,0,0,OBSERVED_BASELINE_RETAINED
PORTER_12_STRESS,CHI_2020_21_G048,2021-04-04,Javonte Green,0,0,0,0,0,OBSERVED_BASELINE_RETAINED
PORTER_12_STRESS,CHI_2020_21_G048,2021-04-04,Lauri Markkanen,1380,1380,0,0,0,OBSERVED_BASELINE_RETAINED
PORTER_12_STRESS,CHI_2020_21_G048,2021-04-04,Nikola Vucevic,1942,0,-1942,1,0,NOT_ON_ALTERNATE_ROSTER
PORTER_12_STRESS,CHI_2020_21_G048,2021-04-04,Patrick Williams,1839,0,-1839,1,0,NOT_ON_ALTERNATE_ROSTER
PORTER_12_STRESS,CHI_2020_21_G048,2021-04-04,Ryan Arcidiacono,198,198,0,0,0,OBSERVED_BASELINE_RETAINED
PORTER_12_STRESS,CHI_2020_21_G048,2021-04-04,Thaddeus Young,1311,1311,0,1,1,OBSERVED_BASELINE_RETAINED
PORTER_12_STRESS,CHI_2020_21_G048,2021-04-04,Tomas Satoransky,1848,1561,-287,1,0,SAME_DATE_DONOR
PORTER_12_STRESS,CHI_2020_21_G048,2021-04-04,Troy Brown Jr.,1692,0,-1692,0,0,NOT_ON_ALTERNATE_ROSTER
PORTER_12_STRESS,CHI_2020_21_G048,2021-04-04,Zach LaVine,2117,2117,0,1,1,OBSERVED_BASELINE_RETAINED
PORTER_12_STRESS,CHI_2020_21_G048,2021-04-04,Protagonist,0,1800,1800,0,1,CONDITIONAL_AVAILABILITY
PORTER_12_STRESS,CHI_2020_21_G048,2021-04-04,LaMelo Ball,0,1680,1680,0,1,CONDITIONAL_AVAILABILITY
PORTER_12_STRESS,CHI_2020_21_G048,2021-04-04,Wendell Carter Jr.,0,1560,1560,0,1,CONDITIONAL_AVAILABILITY
PORTER_12_STRESS,CHI_2020_21_G048,2021-04-04,Otto Porter Jr.,0,720,720,0,0,CONDITIONAL_AVAILABILITY
PORTER_12_STRESS,CHI_2020_21_G049,2021-04-06,Al-Farouq Aminu,0,0,0,0,0,NOT_ON_ALTERNATE_ROSTER
PORTER_12_STRESS,CHI_2020_21_G049,2021-04-06,Coby White,1884,1884,0,0,0,OBSERVED_BASELINE_RETAINED
PORTER_12_STRESS,CHI_2020_21_G049,2021-04-06,Cristiano Felicio,81,81,0,0,0,OBSERVED_BASELINE_RETAINED
PORTER_12_STRESS,CHI_2020_21_G049,2021-04-06,Denzel Valentine,228,228,0,0,0,OBSERVED_BASELINE_RETAINED
PORTER_12_STRESS,CHI_2020_21_G049,2021-04-06,Javonte Green,81,81,0,0,0,OBSERVED_BASELINE_RETAINED
PORTER_12_STRESS,CHI_2020_21_G049,2021-04-06,Lauri Markkanen,1292,1292,0,0,0,OBSERVED_BASELINE_RETAINED
PORTER_12_STRESS,CHI_2020_21_G049,2021-04-06,Nikola Vucevic,2112,0,-2112,1,0,NOT_ON_ALTERNATE_ROSTER
PORTER_12_STRESS,CHI_2020_21_G049,2021-04-06,Patrick Williams,1841,0,-1841,1,0,NOT_ON_ALTERNATE_ROSTER
PORTER_12_STRESS,CHI_2020_21_G049,2021-04-06,Ryan Arcidiacono,81,81,0,0,0,OBSERVED_BASELINE_RETAINED
PORTER_12_STRESS,CHI_2020_21_G049,2021-04-06,Thaddeus Young,1674,1674,0,1,1,OBSERVED_BASELINE_RETAINED
PORTER_12_STRESS,CHI_2020_21_G049,2021-04-06,Tomas Satoransky,2065,1162,-903,1,0,SAME_DATE_DONOR
PORTER_12_STRESS,CHI_2020_21_G049,2021-04-06,Troy Brown Jr.,904,0,-904,0,0,NOT_ON_ALTERNATE_ROSTER
PORTER_12_STRESS,CHI_2020_21_G049,2021-04-06,Zach LaVine,2157,2157,0,1,1,OBSERVED_BASELINE_RETAINED
PORTER_12_STRESS,CHI_2020_21_G049,2021-04-06,Protagonist,0,1800,1800,0,1,CONDITIONAL_AVAILABILITY
PORTER_12_STRESS,CHI_2020_21_G049,2021-04-06,LaMelo Ball,0,1680,1680,0,1,CONDITIONAL_AVAILABILITY
PORTER_12_STRESS,CHI_2020_21_G049,2021-04-06,Wendell Carter Jr.,0,1560,1560,0,1,CONDITIONAL_AVAILABILITY
PORTER_12_STRESS,CHI_2020_21_G049,2021-04-06,Otto Porter Jr.,0,720,720,0,0,CONDITIONAL_AVAILABILITY
PORTER_12_STRESS,CHI_2020_21_G050,2021-04-08,Al-Farouq Aminu,0,0,0,0,0,NOT_ON_ALTERNATE_ROSTER
PORTER_12_STRESS,CHI_2020_21_G050,2021-04-08,Coby White,1605,1605,0,0,0,OBSERVED_BASELINE_RETAINED
PORTER_12_STRESS,CHI_2020_21_G050,2021-04-08,Cristiano Felicio,0,0,0,0,0,OBSERVED_BASELINE_RETAINED
PORTER_12_STRESS,CHI_2020_21_G050,2021-04-08,Daniel Theis,1614,1440,-174,0,0,OBSERVED_BASELINE_RETAINED
PORTER_12_STRESS,CHI_2020_21_G050,2021-04-08,Denzel Valentine,0,0,0,0,0,OBSERVED_BASELINE_RETAINED
PORTER_12_STRESS,CHI_2020_21_G050,2021-04-08,Javonte Green,0,0,0,0,0,OBSERVED_BASELINE_RETAINED
PORTER_12_STRESS,CHI_2020_21_G050,2021-04-08,Lauri Markkanen,1100,1100,0,0,0,OBSERVED_BASELINE_RETAINED
PORTER_12_STRESS,CHI_2020_21_G050,2021-04-08,Nikola Vucevic,1906,0,-1906,1,0,NOT_ON_ALTERNATE_ROSTER
PORTER_12_STRESS,CHI_2020_21_G050,2021-04-08,Patrick Williams,1894,0,-1894,1,0,NOT_ON_ALTERNATE_ROSTER
PORTER_12_STRESS,CHI_2020_21_G050,2021-04-08,Ryan Arcidiacono,0,0,0,0,0,OBSERVED_BASELINE_RETAINED
PORTER_12_STRESS,CHI_2020_21_G050,2021-04-08,Thaddeus Young,1425,1425,0,1,1,OBSERVED_BASELINE_RETAINED
PORTER_12_STRESS,CHI_2020_21_G050,2021-04-08,Tomas Satoransky,1772,819,-953,1,0,SAME_DATE_DONOR
PORTER_12_STRESS,CHI_2020_21_G050,2021-04-08,Troy Brown Jr.,833,0,-833,0,0,NOT_ON_ALTERNATE_ROSTER
PORTER_12_STRESS,CHI_2020_21_G050,2021-04-08,Zach LaVine,2251,2251,0,1,1,OBSERVED_BASELINE_RETAINED
PORTER_12_STRESS,CHI_2020_21_G050,2021-04-08,Protagonist,0,1800,1800,0,1,CONDITIONAL_AVAILABILITY
PORTER_12_STRESS,CHI_2020_21_G050,2021-04-08,LaMelo Ball,0,1680,1680,0,1,CONDITIONAL_AVAILABILITY
PORTER_12_STRESS,CHI_2020_21_G050,2021-04-08,Wendell Carter Jr.,0,1560,1560,0,1,CONDITIONAL_AVAILABILITY
PORTER_12_STRESS,CHI_2020_21_G050,2021-04-08,Otto Porter Jr.,0,720,720,0,0,CONDITIONAL_AVAILABILITY
PORTER_12_STRESS,CHI_2020_21_G051,2021-04-09,Al-Farouq Aminu,0,0,0,0,0,NOT_ON_ALTERNATE_ROSTER
PORTER_12_STRESS,CHI_2020_21_G051,2021-04-09,Coby White,1712,1712,0,0,0,OBSERVED_BASELINE_RETAINED
PORTER_12_STRESS,CHI_2020_21_G051,2021-04-09,Cristiano Felicio,0,0,0,0,0,OBSERVED_BASELINE_RETAINED
PORTER_12_STRESS,CHI_2020_21_G051,2021-04-09,Daniel Theis,699,699,0,0,0,OBSERVED_BASELINE_RETAINED
PORTER_12_STRESS,CHI_2020_21_G051,2021-04-09,Denzel Valentine,0,0,0,0,0,OBSERVED_BASELINE_RETAINED
PORTER_12_STRESS,CHI_2020_21_G051,2021-04-09,Javonte Green,0,0,0,0,0,OBSERVED_BASELINE_RETAINED
PORTER_12_STRESS,CHI_2020_21_G051,2021-04-09,Lauri Markkanen,1617,1617,0,0,0,OBSERVED_BASELINE_RETAINED
PORTER_12_STRESS,CHI_2020_21_G051,2021-04-09,Nikola Vucevic,2181,0,-2181,1,0,NOT_ON_ALTERNATE_ROSTER
PORTER_12_STRESS,CHI_2020_21_G051,2021-04-09,Patrick Williams,1548,0,-1548,1,0,NOT_ON_ALTERNATE_ROSTER
PORTER_12_STRESS,CHI_2020_21_G051,2021-04-09,Ryan Arcidiacono,0,0,0,0,0,OBSERVED_BASELINE_RETAINED
PORTER_12_STRESS,CHI_2020_21_G051,2021-04-09,Thaddeus Young,1424,1424,0,1,1,OBSERVED_BASELINE_RETAINED
PORTER_12_STRESS,CHI_2020_21_G051,2021-04-09,Tomas Satoransky,1991,864,-1127,1,0,SAME_DATE_DONOR
PORTER_12_STRESS,CHI_2020_21_G051,2021-04-09,Troy Brown Jr.,904,0,-904,0,0,NOT_ON_ALTERNATE_ROSTER
PORTER_12_STRESS,CHI_2020_21_G051,2021-04-09,Zach LaVine,2324,2324,0,1,1,OBSERVED_BASELINE_RETAINED
PORTER_12_STRESS,CHI_2020_21_G051,2021-04-09,Protagonist,0,1800,1800,0,1,CONDITIONAL_AVAILABILITY
PORTER_12_STRESS,CHI_2020_21_G051,2021-04-09,LaMelo Ball,0,1680,1680,0,1,CONDITIONAL_AVAILABILITY
PORTER_12_STRESS,CHI_2020_21_G051,2021-04-09,Wendell Carter Jr.,0,1560,1560,0,1,CONDITIONAL_AVAILABILITY
PORTER_12_STRESS,CHI_2020_21_G051,2021-04-09,Otto Porter Jr.,0,720,720,0,0,CONDITIONAL_AVAILABILITY
PORTER_12_STRESS,CHI_2020_21_G052,2021-04-11,Al-Farouq Aminu,0,0,0,0,0,NOT_ON_ALTERNATE_ROSTER
PORTER_12_STRESS,CHI_2020_21_G052,2021-04-11,Coby White,1382,1382,0,0,0,OBSERVED_BASELINE_RETAINED
PORTER_12_STRESS,CHI_2020_21_G052,2021-04-11,Cristiano Felicio,0,0,0,0,0,OBSERVED_BASELINE_RETAINED
PORTER_12_STRESS,CHI_2020_21_G052,2021-04-11,Daniel Theis,1712,1440,-272,0,0,OBSERVED_BASELINE_RETAINED
PORTER_12_STRESS,CHI_2020_21_G052,2021-04-11,Denzel Valentine,740,727,-13,0,0,SAME_DATE_DONOR
PORTER_12_STRESS,CHI_2020_21_G052,2021-04-11,Javonte Green,0,0,0,0,0,OBSERVED_BASELINE_RETAINED
PORTER_12_STRESS,CHI_2020_21_G052,2021-04-11,Lauri Markkanen,1127,1127,0,0,0,OBSERVED_BASELINE_RETAINED
PORTER_12_STRESS,CHI_2020_21_G052,2021-04-11,Nikola Vucevic,1649,0,-1649,1,0,NOT_ON_ALTERNATE_ROSTER
PORTER_12_STRESS,CHI_2020_21_G052,2021-04-11,Patrick Williams,1580,0,-1580,1,0,NOT_ON_ALTERNATE_ROSTER
PORTER_12_STRESS,CHI_2020_21_G052,2021-04-11,Ryan Arcidiacono,0,0,0,0,0,OBSERVED_BASELINE_RETAINED
PORTER_12_STRESS,CHI_2020_21_G052,2021-04-11,Thaddeus Young,1224,1224,0,1,1,OBSERVED_BASELINE_RETAINED
PORTER_12_STRESS,CHI_2020_21_G052,2021-04-11,Tomas Satoransky,1553,600,-953,1,0,SAME_DATE_DONOR
PORTER_12_STRESS,CHI_2020_21_G052,2021-04-11,Troy Brown Jr.,1293,0,-1293,0,0,NOT_ON_ALTERNATE_ROSTER
PORTER_12_STRESS,CHI_2020_21_G052,2021-04-11,Zach LaVine,2140,2140,0,1,1,OBSERVED_BASELINE_RETAINED
PORTER_12_STRESS,CHI_2020_21_G052,2021-04-11,Protagonist,0,1800,1800,0,1,CONDITIONAL_AVAILABILITY
PORTER_12_STRESS,CHI_2020_21_G052,2021-04-11,LaMelo Ball,0,1680,1680,0,1,CONDITIONAL_AVAILABILITY
PORTER_12_STRESS,CHI_2020_21_G052,2021-04-11,Wendell Carter Jr.,0,1560,1560,0,1,CONDITIONAL_AVAILABILITY
PORTER_12_STRESS,CHI_2020_21_G052,2021-04-11,Otto Porter Jr.,0,720,720,0,0,CONDITIONAL_AVAILABILITY
PORTER_12_STRESS,CHI_2020_21_G053,2021-04-12,Al-Farouq Aminu,0,0,0,0,0,NOT_ON_ALTERNATE_ROSTER
PORTER_12_STRESS,CHI_2020_21_G053,2021-04-12,Coby White,1462,1462,0,0,0,OBSERVED_BASELINE_RETAINED
PORTER_12_STRESS,CHI_2020_21_G053,2021-04-12,Cristiano Felicio,0,0,0,0,0,OBSERVED_BASELINE_RETAINED
PORTER_12_STRESS,CHI_2020_21_G053,2021-04-12,Daniel Theis,1625,1440,-185,0,0,OBSERVED_BASELINE_RETAINED
PORTER_12_STRESS,CHI_2020_21_G053,2021-04-12,Denzel Valentine,501,501,0,0,0,OBSERVED_BASELINE_RETAINED
PORTER_12_STRESS,CHI_2020_21_G053,2021-04-12,Javonte Green,0,0,0,0,0,OBSERVED_BASELINE_RETAINED
PORTER_12_STRESS,CHI_2020_21_G053,2021-04-12,Lauri Markkanen,964,964,0,0,0,OBSERVED_BASELINE_RETAINED
PORTER_12_STRESS,CHI_2020_21_G053,2021-04-12,Nikola Vucevic,1988,0,-1988,1,0,NOT_ON_ALTERNATE_ROSTER
PORTER_12_STRESS,CHI_2020_21_G053,2021-04-12,Patrick Williams,1638,0,-1638,1,0,NOT_ON_ALTERNATE_ROSTER
PORTER_12_STRESS,CHI_2020_21_G053,2021-04-12,Ryan Arcidiacono,0,0,0,0,0,OBSERVED_BASELINE_RETAINED
PORTER_12_STRESS,CHI_2020_21_G053,2021-04-12,Thaddeus Young,1183,1183,0,1,1,OBSERVED_BASELINE_RETAINED
PORTER_12_STRESS,CHI_2020_21_G053,2021-04-12,Tomas Satoransky,1323,909,-414,1,0,SAME_DATE_DONOR
PORTER_12_STRESS,CHI_2020_21_G053,2021-04-12,Troy Brown Jr.,1535,0,-1535,0,0,NOT_ON_ALTERNATE_ROSTER
PORTER_12_STRESS,CHI_2020_21_G053,2021-04-12,Zach LaVine,2181,2181,0,1,1,OBSERVED_BASELINE_RETAINED
PORTER_12_STRESS,CHI_2020_21_G053,2021-04-12,Protagonist,0,1800,1800,0,1,CONDITIONAL_AVAILABILITY
PORTER_12_STRESS,CHI_2020_21_G053,2021-04-12,LaMelo Ball,0,1680,1680,0,1,CONDITIONAL_AVAILABILITY
PORTER_12_STRESS,CHI_2020_21_G053,2021-04-12,Wendell Carter Jr.,0,1560,1560,0,1,CONDITIONAL_AVAILABILITY
PORTER_12_STRESS,CHI_2020_21_G053,2021-04-12,Otto Porter Jr.,0,720,720,0,0,CONDITIONAL_AVAILABILITY
PORTER_12_STRESS,CHI_2020_21_G054,2021-04-14,Al-Farouq Aminu,253,0,-253,0,0,NOT_ON_ALTERNATE_ROSTER
PORTER_12_STRESS,CHI_2020_21_G054,2021-04-14,Coby White,720,720,0,0,0,OBSERVED_BASELINE_RETAINED
PORTER_12_STRESS,CHI_2020_21_G054,2021-04-14,Cristiano Felicio,0,0,0,0,0,OBSERVED_BASELINE_RETAINED
PORTER_12_STRESS,CHI_2020_21_G054,2021-04-14,Daniel Theis,1628,1440,-188,0,0,OBSERVED_BASELINE_RETAINED
PORTER_12_STRESS,CHI_2020_21_G054,2021-04-14,Denzel Valentine,667,667,0,0,0,OBSERVED_BASELINE_RETAINED
PORTER_12_STRESS,CHI_2020_21_G054,2021-04-14,Garrett Temple,598,598,0,0,0,OBSERVED_BASELINE_RETAINED
PORTER_12_STRESS,CHI_2020_21_G054,2021-04-14,Javonte Green,0,0,0,0,0,OBSERVED_BASELINE_RETAINED
PORTER_12_STRESS,CHI_2020_21_G054,2021-04-14,Lauri Markkanen,993,993,0,0,0,OBSERVED_BASELINE_RETAINED
PORTER_12_STRESS,CHI_2020_21_G054,2021-04-14,Nikola Vucevic,2015,0,-2015,1,0,NOT_ON_ALTERNATE_ROSTER
PORTER_12_STRESS,CHI_2020_21_G054,2021-04-14,Patrick Williams,1668,0,-1668,1,0,NOT_ON_ALTERNATE_ROSTER
PORTER_12_STRESS,CHI_2020_21_G054,2021-04-14,Ryan Arcidiacono,0,0,0,0,0,OBSERVED_BASELINE_RETAINED
PORTER_12_STRESS,CHI_2020_21_G054,2021-04-14,Thaddeus Young,852,852,0,1,1,OBSERVED_BASELINE_RETAINED
PORTER_12_STRESS,CHI_2020_21_G054,2021-04-14,Tomas Satoransky,1801,1031,-770,1,0,SAME_DATE_DONOR
PORTER_12_STRESS,CHI_2020_21_G054,2021-04-14,Troy Brown Jr.,866,0,-866,0,0,NOT_ON_ALTERNATE_ROSTER
PORTER_12_STRESS,CHI_2020_21_G054,2021-04-14,Zach LaVine,2339,2339,0,1,1,OBSERVED_BASELINE_RETAINED
PORTER_12_STRESS,CHI_2020_21_G054,2021-04-14,Protagonist,0,1800,1800,0,1,CONDITIONAL_AVAILABILITY
PORTER_12_STRESS,CHI_2020_21_G054,2021-04-14,LaMelo Ball,0,1680,1680,0,1,CONDITIONAL_AVAILABILITY
PORTER_12_STRESS,CHI_2020_21_G054,2021-04-14,Wendell Carter Jr.,0,1560,1560,0,1,CONDITIONAL_AVAILABILITY
PORTER_12_STRESS,CHI_2020_21_G054,2021-04-14,Otto Porter Jr.,0,720,720,0,0,CONDITIONAL_AVAILABILITY
PORTER_12_STRESS,CHI_2020_21_G055,2021-04-16,Adam Mokoka,0,0,0,0,0,OBSERVED_BASELINE_RETAINED
PORTER_12_STRESS,CHI_2020_21_G055,2021-04-16,Al-Farouq Aminu,0,0,0,0,0,NOT_ON_ALTERNATE_ROSTER
PORTER_12_STRESS,CHI_2020_21_G055,2021-04-16,Coby White,2004,2004,0,1,0,OBSERVED_BASELINE_RETAINED
PORTER_12_STRESS,CHI_2020_21_G055,2021-04-16,Cristiano Felicio,109,109,0,0,0,OBSERVED_BASELINE_RETAINED
PORTER_12_STRESS,CHI_2020_21_G055,2021-04-16,Daniel Theis,1224,1224,0,1,1,OBSERVED_BASELINE_RETAINED
PORTER_12_STRESS,CHI_2020_21_G055,2021-04-16,Denzel Valentine,1027,360,-667,0,0,SAME_DATE_DONOR
PORTER_12_STRESS,CHI_2020_21_G055,2021-04-16,Devon Dotson,109,109,0,0,0,OBSERVED_BASELINE_RETAINED
PORTER_12_STRESS,CHI_2020_21_G055,2021-04-16,Garrett Temple,1495,1495,0,1,1,OBSERVED_BASELINE_RETAINED
PORTER_12_STRESS,CHI_2020_21_G055,2021-04-16,Javonte Green,109,109,0,0,0,OBSERVED_BASELINE_RETAINED
PORTER_12_STRESS,CHI_2020_21_G055,2021-04-16,Lauri Markkanen,1257,1257,0,0,0,OBSERVED_BASELINE_RETAINED
PORTER_12_STRESS,CHI_2020_21_G055,2021-04-16,Nikola Vucevic,1960,0,-1960,1,0,NOT_ON_ALTERNATE_ROSTER
PORTER_12_STRESS,CHI_2020_21_G055,2021-04-16,Patrick Williams,1791,0,-1791,1,0,NOT_ON_ALTERNATE_ROSTER
PORTER_12_STRESS,CHI_2020_21_G055,2021-04-16,Ryan Arcidiacono,876,649,-227,0,0,SAME_DATE_DONOR
PORTER_12_STRESS,CHI_2020_21_G055,2021-04-16,Thaddeus Young,1324,1324,0,0,0,OBSERVED_BASELINE_RETAINED
PORTER_12_STRESS,CHI_2020_21_G055,2021-04-16,Troy Brown Jr.,1115,0,-1115,0,0,NOT_ON_ALTERNATE_ROSTER
PORTER_12_STRESS,CHI_2020_21_G055,2021-04-16,Protagonist,0,1800,1800,0,1,CONDITIONAL_AVAILABILITY
PORTER_12_STRESS,CHI_2020_21_G055,2021-04-16,LaMelo Ball,0,1680,1680,0,1,CONDITIONAL_AVAILABILITY
PORTER_12_STRESS,CHI_2020_21_G055,2021-04-16,Wendell Carter Jr.,0,1560,1560,0,1,CONDITIONAL_AVAILABILITY
PORTER_12_STRESS,CHI_2020_21_G055,2021-04-16,Otto Porter Jr.,0,720,720,0,0,CONDITIONAL_AVAILABILITY
PORTER_12_STRESS,CHI_2020_21_G056,2021-04-17,Al-Farouq Aminu,0,0,0,0,0,NOT_ON_ALTERNATE_ROSTER
PORTER_12_STRESS,CHI_2020_21_G056,2021-04-17,Coby White,1968,1968,0,1,0,OBSERVED_BASELINE_RETAINED
PORTER_12_STRESS,CHI_2020_21_G056,2021-04-17,Cristiano Felicio,0,0,0,0,0,OBSERVED_BASELINE_RETAINED
PORTER_12_STRESS,CHI_2020_21_G056,2021-04-17,Daniel Theis,1373,1373,0,1,1,OBSERVED_BASELINE_RETAINED
PORTER_12_STRESS,CHI_2020_21_G056,2021-04-17,Denzel Valentine,1336,552,-784,0,0,SAME_DATE_DONOR
PORTER_12_STRESS,CHI_2020_21_G056,2021-04-17,Devon Dotson,0,0,0,0,0,OBSERVED_BASELINE_RETAINED
PORTER_12_STRESS,CHI_2020_21_G056,2021-04-17,Garrett Temple,1677,1677,0,1,1,OBSERVED_BASELINE_RETAINED
PORTER_12_STRESS,CHI_2020_21_G056,2021-04-17,Javonte Green,0,0,0,0,0,OBSERVED_BASELINE_RETAINED
PORTER_12_STRESS,CHI_2020_21_G056,2021-04-17,Lauri Markkanen,1558,1558,0,0,0,OBSERVED_BASELINE_RETAINED
PORTER_12_STRESS,CHI_2020_21_G056,2021-04-17,Nikola Vucevic,1968,0,-1968,1,0,NOT_ON_ALTERNATE_ROSTER
PORTER_12_STRESS,CHI_2020_21_G056,2021-04-17,Patrick Williams,1637,0,-1637,1,0,NOT_ON_ALTERNATE_ROSTER
PORTER_12_STRESS,CHI_2020_21_G056,2021-04-17,Ryan Arcidiacono,0,0,0,0,0,OBSERVED_BASELINE_RETAINED
PORTER_12_STRESS,CHI_2020_21_G056,2021-04-17,Thaddeus Young,912,912,0,0,0,OBSERVED_BASELINE_RETAINED
PORTER_12_STRESS,CHI_2020_21_G056,2021-04-17,Tomas Satoransky,901,600,-301,0,0,SAME_DATE_DONOR
PORTER_12_STRESS,CHI_2020_21_G056,2021-04-17,Troy Brown Jr.,1070,0,-1070,0,0,NOT_ON_ALTERNATE_ROSTER
PORTER_12_STRESS,CHI_2020_21_G056,2021-04-17,Protagonist,0,1800,1800,0,1,CONDITIONAL_AVAILABILITY
PORTER_12_STRESS,CHI_2020_21_G056,2021-04-17,LaMelo Ball,0,1680,1680,0,1,CONDITIONAL_AVAILABILITY
PORTER_12_STRESS,CHI_2020_21_G056,2021-04-17,Wendell Carter Jr.,0,1560,1560,0,1,CONDITIONAL_AVAILABILITY
PORTER_12_STRESS,CHI_2020_21_G056,2021-04-17,Otto Porter Jr.,0,720,720,0,0,CONDITIONAL_AVAILABILITY
PORTER_12_STRESS,CHI_2020_21_G057,2021-04-19,Adam Mokoka,0,0,0,0,0,OBSERVED_BASELINE_RETAINED
PORTER_12_STRESS,CHI_2020_21_G057,2021-04-19,Al-Farouq Aminu,0,0,0,0,0,NOT_ON_ALTERNATE_ROSTER
PORTER_12_STRESS,CHI_2020_21_G057,2021-04-19,Coby White,1775,1775,0,1,0,OBSERVED_BASELINE_RETAINED
PORTER_12_STRESS,CHI_2020_21_G057,2021-04-19,Cristiano Felicio,0,0,0,0,0,OBSERVED_BASELINE_RETAINED
PORTER_12_STRESS,CHI_2020_21_G057,2021-04-19,Daniel Theis,1725,1440,-285,1,1,OBSERVED_BASELINE_RETAINED
PORTER_12_STRESS,CHI_2020_21_G057,2021-04-19,Denzel Valentine,760,760,0,0,0,OBSERVED_BASELINE_RETAINED
PORTER_12_STRESS,CHI_2020_21_G057,2021-04-19,Garrett Temple,1862,1862,0,1,1,OBSERVED_BASELINE_RETAINED
PORTER_12_STRESS,CHI_2020_21_G057,2021-04-19,Javonte Green,0,0,0,0,0,OBSERVED_BASELINE_RETAINED
PORTER_12_STRESS,CHI_2020_21_G057,2021-04-19,Lauri Markkanen,1169,1169,0,0,0,OBSERVED_BASELINE_RETAINED
PORTER_12_STRESS,CHI_2020_21_G057,2021-04-19,Nikola Vucevic,1896,0,-1896,1,0,NOT_ON_ALTERNATE_ROSTER
PORTER_12_STRESS,CHI_2020_21_G057,2021-04-19,Patrick Williams,1966,0,-1966,1,0,NOT_ON_ALTERNATE_ROSTER
PORTER_12_STRESS,CHI_2020_21_G057,2021-04-19,Ryan Arcidiacono,0,0,0,0,0,OBSERVED_BASELINE_RETAINED
PORTER_12_STRESS,CHI_2020_21_G057,2021-04-19,Thaddeus Young,963,963,0,0,0,OBSERVED_BASELINE_RETAINED
PORTER_12_STRESS,CHI_2020_21_G057,2021-04-19,Tomas Satoransky,1113,672,-441,0,0,SAME_DATE_DONOR
PORTER_12_STRESS,CHI_2020_21_G057,2021-04-19,Troy Brown Jr.,1172,0,-1172,0,0,NOT_ON_ALTERNATE_ROSTER
PORTER_12_STRESS,CHI_2020_21_G057,2021-04-19,Protagonist,0,1800,1800,0,1,CONDITIONAL_AVAILABILITY
PORTER_12_STRESS,CHI_2020_21_G057,2021-04-19,LaMelo Ball,0,1680,1680,0,1,CONDITIONAL_AVAILABILITY
PORTER_12_STRESS,CHI_2020_21_G057,2021-04-19,Wendell Carter Jr.,0,1560,1560,0,1,CONDITIONAL_AVAILABILITY
PORTER_12_STRESS,CHI_2020_21_G057,2021-04-19,Otto Porter Jr.,0,720,720,0,0,CONDITIONAL_AVAILABILITY
PORTER_12_STRESS,CHI_2020_21_G058,2021-04-21,Adam Mokoka,187,187,0,0,0,OBSERVED_BASELINE_RETAINED
PORTER_12_STRESS,CHI_2020_21_G058,2021-04-21,Al-Farouq Aminu,445,0,-445,0,0,NOT_ON_ALTERNATE_ROSTER
PORTER_12_STRESS,CHI_2020_21_G058,2021-04-21,Coby White,1836,1445,-391,1,0,SAME_DATE_DONOR
PORTER_12_STRESS,CHI_2020_21_G058,2021-04-21,Cristiano Felicio,510,510,0,0,0,OBSERVED_BASELINE_RETAINED
PORTER_12_STRESS,CHI_2020_21_G058,2021-04-21,Daniel Theis,1188,1188,0,1,1,OBSERVED_BASELINE_RETAINED
PORTER_12_STRESS,CHI_2020_21_G058,2021-04-21,Denzel Valentine,1499,360,-1139,0,0,SAME_DATE_DONOR
PORTER_12_STRESS,CHI_2020_21_G058,2021-04-21,Devon Dotson,234,234,0,0,0,OBSERVED_BASELINE_RETAINED
PORTER_12_STRESS,CHI_2020_21_G058,2021-04-21,Garrett Temple,1566,1566,0,1,1,OBSERVED_BASELINE_RETAINED
PORTER_12_STRESS,CHI_2020_21_G058,2021-04-21,Javonte Green,234,234,0,0,0,OBSERVED_BASELINE_RETAINED
PORTER_12_STRESS,CHI_2020_21_G058,2021-04-21,Lauri Markkanen,1269,1269,0,0,0,OBSERVED_BASELINE_RETAINED
PORTER_12_STRESS,CHI_2020_21_G058,2021-04-21,Nikola Vucevic,1512,0,-1512,1,0,NOT_ON_ALTERNATE_ROSTER
PORTER_12_STRESS,CHI_2020_21_G058,2021-04-21,Patrick Williams,1147,0,-1147,1,0,NOT_ON_ALTERNATE_ROSTER
PORTER_12_STRESS,CHI_2020_21_G058,2021-04-21,Ryan Arcidiacono,463,0,-463,0,0,SAME_DATE_DONOR
PORTER_12_STRESS,CHI_2020_21_G058,2021-04-21,Thaddeus Young,1047,1047,0,0,0,OBSERVED_BASELINE_RETAINED
PORTER_12_STRESS,CHI_2020_21_G058,2021-04-21,Tomas Satoransky,1263,600,-663,0,0,SAME_DATE_DONOR
PORTER_12_STRESS,CHI_2020_21_G058,2021-04-21,Protagonist,0,1800,1800,0,1,CONDITIONAL_AVAILABILITY
PORTER_12_STRESS,CHI_2020_21_G058,2021-04-21,LaMelo Ball,0,1680,1680,0,1,CONDITIONAL_AVAILABILITY
PORTER_12_STRESS,CHI_2020_21_G058,2021-04-21,Wendell Carter Jr.,0,1560,1560,0,1,CONDITIONAL_AVAILABILITY
PORTER_12_STRESS,CHI_2020_21_G058,2021-04-21,Otto Porter Jr.,0,720,720,0,0,CONDITIONAL_AVAILABILITY
PORTER_12_STRESS,CHI_2020_21_G059,2021-04-22,Adam Mokoka,84,84,0,0,0,OBSERVED_BASELINE_RETAINED
PORTER_12_STRESS,CHI_2020_21_G059,2021-04-22,Al-Farouq Aminu,0,0,0,0,0,NOT_ON_ALTERNATE_ROSTER
PORTER_12_STRESS,CHI_2020_21_G059,2021-04-22,Coby White,1682,1492,-190,1,0,SAME_DATE_DONOR
PORTER_12_STRESS,CHI_2020_21_G059,2021-04-22,Cristiano Felicio,163,163,0,0,0,OBSERVED_BASELINE_RETAINED
PORTER_12_STRESS,CHI_2020_21_G059,2021-04-22,Daniel Theis,1514,1440,-74,1,1,OBSERVED_BASELINE_RETAINED
PORTER_12_STRESS,CHI_2020_21_G059,2021-04-22,Denzel Valentine,969,360,-609,0,0,SAME_DATE_DONOR
PORTER_12_STRESS,CHI_2020_21_G059,2021-04-22,Devon Dotson,84,84,0,0,0,OBSERVED_BASELINE_RETAINED
PORTER_12_STRESS,CHI_2020_21_G059,2021-04-22,Garrett Temple,1460,1460,0,1,1,OBSERVED_BASELINE_RETAINED
PORTER_12_STRESS,CHI_2020_21_G059,2021-04-22,Javonte Green,163,163,0,0,0,OBSERVED_BASELINE_RETAINED
PORTER_12_STRESS,CHI_2020_21_G059,2021-04-22,Lauri Markkanen,1591,1591,0,0,0,OBSERVED_BASELINE_RETAINED
PORTER_12_STRESS,CHI_2020_21_G059,2021-04-22,Nikola Vucevic,1722,0,-1722,1,0,NOT_ON_ALTERNATE_ROSTER
PORTER_12_STRESS,CHI_2020_21_G059,2021-04-22,Patrick Williams,1392,0,-1392,1,0,NOT_ON_ALTERNATE_ROSTER
PORTER_12_STRESS,CHI_2020_21_G059,2021-04-22,Ryan Arcidiacono,1127,0,-1127,0,0,SAME_DATE_DONOR
PORTER_12_STRESS,CHI_2020_21_G059,2021-04-22,Thaddeus Young,1203,1203,0,0,0,OBSERVED_BASELINE_RETAINED
PORTER_12_STRESS,CHI_2020_21_G059,2021-04-22,Tomas Satoransky,1246,600,-646,0,0,SAME_DATE_DONOR
PORTER_12_STRESS,CHI_2020_21_G059,2021-04-22,Protagonist,0,1800,1800,0,1,CONDITIONAL_AVAILABILITY
PORTER_12_STRESS,CHI_2020_21_G059,2021-04-22,LaMelo Ball,0,1680,1680,0,1,CONDITIONAL_AVAILABILITY
PORTER_12_STRESS,CHI_2020_21_G059,2021-04-22,Wendell Carter Jr.,0,1560,1560,0,1,CONDITIONAL_AVAILABILITY
PORTER_12_STRESS,CHI_2020_21_G059,2021-04-22,Otto Porter Jr.,0,720,720,0,0,CONDITIONAL_AVAILABILITY
PORTER_12_STRESS,CHI_2020_21_G060,2021-04-24,Adam Mokoka,0,0,0,0,0,OBSERVED_BASELINE_RETAINED
PORTER_12_STRESS,CHI_2020_21_G060,2021-04-24,Al-Farouq Aminu,0,0,0,0,0,NOT_ON_ALTERNATE_ROSTER
PORTER_12_STRESS,CHI_2020_21_G060,2021-04-24,Coby White,2258,1706,-552,1,0,SAME_DATE_DONOR
PORTER_12_STRESS,CHI_2020_21_G060,2021-04-24,Cristiano Felicio,0,0,0,0,0,OBSERVED_BASELINE_RETAINED
PORTER_12_STRESS,CHI_2020_21_G060,2021-04-24,Daniel Theis,1551,1440,-111,1,1,OBSERVED_BASELINE_RETAINED
PORTER_12_STRESS,CHI_2020_21_G060,2021-04-24,Denzel Valentine,1086,360,-726,0,0,SAME_DATE_DONOR
PORTER_12_STRESS,CHI_2020_21_G060,2021-04-24,Devon Dotson,0,0,0,0,0,OBSERVED_BASELINE_RETAINED
PORTER_12_STRESS,CHI_2020_21_G060,2021-04-24,Garrett Temple,1978,1978,0,1,1,OBSERVED_BASELINE_RETAINED
PORTER_12_STRESS,CHI_2020_21_G060,2021-04-24,Javonte Green,0,0,0,0,0,OBSERVED_BASELINE_RETAINED
PORTER_12_STRESS,CHI_2020_21_G060,2021-04-24,Lauri Markkanen,1251,1251,0,0,0,OBSERVED_BASELINE_RETAINED
PORTER_12_STRESS,CHI_2020_21_G060,2021-04-24,Nikola Vucevic,2336,0,-2336,1,0,NOT_ON_ALTERNATE_ROSTER
PORTER_12_STRESS,CHI_2020_21_G060,2021-04-24,Patrick Williams,1291,0,-1291,1,0,NOT_ON_ALTERNATE_ROSTER
PORTER_12_STRESS,CHI_2020_21_G060,2021-04-24,Ryan Arcidiacono,548,0,-548,0,0,SAME_DATE_DONOR
PORTER_12_STRESS,CHI_2020_21_G060,2021-04-24,Thaddeus Young,1305,1305,0,0,0,OBSERVED_BASELINE_RETAINED
PORTER_12_STRESS,CHI_2020_21_G060,2021-04-24,Tomas Satoransky,796,600,-196,0,0,SAME_DATE_DONOR
PORTER_12_STRESS,CHI_2020_21_G060,2021-04-24,Protagonist,0,1800,1800,0,1,CONDITIONAL_AVAILABILITY
PORTER_12_STRESS,CHI_2020_21_G060,2021-04-24,LaMelo Ball,0,1680,1680,0,1,CONDITIONAL_AVAILABILITY
PORTER_12_STRESS,CHI_2020_21_G060,2021-04-24,Wendell Carter Jr.,0,1560,1560,0,1,CONDITIONAL_AVAILABILITY
PORTER_12_STRESS,CHI_2020_21_G060,2021-04-24,Otto Porter Jr.,0,720,720,0,0,CONDITIONAL_AVAILABILITY
PORTER_12_STRESS,CHI_2020_21_G061,2021-04-26,Adam Mokoka,0,0,0,0,0,OBSERVED_BASELINE_RETAINED
PORTER_12_STRESS,CHI_2020_21_G061,2021-04-26,Al-Farouq Aminu,0,0,0,0,0,NOT_ON_ALTERNATE_ROSTER
PORTER_12_STRESS,CHI_2020_21_G061,2021-04-26,Coby White,2142,1430,-712,1,0,SAME_DATE_DONOR
PORTER_12_STRESS,CHI_2020_21_G061,2021-04-26,Cristiano Felicio,0,0,0,0,0,OBSERVED_BASELINE_RETAINED
PORTER_12_STRESS,CHI_2020_21_G061,2021-04-26,Daniel Theis,1949,1440,-509,1,1,OBSERVED_BASELINE_RETAINED
PORTER_12_STRESS,CHI_2020_21_G061,2021-04-26,Denzel Valentine,595,360,-235,0,0,SAME_DATE_DONOR
PORTER_12_STRESS,CHI_2020_21_G061,2021-04-26,Devon Dotson,0,0,0,0,0,OBSERVED_BASELINE_RETAINED
PORTER_12_STRESS,CHI_2020_21_G061,2021-04-26,Garrett Temple,1845,1845,0,1,1,OBSERVED_BASELINE_RETAINED
PORTER_12_STRESS,CHI_2020_21_G061,2021-04-26,Javonte Green,0,0,0,0,0,OBSERVED_BASELINE_RETAINED
PORTER_12_STRESS,CHI_2020_21_G061,2021-04-26,Lauri Markkanen,1389,1389,0,0,0,OBSERVED_BASELINE_RETAINED
PORTER_12_STRESS,CHI_2020_21_G061,2021-04-26,Nikola Vucevic,2114,0,-2114,1,0,NOT_ON_ALTERNATE_ROSTER
PORTER_12_STRESS,CHI_2020_21_G061,2021-04-26,Patrick Williams,1342,0,-1342,1,0,NOT_ON_ALTERNATE_ROSTER
PORTER_12_STRESS,CHI_2020_21_G061,2021-04-26,Ryan Arcidiacono,361,0,-361,0,0,SAME_DATE_DONOR
PORTER_12_STRESS,CHI_2020_21_G061,2021-04-26,Thaddeus Young,1577,1577,0,0,0,OBSERVED_BASELINE_RETAINED
PORTER_12_STRESS,CHI_2020_21_G061,2021-04-26,Tomas Satoransky,1087,600,-487,0,0,SAME_DATE_DONOR
PORTER_12_STRESS,CHI_2020_21_G061,2021-04-26,Protagonist,0,1800,1800,0,1,CONDITIONAL_AVAILABILITY
PORTER_12_STRESS,CHI_2020_21_G061,2021-04-26,LaMelo Ball,0,1680,1680,0,1,CONDITIONAL_AVAILABILITY
PORTER_12_STRESS,CHI_2020_21_G061,2021-04-26,Wendell Carter Jr.,0,1560,1560,0,1,CONDITIONAL_AVAILABILITY
PORTER_12_STRESS,CHI_2020_21_G061,2021-04-26,Otto Porter Jr.,0,720,720,0,0,CONDITIONAL_AVAILABILITY
PORTER_12_STRESS,CHI_2020_21_G062,2021-04-28,Adam Mokoka,93,93,0,0,0,OBSERVED_BASELINE_RETAINED
PORTER_12_STRESS,CHI_2020_21_G062,2021-04-28,Al-Farouq Aminu,0,0,0,0,0,NOT_ON_ALTERNATE_ROSTER
PORTER_12_STRESS,CHI_2020_21_G062,2021-04-28,Coby White,2105,1200,-905,1,0,SAME_DATE_DONOR
PORTER_12_STRESS,CHI_2020_21_G062,2021-04-28,Cristiano Felicio,93,93,0,0,0,OBSERVED_BASELINE_RETAINED
PORTER_12_STRESS,CHI_2020_21_G062,2021-04-28,Daniel Theis,1255,1255,0,1,1,OBSERVED_BASELINE_RETAINED
PORTER_12_STRESS,CHI_2020_21_G062,2021-04-28,Denzel Valentine,93,93,0,0,0,OBSERVED_BASELINE_RETAINED
PORTER_12_STRESS,CHI_2020_21_G062,2021-04-28,Devon Dotson,0,0,0,0,0,OBSERVED_BASELINE_RETAINED
PORTER_12_STRESS,CHI_2020_21_G062,2021-04-28,Garrett Temple,2090,1965,-125,1,1,SAME_DATE_DONOR
PORTER_12_STRESS,CHI_2020_21_G062,2021-04-28,Javonte Green,93,93,0,0,0,OBSERVED_BASELINE_RETAINED
PORTER_12_STRESS,CHI_2020_21_G062,2021-04-28,Lauri Markkanen,1528,1528,0,0,0,OBSERVED_BASELINE_RETAINED
PORTER_12_STRESS,CHI_2020_21_G062,2021-04-28,Nikola Vucevic,2226,0,-2226,1,0,NOT_ON_ALTERNATE_ROSTER
PORTER_12_STRESS,CHI_2020_21_G062,2021-04-28,Patrick Williams,1371,0,-1371,1,0,NOT_ON_ALTERNATE_ROSTER
PORTER_12_STRESS,CHI_2020_21_G062,2021-04-28,Ryan Arcidiacono,354,0,-354,0,0,SAME_DATE_DONOR
PORTER_12_STRESS,CHI_2020_21_G062,2021-04-28,Thaddeus Young,1720,1720,0,0,0,OBSERVED_BASELINE_RETAINED
PORTER_12_STRESS,CHI_2020_21_G062,2021-04-28,Tomas Satoransky,1379,600,-779,0,0,SAME_DATE_DONOR
PORTER_12_STRESS,CHI_2020_21_G062,2021-04-28,Protagonist,0,1800,1800,0,1,CONDITIONAL_AVAILABILITY
PORTER_12_STRESS,CHI_2020_21_G062,2021-04-28,LaMelo Ball,0,1680,1680,0,1,CONDITIONAL_AVAILABILITY
PORTER_12_STRESS,CHI_2020_21_G062,2021-04-28,Wendell Carter Jr.,0,1560,1560,0,1,CONDITIONAL_AVAILABILITY
PORTER_12_STRESS,CHI_2020_21_G062,2021-04-28,Otto Porter Jr.,0,720,720,0,0,CONDITIONAL_AVAILABILITY
PORTER_12_STRESS,CHI_2020_21_G063,2021-04-30,Adam Mokoka,57,57,0,0,0,OBSERVED_BASELINE_RETAINED
PORTER_12_STRESS,CHI_2020_21_G063,2021-04-30,Al-Farouq Aminu,900,0,-900,0,0,NOT_ON_ALTERNATE_ROSTER
PORTER_12_STRESS,CHI_2020_21_G063,2021-04-30,Coby White,2078,2078,0,1,0,OBSERVED_BASELINE_RETAINED
PORTER_12_STRESS,CHI_2020_21_G063,2021-04-30,Daniel Theis,1513,1440,-73,1,1,OBSERVED_BASELINE_RETAINED
PORTER_12_STRESS,CHI_2020_21_G063,2021-04-30,Denzel Valentine,1013,1013,0,0,0,OBSERVED_BASELINE_RETAINED
PORTER_12_STRESS,CHI_2020_21_G063,2021-04-30,Devon Dotson,57,57,0,0,0,OBSERVED_BASELINE_RETAINED
PORTER_12_STRESS,CHI_2020_21_G063,2021-04-30,Garrett Temple,1948,1948,0,1,1,OBSERVED_BASELINE_RETAINED
PORTER_12_STRESS,CHI_2020_21_G063,2021-04-30,Javonte Green,57,57,0,0,0,OBSERVED_BASELINE_RETAINED
PORTER_12_STRESS,CHI_2020_21_G063,2021-04-30,Nikola Vucevic,2170,0,-2170,1,0,NOT_ON_ALTERNATE_ROSTER
PORTER_12_STRESS,CHI_2020_21_G063,2021-04-30,Patrick Williams,2106,0,-2106,1,0,NOT_ON_ALTERNATE_ROSTER
PORTER_12_STRESS,CHI_2020_21_G063,2021-04-30,Ryan Arcidiacono,57,57,0,0,0,OBSERVED_BASELINE_RETAINED
PORTER_12_STRESS,CHI_2020_21_G063,2021-04-30,Thaddeus Young,1120,1120,0,0,0,OBSERVED_BASELINE_RETAINED
PORTER_12_STRESS,CHI_2020_21_G063,2021-04-30,Tomas Satoransky,1324,813,-511,0,0,SAME_DATE_DONOR
PORTER_12_STRESS,CHI_2020_21_G063,2021-04-30,Protagonist,0,1800,1800,0,1,CONDITIONAL_AVAILABILITY
PORTER_12_STRESS,CHI_2020_21_G063,2021-04-30,LaMelo Ball,0,1680,1680,0,1,CONDITIONAL_AVAILABILITY
PORTER_12_STRESS,CHI_2020_21_G063,2021-04-30,Wendell Carter Jr.,0,1560,1560,0,1,CONDITIONAL_AVAILABILITY
PORTER_12_STRESS,CHI_2020_21_G063,2021-04-30,Otto Porter Jr.,0,720,720,0,0,CONDITIONAL_AVAILABILITY
PORTER_12_STRESS,CHI_2020_21_G064,2021-05-01,Al-Farouq Aminu,731,0,-731,0,0,NOT_ON_ALTERNATE_ROSTER
PORTER_12_STRESS,CHI_2020_21_G064,2021-05-01,Coby White,2018,1225,-793,1,0,SAME_DATE_DONOR
PORTER_12_STRESS,CHI_2020_21_G064,2021-05-01,Daniel Theis,1732,1440,-292,1,0,OBSERVED_BASELINE_RETAINED
PORTER_12_STRESS,CHI_2020_21_G064,2021-05-01,Denzel Valentine,990,360,-630,0,0,SAME_DATE_DONOR
PORTER_12_STRESS,CHI_2020_21_G064,2021-05-01,Garrett Temple,1671,1671,0,1,1,OBSERVED_BASELINE_RETAINED
PORTER_12_STRESS,CHI_2020_21_G064,2021-05-01,Javonte Green,0,0,0,0,0,OBSERVED_BASELINE_RETAINED
PORTER_12_STRESS,CHI_2020_21_G064,2021-05-01,Lauri Markkanen,1367,1367,0,0,0,OBSERVED_BASELINE_RETAINED
PORTER_12_STRESS,CHI_2020_21_G064,2021-05-01,Nikola Vucevic,0,0,0,0,0,NOT_ON_ALTERNATE_ROSTER
PORTER_12_STRESS,CHI_2020_21_G064,2021-05-01,Patrick Williams,1983,0,-1983,1,0,NOT_ON_ALTERNATE_ROSTER
PORTER_12_STRESS,CHI_2020_21_G064,2021-05-01,Ryan Arcidiacono,934,0,-934,0,0,SAME_DATE_DONOR
PORTER_12_STRESS,CHI_2020_21_G064,2021-05-01,Thaddeus Young,1977,1977,0,1,1,OBSERVED_BASELINE_RETAINED
PORTER_12_STRESS,CHI_2020_21_G064,2021-05-01,Tomas Satoransky,997,600,-397,0,0,SAME_DATE_DONOR
PORTER_12_STRESS,CHI_2020_21_G064,2021-05-01,Protagonist,0,1800,1800,0,1,CONDITIONAL_AVAILABILITY
PORTER_12_STRESS,CHI_2020_21_G064,2021-05-01,LaMelo Ball,0,1680,1680,0,1,CONDITIONAL_AVAILABILITY
PORTER_12_STRESS,CHI_2020_21_G064,2021-05-01,Wendell Carter Jr.,0,1560,1560,0,1,CONDITIONAL_AVAILABILITY
PORTER_12_STRESS,CHI_2020_21_G064,2021-05-01,Otto Porter Jr.,0,720,720,0,0,CONDITIONAL_AVAILABILITY
PORTER_12_STRESS,CHI_2020_21_G065,2021-05-03,Adam Mokoka,0,0,0,0,0,OBSERVED_BASELINE_RETAINED
PORTER_12_STRESS,CHI_2020_21_G065,2021-05-03,Al-Farouq Aminu,978,0,-978,0,0,NOT_ON_ALTERNATE_ROSTER
PORTER_12_STRESS,CHI_2020_21_G065,2021-05-03,Coby White,1728,1246,-482,1,0,SAME_DATE_DONOR
PORTER_12_STRESS,CHI_2020_21_G065,2021-05-03,Cristiano Felicio,0,0,0,0,0,OBSERVED_BASELINE_RETAINED
PORTER_12_STRESS,CHI_2020_21_G065,2021-05-03,Daniel Theis,2411,1440,-971,1,0,OBSERVED_BASELINE_RETAINED
PORTER_12_STRESS,CHI_2020_21_G065,2021-05-03,Denzel Valentine,993,360,-633,0,0,SAME_DATE_DONOR
PORTER_12_STRESS,CHI_2020_21_G065,2021-05-03,Devon Dotson,0,0,0,0,0,OBSERVED_BASELINE_RETAINED
PORTER_12_STRESS,CHI_2020_21_G065,2021-05-03,Garrett Temple,1650,1650,0,1,1,OBSERVED_BASELINE_RETAINED
PORTER_12_STRESS,CHI_2020_21_G065,2021-05-03,Javonte Green,673,673,0,0,0,OBSERVED_BASELINE_RETAINED
PORTER_12_STRESS,CHI_2020_21_G065,2021-05-03,Lauri Markkanen,1008,1008,0,0,0,OBSERVED_BASELINE_RETAINED
PORTER_12_STRESS,CHI_2020_21_G065,2021-05-03,Patrick Williams,1660,0,-1660,1,0,NOT_ON_ALTERNATE_ROSTER
PORTER_12_STRESS,CHI_2020_21_G065,2021-05-03,Ryan Arcidiacono,277,0,-277,0,0,SAME_DATE_DONOR
PORTER_12_STRESS,CHI_2020_21_G065,2021-05-03,Thaddeus Young,1663,1663,0,1,1,OBSERVED_BASELINE_RETAINED
PORTER_12_STRESS,CHI_2020_21_G065,2021-05-03,Tomas Satoransky,1359,600,-759,0,0,SAME_DATE_DONOR
PORTER_12_STRESS,CHI_2020_21_G065,2021-05-03,Protagonist,0,1800,1800,0,1,CONDITIONAL_AVAILABILITY
PORTER_12_STRESS,CHI_2020_21_G065,2021-05-03,LaMelo Ball,0,1680,1680,0,1,CONDITIONAL_AVAILABILITY
PORTER_12_STRESS,CHI_2020_21_G065,2021-05-03,Wendell Carter Jr.,0,1560,1560,0,1,CONDITIONAL_AVAILABILITY
PORTER_12_STRESS,CHI_2020_21_G065,2021-05-03,Otto Porter Jr.,0,720,720,0,0,CONDITIONAL_AVAILABILITY
PORTER_12_STRESS,CHI_2020_21_G066,2021-05-06,Al-Farouq Aminu,0,0,0,0,0,NOT_ON_ALTERNATE_ROSTER
PORTER_12_STRESS,CHI_2020_21_G066,2021-05-06,Coby White,1807,1200,-607,1,0,SAME_DATE_DONOR
PORTER_12_STRESS,CHI_2020_21_G066,2021-05-06,Cristiano Felicio,117,117,0,0,0,OBSERVED_BASELINE_RETAINED
PORTER_12_STRESS,CHI_2020_21_G066,2021-05-06,Daniel Theis,1567,1440,-127,1,1,OBSERVED_BASELINE_RETAINED
PORTER_12_STRESS,CHI_2020_21_G066,2021-05-06,Denzel Valentine,117,117,0,0,0,OBSERVED_BASELINE_RETAINED
PORTER_12_STRESS,CHI_2020_21_G066,2021-05-06,Devon Dotson,117,117,0,0,0,OBSERVED_BASELINE_RETAINED
PORTER_12_STRESS,CHI_2020_21_G066,2021-05-06,Garrett Temple,1418,960,-458,0,0,SAME_DATE_DONOR
PORTER_12_STRESS,CHI_2020_21_G066,2021-05-06,Javonte Green,446,446,0,0,0,OBSERVED_BASELINE_RETAINED
PORTER_12_STRESS,CHI_2020_21_G066,2021-05-06,Lauri Markkanen,1250,1250,0,0,0,OBSERVED_BASELINE_RETAINED
PORTER_12_STRESS,CHI_2020_21_G066,2021-05-06,Nikola Vucevic,1839,0,-1839,1,0,NOT_ON_ALTERNATE_ROSTER
PORTER_12_STRESS,CHI_2020_21_G066,2021-05-06,Patrick Williams,1565,0,-1565,1,0,NOT_ON_ALTERNATE_ROSTER
PORTER_12_STRESS,CHI_2020_21_G066,2021-05-06,Ryan Arcidiacono,117,0,-117,0,0,SAME_DATE_DONOR
PORTER_12_STRESS,CHI_2020_21_G066,2021-05-06,Thaddeus Young,1196,1196,0,0,0,OBSERVED_BASELINE_RETAINED
PORTER_12_STRESS,CHI_2020_21_G066,2021-05-06,Tomas Satoransky,1197,600,-597,0,0,SAME_DATE_DONOR
PORTER_12_STRESS,CHI_2020_21_G066,2021-05-06,Zach LaVine,1647,1647,0,1,1,OBSERVED_BASELINE_RETAINED
PORTER_12_STRESS,CHI_2020_21_G066,2021-05-06,Protagonist,0,1800,1800,0,1,CONDITIONAL_AVAILABILITY
PORTER_12_STRESS,CHI_2020_21_G066,2021-05-06,LaMelo Ball,0,1680,1680,0,1,CONDITIONAL_AVAILABILITY
PORTER_12_STRESS,CHI_2020_21_G066,2021-05-06,Wendell Carter Jr.,0,1560,1560,0,1,CONDITIONAL_AVAILABILITY
PORTER_12_STRESS,CHI_2020_21_G066,2021-05-06,Otto Porter Jr.,0,720,720,0,0,CONDITIONAL_AVAILABILITY
PORTER_12_STRESS,CHI_2020_21_G067,2021-05-07,Al-Farouq Aminu,0,0,0,0,0,NOT_ON_ALTERNATE_ROSTER
PORTER_12_STRESS,CHI_2020_21_G067,2021-05-07,Coby White,1989,1200,-789,1,0,SAME_DATE_DONOR
PORTER_12_STRESS,CHI_2020_21_G067,2021-05-07,Cristiano Felicio,102,102,0,0,0,OBSERVED_BASELINE_RETAINED
PORTER_12_STRESS,CHI_2020_21_G067,2021-05-07,Daniel Theis,1711,1440,-271,1,1,OBSERVED_BASELINE_RETAINED
PORTER_12_STRESS,CHI_2020_21_G067,2021-05-07,Denzel Valentine,102,102,0,0,0,OBSERVED_BASELINE_RETAINED
PORTER_12_STRESS,CHI_2020_21_G067,2021-05-07,Devon Dotson,102,102,0,0,0,OBSERVED_BASELINE_RETAINED
PORTER_12_STRESS,CHI_2020_21_G067,2021-05-07,Garrett Temple,1726,960,-766,0,0,SAME_DATE_DONOR
PORTER_12_STRESS,CHI_2020_21_G067,2021-05-07,Javonte Green,367,367,0,0,0,OBSERVED_BASELINE_RETAINED
PORTER_12_STRESS,CHI_2020_21_G067,2021-05-07,Lauri Markkanen,853,853,0,0,0,OBSERVED_BASELINE_RETAINED
PORTER_12_STRESS,CHI_2020_21_G067,2021-05-07,Nikola Vucevic,1925,0,-1925,1,0,NOT_ON_ALTERNATE_ROSTER
PORTER_12_STRESS,CHI_2020_21_G067,2021-05-07,Patrick Williams,1605,0,-1605,1,0,NOT_ON_ALTERNATE_ROSTER
PORTER_12_STRESS,CHI_2020_21_G067,2021-05-07,Ryan Arcidiacono,102,0,-102,0,0,SAME_DATE_DONOR
PORTER_12_STRESS,CHI_2020_21_G067,2021-05-07,Thaddeus Young,1067,1067,0,0,0,OBSERVED_BASELINE_RETAINED
PORTER_12_STRESS,CHI_2020_21_G067,2021-05-07,Tomas Satoransky,789,600,-189,0,0,SAME_DATE_DONOR
PORTER_12_STRESS,CHI_2020_21_G067,2021-05-07,Zach LaVine,1960,1960,0,1,1,OBSERVED_BASELINE_RETAINED
PORTER_12_STRESS,CHI_2020_21_G067,2021-05-07,Protagonist,0,1800,1800,0,1,CONDITIONAL_AVAILABILITY
PORTER_12_STRESS,CHI_2020_21_G067,2021-05-07,LaMelo Ball,0,1680,1680,0,1,CONDITIONAL_AVAILABILITY
PORTER_12_STRESS,CHI_2020_21_G067,2021-05-07,Wendell Carter Jr.,0,1560,1560,0,1,CONDITIONAL_AVAILABILITY
PORTER_12_STRESS,CHI_2020_21_G067,2021-05-07,Otto Porter Jr.,0,720,720,0,0,CONDITIONAL_AVAILABILITY
PORTER_12_STRESS,CHI_2020_21_G068,2021-05-09,Adam Mokoka,0,0,0,0,0,OBSERVED_BASELINE_RETAINED
PORTER_12_STRESS,CHI_2020_21_G068,2021-05-09,Al-Farouq Aminu,0,0,0,0,0,NOT_ON_ALTERNATE_ROSTER
PORTER_12_STRESS,CHI_2020_21_G068,2021-05-09,Coby White,1842,1200,-642,1,0,SAME_DATE_DONOR
PORTER_12_STRESS,CHI_2020_21_G068,2021-05-09,Cristiano Felicio,0,0,0,0,0,OBSERVED_BASELINE_RETAINED
PORTER_12_STRESS,CHI_2020_21_G068,2021-05-09,Denzel Valentine,0,0,0,0,0,OBSERVED_BASELINE_RETAINED
PORTER_12_STRESS,CHI_2020_21_G068,2021-05-09,Devon Dotson,0,0,0,0,0,OBSERVED_BASELINE_RETAINED
PORTER_12_STRESS,CHI_2020_21_G068,2021-05-09,Garrett Temple,1846,960,-886,0,0,SAME_DATE_DONOR
PORTER_12_STRESS,CHI_2020_21_G068,2021-05-09,Javonte Green,759,759,0,0,0,OBSERVED_BASELINE_RETAINED
PORTER_12_STRESS,CHI_2020_21_G068,2021-05-09,Lauri Markkanen,1373,1373,0,0,0,OBSERVED_BASELINE_RETAINED
PORTER_12_STRESS,CHI_2020_21_G068,2021-05-09,Nikola Vucevic,2170,0,-2170,1,0,NOT_ON_ALTERNATE_ROSTER
PORTER_12_STRESS,CHI_2020_21_G068,2021-05-09,Patrick Williams,1380,0,-1380,1,0,NOT_ON_ALTERNATE_ROSTER
PORTER_12_STRESS,CHI_2020_21_G068,2021-05-09,Ryan Arcidiacono,0,0,0,0,0,OBSERVED_BASELINE_RETAINED
PORTER_12_STRESS,CHI_2020_21_G068,2021-05-09,Thaddeus Young,1611,1611,0,1,1,OBSERVED_BASELINE_RETAINED
PORTER_12_STRESS,CHI_2020_21_G068,2021-05-09,Tomas Satoransky,1282,600,-682,0,0,SAME_DATE_DONOR
PORTER_12_STRESS,CHI_2020_21_G068,2021-05-09,Zach LaVine,2137,2137,0,1,1,OBSERVED_BASELINE_RETAINED
PORTER_12_STRESS,CHI_2020_21_G068,2021-05-09,Protagonist,0,1800,1800,0,1,CONDITIONAL_AVAILABILITY
PORTER_12_STRESS,CHI_2020_21_G068,2021-05-09,LaMelo Ball,0,1680,1680,0,1,CONDITIONAL_AVAILABILITY
PORTER_12_STRESS,CHI_2020_21_G068,2021-05-09,Wendell Carter Jr.,0,1560,1560,0,1,CONDITIONAL_AVAILABILITY
PORTER_12_STRESS,CHI_2020_21_G068,2021-05-09,Otto Porter Jr.,0,720,720,0,0,CONDITIONAL_AVAILABILITY
PORTER_12_STRESS,CHI_2020_21_G069,2021-05-11,Al-Farouq Aminu,0,0,0,0,0,NOT_ON_ALTERNATE_ROSTER
PORTER_12_STRESS,CHI_2020_21_G069,2021-05-11,Coby White,2230,1200,-1030,1,0,SAME_DATE_DONOR
PORTER_12_STRESS,CHI_2020_21_G069,2021-05-11,Cristiano Felicio,0,0,0,0,0,OBSERVED_BASELINE_RETAINED
PORTER_12_STRESS,CHI_2020_21_G069,2021-05-11,Daniel Theis,1279,1279,0,1,1,OBSERVED_BASELINE_RETAINED
PORTER_12_STRESS,CHI_2020_21_G069,2021-05-11,Denzel Valentine,0,0,0,0,0,OBSERVED_BASELINE_RETAINED
PORTER_12_STRESS,CHI_2020_21_G069,2021-05-11,Devon Dotson,0,0,0,0,0,OBSERVED_BASELINE_RETAINED
PORTER_12_STRESS,CHI_2020_21_G069,2021-05-11,Garrett Temple,1740,960,-780,0,0,SAME_DATE_DONOR
PORTER_12_STRESS,CHI_2020_21_G069,2021-05-11,Javonte Green,158,158,0,0,0,OBSERVED_BASELINE_RETAINED
PORTER_12_STRESS,CHI_2020_21_G069,2021-05-11,Lauri Markkanen,1140,1140,0,0,0,OBSERVED_BASELINE_RETAINED
PORTER_12_STRESS,CHI_2020_21_G069,2021-05-11,Nikola Vucevic,2174,0,-2174,1,0,NOT_ON_ALTERNATE_ROSTER
PORTER_12_STRESS,CHI_2020_21_G069,2021-05-11,Patrick Williams,1369,0,-1369,1,0,NOT_ON_ALTERNATE_ROSTER
PORTER_12_STRESS,CHI_2020_21_G069,2021-05-11,Ryan Arcidiacono,0,0,0,0,0,OBSERVED_BASELINE_RETAINED
PORTER_12_STRESS,CHI_2020_21_G069,2021-05-11,Thaddeus Young,1468,1468,0,0,0,OBSERVED_BASELINE_RETAINED
PORTER_12_STRESS,CHI_2020_21_G069,2021-05-11,Tomas Satoransky,650,600,-50,0,0,SAME_DATE_DONOR
PORTER_12_STRESS,CHI_2020_21_G069,2021-05-11,Zach LaVine,2192,2192,0,1,1,OBSERVED_BASELINE_RETAINED
PORTER_12_STRESS,CHI_2020_21_G069,2021-05-11,Protagonist,0,1800,1800,0,1,CONDITIONAL_AVAILABILITY
PORTER_12_STRESS,CHI_2020_21_G069,2021-05-11,LaMelo Ball,0,1680,1680,0,1,CONDITIONAL_AVAILABILITY
PORTER_12_STRESS,CHI_2020_21_G069,2021-05-11,Wendell Carter Jr.,0,1560,1560,0,1,CONDITIONAL_AVAILABILITY
PORTER_12_STRESS,CHI_2020_21_G069,2021-05-11,Otto Porter Jr.,0,720,720,0,0,CONDITIONAL_AVAILABILITY
PORTER_12_STRESS,CHI_2020_21_G070,2021-05-13,Adam Mokoka,0,0,0,0,0,OBSERVED_BASELINE_RETAINED
PORTER_12_STRESS,CHI_2020_21_G070,2021-05-13,Al-Farouq Aminu,0,0,0,0,0,NOT_ON_ALTERNATE_ROSTER
PORTER_12_STRESS,CHI_2020_21_G070,2021-05-13,Coby White,2507,1200,-1307,1,0,SAME_DATE_DONOR
PORTER_12_STRESS,CHI_2020_21_G070,2021-05-13,Cristiano Felicio,0,0,0,0,0,OBSERVED_BASELINE_RETAINED
PORTER_12_STRESS,CHI_2020_21_G070,2021-05-13,Denzel Valentine,0,0,0,0,0,OBSERVED_BASELINE_RETAINED
PORTER_12_STRESS,CHI_2020_21_G070,2021-05-13,Devon Dotson,0,0,0,0,0,OBSERVED_BASELINE_RETAINED
PORTER_12_STRESS,CHI_2020_21_G070,2021-05-13,Garrett Temple,1640,960,-680,0,0,SAME_DATE_DONOR
PORTER_12_STRESS,CHI_2020_21_G070,2021-05-13,Javonte Green,752,752,0,0,0,OBSERVED_BASELINE_RETAINED
PORTER_12_STRESS,CHI_2020_21_G070,2021-05-13,Lauri Markkanen,1519,1519,0,0,0,OBSERVED_BASELINE_RETAINED
PORTER_12_STRESS,CHI_2020_21_G070,2021-05-13,Nikola Vucevic,1945,0,-1945,1,0,NOT_ON_ALTERNATE_ROSTER
PORTER_12_STRESS,CHI_2020_21_G070,2021-05-13,Patrick Williams,1099,0,-1099,1,0,NOT_ON_ALTERNATE_ROSTER
PORTER_12_STRESS,CHI_2020_21_G070,2021-05-13,Ryan Arcidiacono,0,0,0,0,0,OBSERVED_BASELINE_RETAINED
PORTER_12_STRESS,CHI_2020_21_G070,2021-05-13,Thaddeus Young,1685,1685,0,1,1,OBSERVED_BASELINE_RETAINED
PORTER_12_STRESS,CHI_2020_21_G070,2021-05-13,Tomas Satoransky,1180,600,-580,0,0,SAME_DATE_DONOR
PORTER_12_STRESS,CHI_2020_21_G070,2021-05-13,Zach LaVine,2073,2073,0,1,1,OBSERVED_BASELINE_RETAINED
PORTER_12_STRESS,CHI_2020_21_G070,2021-05-13,Protagonist,0,1800,1800,0,1,CONDITIONAL_AVAILABILITY
PORTER_12_STRESS,CHI_2020_21_G070,2021-05-13,LaMelo Ball,0,1680,1680,0,1,CONDITIONAL_AVAILABILITY
PORTER_12_STRESS,CHI_2020_21_G070,2021-05-13,Wendell Carter Jr.,0,1560,1560,0,1,CONDITIONAL_AVAILABILITY
PORTER_12_STRESS,CHI_2020_21_G070,2021-05-13,Otto Porter Jr.,0,720,720,0,0,CONDITIONAL_AVAILABILITY
PORTER_12_STRESS,CHI_2020_21_G071,2021-05-15,Adam Mokoka,149,149,0,0,0,OBSERVED_BASELINE_RETAINED
PORTER_12_STRESS,CHI_2020_21_G071,2021-05-15,Al-Farouq Aminu,0,0,0,0,0,NOT_ON_ALTERNATE_ROSTER
PORTER_12_STRESS,CHI_2020_21_G071,2021-05-15,Coby White,2064,1508,-556,1,0,SAME_DATE_DONOR
PORTER_12_STRESS,CHI_2020_21_G071,2021-05-15,Cristiano Felicio,170,170,0,0,0,OBSERVED_BASELINE_RETAINED
PORTER_12_STRESS,CHI_2020_21_G071,2021-05-15,Denzel Valentine,961,360,-601,0,0,SAME_DATE_DONOR
PORTER_12_STRESS,CHI_2020_21_G071,2021-05-15,Devon Dotson,149,149,0,0,0,OBSERVED_BASELINE_RETAINED
PORTER_12_STRESS,CHI_2020_21_G071,2021-05-15,Garrett Temple,1644,1644,0,1,1,OBSERVED_BASELINE_RETAINED
PORTER_12_STRESS,CHI_2020_21_G071,2021-05-15,Javonte Green,1035,1035,0,0,0,OBSERVED_BASELINE_RETAINED
PORTER_12_STRESS,CHI_2020_21_G071,2021-05-15,Lauri Markkanen,1823,1823,0,0,0,OBSERVED_BASELINE_RETAINED
PORTER_12_STRESS,CHI_2020_21_G071,2021-05-15,Nikola Vucevic,1815,0,-1815,1,0,NOT_ON_ALTERNATE_ROSTER
PORTER_12_STRESS,CHI_2020_21_G071,2021-05-15,Patrick Williams,1972,0,-1972,1,0,NOT_ON_ALTERNATE_ROSTER
PORTER_12_STRESS,CHI_2020_21_G071,2021-05-15,Ryan Arcidiacono,816,0,-816,0,0,SAME_DATE_DONOR
PORTER_12_STRESS,CHI_2020_21_G071,2021-05-15,Thaddeus Young,1803,1803,0,1,1,OBSERVED_BASELINE_RETAINED
PORTER_12_STRESS,CHI_2020_21_G071,2021-05-15,Protagonist,0,1800,1800,0,1,CONDITIONAL_AVAILABILITY
PORTER_12_STRESS,CHI_2020_21_G071,2021-05-15,LaMelo Ball,0,1680,1680,0,1,CONDITIONAL_AVAILABILITY
PORTER_12_STRESS,CHI_2020_21_G071,2021-05-15,Wendell Carter Jr.,0,1560,1560,0,1,CONDITIONAL_AVAILABILITY
PORTER_12_STRESS,CHI_2020_21_G071,2021-05-15,Otto Porter Jr.,0,720,720,0,0,CONDITIONAL_AVAILABILITY
PORTER_12_STRESS,CHI_2020_21_G072,2021-05-16,Adam Mokoka,0,0,0,0,0,OBSERVED_BASELINE_RETAINED
PORTER_12_STRESS,CHI_2020_21_G072,2021-05-16,Al-Farouq Aminu,0,0,0,0,0,NOT_ON_ALTERNATE_ROSTER
PORTER_12_STRESS,CHI_2020_21_G072,2021-05-16,Coby White,1876,1200,-676,1,0,SAME_DATE_DONOR
PORTER_12_STRESS,CHI_2020_21_G072,2021-05-16,Cristiano Felicio,1077,1077,0,0,0,OBSERVED_BASELINE_RETAINED
PORTER_12_STRESS,CHI_2020_21_G072,2021-05-16,Denzel Valentine,1249,360,-889,0,0,SAME_DATE_DONOR
PORTER_12_STRESS,CHI_2020_21_G072,2021-05-16,Devon Dotson,1285,1285,0,0,0,OBSERVED_BASELINE_RETAINED
PORTER_12_STRESS,CHI_2020_21_G072,2021-05-16,Garrett Temple,1718,960,-758,1,1,SAME_DATE_DONOR
PORTER_12_STRESS,CHI_2020_21_G072,2021-05-16,Javonte Green,1394,1394,0,0,0,OBSERVED_BASELINE_RETAINED
PORTER_12_STRESS,CHI_2020_21_G072,2021-05-16,Lauri Markkanen,1486,1486,0,1,1,OBSERVED_BASELINE_RETAINED
PORTER_12_STRESS,CHI_2020_21_G072,2021-05-16,Patrick Williams,1778,0,-1778,1,0,NOT_ON_ALTERNATE_ROSTER
PORTER_12_STRESS,CHI_2020_21_G072,2021-05-16,Ryan Arcidiacono,1004,0,-1004,0,0,SAME_DATE_DONOR
PORTER_12_STRESS,CHI_2020_21_G072,2021-05-16,Thaddeus Young,1533,1533,0,1,0,OBSERVED_BASELINE_RETAINED
PORTER_12_STRESS,CHI_2020_21_G072,2021-05-16,Protagonist,0,1800,1800,0,1,CONDITIONAL_AVAILABILITY
PORTER_12_STRESS,CHI_2020_21_G072,2021-05-16,LaMelo Ball,0,1680,1680,0,1,CONDITIONAL_AVAILABILITY
PORTER_12_STRESS,CHI_2020_21_G072,2021-05-16,Wendell Carter Jr.,0,1560,1560,0,1,CONDITIONAL_AVAILABILITY
PORTER_12_STRESS,CHI_2020_21_G072,2021-05-16,Otto Porter Jr.,0,720,720,0,0,CONDITIONAL_AVAILABILITY
PORTER_CAPPED,CHI_2020_21_G044,2021-03-27,Al-Farouq Aminu,738,0,-738,0,0,NOT_ON_ALTERNATE_ROSTER
PORTER_CAPPED,CHI_2020_21_G044,2021-03-27,Coby White,1535,1200,-335,0,0,SAME_DATE_DONOR
PORTER_CAPPED,CHI_2020_21_G044,2021-03-27,Cristiano Felicio,106,106,0,0,0,OBSERVED_BASELINE_RETAINED
PORTER_CAPPED,CHI_2020_21_G044,2021-03-27,Denzel Valentine,348,348,0,0,0,OBSERVED_BASELINE_RETAINED
PORTER_CAPPED,CHI_2020_21_G044,2021-03-27,Devon Dotson,106,106,0,0,0,OBSERVED_BASELINE_RETAINED
PORTER_CAPPED,CHI_2020_21_G044,2021-03-27,Garrett Temple,1347,1063,-284,0,0,SAME_DATE_DONOR
PORTER_CAPPED,CHI_2020_21_G044,2021-03-27,Javonte Green,628,628,0,0,0,OBSERVED_BASELINE_RETAINED
PORTER_CAPPED,CHI_2020_21_G044,2021-03-27,Lauri Markkanen,1566,1566,0,1,1,OBSERVED_BASELINE_RETAINED
PORTER_CAPPED,CHI_2020_21_G044,2021-03-27,Nikola Vucevic,1906,0,-1906,1,0,NOT_ON_ALTERNATE_ROSTER
PORTER_CAPPED,CHI_2020_21_G044,2021-03-27,Patrick Williams,1143,0,-1143,1,0,NOT_ON_ALTERNATE_ROSTER
PORTER_CAPPED,CHI_2020_21_G044,2021-03-27,Ryan Arcidiacono,106,0,-106,0,0,SAME_DATE_DONOR
PORTER_CAPPED,CHI_2020_21_G044,2021-03-27,Thaddeus Young,1338,1338,0,0,0,OBSERVED_BASELINE_RETAINED
PORTER_CAPPED,CHI_2020_21_G044,2021-03-27,Tomas Satoransky,1035,600,-435,1,0,SAME_DATE_DONOR
PORTER_CAPPED,CHI_2020_21_G044,2021-03-27,Troy Brown Jr.,813,0,-813,0,0,NOT_ON_ALTERNATE_ROSTER
PORTER_CAPPED,CHI_2020_21_G044,2021-03-27,Zach LaVine,1685,1685,0,1,1,OBSERVED_BASELINE_RETAINED
PORTER_CAPPED,CHI_2020_21_G044,2021-03-27,Protagonist,0,1800,1800,0,1,CONDITIONAL_AVAILABILITY
PORTER_CAPPED,CHI_2020_21_G044,2021-03-27,LaMelo Ball,0,1680,1680,0,1,CONDITIONAL_AVAILABILITY
PORTER_CAPPED,CHI_2020_21_G044,2021-03-27,Wendell Carter Jr.,0,1560,1560,0,1,CONDITIONAL_AVAILABILITY
PORTER_CAPPED,CHI_2020_21_G044,2021-03-27,Otto Porter Jr.,0,720,720,0,0,CONDITIONAL_AVAILABILITY
PORTER_CAPPED,CHI_2020_21_G045,2021-03-29,Al-Farouq Aminu,0,0,0,0,0,NOT_ON_ALTERNATE_ROSTER
PORTER_CAPPED,CHI_2020_21_G045,2021-03-29,Cristiano Felicio,101,101,0,0,0,OBSERVED_BASELINE_RETAINED
PORTER_CAPPED,CHI_2020_21_G045,2021-03-29,Daniel Theis,1328,1328,0,0,0,OBSERVED_BASELINE_RETAINED
PORTER_CAPPED,CHI_2020_21_G045,2021-03-29,Denzel Valentine,0,0,0,0,0,OBSERVED_BASELINE_RETAINED
PORTER_CAPPED,CHI_2020_21_G045,2021-03-29,Devon Dotson,198,198,0,0,0,OBSERVED_BASELINE_RETAINED
PORTER_CAPPED,CHI_2020_21_G045,2021-03-29,Garrett Temple,129,129,0,0,0,OBSERVED_BASELINE_RETAINED
PORTER_CAPPED,CHI_2020_21_G045,2021-03-29,Javonte Green,755,755,0,0,0,OBSERVED_BASELINE_RETAINED
PORTER_CAPPED,CHI_2020_21_G045,2021-03-29,Lauri Markkanen,1330,1330,0,0,0,OBSERVED_BASELINE_RETAINED
PORTER_CAPPED,CHI_2020_21_G045,2021-03-29,Nikola Vucevic,1593,0,-1593,1,0,NOT_ON_ALTERNATE_ROSTER
PORTER_CAPPED,CHI_2020_21_G045,2021-03-29,Patrick Williams,1960,0,-1960,1,0,NOT_ON_ALTERNATE_ROSTER
PORTER_CAPPED,CHI_2020_21_G045,2021-03-29,Ryan Arcidiacono,887,887,0,0,0,OBSERVED_BASELINE_RETAINED
PORTER_CAPPED,CHI_2020_21_G045,2021-03-29,Thaddeus Young,1412,1412,0,1,1,OBSERVED_BASELINE_RETAINED
PORTER_CAPPED,CHI_2020_21_G045,2021-03-29,Tomas Satoransky,1802,605,-1197,1,0,SAME_DATE_DONOR
PORTER_CAPPED,CHI_2020_21_G045,2021-03-29,Troy Brown Jr.,1010,0,-1010,0,0,NOT_ON_ALTERNATE_ROSTER
PORTER_CAPPED,CHI_2020_21_G045,2021-03-29,Zach LaVine,1895,1895,0,1,1,OBSERVED_BASELINE_RETAINED
PORTER_CAPPED,CHI_2020_21_G045,2021-03-29,Protagonist,0,1800,1800,0,1,CONDITIONAL_AVAILABILITY
PORTER_CAPPED,CHI_2020_21_G045,2021-03-29,LaMelo Ball,0,1680,1680,0,1,CONDITIONAL_AVAILABILITY
PORTER_CAPPED,CHI_2020_21_G045,2021-03-29,Wendell Carter Jr.,0,1560,1560,0,1,CONDITIONAL_AVAILABILITY
PORTER_CAPPED,CHI_2020_21_G045,2021-03-29,Otto Porter Jr.,0,720,720,0,0,CONDITIONAL_AVAILABILITY
PORTER_CAPPED,CHI_2020_21_G046,2021-03-31,Adam Mokoka,0,0,0,0,0,OBSERVED_BASELINE_RETAINED
PORTER_CAPPED,CHI_2020_21_G046,2021-03-31,Al-Farouq Aminu,0,0,0,0,0,NOT_ON_ALTERNATE_ROSTER
PORTER_CAPPED,CHI_2020_21_G046,2021-03-31,Cristiano Felicio,0,0,0,0,0,OBSERVED_BASELINE_RETAINED
PORTER_CAPPED,CHI_2020_21_G046,2021-03-31,Daniel Theis,1180,1180,0,0,0,OBSERVED_BASELINE_RETAINED
PORTER_CAPPED,CHI_2020_21_G046,2021-03-31,Denzel Valentine,1747,1747,0,0,0,OBSERVED_BASELINE_RETAINED
PORTER_CAPPED,CHI_2020_21_G046,2021-03-31,Devon Dotson,0,0,0,0,0,OBSERVED_BASELINE_RETAINED
PORTER_CAPPED,CHI_2020_21_G046,2021-03-31,Javonte Green,0,0,0,0,0,OBSERVED_BASELINE_RETAINED
PORTER_CAPPED,CHI_2020_21_G046,2021-03-31,Lauri Markkanen,2056,2056,0,1,1,OBSERVED_BASELINE_RETAINED
PORTER_CAPPED,CHI_2020_21_G046,2021-03-31,Nikola Vucevic,2064,0,-2064,1,0,NOT_ON_ALTERNATE_ROSTER
PORTER_CAPPED,CHI_2020_21_G046,2021-03-31,Patrick Williams,1890,0,-1890,1,0,NOT_ON_ALTERNATE_ROSTER
PORTER_CAPPED,CHI_2020_21_G046,2021-03-31,Ryan Arcidiacono,952,952,0,0,0,OBSERVED_BASELINE_RETAINED
PORTER_CAPPED,CHI_2020_21_G046,2021-03-31,Thaddeus Young,1700,1700,0,1,1,OBSERVED_BASELINE_RETAINED
PORTER_CAPPED,CHI_2020_21_G046,2021-03-31,Tomas Satoransky,1821,1005,-816,1,0,SAME_DATE_DONOR
PORTER_CAPPED,CHI_2020_21_G046,2021-03-31,Troy Brown Jr.,990,0,-990,0,0,NOT_ON_ALTERNATE_ROSTER
PORTER_CAPPED,CHI_2020_21_G046,2021-03-31,Protagonist,0,1800,1800,0,1,CONDITIONAL_AVAILABILITY
PORTER_CAPPED,CHI_2020_21_G046,2021-03-31,LaMelo Ball,0,1680,1680,0,1,CONDITIONAL_AVAILABILITY
PORTER_CAPPED,CHI_2020_21_G046,2021-03-31,Wendell Carter Jr.,0,1560,1560,0,1,CONDITIONAL_AVAILABILITY
PORTER_CAPPED,CHI_2020_21_G046,2021-03-31,Otto Porter Jr.,0,720,720,0,0,CONDITIONAL_AVAILABILITY
PORTER_CAPPED,CHI_2020_21_G047,2021-04-02,Al-Farouq Aminu,0,0,0,0,0,NOT_ON_ALTERNATE_ROSTER
PORTER_CAPPED,CHI_2020_21_G047,2021-04-02,Coby White,1417,1262,-155,0,0,SAME_DATE_DONOR
PORTER_CAPPED,CHI_2020_21_G047,2021-04-02,Cristiano Felicio,0,0,0,0,0,OBSERVED_BASELINE_RETAINED
PORTER_CAPPED,CHI_2020_21_G047,2021-04-02,Daniel Theis,1219,1219,0,0,0,OBSERVED_BASELINE_RETAINED
PORTER_CAPPED,CHI_2020_21_G047,2021-04-02,Denzel Valentine,1319,360,-959,0,0,SAME_DATE_DONOR
PORTER_CAPPED,CHI_2020_21_G047,2021-04-02,Devon Dotson,0,0,0,0,0,OBSERVED_BASELINE_RETAINED
PORTER_CAPPED,CHI_2020_21_G047,2021-04-02,Javonte Green,0,0,0,0,0,OBSERVED_BASELINE_RETAINED
PORTER_CAPPED,CHI_2020_21_G047,2021-04-02,Lauri Markkanen,1361,1361,0,0,0,OBSERVED_BASELINE_RETAINED
PORTER_CAPPED,CHI_2020_21_G047,2021-04-02,Nikola Vucevic,1734,0,-1734,1,0,NOT_ON_ALTERNATE_ROSTER
PORTER_CAPPED,CHI_2020_21_G047,2021-04-02,Patrick Williams,1976,0,-1976,1,0,NOT_ON_ALTERNATE_ROSTER
PORTER_CAPPED,CHI_2020_21_G047,2021-04-02,Ryan Arcidiacono,0,0,0,0,0,OBSERVED_BASELINE_RETAINED
PORTER_CAPPED,CHI_2020_21_G047,2021-04-02,Thaddeus Young,1969,1969,0,1,1,OBSERVED_BASELINE_RETAINED
PORTER_CAPPED,CHI_2020_21_G047,2021-04-02,Tomas Satoransky,1536,600,-936,1,0,SAME_DATE_DONOR
PORTER_CAPPED,CHI_2020_21_G047,2021-04-02,Troy Brown Jr.,0,0,0,0,0,NOT_ON_ALTERNATE_ROSTER
PORTER_CAPPED,CHI_2020_21_G047,2021-04-02,Zach LaVine,1869,1869,0,1,1,OBSERVED_BASELINE_RETAINED
PORTER_CAPPED,CHI_2020_21_G047,2021-04-02,Protagonist,0,1800,1800,0,1,CONDITIONAL_AVAILABILITY
PORTER_CAPPED,CHI_2020_21_G047,2021-04-02,LaMelo Ball,0,1680,1680,0,1,CONDITIONAL_AVAILABILITY
PORTER_CAPPED,CHI_2020_21_G047,2021-04-02,Wendell Carter Jr.,0,1560,1560,0,1,CONDITIONAL_AVAILABILITY
PORTER_CAPPED,CHI_2020_21_G047,2021-04-02,Otto Porter Jr.,0,720,720,0,0,CONDITIONAL_AVAILABILITY
PORTER_CAPPED,CHI_2020_21_G048,2021-04-04,Adam Mokoka,0,0,0,0,0,OBSERVED_BASELINE_RETAINED
PORTER_CAPPED,CHI_2020_21_G048,2021-04-04,Al-Farouq Aminu,0,0,0,0,0,NOT_ON_ALTERNATE_ROSTER
PORTER_CAPPED,CHI_2020_21_G048,2021-04-04,Cristiano Felicio,0,0,0,0,0,OBSERVED_BASELINE_RETAINED
PORTER_CAPPED,CHI_2020_21_G048,2021-04-04,Daniel Theis,1433,1433,0,0,0,OBSERVED_BASELINE_RETAINED
PORTER_CAPPED,CHI_2020_21_G048,2021-04-04,Denzel Valentine,640,640,0,0,0,OBSERVED_BASELINE_RETAINED
PORTER_CAPPED,CHI_2020_21_G048,2021-04-04,Devon Dotson,0,0,0,0,0,OBSERVED_BASELINE_RETAINED
PORTER_CAPPED,CHI_2020_21_G048,2021-04-04,Javonte Green,0,0,0,0,0,OBSERVED_BASELINE_RETAINED
PORTER_CAPPED,CHI_2020_21_G048,2021-04-04,Lauri Markkanen,1380,1380,0,0,0,OBSERVED_BASELINE_RETAINED
PORTER_CAPPED,CHI_2020_21_G048,2021-04-04,Nikola Vucevic,1942,0,-1942,1,0,NOT_ON_ALTERNATE_ROSTER
PORTER_CAPPED,CHI_2020_21_G048,2021-04-04,Patrick Williams,1839,0,-1839,1,0,NOT_ON_ALTERNATE_ROSTER
PORTER_CAPPED,CHI_2020_21_G048,2021-04-04,Ryan Arcidiacono,198,198,0,0,0,OBSERVED_BASELINE_RETAINED
PORTER_CAPPED,CHI_2020_21_G048,2021-04-04,Thaddeus Young,1311,1311,0,1,1,OBSERVED_BASELINE_RETAINED
PORTER_CAPPED,CHI_2020_21_G048,2021-04-04,Tomas Satoransky,1848,1561,-287,1,0,SAME_DATE_DONOR
PORTER_CAPPED,CHI_2020_21_G048,2021-04-04,Troy Brown Jr.,1692,0,-1692,0,0,NOT_ON_ALTERNATE_ROSTER
PORTER_CAPPED,CHI_2020_21_G048,2021-04-04,Zach LaVine,2117,2117,0,1,1,OBSERVED_BASELINE_RETAINED
PORTER_CAPPED,CHI_2020_21_G048,2021-04-04,Protagonist,0,1800,1800,0,1,CONDITIONAL_AVAILABILITY
PORTER_CAPPED,CHI_2020_21_G048,2021-04-04,LaMelo Ball,0,1680,1680,0,1,CONDITIONAL_AVAILABILITY
PORTER_CAPPED,CHI_2020_21_G048,2021-04-04,Wendell Carter Jr.,0,1560,1560,0,1,CONDITIONAL_AVAILABILITY
PORTER_CAPPED,CHI_2020_21_G048,2021-04-04,Otto Porter Jr.,0,720,720,0,0,CONDITIONAL_AVAILABILITY
PORTER_CAPPED,CHI_2020_21_G049,2021-04-06,Al-Farouq Aminu,0,0,0,0,0,NOT_ON_ALTERNATE_ROSTER
PORTER_CAPPED,CHI_2020_21_G049,2021-04-06,Coby White,1884,1884,0,0,0,OBSERVED_BASELINE_RETAINED
PORTER_CAPPED,CHI_2020_21_G049,2021-04-06,Cristiano Felicio,81,81,0,0,0,OBSERVED_BASELINE_RETAINED
PORTER_CAPPED,CHI_2020_21_G049,2021-04-06,Denzel Valentine,228,228,0,0,0,OBSERVED_BASELINE_RETAINED
PORTER_CAPPED,CHI_2020_21_G049,2021-04-06,Javonte Green,81,81,0,0,0,OBSERVED_BASELINE_RETAINED
PORTER_CAPPED,CHI_2020_21_G049,2021-04-06,Lauri Markkanen,1292,1292,0,0,0,OBSERVED_BASELINE_RETAINED
PORTER_CAPPED,CHI_2020_21_G049,2021-04-06,Nikola Vucevic,2112,0,-2112,1,0,NOT_ON_ALTERNATE_ROSTER
PORTER_CAPPED,CHI_2020_21_G049,2021-04-06,Patrick Williams,1841,0,-1841,1,0,NOT_ON_ALTERNATE_ROSTER
PORTER_CAPPED,CHI_2020_21_G049,2021-04-06,Ryan Arcidiacono,81,81,0,0,0,OBSERVED_BASELINE_RETAINED
PORTER_CAPPED,CHI_2020_21_G049,2021-04-06,Thaddeus Young,1674,1674,0,1,1,OBSERVED_BASELINE_RETAINED
PORTER_CAPPED,CHI_2020_21_G049,2021-04-06,Tomas Satoransky,2065,1162,-903,1,0,SAME_DATE_DONOR
PORTER_CAPPED,CHI_2020_21_G049,2021-04-06,Troy Brown Jr.,904,0,-904,0,0,NOT_ON_ALTERNATE_ROSTER
PORTER_CAPPED,CHI_2020_21_G049,2021-04-06,Zach LaVine,2157,2157,0,1,1,OBSERVED_BASELINE_RETAINED
PORTER_CAPPED,CHI_2020_21_G049,2021-04-06,Protagonist,0,1800,1800,0,1,CONDITIONAL_AVAILABILITY
PORTER_CAPPED,CHI_2020_21_G049,2021-04-06,LaMelo Ball,0,1680,1680,0,1,CONDITIONAL_AVAILABILITY
PORTER_CAPPED,CHI_2020_21_G049,2021-04-06,Wendell Carter Jr.,0,1560,1560,0,1,CONDITIONAL_AVAILABILITY
PORTER_CAPPED,CHI_2020_21_G049,2021-04-06,Otto Porter Jr.,0,720,720,0,0,CONDITIONAL_AVAILABILITY
PORTER_CAPPED,CHI_2020_21_G050,2021-04-08,Al-Farouq Aminu,0,0,0,0,0,NOT_ON_ALTERNATE_ROSTER
PORTER_CAPPED,CHI_2020_21_G050,2021-04-08,Coby White,1605,1605,0,0,0,OBSERVED_BASELINE_RETAINED
PORTER_CAPPED,CHI_2020_21_G050,2021-04-08,Cristiano Felicio,0,0,0,0,0,OBSERVED_BASELINE_RETAINED
PORTER_CAPPED,CHI_2020_21_G050,2021-04-08,Daniel Theis,1614,1440,-174,0,0,OBSERVED_BASELINE_RETAINED
PORTER_CAPPED,CHI_2020_21_G050,2021-04-08,Denzel Valentine,0,0,0,0,0,OBSERVED_BASELINE_RETAINED
PORTER_CAPPED,CHI_2020_21_G050,2021-04-08,Javonte Green,0,0,0,0,0,OBSERVED_BASELINE_RETAINED
PORTER_CAPPED,CHI_2020_21_G050,2021-04-08,Lauri Markkanen,1100,1100,0,0,0,OBSERVED_BASELINE_RETAINED
PORTER_CAPPED,CHI_2020_21_G050,2021-04-08,Nikola Vucevic,1906,0,-1906,1,0,NOT_ON_ALTERNATE_ROSTER
PORTER_CAPPED,CHI_2020_21_G050,2021-04-08,Patrick Williams,1894,0,-1894,1,0,NOT_ON_ALTERNATE_ROSTER
PORTER_CAPPED,CHI_2020_21_G050,2021-04-08,Ryan Arcidiacono,0,0,0,0,0,OBSERVED_BASELINE_RETAINED
PORTER_CAPPED,CHI_2020_21_G050,2021-04-08,Thaddeus Young,1425,1425,0,1,1,OBSERVED_BASELINE_RETAINED
PORTER_CAPPED,CHI_2020_21_G050,2021-04-08,Tomas Satoransky,1772,819,-953,1,0,SAME_DATE_DONOR
PORTER_CAPPED,CHI_2020_21_G050,2021-04-08,Troy Brown Jr.,833,0,-833,0,0,NOT_ON_ALTERNATE_ROSTER
PORTER_CAPPED,CHI_2020_21_G050,2021-04-08,Zach LaVine,2251,2251,0,1,1,OBSERVED_BASELINE_RETAINED
PORTER_CAPPED,CHI_2020_21_G050,2021-04-08,Protagonist,0,1800,1800,0,1,CONDITIONAL_AVAILABILITY
PORTER_CAPPED,CHI_2020_21_G050,2021-04-08,LaMelo Ball,0,1680,1680,0,1,CONDITIONAL_AVAILABILITY
PORTER_CAPPED,CHI_2020_21_G050,2021-04-08,Wendell Carter Jr.,0,1560,1560,0,1,CONDITIONAL_AVAILABILITY
PORTER_CAPPED,CHI_2020_21_G050,2021-04-08,Otto Porter Jr.,0,720,720,0,0,CONDITIONAL_AVAILABILITY
PORTER_CAPPED,CHI_2020_21_G051,2021-04-09,Al-Farouq Aminu,0,0,0,0,0,NOT_ON_ALTERNATE_ROSTER
PORTER_CAPPED,CHI_2020_21_G051,2021-04-09,Coby White,1712,1712,0,0,0,OBSERVED_BASELINE_RETAINED
PORTER_CAPPED,CHI_2020_21_G051,2021-04-09,Cristiano Felicio,0,0,0,0,0,OBSERVED_BASELINE_RETAINED
PORTER_CAPPED,CHI_2020_21_G051,2021-04-09,Daniel Theis,699,699,0,0,0,OBSERVED_BASELINE_RETAINED
PORTER_CAPPED,CHI_2020_21_G051,2021-04-09,Denzel Valentine,0,0,0,0,0,OBSERVED_BASELINE_RETAINED
PORTER_CAPPED,CHI_2020_21_G051,2021-04-09,Javonte Green,0,0,0,0,0,OBSERVED_BASELINE_RETAINED
PORTER_CAPPED,CHI_2020_21_G051,2021-04-09,Lauri Markkanen,1617,1617,0,0,0,OBSERVED_BASELINE_RETAINED
PORTER_CAPPED,CHI_2020_21_G051,2021-04-09,Nikola Vucevic,2181,0,-2181,1,0,NOT_ON_ALTERNATE_ROSTER
PORTER_CAPPED,CHI_2020_21_G051,2021-04-09,Patrick Williams,1548,0,-1548,1,0,NOT_ON_ALTERNATE_ROSTER
PORTER_CAPPED,CHI_2020_21_G051,2021-04-09,Ryan Arcidiacono,0,0,0,0,0,OBSERVED_BASELINE_RETAINED
PORTER_CAPPED,CHI_2020_21_G051,2021-04-09,Thaddeus Young,1424,1424,0,1,1,OBSERVED_BASELINE_RETAINED
PORTER_CAPPED,CHI_2020_21_G051,2021-04-09,Tomas Satoransky,1991,864,-1127,1,0,SAME_DATE_DONOR
PORTER_CAPPED,CHI_2020_21_G051,2021-04-09,Troy Brown Jr.,904,0,-904,0,0,NOT_ON_ALTERNATE_ROSTER
PORTER_CAPPED,CHI_2020_21_G051,2021-04-09,Zach LaVine,2324,2324,0,1,1,OBSERVED_BASELINE_RETAINED
PORTER_CAPPED,CHI_2020_21_G051,2021-04-09,Protagonist,0,1800,1800,0,1,CONDITIONAL_AVAILABILITY
PORTER_CAPPED,CHI_2020_21_G051,2021-04-09,LaMelo Ball,0,1680,1680,0,1,CONDITIONAL_AVAILABILITY
PORTER_CAPPED,CHI_2020_21_G051,2021-04-09,Wendell Carter Jr.,0,1560,1560,0,1,CONDITIONAL_AVAILABILITY
PORTER_CAPPED,CHI_2020_21_G051,2021-04-09,Otto Porter Jr.,0,720,720,0,0,CONDITIONAL_AVAILABILITY
PORTER_CAPPED,CHI_2020_21_G052,2021-04-11,Al-Farouq Aminu,0,0,0,0,0,NOT_ON_ALTERNATE_ROSTER
PORTER_CAPPED,CHI_2020_21_G052,2021-04-11,Coby White,1382,1382,0,0,0,OBSERVED_BASELINE_RETAINED
PORTER_CAPPED,CHI_2020_21_G052,2021-04-11,Cristiano Felicio,0,0,0,0,0,OBSERVED_BASELINE_RETAINED
PORTER_CAPPED,CHI_2020_21_G052,2021-04-11,Daniel Theis,1712,1440,-272,0,0,OBSERVED_BASELINE_RETAINED
PORTER_CAPPED,CHI_2020_21_G052,2021-04-11,Denzel Valentine,740,727,-13,0,0,SAME_DATE_DONOR
PORTER_CAPPED,CHI_2020_21_G052,2021-04-11,Javonte Green,0,0,0,0,0,OBSERVED_BASELINE_RETAINED
PORTER_CAPPED,CHI_2020_21_G052,2021-04-11,Lauri Markkanen,1127,1127,0,0,0,OBSERVED_BASELINE_RETAINED
PORTER_CAPPED,CHI_2020_21_G052,2021-04-11,Nikola Vucevic,1649,0,-1649,1,0,NOT_ON_ALTERNATE_ROSTER
PORTER_CAPPED,CHI_2020_21_G052,2021-04-11,Patrick Williams,1580,0,-1580,1,0,NOT_ON_ALTERNATE_ROSTER
PORTER_CAPPED,CHI_2020_21_G052,2021-04-11,Ryan Arcidiacono,0,0,0,0,0,OBSERVED_BASELINE_RETAINED
PORTER_CAPPED,CHI_2020_21_G052,2021-04-11,Thaddeus Young,1224,1224,0,1,1,OBSERVED_BASELINE_RETAINED
PORTER_CAPPED,CHI_2020_21_G052,2021-04-11,Tomas Satoransky,1553,600,-953,1,0,SAME_DATE_DONOR
PORTER_CAPPED,CHI_2020_21_G052,2021-04-11,Troy Brown Jr.,1293,0,-1293,0,0,NOT_ON_ALTERNATE_ROSTER
PORTER_CAPPED,CHI_2020_21_G052,2021-04-11,Zach LaVine,2140,2140,0,1,1,OBSERVED_BASELINE_RETAINED
PORTER_CAPPED,CHI_2020_21_G052,2021-04-11,Protagonist,0,1800,1800,0,1,CONDITIONAL_AVAILABILITY
PORTER_CAPPED,CHI_2020_21_G052,2021-04-11,LaMelo Ball,0,1680,1680,0,1,CONDITIONAL_AVAILABILITY
PORTER_CAPPED,CHI_2020_21_G052,2021-04-11,Wendell Carter Jr.,0,1560,1560,0,1,CONDITIONAL_AVAILABILITY
PORTER_CAPPED,CHI_2020_21_G052,2021-04-11,Otto Porter Jr.,0,720,720,0,0,CONDITIONAL_AVAILABILITY
PORTER_CAPPED,CHI_2020_21_G053,2021-04-12,Al-Farouq Aminu,0,0,0,0,0,NOT_ON_ALTERNATE_ROSTER
PORTER_CAPPED,CHI_2020_21_G053,2021-04-12,Coby White,1462,1462,0,0,0,OBSERVED_BASELINE_RETAINED
PORTER_CAPPED,CHI_2020_21_G053,2021-04-12,Cristiano Felicio,0,0,0,0,0,OBSERVED_BASELINE_RETAINED
PORTER_CAPPED,CHI_2020_21_G053,2021-04-12,Daniel Theis,1625,1440,-185,0,0,OBSERVED_BASELINE_RETAINED
PORTER_CAPPED,CHI_2020_21_G053,2021-04-12,Denzel Valentine,501,501,0,0,0,OBSERVED_BASELINE_RETAINED
PORTER_CAPPED,CHI_2020_21_G053,2021-04-12,Javonte Green,0,0,0,0,0,OBSERVED_BASELINE_RETAINED
PORTER_CAPPED,CHI_2020_21_G053,2021-04-12,Lauri Markkanen,964,964,0,0,0,OBSERVED_BASELINE_RETAINED
PORTER_CAPPED,CHI_2020_21_G053,2021-04-12,Nikola Vucevic,1988,0,-1988,1,0,NOT_ON_ALTERNATE_ROSTER
PORTER_CAPPED,CHI_2020_21_G053,2021-04-12,Patrick Williams,1638,0,-1638,1,0,NOT_ON_ALTERNATE_ROSTER
PORTER_CAPPED,CHI_2020_21_G053,2021-04-12,Ryan Arcidiacono,0,0,0,0,0,OBSERVED_BASELINE_RETAINED
PORTER_CAPPED,CHI_2020_21_G053,2021-04-12,Thaddeus Young,1183,1183,0,1,1,OBSERVED_BASELINE_RETAINED
PORTER_CAPPED,CHI_2020_21_G053,2021-04-12,Tomas Satoransky,1323,909,-414,1,0,SAME_DATE_DONOR
PORTER_CAPPED,CHI_2020_21_G053,2021-04-12,Troy Brown Jr.,1535,0,-1535,0,0,NOT_ON_ALTERNATE_ROSTER
PORTER_CAPPED,CHI_2020_21_G053,2021-04-12,Zach LaVine,2181,2181,0,1,1,OBSERVED_BASELINE_RETAINED
PORTER_CAPPED,CHI_2020_21_G053,2021-04-12,Protagonist,0,1800,1800,0,1,CONDITIONAL_AVAILABILITY
PORTER_CAPPED,CHI_2020_21_G053,2021-04-12,LaMelo Ball,0,1680,1680,0,1,CONDITIONAL_AVAILABILITY
PORTER_CAPPED,CHI_2020_21_G053,2021-04-12,Wendell Carter Jr.,0,1560,1560,0,1,CONDITIONAL_AVAILABILITY
PORTER_CAPPED,CHI_2020_21_G053,2021-04-12,Otto Porter Jr.,0,720,720,0,0,CONDITIONAL_AVAILABILITY
PORTER_CAPPED,CHI_2020_21_G054,2021-04-14,Al-Farouq Aminu,253,0,-253,0,0,NOT_ON_ALTERNATE_ROSTER
PORTER_CAPPED,CHI_2020_21_G054,2021-04-14,Coby White,720,720,0,0,0,OBSERVED_BASELINE_RETAINED
PORTER_CAPPED,CHI_2020_21_G054,2021-04-14,Cristiano Felicio,0,0,0,0,0,OBSERVED_BASELINE_RETAINED
PORTER_CAPPED,CHI_2020_21_G054,2021-04-14,Daniel Theis,1628,1440,-188,0,0,OBSERVED_BASELINE_RETAINED
PORTER_CAPPED,CHI_2020_21_G054,2021-04-14,Denzel Valentine,667,667,0,0,0,OBSERVED_BASELINE_RETAINED
PORTER_CAPPED,CHI_2020_21_G054,2021-04-14,Garrett Temple,598,598,0,0,0,OBSERVED_BASELINE_RETAINED
PORTER_CAPPED,CHI_2020_21_G054,2021-04-14,Javonte Green,0,0,0,0,0,OBSERVED_BASELINE_RETAINED
PORTER_CAPPED,CHI_2020_21_G054,2021-04-14,Lauri Markkanen,993,993,0,0,0,OBSERVED_BASELINE_RETAINED
PORTER_CAPPED,CHI_2020_21_G054,2021-04-14,Nikola Vucevic,2015,0,-2015,1,0,NOT_ON_ALTERNATE_ROSTER
PORTER_CAPPED,CHI_2020_21_G054,2021-04-14,Patrick Williams,1668,0,-1668,1,0,NOT_ON_ALTERNATE_ROSTER
PORTER_CAPPED,CHI_2020_21_G054,2021-04-14,Ryan Arcidiacono,0,0,0,0,0,OBSERVED_BASELINE_RETAINED
PORTER_CAPPED,CHI_2020_21_G054,2021-04-14,Thaddeus Young,852,852,0,1,1,OBSERVED_BASELINE_RETAINED
PORTER_CAPPED,CHI_2020_21_G054,2021-04-14,Tomas Satoransky,1801,1031,-770,1,0,SAME_DATE_DONOR
PORTER_CAPPED,CHI_2020_21_G054,2021-04-14,Troy Brown Jr.,866,0,-866,0,0,NOT_ON_ALTERNATE_ROSTER
PORTER_CAPPED,CHI_2020_21_G054,2021-04-14,Zach LaVine,2339,2339,0,1,1,OBSERVED_BASELINE_RETAINED
PORTER_CAPPED,CHI_2020_21_G054,2021-04-14,Protagonist,0,1800,1800,0,1,CONDITIONAL_AVAILABILITY
PORTER_CAPPED,CHI_2020_21_G054,2021-04-14,LaMelo Ball,0,1680,1680,0,1,CONDITIONAL_AVAILABILITY
PORTER_CAPPED,CHI_2020_21_G054,2021-04-14,Wendell Carter Jr.,0,1560,1560,0,1,CONDITIONAL_AVAILABILITY
PORTER_CAPPED,CHI_2020_21_G054,2021-04-14,Otto Porter Jr.,0,720,720,0,0,CONDITIONAL_AVAILABILITY
PORTER_CAPPED,CHI_2020_21_G055,2021-04-16,Adam Mokoka,0,0,0,0,0,OBSERVED_BASELINE_RETAINED
PORTER_CAPPED,CHI_2020_21_G055,2021-04-16,Al-Farouq Aminu,0,0,0,0,0,NOT_ON_ALTERNATE_ROSTER
PORTER_CAPPED,CHI_2020_21_G055,2021-04-16,Coby White,2004,2004,0,1,0,OBSERVED_BASELINE_RETAINED
PORTER_CAPPED,CHI_2020_21_G055,2021-04-16,Cristiano Felicio,109,109,0,0,0,OBSERVED_BASELINE_RETAINED
PORTER_CAPPED,CHI_2020_21_G055,2021-04-16,Daniel Theis,1224,1224,0,1,1,OBSERVED_BASELINE_RETAINED
PORTER_CAPPED,CHI_2020_21_G055,2021-04-16,Denzel Valentine,1027,360,-667,0,0,SAME_DATE_DONOR
PORTER_CAPPED,CHI_2020_21_G055,2021-04-16,Devon Dotson,109,109,0,0,0,OBSERVED_BASELINE_RETAINED
PORTER_CAPPED,CHI_2020_21_G055,2021-04-16,Garrett Temple,1495,1495,0,1,1,OBSERVED_BASELINE_RETAINED
PORTER_CAPPED,CHI_2020_21_G055,2021-04-16,Javonte Green,109,109,0,0,0,OBSERVED_BASELINE_RETAINED
PORTER_CAPPED,CHI_2020_21_G055,2021-04-16,Lauri Markkanen,1257,1257,0,0,0,OBSERVED_BASELINE_RETAINED
PORTER_CAPPED,CHI_2020_21_G055,2021-04-16,Nikola Vucevic,1960,0,-1960,1,0,NOT_ON_ALTERNATE_ROSTER
PORTER_CAPPED,CHI_2020_21_G055,2021-04-16,Patrick Williams,1791,0,-1791,1,0,NOT_ON_ALTERNATE_ROSTER
PORTER_CAPPED,CHI_2020_21_G055,2021-04-16,Ryan Arcidiacono,876,649,-227,0,0,SAME_DATE_DONOR
PORTER_CAPPED,CHI_2020_21_G055,2021-04-16,Thaddeus Young,1324,1324,0,0,0,OBSERVED_BASELINE_RETAINED
PORTER_CAPPED,CHI_2020_21_G055,2021-04-16,Troy Brown Jr.,1115,0,-1115,0,0,NOT_ON_ALTERNATE_ROSTER
PORTER_CAPPED,CHI_2020_21_G055,2021-04-16,Protagonist,0,1800,1800,0,1,CONDITIONAL_AVAILABILITY
PORTER_CAPPED,CHI_2020_21_G055,2021-04-16,LaMelo Ball,0,1680,1680,0,1,CONDITIONAL_AVAILABILITY
PORTER_CAPPED,CHI_2020_21_G055,2021-04-16,Wendell Carter Jr.,0,1560,1560,0,1,CONDITIONAL_AVAILABILITY
PORTER_CAPPED,CHI_2020_21_G055,2021-04-16,Otto Porter Jr.,0,720,720,0,0,CONDITIONAL_AVAILABILITY
PORTER_CAPPED,CHI_2020_21_G056,2021-04-17,Al-Farouq Aminu,0,0,0,0,0,NOT_ON_ALTERNATE_ROSTER
PORTER_CAPPED,CHI_2020_21_G056,2021-04-17,Coby White,1968,1968,0,1,0,OBSERVED_BASELINE_RETAINED
PORTER_CAPPED,CHI_2020_21_G056,2021-04-17,Cristiano Felicio,0,0,0,0,0,OBSERVED_BASELINE_RETAINED
PORTER_CAPPED,CHI_2020_21_G056,2021-04-17,Daniel Theis,1373,1373,0,1,1,OBSERVED_BASELINE_RETAINED
PORTER_CAPPED,CHI_2020_21_G056,2021-04-17,Denzel Valentine,1336,552,-784,0,0,SAME_DATE_DONOR
PORTER_CAPPED,CHI_2020_21_G056,2021-04-17,Devon Dotson,0,0,0,0,0,OBSERVED_BASELINE_RETAINED
PORTER_CAPPED,CHI_2020_21_G056,2021-04-17,Garrett Temple,1677,1677,0,1,1,OBSERVED_BASELINE_RETAINED
PORTER_CAPPED,CHI_2020_21_G056,2021-04-17,Javonte Green,0,0,0,0,0,OBSERVED_BASELINE_RETAINED
PORTER_CAPPED,CHI_2020_21_G056,2021-04-17,Lauri Markkanen,1558,1558,0,0,0,OBSERVED_BASELINE_RETAINED
PORTER_CAPPED,CHI_2020_21_G056,2021-04-17,Nikola Vucevic,1968,0,-1968,1,0,NOT_ON_ALTERNATE_ROSTER
PORTER_CAPPED,CHI_2020_21_G056,2021-04-17,Patrick Williams,1637,0,-1637,1,0,NOT_ON_ALTERNATE_ROSTER
PORTER_CAPPED,CHI_2020_21_G056,2021-04-17,Ryan Arcidiacono,0,0,0,0,0,OBSERVED_BASELINE_RETAINED
PORTER_CAPPED,CHI_2020_21_G056,2021-04-17,Thaddeus Young,912,912,0,0,0,OBSERVED_BASELINE_RETAINED
PORTER_CAPPED,CHI_2020_21_G056,2021-04-17,Tomas Satoransky,901,600,-301,0,0,SAME_DATE_DONOR
PORTER_CAPPED,CHI_2020_21_G056,2021-04-17,Troy Brown Jr.,1070,0,-1070,0,0,NOT_ON_ALTERNATE_ROSTER
PORTER_CAPPED,CHI_2020_21_G056,2021-04-17,Protagonist,0,1800,1800,0,1,CONDITIONAL_AVAILABILITY
PORTER_CAPPED,CHI_2020_21_G056,2021-04-17,LaMelo Ball,0,1680,1680,0,1,CONDITIONAL_AVAILABILITY
PORTER_CAPPED,CHI_2020_21_G056,2021-04-17,Wendell Carter Jr.,0,1560,1560,0,1,CONDITIONAL_AVAILABILITY
PORTER_CAPPED,CHI_2020_21_G056,2021-04-17,Otto Porter Jr.,0,720,720,0,0,CONDITIONAL_AVAILABILITY
PORTER_CAPPED,CHI_2020_21_G057,2021-04-19,Adam Mokoka,0,0,0,0,0,OBSERVED_BASELINE_RETAINED
PORTER_CAPPED,CHI_2020_21_G057,2021-04-19,Al-Farouq Aminu,0,0,0,0,0,NOT_ON_ALTERNATE_ROSTER
PORTER_CAPPED,CHI_2020_21_G057,2021-04-19,Coby White,1775,1775,0,1,0,OBSERVED_BASELINE_RETAINED
PORTER_CAPPED,CHI_2020_21_G057,2021-04-19,Cristiano Felicio,0,0,0,0,0,OBSERVED_BASELINE_RETAINED
PORTER_CAPPED,CHI_2020_21_G057,2021-04-19,Daniel Theis,1725,1440,-285,1,1,OBSERVED_BASELINE_RETAINED
PORTER_CAPPED,CHI_2020_21_G057,2021-04-19,Denzel Valentine,760,760,0,0,0,OBSERVED_BASELINE_RETAINED
PORTER_CAPPED,CHI_2020_21_G057,2021-04-19,Garrett Temple,1862,1862,0,1,1,OBSERVED_BASELINE_RETAINED
PORTER_CAPPED,CHI_2020_21_G057,2021-04-19,Javonte Green,0,0,0,0,0,OBSERVED_BASELINE_RETAINED
PORTER_CAPPED,CHI_2020_21_G057,2021-04-19,Lauri Markkanen,1169,1169,0,0,0,OBSERVED_BASELINE_RETAINED
PORTER_CAPPED,CHI_2020_21_G057,2021-04-19,Nikola Vucevic,1896,0,-1896,1,0,NOT_ON_ALTERNATE_ROSTER
PORTER_CAPPED,CHI_2020_21_G057,2021-04-19,Patrick Williams,1966,0,-1966,1,0,NOT_ON_ALTERNATE_ROSTER
PORTER_CAPPED,CHI_2020_21_G057,2021-04-19,Ryan Arcidiacono,0,0,0,0,0,OBSERVED_BASELINE_RETAINED
PORTER_CAPPED,CHI_2020_21_G057,2021-04-19,Thaddeus Young,963,963,0,0,0,OBSERVED_BASELINE_RETAINED
PORTER_CAPPED,CHI_2020_21_G057,2021-04-19,Tomas Satoransky,1113,672,-441,0,0,SAME_DATE_DONOR
PORTER_CAPPED,CHI_2020_21_G057,2021-04-19,Troy Brown Jr.,1172,0,-1172,0,0,NOT_ON_ALTERNATE_ROSTER
PORTER_CAPPED,CHI_2020_21_G057,2021-04-19,Protagonist,0,1800,1800,0,1,CONDITIONAL_AVAILABILITY
PORTER_CAPPED,CHI_2020_21_G057,2021-04-19,LaMelo Ball,0,1680,1680,0,1,CONDITIONAL_AVAILABILITY
PORTER_CAPPED,CHI_2020_21_G057,2021-04-19,Wendell Carter Jr.,0,1560,1560,0,1,CONDITIONAL_AVAILABILITY
PORTER_CAPPED,CHI_2020_21_G057,2021-04-19,Otto Porter Jr.,0,720,720,0,0,CONDITIONAL_AVAILABILITY
PORTER_CAPPED,CHI_2020_21_G058,2021-04-21,Adam Mokoka,187,187,0,0,0,OBSERVED_BASELINE_RETAINED
PORTER_CAPPED,CHI_2020_21_G058,2021-04-21,Al-Farouq Aminu,445,0,-445,0,0,NOT_ON_ALTERNATE_ROSTER
PORTER_CAPPED,CHI_2020_21_G058,2021-04-21,Coby White,1836,1445,-391,1,0,SAME_DATE_DONOR
PORTER_CAPPED,CHI_2020_21_G058,2021-04-21,Cristiano Felicio,510,510,0,0,0,OBSERVED_BASELINE_RETAINED
PORTER_CAPPED,CHI_2020_21_G058,2021-04-21,Daniel Theis,1188,1188,0,1,1,OBSERVED_BASELINE_RETAINED
PORTER_CAPPED,CHI_2020_21_G058,2021-04-21,Denzel Valentine,1499,360,-1139,0,0,SAME_DATE_DONOR
PORTER_CAPPED,CHI_2020_21_G058,2021-04-21,Devon Dotson,234,234,0,0,0,OBSERVED_BASELINE_RETAINED
PORTER_CAPPED,CHI_2020_21_G058,2021-04-21,Garrett Temple,1566,1566,0,1,1,OBSERVED_BASELINE_RETAINED
PORTER_CAPPED,CHI_2020_21_G058,2021-04-21,Javonte Green,234,234,0,0,0,OBSERVED_BASELINE_RETAINED
PORTER_CAPPED,CHI_2020_21_G058,2021-04-21,Lauri Markkanen,1269,1269,0,0,0,OBSERVED_BASELINE_RETAINED
PORTER_CAPPED,CHI_2020_21_G058,2021-04-21,Nikola Vucevic,1512,0,-1512,1,0,NOT_ON_ALTERNATE_ROSTER
PORTER_CAPPED,CHI_2020_21_G058,2021-04-21,Patrick Williams,1147,0,-1147,1,0,NOT_ON_ALTERNATE_ROSTER
PORTER_CAPPED,CHI_2020_21_G058,2021-04-21,Ryan Arcidiacono,463,0,-463,0,0,SAME_DATE_DONOR
PORTER_CAPPED,CHI_2020_21_G058,2021-04-21,Thaddeus Young,1047,1047,0,0,0,OBSERVED_BASELINE_RETAINED
PORTER_CAPPED,CHI_2020_21_G058,2021-04-21,Tomas Satoransky,1263,600,-663,0,0,SAME_DATE_DONOR
PORTER_CAPPED,CHI_2020_21_G058,2021-04-21,Protagonist,0,1800,1800,0,1,CONDITIONAL_AVAILABILITY
PORTER_CAPPED,CHI_2020_21_G058,2021-04-21,LaMelo Ball,0,1680,1680,0,1,CONDITIONAL_AVAILABILITY
PORTER_CAPPED,CHI_2020_21_G058,2021-04-21,Wendell Carter Jr.,0,1560,1560,0,1,CONDITIONAL_AVAILABILITY
PORTER_CAPPED,CHI_2020_21_G058,2021-04-21,Otto Porter Jr.,0,720,720,0,0,CONDITIONAL_AVAILABILITY
PORTER_CAPPED,CHI_2020_21_G059,2021-04-22,Adam Mokoka,84,84,0,0,0,OBSERVED_BASELINE_RETAINED
PORTER_CAPPED,CHI_2020_21_G059,2021-04-22,Al-Farouq Aminu,0,0,0,0,0,NOT_ON_ALTERNATE_ROSTER
PORTER_CAPPED,CHI_2020_21_G059,2021-04-22,Coby White,1682,1492,-190,1,0,SAME_DATE_DONOR
PORTER_CAPPED,CHI_2020_21_G059,2021-04-22,Cristiano Felicio,163,163,0,0,0,OBSERVED_BASELINE_RETAINED
PORTER_CAPPED,CHI_2020_21_G059,2021-04-22,Daniel Theis,1514,1440,-74,1,1,OBSERVED_BASELINE_RETAINED
PORTER_CAPPED,CHI_2020_21_G059,2021-04-22,Denzel Valentine,969,360,-609,0,0,SAME_DATE_DONOR
PORTER_CAPPED,CHI_2020_21_G059,2021-04-22,Devon Dotson,84,84,0,0,0,OBSERVED_BASELINE_RETAINED
PORTER_CAPPED,CHI_2020_21_G059,2021-04-22,Garrett Temple,1460,1460,0,1,1,OBSERVED_BASELINE_RETAINED
PORTER_CAPPED,CHI_2020_21_G059,2021-04-22,Javonte Green,163,163,0,0,0,OBSERVED_BASELINE_RETAINED
PORTER_CAPPED,CHI_2020_21_G059,2021-04-22,Lauri Markkanen,1591,1591,0,0,0,OBSERVED_BASELINE_RETAINED
PORTER_CAPPED,CHI_2020_21_G059,2021-04-22,Nikola Vucevic,1722,0,-1722,1,0,NOT_ON_ALTERNATE_ROSTER
PORTER_CAPPED,CHI_2020_21_G059,2021-04-22,Patrick Williams,1392,0,-1392,1,0,NOT_ON_ALTERNATE_ROSTER
PORTER_CAPPED,CHI_2020_21_G059,2021-04-22,Ryan Arcidiacono,1127,0,-1127,0,0,SAME_DATE_DONOR
PORTER_CAPPED,CHI_2020_21_G059,2021-04-22,Thaddeus Young,1203,1203,0,0,0,OBSERVED_BASELINE_RETAINED
PORTER_CAPPED,CHI_2020_21_G059,2021-04-22,Tomas Satoransky,1246,600,-646,0,0,SAME_DATE_DONOR
PORTER_CAPPED,CHI_2020_21_G059,2021-04-22,Protagonist,0,1800,1800,0,1,CONDITIONAL_AVAILABILITY
PORTER_CAPPED,CHI_2020_21_G059,2021-04-22,LaMelo Ball,0,1680,1680,0,1,CONDITIONAL_AVAILABILITY
PORTER_CAPPED,CHI_2020_21_G059,2021-04-22,Wendell Carter Jr.,0,1560,1560,0,1,CONDITIONAL_AVAILABILITY
PORTER_CAPPED,CHI_2020_21_G059,2021-04-22,Otto Porter Jr.,0,720,720,0,0,CONDITIONAL_AVAILABILITY
PORTER_CAPPED,CHI_2020_21_G060,2021-04-24,Adam Mokoka,0,0,0,0,0,OBSERVED_BASELINE_RETAINED
PORTER_CAPPED,CHI_2020_21_G060,2021-04-24,Al-Farouq Aminu,0,0,0,0,0,NOT_ON_ALTERNATE_ROSTER
PORTER_CAPPED,CHI_2020_21_G060,2021-04-24,Coby White,2258,1706,-552,1,0,SAME_DATE_DONOR
PORTER_CAPPED,CHI_2020_21_G060,2021-04-24,Cristiano Felicio,0,0,0,0,0,OBSERVED_BASELINE_RETAINED
PORTER_CAPPED,CHI_2020_21_G060,2021-04-24,Daniel Theis,1551,1440,-111,1,1,OBSERVED_BASELINE_RETAINED
PORTER_CAPPED,CHI_2020_21_G060,2021-04-24,Denzel Valentine,1086,360,-726,0,0,SAME_DATE_DONOR
PORTER_CAPPED,CHI_2020_21_G060,2021-04-24,Devon Dotson,0,0,0,0,0,OBSERVED_BASELINE_RETAINED
PORTER_CAPPED,CHI_2020_21_G060,2021-04-24,Garrett Temple,1978,1978,0,1,1,OBSERVED_BASELINE_RETAINED
PORTER_CAPPED,CHI_2020_21_G060,2021-04-24,Javonte Green,0,0,0,0,0,OBSERVED_BASELINE_RETAINED
PORTER_CAPPED,CHI_2020_21_G060,2021-04-24,Lauri Markkanen,1251,1251,0,0,0,OBSERVED_BASELINE_RETAINED
PORTER_CAPPED,CHI_2020_21_G060,2021-04-24,Nikola Vucevic,2336,0,-2336,1,0,NOT_ON_ALTERNATE_ROSTER
PORTER_CAPPED,CHI_2020_21_G060,2021-04-24,Patrick Williams,1291,0,-1291,1,0,NOT_ON_ALTERNATE_ROSTER
PORTER_CAPPED,CHI_2020_21_G060,2021-04-24,Ryan Arcidiacono,548,0,-548,0,0,SAME_DATE_DONOR
PORTER_CAPPED,CHI_2020_21_G060,2021-04-24,Thaddeus Young,1305,1305,0,0,0,OBSERVED_BASELINE_RETAINED
PORTER_CAPPED,CHI_2020_21_G060,2021-04-24,Tomas Satoransky,796,600,-196,0,0,SAME_DATE_DONOR
PORTER_CAPPED,CHI_2020_21_G060,2021-04-24,Protagonist,0,1800,1800,0,1,CONDITIONAL_AVAILABILITY
PORTER_CAPPED,CHI_2020_21_G060,2021-04-24,LaMelo Ball,0,1680,1680,0,1,CONDITIONAL_AVAILABILITY
PORTER_CAPPED,CHI_2020_21_G060,2021-04-24,Wendell Carter Jr.,0,1560,1560,0,1,CONDITIONAL_AVAILABILITY
PORTER_CAPPED,CHI_2020_21_G060,2021-04-24,Otto Porter Jr.,0,720,720,0,0,CONDITIONAL_AVAILABILITY
PORTER_CAPPED,CHI_2020_21_G061,2021-04-26,Adam Mokoka,0,0,0,0,0,OBSERVED_BASELINE_RETAINED
PORTER_CAPPED,CHI_2020_21_G061,2021-04-26,Al-Farouq Aminu,0,0,0,0,0,NOT_ON_ALTERNATE_ROSTER
PORTER_CAPPED,CHI_2020_21_G061,2021-04-26,Coby White,2142,1430,-712,1,0,SAME_DATE_DONOR
PORTER_CAPPED,CHI_2020_21_G061,2021-04-26,Cristiano Felicio,0,0,0,0,0,OBSERVED_BASELINE_RETAINED
PORTER_CAPPED,CHI_2020_21_G061,2021-04-26,Daniel Theis,1949,1440,-509,1,1,OBSERVED_BASELINE_RETAINED
PORTER_CAPPED,CHI_2020_21_G061,2021-04-26,Denzel Valentine,595,360,-235,0,0,SAME_DATE_DONOR
PORTER_CAPPED,CHI_2020_21_G061,2021-04-26,Devon Dotson,0,0,0,0,0,OBSERVED_BASELINE_RETAINED
PORTER_CAPPED,CHI_2020_21_G061,2021-04-26,Garrett Temple,1845,1845,0,1,1,OBSERVED_BASELINE_RETAINED
PORTER_CAPPED,CHI_2020_21_G061,2021-04-26,Javonte Green,0,0,0,0,0,OBSERVED_BASELINE_RETAINED
PORTER_CAPPED,CHI_2020_21_G061,2021-04-26,Lauri Markkanen,1389,1389,0,0,0,OBSERVED_BASELINE_RETAINED
PORTER_CAPPED,CHI_2020_21_G061,2021-04-26,Nikola Vucevic,2114,0,-2114,1,0,NOT_ON_ALTERNATE_ROSTER
PORTER_CAPPED,CHI_2020_21_G061,2021-04-26,Patrick Williams,1342,0,-1342,1,0,NOT_ON_ALTERNATE_ROSTER
PORTER_CAPPED,CHI_2020_21_G061,2021-04-26,Ryan Arcidiacono,361,0,-361,0,0,SAME_DATE_DONOR
PORTER_CAPPED,CHI_2020_21_G061,2021-04-26,Thaddeus Young,1577,1577,0,0,0,OBSERVED_BASELINE_RETAINED
PORTER_CAPPED,CHI_2020_21_G061,2021-04-26,Tomas Satoransky,1087,600,-487,0,0,SAME_DATE_DONOR
PORTER_CAPPED,CHI_2020_21_G061,2021-04-26,Protagonist,0,1800,1800,0,1,CONDITIONAL_AVAILABILITY
PORTER_CAPPED,CHI_2020_21_G061,2021-04-26,LaMelo Ball,0,1680,1680,0,1,CONDITIONAL_AVAILABILITY
PORTER_CAPPED,CHI_2020_21_G061,2021-04-26,Wendell Carter Jr.,0,1560,1560,0,1,CONDITIONAL_AVAILABILITY
PORTER_CAPPED,CHI_2020_21_G061,2021-04-26,Otto Porter Jr.,0,720,720,0,0,CONDITIONAL_AVAILABILITY
PORTER_CAPPED,CHI_2020_21_G062,2021-04-28,Adam Mokoka,93,93,0,0,0,OBSERVED_BASELINE_RETAINED
PORTER_CAPPED,CHI_2020_21_G062,2021-04-28,Al-Farouq Aminu,0,0,0,0,0,NOT_ON_ALTERNATE_ROSTER
PORTER_CAPPED,CHI_2020_21_G062,2021-04-28,Coby White,2105,1200,-905,1,0,SAME_DATE_DONOR
PORTER_CAPPED,CHI_2020_21_G062,2021-04-28,Cristiano Felicio,93,93,0,0,0,OBSERVED_BASELINE_RETAINED
PORTER_CAPPED,CHI_2020_21_G062,2021-04-28,Daniel Theis,1255,1255,0,1,1,OBSERVED_BASELINE_RETAINED
PORTER_CAPPED,CHI_2020_21_G062,2021-04-28,Denzel Valentine,93,93,0,0,0,OBSERVED_BASELINE_RETAINED
PORTER_CAPPED,CHI_2020_21_G062,2021-04-28,Devon Dotson,0,0,0,0,0,OBSERVED_BASELINE_RETAINED
PORTER_CAPPED,CHI_2020_21_G062,2021-04-28,Garrett Temple,2090,1965,-125,1,1,SAME_DATE_DONOR
PORTER_CAPPED,CHI_2020_21_G062,2021-04-28,Javonte Green,93,93,0,0,0,OBSERVED_BASELINE_RETAINED
PORTER_CAPPED,CHI_2020_21_G062,2021-04-28,Lauri Markkanen,1528,1528,0,0,0,OBSERVED_BASELINE_RETAINED
PORTER_CAPPED,CHI_2020_21_G062,2021-04-28,Nikola Vucevic,2226,0,-2226,1,0,NOT_ON_ALTERNATE_ROSTER
PORTER_CAPPED,CHI_2020_21_G062,2021-04-28,Patrick Williams,1371,0,-1371,1,0,NOT_ON_ALTERNATE_ROSTER
PORTER_CAPPED,CHI_2020_21_G062,2021-04-28,Ryan Arcidiacono,354,0,-354,0,0,SAME_DATE_DONOR
PORTER_CAPPED,CHI_2020_21_G062,2021-04-28,Thaddeus Young,1720,1720,0,0,0,OBSERVED_BASELINE_RETAINED
PORTER_CAPPED,CHI_2020_21_G062,2021-04-28,Tomas Satoransky,1379,600,-779,0,0,SAME_DATE_DONOR
PORTER_CAPPED,CHI_2020_21_G062,2021-04-28,Protagonist,0,1800,1800,0,1,CONDITIONAL_AVAILABILITY
PORTER_CAPPED,CHI_2020_21_G062,2021-04-28,LaMelo Ball,0,1680,1680,0,1,CONDITIONAL_AVAILABILITY
PORTER_CAPPED,CHI_2020_21_G062,2021-04-28,Wendell Carter Jr.,0,1560,1560,0,1,CONDITIONAL_AVAILABILITY
PORTER_CAPPED,CHI_2020_21_G062,2021-04-28,Otto Porter Jr.,0,720,720,0,0,CONDITIONAL_AVAILABILITY
PORTER_CAPPED,CHI_2020_21_G063,2021-04-30,Adam Mokoka,57,57,0,0,0,OBSERVED_BASELINE_RETAINED
PORTER_CAPPED,CHI_2020_21_G063,2021-04-30,Al-Farouq Aminu,900,0,-900,0,0,NOT_ON_ALTERNATE_ROSTER
PORTER_CAPPED,CHI_2020_21_G063,2021-04-30,Coby White,2078,2078,0,1,0,OBSERVED_BASELINE_RETAINED
PORTER_CAPPED,CHI_2020_21_G063,2021-04-30,Daniel Theis,1513,1440,-73,1,1,OBSERVED_BASELINE_RETAINED
PORTER_CAPPED,CHI_2020_21_G063,2021-04-30,Denzel Valentine,1013,1013,0,0,0,OBSERVED_BASELINE_RETAINED
PORTER_CAPPED,CHI_2020_21_G063,2021-04-30,Devon Dotson,57,57,0,0,0,OBSERVED_BASELINE_RETAINED
PORTER_CAPPED,CHI_2020_21_G063,2021-04-30,Garrett Temple,1948,1948,0,1,1,OBSERVED_BASELINE_RETAINED
PORTER_CAPPED,CHI_2020_21_G063,2021-04-30,Javonte Green,57,57,0,0,0,OBSERVED_BASELINE_RETAINED
PORTER_CAPPED,CHI_2020_21_G063,2021-04-30,Nikola Vucevic,2170,0,-2170,1,0,NOT_ON_ALTERNATE_ROSTER
PORTER_CAPPED,CHI_2020_21_G063,2021-04-30,Patrick Williams,2106,0,-2106,1,0,NOT_ON_ALTERNATE_ROSTER
PORTER_CAPPED,CHI_2020_21_G063,2021-04-30,Ryan Arcidiacono,57,57,0,0,0,OBSERVED_BASELINE_RETAINED
PORTER_CAPPED,CHI_2020_21_G063,2021-04-30,Thaddeus Young,1120,1120,0,0,0,OBSERVED_BASELINE_RETAINED
PORTER_CAPPED,CHI_2020_21_G063,2021-04-30,Tomas Satoransky,1324,813,-511,0,0,SAME_DATE_DONOR
PORTER_CAPPED,CHI_2020_21_G063,2021-04-30,Protagonist,0,1800,1800,0,1,CONDITIONAL_AVAILABILITY
PORTER_CAPPED,CHI_2020_21_G063,2021-04-30,LaMelo Ball,0,1680,1680,0,1,CONDITIONAL_AVAILABILITY
PORTER_CAPPED,CHI_2020_21_G063,2021-04-30,Wendell Carter Jr.,0,1560,1560,0,1,CONDITIONAL_AVAILABILITY
PORTER_CAPPED,CHI_2020_21_G063,2021-04-30,Otto Porter Jr.,0,720,720,0,0,CONDITIONAL_AVAILABILITY
PORTER_CAPPED,CHI_2020_21_G064,2021-05-01,Al-Farouq Aminu,731,0,-731,0,0,NOT_ON_ALTERNATE_ROSTER
PORTER_CAPPED,CHI_2020_21_G064,2021-05-01,Coby White,2018,1225,-793,1,0,SAME_DATE_DONOR
PORTER_CAPPED,CHI_2020_21_G064,2021-05-01,Daniel Theis,1732,1440,-292,1,0,OBSERVED_BASELINE_RETAINED
PORTER_CAPPED,CHI_2020_21_G064,2021-05-01,Denzel Valentine,990,360,-630,0,0,SAME_DATE_DONOR
PORTER_CAPPED,CHI_2020_21_G064,2021-05-01,Garrett Temple,1671,1671,0,1,1,OBSERVED_BASELINE_RETAINED
PORTER_CAPPED,CHI_2020_21_G064,2021-05-01,Javonte Green,0,0,0,0,0,OBSERVED_BASELINE_RETAINED
PORTER_CAPPED,CHI_2020_21_G064,2021-05-01,Lauri Markkanen,1367,1367,0,0,0,OBSERVED_BASELINE_RETAINED
PORTER_CAPPED,CHI_2020_21_G064,2021-05-01,Nikola Vucevic,0,0,0,0,0,NOT_ON_ALTERNATE_ROSTER
PORTER_CAPPED,CHI_2020_21_G064,2021-05-01,Patrick Williams,1983,0,-1983,1,0,NOT_ON_ALTERNATE_ROSTER
PORTER_CAPPED,CHI_2020_21_G064,2021-05-01,Ryan Arcidiacono,934,0,-934,0,0,SAME_DATE_DONOR
PORTER_CAPPED,CHI_2020_21_G064,2021-05-01,Thaddeus Young,1977,1977,0,1,1,OBSERVED_BASELINE_RETAINED
PORTER_CAPPED,CHI_2020_21_G064,2021-05-01,Tomas Satoransky,997,600,-397,0,0,SAME_DATE_DONOR
PORTER_CAPPED,CHI_2020_21_G064,2021-05-01,Protagonist,0,1800,1800,0,1,CONDITIONAL_AVAILABILITY
PORTER_CAPPED,CHI_2020_21_G064,2021-05-01,LaMelo Ball,0,1680,1680,0,1,CONDITIONAL_AVAILABILITY
PORTER_CAPPED,CHI_2020_21_G064,2021-05-01,Wendell Carter Jr.,0,1560,1560,0,1,CONDITIONAL_AVAILABILITY
PORTER_CAPPED,CHI_2020_21_G064,2021-05-01,Otto Porter Jr.,0,720,720,0,0,CONDITIONAL_AVAILABILITY
PORTER_CAPPED,CHI_2020_21_G065,2021-05-03,Adam Mokoka,0,0,0,0,0,OBSERVED_BASELINE_RETAINED
PORTER_CAPPED,CHI_2020_21_G065,2021-05-03,Al-Farouq Aminu,978,0,-978,0,0,NOT_ON_ALTERNATE_ROSTER
PORTER_CAPPED,CHI_2020_21_G065,2021-05-03,Coby White,1728,1246,-482,1,0,SAME_DATE_DONOR
PORTER_CAPPED,CHI_2020_21_G065,2021-05-03,Cristiano Felicio,0,0,0,0,0,OBSERVED_BASELINE_RETAINED
PORTER_CAPPED,CHI_2020_21_G065,2021-05-03,Daniel Theis,2411,1440,-971,1,0,OBSERVED_BASELINE_RETAINED
PORTER_CAPPED,CHI_2020_21_G065,2021-05-03,Denzel Valentine,993,360,-633,0,0,SAME_DATE_DONOR
PORTER_CAPPED,CHI_2020_21_G065,2021-05-03,Devon Dotson,0,0,0,0,0,OBSERVED_BASELINE_RETAINED
PORTER_CAPPED,CHI_2020_21_G065,2021-05-03,Garrett Temple,1650,1650,0,1,1,OBSERVED_BASELINE_RETAINED
PORTER_CAPPED,CHI_2020_21_G065,2021-05-03,Javonte Green,673,673,0,0,0,OBSERVED_BASELINE_RETAINED
PORTER_CAPPED,CHI_2020_21_G065,2021-05-03,Lauri Markkanen,1008,1008,0,0,0,OBSERVED_BASELINE_RETAINED
PORTER_CAPPED,CHI_2020_21_G065,2021-05-03,Patrick Williams,1660,0,-1660,1,0,NOT_ON_ALTERNATE_ROSTER
PORTER_CAPPED,CHI_2020_21_G065,2021-05-03,Ryan Arcidiacono,277,0,-277,0,0,SAME_DATE_DONOR
PORTER_CAPPED,CHI_2020_21_G065,2021-05-03,Thaddeus Young,1663,1663,0,1,1,OBSERVED_BASELINE_RETAINED
PORTER_CAPPED,CHI_2020_21_G065,2021-05-03,Tomas Satoransky,1359,600,-759,0,0,SAME_DATE_DONOR
PORTER_CAPPED,CHI_2020_21_G065,2021-05-03,Protagonist,0,1800,1800,0,1,CONDITIONAL_AVAILABILITY
PORTER_CAPPED,CHI_2020_21_G065,2021-05-03,LaMelo Ball,0,1680,1680,0,1,CONDITIONAL_AVAILABILITY
PORTER_CAPPED,CHI_2020_21_G065,2021-05-03,Wendell Carter Jr.,0,1560,1560,0,1,CONDITIONAL_AVAILABILITY
PORTER_CAPPED,CHI_2020_21_G065,2021-05-03,Otto Porter Jr.,0,720,720,0,0,CONDITIONAL_AVAILABILITY
PORTER_CAPPED,CHI_2020_21_G066,2021-05-06,Al-Farouq Aminu,0,0,0,0,0,NOT_ON_ALTERNATE_ROSTER
PORTER_CAPPED,CHI_2020_21_G066,2021-05-06,Coby White,1807,1200,-607,1,0,SAME_DATE_DONOR
PORTER_CAPPED,CHI_2020_21_G066,2021-05-06,Cristiano Felicio,117,117,0,0,0,OBSERVED_BASELINE_RETAINED
PORTER_CAPPED,CHI_2020_21_G066,2021-05-06,Daniel Theis,1567,1440,-127,1,1,OBSERVED_BASELINE_RETAINED
PORTER_CAPPED,CHI_2020_21_G066,2021-05-06,Denzel Valentine,117,117,0,0,0,OBSERVED_BASELINE_RETAINED
PORTER_CAPPED,CHI_2020_21_G066,2021-05-06,Devon Dotson,117,117,0,0,0,OBSERVED_BASELINE_RETAINED
PORTER_CAPPED,CHI_2020_21_G066,2021-05-06,Garrett Temple,1418,960,-458,0,0,SAME_DATE_DONOR
PORTER_CAPPED,CHI_2020_21_G066,2021-05-06,Javonte Green,446,446,0,0,0,OBSERVED_BASELINE_RETAINED
PORTER_CAPPED,CHI_2020_21_G066,2021-05-06,Lauri Markkanen,1250,1250,0,0,0,OBSERVED_BASELINE_RETAINED
PORTER_CAPPED,CHI_2020_21_G066,2021-05-06,Nikola Vucevic,1839,0,-1839,1,0,NOT_ON_ALTERNATE_ROSTER
PORTER_CAPPED,CHI_2020_21_G066,2021-05-06,Patrick Williams,1565,0,-1565,1,0,NOT_ON_ALTERNATE_ROSTER
PORTER_CAPPED,CHI_2020_21_G066,2021-05-06,Ryan Arcidiacono,117,0,-117,0,0,SAME_DATE_DONOR
PORTER_CAPPED,CHI_2020_21_G066,2021-05-06,Thaddeus Young,1196,1196,0,0,0,OBSERVED_BASELINE_RETAINED
PORTER_CAPPED,CHI_2020_21_G066,2021-05-06,Tomas Satoransky,1197,600,-597,0,0,SAME_DATE_DONOR
PORTER_CAPPED,CHI_2020_21_G066,2021-05-06,Zach LaVine,1647,1647,0,1,1,OBSERVED_BASELINE_RETAINED
PORTER_CAPPED,CHI_2020_21_G066,2021-05-06,Protagonist,0,1800,1800,0,1,CONDITIONAL_AVAILABILITY
PORTER_CAPPED,CHI_2020_21_G066,2021-05-06,LaMelo Ball,0,1680,1680,0,1,CONDITIONAL_AVAILABILITY
PORTER_CAPPED,CHI_2020_21_G066,2021-05-06,Wendell Carter Jr.,0,1560,1560,0,1,CONDITIONAL_AVAILABILITY
PORTER_CAPPED,CHI_2020_21_G066,2021-05-06,Otto Porter Jr.,0,270,270,0,0,CONDITIONAL_PORTER_ROLE_CAP
PORTER_CAPPED,CHI_2020_21_G067,2021-05-07,Al-Farouq Aminu,0,0,0,0,0,NOT_ON_ALTERNATE_ROSTER
PORTER_CAPPED,CHI_2020_21_G067,2021-05-07,Coby White,1989,1200,-789,1,0,SAME_DATE_DONOR
PORTER_CAPPED,CHI_2020_21_G067,2021-05-07,Cristiano Felicio,102,102,0,0,0,OBSERVED_BASELINE_RETAINED
PORTER_CAPPED,CHI_2020_21_G067,2021-05-07,Daniel Theis,1711,1440,-271,1,1,OBSERVED_BASELINE_RETAINED
PORTER_CAPPED,CHI_2020_21_G067,2021-05-07,Denzel Valentine,102,102,0,0,0,OBSERVED_BASELINE_RETAINED
PORTER_CAPPED,CHI_2020_21_G067,2021-05-07,Devon Dotson,102,102,0,0,0,OBSERVED_BASELINE_RETAINED
PORTER_CAPPED,CHI_2020_21_G067,2021-05-07,Garrett Temple,1726,960,-766,0,0,SAME_DATE_DONOR
PORTER_CAPPED,CHI_2020_21_G067,2021-05-07,Javonte Green,367,367,0,0,0,OBSERVED_BASELINE_RETAINED
PORTER_CAPPED,CHI_2020_21_G067,2021-05-07,Lauri Markkanen,853,853,0,0,0,OBSERVED_BASELINE_RETAINED
PORTER_CAPPED,CHI_2020_21_G067,2021-05-07,Nikola Vucevic,1925,0,-1925,1,0,NOT_ON_ALTERNATE_ROSTER
PORTER_CAPPED,CHI_2020_21_G067,2021-05-07,Patrick Williams,1605,0,-1605,1,0,NOT_ON_ALTERNATE_ROSTER
PORTER_CAPPED,CHI_2020_21_G067,2021-05-07,Ryan Arcidiacono,102,0,-102,0,0,SAME_DATE_DONOR
PORTER_CAPPED,CHI_2020_21_G067,2021-05-07,Thaddeus Young,1067,1067,0,0,0,OBSERVED_BASELINE_RETAINED
PORTER_CAPPED,CHI_2020_21_G067,2021-05-07,Tomas Satoransky,789,600,-189,0,0,SAME_DATE_DONOR
PORTER_CAPPED,CHI_2020_21_G067,2021-05-07,Zach LaVine,1960,1960,0,1,1,OBSERVED_BASELINE_RETAINED
PORTER_CAPPED,CHI_2020_21_G067,2021-05-07,Protagonist,0,1800,1800,0,1,CONDITIONAL_AVAILABILITY
PORTER_CAPPED,CHI_2020_21_G067,2021-05-07,LaMelo Ball,0,1680,1680,0,1,CONDITIONAL_AVAILABILITY
PORTER_CAPPED,CHI_2020_21_G067,2021-05-07,Wendell Carter Jr.,0,1560,1560,0,1,CONDITIONAL_AVAILABILITY
PORTER_CAPPED,CHI_2020_21_G067,2021-05-07,Otto Porter Jr.,0,607,607,0,0,CONDITIONAL_PORTER_ROLE_CAP
PORTER_CAPPED,CHI_2020_21_G068,2021-05-09,Adam Mokoka,0,0,0,0,0,OBSERVED_BASELINE_RETAINED
PORTER_CAPPED,CHI_2020_21_G068,2021-05-09,Al-Farouq Aminu,0,0,0,0,0,NOT_ON_ALTERNATE_ROSTER
PORTER_CAPPED,CHI_2020_21_G068,2021-05-09,Coby White,1842,1200,-642,1,0,SAME_DATE_DONOR
PORTER_CAPPED,CHI_2020_21_G068,2021-05-09,Cristiano Felicio,0,0,0,0,0,OBSERVED_BASELINE_RETAINED
PORTER_CAPPED,CHI_2020_21_G068,2021-05-09,Denzel Valentine,0,0,0,0,0,OBSERVED_BASELINE_RETAINED
PORTER_CAPPED,CHI_2020_21_G068,2021-05-09,Devon Dotson,0,0,0,0,0,OBSERVED_BASELINE_RETAINED
PORTER_CAPPED,CHI_2020_21_G068,2021-05-09,Garrett Temple,1846,960,-886,0,0,SAME_DATE_DONOR
PORTER_CAPPED,CHI_2020_21_G068,2021-05-09,Javonte Green,759,759,0,0,0,OBSERVED_BASELINE_RETAINED
PORTER_CAPPED,CHI_2020_21_G068,2021-05-09,Lauri Markkanen,1373,1373,0,0,0,OBSERVED_BASELINE_RETAINED
PORTER_CAPPED,CHI_2020_21_G068,2021-05-09,Nikola Vucevic,2170,0,-2170,1,0,NOT_ON_ALTERNATE_ROSTER
PORTER_CAPPED,CHI_2020_21_G068,2021-05-09,Patrick Williams,1380,0,-1380,1,0,NOT_ON_ALTERNATE_ROSTER
PORTER_CAPPED,CHI_2020_21_G068,2021-05-09,Ryan Arcidiacono,0,0,0,0,0,OBSERVED_BASELINE_RETAINED
PORTER_CAPPED,CHI_2020_21_G068,2021-05-09,Thaddeus Young,1611,1611,0,1,1,OBSERVED_BASELINE_RETAINED
PORTER_CAPPED,CHI_2020_21_G068,2021-05-09,Tomas Satoransky,1282,600,-682,0,0,SAME_DATE_DONOR
PORTER_CAPPED,CHI_2020_21_G068,2021-05-09,Zach LaVine,2137,2137,0,1,1,OBSERVED_BASELINE_RETAINED
PORTER_CAPPED,CHI_2020_21_G068,2021-05-09,Protagonist,0,1800,1800,0,1,CONDITIONAL_AVAILABILITY
PORTER_CAPPED,CHI_2020_21_G068,2021-05-09,LaMelo Ball,0,1680,1680,0,1,CONDITIONAL_AVAILABILITY
PORTER_CAPPED,CHI_2020_21_G068,2021-05-09,Wendell Carter Jr.,0,1560,1560,0,1,CONDITIONAL_AVAILABILITY
PORTER_CAPPED,CHI_2020_21_G068,2021-05-09,Otto Porter Jr.,0,720,720,0,0,CONDITIONAL_AVAILABILITY
PORTER_CAPPED,CHI_2020_21_G069,2021-05-11,Al-Farouq Aminu,0,0,0,0,0,NOT_ON_ALTERNATE_ROSTER
PORTER_CAPPED,CHI_2020_21_G069,2021-05-11,Coby White,2230,1200,-1030,1,0,SAME_DATE_DONOR
PORTER_CAPPED,CHI_2020_21_G069,2021-05-11,Cristiano Felicio,0,0,0,0,0,OBSERVED_BASELINE_RETAINED
PORTER_CAPPED,CHI_2020_21_G069,2021-05-11,Daniel Theis,1279,1279,0,1,1,OBSERVED_BASELINE_RETAINED
PORTER_CAPPED,CHI_2020_21_G069,2021-05-11,Denzel Valentine,0,0,0,0,0,OBSERVED_BASELINE_RETAINED
PORTER_CAPPED,CHI_2020_21_G069,2021-05-11,Devon Dotson,0,0,0,0,0,OBSERVED_BASELINE_RETAINED
PORTER_CAPPED,CHI_2020_21_G069,2021-05-11,Garrett Temple,1740,960,-780,0,0,SAME_DATE_DONOR
PORTER_CAPPED,CHI_2020_21_G069,2021-05-11,Javonte Green,158,158,0,0,0,OBSERVED_BASELINE_RETAINED
PORTER_CAPPED,CHI_2020_21_G069,2021-05-11,Lauri Markkanen,1140,1140,0,0,0,OBSERVED_BASELINE_RETAINED
PORTER_CAPPED,CHI_2020_21_G069,2021-05-11,Nikola Vucevic,2174,0,-2174,1,0,NOT_ON_ALTERNATE_ROSTER
PORTER_CAPPED,CHI_2020_21_G069,2021-05-11,Patrick Williams,1369,0,-1369,1,0,NOT_ON_ALTERNATE_ROSTER
PORTER_CAPPED,CHI_2020_21_G069,2021-05-11,Ryan Arcidiacono,0,0,0,0,0,OBSERVED_BASELINE_RETAINED
PORTER_CAPPED,CHI_2020_21_G069,2021-05-11,Thaddeus Young,1468,1468,0,0,0,OBSERVED_BASELINE_RETAINED
PORTER_CAPPED,CHI_2020_21_G069,2021-05-11,Tomas Satoransky,650,600,-50,0,0,SAME_DATE_DONOR
PORTER_CAPPED,CHI_2020_21_G069,2021-05-11,Zach LaVine,2192,2192,0,1,1,OBSERVED_BASELINE_RETAINED
PORTER_CAPPED,CHI_2020_21_G069,2021-05-11,Protagonist,0,1800,1800,0,1,CONDITIONAL_AVAILABILITY
PORTER_CAPPED,CHI_2020_21_G069,2021-05-11,LaMelo Ball,0,1680,1680,0,1,CONDITIONAL_AVAILABILITY
PORTER_CAPPED,CHI_2020_21_G069,2021-05-11,Wendell Carter Jr.,0,1560,1560,0,1,CONDITIONAL_AVAILABILITY
PORTER_CAPPED,CHI_2020_21_G069,2021-05-11,Otto Porter Jr.,0,363,363,0,0,CONDITIONAL_PORTER_ROLE_CAP
PORTER_CAPPED,CHI_2020_21_G070,2021-05-13,Adam Mokoka,0,0,0,0,0,OBSERVED_BASELINE_RETAINED
PORTER_CAPPED,CHI_2020_21_G070,2021-05-13,Al-Farouq Aminu,0,0,0,0,0,NOT_ON_ALTERNATE_ROSTER
PORTER_CAPPED,CHI_2020_21_G070,2021-05-13,Coby White,2507,1200,-1307,1,0,SAME_DATE_DONOR
PORTER_CAPPED,CHI_2020_21_G070,2021-05-13,Cristiano Felicio,0,0,0,0,0,OBSERVED_BASELINE_RETAINED
PORTER_CAPPED,CHI_2020_21_G070,2021-05-13,Denzel Valentine,0,0,0,0,0,OBSERVED_BASELINE_RETAINED
PORTER_CAPPED,CHI_2020_21_G070,2021-05-13,Devon Dotson,0,0,0,0,0,OBSERVED_BASELINE_RETAINED
PORTER_CAPPED,CHI_2020_21_G070,2021-05-13,Garrett Temple,1640,960,-680,0,0,SAME_DATE_DONOR
PORTER_CAPPED,CHI_2020_21_G070,2021-05-13,Javonte Green,752,752,0,0,0,OBSERVED_BASELINE_RETAINED
PORTER_CAPPED,CHI_2020_21_G070,2021-05-13,Lauri Markkanen,1519,1519,0,0,0,OBSERVED_BASELINE_RETAINED
PORTER_CAPPED,CHI_2020_21_G070,2021-05-13,Nikola Vucevic,1945,0,-1945,1,0,NOT_ON_ALTERNATE_ROSTER
PORTER_CAPPED,CHI_2020_21_G070,2021-05-13,Patrick Williams,1099,0,-1099,1,0,NOT_ON_ALTERNATE_ROSTER
PORTER_CAPPED,CHI_2020_21_G070,2021-05-13,Ryan Arcidiacono,0,0,0,0,0,OBSERVED_BASELINE_RETAINED
PORTER_CAPPED,CHI_2020_21_G070,2021-05-13,Thaddeus Young,1685,1685,0,1,1,OBSERVED_BASELINE_RETAINED
PORTER_CAPPED,CHI_2020_21_G070,2021-05-13,Tomas Satoransky,1180,600,-580,0,0,SAME_DATE_DONOR
PORTER_CAPPED,CHI_2020_21_G070,2021-05-13,Zach LaVine,2073,2073,0,1,1,OBSERVED_BASELINE_RETAINED
PORTER_CAPPED,CHI_2020_21_G070,2021-05-13,Protagonist,0,1800,1800,0,1,CONDITIONAL_AVAILABILITY
PORTER_CAPPED,CHI_2020_21_G070,2021-05-13,LaMelo Ball,0,1680,1680,0,1,CONDITIONAL_AVAILABILITY
PORTER_CAPPED,CHI_2020_21_G070,2021-05-13,Wendell Carter Jr.,0,1560,1560,0,1,CONDITIONAL_AVAILABILITY
PORTER_CAPPED,CHI_2020_21_G070,2021-05-13,Otto Porter Jr.,0,571,571,0,0,CONDITIONAL_PORTER_ROLE_CAP
PORTER_CAPPED,CHI_2020_21_G071,2021-05-15,Adam Mokoka,149,149,0,0,0,OBSERVED_BASELINE_RETAINED
PORTER_CAPPED,CHI_2020_21_G071,2021-05-15,Al-Farouq Aminu,0,0,0,0,0,NOT_ON_ALTERNATE_ROSTER
PORTER_CAPPED,CHI_2020_21_G071,2021-05-15,Coby White,2064,1508,-556,1,0,SAME_DATE_DONOR
PORTER_CAPPED,CHI_2020_21_G071,2021-05-15,Cristiano Felicio,170,170,0,0,0,OBSERVED_BASELINE_RETAINED
PORTER_CAPPED,CHI_2020_21_G071,2021-05-15,Denzel Valentine,961,360,-601,0,0,SAME_DATE_DONOR
PORTER_CAPPED,CHI_2020_21_G071,2021-05-15,Devon Dotson,149,149,0,0,0,OBSERVED_BASELINE_RETAINED
PORTER_CAPPED,CHI_2020_21_G071,2021-05-15,Garrett Temple,1644,1644,0,1,1,OBSERVED_BASELINE_RETAINED
PORTER_CAPPED,CHI_2020_21_G071,2021-05-15,Javonte Green,1035,1035,0,0,0,OBSERVED_BASELINE_RETAINED
PORTER_CAPPED,CHI_2020_21_G071,2021-05-15,Lauri Markkanen,1823,1823,0,0,0,OBSERVED_BASELINE_RETAINED
PORTER_CAPPED,CHI_2020_21_G071,2021-05-15,Nikola Vucevic,1815,0,-1815,1,0,NOT_ON_ALTERNATE_ROSTER
PORTER_CAPPED,CHI_2020_21_G071,2021-05-15,Patrick Williams,1972,0,-1972,1,0,NOT_ON_ALTERNATE_ROSTER
PORTER_CAPPED,CHI_2020_21_G071,2021-05-15,Ryan Arcidiacono,816,0,-816,0,0,SAME_DATE_DONOR
PORTER_CAPPED,CHI_2020_21_G071,2021-05-15,Thaddeus Young,1803,1803,0,1,1,OBSERVED_BASELINE_RETAINED
PORTER_CAPPED,CHI_2020_21_G071,2021-05-15,Protagonist,0,1800,1800,0,1,CONDITIONAL_AVAILABILITY
PORTER_CAPPED,CHI_2020_21_G071,2021-05-15,LaMelo Ball,0,1680,1680,0,1,CONDITIONAL_AVAILABILITY
PORTER_CAPPED,CHI_2020_21_G071,2021-05-15,Wendell Carter Jr.,0,1560,1560,0,1,CONDITIONAL_AVAILABILITY
PORTER_CAPPED,CHI_2020_21_G071,2021-05-15,Otto Porter Jr.,0,720,720,0,0,CONDITIONAL_AVAILABILITY
PORTER_CAPPED,CHI_2020_21_G072,2021-05-16,Adam Mokoka,0,0,0,0,0,OBSERVED_BASELINE_RETAINED
PORTER_CAPPED,CHI_2020_21_G072,2021-05-16,Al-Farouq Aminu,0,0,0,0,0,NOT_ON_ALTERNATE_ROSTER
PORTER_CAPPED,CHI_2020_21_G072,2021-05-16,Coby White,1876,1200,-676,1,0,SAME_DATE_DONOR
PORTER_CAPPED,CHI_2020_21_G072,2021-05-16,Cristiano Felicio,1077,1077,0,0,0,OBSERVED_BASELINE_RETAINED
PORTER_CAPPED,CHI_2020_21_G072,2021-05-16,Denzel Valentine,1249,360,-889,0,0,SAME_DATE_DONOR
PORTER_CAPPED,CHI_2020_21_G072,2021-05-16,Devon Dotson,1285,1285,0,0,0,OBSERVED_BASELINE_RETAINED
PORTER_CAPPED,CHI_2020_21_G072,2021-05-16,Garrett Temple,1718,960,-758,1,1,SAME_DATE_DONOR
PORTER_CAPPED,CHI_2020_21_G072,2021-05-16,Javonte Green,1394,1394,0,0,0,OBSERVED_BASELINE_RETAINED
PORTER_CAPPED,CHI_2020_21_G072,2021-05-16,Lauri Markkanen,1486,1486,0,1,1,OBSERVED_BASELINE_RETAINED
PORTER_CAPPED,CHI_2020_21_G072,2021-05-16,Patrick Williams,1778,0,-1778,1,0,NOT_ON_ALTERNATE_ROSTER
PORTER_CAPPED,CHI_2020_21_G072,2021-05-16,Ryan Arcidiacono,1004,0,-1004,0,0,SAME_DATE_DONOR
PORTER_CAPPED,CHI_2020_21_G072,2021-05-16,Thaddeus Young,1533,1533,0,1,0,OBSERVED_BASELINE_RETAINED
PORTER_CAPPED,CHI_2020_21_G072,2021-05-16,Protagonist,0,1800,1800,0,1,CONDITIONAL_AVAILABILITY
PORTER_CAPPED,CHI_2020_21_G072,2021-05-16,LaMelo Ball,0,1680,1680,0,1,CONDITIONAL_AVAILABILITY
PORTER_CAPPED,CHI_2020_21_G072,2021-05-16,Wendell Carter Jr.,0,1560,1560,0,1,CONDITIONAL_AVAILABILITY
PORTER_CAPPED,CHI_2020_21_G072,2021-05-16,Otto Porter Jr.,0,65,65,0,0,CONDITIONAL_PORTER_ROLE_CAP
