scope,event_id,date,team,player,historical_evidence,source_game_id,source_team,source_seconds,source_comment,previous_source_date,next_source_date,bracketing_observation_gap_days,edge_observation_distance_days,priority,alternate_availability,action
CHI_WATCH_ONLY,2020-12-23_CHI_ATL,2020-12-23,CHI,Fictional Protagonist,FICTIONAL_NO_OBSERVATIONS,,,,,,,,,NO_AUTOMATIC_HEALTH_INFERENCE,NOT_SELECTED,Review causal health/registration separately; never map missing row to healthy or injured
CHI_WATCH_ONLY,2020-12-26_CHI_IND,2020-12-26,CHI,Fictional Protagonist,FICTIONAL_NO_OBSERVATIONS,,,,,,,,,NO_AUTOMATIC_HEALTH_INFERENCE,NOT_SELECTED,Review causal health/registration separately; never map missing row to healthy or injured
CHI_WATCH_ONLY,2020-12-27_CHI_GSW,2020-12-27,CHI,Fictional Protagonist,FICTIONAL_NO_OBSERVATIONS,,,,,,,,,NO_AUTOMATIC_HEALTH_INFERENCE,NOT_SELECTED,Review causal health/registration separately; never map missing row to healthy or injured
CHI_WATCH_ONLY,2020-12-29_WAS_CHI,2020-12-29,CHI,Fictional Protagonist,FICTIONAL_NO_OBSERVATIONS,,,,,,,,,NO_AUTOMATIC_HEALTH_INFERENCE,NOT_SELECTED,Review causal health/registration separately; never map missing row to healthy or injured
CHI_WATCH_ONLY,2020-12-31_WAS_CHI,2020-12-31,CHI,Fictional Protagonist,FICTIONAL_NO_OBSERVATIONS,,,,,,,,,NO_AUTOMATIC_HEALTH_INFERENCE,NOT_SELECTED,Review causal health/registration separately; never map missing row to healthy or injured
CHI_WATCH_ONLY,2021-01-01_MIL_CHI,2021-01-01,CHI,Fictional Protagonist,FICTIONAL_NO_OBSERVATIONS,,,,,,,,,NO_AUTOMATIC_HEALTH_INFERENCE,NOT_SELECTED,Review causal health/registration separately; never map missing row to healthy or injured
CHI_WATCH_ONLY,2021-01-03_CHI_DAL,2021-01-03,CHI,Fictional Protagonist,FICTIONAL_NO_OBSERVATIONS,,,,,,,,,NO_AUTOMATIC_HEALTH_INFERENCE,NOT_SELECTED,Review causal health/registration separately; never map missing row to healthy or injured
CHI_WATCH_ONLY,2021-01-05_POR_CHI,2021-01-05,CHI,Fictional Protagonist,FICTIONAL_NO_OBSERVATIONS,,,,,,,,,NO_AUTOMATIC_HEALTH_INFERENCE,NOT_SELECTED,Review causal health/registration separately; never map missing row to healthy or injured
CHI_WATCH_ONLY,2021-01-06_SAC_CHI,2021-01-06,CHI,Fictional Protagonist,FICTIONAL_NO_OBSERVATIONS,,,,,,,,,NO_AUTOMATIC_HEALTH_INFERENCE,NOT_SELECTED,Review causal health/registration separately; never map missing row to healthy or injured
CHI_WATCH_ONLY,2021-01-08_LAL_CHI,2021-01-08,CHI,Fictional Protagonist,FICTIONAL_NO_OBSERVATIONS,,,,,,,,,NO_AUTOMATIC_HEALTH_INFERENCE,NOT_SELECTED,Review causal health/registration separately; never map missing row to healthy or injured
CHI_WATCH_ONLY,2021-01-10_LAC_CHI,2021-01-10,CHI,Fictional Protagonist,FICTIONAL_NO_OBSERVATIONS,,,,,,,,,NO_AUTOMATIC_HEALTH_INFERENCE,NOT_SELECTED,Review causal health/registration separately; never map missing row to healthy or injured
CHI_WATCH_ONLY,2021-01-15_OKC_CHI,2021-01-15,CHI,Fictional Protagonist,FICTIONAL_NO_OBSERVATIONS,,,,,,,,,NO_AUTOMATIC_HEALTH_INFERENCE,NOT_SELECTED,Review causal health/registration separately; never map missing row to healthy or injured
CHI_WATCH_ONLY,2021-01-17_DAL_CHI,2021-01-17,CHI,Fictional Protagonist,FICTIONAL_NO_OBSERVATIONS,,,,,,,,,NO_AUTOMATIC_HEALTH_INFERENCE,NOT_SELECTED,Review causal health/registration separately; never map missing row to healthy or injured
CHI_WATCH_ONLY,2021-01-18_CHI_HOU,2021-01-18,CHI,Fictional Protagonist,FICTIONAL_NO_OBSERVATIONS,,,,,,,,,NO_AUTOMATIC_HEALTH_INFERENCE,NOT_SELECTED,Review causal health/registration separately; never map missing row to healthy or injured
CHI_WATCH_ONLY,2021-01-22_CHA_CHI,2021-01-22,CHI,Fictional Protagonist,FICTIONAL_NO_OBSERVATIONS,,,,,,,,,NO_AUTOMATIC_HEALTH_INFERENCE,NOT_SELECTED,Review causal health/registration separately; never map missing row to healthy or injured
CHI_WATCH_ONLY,2021-01-23_CHI_LAL,2021-01-23,CHI,Fictional Protagonist,FICTIONAL_NO_OBSERVATIONS,,,,,,,,,NO_AUTOMATIC_HEALTH_INFERENCE,NOT_SELECTED,Review causal health/registration separately; never map missing row to healthy or injured
CHI_WATCH_ONLY,2021-01-25_CHI_BOS,2021-01-25,CHI,Fictional Protagonist,FICTIONAL_NO_OBSERVATIONS,,,,,,,,,NO_AUTOMATIC_HEALTH_INFERENCE,NOT_SELECTED,Review causal health/registration separately; never map missing row to healthy or injured
CHI_WATCH_ONLY,2021-01-30_CHI_POR,2021-01-30,CHI,Fictional Protagonist,FICTIONAL_NO_OBSERVATIONS,,,,,,,,,NO_AUTOMATIC_HEALTH_INFERENCE,NOT_SELECTED,Review causal health/registration separately; never map missing row to healthy or injured
CHI_WATCH_ONLY,2021-02-01_CHI_NYK,2021-02-01,CHI,Fictional Protagonist,FICTIONAL_NO_OBSERVATIONS,,,,,,,,,NO_AUTOMATIC_HEALTH_INFERENCE,NOT_SELECTED,Review causal health/registration separately; never map missing row to healthy or injured
CHI_WATCH_ONLY,2021-02-03_CHI_NYK,2021-02-03,CHI,Fictional Protagonist,FICTIONAL_NO_OBSERVATIONS,,,,,,,,,NO_AUTOMATIC_HEALTH_INFERENCE,NOT_SELECTED,Review causal health/registration separately; never map missing row to healthy or injured
CHI_WATCH_ONLY,2021-02-05_ORL_CHI,2021-02-05,CHI,Fictional Protagonist,FICTIONAL_NO_OBSERVATIONS,,,,,,,,,NO_AUTOMATIC_HEALTH_INFERENCE,NOT_SELECTED,Review causal health/registration separately; never map missing row to healthy or injured
CHI_WATCH_ONLY,2021-02-06_ORL_CHI,2021-02-06,CHI,Fictional Protagonist,FICTIONAL_NO_OBSERVATIONS,,,,,,,,,NO_AUTOMATIC_HEALTH_INFERENCE,NOT_SELECTED,Review causal health/registration separately; never map missing row to healthy or injured
CHI_WATCH_ONLY,2021-02-08_CHI_WAS,2021-02-08,CHI,Fictional Protagonist,FICTIONAL_NO_OBSERVATIONS,,,,,,,,,NO_AUTOMATIC_HEALTH_INFERENCE,NOT_SELECTED,Review causal health/registration separately; never map missing row to healthy or injured
CHI_WATCH_ONLY,2021-02-10_CHI_NOP,2021-02-10,CHI,Fictional Protagonist,FICTIONAL_NO_OBSERVATIONS,,,,,,,,,NO_AUTOMATIC_HEALTH_INFERENCE,NOT_SELECTED,Review causal health/registration separately; never map missing row to healthy or injured
CHI_WATCH_ONLY,2021-02-12_CHI_LAC,2021-02-12,CHI,Fictional Protagonist,FICTIONAL_NO_OBSERVATIONS,,,,,,,,,NO_AUTOMATIC_HEALTH_INFERENCE,NOT_SELECTED,Review causal health/registration separately; never map missing row to healthy or injured
CHI_WATCH_ONLY,2021-02-15_IND_CHI,2021-02-15,CHI,Fictional Protagonist,FICTIONAL_NO_OBSERVATIONS,,,,,,,,,NO_AUTOMATIC_HEALTH_INFERENCE,NOT_SELECTED,Review causal health/registration separately; never map missing row to healthy or injured
CHI_WATCH_ONLY,2021-02-17_CHI_DET,2021-02-17,CHI,Fictional Protagonist,FICTIONAL_NO_OBSERVATIONS,,,,,,,,,NO_AUTOMATIC_HEALTH_INFERENCE,NOT_SELECTED,Review causal health/registration separately; never map missing row to healthy or injured
CHI_WATCH_ONLY,2021-02-19_PHI_CHI,2021-02-19,CHI,Fictional Protagonist,FICTIONAL_NO_OBSERVATIONS,,,,,,,,,NO_AUTOMATIC_HEALTH_INFERENCE,NOT_SELECTED,Review causal health/registration separately; never map missing row to healthy or injured
CHI_WATCH_ONLY,2021-02-20_CHI_SAC,2021-02-20,CHI,Fictional Protagonist,FICTIONAL_NO_OBSERVATIONS,,,,,,,,,NO_AUTOMATIC_HEALTH_INFERENCE,NOT_SELECTED,Review causal health/registration separately; never map missing row to healthy or injured
CHI_WATCH_ONLY,2021-02-22_HOU_CHI,2021-02-22,CHI,Fictional Protagonist,FICTIONAL_NO_OBSERVATIONS,,,,,,,,,NO_AUTOMATIC_HEALTH_INFERENCE,NOT_SELECTED,Review causal health/registration separately; never map missing row to healthy or injured
CHI_WATCH_ONLY,2021-02-24_CHI_MIN,2021-02-24,CHI,Fictional Protagonist,FICTIONAL_NO_OBSERVATIONS,,,,,,,,,NO_AUTOMATIC_HEALTH_INFERENCE,NOT_SELECTED,Review causal health/registration separately; never map missing row to healthy or injured
CHI_WATCH_ONLY,2021-02-26_CHI_PHX,2021-02-26,CHI,Fictional Protagonist,FICTIONAL_NO_OBSERVATIONS,,,,,,,,,NO_AUTOMATIC_HEALTH_INFERENCE,NOT_SELECTED,Review causal health/registration separately; never map missing row to healthy or injured
CHI_WATCH_ONLY,2021-03-01_CHI_DEN,2021-03-01,CHI,Fictional Protagonist,FICTIONAL_NO_OBSERVATIONS,,,,,,,,,NO_AUTOMATIC_HEALTH_INFERENCE,NOT_SELECTED,Review causal health/registration separately; never map missing row to healthy or injured
CHI_WATCH_ONLY,2021-03-03_NOP_CHI,2021-03-03,CHI,Fictional Protagonist,FICTIONAL_NO_OBSERVATIONS,,,,,,,,,NO_AUTOMATIC_HEALTH_INFERENCE,NOT_SELECTED,Review causal health/registration separately; never map missing row to healthy or injured
CHI_WATCH_ONLY,2021-03-11_CHI_PHI,2021-03-11,CHI,Fictional Protagonist,FICTIONAL_NO_OBSERVATIONS,,,,,,,,,NO_AUTOMATIC_HEALTH_INFERENCE,NOT_SELECTED,Review causal health/registration separately; never map missing row to healthy or injured
CHI_WATCH_ONLY,2021-03-12_CHI_MIA,2021-03-12,CHI,Fictional Protagonist,FICTIONAL_NO_OBSERVATIONS,,,,,,,,,NO_AUTOMATIC_HEALTH_INFERENCE,NOT_SELECTED,Review causal health/registration separately; never map missing row to healthy or injured
CHI_WATCH_ONLY,2021-03-14_CHI_TOR,2021-03-14,CHI,Fictional Protagonist,FICTIONAL_NO_OBSERVATIONS,,,,,,,,,NO_AUTOMATIC_HEALTH_INFERENCE,NOT_SELECTED,Review causal health/registration separately; never map missing row to healthy or injured
CHI_WATCH_ONLY,2021-03-16_CHI_OKC,2021-03-16,CHI,Fictional Protagonist,FICTIONAL_NO_OBSERVATIONS,,,,,,,,,NO_AUTOMATIC_HEALTH_INFERENCE,NOT_SELECTED,Review causal health/registration separately; never map missing row to healthy or injured
CHI_WATCH_ONLY,2021-03-17_CHI_SAS,2021-03-17,CHI,Fictional Protagonist,FICTIONAL_NO_OBSERVATIONS,,,,,,,,,NO_AUTOMATIC_HEALTH_INFERENCE,NOT_SELECTED,Review causal health/registration separately; never map missing row to healthy or injured
CHI_WATCH_ONLY,2021-03-19_DEN_CHI,2021-03-19,CHI,Fictional Protagonist,FICTIONAL_NO_OBSERVATIONS,,,,,,,,,NO_AUTOMATIC_HEALTH_INFERENCE,NOT_SELECTED,Review causal health/registration separately; never map missing row to healthy or injured
CHI_WATCH_ONLY,2021-03-21_DET_CHI,2021-03-21,CHI,Fictional Protagonist,FICTIONAL_NO_OBSERVATIONS,,,,,,,,,NO_AUTOMATIC_HEALTH_INFERENCE,NOT_SELECTED,Review causal health/registration separately; never map missing row to healthy or injured
CHI_WATCH_ONLY,2021-03-22_CHI_UTA,2021-03-22,CHI,Fictional Protagonist,FICTIONAL_NO_OBSERVATIONS,,,,,,,,,NO_AUTOMATIC_HEALTH_INFERENCE,NOT_SELECTED,Review causal health/registration separately; never map missing row to healthy or injured
CHI_WATCH_ONLY,2021-03-24_CHI_CLE,2021-03-24,CHI,Fictional Protagonist,FICTIONAL_NO_OBSERVATIONS,,,,,,,,,NO_AUTOMATIC_HEALTH_INFERENCE,NOT_SELECTED,Review causal health/registration separately; never map missing row to healthy or injured
CHI_WATCH_ONLY,2021-03-27_SAS_CHI,2021-03-27,CHI,Fictional Protagonist,FICTIONAL_NO_OBSERVATIONS,,,,,,,,,NO_AUTOMATIC_HEALTH_INFERENCE,NOT_SELECTED,Review causal health/registration separately; never map missing row to healthy or injured
CHI_WATCH_ONLY,2021-03-29_GSW_CHI,2021-03-29,CHI,Fictional Protagonist,FICTIONAL_NO_OBSERVATIONS,,,,,,,,,NO_AUTOMATIC_HEALTH_INFERENCE,NOT_SELECTED,Review causal health/registration separately; never map missing row to healthy or injured
CHI_WATCH_ONLY,2021-03-31_PHX_CHI,2021-03-31,CHI,Fictional Protagonist,FICTIONAL_NO_OBSERVATIONS,,,,,,,,,NO_AUTOMATIC_HEALTH_INFERENCE,NOT_SELECTED,Review causal health/registration separately; never map missing row to healthy or injured
CHI_WATCH_ONLY,2021-04-02_UTA_CHI,2021-04-02,CHI,Fictional Protagonist,FICTIONAL_NO_OBSERVATIONS,,,,,,,,,NO_AUTOMATIC_HEALTH_INFERENCE,NOT_SELECTED,Review causal health/registration separately; never map missing row to healthy or injured
CHI_WATCH_ONLY,2021-04-04_CHI_BKN,2021-04-04,CHI,Fictional Protagonist,FICTIONAL_NO_OBSERVATIONS,,,,,,,,,NO_AUTOMATIC_HEALTH_INFERENCE,NOT_SELECTED,Review causal health/registration separately; never map missing row to healthy or injured
CHI_WATCH_ONLY,2021-04-06_IND_CHI,2021-04-06,CHI,Fictional Protagonist,FICTIONAL_NO_OBSERVATIONS,,,,,,,,,NO_AUTOMATIC_HEALTH_INFERENCE,NOT_SELECTED,Review causal health/registration separately; never map missing row to healthy or injured
CHI_WATCH_ONLY,2021-04-08_TOR_CHI,2021-04-08,CHI,Fictional Protagonist,FICTIONAL_NO_OBSERVATIONS,,,,,,,,,NO_AUTOMATIC_HEALTH_INFERENCE,NOT_SELECTED,Review causal health/registration separately; never map missing row to healthy or injured
CHI_WATCH_ONLY,2021-04-09_ATL_CHI,2021-04-09,CHI,Fictional Protagonist,FICTIONAL_NO_OBSERVATIONS,,,,,,,,,NO_AUTOMATIC_HEALTH_INFERENCE,NOT_SELECTED,Review causal health/registration separately; never map missing row to healthy or injured
CHI_WATCH_ONLY,2021-04-11_MIN_CHI,2021-04-11,CHI,Fictional Protagonist,FICTIONAL_NO_OBSERVATIONS,,,,,,,,,NO_AUTOMATIC_HEALTH_INFERENCE,NOT_SELECTED,Review causal health/registration separately; never map missing row to healthy or injured
CHI_WATCH_ONLY,2021-04-12_MEM_CHI,2021-04-12,CHI,Fictional Protagonist,FICTIONAL_NO_OBSERVATIONS,,,,,,,,,NO_AUTOMATIC_HEALTH_INFERENCE,NOT_SELECTED,Review causal health/registration separately; never map missing row to healthy or injured
CHI_WATCH_ONLY,2021-04-14_CHI_ORL,2021-04-14,CHI,Fictional Protagonist,FICTIONAL_NO_OBSERVATIONS,,,,,,,,,NO_AUTOMATIC_HEALTH_INFERENCE,NOT_SELECTED,Review causal health/registration separately; never map missing row to healthy or injured
CHI_WATCH_ONLY,2021-04-16_CHI_MEM,2021-04-16,CHI,Fictional Protagonist,FICTIONAL_NO_OBSERVATIONS,,,,,,,,,NO_AUTOMATIC_HEALTH_INFERENCE,NOT_SELECTED,Review causal health/registration separately; never map missing row to healthy or injured
CHI_WATCH_ONLY,2021-04-17_CHI_CLE,2021-04-17,CHI,Fictional Protagonist,FICTIONAL_NO_OBSERVATIONS,,,,,,,,,NO_AUTOMATIC_HEALTH_INFERENCE,NOT_SELECTED,Review causal health/registration separately; never map missing row to healthy or injured
CHI_WATCH_ONLY,2021-04-19_BOS_CHI,2021-04-19,CHI,Fictional Protagonist,FICTIONAL_NO_OBSERVATIONS,,,,,,,,,NO_AUTOMATIC_HEALTH_INFERENCE,NOT_SELECTED,Review causal health/registration separately; never map missing row to healthy or injured
CHI_WATCH_ONLY,2021-04-21_CLE_CHI,2021-04-21,CHI,Fictional Protagonist,FICTIONAL_NO_OBSERVATIONS,,,,,,,,,NO_AUTOMATIC_HEALTH_INFERENCE,NOT_SELECTED,Review causal health/registration separately; never map missing row to healthy or injured
CHI_WATCH_ONLY,2021-04-22_CHI_CHA,2021-04-22,CHI,Fictional Protagonist,FICTIONAL_NO_OBSERVATIONS,,,,,,,,,NO_AUTOMATIC_HEALTH_INFERENCE,NOT_SELECTED,Review causal health/registration separately; never map missing row to healthy or injured
CHI_WATCH_ONLY,2021-04-24_MIA_CHI,2021-04-24,CHI,Fictional Protagonist,FICTIONAL_NO_OBSERVATIONS,,,,,,,,,NO_AUTOMATIC_HEALTH_INFERENCE,NOT_SELECTED,Review causal health/registration separately; never map missing row to healthy or injured
CHI_WATCH_ONLY,2021-04-26_MIA_CHI,2021-04-26,CHI,Fictional Protagonist,FICTIONAL_NO_OBSERVATIONS,,,,,,,,,NO_AUTOMATIC_HEALTH_INFERENCE,NOT_SELECTED,Review causal health/registration separately; never map missing row to healthy or injured
CHI_WATCH_ONLY,2021-04-28_NYK_CHI,2021-04-28,CHI,Fictional Protagonist,FICTIONAL_NO_OBSERVATIONS,,,,,,,,,NO_AUTOMATIC_HEALTH_INFERENCE,NOT_SELECTED,Review causal health/registration separately; never map missing row to healthy or injured
CHI_WATCH_ONLY,2021-04-30_CHI_MIL,2021-04-30,CHI,Fictional Protagonist,FICTIONAL_NO_OBSERVATIONS,,,,,,,,,NO_AUTOMATIC_HEALTH_INFERENCE,NOT_SELECTED,Review causal health/registration separately; never map missing row to healthy or injured
CHI_WATCH_ONLY,2021-05-01_ATL_CHI,2021-05-01,CHI,Fictional Protagonist,FICTIONAL_NO_OBSERVATIONS,,,,,,,,,NO_AUTOMATIC_HEALTH_INFERENCE,NOT_SELECTED,Review causal health/registration separately; never map missing row to healthy or injured
CHI_WATCH_ONLY,2021-05-03_CHI_PHI,2021-05-03,CHI,Fictional Protagonist,FICTIONAL_NO_OBSERVATIONS,,,,,,,,,NO_AUTOMATIC_HEALTH_INFERENCE,NOT_SELECTED,Review causal health/registration separately; never map missing row to healthy or injured
CHI_WATCH_ONLY,2021-05-06_CHA_CHI,2021-05-06,CHI,Fictional Protagonist,FICTIONAL_NO_OBSERVATIONS,,,,,,,,,NO_AUTOMATIC_HEALTH_INFERENCE,NOT_SELECTED,Review causal health/registration separately; never map missing row to healthy or injured
CHI_WATCH_ONLY,2021-05-07_CHI_BOS,2021-05-07,CHI,Fictional Protagonist,FICTIONAL_NO_OBSERVATIONS,,,,,,,,,NO_AUTOMATIC_HEALTH_INFERENCE,NOT_SELECTED,Review causal health/registration separately; never map missing row to healthy or injured
CHI_WATCH_ONLY,2021-05-09_DET_CHI,2021-05-09,CHI,Fictional Protagonist,FICTIONAL_NO_OBSERVATIONS,,,,,,,,,NO_AUTOMATIC_HEALTH_INFERENCE,NOT_SELECTED,Review causal health/registration separately; never map missing row to healthy or injured
CHI_WATCH_ONLY,2021-05-11_CHI_BKN,2021-05-11,CHI,Fictional Protagonist,FICTIONAL_NO_OBSERVATIONS,,,,,,,,,NO_AUTOMATIC_HEALTH_INFERENCE,NOT_SELECTED,Review causal health/registration separately; never map missing row to healthy or injured
CHI_WATCH_ONLY,2021-05-13_CHI_TOR,2021-05-13,CHI,Fictional Protagonist,FICTIONAL_NO_OBSERVATIONS,,,,,,,,,NO_AUTOMATIC_HEALTH_INFERENCE,NOT_SELECTED,Review causal health/registration separately; never map missing row to healthy or injured
CHI_WATCH_ONLY,2021-05-15_BKN_CHI,2021-05-15,CHI,Fictional Protagonist,FICTIONAL_NO_OBSERVATIONS,,,,,,,,,NO_AUTOMATIC_HEALTH_INFERENCE,NOT_SELECTED,Review causal health/registration separately; never map missing row to healthy or injured
CHI_WATCH_ONLY,2021-05-16_CHI_MIL,2021-05-16,CHI,Fictional Protagonist,FICTIONAL_NO_OBSERVATIONS,,,,,,,,,NO_AUTOMATIC_HEALTH_INFERENCE,NOT_SELECTED,Review causal health/registration separately; never map missing row to healthy or injured
CHI_WATCH_ONLY,2020-12-23_CHI_ATL,2020-12-23,CHI,LaMelo Ball,SAME_DAY_PLAYED,0022000010,CHA,948,,,2020-12-26,,3,NO_AUTOMATIC_HEALTH_INFERENCE,NOT_SELECTED,Review causal health/registration separately; never map missing row to healthy or injured
CHI_WATCH_ONLY,2020-12-26_CHI_IND,2020-12-26,CHI,LaMelo Ball,SAME_DAY_PLAYED,0022000022,CHA,919,,2020-12-23,2020-12-27,4,,NO_AUTOMATIC_HEALTH_INFERENCE,NOT_SELECTED,Review causal health/registration separately; never map missing row to healthy or injured
CHI_WATCH_ONLY,2020-12-27_CHI_GSW,2020-12-27,CHI,LaMelo Ball,SAME_DAY_PLAYED,0022000032,CHA,1201,,2020-12-26,2020-12-30,4,,NO_AUTOMATIC_HEALTH_INFERENCE,NOT_SELECTED,Review causal health/registration separately; never map missing row to healthy or injured
CHI_WATCH_ONLY,2020-12-29_WAS_CHI,2020-12-29,CHI,LaMelo Ball,NO_SAME_DAY_ROW,,,,,2020-12-27,2020-12-30,3,,NO_AUTOMATIC_HEALTH_INFERENCE,NOT_SELECTED,Review causal health/registration separately; never map missing row to healthy or injured
CHI_WATCH_ONLY,2020-12-31_WAS_CHI,2020-12-31,CHI,LaMelo Ball,NO_SAME_DAY_ROW,,,,,2020-12-30,2021-01-01,2,,NO_AUTOMATIC_HEALTH_INFERENCE,NOT_SELECTED,Review causal health/registration separately; never map missing row to healthy or injured
CHI_WATCH_ONLY,2021-01-01_MIL_CHI,2021-01-01,CHI,LaMelo Ball,SAME_DAY_PLAYED,0022000069,CHA,1602,,2020-12-30,2021-01-02,3,,NO_AUTOMATIC_HEALTH_INFERENCE,NOT_SELECTED,Review causal health/registration separately; never map missing row to healthy or injured
CHI_WATCH_ONLY,2021-01-03_CHI_DAL,2021-01-03,CHI,LaMelo Ball,NO_SAME_DAY_ROW,,,,,2021-01-02,2021-01-04,2,,NO_AUTOMATIC_HEALTH_INFERENCE,NOT_SELECTED,Review causal health/registration separately; never map missing row to healthy or injured
CHI_WATCH_ONLY,2021-01-05_POR_CHI,2021-01-05,CHI,LaMelo Ball,NO_SAME_DAY_ROW,,,,,2021-01-04,2021-01-06,2,,NO_AUTOMATIC_HEALTH_INFERENCE,NOT_SELECTED,Review causal health/registration separately; never map missing row to healthy or injured
CHI_WATCH_ONLY,2021-01-06_SAC_CHI,2021-01-06,CHI,LaMelo Ball,SAME_DAY_PLAYED,0022000110,CHA,1420,,2021-01-04,2021-01-08,4,,NO_AUTOMATIC_HEALTH_INFERENCE,NOT_SELECTED,Review causal health/registration separately; never map missing row to healthy or injured
CHI_WATCH_ONLY,2021-01-08_LAL_CHI,2021-01-08,CHI,LaMelo Ball,SAME_DAY_PLAYED,0022000126,CHA,1534,,2021-01-06,2021-01-09,3,,NO_AUTOMATIC_HEALTH_INFERENCE,NOT_SELECTED,Review causal health/registration separately; never map missing row to healthy or injured
CHI_WATCH_ONLY,2021-01-10_LAC_CHI,2021-01-10,CHI,LaMelo Ball,NO_SAME_DAY_ROW,,,,,2021-01-09,2021-01-11,2,,NO_AUTOMATIC_HEALTH_INFERENCE,NOT_SELECTED,Review causal health/registration separately; never map missing row to healthy or injured
CHI_WATCH_ONLY,2021-01-15_OKC_CHI,2021-01-15,CHI,LaMelo Ball,NO_SAME_DAY_ROW,,,,,2021-01-14,2021-01-16,2,,NO_AUTOMATIC_HEALTH_INFERENCE,NOT_SELECTED,Review causal health/registration separately; never map missing row to healthy or injured
CHI_WATCH_ONLY,2021-01-17_DAL_CHI,2021-01-17,CHI,LaMelo Ball,NO_SAME_DAY_ROW,,,,,2021-01-16,2021-01-22,6,,NO_AUTOMATIC_HEALTH_INFERENCE,NOT_SELECTED,Review causal health/registration separately; never map missing row to healthy or injured
CHI_WATCH_ONLY,2021-01-18_CHI_HOU,2021-01-18,CHI,LaMelo Ball,NO_SAME_DAY_ROW,,,,,2021-01-16,2021-01-22,6,,NO_AUTOMATIC_HEALTH_INFERENCE,NOT_SELECTED,Review causal health/registration separately; never map missing row to healthy or injured
CHI_WATCH_ONLY,2021-01-22_CHA_CHI,2021-01-22,CHI,LaMelo Ball,SAME_DAY_PLAYED,0022000229,CHA,994,,2021-01-16,2021-01-24,8,,NO_AUTOMATIC_HEALTH_INFERENCE,NOT_SELECTED,Review causal health/registration separately; never map missing row to healthy or injured
CHI_WATCH_ONLY,2021-01-23_CHI_LAL,2021-01-23,CHI,LaMelo Ball,NO_SAME_DAY_ROW,,,,,2021-01-22,2021-01-24,2,,NO_AUTOMATIC_HEALTH_INFERENCE,NOT_SELECTED,Review causal health/registration separately; never map missing row to healthy or injured
CHI_WATCH_ONLY,2021-01-25_CHI_BOS,2021-01-25,CHI,LaMelo Ball,SAME_DAY_PLAYED,0022000259,CHA,1266,,2021-01-24,2021-01-27,3,,NO_AUTOMATIC_HEALTH_INFERENCE,NOT_SELECTED,Review causal health/registration separately; never map missing row to healthy or injured
CHI_WATCH_ONLY,2021-01-30_CHI_POR,2021-01-30,CHI,LaMelo Ball,SAME_DAY_PLAYED,0022000299,CHA,1860,,2021-01-29,2021-02-01,3,,NO_AUTOMATIC_HEALTH_INFERENCE,NOT_SELECTED,Review causal health/registration separately; never map missing row to healthy or injured
CHI_WATCH_ONLY,2021-02-01_CHI_NYK,2021-02-01,CHI,LaMelo Ball,SAME_DAY_PLAYED,0022000314,CHA,1886,,2021-01-30,2021-02-03,4,,NO_AUTOMATIC_HEALTH_INFERENCE,NOT_SELECTED,Review causal health/registration separately; never map missing row to healthy or injured
CHI_WATCH_ONLY,2021-02-03_CHI_NYK,2021-02-03,CHI,LaMelo Ball,SAME_DAY_PLAYED,0022000327,CHA,2298,,2021-02-01,2021-02-05,4,,NO_AUTOMATIC_HEALTH_INFERENCE,NOT_SELECTED,Review causal health/registration separately; never map missing row to healthy or injured
CHI_WATCH_ONLY,2021-02-05_ORL_CHI,2021-02-05,CHI,LaMelo Ball,SAME_DAY_PLAYED,0022000342,CHA,2363,,2021-02-03,2021-02-07,4,,NO_AUTOMATIC_HEALTH_INFERENCE,NOT_SELECTED,Review causal health/registration separately; never map missing row to healthy or injured
CHI_WATCH_ONLY,2021-02-06_ORL_CHI,2021-02-06,CHI,LaMelo Ball,NO_SAME_DAY_ROW,,,,,2021-02-05,2021-02-07,2,,NO_AUTOMATIC_HEALTH_INFERENCE,NOT_SELECTED,Review causal health/registration separately; never map missing row to healthy or injured
CHI_WATCH_ONLY,2021-02-08_CHI_WAS,2021-02-08,CHI,LaMelo Ball,SAME_DAY_PLAYED,0022000367,CHA,1912,,2021-02-07,2021-02-10,3,,NO_AUTOMATIC_HEALTH_INFERENCE,NOT_SELECTED,Review causal health/registration separately; never map missing row to healthy or injured
CHI_WATCH_ONLY,2021-02-10_CHI_NOP,2021-02-10,CHI,LaMelo Ball,SAME_DAY_PLAYED,0022000386,CHA,1694,,2021-02-08,2021-02-12,4,,NO_AUTOMATIC_HEALTH_INFERENCE,NOT_SELECTED,Review causal health/registration separately; never map missing row to healthy or injured
CHI_WATCH_ONLY,2021-02-12_CHI_LAC,2021-02-12,CHI,LaMelo Ball,SAME_DAY_PLAYED,0022000395,CHA,2205,,2021-02-10,2021-02-14,4,,NO_AUTOMATIC_HEALTH_INFERENCE,NOT_SELECTED,Review causal health/registration separately; never map missing row to healthy or injured
CHI_WATCH_ONLY,2021-02-15_IND_CHI,2021-02-15,CHI,LaMelo Ball,NO_SAME_DAY_ROW,,,,,2021-02-14,2021-02-20,6,,NO_AUTOMATIC_HEALTH_INFERENCE,NOT_SELECTED,Review causal health/registration separately; never map missing row to healthy or injured
CHI_WATCH_ONLY,2021-02-17_CHI_DET,2021-02-17,CHI,LaMelo Ball,NO_SAME_DAY_ROW,,,,,2021-02-14,2021-02-20,6,,NO_AUTOMATIC_HEALTH_INFERENCE,NOT_SELECTED,Review causal health/registration separately; never map missing row to healthy or injured
CHI_WATCH_ONLY,2021-02-19_PHI_CHI,2021-02-19,CHI,LaMelo Ball,NO_SAME_DAY_ROW,,,,,2021-02-14,2021-02-20,6,,NO_AUTOMATIC_HEALTH_INFERENCE,NOT_SELECTED,Review causal health/registration separately; never map missing row to healthy or injured
CHI_WATCH_ONLY,2021-02-20_CHI_SAC,2021-02-20,CHI,LaMelo Ball,SAME_DAY_PLAYED,0022000459,CHA,1907,,2021-02-14,2021-02-22,8,,NO_AUTOMATIC_HEALTH_INFERENCE,NOT_SELECTED,Review causal health/registration separately; never map missing row to healthy or injured
CHI_WATCH_ONLY,2021-02-22_HOU_CHI,2021-02-22,CHI,LaMelo Ball,SAME_DAY_PLAYED,0022000478,CHA,2291,,2021-02-20,2021-02-24,4,,NO_AUTOMATIC_HEALTH_INFERENCE,NOT_SELECTED,Review causal health/registration separately; never map missing row to healthy or injured
CHI_WATCH_ONLY,2021-02-24_CHI_MIN,2021-02-24,CHI,LaMelo Ball,SAME_DAY_PLAYED,0022000496,CHA,1808,,2021-02-22,2021-02-26,4,,NO_AUTOMATIC_HEALTH_INFERENCE,NOT_SELECTED,Review causal health/registration separately; never map missing row to healthy or injured
CHI_WATCH_ONLY,2021-02-26_CHI_PHX,2021-02-26,CHI,LaMelo Ball,SAME_DAY_PLAYED,0022000511,CHA,2230,,2021-02-24,2021-02-28,4,,NO_AUTOMATIC_HEALTH_INFERENCE,NOT_SELECTED,Review causal health/registration separately; never map missing row to healthy or injured
CHI_WATCH_ONLY,2021-03-01_CHI_DEN,2021-03-01,CHI,LaMelo Ball,SAME_DAY_PLAYED,0022000535,CHA,1920,,2021-02-28,2021-03-03,3,,NO_AUTOMATIC_HEALTH_INFERENCE,NOT_SELECTED,Review causal health/registration separately; never map missing row to healthy or injured
CHI_WATCH_ONLY,2021-03-03_NOP_CHI,2021-03-03,CHI,LaMelo Ball,SAME_DAY_PLAYED,0022000547,CHA,1581,,2021-03-01,2021-03-11,10,,NO_AUTOMATIC_HEALTH_INFERENCE,NOT_SELECTED,Review causal health/registration separately; never map missing row to healthy or injured
CHI_WATCH_ONLY,2021-03-11_CHI_PHI,2021-03-11,CHI,LaMelo Ball,SAME_DAY_PLAYED,0022000568,CHA,1762,,2021-03-03,2021-03-13,10,,NO_AUTOMATIC_HEALTH_INFERENCE,NOT_SELECTED,Review causal health/registration separately; never map missing row to healthy or injured
CHI_WATCH_ONLY,2021-03-12_CHI_MIA,2021-03-12,CHI,LaMelo Ball,NO_SAME_DAY_ROW,,,,,2021-03-11,2021-03-13,2,,NO_AUTOMATIC_HEALTH_INFERENCE,NOT_SELECTED,Review causal health/registration separately; never map missing row to healthy or injured
CHI_WATCH_ONLY,2021-03-14_CHI_TOR,2021-03-14,CHI,LaMelo Ball,NO_SAME_DAY_ROW,,,,,2021-03-13,2021-03-15,2,,NO_AUTOMATIC_HEALTH_INFERENCE,NOT_SELECTED,Review causal health/registration separately; never map missing row to healthy or injured
CHI_WATCH_ONLY,2021-03-16_CHI_OKC,2021-03-16,CHI,LaMelo Ball,NO_SAME_DAY_ROW,,,,,2021-03-15,2021-03-17,2,,NO_AUTOMATIC_HEALTH_INFERENCE,NOT_SELECTED,Review causal health/registration separately; never map missing row to healthy or injured
CHI_WATCH_ONLY,2021-03-17_CHI_SAS,2021-03-17,CHI,LaMelo Ball,SAME_DAY_PLAYED,0022000624,CHA,1348,,2021-03-15,2021-03-18,3,,NO_AUTOMATIC_HEALTH_INFERENCE,NOT_SELECTED,Review causal health/registration separately; never map missing row to healthy or injured
CHI_WATCH_ONLY,2021-03-19_DEN_CHI,2021-03-19,CHI,LaMelo Ball,NO_SAME_DAY_ROW,,,,,2021-03-18,2021-03-20,2,,NO_AUTOMATIC_HEALTH_INFERENCE,NOT_SELECTED,Review causal health/registration separately; never map missing row to healthy or injured
CHI_WATCH_ONLY,2021-03-21_DET_CHI,2021-03-21,CHI,LaMelo Ball,NO_SAME_DAY_ROW,,,,,2021-03-20,2021-05-01,42,,LONG_OBSERVATION_GAP_REVIEW,NOT_SELECTED,Review causal health/registration separately; never map missing row to healthy or injured
CHI_WATCH_ONLY,2021-03-22_CHI_UTA,2021-03-22,CHI,LaMelo Ball,NO_SAME_DAY_ROW,,,,,2021-03-20,2021-05-01,42,,LONG_OBSERVATION_GAP_REVIEW,NOT_SELECTED,Review causal health/registration separately; never map missing row to healthy or injured
CHI_WATCH_ONLY,2021-03-24_CHI_CLE,2021-03-24,CHI,LaMelo Ball,NO_SAME_DAY_ROW,,,,,2021-03-20,2021-05-01,42,,LONG_OBSERVATION_GAP_REVIEW,NOT_SELECTED,Review causal health/registration separately; never map missing row to healthy or injured
CHI_WATCH_ONLY,2021-03-27_SAS_CHI,2021-03-27,CHI,LaMelo Ball,NO_SAME_DAY_ROW,,,,,2021-03-20,2021-05-01,42,,LONG_OBSERVATION_GAP_REVIEW,NOT_SELECTED,Review causal health/registration separately; never map missing row to healthy or injured
CHI_WATCH_ONLY,2021-03-29_GSW_CHI,2021-03-29,CHI,LaMelo Ball,NO_SAME_DAY_ROW,,,,,2021-03-20,2021-05-01,42,,LONG_OBSERVATION_GAP_REVIEW,NOT_SELECTED,Review causal health/registration separately; never map missing row to healthy or injured
CHI_WATCH_ONLY,2021-03-31_PHX_CHI,2021-03-31,CHI,LaMelo Ball,NO_SAME_DAY_ROW,,,,,2021-03-20,2021-05-01,42,,LONG_OBSERVATION_GAP_REVIEW,NOT_SELECTED,Review causal health/registration separately; never map missing row to healthy or injured
CHI_WATCH_ONLY,2021-04-02_UTA_CHI,2021-04-02,CHI,LaMelo Ball,NO_SAME_DAY_ROW,,,,,2021-03-20,2021-05-01,42,,LONG_OBSERVATION_GAP_REVIEW,NOT_SELECTED,Review causal health/registration separately; never map missing row to healthy or injured
CHI_WATCH_ONLY,2021-04-04_CHI_BKN,2021-04-04,CHI,LaMelo Ball,NO_SAME_DAY_ROW,,,,,2021-03-20,2021-05-01,42,,LONG_OBSERVATION_GAP_REVIEW,NOT_SELECTED,Review causal health/registration separately; never map missing row to healthy or injured
CHI_WATCH_ONLY,2021-04-06_IND_CHI,2021-04-06,CHI,LaMelo Ball,NO_SAME_DAY_ROW,,,,,2021-03-20,2021-05-01,42,,LONG_OBSERVATION_GAP_REVIEW,NOT_SELECTED,Review causal health/registration separately; never map missing row to healthy or injured
CHI_WATCH_ONLY,2021-04-08_TOR_CHI,2021-04-08,CHI,LaMelo Ball,NO_SAME_DAY_ROW,,,,,2021-03-20,2021-05-01,42,,LONG_OBSERVATION_GAP_REVIEW,NOT_SELECTED,Review causal health/registration separately; never map missing row to healthy or injured
CHI_WATCH_ONLY,2021-04-09_ATL_CHI,2021-04-09,CHI,LaMelo Ball,NO_SAME_DAY_ROW,,,,,2021-03-20,2021-05-01,42,,LONG_OBSERVATION_GAP_REVIEW,NOT_SELECTED,Review causal health/registration separately; never map missing row to healthy or injured
CHI_WATCH_ONLY,2021-04-11_MIN_CHI,2021-04-11,CHI,LaMelo Ball,NO_SAME_DAY_ROW,,,,,2021-03-20,2021-05-01,42,,LONG_OBSERVATION_GAP_REVIEW,NOT_SELECTED,Review causal health/registration separately; never map missing row to healthy or injured
CHI_WATCH_ONLY,2021-04-12_MEM_CHI,2021-04-12,CHI,LaMelo Ball,NO_SAME_DAY_ROW,,,,,2021-03-20,2021-05-01,42,,LONG_OBSERVATION_GAP_REVIEW,NOT_SELECTED,Review causal health/registration separately; never map missing row to healthy or injured
CHI_WATCH_ONLY,2021-04-14_CHI_ORL,2021-04-14,CHI,LaMelo Ball,NO_SAME_DAY_ROW,,,,,2021-03-20,2021-05-01,42,,LONG_OBSERVATION_GAP_REVIEW,NOT_SELECTED,Review causal health/registration separately; never map missing row to healthy or injured
CHI_WATCH_ONLY,2021-04-16_CHI_MEM,2021-04-16,CHI,LaMelo Ball,NO_SAME_DAY_ROW,,,,,2021-03-20,2021-05-01,42,,LONG_OBSERVATION_GAP_REVIEW,NOT_SELECTED,Review causal health/registration separately; never map missing row to healthy or injured
CHI_WATCH_ONLY,2021-04-17_CHI_CLE,2021-04-17,CHI,LaMelo Ball,NO_SAME_DAY_ROW,,,,,2021-03-20,2021-05-01,42,,LONG_OBSERVATION_GAP_REVIEW,NOT_SELECTED,Review causal health/registration separately; never map missing row to healthy or injured
CHI_WATCH_ONLY,2021-04-19_BOS_CHI,2021-04-19,CHI,LaMelo Ball,NO_SAME_DAY_ROW,,,,,2021-03-20,2021-05-01,42,,LONG_OBSERVATION_GAP_REVIEW,NOT_SELECTED,Review causal health/registration separately; never map missing row to healthy or injured
CHI_WATCH_ONLY,2021-04-21_CLE_CHI,2021-04-21,CHI,LaMelo Ball,NO_SAME_DAY_ROW,,,,,2021-03-20,2021-05-01,42,,LONG_OBSERVATION_GAP_REVIEW,NOT_SELECTED,Review causal health/registration separately; never map missing row to healthy or injured
CHI_WATCH_ONLY,2021-04-22_CHI_CHA,2021-04-22,CHI,LaMelo Ball,NO_SAME_DAY_ROW,,,,,2021-03-20,2021-05-01,42,,LONG_OBSERVATION_GAP_REVIEW,NOT_SELECTED,Review causal health/registration separately; never map missing row to healthy or injured
CHI_WATCH_ONLY,2021-04-24_MIA_CHI,2021-04-24,CHI,LaMelo Ball,NO_SAME_DAY_ROW,,,,,2021-03-20,2021-05-01,42,,LONG_OBSERVATION_GAP_REVIEW,NOT_SELECTED,Review causal health/registration separately; never map missing row to healthy or injured
CHI_WATCH_ONLY,2021-04-26_MIA_CHI,2021-04-26,CHI,LaMelo Ball,NO_SAME_DAY_ROW,,,,,2021-03-20,2021-05-01,42,,LONG_OBSERVATION_GAP_REVIEW,NOT_SELECTED,Review causal health/registration separately; never map missing row to healthy or injured
CHI_WATCH_ONLY,2021-04-28_NYK_CHI,2021-04-28,CHI,LaMelo Ball,NO_SAME_DAY_ROW,,,,,2021-03-20,2021-05-01,42,,LONG_OBSERVATION_GAP_REVIEW,NOT_SELECTED,Review causal health/registration separately; never map missing row to healthy or injured
CHI_WATCH_ONLY,2021-04-30_CHI_MIL,2021-04-30,CHI,LaMelo Ball,NO_SAME_DAY_ROW,,,,,2021-03-20,2021-05-01,42,,LONG_OBSERVATION_GAP_REVIEW,NOT_SELECTED,Review causal health/registration separately; never map missing row to healthy or injured
CHI_WATCH_ONLY,2021-05-01_ATL_CHI,2021-05-01,CHI,LaMelo Ball,SAME_DAY_PLAYED,0022000957,CHA,1674,,2021-03-20,2021-05-02,43,,NO_AUTOMATIC_HEALTH_INFERENCE,NOT_SELECTED,Review causal health/registration separately; never map missing row to healthy or injured
CHI_WATCH_ONLY,2021-05-03_CHI_PHI,2021-05-03,CHI,LaMelo Ball,NO_SAME_DAY_ROW,,,,,2021-05-02,2021-05-04,2,,NO_AUTOMATIC_HEALTH_INFERENCE,NOT_SELECTED,Review causal health/registration separately; never map missing row to healthy or injured
CHI_WATCH_ONLY,2021-05-06_CHA_CHI,2021-05-06,CHI,LaMelo Ball,SAME_DAY_PLAYED,0022000434,CHA,1422,,2021-05-04,2021-05-07,3,,NO_AUTOMATIC_HEALTH_INFERENCE,NOT_SELECTED,Review causal health/registration separately; never map missing row to healthy or injured
CHI_WATCH_ONLY,2021-05-07_CHI_BOS,2021-05-07,CHI,LaMelo Ball,SAME_DAY_PLAYED,0022001004,CHA,2017,,2021-05-06,2021-05-09,3,,NO_AUTOMATIC_HEALTH_INFERENCE,NOT_SELECTED,Review causal health/registration separately; never map missing row to healthy or injured
CHI_WATCH_ONLY,2021-05-09_DET_CHI,2021-05-09,CHI,LaMelo Ball,SAME_DAY_PLAYED,0022001020,CHA,1885,,2021-05-07,2021-05-11,4,,NO_AUTOMATIC_HEALTH_INFERENCE,NOT_SELECTED,Review causal health/registration separately; never map missing row to healthy or injured
CHI_WATCH_ONLY,2021-05-11_CHI_BKN,2021-05-11,CHI,LaMelo Ball,SAME_DAY_PLAYED,0022000448,CHA,1884,,2021-05-09,2021-05-13,4,,NO_AUTOMATIC_HEALTH_INFERENCE,NOT_SELECTED,Review causal health/registration separately; never map missing row to healthy or injured
CHI_WATCH_ONLY,2021-05-13_CHI_TOR,2021-05-13,CHI,LaMelo Ball,SAME_DAY_PLAYED,0022001047,CHA,1883,,2021-05-11,2021-05-15,4,,NO_AUTOMATIC_HEALTH_INFERENCE,NOT_SELECTED,Review causal health/registration separately; never map missing row to healthy or injured
CHI_WATCH_ONLY,2021-05-15_BKN_CHI,2021-05-15,CHI,LaMelo Ball,SAME_DAY_PLAYED,0022001064,CHA,1247,,2021-05-13,2021-05-16,3,,NO_AUTOMATIC_HEALTH_INFERENCE,NOT_SELECTED,Review causal health/registration separately; never map missing row to healthy or injured
CHI_WATCH_ONLY,2021-05-16_CHI_MIL,2021-05-16,CHI,LaMelo Ball,SAME_DAY_PLAYED,0022001080,CHA,2009,,2021-05-15,,,1,NO_AUTOMATIC_HEALTH_INFERENCE,NOT_SELECTED,Review causal health/registration separately; never map missing row to healthy or injured
CHI_WATCH_ONLY,2020-12-23_CHI_ATL,2020-12-23,CHI,Otto Porter Jr.,SAME_DAY_PLAYED,0022000015,CHI,1402,,,2020-12-26,,3,NO_AUTOMATIC_HEALTH_INFERENCE,NOT_SELECTED,Review causal health/registration separately; never map missing row to healthy or injured
CHI_WATCH_ONLY,2020-12-26_CHI_IND,2020-12-26,CHI,Otto Porter Jr.,SAME_DAY_PLAYED,0022000026,CHI,1147,,2020-12-23,2020-12-27,4,,NO_AUTOMATIC_HEALTH_INFERENCE,NOT_SELECTED,Review causal health/registration separately; never map missing row to healthy or injured
CHI_WATCH_ONLY,2020-12-27_CHI_GSW,2020-12-27,CHI,Otto Porter Jr.,SAME_DAY_PLAYED,0022000038,CHI,1245,,2020-12-26,2020-12-29,3,,NO_AUTOMATIC_HEALTH_INFERENCE,NOT_SELECTED,Review causal health/registration separately; never map missing row to healthy or injured
CHI_WATCH_ONLY,2020-12-29_WAS_CHI,2020-12-29,CHI,Otto Porter Jr.,SAME_DAY_PLAYED,0022000050,CHI,1761,,2020-12-27,2020-12-31,4,,NO_AUTOMATIC_HEALTH_INFERENCE,NOT_SELECTED,Review causal health/registration separately; never map missing row to healthy or injured
CHI_WATCH_ONLY,2020-12-31_WAS_CHI,2020-12-31,CHI,Otto Porter Jr.,SAME_DAY_PLAYED,0022000063,CHI,1855,,2020-12-29,2021-01-01,3,,NO_AUTOMATIC_HEALTH_INFERENCE,NOT_SELECTED,Review causal health/registration separately; never map missing row to healthy or injured
CHI_WATCH_ONLY,2021-01-01_MIL_CHI,2021-01-01,CHI,Otto Porter Jr.,SAME_DAY_PLAYED,0022000073,CHI,1327,,2020-12-31,2021-01-03,3,,NO_AUTOMATIC_HEALTH_INFERENCE,NOT_SELECTED,Review causal health/registration separately; never map missing row to healthy or injured
CHI_WATCH_ONLY,2021-01-03_CHI_DAL,2021-01-03,CHI,Otto Porter Jr.,SAME_DAY_PLAYED,0022000090,CHI,1718,,2021-01-01,2021-01-05,4,,NO_AUTOMATIC_HEALTH_INFERENCE,NOT_SELECTED,Review causal health/registration separately; never map missing row to healthy or injured
CHI_WATCH_ONLY,2021-01-05_POR_CHI,2021-01-05,CHI,Otto Porter Jr.,SAME_DAY_PLAYED,0022000106,CHI,1694,,2021-01-03,2021-01-06,3,,NO_AUTOMATIC_HEALTH_INFERENCE,NOT_SELECTED,Review causal health/registration separately; never map missing row to healthy or injured
CHI_WATCH_ONLY,2021-01-06_SAC_CHI,2021-01-06,CHI,Otto Porter Jr.,SAME_DAY_PLAYED,0022000117,CHI,1583,,2021-01-05,2021-01-08,3,,NO_AUTOMATIC_HEALTH_INFERENCE,NOT_SELECTED,Review causal health/registration separately; never map missing row to healthy or injured
CHI_WATCH_ONLY,2021-01-08_LAL_CHI,2021-01-08,CHI,Otto Porter Jr.,SAME_DAY_PLAYED,0022000131,CHI,385,,2021-01-06,2021-01-15,9,,NO_AUTOMATIC_HEALTH_INFERENCE,NOT_SELECTED,Review causal health/registration separately; never map missing row to healthy or injured
CHI_WATCH_ONLY,2021-01-10_LAC_CHI,2021-01-10,CHI,Otto Porter Jr.,NO_SAME_DAY_ROW,,,,,2021-01-08,2021-01-15,7,,NO_AUTOMATIC_HEALTH_INFERENCE,NOT_SELECTED,Review causal health/registration separately; never map missing row to healthy or injured
CHI_WATCH_ONLY,2021-01-15_OKC_CHI,2021-01-15,CHI,Otto Porter Jr.,SAME_DAY_PLAYED,0022000184,CHI,1509,,2021-01-08,2021-01-17,9,,NO_AUTOMATIC_HEALTH_INFERENCE,NOT_SELECTED,Review causal health/registration separately; never map missing row to healthy or injured
CHI_WATCH_ONLY,2021-01-17_DAL_CHI,2021-01-17,CHI,Otto Porter Jr.,SAME_DAY_PLAYED,0022000198,CHI,1382,,2021-01-15,2021-01-22,7,,NO_AUTOMATIC_HEALTH_INFERENCE,NOT_SELECTED,Review causal health/registration separately; never map missing row to healthy or injured
CHI_WATCH_ONLY,2021-01-18_CHI_HOU,2021-01-18,CHI,Otto Porter Jr.,NO_SAME_DAY_ROW,,,,,2021-01-17,2021-01-22,5,,NO_AUTOMATIC_HEALTH_INFERENCE,NOT_SELECTED,Review causal health/registration separately; never map missing row to healthy or injured
CHI_WATCH_ONLY,2021-01-22_CHA_CHI,2021-01-22,CHI,Otto Porter Jr.,SAME_DAY_PLAYED,0022000229,CHI,1370,,2021-01-17,2021-01-25,8,,NO_AUTOMATIC_HEALTH_INFERENCE,NOT_SELECTED,Review causal health/registration separately; never map missing row to healthy or injured
CHI_WATCH_ONLY,2021-01-23_CHI_LAL,2021-01-23,CHI,Otto Porter Jr.,NO_SAME_DAY_ROW,,,,,2021-01-22,2021-01-25,3,,NO_AUTOMATIC_HEALTH_INFERENCE,NOT_SELECTED,Review causal health/registration separately; never map missing row to healthy or injured
CHI_WATCH_ONLY,2021-01-25_CHI_BOS,2021-01-25,CHI,Otto Porter Jr.,SAME_DAY_PLAYED,0022000262,CHI,1375,,2021-01-22,2021-01-30,8,,NO_AUTOMATIC_HEALTH_INFERENCE,NOT_SELECTED,Review causal health/registration separately; never map missing row to healthy or injured
CHI_WATCH_ONLY,2021-01-30_CHI_POR,2021-01-30,CHI,Otto Porter Jr.,SAME_DAY_PLAYED,0022000298,CHI,1449,,2021-01-25,2021-02-01,7,,NO_AUTOMATIC_HEALTH_INFERENCE,NOT_SELECTED,Review causal health/registration separately; never map missing row to healthy or injured
CHI_WATCH_ONLY,2021-02-01_CHI_NYK,2021-02-01,CHI,Otto Porter Jr.,SAME_DAY_PLAYED,0022000315,CHI,1089,,2021-01-30,2021-03-11,40,,NO_AUTOMATIC_HEALTH_INFERENCE,NOT_SELECTED,Review causal health/registration separately; never map missing row to healthy or injured
CHI_WATCH_ONLY,2021-02-03_CHI_NYK,2021-02-03,CHI,Otto Porter Jr.,NO_SAME_DAY_ROW,,,,,2021-02-01,2021-03-11,38,,LONG_OBSERVATION_GAP_REVIEW,NOT_SELECTED,Review causal health/registration separately; never map missing row to healthy or injured
CHI_WATCH_ONLY,2021-02-05_ORL_CHI,2021-02-05,CHI,Otto Porter Jr.,NO_SAME_DAY_ROW,,,,,2021-02-01,2021-03-11,38,,LONG_OBSERVATION_GAP_REVIEW,NOT_SELECTED,Review causal health/registration separately; never map missing row to healthy or injured
CHI_WATCH_ONLY,2021-02-06_ORL_CHI,2021-02-06,CHI,Otto Porter Jr.,NO_SAME_DAY_ROW,,,,,2021-02-01,2021-03-11,38,,LONG_OBSERVATION_GAP_REVIEW,NOT_SELECTED,Review causal health/registration separately; never map missing row to healthy or injured
CHI_WATCH_ONLY,2021-02-08_CHI_WAS,2021-02-08,CHI,Otto Porter Jr.,NO_SAME_DAY_ROW,,,,,2021-02-01,2021-03-11,38,,LONG_OBSERVATION_GAP_REVIEW,NOT_SELECTED,Review causal health/registration separately; never map missing row to healthy or injured
CHI_WATCH_ONLY,2021-02-10_CHI_NOP,2021-02-10,CHI,Otto Porter Jr.,NO_SAME_DAY_ROW,,,,,2021-02-01,2021-03-11,38,,LONG_OBSERVATION_GAP_REVIEW,NOT_SELECTED,Review causal health/registration separately; never map missing row to healthy or injured
CHI_WATCH_ONLY,2021-02-12_CHI_LAC,2021-02-12,CHI,Otto Porter Jr.,NO_SAME_DAY_ROW,,,,,2021-02-01,2021-03-11,38,,LONG_OBSERVATION_GAP_REVIEW,NOT_SELECTED,Review causal health/registration separately; never map missing row to healthy or injured
CHI_WATCH_ONLY,2021-02-15_IND_CHI,2021-02-15,CHI,Otto Porter Jr.,NO_SAME_DAY_ROW,,,,,2021-02-01,2021-03-11,38,,LONG_OBSERVATION_GAP_REVIEW,NOT_SELECTED,Review causal health/registration separately; never map missing row to healthy or injured
CHI_WATCH_ONLY,2021-02-17_CHI_DET,2021-02-17,CHI,Otto Porter Jr.,NO_SAME_DAY_ROW,,,,,2021-02-01,2021-03-11,38,,LONG_OBSERVATION_GAP_REVIEW,NOT_SELECTED,Review causal health/registration separately; never map missing row to healthy or injured
CHI_WATCH_ONLY,2021-02-19_PHI_CHI,2021-02-19,CHI,Otto Porter Jr.,NO_SAME_DAY_ROW,,,,,2021-02-01,2021-03-11,38,,LONG_OBSERVATION_GAP_REVIEW,NOT_SELECTED,Review causal health/registration separately; never map missing row to healthy or injured
CHI_WATCH_ONLY,2021-02-20_CHI_SAC,2021-02-20,CHI,Otto Porter Jr.,NO_SAME_DAY_ROW,,,,,2021-02-01,2021-03-11,38,,LONG_OBSERVATION_GAP_REVIEW,NOT_SELECTED,Review causal health/registration separately; never map missing row to healthy or injured
CHI_WATCH_ONLY,2021-02-22_HOU_CHI,2021-02-22,CHI,Otto Porter Jr.,NO_SAME_DAY_ROW,,,,,2021-02-01,2021-03-11,38,,LONG_OBSERVATION_GAP_REVIEW,NOT_SELECTED,Review causal health/registration separately; never map missing row to healthy or injured
CHI_WATCH_ONLY,2021-02-24_CHI_MIN,2021-02-24,CHI,Otto Porter Jr.,NO_SAME_DAY_ROW,,,,,2021-02-01,2021-03-11,38,,LONG_OBSERVATION_GAP_REVIEW,NOT_SELECTED,Review causal health/registration separately; never map missing row to healthy or injured
CHI_WATCH_ONLY,2021-02-26_CHI_PHX,2021-02-26,CHI,Otto Porter Jr.,NO_SAME_DAY_ROW,,,,,2021-02-01,2021-03-11,38,,LONG_OBSERVATION_GAP_REVIEW,NOT_SELECTED,Review causal health/registration separately; never map missing row to healthy or injured
CHI_WATCH_ONLY,2021-03-01_CHI_DEN,2021-03-01,CHI,Otto Porter Jr.,NO_SAME_DAY_ROW,,,,,2021-02-01,2021-03-11,38,,LONG_OBSERVATION_GAP_REVIEW,NOT_SELECTED,Review causal health/registration separately; never map missing row to healthy or injured
CHI_WATCH_ONLY,2021-03-03_NOP_CHI,2021-03-03,CHI,Otto Porter Jr.,NO_SAME_DAY_ROW,,,,,2021-02-01,2021-03-11,38,,LONG_OBSERVATION_GAP_REVIEW,NOT_SELECTED,Review causal health/registration separately; never map missing row to healthy or injured
CHI_WATCH_ONLY,2021-03-11_CHI_PHI,2021-03-11,CHI,Otto Porter Jr.,SAME_DAY_PLAYED,0022000572,CHI,1060,,2021-02-01,2021-03-12,39,,NO_AUTOMATIC_HEALTH_INFERENCE,NOT_SELECTED,Review causal health/registration separately; never map missing row to healthy or injured
CHI_WATCH_ONLY,2021-03-12_CHI_MIA,2021-03-12,CHI,Otto Porter Jr.,SAME_DAY_PLAYED,0022000582,CHI,748,,2021-03-11,2021-03-14,3,,NO_AUTOMATIC_HEALTH_INFERENCE,NOT_SELECTED,Review causal health/registration separately; never map missing row to healthy or injured
CHI_WATCH_ONLY,2021-03-14_CHI_TOR,2021-03-14,CHI,Otto Porter Jr.,SAME_DAY_PLAYED,0022000600,CHI,1271,,2021-03-12,2021-03-16,4,,NO_AUTOMATIC_HEALTH_INFERENCE,NOT_SELECTED,Review causal health/registration separately; never map missing row to healthy or injured
CHI_WATCH_ONLY,2021-03-16_CHI_OKC,2021-03-16,CHI,Otto Porter Jr.,SAME_DAY_PLAYED,0022000612,CHI,1170,,2021-03-14,2021-03-17,3,,NO_AUTOMATIC_HEALTH_INFERENCE,NOT_SELECTED,Review causal health/registration separately; never map missing row to healthy or injured
CHI_WATCH_ONLY,2021-03-17_CHI_SAS,2021-03-17,CHI,Otto Porter Jr.,SAME_DAY_PLAYED,0022000621,CHI,915,,2021-03-16,2021-03-19,3,,NO_AUTOMATIC_HEALTH_INFERENCE,NOT_SELECTED,Review causal health/registration separately; never map missing row to healthy or injured
CHI_WATCH_ONLY,2021-03-19_DEN_CHI,2021-03-19,CHI,Otto Porter Jr.,SAME_DAY_PLAYED,0022000637,CHI,1731,,2021-03-17,2021-03-21,4,,NO_AUTOMATIC_HEALTH_INFERENCE,NOT_SELECTED,Review causal health/registration separately; never map missing row to healthy or injured
CHI_WATCH_ONLY,2021-03-21_DET_CHI,2021-03-21,CHI,Otto Porter Jr.,SAME_DAY_PLAYED,0022000649,CHI,1083,,2021-03-19,2021-03-22,3,,NO_AUTOMATIC_HEALTH_INFERENCE,NOT_SELECTED,Review causal health/registration separately; never map missing row to healthy or injured
CHI_WATCH_ONLY,2021-03-22_CHI_UTA,2021-03-22,CHI,Otto Porter Jr.,SAME_DAY_PLAYED,0022000656,CHI,1172,,2021-03-21,2021-03-24,3,,NO_AUTOMATIC_HEALTH_INFERENCE,NOT_SELECTED,Review causal health/registration separately; never map missing row to healthy or injured
CHI_WATCH_ONLY,2021-03-24_CHI_CLE,2021-03-24,CHI,Otto Porter Jr.,SAME_DAY_PLAYED,0022000671,CHI,978,,2021-03-22,2021-03-28,6,,NO_AUTOMATIC_HEALTH_INFERENCE,NOT_SELECTED,Review causal health/registration separately; never map missing row to healthy or injured
CHI_WATCH_ONLY,2021-03-27_SAS_CHI,2021-03-27,CHI,Otto Porter Jr.,NO_SAME_DAY_ROW,,,,,2021-03-24,2021-03-28,4,,NO_AUTOMATIC_HEALTH_INFERENCE,NOT_SELECTED,Review causal health/registration separately; never map missing row to healthy or injured
CHI_WATCH_ONLY,2021-03-29_GSW_CHI,2021-03-29,CHI,Otto Porter Jr.,NO_SAME_DAY_ROW,,,,,2021-03-28,2021-03-30,2,,NO_AUTOMATIC_HEALTH_INFERENCE,NOT_SELECTED,Review causal health/registration separately; never map missing row to healthy or injured
CHI_WATCH_ONLY,2021-03-31_PHX_CHI,2021-03-31,CHI,Otto Porter Jr.,NO_SAME_DAY_ROW,,,,,2021-03-30,2021-04-01,2,,NO_AUTOMATIC_HEALTH_INFERENCE,NOT_SELECTED,Review causal health/registration separately; never map missing row to healthy or injured
CHI_WATCH_ONLY,2021-04-02_UTA_CHI,2021-04-02,CHI,Otto Porter Jr.,NO_SAME_DAY_ROW,,,,,2021-04-01,2021-04-03,2,,NO_AUTOMATIC_HEALTH_INFERENCE,NOT_SELECTED,Review causal health/registration separately; never map missing row to healthy or injured
CHI_WATCH_ONLY,2021-04-04_CHI_BKN,2021-04-04,CHI,Otto Porter Jr.,SAME_DAY_RESTRICTED,0022000761,ORL,0,DND - Injury/Illness,2021-04-03,,,1,RESTRICTED_SOURCE_REVIEW,NOT_SELECTED,Review causal health/registration separately; never map missing row to healthy or injured
CHI_WATCH_ONLY,2021-04-06_IND_CHI,2021-04-06,CHI,Otto Porter Jr.,NO_SAME_DAY_ROW,,,,,2021-04-04,,,2,NO_AUTOMATIC_HEALTH_INFERENCE,NOT_SELECTED,Review causal health/registration separately; never map missing row to healthy or injured
CHI_WATCH_ONLY,2021-04-08_TOR_CHI,2021-04-08,CHI,Otto Porter Jr.,NO_SAME_DAY_ROW,,,,,2021-04-04,,,4,NO_AUTOMATIC_HEALTH_INFERENCE,NOT_SELECTED,Review causal health/registration separately; never map missing row to healthy or injured
CHI_WATCH_ONLY,2021-04-09_ATL_CHI,2021-04-09,CHI,Otto Porter Jr.,NO_SAME_DAY_ROW,,,,,2021-04-04,,,5,NO_AUTOMATIC_HEALTH_INFERENCE,NOT_SELECTED,Review causal health/registration separately; never map missing row to healthy or injured
CHI_WATCH_ONLY,2021-04-11_MIN_CHI,2021-04-11,CHI,Otto Porter Jr.,NO_SAME_DAY_ROW,,,,,2021-04-04,,,7,NO_AUTOMATIC_HEALTH_INFERENCE,NOT_SELECTED,Review causal health/registration separately; never map missing row to healthy or injured
CHI_WATCH_ONLY,2021-04-12_MEM_CHI,2021-04-12,CHI,Otto Porter Jr.,NO_SAME_DAY_ROW,,,,,2021-04-04,,,8,NO_AUTOMATIC_HEALTH_INFERENCE,NOT_SELECTED,Review causal health/registration separately; never map missing row to healthy or injured
CHI_WATCH_ONLY,2021-04-14_CHI_ORL,2021-04-14,CHI,Otto Porter Jr.,NO_SAME_DAY_ROW,,,,,2021-04-04,,,10,NO_AUTOMATIC_HEALTH_INFERENCE,NOT_SELECTED,Review causal health/registration separately; never map missing row to healthy or injured
CHI_WATCH_ONLY,2021-04-16_CHI_MEM,2021-04-16,CHI,Otto Porter Jr.,NO_SAME_DAY_ROW,,,,,2021-04-04,,,12,NO_AUTOMATIC_HEALTH_INFERENCE,NOT_SELECTED,Review causal health/registration separately; never map missing row to healthy or injured
CHI_WATCH_ONLY,2021-04-17_CHI_CLE,2021-04-17,CHI,Otto Porter Jr.,NO_SAME_DAY_ROW,,,,,2021-04-04,,,13,NO_AUTOMATIC_HEALTH_INFERENCE,NOT_SELECTED,Review causal health/registration separately; never map missing row to healthy or injured
CHI_WATCH_ONLY,2021-04-19_BOS_CHI,2021-04-19,CHI,Otto Porter Jr.,NO_SAME_DAY_ROW,,,,,2021-04-04,,,15,OPEN_ENDED_OBSERVATION_GAP_REVIEW,NOT_SELECTED,Review causal health/registration separately; never map missing row to healthy or injured
CHI_WATCH_ONLY,2021-04-21_CLE_CHI,2021-04-21,CHI,Otto Porter Jr.,NO_SAME_DAY_ROW,,,,,2021-04-04,,,17,OPEN_ENDED_OBSERVATION_GAP_REVIEW,NOT_SELECTED,Review causal health/registration separately; never map missing row to healthy or injured
CHI_WATCH_ONLY,2021-04-22_CHI_CHA,2021-04-22,CHI,Otto Porter Jr.,NO_SAME_DAY_ROW,,,,,2021-04-04,,,18,OPEN_ENDED_OBSERVATION_GAP_REVIEW,NOT_SELECTED,Review causal health/registration separately; never map missing row to healthy or injured
CHI_WATCH_ONLY,2021-04-24_MIA_CHI,2021-04-24,CHI,Otto Porter Jr.,NO_SAME_DAY_ROW,,,,,2021-04-04,,,20,OPEN_ENDED_OBSERVATION_GAP_REVIEW,NOT_SELECTED,Review causal health/registration separately; never map missing row to healthy or injured
CHI_WATCH_ONLY,2021-04-26_MIA_CHI,2021-04-26,CHI,Otto Porter Jr.,NO_SAME_DAY_ROW,,,,,2021-04-04,,,22,OPEN_ENDED_OBSERVATION_GAP_REVIEW,NOT_SELECTED,Review causal health/registration separately; never map missing row to healthy or injured
CHI_WATCH_ONLY,2021-04-28_NYK_CHI,2021-04-28,CHI,Otto Porter Jr.,NO_SAME_DAY_ROW,,,,,2021-04-04,,,24,OPEN_ENDED_OBSERVATION_GAP_REVIEW,NOT_SELECTED,Review causal health/registration separately; never map missing row to healthy or injured
CHI_WATCH_ONLY,2021-04-30_CHI_MIL,2021-04-30,CHI,Otto Porter Jr.,NO_SAME_DAY_ROW,,,,,2021-04-04,,,26,OPEN_ENDED_OBSERVATION_GAP_REVIEW,NOT_SELECTED,Review causal health/registration separately; never map missing row to healthy or injured
CHI_WATCH_ONLY,2021-05-01_ATL_CHI,2021-05-01,CHI,Otto Porter Jr.,NO_SAME_DAY_ROW,,,,,2021-04-04,,,27,OPEN_ENDED_OBSERVATION_GAP_REVIEW,NOT_SELECTED,Review causal health/registration separately; never map missing row to healthy or injured
CHI_WATCH_ONLY,2021-05-03_CHI_PHI,2021-05-03,CHI,Otto Porter Jr.,NO_SAME_DAY_ROW,,,,,2021-04-04,,,29,OPEN_ENDED_OBSERVATION_GAP_REVIEW,NOT_SELECTED,Review causal health/registration separately; never map missing row to healthy or injured
CHI_WATCH_ONLY,2021-05-06_CHA_CHI,2021-05-06,CHI,Otto Porter Jr.,NO_SAME_DAY_ROW,,,,,2021-04-04,,,32,OPEN_ENDED_OBSERVATION_GAP_REVIEW,NOT_SELECTED,Review causal health/registration separately; never map missing row to healthy or injured
CHI_WATCH_ONLY,2021-05-07_CHI_BOS,2021-05-07,CHI,Otto Porter Jr.,NO_SAME_DAY_ROW,,,,,2021-04-04,,,33,OPEN_ENDED_OBSERVATION_GAP_REVIEW,NOT_SELECTED,Review causal health/registration separately; never map missing row to healthy or injured
CHI_WATCH_ONLY,2021-05-09_DET_CHI,2021-05-09,CHI,Otto Porter Jr.,NO_SAME_DAY_ROW,,,,,2021-04-04,,,35,OPEN_ENDED_OBSERVATION_GAP_REVIEW,NOT_SELECTED,Review causal health/registration separately; never map missing row to healthy or injured
CHI_WATCH_ONLY,2021-05-11_CHI_BKN,2021-05-11,CHI,Otto Porter Jr.,NO_SAME_DAY_ROW,,,,,2021-04-04,,,37,OPEN_ENDED_OBSERVATION_GAP_REVIEW,NOT_SELECTED,Review causal health/registration separately; never map missing row to healthy or injured
CHI_WATCH_ONLY,2021-05-13_CHI_TOR,2021-05-13,CHI,Otto Porter Jr.,NO_SAME_DAY_ROW,,,,,2021-04-04,,,39,OPEN_ENDED_OBSERVATION_GAP_REVIEW,NOT_SELECTED,Review causal health/registration separately; never map missing row to healthy or injured
CHI_WATCH_ONLY,2021-05-15_BKN_CHI,2021-05-15,CHI,Otto Porter Jr.,NO_SAME_DAY_ROW,,,,,2021-04-04,,,41,OPEN_ENDED_OBSERVATION_GAP_REVIEW,NOT_SELECTED,Review causal health/registration separately; never map missing row to healthy or injured
CHI_WATCH_ONLY,2021-05-16_CHI_MIL,2021-05-16,CHI,Otto Porter Jr.,NO_SAME_DAY_ROW,,,,,2021-04-04,,,42,OPEN_ENDED_OBSERVATION_GAP_REVIEW,NOT_SELECTED,Review causal health/registration separately; never map missing row to healthy or injured
CHI_WATCH_ONLY,2020-12-23_CHI_ATL,2020-12-23,CHI,Wendell Carter Jr.,SAME_DAY_PLAYED,0022000015,CHI,1546,,,2020-12-26,,3,NO_AUTOMATIC_HEALTH_INFERENCE,NOT_SELECTED,Review causal health/registration separately; never map missing row to healthy or injured
CHI_WATCH_ONLY,2020-12-26_CHI_IND,2020-12-26,CHI,Wendell Carter Jr.,SAME_DAY_PLAYED,0022000026,CHI,1641,,2020-12-23,2020-12-27,4,,NO_AUTOMATIC_HEALTH_INFERENCE,NOT_SELECTED,Review causal health/registration separately; never map missing row to healthy or injured
CHI_WATCH_ONLY,2020-12-27_CHI_GSW,2020-12-27,CHI,Wendell Carter Jr.,SAME_DAY_PLAYED,0022000038,CHI,1888,,2020-12-26,2020-12-29,3,,NO_AUTOMATIC_HEALTH_INFERENCE,NOT_SELECTED,Review causal health/registration separately; never map missing row to healthy or injured
CHI_WATCH_ONLY,2020-12-29_WAS_CHI,2020-12-29,CHI,Wendell Carter Jr.,SAME_DAY_PLAYED,0022000050,CHI,2051,,2020-12-27,2020-12-31,4,,NO_AUTOMATIC_HEALTH_INFERENCE,NOT_SELECTED,Review causal health/registration separately; never map missing row to healthy or injured
CHI_WATCH_ONLY,2020-12-31_WAS_CHI,2020-12-31,CHI,Wendell Carter Jr.,SAME_DAY_PLAYED,0022000063,CHI,1378,,2020-12-29,2021-01-01,3,,NO_AUTOMATIC_HEALTH_INFERENCE,NOT_SELECTED,Review causal health/registration separately; never map missing row to healthy or injured
CHI_WATCH_ONLY,2021-01-01_MIL_CHI,2021-01-01,CHI,Wendell Carter Jr.,SAME_DAY_PLAYED,0022000073,CHI,1508,,2020-12-31,2021-01-03,3,,NO_AUTOMATIC_HEALTH_INFERENCE,NOT_SELECTED,Review causal health/registration separately; never map missing row to healthy or injured
CHI_WATCH_ONLY,2021-01-03_CHI_DAL,2021-01-03,CHI,Wendell Carter Jr.,SAME_DAY_PLAYED,0022000090,CHI,1370,,2021-01-01,2021-01-05,4,,NO_AUTOMATIC_HEALTH_INFERENCE,NOT_SELECTED,Review causal health/registration separately; never map missing row to healthy or injured
CHI_WATCH_ONLY,2021-01-05_POR_CHI,2021-01-05,CHI,Wendell Carter Jr.,SAME_DAY_PLAYED,0022000106,CHI,1514,,2021-01-03,2021-01-06,3,,NO_AUTOMATIC_HEALTH_INFERENCE,NOT_SELECTED,Review causal health/registration separately; never map missing row to healthy or injured
CHI_WATCH_ONLY,2021-01-06_SAC_CHI,2021-01-06,CHI,Wendell Carter Jr.,SAME_DAY_PLAYED,0022000117,CHI,1797,,2021-01-05,2021-01-08,3,,NO_AUTOMATIC_HEALTH_INFERENCE,NOT_SELECTED,Review causal health/registration separately; never map missing row to healthy or injured
CHI_WATCH_ONLY,2021-01-08_LAL_CHI,2021-01-08,CHI,Wendell Carter Jr.,SAME_DAY_PLAYED,0022000131,CHI,1515,,2021-01-06,2021-01-10,4,,NO_AUTOMATIC_HEALTH_INFERENCE,NOT_SELECTED,Review causal health/registration separately; never map missing row to healthy or injured
CHI_WATCH_ONLY,2021-01-10_LAC_CHI,2021-01-10,CHI,Wendell Carter Jr.,SAME_DAY_PLAYED,0022000142,CHI,1608,,2021-01-08,2021-01-15,7,,NO_AUTOMATIC_HEALTH_INFERENCE,NOT_SELECTED,Review causal health/registration separately; never map missing row to healthy or injured
CHI_WATCH_ONLY,2021-01-15_OKC_CHI,2021-01-15,CHI,Wendell Carter Jr.,SAME_DAY_PLAYED,0022000184,CHI,1974,,2021-01-10,2021-01-17,7,,NO_AUTOMATIC_HEALTH_INFERENCE,NOT_SELECTED,Review causal health/registration separately; never map missing row to healthy or injured
CHI_WATCH_ONLY,2021-01-17_DAL_CHI,2021-01-17,CHI,Wendell Carter Jr.,SAME_DAY_PLAYED,0022000198,CHI,1593,,2021-01-15,2021-01-18,3,,NO_AUTOMATIC_HEALTH_INFERENCE,NOT_SELECTED,Review causal health/registration separately; never map missing row to healthy or injured
CHI_WATCH_ONLY,2021-01-18_CHI_HOU,2021-01-18,CHI,Wendell Carter Jr.,SAME_DAY_PLAYED,0022000211,CHI,1247,,2021-01-17,2021-02-15,29,,NO_AUTOMATIC_HEALTH_INFERENCE,NOT_SELECTED,Review causal health/registration separately; never map missing row to healthy or injured
CHI_WATCH_ONLY,2021-01-22_CHA_CHI,2021-01-22,CHI,Wendell Carter Jr.,NO_SAME_DAY_ROW,,,,,2021-01-18,2021-02-15,28,,LONG_OBSERVATION_GAP_REVIEW,NOT_SELECTED,Review causal health/registration separately; never map missing row to healthy or injured
CHI_WATCH_ONLY,2021-01-23_CHI_LAL,2021-01-23,CHI,Wendell Carter Jr.,NO_SAME_DAY_ROW,,,,,2021-01-18,2021-02-15,28,,LONG_OBSERVATION_GAP_REVIEW,NOT_SELECTED,Review causal health/registration separately; never map missing row to healthy or injured
CHI_WATCH_ONLY,2021-01-25_CHI_BOS,2021-01-25,CHI,Wendell Carter Jr.,NO_SAME_DAY_ROW,,,,,2021-01-18,2021-02-15,28,,LONG_OBSERVATION_GAP_REVIEW,NOT_SELECTED,Review causal health/registration separately; never map missing row to healthy or injured
CHI_WATCH_ONLY,2021-01-30_CHI_POR,2021-01-30,CHI,Wendell Carter Jr.,NO_SAME_DAY_ROW,,,,,2021-01-18,2021-02-15,28,,LONG_OBSERVATION_GAP_REVIEW,NOT_SELECTED,Review causal health/registration separately; never map missing row to healthy or injured
CHI_WATCH_ONLY,2021-02-01_CHI_NYK,2021-02-01,CHI,Wendell Carter Jr.,NO_SAME_DAY_ROW,,,,,2021-01-18,2021-02-15,28,,LONG_OBSERVATION_GAP_REVIEW,NOT_SELECTED,Review causal health/registration separately; never map missing row to healthy or injured
CHI_WATCH_ONLY,2021-02-03_CHI_NYK,2021-02-03,CHI,Wendell Carter Jr.,NO_SAME_DAY_ROW,,,,,2021-01-18,2021-02-15,28,,LONG_OBSERVATION_GAP_REVIEW,NOT_SELECTED,Review causal health/registration separately; never map missing row to healthy or injured
CHI_WATCH_ONLY,2021-02-05_ORL_CHI,2021-02-05,CHI,Wendell Carter Jr.,NO_SAME_DAY_ROW,,,,,2021-01-18,2021-02-15,28,,LONG_OBSERVATION_GAP_REVIEW,NOT_SELECTED,Review causal health/registration separately; never map missing row to healthy or injured
CHI_WATCH_ONLY,2021-02-06_ORL_CHI,2021-02-06,CHI,Wendell Carter Jr.,NO_SAME_DAY_ROW,,,,,2021-01-18,2021-02-15,28,,LONG_OBSERVATION_GAP_REVIEW,NOT_SELECTED,Review causal health/registration separately; never map missing row to healthy or injured
CHI_WATCH_ONLY,2021-02-08_CHI_WAS,2021-02-08,CHI,Wendell Carter Jr.,NO_SAME_DAY_ROW,,,,,2021-01-18,2021-02-15,28,,LONG_OBSERVATION_GAP_REVIEW,NOT_SELECTED,Review causal health/registration separately; never map missing row to healthy or injured
CHI_WATCH_ONLY,2021-02-10_CHI_NOP,2021-02-10,CHI,Wendell Carter Jr.,NO_SAME_DAY_ROW,,,,,2021-01-18,2021-02-15,28,,LONG_OBSERVATION_GAP_REVIEW,NOT_SELECTED,Review causal health/registration separately; never map missing row to healthy or injured
CHI_WATCH_ONLY,2021-02-12_CHI_LAC,2021-02-12,CHI,Wendell Carter Jr.,NO_SAME_DAY_ROW,,,,,2021-01-18,2021-02-15,28,,LONG_OBSERVATION_GAP_REVIEW,NOT_SELECTED,Review causal health/registration separately; never map missing row to healthy or injured
CHI_WATCH_ONLY,2021-02-15_IND_CHI,2021-02-15,CHI,Wendell Carter Jr.,SAME_DAY_PLAYED,0022000420,CHI,1259,,2021-01-18,2021-02-17,30,,NO_AUTOMATIC_HEALTH_INFERENCE,NOT_SELECTED,Review causal health/registration separately; never map missing row to healthy or injured
CHI_WATCH_ONLY,2021-02-17_CHI_DET,2021-02-17,CHI,Wendell Carter Jr.,SAME_DAY_PLAYED,0022000564,CHI,1604,,2021-02-15,2021-02-19,4,,NO_AUTOMATIC_HEALTH_INFERENCE,NOT_SELECTED,Review causal health/registration separately; never map missing row to healthy or injured
CHI_WATCH_ONLY,2021-02-19_PHI_CHI,2021-02-19,CHI,Wendell Carter Jr.,SAME_DAY_PLAYED,0022000450,CHI,1495,,2021-02-17,2021-02-20,3,,NO_AUTOMATIC_HEALTH_INFERENCE,NOT_SELECTED,Review causal health/registration separately; never map missing row to healthy or injured
CHI_WATCH_ONLY,2021-02-20_CHI_SAC,2021-02-20,CHI,Wendell Carter Jr.,SAME_DAY_PLAYED,0022000460,CHI,1988,,2021-02-19,2021-02-22,3,,NO_AUTOMATIC_HEALTH_INFERENCE,NOT_SELECTED,Review causal health/registration separately; never map missing row to healthy or injured
CHI_WATCH_ONLY,2021-02-22_HOU_CHI,2021-02-22,CHI,Wendell Carter Jr.,SAME_DAY_PLAYED,0022000474,CHI,1729,,2021-02-20,2021-02-24,4,,NO_AUTOMATIC_HEALTH_INFERENCE,NOT_SELECTED,Review causal health/registration separately; never map missing row to healthy or injured
CHI_WATCH_ONLY,2021-02-24_CHI_MIN,2021-02-24,CHI,Wendell Carter Jr.,SAME_DAY_PLAYED,0022000493,CHI,1899,,2021-02-22,2021-02-26,4,,NO_AUTOMATIC_HEALTH_INFERENCE,NOT_SELECTED,Review causal health/registration separately; never map missing row to healthy or injured
CHI_WATCH_ONLY,2021-02-26_CHI_PHX,2021-02-26,CHI,Wendell Carter Jr.,SAME_DAY_PLAYED,0022000508,CHI,1474,,2021-02-24,2021-03-01,5,,NO_AUTOMATIC_HEALTH_INFERENCE,NOT_SELECTED,Review causal health/registration separately; never map missing row to healthy or injured
CHI_WATCH_ONLY,2021-03-01_CHI_DEN,2021-03-01,CHI,Wendell Carter Jr.,SAME_DAY_PLAYED,0022000531,CHI,1362,,2021-02-26,2021-03-03,5,,NO_AUTOMATIC_HEALTH_INFERENCE,NOT_SELECTED,Review causal health/registration separately; never map missing row to healthy or injured
CHI_WATCH_ONLY,2021-03-03_NOP_CHI,2021-03-03,CHI,Wendell Carter Jr.,SAME_DAY_PLAYED,0022000548,CHI,1645,,2021-03-01,2021-03-11,10,,NO_AUTOMATIC_HEALTH_INFERENCE,NOT_SELECTED,Review causal health/registration separately; never map missing row to healthy or injured
CHI_WATCH_ONLY,2021-03-11_CHI_PHI,2021-03-11,CHI,Wendell Carter Jr.,SAME_DAY_PLAYED,0022000572,CHI,906,,2021-03-03,2021-03-12,9,,NO_AUTOMATIC_HEALTH_INFERENCE,NOT_SELECTED,Review causal health/registration separately; never map missing row to healthy or injured
CHI_WATCH_ONLY,2021-03-12_CHI_MIA,2021-03-12,CHI,Wendell Carter Jr.,SAME_DAY_PLAYED,0022000582,CHI,1347,,2021-03-11,2021-03-14,3,,NO_AUTOMATIC_HEALTH_INFERENCE,NOT_SELECTED,Review causal health/registration separately; never map missing row to healthy or injured
CHI_WATCH_ONLY,2021-03-14_CHI_TOR,2021-03-14,CHI,Wendell Carter Jr.,SAME_DAY_PLAYED,0022000600,CHI,1131,,2021-03-12,2021-03-16,4,,NO_AUTOMATIC_HEALTH_INFERENCE,NOT_SELECTED,Review causal health/registration separately; never map missing row to healthy or injured
CHI_WATCH_ONLY,2021-03-16_CHI_OKC,2021-03-16,CHI,Wendell Carter Jr.,SAME_DAY_PLAYED,0022000612,CHI,1365,,2021-03-14,2021-03-17,3,,NO_AUTOMATIC_HEALTH_INFERENCE,NOT_SELECTED,Review causal health/registration separately; never map missing row to healthy or injured
CHI_WATCH_ONLY,2021-03-17_CHI_SAS,2021-03-17,CHI,Wendell Carter Jr.,SAME_DAY_PLAYED,0022000621,CHI,1036,,2021-03-16,2021-03-19,3,,NO_AUTOMATIC_HEALTH_INFERENCE,NOT_SELECTED,Review causal health/registration separately; never map missing row to healthy or injured
CHI_WATCH_ONLY,2021-03-19_DEN_CHI,2021-03-19,CHI,Wendell Carter Jr.,SAME_DAY_PLAYED,0022000637,CHI,1406,,2021-03-17,2021-03-21,4,,NO_AUTOMATIC_HEALTH_INFERENCE,NOT_SELECTED,Review causal health/registration separately; never map missing row to healthy or injured
CHI_WATCH_ONLY,2021-03-21_DET_CHI,2021-03-21,CHI,Wendell Carter Jr.,SAME_DAY_PLAYED,0022000649,CHI,817,,2021-03-19,2021-03-22,3,,NO_AUTOMATIC_HEALTH_INFERENCE,NOT_SELECTED,Review causal health/registration separately; never map missing row to healthy or injured
CHI_WATCH_ONLY,2021-03-22_CHI_UTA,2021-03-22,CHI,Wendell Carter Jr.,SAME_DAY_PLAYED,0022000656,CHI,1073,,2021-03-21,2021-03-24,3,,NO_AUTOMATIC_HEALTH_INFERENCE,NOT_SELECTED,Review causal health/registration separately; never map missing row to healthy or injured
CHI_WATCH_ONLY,2021-03-24_CHI_CLE,2021-03-24,CHI,Wendell Carter Jr.,SAME_DAY_PLAYED,0022000671,CHI,1343,,2021-03-22,2021-03-28,6,,NO_AUTOMATIC_HEALTH_INFERENCE,NOT_SELECTED,Review causal health/registration separately; never map missing row to healthy or injured
CHI_WATCH_ONLY,2021-03-27_SAS_CHI,2021-03-27,CHI,Wendell Carter Jr.,NO_SAME_DAY_ROW,,,,,2021-03-24,2021-03-28,4,,NO_AUTOMATIC_HEALTH_INFERENCE,NOT_SELECTED,Review causal health/registration separately; never map missing row to healthy or injured
CHI_WATCH_ONLY,2021-03-29_GSW_CHI,2021-03-29,CHI,Wendell Carter Jr.,NO_SAME_DAY_ROW,,,,,2021-03-28,2021-03-30,2,,NO_AUTOMATIC_HEALTH_INFERENCE,NOT_SELECTED,Review causal health/registration separately; never map missing row to healthy or injured
CHI_WATCH_ONLY,2021-03-31_PHX_CHI,2021-03-31,CHI,Wendell Carter Jr.,NO_SAME_DAY_ROW,,,,,2021-03-30,2021-04-01,2,,NO_AUTOMATIC_HEALTH_INFERENCE,NOT_SELECTED,Review causal health/registration separately; never map missing row to healthy or injured
CHI_WATCH_ONLY,2021-04-02_UTA_CHI,2021-04-02,CHI,Wendell Carter Jr.,NO_SAME_DAY_ROW,,,,,2021-04-01,2021-04-03,2,,NO_AUTOMATIC_HEALTH_INFERENCE,NOT_SELECTED,Review causal health/registration separately; never map missing row to healthy or injured
CHI_WATCH_ONLY,2021-04-04_CHI_BKN,2021-04-04,CHI,Wendell Carter Jr.,SAME_DAY_PLAYED,0022000761,ORL,2087,,2021-04-03,2021-04-07,4,,NO_AUTOMATIC_HEALTH_INFERENCE,NOT_SELECTED,Review causal health/registration separately; never map missing row to healthy or injured
CHI_WATCH_ONLY,2021-04-06_IND_CHI,2021-04-06,CHI,Wendell Carter Jr.,NO_SAME_DAY_ROW,,,,,2021-04-04,2021-04-07,3,,NO_AUTOMATIC_HEALTH_INFERENCE,NOT_SELECTED,Review causal health/registration separately; never map missing row to healthy or injured
CHI_WATCH_ONLY,2021-04-08_TOR_CHI,2021-04-08,CHI,Wendell Carter Jr.,NO_SAME_DAY_ROW,,,,,2021-04-07,2021-04-09,2,,NO_AUTOMATIC_HEALTH_INFERENCE,NOT_SELECTED,Review causal health/registration separately; never map missing row to healthy or injured
CHI_WATCH_ONLY,2021-04-09_ATL_CHI,2021-04-09,CHI,Wendell Carter Jr.,SAME_DAY_PLAYED,0022000790,ORL,1548,,2021-04-07,2021-04-11,4,,NO_AUTOMATIC_HEALTH_INFERENCE,NOT_SELECTED,Review causal health/registration separately; never map missing row to healthy or injured
CHI_WATCH_ONLY,2021-04-11_MIN_CHI,2021-04-11,CHI,Wendell Carter Jr.,SAME_DAY_PLAYED,0022000808,ORL,1630,,2021-04-09,2021-04-12,3,,NO_AUTOMATIC_HEALTH_INFERENCE,NOT_SELECTED,Review causal health/registration separately; never map missing row to healthy or injured
CHI_WATCH_ONLY,2021-04-12_MEM_CHI,2021-04-12,CHI,Wendell Carter Jr.,SAME_DAY_PLAYED,0022000816,ORL,1796,,2021-04-11,2021-04-14,3,,NO_AUTOMATIC_HEALTH_INFERENCE,NOT_SELECTED,Review causal health/registration separately; never map missing row to healthy or injured
CHI_WATCH_ONLY,2021-04-14_CHI_ORL,2021-04-14,CHI,Wendell Carter Jr.,SAME_DAY_PLAYED,0022000833,ORL,1874,,2021-04-12,2021-04-16,4,,NO_AUTOMATIC_HEALTH_INFERENCE,NOT_SELECTED,Review causal health/registration separately; never map missing row to healthy or injured
CHI_WATCH_ONLY,2021-04-16_CHI_MEM,2021-04-16,CHI,Wendell Carter Jr.,SAME_DAY_PLAYED,0022000849,ORL,1893,,2021-04-14,2021-04-18,4,,NO_AUTOMATIC_HEALTH_INFERENCE,NOT_SELECTED,Review causal health/registration separately; never map missing row to healthy or injured
CHI_WATCH_ONLY,2021-04-17_CHI_CLE,2021-04-17,CHI,Wendell Carter Jr.,NO_SAME_DAY_ROW,,,,,2021-04-16,2021-04-18,2,,NO_AUTOMATIC_HEALTH_INFERENCE,NOT_SELECTED,Review causal health/registration separately; never map missing row to healthy or injured
CHI_WATCH_ONLY,2021-04-19_BOS_CHI,2021-04-19,CHI,Wendell Carter Jr.,NO_SAME_DAY_ROW,,,,,2021-04-18,2021-04-20,2,,NO_AUTOMATIC_HEALTH_INFERENCE,NOT_SELECTED,Review causal health/registration separately; never map missing row to healthy or injured
CHI_WATCH_ONLY,2021-04-21_CLE_CHI,2021-04-21,CHI,Wendell Carter Jr.,NO_SAME_DAY_ROW,,,,,2021-04-20,2021-04-22,2,,NO_AUTOMATIC_HEALTH_INFERENCE,NOT_SELECTED,Review causal health/registration separately; never map missing row to healthy or injured
CHI_WATCH_ONLY,2021-04-22_CHI_CHA,2021-04-22,CHI,Wendell Carter Jr.,SAME_DAY_RESTRICTED,0022000893,ORL,0,DNP - Injury/Illness,2021-04-20,2021-04-25,5,,RESTRICTED_SOURCE_REVIEW,NOT_SELECTED,Review causal health/registration separately; never map missing row to healthy or injured
CHI_WATCH_ONLY,2021-04-24_MIA_CHI,2021-04-24,CHI,Wendell Carter Jr.,NO_SAME_DAY_ROW,,,,,2021-04-22,2021-04-25,3,,NO_AUTOMATIC_HEALTH_INFERENCE,NOT_SELECTED,Review causal health/registration separately; never map missing row to healthy or injured
CHI_WATCH_ONLY,2021-04-26_MIA_CHI,2021-04-26,CHI,Wendell Carter Jr.,SAME_DAY_PLAYED,0022000917,ORL,1737,,2021-04-25,2021-04-28,3,,NO_AUTOMATIC_HEALTH_INFERENCE,NOT_SELECTED,Review causal health/registration separately; never map missing row to healthy or injured
CHI_WATCH_ONLY,2021-04-28_NYK_CHI,2021-04-28,CHI,Wendell Carter Jr.,SAME_DAY_PLAYED,0022000933,ORL,1266,,2021-04-26,2021-04-30,4,,NO_AUTOMATIC_HEALTH_INFERENCE,NOT_SELECTED,Review causal health/registration separately; never map missing row to healthy or injured
CHI_WATCH_ONLY,2021-04-30_CHI_MIL,2021-04-30,CHI,Wendell Carter Jr.,SAME_DAY_PLAYED,0022000953,ORL,1322,,2021-04-28,2021-05-01,3,,NO_AUTOMATIC_HEALTH_INFERENCE,NOT_SELECTED,Review causal health/registration separately; never map missing row to healthy or injured
CHI_WATCH_ONLY,2021-05-01_ATL_CHI,2021-05-01,CHI,Wendell Carter Jr.,SAME_DAY_PLAYED,0022000961,ORL,1617,,2021-04-30,2021-05-03,3,,NO_AUTOMATIC_HEALTH_INFERENCE,NOT_SELECTED,Review causal health/registration separately; never map missing row to healthy or injured
CHI_WATCH_ONLY,2021-05-03_CHI_PHI,2021-05-03,CHI,Wendell Carter Jr.,SAME_DAY_PLAYED,0022000975,ORL,1163,,2021-05-01,2021-05-05,4,,NO_AUTOMATIC_HEALTH_INFERENCE,NOT_SELECTED,Review causal health/registration separately; never map missing row to healthy or injured
CHI_WATCH_ONLY,2021-05-06_CHA_CHI,2021-05-06,CHI,Wendell Carter Jr.,NO_SAME_DAY_ROW,,,,,2021-05-05,2021-05-07,2,,NO_AUTOMATIC_HEALTH_INFERENCE,NOT_SELECTED,Review causal health/registration separately; never map missing row to healthy or injured
CHI_WATCH_ONLY,2021-05-07_CHI_BOS,2021-05-07,CHI,Wendell Carter Jr.,SAME_DAY_RESTRICTED,0022001004,ORL,0,NWT - Injury/Illness,2021-05-05,2021-05-09,4,,RESTRICTED_SOURCE_REVIEW,NOT_SELECTED,Review causal health/registration separately; never map missing row to healthy or injured
CHI_WATCH_ONLY,2021-05-09_DET_CHI,2021-05-09,CHI,Wendell Carter Jr.,SAME_DAY_RESTRICTED,0022001022,ORL,0,DND - Injury/Illness,2021-05-07,2021-05-11,4,,RESTRICTED_SOURCE_REVIEW,NOT_SELECTED,Review causal health/registration separately; never map missing row to healthy or injured
CHI_WATCH_ONLY,2021-05-11_CHI_BKN,2021-05-11,CHI,Wendell Carter Jr.,SAME_DAY_PLAYED,0022001038,ORL,1857,,2021-05-09,2021-05-13,4,,NO_AUTOMATIC_HEALTH_INFERENCE,NOT_SELECTED,Review causal health/registration separately; never map missing row to healthy or injured
CHI_WATCH_ONLY,2021-05-13_CHI_TOR,2021-05-13,CHI,Wendell Carter Jr.,SAME_DAY_PLAYED,0022001049,ORL,1640,,2021-05-11,2021-05-14,3,,NO_AUTOMATIC_HEALTH_INFERENCE,NOT_SELECTED,Review causal health/registration separately; never map missing row to healthy or injured
CHI_WATCH_ONLY,2021-05-15_BKN_CHI,2021-05-15,CHI,Wendell Carter Jr.,NO_SAME_DAY_ROW,,,,,2021-05-14,2021-05-16,2,,NO_AUTOMATIC_HEALTH_INFERENCE,NOT_SELECTED,Review causal health/registration separately; never map missing row to healthy or injured
CHI_WATCH_ONLY,2021-05-16_CHI_MIL,2021-05-16,CHI,Wendell Carter Jr.,SAME_DAY_RESTRICTED,0022001075,ORL,0,DND - Injury/Illness,2021-05-14,,,2,RESTRICTED_SOURCE_REVIEW,NOT_SELECTED,Review causal health/registration separately; never map missing row to healthy or injured
NEW_TEAM_TARGET,2020-12-23_CLE_CHA,2020-12-23,CHA,Anthony Edwards,SAME_DAY_PLAYED,0022000018,MIN,1509,,,2020-12-26,,3,NO_AUTOMATIC_HEALTH_INFERENCE,NOT_SELECTED,Review causal health/registration separately; never map missing row to healthy or injured
NEW_TEAM_TARGET,2020-12-26_CHA_OKC,2020-12-26,CHA,Anthony Edwards,SAME_DAY_PLAYED,0022000028,MIN,1340,,2020-12-23,2020-12-27,4,,NO_AUTOMATIC_HEALTH_INFERENCE,NOT_SELECTED,Review causal health/registration separately; never map missing row to healthy or injured
NEW_TEAM_TARGET,2020-12-27_CHA_BKN,2020-12-27,CHA,Anthony Edwards,SAME_DAY_PLAYED,0022000040,MIN,1712,,2020-12-26,2020-12-29,3,,NO_AUTOMATIC_HEALTH_INFERENCE,NOT_SELECTED,Review causal health/registration separately; never map missing row to healthy or injured
NEW_TEAM_TARGET,2020-12-30_DAL_CHA,2020-12-30,CHA,Anthony Edwards,NO_SAME_DAY_ROW,,,,,2020-12-29,2021-01-01,3,,NO_AUTOMATIC_HEALTH_INFERENCE,NOT_SELECTED,Review causal health/registration separately; never map missing row to healthy or injured
NEW_TEAM_TARGET,2021-01-01_CHA_MEM,2021-01-01,CHA,Anthony Edwards,SAME_DAY_PLAYED,0022000074,MIN,1581,,2020-12-29,2021-01-03,5,,NO_AUTOMATIC_HEALTH_INFERENCE,NOT_SELECTED,Review causal health/registration separately; never map missing row to healthy or injured
NEW_TEAM_TARGET,2021-01-02_PHI_CHA,2021-01-02,CHA,Anthony Edwards,NO_SAME_DAY_ROW,,,,,2021-01-01,2021-01-03,2,,NO_AUTOMATIC_HEALTH_INFERENCE,NOT_SELECTED,Review causal health/registration separately; never map missing row to healthy or injured
NEW_TEAM_TARGET,2021-01-04_PHI_CHA,2021-01-04,CHA,Anthony Edwards,NO_SAME_DAY_ROW,,,,,2021-01-03,2021-01-05,2,,NO_AUTOMATIC_HEALTH_INFERENCE,NOT_SELECTED,Review causal health/registration separately; never map missing row to healthy or injured
NEW_TEAM_TARGET,2021-01-06_ATL_CHA,2021-01-06,CHA,Anthony Edwards,NO_SAME_DAY_ROW,,,,,2021-01-05,2021-01-07,2,,NO_AUTOMATIC_HEALTH_INFERENCE,NOT_SELECTED,Review causal health/registration separately; never map missing row to healthy or injured
NEW_TEAM_TARGET,2021-01-08_NOP_CHA,2021-01-08,CHA,Anthony Edwards,NO_SAME_DAY_ROW,,,,,2021-01-07,2021-01-09,2,,NO_AUTOMATIC_HEALTH_INFERENCE,NOT_SELECTED,Review causal health/registration separately; never map missing row to healthy or injured
NEW_TEAM_TARGET,2021-01-09_CHA_ATL,2021-01-09,CHA,Anthony Edwards,SAME_DAY_PLAYED,0022000138,MIN,1816,,2021-01-07,2021-01-10,3,,NO_AUTOMATIC_HEALTH_INFERENCE,NOT_SELECTED,Review causal health/registration separately; never map missing row to healthy or injured
NEW_TEAM_TARGET,2021-01-11_CHA_NYK,2021-01-11,CHA,Anthony Edwards,NO_SAME_DAY_ROW,,,,,2021-01-10,2021-01-13,3,,NO_AUTOMATIC_HEALTH_INFERENCE,NOT_SELECTED,Review causal health/registration separately; never map missing row to healthy or injured
NEW_TEAM_TARGET,2021-01-13_CHA_DAL,2021-01-13,CHA,Anthony Edwards,SAME_DAY_PLAYED,0022000169,MIN,1011,,2021-01-10,2021-01-18,8,,NO_AUTOMATIC_HEALTH_INFERENCE,NOT_SELECTED,Review causal health/registration separately; never map missing row to healthy or injured
NEW_TEAM_TARGET,2021-01-14_TOR_CHA,2021-01-14,CHA,Anthony Edwards,NO_SAME_DAY_ROW,,,,,2021-01-13,2021-01-18,5,,NO_AUTOMATIC_HEALTH_INFERENCE,NOT_SELECTED,Review causal health/registration separately; never map missing row to healthy or injured
NEW_TEAM_TARGET,2021-01-16_TOR_CHA,2021-01-16,CHA,Anthony Edwards,NO_SAME_DAY_ROW,,,,,2021-01-13,2021-01-18,5,,NO_AUTOMATIC_HEALTH_INFERENCE,NOT_SELECTED,Review causal health/registration separately; never map missing row to healthy or injured
NEW_TEAM_TARGET,2021-01-22_CHA_CHI,2021-01-22,CHA,Anthony Edwards,SAME_DAY_PLAYED,0022000236,MIN,1441,,2021-01-20,2021-01-23,3,,NO_AUTOMATIC_HEALTH_INFERENCE,NOT_SELECTED,Review causal health/registration separately; never map missing row to healthy or injured
NEW_TEAM_TARGET,2021-01-24_ORL_CHA,2021-01-24,CHA,Anthony Edwards,NO_SAME_DAY_ROW,,,,,2021-01-23,2021-01-25,2,,NO_AUTOMATIC_HEALTH_INFERENCE,NOT_SELECTED,Review causal health/registration separately; never map missing row to healthy or injured
NEW_TEAM_TARGET,2021-01-25_ORL_CHA,2021-01-25,CHA,Anthony Edwards,SAME_DAY_PLAYED,0022000266,MIN,1633,,2021-01-23,2021-01-27,4,,NO_AUTOMATIC_HEALTH_INFERENCE,NOT_SELECTED,Review causal health/registration separately; never map missing row to healthy or injured
NEW_TEAM_TARGET,2021-01-27_CHA_IND,2021-01-27,CHA,Anthony Edwards,SAME_DAY_PLAYED,0022000283,MIN,1943,,2021-01-25,2021-01-29,4,,NO_AUTOMATIC_HEALTH_INFERENCE,NOT_SELECTED,Review causal health/registration separately; never map missing row to healthy or injured
NEW_TEAM_TARGET,2021-01-29_CHA_IND,2021-01-29,CHA,Anthony Edwards,SAME_DAY_PLAYED,0022000294,MIN,1728,,2021-01-27,2021-01-31,4,,NO_AUTOMATIC_HEALTH_INFERENCE,NOT_SELECTED,Review causal health/registration separately; never map missing row to healthy or injured
NEW_TEAM_TARGET,2021-01-30_CHA_MIL,2021-01-30,CHA,Anthony Edwards,NO_SAME_DAY_ROW,,,,,2021-01-29,2021-01-31,2,,NO_AUTOMATIC_HEALTH_INFERENCE,NOT_SELECTED,Review causal health/registration separately; never map missing row to healthy or injured
NEW_TEAM_TARGET,2021-02-01_MIA_CHA,2021-02-01,CHA,Anthony Edwards,SAME_DAY_PLAYED,0022000312,MIN,1878,,2021-01-31,2021-02-03,3,,NO_AUTOMATIC_HEALTH_INFERENCE,NOT_SELECTED,Review causal health/registration separately; never map missing row to healthy or injured
NEW_TEAM_TARGET,2021-02-03_CHA_PHI,2021-02-03,CHA,Anthony Edwards,SAME_DAY_PLAYED,0022000334,MIN,1894,,2021-02-01,2021-02-05,4,,NO_AUTOMATIC_HEALTH_INFERENCE,NOT_SELECTED,Review causal health/registration separately; never map missing row to healthy or injured
NEW_TEAM_TARGET,2021-02-05_CHA_UTA,2021-02-05,CHA,Anthony Edwards,SAME_DAY_PLAYED,0022000348,MIN,1936,,2021-02-03,2021-02-06,3,,NO_AUTOMATIC_HEALTH_INFERENCE,NOT_SELECTED,Review causal health/registration separately; never map missing row to healthy or injured
NEW_TEAM_TARGET,2021-02-07_CHA_WAS,2021-02-07,CHA,Anthony Edwards,NO_SAME_DAY_ROW,,,,,2021-02-06,2021-02-08,2,,NO_AUTOMATIC_HEALTH_INFERENCE,NOT_SELECTED,Review causal health/registration separately; never map missing row to healthy or injured
NEW_TEAM_TARGET,2021-02-08_CHA_HOU,2021-02-08,CHA,Anthony Edwards,SAME_DAY_PLAYED,0022000370,MIN,1856,,2021-02-06,2021-02-10,4,,NO_AUTOMATIC_HEALTH_INFERENCE,NOT_SELECTED,Review causal health/registration separately; never map missing row to healthy or injured
NEW_TEAM_TARGET,2021-02-10_MEM_CHA,2021-02-10,CHA,Anthony Edwards,SAME_DAY_PLAYED,0022000387,MIN,1784,,2021-02-08,2021-02-12,4,,NO_AUTOMATIC_HEALTH_INFERENCE,NOT_SELECTED,Review causal health/registration separately; never map missing row to healthy or injured
NEW_TEAM_TARGET,2021-02-12_CHA_MIN,2021-02-12,CHA,Anthony Edwards,SAME_DAY_PLAYED,0022000395,MIN,2038,,2021-02-10,2021-02-14,4,,NO_AUTOMATIC_HEALTH_INFERENCE,NOT_SELECTED,Review causal health/registration separately; never map missing row to healthy or injured
NEW_TEAM_TARGET,2021-02-14_CHA_SAS,2021-02-14,CHA,Anthony Edwards,SAME_DAY_PLAYED,0022000413,MIN,2097,,2021-02-12,2021-02-16,4,,NO_AUTOMATIC_HEALTH_INFERENCE,NOT_SELECTED,Review causal health/registration separately; never map missing row to healthy or injured
NEW_TEAM_TARGET,2021-02-20_CHA_GSW,2021-02-20,CHA,Anthony Edwards,NO_SAME_DAY_ROW,,,,,2021-02-19,2021-02-21,2,,NO_AUTOMATIC_HEALTH_INFERENCE,NOT_SELECTED,Review causal health/registration separately; never map missing row to healthy or injured
NEW_TEAM_TARGET,2021-02-22_UTA_CHA,2021-02-22,CHA,Anthony Edwards,NO_SAME_DAY_ROW,,,,,2021-02-21,2021-02-23,2,,NO_AUTOMATIC_HEALTH_INFERENCE,NOT_SELECTED,Review causal health/registration separately; never map missing row to healthy or injured
NEW_TEAM_TARGET,2021-02-24_PHX_CHA,2021-02-24,CHA,Anthony Edwards,SAME_DAY_PLAYED,0022000493,MIN,2217,,2021-02-23,2021-02-27,4,,NO_AUTOMATIC_HEALTH_INFERENCE,NOT_SELECTED,Review causal health/registration separately; never map missing row to healthy or injured
NEW_TEAM_TARGET,2021-02-26_GSW_CHA,2021-02-26,CHA,Anthony Edwards,NO_SAME_DAY_ROW,,,,,2021-02-24,2021-02-27,3,,NO_AUTOMATIC_HEALTH_INFERENCE,NOT_SELECTED,Review causal health/registration separately; never map missing row to healthy or injured
NEW_TEAM_TARGET,2021-02-28_SAC_CHA,2021-02-28,CHA,Anthony Edwards,SAME_DAY_PLAYED,0022000526,MIN,2129,,2021-02-27,2021-03-03,4,,NO_AUTOMATIC_HEALTH_INFERENCE,NOT_SELECTED,Review causal health/registration separately; never map missing row to healthy or injured
NEW_TEAM_TARGET,2021-03-01_POR_CHA,2021-03-01,CHA,Anthony Edwards,NO_SAME_DAY_ROW,,,,,2021-02-28,2021-03-03,3,,NO_AUTOMATIC_HEALTH_INFERENCE,NOT_SELECTED,Review causal health/registration separately; never map missing row to healthy or injured
NEW_TEAM_TARGET,2021-03-03_MIN_CHA,2021-03-03,CHA,Anthony Edwards,SAME_DAY_PLAYED,0022000547,MIN,1989,,2021-02-28,2021-03-11,11,,NO_AUTOMATIC_HEALTH_INFERENCE,NOT_SELECTED,Review causal health/registration separately; never map missing row to healthy or injured
NEW_TEAM_TARGET,2021-03-11_CHA_DET,2021-03-11,CHA,Anthony Edwards,SAME_DAY_PLAYED,0022000574,MIN,2242,,2021-03-03,2021-03-13,10,,NO_AUTOMATIC_HEALTH_INFERENCE,NOT_SELECTED,Review causal health/registration separately; never map missing row to healthy or injured
NEW_TEAM_TARGET,2021-03-13_CHA_TOR,2021-03-13,CHA,Anthony Edwards,SAME_DAY_PLAYED,0022000591,MIN,1769,,2021-03-11,2021-03-14,3,,NO_AUTOMATIC_HEALTH_INFERENCE,NOT_SELECTED,Review causal health/registration separately; never map missing row to healthy or injured
NEW_TEAM_TARGET,2021-03-15_CHA_SAC,2021-03-15,CHA,Anthony Edwards,NO_SAME_DAY_ROW,,,,,2021-03-14,2021-03-16,2,,NO_AUTOMATIC_HEALTH_INFERENCE,NOT_SELECTED,Review causal health/registration separately; never map missing row to healthy or injured
NEW_TEAM_TARGET,2021-03-17_DEN_CHA,2021-03-17,CHA,Anthony Edwards,NO_SAME_DAY_ROW,,,,,2021-03-16,2021-03-18,2,,NO_AUTOMATIC_HEALTH_INFERENCE,NOT_SELECTED,Review causal health/registration separately; never map missing row to healthy or injured
NEW_TEAM_TARGET,2021-03-18_LAL_CHA,2021-03-18,CHA,Anthony Edwards,SAME_DAY_PLAYED,0022000628,MIN,2297,,2021-03-16,2021-03-19,3,,NO_AUTOMATIC_HEALTH_INFERENCE,NOT_SELECTED,Review causal health/registration separately; never map missing row to healthy or injured
NEW_TEAM_TARGET,2021-03-20_LAC_CHA,2021-03-20,CHA,Anthony Edwards,NO_SAME_DAY_ROW,,,,,2021-03-19,2021-03-22,3,,NO_AUTOMATIC_HEALTH_INFERENCE,NOT_SELECTED,Review causal health/registration separately; never map missing row to healthy or injured
NEW_TEAM_TARGET,2021-03-22_SAS_CHA,2021-03-22,CHA,Anthony Edwards,SAME_DAY_PLAYED,0022000654,MIN,1930,,2021-03-19,2021-03-24,5,,NO_AUTOMATIC_HEALTH_INFERENCE,NOT_SELECTED,Review causal health/registration separately; never map missing row to healthy or injured
NEW_TEAM_TARGET,2021-03-24_HOU_CHA,2021-03-24,CHA,Anthony Edwards,SAME_DAY_PLAYED,0022000673,MIN,2235,,2021-03-22,2021-03-26,4,,NO_AUTOMATIC_HEALTH_INFERENCE,NOT_SELECTED,Review causal health/registration separately; never map missing row to healthy or injured
NEW_TEAM_TARGET,2021-03-26_CHA_MIA,2021-03-26,CHA,Anthony Edwards,SAME_DAY_PLAYED,0022000688,MIN,1985,,2021-03-24,2021-03-27,3,,NO_AUTOMATIC_HEALTH_INFERENCE,NOT_SELECTED,Review causal health/registration separately; never map missing row to healthy or injured
NEW_TEAM_TARGET,2021-03-28_CHA_PHX,2021-03-28,CHA,Anthony Edwards,NO_SAME_DAY_ROW,,,,,2021-03-27,2021-03-29,2,,NO_AUTOMATIC_HEALTH_INFERENCE,NOT_SELECTED,Review causal health/registration separately; never map missing row to healthy or injured
NEW_TEAM_TARGET,2021-03-30_WAS_CHA,2021-03-30,CHA,Anthony Edwards,NO_SAME_DAY_ROW,,,,,2021-03-29,2021-03-31,2,,NO_AUTOMATIC_HEALTH_INFERENCE,NOT_SELECTED,Review causal health/registration separately; never map missing row to healthy or injured
NEW_TEAM_TARGET,2021-04-01_BKN_CHA,2021-04-01,CHA,Anthony Edwards,NO_SAME_DAY_ROW,,,,,2021-03-31,2021-04-02,2,,NO_AUTOMATIC_HEALTH_INFERENCE,NOT_SELECTED,Review causal health/registration separately; never map missing row to healthy or injured
NEW_TEAM_TARGET,2021-04-02_IND_CHA,2021-04-02,CHA,Anthony Edwards,SAME_DAY_PLAYED,0022000741,MIN,1859,,2021-03-31,2021-04-03,3,,NO_AUTOMATIC_HEALTH_INFERENCE,NOT_SELECTED,Review causal health/registration separately; never map missing row to healthy or injured
NEW_TEAM_TARGET,2021-04-04_BOS_CHA,2021-04-04,CHA,Anthony Edwards,NO_SAME_DAY_ROW,,,,,2021-04-03,2021-04-05,2,,NO_AUTOMATIC_HEALTH_INFERENCE,NOT_SELECTED,Review causal health/registration separately; never map missing row to healthy or injured
NEW_TEAM_TARGET,2021-04-07_OKC_CHA,2021-04-07,CHA,Anthony Edwards,SAME_DAY_PLAYED,0022000776,MIN,2032,,2021-04-05,2021-04-09,4,,NO_AUTOMATIC_HEALTH_INFERENCE,NOT_SELECTED,Review causal health/registration separately; never map missing row to healthy or injured
NEW_TEAM_TARGET,2021-04-09_MIL_CHA,2021-04-09,CHA,Anthony Edwards,SAME_DAY_PLAYED,0022000792,MIN,2426,,2021-04-07,2021-04-11,4,,NO_AUTOMATIC_HEALTH_INFERENCE,NOT_SELECTED,Review causal health/registration separately; never map missing row to healthy or injured
NEW_TEAM_TARGET,2021-04-11_CHA_ATL,2021-04-11,CHA,Anthony Edwards,SAME_DAY_PLAYED,0022000812,MIN,2149,,2021-04-09,2021-04-13,4,,NO_AUTOMATIC_HEALTH_INFERENCE,NOT_SELECTED,Review causal health/registration separately; never map missing row to healthy or injured
NEW_TEAM_TARGET,2021-04-13_CHA_LAL,2021-04-13,CHA,Anthony Edwards,SAME_DAY_PLAYED,0022000817,MIN,1992,,2021-04-11,2021-04-14,3,,NO_AUTOMATIC_HEALTH_INFERENCE,NOT_SELECTED,Review causal health/registration separately; never map missing row to healthy or injured
NEW_TEAM_TARGET,2021-04-14_CHA_CLE,2021-04-14,CHA,Anthony Edwards,SAME_DAY_PLAYED,0022000834,MIN,1854,,2021-04-13,2021-04-16,3,,NO_AUTOMATIC_HEALTH_INFERENCE,NOT_SELECTED,Review causal health/registration separately; never map missing row to healthy or injured
NEW_TEAM_TARGET,2021-04-16_BKN_CHA,2021-04-16,CHA,Anthony Edwards,SAME_DAY_PLAYED,0022000852,MIN,1820,,2021-04-14,2021-04-18,4,,NO_AUTOMATIC_HEALTH_INFERENCE,NOT_SELECTED,Review causal health/registration separately; never map missing row to healthy or injured
NEW_TEAM_TARGET,2021-04-18_CHA_POR,2021-04-18,CHA,Anthony Edwards,SAME_DAY_PLAYED,0022000867,MIN,1720,,2021-04-16,2021-04-20,4,,NO_AUTOMATIC_HEALTH_INFERENCE,NOT_SELECTED,Review causal health/registration separately; never map missing row to healthy or injured
NEW_TEAM_TARGET,2021-04-20_NYK_CHA,2021-04-20,CHA,Anthony Edwards,SAME_DAY_PLAYED,0022000880,MIN,2274,,2021-04-18,2021-04-21,3,,NO_AUTOMATIC_HEALTH_INFERENCE,NOT_SELECTED,Review causal health/registration separately; never map missing row to healthy or injured
NEW_TEAM_TARGET,2021-04-22_CHI_CHA,2021-04-22,CHA,Anthony Edwards,NO_SAME_DAY_ROW,,,,,2021-04-21,2021-04-24,3,,NO_AUTOMATIC_HEALTH_INFERENCE,NOT_SELECTED,Review causal health/registration separately; never map missing row to healthy or injured
NEW_TEAM_TARGET,2021-04-23_CHA_CLE,2021-04-23,CHA,Anthony Edwards,NO_SAME_DAY_ROW,,,,,2021-04-21,2021-04-24,3,,NO_AUTOMATIC_HEALTH_INFERENCE,NOT_SELECTED,Review causal health/registration separately; never map missing row to healthy or injured
NEW_TEAM_TARGET,2021-04-25_CHA_BOS,2021-04-25,CHA,Anthony Edwards,NO_SAME_DAY_ROW,,,,,2021-04-24,2021-04-26,2,,NO_AUTOMATIC_HEALTH_INFERENCE,NOT_SELECTED,Review causal health/registration separately; never map missing row to healthy or injured
NEW_TEAM_TARGET,2021-04-27_CHA_MIL,2021-04-27,CHA,Anthony Edwards,SAME_DAY_PLAYED,0022000931,MIN,1984,,2021-04-26,2021-04-29,3,,NO_AUTOMATIC_HEALTH_INFERENCE,NOT_SELECTED,Review causal health/registration separately; never map missing row to healthy or injured
NEW_TEAM_TARGET,2021-04-28_BOS_CHA,2021-04-28,CHA,Anthony Edwards,NO_SAME_DAY_ROW,,,,,2021-04-27,2021-04-29,2,,NO_AUTOMATIC_HEALTH_INFERENCE,NOT_SELECTED,Review causal health/registration separately; never map missing row to healthy or injured
NEW_TEAM_TARGET,2021-05-01_CHA_DET,2021-05-01,CHA,Anthony Edwards,SAME_DAY_PLAYED,0022000962,MIN,2292,,2021-04-29,2021-05-05,6,,NO_AUTOMATIC_HEALTH_INFERENCE,NOT_SELECTED,Review causal health/registration separately; never map missing row to healthy or injured
NEW_TEAM_TARGET,2021-05-02_CHA_MIA,2021-05-02,CHA,Anthony Edwards,NO_SAME_DAY_ROW,,,,,2021-05-01,2021-05-05,4,,NO_AUTOMATIC_HEALTH_INFERENCE,NOT_SELECTED,Review causal health/registration separately; never map missing row to healthy or injured
NEW_TEAM_TARGET,2021-05-04_DET_CHA,2021-05-04,CHA,Anthony Edwards,NO_SAME_DAY_ROW,,,,,2021-05-01,2021-05-05,4,,NO_AUTOMATIC_HEALTH_INFERENCE,NOT_SELECTED,Review causal health/registration separately; never map missing row to healthy or injured
NEW_TEAM_TARGET,2021-05-06_CHA_CHI,2021-05-06,CHA,Anthony Edwards,NO_SAME_DAY_ROW,,,,,2021-05-05,2021-05-07,2,,NO_AUTOMATIC_HEALTH_INFERENCE,NOT_SELECTED,Review causal health/registration separately; never map missing row to healthy or injured
NEW_TEAM_TARGET,2021-05-07_CHA_ORL,2021-05-07,CHA,Anthony Edwards,SAME_DAY_PLAYED,0022001005,MIN,2481,,2021-05-05,2021-05-09,4,,NO_AUTOMATIC_HEALTH_INFERENCE,NOT_SELECTED,Review causal health/registration separately; never map missing row to healthy or injured
NEW_TEAM_TARGET,2021-05-09_CHA_NOP,2021-05-09,CHA,Anthony Edwards,SAME_DAY_PLAYED,0022001022,MIN,1738,,2021-05-07,2021-05-11,4,,NO_AUTOMATIC_HEALTH_INFERENCE,NOT_SELECTED,Review causal health/registration separately; never map missing row to healthy or injured
NEW_TEAM_TARGET,2021-05-11_CHA_DEN,2021-05-11,CHA,Anthony Edwards,SAME_DAY_PLAYED,0022001033,MIN,2044,,2021-05-09,2021-05-13,4,,NO_AUTOMATIC_HEALTH_INFERENCE,NOT_SELECTED,Review causal health/registration separately; never map missing row to healthy or injured
NEW_TEAM_TARGET,2021-05-13_CHA_LAC,2021-05-13,CHA,Anthony Edwards,SAME_DAY_PLAYED,0022001052,MIN,2369,,2021-05-11,2021-05-15,4,,NO_AUTOMATIC_HEALTH_INFERENCE,NOT_SELECTED,Review causal health/registration separately; never map missing row to healthy or injured
NEW_TEAM_TARGET,2021-05-15_NYK_CHA,2021-05-15,CHA,Anthony Edwards,SAME_DAY_PLAYED,0022001063,MIN,2030,,2021-05-13,2021-05-16,3,,NO_AUTOMATIC_HEALTH_INFERENCE,NOT_SELECTED,Review causal health/registration separately; never map missing row to healthy or injured
NEW_TEAM_TARGET,2021-05-16_WAS_CHA,2021-05-16,CHA,Anthony Edwards,SAME_DAY_PLAYED,0022001071,MIN,2293,,2021-05-15,,,1,NO_AUTOMATIC_HEALTH_INFERENCE,NOT_SELECTED,Review causal health/registration separately; never map missing row to healthy or injured
NEW_TEAM_TARGET,2020-12-23_CLE_CHA,2020-12-23,CHA,Tyrell Terry,SAME_DAY_COACH_DNP,0022000004,DAL,0,DNP - Coach's Decision,,2020-12-25,,2,NO_AUTOMATIC_HEALTH_INFERENCE,NOT_SELECTED,Review causal health/registration separately; never map missing row to healthy or injured
NEW_TEAM_TARGET,2020-12-26_CHA_OKC,2020-12-26,CHA,Tyrell Terry,NO_SAME_DAY_ROW,,,,,2020-12-25,2020-12-27,2,,NO_AUTOMATIC_HEALTH_INFERENCE,NOT_SELECTED,Review causal health/registration separately; never map missing row to healthy or injured
NEW_TEAM_TARGET,2020-12-27_CHA_BKN,2020-12-27,CHA,Tyrell Terry,SAME_DAY_PLAYED,0022000031,DAL,526,,2020-12-25,2020-12-30,5,,NO_AUTOMATIC_HEALTH_INFERENCE,NOT_SELECTED,Review causal health/registration separately; never map missing row to healthy or injured
NEW_TEAM_TARGET,2020-12-30_DAL_CHA,2020-12-30,CHA,Tyrell Terry,SAME_DAY_PLAYED,0022000059,DAL,220,,2020-12-27,2021-01-01,5,,NO_AUTOMATIC_HEALTH_INFERENCE,NOT_SELECTED,Review causal health/registration separately; never map missing row to healthy or injured
NEW_TEAM_TARGET,2021-01-01_CHA_MEM,2021-01-01,CHA,Tyrell Terry,SAME_DAY_COACH_DNP,0022000071,DAL,0,DNP - Coach's Decision,2020-12-30,2021-01-03,4,,NO_AUTOMATIC_HEALTH_INFERENCE,NOT_SELECTED,Review causal health/registration separately; never map missing row to healthy or injured
NEW_TEAM_TARGET,2021-01-02_PHI_CHA,2021-01-02,CHA,Tyrell Terry,NO_SAME_DAY_ROW,,,,,2021-01-01,2021-01-03,2,,NO_AUTOMATIC_HEALTH_INFERENCE,NOT_SELECTED,Review causal health/registration separately; never map missing row to healthy or injured
NEW_TEAM_TARGET,2021-01-04_PHI_CHA,2021-01-04,CHA,Tyrell Terry,SAME_DAY_COACH_DNP,0022000098,DAL,0,DNP - Coach's Decision,2021-01-03,2021-01-07,4,,NO_AUTOMATIC_HEALTH_INFERENCE,NOT_SELECTED,Review causal health/registration separately; never map missing row to healthy or injured
NEW_TEAM_TARGET,2021-01-06_ATL_CHA,2021-01-06,CHA,Tyrell Terry,NO_SAME_DAY_ROW,,,,,2021-01-04,2021-01-07,3,,NO_AUTOMATIC_HEALTH_INFERENCE,NOT_SELECTED,Review causal health/registration separately; never map missing row to healthy or injured
NEW_TEAM_TARGET,2021-01-08_NOP_CHA,2021-01-08,CHA,Tyrell Terry,NO_SAME_DAY_ROW,,,,,2021-01-07,2021-01-09,2,,NO_AUTOMATIC_HEALTH_INFERENCE,NOT_SELECTED,Review causal health/registration separately; never map missing row to healthy or injured
NEW_TEAM_TARGET,2021-01-09_CHA_ATL,2021-01-09,CHA,Tyrell Terry,SAME_DAY_COACH_DNP,0022000139,DAL,0,DNP - Coach's Decision,2021-01-07,2021-01-13,6,,NO_AUTOMATIC_HEALTH_INFERENCE,NOT_SELECTED,Review causal health/registration separately; never map missing row to healthy or injured
NEW_TEAM_TARGET,2021-01-11_CHA_NYK,2021-01-11,CHA,Tyrell Terry,NO_SAME_DAY_ROW,,,,,2021-01-09,2021-01-13,4,,NO_AUTOMATIC_HEALTH_INFERENCE,NOT_SELECTED,Review causal health/registration separately; never map missing row to healthy or injured
NEW_TEAM_TARGET,2021-01-13_CHA_DAL,2021-01-13,CHA,Tyrell Terry,SAME_DAY_PLAYED,0022000164,DAL,75,,2021-01-09,2021-01-15,6,,NO_AUTOMATIC_HEALTH_INFERENCE,NOT_SELECTED,Review causal health/registration separately; never map missing row to healthy or injured
NEW_TEAM_TARGET,2021-01-14_TOR_CHA,2021-01-14,CHA,Tyrell Terry,NO_SAME_DAY_ROW,,,,,2021-01-13,2021-01-15,2,,NO_AUTOMATIC_HEALTH_INFERENCE,NOT_SELECTED,Review causal health/registration separately; never map missing row to healthy or injured
NEW_TEAM_TARGET,2021-01-16_TOR_CHA,2021-01-16,CHA,Tyrell Terry,NO_SAME_DAY_ROW,,,,,2021-01-15,2021-01-17,2,,NO_AUTOMATIC_HEALTH_INFERENCE,NOT_SELECTED,Review causal health/registration separately; never map missing row to healthy or injured
NEW_TEAM_TARGET,2021-01-22_CHA_CHI,2021-01-22,CHA,Tyrell Terry,SAME_DAY_COACH_DNP,0022000237,DAL,0,DNP - Coach's Decision,2021-01-20,2021-01-23,3,,NO_AUTOMATIC_HEALTH_INFERENCE,NOT_SELECTED,Review causal health/registration separately; never map missing row to healthy or injured
NEW_TEAM_TARGET,2021-01-24_ORL_CHA,2021-01-24,CHA,Tyrell Terry,NO_SAME_DAY_ROW,,,,,2021-01-23,2021-01-25,2,,NO_AUTOMATIC_HEALTH_INFERENCE,NOT_SELECTED,Review causal health/registration separately; never map missing row to healthy or injured
NEW_TEAM_TARGET,2021-01-25_ORL_CHA,2021-01-25,CHA,Tyrell Terry,SAME_DAY_COACH_DNP,0022000265,DAL,0,DNP - Coach's Decision,2021-01-23,2021-01-27,4,,NO_AUTOMATIC_HEALTH_INFERENCE,NOT_SELECTED,Review causal health/registration separately; never map missing row to healthy or injured
NEW_TEAM_TARGET,2021-01-27_CHA_IND,2021-01-27,CHA,Tyrell Terry,SAME_DAY_PLAYED,0022000282,DAL,94,,2021-01-25,2021-01-29,4,,NO_AUTOMATIC_HEALTH_INFERENCE,NOT_SELECTED,Review causal health/registration separately; never map missing row to healthy or injured
NEW_TEAM_TARGET,2021-01-29_CHA_IND,2021-01-29,CHA,Tyrell Terry,SAME_DAY_PLAYED,0022000297,DAL,216,,2021-01-27,2021-01-30,3,,NO_AUTOMATIC_HEALTH_INFERENCE,NOT_SELECTED,Review causal health/registration separately; never map missing row to healthy or injured
NEW_TEAM_TARGET,2021-01-30_CHA_MIL,2021-01-30,CHA,Tyrell Terry,SAME_DAY_COACH_DNP,0022000303,DAL,0,DNP - Coach's Decision,2021-01-29,2021-02-01,3,,NO_AUTOMATIC_HEALTH_INFERENCE,NOT_SELECTED,Review causal health/registration separately; never map missing row to healthy or injured
NEW_TEAM_TARGET,2021-02-01_MIA_CHA,2021-02-01,CHA,Tyrell Terry,SAME_DAY_COACH_DNP,0022000319,DAL,0,DNP - Coach's Decision,2021-01-30,2021-02-03,4,,NO_AUTOMATIC_HEALTH_INFERENCE,NOT_SELECTED,Review causal health/registration separately; never map missing row to healthy or injured
NEW_TEAM_TARGET,2021-02-03_CHA_PHI,2021-02-03,CHA,Tyrell Terry,SAME_DAY_COACH_DNP,0022000330,DAL,0,DNP - Coach's Decision,2021-02-01,2021-02-22,21,,NO_AUTOMATIC_HEALTH_INFERENCE,NOT_SELECTED,Review causal health/registration separately; never map missing row to healthy or injured
NEW_TEAM_TARGET,2021-02-05_CHA_UTA,2021-02-05,CHA,Tyrell Terry,NO_SAME_DAY_ROW,,,,,2021-02-03,2021-02-22,19,,LONG_OBSERVATION_GAP_REVIEW,NOT_SELECTED,Review causal health/registration separately; never map missing row to healthy or injured
NEW_TEAM_TARGET,2021-02-07_CHA_WAS,2021-02-07,CHA,Tyrell Terry,NO_SAME_DAY_ROW,,,,,2021-02-03,2021-02-22,19,,LONG_OBSERVATION_GAP_REVIEW,NOT_SELECTED,Review causal health/registration separately; never map missing row to healthy or injured
NEW_TEAM_TARGET,2021-02-08_CHA_HOU,2021-02-08,CHA,Tyrell Terry,NO_SAME_DAY_ROW,,,,,2021-02-03,2021-02-22,19,,LONG_OBSERVATION_GAP_REVIEW,NOT_SELECTED,Review causal health/registration separately; never map missing row to healthy or injured
NEW_TEAM_TARGET,2021-02-10_MEM_CHA,2021-02-10,CHA,Tyrell Terry,NO_SAME_DAY_ROW,,,,,2021-02-03,2021-02-22,19,,LONG_OBSERVATION_GAP_REVIEW,NOT_SELECTED,Review causal health/registration separately; never map missing row to healthy or injured
NEW_TEAM_TARGET,2021-02-12_CHA_MIN,2021-02-12,CHA,Tyrell Terry,NO_SAME_DAY_ROW,,,,,2021-02-03,2021-02-22,19,,LONG_OBSERVATION_GAP_REVIEW,NOT_SELECTED,Review causal health/registration separately; never map missing row to healthy or injured
NEW_TEAM_TARGET,2021-02-14_CHA_SAS,2021-02-14,CHA,Tyrell Terry,NO_SAME_DAY_ROW,,,,,2021-02-03,2021-02-22,19,,LONG_OBSERVATION_GAP_REVIEW,NOT_SELECTED,Review causal health/registration separately; never map missing row to healthy or injured
NEW_TEAM_TARGET,2021-02-20_CHA_GSW,2021-02-20,CHA,Tyrell Terry,NO_SAME_DAY_ROW,,,,,2021-02-03,2021-02-22,19,,LONG_OBSERVATION_GAP_REVIEW,NOT_SELECTED,Review causal health/registration separately; never map missing row to healthy or injured
NEW_TEAM_TARGET,2021-02-22_UTA_CHA,2021-02-22,CHA,Tyrell Terry,SAME_DAY_COACH_DNP,0022000476,DAL,0,DNP - Coach's Decision,2021-02-03,2021-03-15,40,,NO_AUTOMATIC_HEALTH_INFERENCE,NOT_SELECTED,Review causal health/registration separately; never map missing row to healthy or injured
NEW_TEAM_TARGET,2021-02-24_PHX_CHA,2021-02-24,CHA,Tyrell Terry,NO_SAME_DAY_ROW,,,,,2021-02-22,2021-03-15,21,,LONG_OBSERVATION_GAP_REVIEW,NOT_SELECTED,Review causal health/registration separately; never map missing row to healthy or injured
NEW_TEAM_TARGET,2021-02-26_GSW_CHA,2021-02-26,CHA,Tyrell Terry,NO_SAME_DAY_ROW,,,,,2021-02-22,2021-03-15,21,,LONG_OBSERVATION_GAP_REVIEW,NOT_SELECTED,Review causal health/registration separately; never map missing row to healthy or injured
NEW_TEAM_TARGET,2021-02-28_SAC_CHA,2021-02-28,CHA,Tyrell Terry,NO_SAME_DAY_ROW,,,,,2021-02-22,2021-03-15,21,,LONG_OBSERVATION_GAP_REVIEW,NOT_SELECTED,Review causal health/registration separately; never map missing row to healthy or injured
NEW_TEAM_TARGET,2021-03-01_POR_CHA,2021-03-01,CHA,Tyrell Terry,NO_SAME_DAY_ROW,,,,,2021-02-22,2021-03-15,21,,LONG_OBSERVATION_GAP_REVIEW,NOT_SELECTED,Review causal health/registration separately; never map missing row to healthy or injured
NEW_TEAM_TARGET,2021-03-03_MIN_CHA,2021-03-03,CHA,Tyrell Terry,NO_SAME_DAY_ROW,,,,,2021-02-22,2021-03-15,21,,LONG_OBSERVATION_GAP_REVIEW,NOT_SELECTED,Review causal health/registration separately; never map missing row to healthy or injured
NEW_TEAM_TARGET,2021-03-11_CHA_DET,2021-03-11,CHA,Tyrell Terry,NO_SAME_DAY_ROW,,,,,2021-02-22,2021-03-15,21,,LONG_OBSERVATION_GAP_REVIEW,NOT_SELECTED,Review causal health/registration separately; never map missing row to healthy or injured
NEW_TEAM_TARGET,2021-03-13_CHA_TOR,2021-03-13,CHA,Tyrell Terry,NO_SAME_DAY_ROW,,,,,2021-02-22,2021-03-15,21,,LONG_OBSERVATION_GAP_REVIEW,NOT_SELECTED,Review causal health/registration separately; never map missing row to healthy or injured
NEW_TEAM_TARGET,2021-03-15_CHA_SAC,2021-03-15,CHA,Tyrell Terry,SAME_DAY_COACH_DNP,0022000605,DAL,0,DNP - Coach's Decision,2021-02-22,,,21,NO_AUTOMATIC_HEALTH_INFERENCE,NOT_SELECTED,Review causal health/registration separately; never map missing row to healthy or injured
NEW_TEAM_TARGET,2021-03-17_DEN_CHA,2021-03-17,CHA,Tyrell Terry,NO_SAME_DAY_ROW,,,,,2021-03-15,,,2,NO_AUTOMATIC_HEALTH_INFERENCE,NOT_SELECTED,Review causal health/registration separately; never map missing row to healthy or injured
NEW_TEAM_TARGET,2021-03-18_LAL_CHA,2021-03-18,CHA,Tyrell Terry,NO_SAME_DAY_ROW,,,,,2021-03-15,,,3,NO_AUTOMATIC_HEALTH_INFERENCE,NOT_SELECTED,Review causal health/registration separately; never map missing row to healthy or injured
NEW_TEAM_TARGET,2021-03-20_LAC_CHA,2021-03-20,CHA,Tyrell Terry,NO_SAME_DAY_ROW,,,,,2021-03-15,,,5,NO_AUTOMATIC_HEALTH_INFERENCE,NOT_SELECTED,Review causal health/registration separately; never map missing row to healthy or injured
NEW_TEAM_TARGET,2021-03-22_SAS_CHA,2021-03-22,CHA,Tyrell Terry,NO_SAME_DAY_ROW,,,,,2021-03-15,,,7,NO_AUTOMATIC_HEALTH_INFERENCE,NOT_SELECTED,Review causal health/registration separately; never map missing row to healthy or injured
NEW_TEAM_TARGET,2021-03-24_HOU_CHA,2021-03-24,CHA,Tyrell Terry,NO_SAME_DAY_ROW,,,,,2021-03-15,,,9,NO_AUTOMATIC_HEALTH_INFERENCE,NOT_SELECTED,Review causal health/registration separately; never map missing row to healthy or injured
NEW_TEAM_TARGET,2021-03-26_CHA_MIA,2021-03-26,CHA,Tyrell Terry,NO_SAME_DAY_ROW,,,,,2021-03-15,,,11,NO_AUTOMATIC_HEALTH_INFERENCE,NOT_SELECTED,Review causal health/registration separately; never map missing row to healthy or injured
NEW_TEAM_TARGET,2021-03-28_CHA_PHX,2021-03-28,CHA,Tyrell Terry,NO_SAME_DAY_ROW,,,,,2021-03-15,,,13,NO_AUTOMATIC_HEALTH_INFERENCE,NOT_SELECTED,Review causal health/registration separately; never map missing row to healthy or injured
NEW_TEAM_TARGET,2021-03-30_WAS_CHA,2021-03-30,CHA,Tyrell Terry,NO_SAME_DAY_ROW,,,,,2021-03-15,,,15,OPEN_ENDED_OBSERVATION_GAP_REVIEW,NOT_SELECTED,Review causal health/registration separately; never map missing row to healthy or injured
NEW_TEAM_TARGET,2021-04-01_BKN_CHA,2021-04-01,CHA,Tyrell Terry,NO_SAME_DAY_ROW,,,,,2021-03-15,,,17,OPEN_ENDED_OBSERVATION_GAP_REVIEW,NOT_SELECTED,Review causal health/registration separately; never map missing row to healthy or injured
NEW_TEAM_TARGET,2021-04-02_IND_CHA,2021-04-02,CHA,Tyrell Terry,NO_SAME_DAY_ROW,,,,,2021-03-15,,,18,OPEN_ENDED_OBSERVATION_GAP_REVIEW,NOT_SELECTED,Review causal health/registration separately; never map missing row to healthy or injured
NEW_TEAM_TARGET,2021-04-04_BOS_CHA,2021-04-04,CHA,Tyrell Terry,NO_SAME_DAY_ROW,,,,,2021-03-15,,,20,OPEN_ENDED_OBSERVATION_GAP_REVIEW,NOT_SELECTED,Review causal health/registration separately; never map missing row to healthy or injured
NEW_TEAM_TARGET,2021-04-07_OKC_CHA,2021-04-07,CHA,Tyrell Terry,NO_SAME_DAY_ROW,,,,,2021-03-15,,,23,OPEN_ENDED_OBSERVATION_GAP_REVIEW,NOT_SELECTED,Review causal health/registration separately; never map missing row to healthy or injured
NEW_TEAM_TARGET,2021-04-09_MIL_CHA,2021-04-09,CHA,Tyrell Terry,NO_SAME_DAY_ROW,,,,,2021-03-15,,,25,OPEN_ENDED_OBSERVATION_GAP_REVIEW,NOT_SELECTED,Review causal health/registration separately; never map missing row to healthy or injured
NEW_TEAM_TARGET,2021-04-11_CHA_ATL,2021-04-11,CHA,Tyrell Terry,NO_SAME_DAY_ROW,,,,,2021-03-15,,,27,OPEN_ENDED_OBSERVATION_GAP_REVIEW,NOT_SELECTED,Review causal health/registration separately; never map missing row to healthy or injured
NEW_TEAM_TARGET,2021-04-13_CHA_LAL,2021-04-13,CHA,Tyrell Terry,NO_SAME_DAY_ROW,,,,,2021-03-15,,,29,OPEN_ENDED_OBSERVATION_GAP_REVIEW,NOT_SELECTED,Review causal health/registration separately; never map missing row to healthy or injured
NEW_TEAM_TARGET,2021-04-14_CHA_CLE,2021-04-14,CHA,Tyrell Terry,NO_SAME_DAY_ROW,,,,,2021-03-15,,,30,OPEN_ENDED_OBSERVATION_GAP_REVIEW,NOT_SELECTED,Review causal health/registration separately; never map missing row to healthy or injured
NEW_TEAM_TARGET,2021-04-16_BKN_CHA,2021-04-16,CHA,Tyrell Terry,NO_SAME_DAY_ROW,,,,,2021-03-15,,,32,OPEN_ENDED_OBSERVATION_GAP_REVIEW,NOT_SELECTED,Review causal health/registration separately; never map missing row to healthy or injured
NEW_TEAM_TARGET,2021-04-18_CHA_POR,2021-04-18,CHA,Tyrell Terry,NO_SAME_DAY_ROW,,,,,2021-03-15,,,34,OPEN_ENDED_OBSERVATION_GAP_REVIEW,NOT_SELECTED,Review causal health/registration separately; never map missing row to healthy or injured
NEW_TEAM_TARGET,2021-04-20_NYK_CHA,2021-04-20,CHA,Tyrell Terry,NO_SAME_DAY_ROW,,,,,2021-03-15,,,36,OPEN_ENDED_OBSERVATION_GAP_REVIEW,NOT_SELECTED,Review causal health/registration separately; never map missing row to healthy or injured
NEW_TEAM_TARGET,2021-04-22_CHI_CHA,2021-04-22,CHA,Tyrell Terry,NO_SAME_DAY_ROW,,,,,2021-03-15,,,38,OPEN_ENDED_OBSERVATION_GAP_REVIEW,NOT_SELECTED,Review causal health/registration separately; never map missing row to healthy or injured
NEW_TEAM_TARGET,2021-04-23_CHA_CLE,2021-04-23,CHA,Tyrell Terry,NO_SAME_DAY_ROW,,,,,2021-03-15,,,39,OPEN_ENDED_OBSERVATION_GAP_REVIEW,NOT_SELECTED,Review causal health/registration separately; never map missing row to healthy or injured
NEW_TEAM_TARGET,2021-04-25_CHA_BOS,2021-04-25,CHA,Tyrell Terry,NO_SAME_DAY_ROW,,,,,2021-03-15,,,41,OPEN_ENDED_OBSERVATION_GAP_REVIEW,NOT_SELECTED,Review causal health/registration separately; never map missing row to healthy or injured
NEW_TEAM_TARGET,2021-04-27_CHA_MIL,2021-04-27,CHA,Tyrell Terry,NO_SAME_DAY_ROW,,,,,2021-03-15,,,43,OPEN_ENDED_OBSERVATION_GAP_REVIEW,NOT_SELECTED,Review causal health/registration separately; never map missing row to healthy or injured
NEW_TEAM_TARGET,2021-04-28_BOS_CHA,2021-04-28,CHA,Tyrell Terry,NO_SAME_DAY_ROW,,,,,2021-03-15,,,44,OPEN_ENDED_OBSERVATION_GAP_REVIEW,NOT_SELECTED,Review causal health/registration separately; never map missing row to healthy or injured
NEW_TEAM_TARGET,2021-05-01_CHA_DET,2021-05-01,CHA,Tyrell Terry,NO_SAME_DAY_ROW,,,,,2021-03-15,,,47,OPEN_ENDED_OBSERVATION_GAP_REVIEW,NOT_SELECTED,Review causal health/registration separately; never map missing row to healthy or injured
NEW_TEAM_TARGET,2021-05-02_CHA_MIA,2021-05-02,CHA,Tyrell Terry,NO_SAME_DAY_ROW,,,,,2021-03-15,,,48,OPEN_ENDED_OBSERVATION_GAP_REVIEW,NOT_SELECTED,Review causal health/registration separately; never map missing row to healthy or injured
NEW_TEAM_TARGET,2021-05-04_DET_CHA,2021-05-04,CHA,Tyrell Terry,NO_SAME_DAY_ROW,,,,,2021-03-15,,,50,OPEN_ENDED_OBSERVATION_GAP_REVIEW,NOT_SELECTED,Review causal health/registration separately; never map missing row to healthy or injured
NEW_TEAM_TARGET,2021-05-06_CHA_CHI,2021-05-06,CHA,Tyrell Terry,NO_SAME_DAY_ROW,,,,,2021-03-15,,,52,OPEN_ENDED_OBSERVATION_GAP_REVIEW,NOT_SELECTED,Review causal health/registration separately; never map missing row to healthy or injured
NEW_TEAM_TARGET,2021-05-07_CHA_ORL,2021-05-07,CHA,Tyrell Terry,NO_SAME_DAY_ROW,,,,,2021-03-15,,,53,OPEN_ENDED_OBSERVATION_GAP_REVIEW,NOT_SELECTED,Review causal health/registration separately; never map missing row to healthy or injured
NEW_TEAM_TARGET,2021-05-09_CHA_NOP,2021-05-09,CHA,Tyrell Terry,NO_SAME_DAY_ROW,,,,,2021-03-15,,,55,OPEN_ENDED_OBSERVATION_GAP_REVIEW,NOT_SELECTED,Review causal health/registration separately; never map missing row to healthy or injured
NEW_TEAM_TARGET,2021-05-11_CHA_DEN,2021-05-11,CHA,Tyrell Terry,NO_SAME_DAY_ROW,,,,,2021-03-15,,,57,OPEN_ENDED_OBSERVATION_GAP_REVIEW,NOT_SELECTED,Review causal health/registration separately; never map missing row to healthy or injured
NEW_TEAM_TARGET,2021-05-13_CHA_LAC,2021-05-13,CHA,Tyrell Terry,NO_SAME_DAY_ROW,,,,,2021-03-15,,,59,OPEN_ENDED_OBSERVATION_GAP_REVIEW,NOT_SELECTED,Review causal health/registration separately; never map missing row to healthy or injured
NEW_TEAM_TARGET,2021-05-15_NYK_CHA,2021-05-15,CHA,Tyrell Terry,NO_SAME_DAY_ROW,,,,,2021-03-15,,,61,OPEN_ENDED_OBSERVATION_GAP_REVIEW,NOT_SELECTED,Review causal health/registration separately; never map missing row to healthy or injured
NEW_TEAM_TARGET,2021-05-16_WAS_CHA,2021-05-16,CHA,Tyrell Terry,NO_SAME_DAY_ROW,,,,,2021-03-15,,,62,OPEN_ENDED_OBSERVATION_GAP_REVIEW,NOT_SELECTED,Review causal health/registration separately; never map missing row to healthy or injured
NEW_TEAM_TARGET,2020-12-23_PHX_DAL,2020-12-23,DAL,R.J. Hampton,SAME_DAY_COACH_DNP,0022000019,DEN,0,DNP - Coach's Decision,,2020-12-25,,2,NO_AUTOMATIC_HEALTH_INFERENCE,NOT_SELECTED,Review causal health/registration separately; never map missing row to healthy or injured
NEW_TEAM_TARGET,2020-12-25_LAL_DAL,2020-12-25,DAL,R.J. Hampton,SAME_DAY_COACH_DNP,0022000009,DEN,0,DNP - Coach's Decision,2020-12-23,2020-12-28,5,,NO_AUTOMATIC_HEALTH_INFERENCE,NOT_SELECTED,Review causal health/registration separately; never map missing row to healthy or injured
NEW_TEAM_TARGET,2020-12-27_LAC_DAL,2020-12-27,DAL,R.J. Hampton,NO_SAME_DAY_ROW,,,,,2020-12-25,2020-12-28,3,,NO_AUTOMATIC_HEALTH_INFERENCE,NOT_SELECTED,Review causal health/registration separately; never map missing row to healthy or injured
NEW_TEAM_TARGET,2020-12-30_DAL_CHA,2020-12-30,DAL,R.J. Hampton,NO_SAME_DAY_ROW,,,,,2020-12-29,2021-01-01,3,,NO_AUTOMATIC_HEALTH_INFERENCE,NOT_SELECTED,Review causal health/registration separately; never map missing row to healthy or injured
NEW_TEAM_TARGET,2021-01-01_DAL_MIA,2021-01-01,DAL,R.J. Hampton,SAME_DAY_PLAYED,0022000076,DEN,97,,2020-12-29,2021-01-03,5,,NO_AUTOMATIC_HEALTH_INFERENCE,NOT_SELECTED,Review causal health/registration separately; never map missing row to healthy or injured
NEW_TEAM_TARGET,2021-01-03_CHI_DAL,2021-01-03,DAL,R.J. Hampton,SAME_DAY_PLAYED,0022000088,DEN,56,,2021-01-01,2021-01-05,4,,NO_AUTOMATIC_HEALTH_INFERENCE,NOT_SELECTED,Review causal health/registration separately; never map missing row to healthy or injured
NEW_TEAM_TARGET,2021-01-04_HOU_DAL,2021-01-04,DAL,R.J. Hampton,NO_SAME_DAY_ROW,,,,,2021-01-03,2021-01-05,2,,NO_AUTOMATIC_HEALTH_INFERENCE,NOT_SELECTED,Review causal health/registration separately; never map missing row to healthy or injured
NEW_TEAM_TARGET,2021-01-07_DEN_DAL,2021-01-07,DAL,R.J. Hampton,SAME_DAY_COACH_DNP,0022000120,DEN,0,DNP - Coach's Decision,2021-01-05,2021-01-09,4,,NO_AUTOMATIC_HEALTH_INFERENCE,NOT_SELECTED,Review causal health/registration separately; never map missing row to healthy or injured
NEW_TEAM_TARGET,2021-01-09_DAL_ORL,2021-01-09,DAL,R.J. Hampton,SAME_DAY_PLAYED,0022000133,DEN,322,,2021-01-07,2021-01-10,3,,NO_AUTOMATIC_HEALTH_INFERENCE,NOT_SELECTED,Review causal health/registration separately; never map missing row to healthy or injured
NEW_TEAM_TARGET,2021-01-13_CHA_DAL,2021-01-13,DAL,R.J. Hampton,NO_SAME_DAY_ROW,,,,,2021-01-12,2021-01-14,2,,NO_AUTOMATIC_HEALTH_INFERENCE,NOT_SELECTED,Review causal health/registration separately; never map missing row to healthy or injured
NEW_TEAM_TARGET,2021-01-15_MIL_DAL,2021-01-15,DAL,R.J. Hampton,NO_SAME_DAY_ROW,,,,,2021-01-14,2021-01-17,3,,NO_AUTOMATIC_HEALTH_INFERENCE,NOT_SELECTED,Review causal health/registration separately; never map missing row to healthy or injured
NEW_TEAM_TARGET,2021-01-17_DAL_CHI,2021-01-17,DAL,R.J. Hampton,SAME_DAY_COACH_DNP,0022000200,DEN,0,DNP - Coach's Decision,2021-01-14,2021-01-19,5,,NO_AUTOMATIC_HEALTH_INFERENCE,NOT_SELECTED,Review causal health/registration separately; never map missing row to healthy or injured
NEW_TEAM_TARGET,2021-01-18_TOR_DAL,2021-01-18,DAL,R.J. Hampton,NO_SAME_DAY_ROW,,,,,2021-01-17,2021-01-19,2,,NO_AUTOMATIC_HEALTH_INFERENCE,NOT_SELECTED,Review causal health/registration separately; never map missing row to healthy or injured
NEW_TEAM_TARGET,2021-01-20_IND_DAL,2021-01-20,DAL,R.J. Hampton,NO_SAME_DAY_ROW,,,,,2021-01-19,2021-01-22,3,,NO_AUTOMATIC_HEALTH_INFERENCE,NOT_SELECTED,Review causal health/registration separately; never map missing row to healthy or injured
NEW_TEAM_TARGET,2021-01-22_SAS_DAL,2021-01-22,DAL,R.J. Hampton,SAME_DAY_COACH_DNP,0022000238,DEN,0,DNP - Coach's Decision,2021-01-19,2021-01-23,4,,NO_AUTOMATIC_HEALTH_INFERENCE,NOT_SELECTED,Review causal health/registration separately; never map missing row to healthy or injured
NEW_TEAM_TARGET,2021-01-23_DAL_HOU,2021-01-23,DAL,R.J. Hampton,SAME_DAY_COACH_DNP,0022000248,DEN,0,DNP - Coach's Decision,2021-01-22,2021-01-25,3,,NO_AUTOMATIC_HEALTH_INFERENCE,NOT_SELECTED,Review causal health/registration separately; never map missing row to healthy or injured
NEW_TEAM_TARGET,2021-01-25_DAL_DEN,2021-01-25,DAL,R.J. Hampton,SAME_DAY_PLAYED,0022000265,DEN,345,,2021-01-23,2021-01-27,4,,NO_AUTOMATIC_HEALTH_INFERENCE,NOT_SELECTED,Review causal health/registration separately; never map missing row to healthy or injured
NEW_TEAM_TARGET,2021-01-27_UTA_DAL,2021-01-27,DAL,R.J. Hampton,SAME_DAY_PLAYED,0022000275,DEN,460,,2021-01-25,2021-01-29,4,,NO_AUTOMATIC_HEALTH_INFERENCE,NOT_SELECTED,Review causal health/registration separately; never map missing row to healthy or injured
NEW_TEAM_TARGET,2021-01-29_UTA_DAL,2021-01-29,DAL,R.J. Hampton,SAME_DAY_PLAYED,0022000296,DEN,34,,2021-01-27,2021-01-31,4,,NO_AUTOMATIC_HEALTH_INFERENCE,NOT_SELECTED,Review causal health/registration separately; never map missing row to healthy or injured
NEW_TEAM_TARGET,2021-01-30_DAL_PHX,2021-01-30,DAL,R.J. Hampton,NO_SAME_DAY_ROW,,,,,2021-01-29,2021-01-31,2,,NO_AUTOMATIC_HEALTH_INFERENCE,NOT_SELECTED,Review causal health/registration separately; never map missing row to healthy or injured
NEW_TEAM_TARGET,2021-02-01_DAL_PHX,2021-02-01,DAL,R.J. Hampton,NO_SAME_DAY_ROW,,,,,2021-01-31,2021-02-04,4,,NO_AUTOMATIC_HEALTH_INFERENCE,NOT_SELECTED,Review causal health/registration separately; never map missing row to healthy or injured
NEW_TEAM_TARGET,2021-02-03_ATL_DAL,2021-02-03,DAL,R.J. Hampton,NO_SAME_DAY_ROW,,,,,2021-01-31,2021-02-04,4,,NO_AUTOMATIC_HEALTH_INFERENCE,NOT_SELECTED,Review causal health/registration separately; never map missing row to healthy or injured
NEW_TEAM_TARGET,2021-02-04_DAL_GSW,2021-02-04,DAL,R.J. Hampton,SAME_DAY_PLAYED,0022000341,DEN,173,,2021-01-31,2021-02-06,6,,NO_AUTOMATIC_HEALTH_INFERENCE,NOT_SELECTED,Review causal health/registration separately; never map missing row to healthy or injured
NEW_TEAM_TARGET,2021-02-06_DAL_GSW,2021-02-06,DAL,R.J. Hampton,SAME_DAY_PLAYED,0022000352,DEN,1650,,2021-02-04,2021-02-08,4,,NO_AUTOMATIC_HEALTH_INFERENCE,NOT_SELECTED,Review causal health/registration separately; never map missing row to healthy or injured
NEW_TEAM_TARGET,2021-02-08_DAL_MIN,2021-02-08,DAL,R.J. Hampton,SAME_DAY_PLAYED,0022000373,DEN,1005,,2021-02-06,2021-02-10,4,,NO_AUTOMATIC_HEALTH_INFERENCE,NOT_SELECTED,Review causal health/registration separately; never map missing row to healthy or injured
NEW_TEAM_TARGET,2021-02-10_DAL_ATL,2021-02-10,DAL,R.J. Hampton,SAME_DAY_PLAYED,0022000388,DEN,1145,,2021-02-08,2021-02-12,4,,NO_AUTOMATIC_HEALTH_INFERENCE,NOT_SELECTED,Review causal health/registration separately; never map missing row to healthy or injured
NEW_TEAM_TARGET,2021-02-12_DAL_NOP,2021-02-12,DAL,R.J. Hampton,SAME_DAY_PLAYED,0022000401,DEN,1133,,2021-02-10,2021-02-14,4,,NO_AUTOMATIC_HEALTH_INFERENCE,NOT_SELECTED,Review causal health/registration separately; never map missing row to healthy or injured
NEW_TEAM_TARGET,2021-02-14_DAL_POR,2021-02-14,DAL,R.J. Hampton,SAME_DAY_PLAYED,0022000416,DEN,1223,,2021-02-12,2021-02-16,4,,NO_AUTOMATIC_HEALTH_INFERENCE,NOT_SELECTED,Review causal health/registration separately; never map missing row to healthy or injured
NEW_TEAM_TARGET,2021-02-22_DAL_MEM,2021-02-22,DAL,R.J. Hampton,NO_SAME_DAY_ROW,,,,,2021-02-21,2021-02-23,2,,NO_AUTOMATIC_HEALTH_INFERENCE,NOT_SELECTED,Review causal health/registration separately; never map missing row to healthy or injured
NEW_TEAM_TARGET,2021-02-23_DAL_BOS,2021-02-23,DAL,R.J. Hampton,SAME_DAY_COACH_DNP,0022000487,DEN,0,DNP - Coach's Decision,2021-02-21,2021-02-25,4,,NO_AUTOMATIC_HEALTH_INFERENCE,NOT_SELECTED,Review causal health/registration separately; never map missing row to healthy or injured
NEW_TEAM_TARGET,2021-02-25_PHI_DAL,2021-02-25,DAL,R.J. Hampton,SAME_DAY_COACH_DNP,0022000502,DEN,0,DNP - Coach's Decision,2021-02-23,2021-02-27,4,,NO_AUTOMATIC_HEALTH_INFERENCE,NOT_SELECTED,Review causal health/registration separately; never map missing row to healthy or injured
NEW_TEAM_TARGET,2021-02-27_BKN_DAL,2021-02-27,DAL,R.J. Hampton,SAME_DAY_PLAYED,0022000518,DEN,554,,2021-02-25,2021-03-19,22,,NO_AUTOMATIC_HEALTH_INFERENCE,NOT_SELECTED,Review causal health/registration separately; never map missing row to healthy or injured
NEW_TEAM_TARGET,2021-03-01_ORL_DAL,2021-03-01,DAL,R.J. Hampton,NO_SAME_DAY_ROW,,,,,2021-02-27,2021-03-19,20,,LONG_OBSERVATION_GAP_REVIEW,NOT_SELECTED,Review causal health/registration separately; never map missing row to healthy or injured
NEW_TEAM_TARGET,2021-03-03_DAL_OKC,2021-03-03,DAL,R.J. Hampton,NO_SAME_DAY_ROW,,,,,2021-02-27,2021-03-19,20,,LONG_OBSERVATION_GAP_REVIEW,NOT_SELECTED,Review causal health/registration separately; never map missing row to healthy or injured
NEW_TEAM_TARGET,2021-03-10_DAL_SAS,2021-03-10,DAL,R.J. Hampton,NO_SAME_DAY_ROW,,,,,2021-02-27,2021-03-19,20,,LONG_OBSERVATION_GAP_REVIEW,NOT_SELECTED,Review causal health/registration separately; never map missing row to healthy or injured
NEW_TEAM_TARGET,2021-03-11_OKC_DAL,2021-03-11,DAL,R.J. Hampton,NO_SAME_DAY_ROW,,,,,2021-02-27,2021-03-19,20,,LONG_OBSERVATION_GAP_REVIEW,NOT_SELECTED,Review causal health/registration separately; never map missing row to healthy or injured
NEW_TEAM_TARGET,2021-03-13_DEN_DAL,2021-03-13,DAL,R.J. Hampton,NO_SAME_DAY_ROW,,,,,2021-02-27,2021-03-19,20,,LONG_OBSERVATION_GAP_REVIEW,NOT_SELECTED,Review causal health/registration separately; never map missing row to healthy or injured
NEW_TEAM_TARGET,2021-03-15_DAL_LAC,2021-03-15,DAL,R.J. Hampton,NO_SAME_DAY_ROW,,,,,2021-02-27,2021-03-19,20,,LONG_OBSERVATION_GAP_REVIEW,NOT_SELECTED,Review causal health/registration separately; never map missing row to healthy or injured
NEW_TEAM_TARGET,2021-03-17_DAL_LAC,2021-03-17,DAL,R.J. Hampton,NO_SAME_DAY_ROW,,,,,2021-02-27,2021-03-19,20,,LONG_OBSERVATION_GAP_REVIEW,NOT_SELECTED,Review causal health/registration separately; never map missing row to healthy or injured
NEW_TEAM_TARGET,2021-03-19_POR_DAL,2021-03-19,DAL,R.J. Hampton,SAME_DAY_COACH_DNP,0022000637,DEN,0,DNP - Coach's Decision,2021-02-27,2021-03-21,22,,NO_AUTOMATIC_HEALTH_INFERENCE,NOT_SELECTED,Review causal health/registration separately; never map missing row to healthy or injured
NEW_TEAM_TARGET,2021-03-21_POR_DAL,2021-03-21,DAL,R.J. Hampton,SAME_DAY_COACH_DNP,0022000646,DEN,0,DNP - Coach's Decision,2021-03-19,2021-03-23,4,,NO_AUTOMATIC_HEALTH_INFERENCE,NOT_SELECTED,Review causal health/registration separately; never map missing row to healthy or injured
NEW_TEAM_TARGET,2021-03-24_MIN_DAL,2021-03-24,DAL,R.J. Hampton,SAME_DAY_PLAYED,0022000668,DEN,797,,2021-03-23,2021-03-28,5,,NO_AUTOMATIC_HEALTH_INFERENCE,NOT_SELECTED,Review causal health/registration separately; never map missing row to healthy or injured
NEW_TEAM_TARGET,2021-03-26_DAL_IND,2021-03-26,DAL,R.J. Hampton,NO_SAME_DAY_ROW,,,,,2021-03-24,2021-03-28,4,,NO_AUTOMATIC_HEALTH_INFERENCE,NOT_SELECTED,Review causal health/registration separately; never map missing row to healthy or injured
NEW_TEAM_TARGET,2021-03-27_NOP_DAL,2021-03-27,DAL,R.J. Hampton,NO_SAME_DAY_ROW,,,,,2021-03-24,2021-03-28,4,,NO_AUTOMATIC_HEALTH_INFERENCE,NOT_SELECTED,Review causal health/registration separately; never map missing row to healthy or injured
NEW_TEAM_TARGET,2021-03-29_OKC_DAL,2021-03-29,DAL,R.J. Hampton,NO_SAME_DAY_ROW,,,,,2021-03-28,2021-03-30,2,,NO_AUTOMATIC_HEALTH_INFERENCE,NOT_SELECTED,Review causal health/registration separately; never map missing row to healthy or injured
NEW_TEAM_TARGET,2021-03-31_BOS_DAL,2021-03-31,DAL,R.J. Hampton,NO_SAME_DAY_ROW,,,,,2021-03-30,2021-04-01,2,,NO_AUTOMATIC_HEALTH_INFERENCE,NOT_SELECTED,Review causal health/registration separately; never map missing row to healthy or injured
NEW_TEAM_TARGET,2021-04-02_NYK_DAL,2021-04-02,DAL,R.J. Hampton,NO_SAME_DAY_ROW,,,,,2021-04-01,2021-04-03,2,,NO_AUTOMATIC_HEALTH_INFERENCE,NOT_SELECTED,Review causal health/registration separately; never map missing row to healthy or injured
NEW_TEAM_TARGET,2021-04-03_WAS_DAL,2021-04-03,DAL,R.J. Hampton,SAME_DAY_PLAYED,0022000752,ORL,1848,,2021-04-01,2021-04-04,3,,NO_AUTOMATIC_HEALTH_INFERENCE,NOT_SELECTED,Review causal health/registration separately; never map missing row to healthy or injured
NEW_TEAM_TARGET,2021-04-05_DAL_UTA,2021-04-05,DAL,R.J. Hampton,NO_SAME_DAY_ROW,,,,,2021-04-04,2021-04-07,3,,NO_AUTOMATIC_HEALTH_INFERENCE,NOT_SELECTED,Review causal health/registration separately; never map missing row to healthy or injured
NEW_TEAM_TARGET,2021-04-07_HOU_DAL,2021-04-07,DAL,R.J. Hampton,SAME_DAY_PLAYED,0022000777,ORL,1650,,2021-04-04,2021-04-09,5,,NO_AUTOMATIC_HEALTH_INFERENCE,NOT_SELECTED,Review causal health/registration separately; never map missing row to healthy or injured
NEW_TEAM_TARGET,2021-04-08_DAL_MIL,2021-04-08,DAL,R.J. Hampton,NO_SAME_DAY_ROW,,,,,2021-04-07,2021-04-09,2,,NO_AUTOMATIC_HEALTH_INFERENCE,NOT_SELECTED,Review causal health/registration separately; never map missing row to healthy or injured
NEW_TEAM_TARGET,2021-04-11_DAL_SAS,2021-04-11,DAL,R.J. Hampton,SAME_DAY_PLAYED,0022000808,ORL,1562,,2021-04-09,2021-04-12,3,,NO_AUTOMATIC_HEALTH_INFERENCE,NOT_SELECTED,Review causal health/registration separately; never map missing row to healthy or injured
NEW_TEAM_TARGET,2021-04-12_DAL_PHI,2021-04-12,DAL,R.J. Hampton,SAME_DAY_PLAYED,0022000816,ORL,1589,,2021-04-11,2021-04-14,3,,NO_AUTOMATIC_HEALTH_INFERENCE,NOT_SELECTED,Review causal health/registration separately; never map missing row to healthy or injured
NEW_TEAM_TARGET,2021-04-14_MEM_DAL,2021-04-14,DAL,R.J. Hampton,SAME_DAY_PLAYED,0022000833,ORL,1067,,2021-04-12,2021-04-16,4,,NO_AUTOMATIC_HEALTH_INFERENCE,NOT_SELECTED,Review causal health/registration separately; never map missing row to healthy or injured
NEW_TEAM_TARGET,2021-04-16_DAL_NYK,2021-04-16,DAL,R.J. Hampton,SAME_DAY_PLAYED,0022000849,ORL,1146,,2021-04-14,2021-04-18,4,,NO_AUTOMATIC_HEALTH_INFERENCE,NOT_SELECTED,Review causal health/registration separately; never map missing row to healthy or injured
NEW_TEAM_TARGET,2021-04-18_DAL_SAC,2021-04-18,DAL,R.J. Hampton,SAME_DAY_PLAYED,0022000864,ORL,1292,,2021-04-16,2021-04-20,4,,NO_AUTOMATIC_HEALTH_INFERENCE,NOT_SELECTED,Review causal health/registration separately; never map missing row to healthy or injured
NEW_TEAM_TARGET,2021-04-21_DAL_DET,2021-04-21,DAL,R.J. Hampton,NO_SAME_DAY_ROW,,,,,2021-04-20,2021-04-22,2,,NO_AUTOMATIC_HEALTH_INFERENCE,NOT_SELECTED,Review causal health/registration separately; never map missing row to healthy or injured
NEW_TEAM_TARGET,2021-04-22_DAL_LAL,2021-04-22,DAL,R.J. Hampton,SAME_DAY_PLAYED,0022000893,ORL,1616,,2021-04-20,2021-04-25,5,,NO_AUTOMATIC_HEALTH_INFERENCE,NOT_SELECTED,Review causal health/registration separately; never map missing row to healthy or injured
NEW_TEAM_TARGET,2021-04-24_DAL_LAL,2021-04-24,DAL,R.J. Hampton,NO_SAME_DAY_ROW,,,,,2021-04-22,2021-04-25,3,,NO_AUTOMATIC_HEALTH_INFERENCE,NOT_SELECTED,Review causal health/registration separately; never map missing row to healthy or injured
NEW_TEAM_TARGET,2021-04-26_SAC_DAL,2021-04-26,DAL,R.J. Hampton,SAME_DAY_PLAYED,0022000917,ORL,1478,,2021-04-25,2021-04-28,3,,NO_AUTOMATIC_HEALTH_INFERENCE,NOT_SELECTED,Review causal health/registration separately; never map missing row to healthy or injured
NEW_TEAM_TARGET,2021-04-27_GSW_DAL,2021-04-27,DAL,R.J. Hampton,NO_SAME_DAY_ROW,,,,,2021-04-26,2021-04-28,2,,NO_AUTOMATIC_HEALTH_INFERENCE,NOT_SELECTED,Review causal health/registration separately; never map missing row to healthy or injured
NEW_TEAM_TARGET,2021-04-29_DET_DAL,2021-04-29,DAL,R.J. Hampton,NO_SAME_DAY_ROW,,,,,2021-04-28,2021-04-30,2,,NO_AUTOMATIC_HEALTH_INFERENCE,NOT_SELECTED,Review causal health/registration separately; never map missing row to healthy or injured
NEW_TEAM_TARGET,2021-05-01_DAL_WAS,2021-05-01,DAL,R.J. Hampton,SAME_DAY_PLAYED,0022000961,ORL,1816,,2021-04-30,2021-05-03,3,,NO_AUTOMATIC_HEALTH_INFERENCE,NOT_SELECTED,Review causal health/registration separately; never map missing row to healthy or injured
NEW_TEAM_TARGET,2021-05-02_DAL_SAC,2021-05-02,DAL,R.J. Hampton,NO_SAME_DAY_ROW,,,,,2021-05-01,2021-05-03,2,,NO_AUTOMATIC_HEALTH_INFERENCE,NOT_SELECTED,Review causal health/registration separately; never map missing row to healthy or injured
NEW_TEAM_TARGET,2021-05-04_MIA_DAL,2021-05-04,DAL,R.J. Hampton,NO_SAME_DAY_ROW,,,,,2021-05-03,2021-05-05,2,,NO_AUTOMATIC_HEALTH_INFERENCE,NOT_SELECTED,Review causal health/registration separately; never map missing row to healthy or injured
NEW_TEAM_TARGET,2021-05-06_DAL_BKN,2021-05-06,DAL,R.J. Hampton,NO_SAME_DAY_ROW,,,,,2021-05-05,2021-05-07,2,,NO_AUTOMATIC_HEALTH_INFERENCE,NOT_SELECTED,Review causal health/registration separately; never map missing row to healthy or injured
NEW_TEAM_TARGET,2021-05-07_DAL_CLE,2021-05-07,DAL,R.J. Hampton,SAME_DAY_PLAYED,0022001004,ORL,1782,,2021-05-05,2021-05-09,4,,NO_AUTOMATIC_HEALTH_INFERENCE,NOT_SELECTED,Review causal health/registration separately; never map missing row to healthy or injured
NEW_TEAM_TARGET,2021-05-09_CLE_DAL,2021-05-09,DAL,R.J. Hampton,SAME_DAY_PLAYED,0022001022,ORL,1728,,2021-05-07,2021-05-11,4,,NO_AUTOMATIC_HEALTH_INFERENCE,NOT_SELECTED,Review causal health/registration separately; never map missing row to healthy or injured
NEW_TEAM_TARGET,2021-05-11_MEM_DAL,2021-05-11,DAL,R.J. Hampton,SAME_DAY_PLAYED,0022001038,ORL,1484,,2021-05-09,2021-05-13,4,,NO_AUTOMATIC_HEALTH_INFERENCE,NOT_SELECTED,Review causal health/registration separately; never map missing row to healthy or injured
NEW_TEAM_TARGET,2021-05-12_DAL_NOP,2021-05-12,DAL,R.J. Hampton,NO_SAME_DAY_ROW,,,,,2021-05-11,2021-05-13,2,,NO_AUTOMATIC_HEALTH_INFERENCE,NOT_SELECTED,Review causal health/registration separately; never map missing row to healthy or injured
NEW_TEAM_TARGET,2021-05-14_DAL_TOR,2021-05-14,DAL,R.J. Hampton,SAME_DAY_PLAYED,0022001055,ORL,1777,,2021-05-13,2021-05-16,3,,NO_AUTOMATIC_HEALTH_INFERENCE,NOT_SELECTED,Review causal health/registration separately; never map missing row to healthy or injured
NEW_TEAM_TARGET,2021-05-16_MIN_DAL,2021-05-16,DAL,R.J. Hampton,SAME_DAY_COACH_DNP,0022001075,ORL,0,DNP - Coach's Decision,2021-05-14,,,2,NO_AUTOMATIC_HEALTH_INFERENCE,NOT_SELECTED,Review causal health/registration separately; never map missing row to healthy or injured
NEW_TEAM_TARGET,2020-12-23_DEN_SAC,2020-12-23,DEN,Saddiq Bey,SAME_DAY_COACH_DNP,0022000018,DET,0,DNP - Coach's Decision,,2020-12-26,,3,NO_AUTOMATIC_HEALTH_INFERENCE,NOT_SELECTED,Review causal health/registration separately; never map missing row to healthy or injured
NEW_TEAM_TARGET,2020-12-25_DEN_LAC,2020-12-25,DEN,Saddiq Bey,NO_SAME_DAY_ROW,,,,,2020-12-23,2020-12-26,3,,NO_AUTOMATIC_HEALTH_INFERENCE,NOT_SELECTED,Review causal health/registration separately; never map missing row to healthy or injured
NEW_TEAM_TARGET,2020-12-28_DEN_HOU,2020-12-28,DEN,Saddiq Bey,SAME_DAY_PLAYED,0022000041,DET,1815,,2020-12-26,2020-12-29,3,,NO_AUTOMATIC_HEALTH_INFERENCE,NOT_SELECTED,Review causal health/registration separately; never map missing row to healthy or injured
NEW_TEAM_TARGET,2020-12-29_SAC_DEN,2020-12-29,DEN,Saddiq Bey,SAME_DAY_PLAYED,0022000047,DET,908,,2020-12-28,2021-01-01,4,,NO_AUTOMATIC_HEALTH_INFERENCE,NOT_SELECTED,Review causal health/registration separately; never map missing row to healthy or injured
NEW_TEAM_TARGET,2021-01-01_DEN_PHX,2021-01-01,DEN,Saddiq Bey,SAME_DAY_PLAYED,0022000070,DET,1811,,2020-12-29,2021-01-03,5,,NO_AUTOMATIC_HEALTH_INFERENCE,NOT_SELECTED,Review causal health/registration separately; never map missing row to healthy or injured
NEW_TEAM_TARGET,2021-01-03_MIN_DEN,2021-01-03,DEN,Saddiq Bey,SAME_DAY_PLAYED,0022000085,DET,1181,,2021-01-01,2021-01-04,3,,NO_AUTOMATIC_HEALTH_INFERENCE,NOT_SELECTED,Review causal health/registration separately; never map missing row to healthy or injured
NEW_TEAM_TARGET,2021-01-05_DEN_MIN,2021-01-05,DEN,Saddiq Bey,NO_SAME_DAY_ROW,,,,,2021-01-04,2021-01-06,2,,NO_AUTOMATIC_HEALTH_INFERENCE,NOT_SELECTED,Review causal health/registration separately; never map missing row to healthy or injured
NEW_TEAM_TARGET,2021-01-07_DEN_DAL,2021-01-07,DEN,Saddiq Bey,NO_SAME_DAY_ROW,,,,,2021-01-06,2021-01-08,2,,NO_AUTOMATIC_HEALTH_INFERENCE,NOT_SELECTED,Review causal health/registration separately; never map missing row to healthy or injured
NEW_TEAM_TARGET,2021-01-09_PHI_DEN,2021-01-09,DEN,Saddiq Bey,NO_SAME_DAY_ROW,,,,,2021-01-08,2021-01-10,2,,NO_AUTOMATIC_HEALTH_INFERENCE,NOT_SELECTED,Review causal health/registration separately; never map missing row to healthy or injured
NEW_TEAM_TARGET,2021-01-10_NYK_DEN,2021-01-10,DEN,Saddiq Bey,SAME_DAY_PLAYED,0022000141,DET,1637,,2021-01-08,2021-01-13,5,,NO_AUTOMATIC_HEALTH_INFERENCE,NOT_SELECTED,Review causal health/registration separately; never map missing row to healthy or injured
NEW_TEAM_TARGET,2021-01-12_BKN_DEN,2021-01-12,DEN,Saddiq Bey,NO_SAME_DAY_ROW,,,,,2021-01-10,2021-01-13,3,,NO_AUTOMATIC_HEALTH_INFERENCE,NOT_SELECTED,Review causal health/registration separately; never map missing row to healthy or injured
NEW_TEAM_TARGET,2021-01-14_DEN_GSW,2021-01-14,DEN,Saddiq Bey,NO_SAME_DAY_ROW,,,,,2021-01-13,2021-01-16,3,,NO_AUTOMATIC_HEALTH_INFERENCE,NOT_SELECTED,Review causal health/registration separately; never map missing row to healthy or injured
NEW_TEAM_TARGET,2021-01-17_DEN_UTA,2021-01-17,DEN,Saddiq Bey,NO_SAME_DAY_ROW,,,,,2021-01-16,2021-01-18,2,,NO_AUTOMATIC_HEALTH_INFERENCE,NOT_SELECTED,Review causal health/registration separately; never map missing row to healthy or injured
NEW_TEAM_TARGET,2021-01-19_DEN_OKC,2021-01-19,DEN,Saddiq Bey,NO_SAME_DAY_ROW,,,,,2021-01-18,2021-01-20,2,,NO_AUTOMATIC_HEALTH_INFERENCE,NOT_SELECTED,Review causal health/registration separately; never map missing row to healthy or injured
NEW_TEAM_TARGET,2021-01-22_PHX_DEN,2021-01-22,DEN,Saddiq Bey,SAME_DAY_PLAYED,0022000230,DET,915,,2021-01-20,2021-01-23,3,,NO_AUTOMATIC_HEALTH_INFERENCE,NOT_SELECTED,Review causal health/registration separately; never map missing row to healthy or injured
NEW_TEAM_TARGET,2021-01-23_PHX_DEN,2021-01-23,DEN,Saddiq Bey,SAME_DAY_PLAYED,0022000243,DET,1158,,2021-01-22,2021-01-25,3,,NO_AUTOMATIC_HEALTH_INFERENCE,NOT_SELECTED,Review causal health/registration separately; never map missing row to healthy or injured
NEW_TEAM_TARGET,2021-01-25_DAL_DEN,2021-01-25,DEN,Saddiq Bey,SAME_DAY_PLAYED,0022000257,DET,518,,2021-01-23,2021-01-27,4,,NO_AUTOMATIC_HEALTH_INFERENCE,NOT_SELECTED,Review causal health/registration separately; never map missing row to healthy or injured
NEW_TEAM_TARGET,2021-01-27_MIA_DEN,2021-01-27,DEN,Saddiq Bey,SAME_DAY_PLAYED,0022000272,DET,1170,,2021-01-25,2021-01-28,3,,NO_AUTOMATIC_HEALTH_INFERENCE,NOT_SELECTED,Review causal health/registration separately; never map missing row to healthy or injured
NEW_TEAM_TARGET,2021-01-29_SAS_DEN,2021-01-29,DEN,Saddiq Bey,NO_SAME_DAY_ROW,,,,,2021-01-28,2021-01-30,2,,NO_AUTOMATIC_HEALTH_INFERENCE,NOT_SELECTED,Review causal health/registration separately; never map missing row to healthy or injured
NEW_TEAM_TARGET,2021-01-31_DEN_UTA,2021-01-31,DEN,Saddiq Bey,NO_SAME_DAY_ROW,,,,,2021-01-30,2021-02-02,3,,NO_AUTOMATIC_HEALTH_INFERENCE,NOT_SELECTED,Review causal health/registration separately; never map missing row to healthy or injured
NEW_TEAM_TARGET,2021-02-04_LAL_DEN,2021-02-04,DEN,Saddiq Bey,NO_SAME_DAY_ROW,,,,,2021-02-02,2021-02-05,3,,NO_AUTOMATIC_HEALTH_INFERENCE,NOT_SELECTED,Review causal health/registration separately; never map missing row to healthy or injured
NEW_TEAM_TARGET,2021-02-06_SAC_DEN,2021-02-06,DEN,Saddiq Bey,SAME_DAY_PLAYED,0022000361,DET,1544,,2021-02-05,2021-02-09,4,,NO_AUTOMATIC_HEALTH_INFERENCE,NOT_SELECTED,Review causal health/registration separately; never map missing row to healthy or injured
NEW_TEAM_TARGET,2021-02-08_DEN_MIL,2021-02-08,DEN,Saddiq Bey,NO_SAME_DAY_ROW,,,,,2021-02-06,2021-02-09,3,,NO_AUTOMATIC_HEALTH_INFERENCE,NOT_SELECTED,Review causal health/registration separately; never map missing row to healthy or injured
NEW_TEAM_TARGET,2021-02-10_DEN_CLE,2021-02-10,DEN,Saddiq Bey,NO_SAME_DAY_ROW,,,,,2021-02-09,2021-02-11,2,,NO_AUTOMATIC_HEALTH_INFERENCE,NOT_SELECTED,Review causal health/registration separately; never map missing row to healthy or injured
NEW_TEAM_TARGET,2021-02-12_DEN_OKC,2021-02-12,DEN,Saddiq Bey,SAME_DAY_PLAYED,0022000412,DET,1638,,2021-02-11,2021-02-14,3,,NO_AUTOMATIC_HEALTH_INFERENCE,NOT_SELECTED,Review causal health/registration separately; never map missing row to healthy or injured
NEW_TEAM_TARGET,2021-02-14_DEN_LAL,2021-02-14,DEN,Saddiq Bey,SAME_DAY_PLAYED,0022000561,DET,2297,,2021-02-12,2021-02-17,5,,NO_AUTOMATIC_HEALTH_INFERENCE,NOT_SELECTED,Review causal health/registration separately; never map missing row to healthy or injured
NEW_TEAM_TARGET,2021-02-16_BOS_DEN,2021-02-16,DEN,Saddiq Bey,NO_SAME_DAY_ROW,,,,,2021-02-14,2021-02-17,3,,NO_AUTOMATIC_HEALTH_INFERENCE,NOT_SELECTED,Review causal health/registration separately; never map missing row to healthy or injured
NEW_TEAM_TARGET,2021-02-17_WAS_DEN,2021-02-17,DEN,Saddiq Bey,SAME_DAY_PLAYED,0022000564,DET,1909,,2021-02-14,2021-02-19,5,,NO_AUTOMATIC_HEALTH_INFERENCE,NOT_SELECTED,Review causal health/registration separately; never map missing row to healthy or injured
NEW_TEAM_TARGET,2021-02-19_CLE_DEN,2021-02-19,DEN,Saddiq Bey,SAME_DAY_PLAYED,0022000452,DET,1931,,2021-02-17,2021-02-21,4,,NO_AUTOMATIC_HEALTH_INFERENCE,NOT_SELECTED,Review causal health/registration separately; never map missing row to healthy or injured
NEW_TEAM_TARGET,2021-02-21_ATL_DEN,2021-02-21,DEN,Saddiq Bey,SAME_DAY_PLAYED,0022000467,DET,1772,,2021-02-19,2021-02-23,4,,NO_AUTOMATIC_HEALTH_INFERENCE,NOT_SELECTED,Review causal health/registration separately; never map missing row to healthy or injured
NEW_TEAM_TARGET,2021-02-23_DEN_POR,2021-02-23,DEN,Saddiq Bey,SAME_DAY_PLAYED,0022000481,DET,1952,,2021-02-21,2021-02-24,3,,NO_AUTOMATIC_HEALTH_INFERENCE,NOT_SELECTED,Review causal health/registration separately; never map missing row to healthy or injured
NEW_TEAM_TARGET,2021-02-25_DEN_WAS,2021-02-25,DEN,Saddiq Bey,NO_SAME_DAY_ROW,,,,,2021-02-24,2021-02-26,2,,NO_AUTOMATIC_HEALTH_INFERENCE,NOT_SELECTED,Review causal health/registration separately; never map missing row to healthy or injured
NEW_TEAM_TARGET,2021-02-27_OKC_DEN,2021-02-27,DEN,Saddiq Bey,NO_SAME_DAY_ROW,,,,,2021-02-26,2021-02-28,2,,NO_AUTOMATIC_HEALTH_INFERENCE,NOT_SELECTED,Review causal health/registration separately; never map missing row to healthy or injured
NEW_TEAM_TARGET,2021-03-01_CHI_DEN,2021-03-01,DEN,Saddiq Bey,NO_SAME_DAY_ROW,,,,,2021-02-28,2021-03-03,3,,NO_AUTOMATIC_HEALTH_INFERENCE,NOT_SELECTED,Review causal health/registration separately; never map missing row to healthy or injured
NEW_TEAM_TARGET,2021-03-02_MIL_DEN,2021-03-02,DEN,Saddiq Bey,NO_SAME_DAY_ROW,,,,,2021-02-28,2021-03-03,3,,NO_AUTOMATIC_HEALTH_INFERENCE,NOT_SELECTED,Review causal health/registration separately; never map missing row to healthy or injured
NEW_TEAM_TARGET,2021-03-04_IND_DEN,2021-03-04,DEN,Saddiq Bey,SAME_DAY_PLAYED,0022000565,DET,2134,,2021-03-03,2021-03-11,8,,NO_AUTOMATIC_HEALTH_INFERENCE,NOT_SELECTED,Review causal health/registration separately; never map missing row to healthy or injured
NEW_TEAM_TARGET,2021-03-12_MEM_DEN,2021-03-12,DEN,Saddiq Bey,NO_SAME_DAY_ROW,,,,,2021-03-11,2021-03-13,2,,NO_AUTOMATIC_HEALTH_INFERENCE,NOT_SELECTED,Review causal health/registration separately; never map missing row to healthy or injured
NEW_TEAM_TARGET,2021-03-13_DEN_DAL,2021-03-13,DEN,Saddiq Bey,SAME_DAY_PLAYED,0022000587,DET,1719,,2021-03-11,2021-03-15,4,,NO_AUTOMATIC_HEALTH_INFERENCE,NOT_SELECTED,Review causal health/registration separately; never map missing row to healthy or injured
NEW_TEAM_TARGET,2021-03-15_DEN_IND,2021-03-15,DEN,Saddiq Bey,SAME_DAY_PLAYED,0022000428,DET,1584,,2021-03-13,2021-03-17,4,,NO_AUTOMATIC_HEALTH_INFERENCE,NOT_SELECTED,Review causal health/registration separately; never map missing row to healthy or injured
NEW_TEAM_TARGET,2021-03-17_DEN_CHA,2021-03-17,DEN,Saddiq Bey,SAME_DAY_PLAYED,0022000616,DET,2319,,2021-03-15,2021-03-19,4,,NO_AUTOMATIC_HEALTH_INFERENCE,NOT_SELECTED,Review causal health/registration separately; never map missing row to healthy or injured
NEW_TEAM_TARGET,2021-03-19_DEN_CHI,2021-03-19,DEN,Saddiq Bey,SAME_DAY_PLAYED,0022000635,DET,1925,,2021-03-17,2021-03-21,4,,NO_AUTOMATIC_HEALTH_INFERENCE,NOT_SELECTED,Review causal health/registration separately; never map missing row to healthy or injured
NEW_TEAM_TARGET,2021-03-21_DEN_NOP,2021-03-21,DEN,Saddiq Bey,SAME_DAY_PLAYED,0022000649,DET,2149,,2021-03-19,2021-03-24,5,,NO_AUTOMATIC_HEALTH_INFERENCE,NOT_SELECTED,Review causal health/registration separately; never map missing row to healthy or injured
NEW_TEAM_TARGET,2021-03-23_ORL_DEN,2021-03-23,DEN,Saddiq Bey,NO_SAME_DAY_ROW,,,,,2021-03-21,2021-03-24,3,,NO_AUTOMATIC_HEALTH_INFERENCE,NOT_SELECTED,Review causal health/registration separately; never map missing row to healthy or injured
NEW_TEAM_TARGET,2021-03-24_TOR_DEN,2021-03-24,DEN,Saddiq Bey,SAME_DAY_PLAYED,0022000667,DET,1851,,2021-03-21,2021-03-26,5,,NO_AUTOMATIC_HEALTH_INFERENCE,NOT_SELECTED,Review causal health/registration separately; never map missing row to healthy or injured
NEW_TEAM_TARGET,2021-03-26_NOP_DEN,2021-03-26,DEN,Saddiq Bey,SAME_DAY_PLAYED,0022000683,DET,1964,,2021-03-24,2021-03-27,3,,NO_AUTOMATIC_HEALTH_INFERENCE,NOT_SELECTED,Review causal health/registration separately; never map missing row to healthy or injured
NEW_TEAM_TARGET,2021-03-28_DEN_ATL,2021-03-28,DEN,Saddiq Bey,NO_SAME_DAY_ROW,,,,,2021-03-27,2021-03-29,2,,NO_AUTOMATIC_HEALTH_INFERENCE,NOT_SELECTED,Review causal health/registration separately; never map missing row to healthy or injured
NEW_TEAM_TARGET,2021-03-30_DEN_PHI,2021-03-30,DEN,Saddiq Bey,NO_SAME_DAY_ROW,,,,,2021-03-29,2021-03-31,2,,NO_AUTOMATIC_HEALTH_INFERENCE,NOT_SELECTED,Review causal health/registration separately; never map missing row to healthy or injured
NEW_TEAM_TARGET,2021-04-01_LAC_DEN,2021-04-01,DEN,Saddiq Bey,SAME_DAY_PLAYED,0022000179,DET,1565,,2021-03-31,2021-04-03,3,,NO_AUTOMATIC_HEALTH_INFERENCE,NOT_SELECTED,Review causal health/registration separately; never map missing row to healthy or injured
NEW_TEAM_TARGET,2021-04-04_DEN_ORL,2021-04-04,DEN,Saddiq Bey,NO_SAME_DAY_ROW,,,,,2021-04-03,2021-04-05,2,,NO_AUTOMATIC_HEALTH_INFERENCE,NOT_SELECTED,Review causal health/registration separately; never map missing row to healthy or injured
NEW_TEAM_TARGET,2021-04-06_DEN_DET,2021-04-06,DEN,Saddiq Bey,SAME_DAY_PLAYED,0022000321,DET,1426,,2021-04-05,2021-04-08,3,,NO_AUTOMATIC_HEALTH_INFERENCE,NOT_SELECTED,Review causal health/registration separately; never map missing row to healthy or injured
NEW_TEAM_TARGET,2021-04-07_DEN_SAS,2021-04-07,DEN,Saddiq Bey,NO_SAME_DAY_ROW,,,,,2021-04-06,2021-04-08,2,,NO_AUTOMATIC_HEALTH_INFERENCE,NOT_SELECTED,Review causal health/registration separately; never map missing row to healthy or injured
NEW_TEAM_TARGET,2021-04-09_DEN_SAS,2021-04-09,DEN,Saddiq Bey,NO_SAME_DAY_ROW,,,,,2021-04-08,2021-04-10,2,,NO_AUTOMATIC_HEALTH_INFERENCE,NOT_SELECTED,Review causal health/registration separately; never map missing row to healthy or injured
NEW_TEAM_TARGET,2021-04-11_DEN_BOS,2021-04-11,DEN,Saddiq Bey,SAME_DAY_PLAYED,0022000813,DET,1878,,2021-04-10,2021-04-14,4,,NO_AUTOMATIC_HEALTH_INFERENCE,NOT_SELECTED,Review causal health/registration separately; never map missing row to healthy or injured
NEW_TEAM_TARGET,2021-04-12_GSW_DEN,2021-04-12,DEN,Saddiq Bey,NO_SAME_DAY_ROW,,,,,2021-04-11,2021-04-14,3,,NO_AUTOMATIC_HEALTH_INFERENCE,NOT_SELECTED,Review causal health/registration separately; never map missing row to healthy or injured
NEW_TEAM_TARGET,2021-04-14_DEN_MIA,2021-04-14,DEN,Saddiq Bey,SAME_DAY_PLAYED,0022000832,DET,2119,,2021-04-11,2021-04-16,5,,NO_AUTOMATIC_HEALTH_INFERENCE,NOT_SELECTED,Review causal health/registration separately; never map missing row to healthy or injured
NEW_TEAM_TARGET,2021-04-16_HOU_DEN,2021-04-16,DEN,Saddiq Bey,SAME_DAY_PLAYED,0022000845,DET,2353,,2021-04-14,2021-04-17,3,,NO_AUTOMATIC_HEALTH_INFERENCE,NOT_SELECTED,Review causal health/registration separately; never map missing row to healthy or injured
NEW_TEAM_TARGET,2021-04-19_DEN_MEM,2021-04-19,DEN,Saddiq Bey,SAME_DAY_PLAYED,0022000868,DET,2154,,2021-04-17,2021-04-21,4,,NO_AUTOMATIC_HEALTH_INFERENCE,NOT_SELECTED,Review causal health/registration separately; never map missing row to healthy or injured
NEW_TEAM_TARGET,2021-04-21_POR_DEN,2021-04-21,DEN,Saddiq Bey,SAME_DAY_PLAYED,0022000442,DET,1616,,2021-04-19,2021-04-22,3,,NO_AUTOMATIC_HEALTH_INFERENCE,NOT_SELECTED,Review causal health/registration separately; never map missing row to healthy or injured
NEW_TEAM_TARGET,2021-04-23_GSW_DEN,2021-04-23,DEN,Saddiq Bey,NO_SAME_DAY_ROW,,,,,2021-04-22,2021-04-24,2,,NO_AUTOMATIC_HEALTH_INFERENCE,NOT_SELECTED,Review causal health/registration separately; never map missing row to healthy or injured
NEW_TEAM_TARGET,2021-04-24_DEN_HOU,2021-04-24,DEN,Saddiq Bey,SAME_DAY_PLAYED,0022000906,DET,1607,,2021-04-22,2021-04-26,4,,NO_AUTOMATIC_HEALTH_INFERENCE,NOT_SELECTED,Review causal health/registration separately; never map missing row to healthy or injured
NEW_TEAM_TARGET,2021-04-26_DEN_MEM,2021-04-26,DEN,Saddiq Bey,SAME_DAY_PLAYED,0022000916,DET,1430,,2021-04-24,2021-04-29,5,,NO_AUTOMATIC_HEALTH_INFERENCE,NOT_SELECTED,Review causal health/registration separately; never map missing row to healthy or injured
NEW_TEAM_TARGET,2021-04-28_DEN_NOP,2021-04-28,DEN,Saddiq Bey,NO_SAME_DAY_ROW,,,,,2021-04-26,2021-04-29,3,,NO_AUTOMATIC_HEALTH_INFERENCE,NOT_SELECTED,Review causal health/registration separately; never map missing row to healthy or injured
NEW_TEAM_TARGET,2021-04-29_DEN_TOR,2021-04-29,DEN,Saddiq Bey,SAME_DAY_PLAYED,0022000943,DET,2036,,2021-04-26,2021-05-01,5,,NO_AUTOMATIC_HEALTH_INFERENCE,NOT_SELECTED,Review causal health/registration separately; never map missing row to healthy or injured
NEW_TEAM_TARGET,2021-05-01_LAC_DEN,2021-05-01,DEN,Saddiq Bey,SAME_DAY_PLAYED,0022000957,DET,2402,,2021-04-29,2021-05-03,4,,NO_AUTOMATIC_HEALTH_INFERENCE,NOT_SELECTED,Review causal health/registration separately; never map missing row to healthy or injured
NEW_TEAM_TARGET,2021-05-03_LAL_DEN,2021-05-03,DEN,Saddiq Bey,SAME_DAY_PLAYED,0022000975,DET,1810,,2021-05-01,2021-05-04,3,,NO_AUTOMATIC_HEALTH_INFERENCE,NOT_SELECTED,Review causal health/registration separately; never map missing row to healthy or injured
NEW_TEAM_TARGET,2021-05-05_DEN_NYK,2021-05-05,DEN,Saddiq Bey,NO_SAME_DAY_ROW,,,,,2021-05-04,2021-05-06,2,,NO_AUTOMATIC_HEALTH_INFERENCE,NOT_SELECTED,Review causal health/registration separately; never map missing row to healthy or injured
NEW_TEAM_TARGET,2021-05-07_UTA_DEN,2021-05-07,DEN,Saddiq Bey,NO_SAME_DAY_ROW,,,,,2021-05-06,2021-05-08,2,,NO_AUTOMATIC_HEALTH_INFERENCE,NOT_SELECTED,Review causal health/registration separately; never map missing row to healthy or injured
NEW_TEAM_TARGET,2021-05-08_DEN_BKN,2021-05-08,DEN,Saddiq Bey,SAME_DAY_PLAYED,0022001013,DET,1440,,2021-05-06,2021-05-09,3,,NO_AUTOMATIC_HEALTH_INFERENCE,NOT_SELECTED,Review causal health/registration separately; never map missing row to healthy or injured
NEW_TEAM_TARGET,2021-05-11_CHA_DEN,2021-05-11,DEN,Saddiq Bey,SAME_DAY_PLAYED,0022001033,DET,2149,,2021-05-09,2021-05-14,5,,NO_AUTOMATIC_HEALTH_INFERENCE,NOT_SELECTED,Review causal health/registration separately; never map missing row to healthy or injured
NEW_TEAM_TARGET,2021-05-13_MIN_DEN,2021-05-13,DEN,Saddiq Bey,NO_SAME_DAY_ROW,,,,,2021-05-11,2021-05-14,3,,NO_AUTOMATIC_HEALTH_INFERENCE,NOT_SELECTED,Review causal health/registration separately; never map missing row to healthy or injured
NEW_TEAM_TARGET,2021-05-14_DET_DEN,2021-05-14,DEN,Saddiq Bey,SAME_DAY_PLAYED,0022001054,DET,2397,,2021-05-11,2021-05-16,5,,NO_AUTOMATIC_HEALTH_INFERENCE,NOT_SELECTED,Review causal health/registration separately; never map missing row to healthy or injured
NEW_TEAM_TARGET,2021-05-16_POR_DEN,2021-05-16,DEN,Saddiq Bey,SAME_DAY_PLAYED,0022001069,DET,2194,,2021-05-14,,,2,NO_AUTOMATIC_HEALTH_INFERENCE,NOT_SELECTED,Review causal health/registration separately; never map missing row to healthy or injured
NEW_TEAM_TARGET,2020-12-23_MIN_DET,2020-12-23,DET,Kira Lewis Jr.,SAME_DAY_COACH_DNP,0022000014,NOP,0,DNP - Coach's Decision,,2020-12-25,,2,NO_AUTOMATIC_HEALTH_INFERENCE,NOT_SELECTED,Review causal health/registration separately; never map missing row to healthy or injured
NEW_TEAM_TARGET,2020-12-26_DET_CLE,2020-12-26,DET,Kira Lewis Jr.,NO_SAME_DAY_ROW,,,,,2020-12-25,2020-12-27,2,,NO_AUTOMATIC_HEALTH_INFERENCE,NOT_SELECTED,Review causal health/registration separately; never map missing row to healthy or injured
NEW_TEAM_TARGET,2020-12-28_ATL_DET,2020-12-28,DET,Kira Lewis Jr.,NO_SAME_DAY_ROW,,,,,2020-12-27,2020-12-29,2,,NO_AUTOMATIC_HEALTH_INFERENCE,NOT_SELECTED,Review causal health/registration separately; never map missing row to healthy or injured
NEW_TEAM_TARGET,2020-12-29_DET_GSW,2020-12-29,DET,Kira Lewis Jr.,SAME_DAY_PLAYED,0022000053,NOP,578,,2020-12-27,2020-12-31,4,,NO_AUTOMATIC_HEALTH_INFERENCE,NOT_SELECTED,Review causal health/registration separately; never map missing row to healthy or injured
NEW_TEAM_TARGET,2021-01-01_DET_BOS,2021-01-01,DET,Kira Lewis Jr.,NO_SAME_DAY_ROW,,,,,2020-12-31,2021-01-02,2,,NO_AUTOMATIC_HEALTH_INFERENCE,NOT_SELECTED,Review causal health/registration separately; never map missing row to healthy or injured
NEW_TEAM_TARGET,2021-01-03_DET_BOS,2021-01-03,DET,Kira Lewis Jr.,NO_SAME_DAY_ROW,,,,,2021-01-02,2021-01-04,2,,NO_AUTOMATIC_HEALTH_INFERENCE,NOT_SELECTED,Review causal health/registration separately; never map missing row to healthy or injured
NEW_TEAM_TARGET,2021-01-04_MIL_DET,2021-01-04,DET,Kira Lewis Jr.,SAME_DAY_COACH_DNP,0022000100,NOP,0,DNP - Coach's Decision,2021-01-02,2021-01-06,4,,NO_AUTOMATIC_HEALTH_INFERENCE,NOT_SELECTED,Review causal health/registration separately; never map missing row to healthy or injured
NEW_TEAM_TARGET,2021-01-06_MIL_DET,2021-01-06,DET,Kira Lewis Jr.,SAME_DAY_COACH_DNP,0022000114,NOP,0,DNP - Coach's Decision,2021-01-04,2021-01-08,4,,NO_AUTOMATIC_HEALTH_INFERENCE,NOT_SELECTED,Review causal health/registration separately; never map missing row to healthy or injured
NEW_TEAM_TARGET,2021-01-08_DET_PHX,2021-01-08,DET,Kira Lewis Jr.,SAME_DAY_COACH_DNP,0022000126,NOP,0,DNP - Coach's Decision,2021-01-06,2021-01-13,7,,NO_AUTOMATIC_HEALTH_INFERENCE,NOT_SELECTED,Review causal health/registration separately; never map missing row to healthy or injured
NEW_TEAM_TARGET,2021-01-10_DET_UTA,2021-01-10,DET,Kira Lewis Jr.,NO_SAME_DAY_ROW,,,,,2021-01-08,2021-01-13,5,,NO_AUTOMATIC_HEALTH_INFERENCE,NOT_SELECTED,Review causal health/registration separately; never map missing row to healthy or injured
NEW_TEAM_TARGET,2021-01-13_DET_MIL,2021-01-13,DET,Kira Lewis Jr.,SAME_DAY_PLAYED,0022000172,NOP,934,,2021-01-08,2021-01-15,7,,NO_AUTOMATIC_HEALTH_INFERENCE,NOT_SELECTED,Review causal health/registration separately; never map missing row to healthy or injured
NEW_TEAM_TARGET,2021-01-16_MIA_DET,2021-01-16,DET,Kira Lewis Jr.,NO_SAME_DAY_ROW,,,,,2021-01-15,2021-01-17,2,,NO_AUTOMATIC_HEALTH_INFERENCE,NOT_SELECTED,Review causal health/registration separately; never map missing row to healthy or injured
NEW_TEAM_TARGET,2021-01-18_MIA_DET,2021-01-18,DET,Kira Lewis Jr.,NO_SAME_DAY_ROW,,,,,2021-01-17,2021-01-19,2,,NO_AUTOMATIC_HEALTH_INFERENCE,NOT_SELECTED,Review causal health/registration separately; never map missing row to healthy or injured
NEW_TEAM_TARGET,2021-01-20_ATL_DET,2021-01-20,DET,Kira Lewis Jr.,NO_SAME_DAY_ROW,,,,,2021-01-19,2021-01-21,2,,NO_AUTOMATIC_HEALTH_INFERENCE,NOT_SELECTED,Review causal health/registration separately; never map missing row to healthy or injured
NEW_TEAM_TARGET,2021-01-22_DET_HOU,2021-01-22,DET,Kira Lewis Jr.,NO_SAME_DAY_ROW,,,,,2021-01-21,2021-01-23,2,,NO_AUTOMATIC_HEALTH_INFERENCE,NOT_SELECTED,Review causal health/registration separately; never map missing row to healthy or injured
NEW_TEAM_TARGET,2021-01-23_DET_PHI,2021-01-23,DET,Kira Lewis Jr.,SAME_DAY_COACH_DNP,0022000246,NOP,0,DNP - Coach's Decision,2021-01-21,2021-01-27,6,,NO_AUTOMATIC_HEALTH_INFERENCE,NOT_SELECTED,Review causal health/registration separately; never map missing row to healthy or injured
NEW_TEAM_TARGET,2021-01-25_DET_PHI,2021-01-25,DET,Kira Lewis Jr.,NO_SAME_DAY_ROW,,,,,2021-01-23,2021-01-27,4,,NO_AUTOMATIC_HEALTH_INFERENCE,NOT_SELECTED,Review causal health/registration separately; never map missing row to healthy or injured
NEW_TEAM_TARGET,2021-01-27_CLE_DET,2021-01-27,DET,Kira Lewis Jr.,SAME_DAY_COACH_DNP,0022000279,NOP,0,DNP - Coach's Decision,2021-01-23,2021-01-29,6,,NO_AUTOMATIC_HEALTH_INFERENCE,NOT_SELECTED,Review causal health/registration separately; never map missing row to healthy or injured
NEW_TEAM_TARGET,2021-01-28_DET_LAL,2021-01-28,DET,Kira Lewis Jr.,NO_SAME_DAY_ROW,,,,,2021-01-27,2021-01-29,2,,NO_AUTOMATIC_HEALTH_INFERENCE,NOT_SELECTED,Review causal health/registration separately; never map missing row to healthy or injured
NEW_TEAM_TARGET,2021-01-30_GSW_DET,2021-01-30,DET,Kira Lewis Jr.,SAME_DAY_PLAYED,0022000300,NOP,593,,2021-01-29,2021-02-01,3,,NO_AUTOMATIC_HEALTH_INFERENCE,NOT_SELECTED,Review causal health/registration separately; never map missing row to healthy or injured
NEW_TEAM_TARGET,2021-02-02_UTA_DET,2021-02-02,DET,Kira Lewis Jr.,NO_SAME_DAY_ROW,,,,,2021-02-01,2021-02-03,2,,NO_AUTOMATIC_HEALTH_INFERENCE,NOT_SELECTED,Review causal health/registration separately; never map missing row to healthy or injured
NEW_TEAM_TARGET,2021-02-05_PHX_DET,2021-02-05,DET,Kira Lewis Jr.,SAME_DAY_COACH_DNP,0022000343,NOP,0,DNP - Coach's Decision,2021-02-03,2021-02-06,3,,NO_AUTOMATIC_HEALTH_INFERENCE,NOT_SELECTED,Review causal health/registration separately; never map missing row to healthy or injured
NEW_TEAM_TARGET,2021-02-06_LAL_DET,2021-02-06,DET,Kira Lewis Jr.,SAME_DAY_PLAYED,0022000355,NOP,1131,,2021-02-05,2021-02-09,4,,NO_AUTOMATIC_HEALTH_INFERENCE,NOT_SELECTED,Review causal health/registration separately; never map missing row to healthy or injured
NEW_TEAM_TARGET,2021-02-09_DET_BKN,2021-02-09,DET,Kira Lewis Jr.,SAME_DAY_PLAYED,0022000377,NOP,1191,,2021-02-06,2021-02-10,4,,NO_AUTOMATIC_HEALTH_INFERENCE,NOT_SELECTED,Review causal health/registration separately; never map missing row to healthy or injured
NEW_TEAM_TARGET,2021-02-11_DET_IND,2021-02-11,DET,Kira Lewis Jr.,NO_SAME_DAY_ROW,,,,,2021-02-10,2021-02-12,2,,NO_AUTOMATIC_HEALTH_INFERENCE,NOT_SELECTED,Review causal health/registration separately; never map missing row to healthy or injured
NEW_TEAM_TARGET,2021-02-12_BOS_DET,2021-02-12,DET,Kira Lewis Jr.,SAME_DAY_PLAYED,0022000399,NOP,997,,2021-02-10,2021-02-14,4,,NO_AUTOMATIC_HEALTH_INFERENCE,NOT_SELECTED,Review causal health/registration separately; never map missing row to healthy or injured
NEW_TEAM_TARGET,2021-02-14_DET_NOP,2021-02-14,DET,Kira Lewis Jr.,SAME_DAY_PLAYED,0022000561,NOP,1000,,2021-02-12,2021-02-16,4,,NO_AUTOMATIC_HEALTH_INFERENCE,NOT_SELECTED,Review causal health/registration separately; never map missing row to healthy or injured
NEW_TEAM_TARGET,2021-02-17_CHI_DET,2021-02-17,DET,Kira Lewis Jr.,SAME_DAY_PLAYED,0022000441,NOP,1049,,2021-02-16,2021-02-19,3,,NO_AUTOMATIC_HEALTH_INFERENCE,NOT_SELECTED,Review causal health/registration separately; never map missing row to healthy or injured
NEW_TEAM_TARGET,2021-02-19_MEM_DET,2021-02-19,DET,Kira Lewis Jr.,SAME_DAY_PLAYED,0022000455,NOP,1127,,2021-02-17,2021-02-21,4,,NO_AUTOMATIC_HEALTH_INFERENCE,NOT_SELECTED,Review causal health/registration separately; never map missing row to healthy or injured
NEW_TEAM_TARGET,2021-02-21_ORL_DET,2021-02-21,DET,Kira Lewis Jr.,SAME_DAY_PLAYED,0022000465,NOP,410,,2021-02-19,2021-02-24,5,,NO_AUTOMATIC_HEALTH_INFERENCE,NOT_SELECTED,Review causal health/registration separately; never map missing row to healthy or injured
NEW_TEAM_TARGET,2021-02-23_ORL_DET,2021-02-23,DET,Kira Lewis Jr.,NO_SAME_DAY_ROW,,,,,2021-02-21,2021-02-24,3,,NO_AUTOMATIC_HEALTH_INFERENCE,NOT_SELECTED,Review causal health/registration separately; never map missing row to healthy or injured
NEW_TEAM_TARGET,2021-02-24_NOP_DET,2021-02-24,DET,Kira Lewis Jr.,SAME_DAY_PLAYED,0022000494,NOP,410,,2021-02-21,2021-02-25,4,,NO_AUTOMATIC_HEALTH_INFERENCE,NOT_SELECTED,Review causal health/registration separately; never map missing row to healthy or injured
NEW_TEAM_TARGET,2021-02-26_DET_SAC,2021-02-26,DET,Kira Lewis Jr.,NO_SAME_DAY_ROW,,,,,2021-02-25,2021-02-27,2,,NO_AUTOMATIC_HEALTH_INFERENCE,NOT_SELECTED,Review causal health/registration separately; never map missing row to healthy or injured
NEW_TEAM_TARGET,2021-02-28_DET_NYK,2021-02-28,DET,Kira Lewis Jr.,NO_SAME_DAY_ROW,,,,,2021-02-27,2021-03-01,2,,NO_AUTOMATIC_HEALTH_INFERENCE,NOT_SELECTED,Review causal health/registration separately; never map missing row to healthy or injured
NEW_TEAM_TARGET,2021-03-03_TOR_DET,2021-03-03,DET,Kira Lewis Jr.,SAME_DAY_COACH_DNP,0022000548,NOP,0,DNP - Coach's Decision,2021-03-01,2021-03-04,3,,NO_AUTOMATIC_HEALTH_INFERENCE,NOT_SELECTED,Review causal health/registration separately; never map missing row to healthy or injured
NEW_TEAM_TARGET,2021-03-04_NYK_DET,2021-03-04,DET,Kira Lewis Jr.,SAME_DAY_PLAYED,0022000557,NOP,1029,,2021-03-03,2021-03-11,8,,NO_AUTOMATIC_HEALTH_INFERENCE,NOT_SELECTED,Review causal health/registration separately; never map missing row to healthy or injured
NEW_TEAM_TARGET,2021-03-11_CHA_DET,2021-03-11,DET,Kira Lewis Jr.,SAME_DAY_PLAYED,0022000574,NOP,1325,,2021-03-04,2021-03-12,8,,NO_AUTOMATIC_HEALTH_INFERENCE,NOT_SELECTED,Review causal health/registration separately; never map missing row to healthy or injured
NEW_TEAM_TARGET,2021-03-13_BKN_DET,2021-03-13,DET,Kira Lewis Jr.,NO_SAME_DAY_ROW,,,,,2021-03-12,2021-03-14,2,,NO_AUTOMATIC_HEALTH_INFERENCE,NOT_SELECTED,Review causal health/registration separately; never map missing row to healthy or injured
NEW_TEAM_TARGET,2021-03-15_DET_SAS,2021-03-15,DET,Kira Lewis Jr.,NO_SAME_DAY_ROW,,,,,2021-03-14,2021-03-16,2,,NO_AUTOMATIC_HEALTH_INFERENCE,NOT_SELECTED,Review causal health/registration separately; never map missing row to healthy or injured
NEW_TEAM_TARGET,2021-03-17_DET_TOR,2021-03-17,DET,Kira Lewis Jr.,NO_SAME_DAY_ROW,,,,,2021-03-16,2021-03-18,2,,NO_AUTOMATIC_HEALTH_INFERENCE,NOT_SELECTED,Review causal health/registration separately; never map missing row to healthy or injured
NEW_TEAM_TARGET,2021-03-19_HOU_DET,2021-03-19,DET,Kira Lewis Jr.,NO_SAME_DAY_ROW,,,,,2021-03-18,2021-03-21,3,,NO_AUTOMATIC_HEALTH_INFERENCE,NOT_SELECTED,Review causal health/registration separately; never map missing row to healthy or injured
NEW_TEAM_TARGET,2021-03-21_DET_CHI,2021-03-21,DET,Kira Lewis Jr.,SAME_DAY_PLAYED,0022000646,NOP,1001,,2021-03-18,2021-03-23,5,,NO_AUTOMATIC_HEALTH_INFERENCE,NOT_SELECTED,Review causal health/registration separately; never map missing row to healthy or injured
NEW_TEAM_TARGET,2021-03-24_IND_DET,2021-03-24,DET,Kira Lewis Jr.,NO_SAME_DAY_ROW,,,,,2021-03-23,2021-03-26,3,,NO_AUTOMATIC_HEALTH_INFERENCE,NOT_SELECTED,Review causal health/registration separately; never map missing row to healthy or injured
NEW_TEAM_TARGET,2021-03-26_DET_BKN,2021-03-26,DET,Kira Lewis Jr.,SAME_DAY_PLAYED,0022000689,NOP,973,,2021-03-23,2021-03-27,4,,NO_AUTOMATIC_HEALTH_INFERENCE,NOT_SELECTED,Review causal health/registration separately; never map missing row to healthy or injured
NEW_TEAM_TARGET,2021-03-27_WAS_DET,2021-03-27,DET,Kira Lewis Jr.,SAME_DAY_PLAYED,0022000698,NOP,1484,,2021-03-26,2021-03-29,3,,NO_AUTOMATIC_HEALTH_INFERENCE,NOT_SELECTED,Review causal health/registration separately; never map missing row to healthy or injured
NEW_TEAM_TARGET,2021-03-29_DET_TOR,2021-03-29,DET,Kira Lewis Jr.,SAME_DAY_PLAYED,0022000708,NOP,1085,,2021-03-27,2021-04-01,5,,NO_AUTOMATIC_HEALTH_INFERENCE,NOT_SELECTED,Review causal health/registration separately; never map missing row to healthy or injured
NEW_TEAM_TARGET,2021-03-31_DET_POR,2021-03-31,DET,Kira Lewis Jr.,NO_SAME_DAY_ROW,,,,,2021-03-29,2021-04-01,3,,NO_AUTOMATIC_HEALTH_INFERENCE,NOT_SELECTED,Review causal health/registration separately; never map missing row to healthy or injured
NEW_TEAM_TARGET,2021-04-01_DET_WAS,2021-04-01,DET,Kira Lewis Jr.,SAME_DAY_PLAYED,0022000734,NOP,1958,,2021-03-29,2021-04-02,4,,NO_AUTOMATIC_HEALTH_INFERENCE,NOT_SELECTED,Review causal health/registration separately; never map missing row to healthy or injured
NEW_TEAM_TARGET,2021-04-03_DET_NYK,2021-04-03,DET,Kira Lewis Jr.,NO_SAME_DAY_ROW,,,,,2021-04-02,2021-04-09,7,,NO_AUTOMATIC_HEALTH_INFERENCE,NOT_SELECTED,Review causal health/registration separately; never map missing row to healthy or injured
NEW_TEAM_TARGET,2021-04-05_OKC_DET,2021-04-05,DET,Kira Lewis Jr.,NO_SAME_DAY_ROW,,,,,2021-04-02,2021-04-09,7,,NO_AUTOMATIC_HEALTH_INFERENCE,NOT_SELECTED,Review causal health/registration separately; never map missing row to healthy or injured
NEW_TEAM_TARGET,2021-04-06_DEN_DET,2021-04-06,DET,Kira Lewis Jr.,NO_SAME_DAY_ROW,,,,,2021-04-02,2021-04-09,7,,NO_AUTOMATIC_HEALTH_INFERENCE,NOT_SELECTED,Review causal health/registration separately; never map missing row to healthy or injured
NEW_TEAM_TARGET,2021-04-08_SAC_DET,2021-04-08,DET,Kira Lewis Jr.,NO_SAME_DAY_ROW,,,,,2021-04-02,2021-04-09,7,,NO_AUTOMATIC_HEALTH_INFERENCE,NOT_SELECTED,Review causal health/registration separately; never map missing row to healthy or injured
NEW_TEAM_TARGET,2021-04-10_POR_DET,2021-04-10,DET,Kira Lewis Jr.,NO_SAME_DAY_ROW,,,,,2021-04-09,2021-04-11,2,,NO_AUTOMATIC_HEALTH_INFERENCE,NOT_SELECTED,Review causal health/registration separately; never map missing row to healthy or injured
NEW_TEAM_TARGET,2021-04-11_LAC_DET,2021-04-11,DET,Kira Lewis Jr.,SAME_DAY_PLAYED,0022000807,NOP,1100,,2021-04-09,2021-04-12,3,,NO_AUTOMATIC_HEALTH_INFERENCE,NOT_SELECTED,Review causal health/registration separately; never map missing row to healthy or injured
NEW_TEAM_TARGET,2021-04-14_DET_LAC,2021-04-14,DET,Kira Lewis Jr.,SAME_DAY_PLAYED,0022000835,NOP,1251,,2021-04-12,2021-04-16,4,,NO_AUTOMATIC_HEALTH_INFERENCE,NOT_SELECTED,Review causal health/registration separately; never map missing row to healthy or injured
NEW_TEAM_TARGET,2021-04-16_DET_OKC,2021-04-16,DET,Kira Lewis Jr.,SAME_DAY_PLAYED,0022000847,NOP,1167,,2021-04-14,2021-04-18,4,,NO_AUTOMATIC_HEALTH_INFERENCE,NOT_SELECTED,Review causal health/registration separately; never map missing row to healthy or injured
NEW_TEAM_TARGET,2021-04-17_WAS_DET,2021-04-17,DET,Kira Lewis Jr.,NO_SAME_DAY_ROW,,,,,2021-04-16,2021-04-18,2,,NO_AUTOMATIC_HEALTH_INFERENCE,NOT_SELECTED,Review causal health/registration separately; never map missing row to healthy or injured
NEW_TEAM_TARGET,2021-04-19_DET_CLE,2021-04-19,DET,Kira Lewis Jr.,NO_SAME_DAY_ROW,,,,,2021-04-18,2021-04-20,2,,NO_AUTOMATIC_HEALTH_INFERENCE,NOT_SELECTED,Review causal health/registration separately; never map missing row to healthy or injured
NEW_TEAM_TARGET,2021-04-21_DAL_DET,2021-04-21,DET,Kira Lewis Jr.,NO_SAME_DAY_ROW,,,,,2021-04-20,2021-04-22,2,,NO_AUTOMATIC_HEALTH_INFERENCE,NOT_SELECTED,Review causal health/registration separately; never map missing row to healthy or injured
NEW_TEAM_TARGET,2021-04-22_SAS_DET,2021-04-22,DET,Kira Lewis Jr.,SAME_DAY_PLAYED,0022000893,NOP,1403,,2021-04-20,2021-04-24,4,,NO_AUTOMATIC_HEALTH_INFERENCE,NOT_SELECTED,Review causal health/registration separately; never map missing row to healthy or injured
NEW_TEAM_TARGET,2021-04-24_IND_DET,2021-04-24,DET,Kira Lewis Jr.,SAME_DAY_PLAYED,0022000264,NOP,996,,2021-04-22,2021-04-26,4,,NO_AUTOMATIC_HEALTH_INFERENCE,NOT_SELECTED,Review causal health/registration separately; never map missing row to healthy or injured
NEW_TEAM_TARGET,2021-04-26_DET_ATL,2021-04-26,DET,Kira Lewis Jr.,SAME_DAY_PLAYED,0022000924,NOP,1344,,2021-04-24,2021-04-28,4,,NO_AUTOMATIC_HEALTH_INFERENCE,NOT_SELECTED,Review causal health/registration separately; never map missing row to healthy or injured
NEW_TEAM_TARGET,2021-04-29_DET_DAL,2021-04-29,DET,Kira Lewis Jr.,SAME_DAY_PLAYED,0022000947,NOP,1098,,2021-04-28,2021-05-01,3,,NO_AUTOMATIC_HEALTH_INFERENCE,NOT_SELECTED,Review causal health/registration separately; never map missing row to healthy or injured
NEW_TEAM_TARGET,2021-05-01_CHA_DET,2021-05-01,DET,Kira Lewis Jr.,SAME_DAY_PLAYED,0022000962,NOP,998,,2021-04-29,2021-05-03,4,,NO_AUTOMATIC_HEALTH_INFERENCE,NOT_SELECTED,Review causal health/registration separately; never map missing row to healthy or injured
NEW_TEAM_TARGET,2021-05-03_DET_ORL,2021-05-03,DET,Kira Lewis Jr.,SAME_DAY_PLAYED,0022000977,NOP,425,,2021-05-01,2021-05-04,3,,NO_AUTOMATIC_HEALTH_INFERENCE,NOT_SELECTED,Review causal health/registration separately; never map missing row to healthy or injured
NEW_TEAM_TARGET,2021-05-04_DET_CHA,2021-05-04,DET,Kira Lewis Jr.,SAME_DAY_PLAYED,0022000987,NOP,400,,2021-05-03,2021-05-07,4,,NO_AUTOMATIC_HEALTH_INFERENCE,NOT_SELECTED,Review causal health/registration separately; never map missing row to healthy or injured
NEW_TEAM_TARGET,2021-05-06_DET_MEM,2021-05-06,DET,Kira Lewis Jr.,NO_SAME_DAY_ROW,,,,,2021-05-04,2021-05-07,3,,NO_AUTOMATIC_HEALTH_INFERENCE,NOT_SELECTED,Review causal health/registration separately; never map missing row to healthy or injured
NEW_TEAM_TARGET,2021-05-08_PHI_DET,2021-05-08,DET,Kira Lewis Jr.,NO_SAME_DAY_ROW,,,,,2021-05-07,2021-05-09,2,,NO_AUTOMATIC_HEALTH_INFERENCE,NOT_SELECTED,Review causal health/registration separately; never map missing row to healthy or injured
NEW_TEAM_TARGET,2021-05-09_DET_CHI,2021-05-09,DET,Kira Lewis Jr.,SAME_DAY_PLAYED,0022001020,NOP,898,,2021-05-07,2021-05-10,3,,NO_AUTOMATIC_HEALTH_INFERENCE,NOT_SELECTED,Review causal health/registration separately; never map missing row to healthy or injured
NEW_TEAM_TARGET,2021-05-11_DET_MIN,2021-05-11,DET,Kira Lewis Jr.,NO_SAME_DAY_ROW,,,,,2021-05-10,2021-05-12,2,,NO_AUTOMATIC_HEALTH_INFERENCE,NOT_SELECTED,Review causal health/registration separately; never map missing row to healthy or injured
NEW_TEAM_TARGET,2021-05-14_DET_DEN,2021-05-14,DET,Kira Lewis Jr.,SAME_DAY_PLAYED,0022001059,NOP,1724,,2021-05-12,2021-05-16,4,,NO_AUTOMATIC_HEALTH_INFERENCE,NOT_SELECTED,Review causal health/registration separately; never map missing row to healthy or injured
NEW_TEAM_TARGET,2021-05-16_DET_MIA,2021-05-16,DET,Kira Lewis Jr.,SAME_DAY_PLAYED,0022001072,NOP,1553,,2021-05-14,,,2,NO_AUTOMATIC_HEALTH_INFERENCE,NOT_SELECTED,Review causal health/registration separately; never map missing row to healthy or injured
NEW_TEAM_TARGET,2020-12-23_MIN_DET,2020-12-23,DET,Patrick Williams,SAME_DAY_PLAYED,0022000015,CHI,1983,,,2020-12-26,,3,NO_AUTOMATIC_HEALTH_INFERENCE,NOT_SELECTED,Review causal health/registration separately; never map missing row to healthy or injured
NEW_TEAM_TARGET,2020-12-26_DET_CLE,2020-12-26,DET,Patrick Williams,SAME_DAY_PLAYED,0022000026,CHI,1324,,2020-12-23,2020-12-27,4,,NO_AUTOMATIC_HEALTH_INFERENCE,NOT_SELECTED,Review causal health/registration separately; never map missing row to healthy or injured
NEW_TEAM_TARGET,2020-12-28_ATL_DET,2020-12-28,DET,Patrick Williams,NO_SAME_DAY_ROW,,,,,2020-12-27,2020-12-29,2,,NO_AUTOMATIC_HEALTH_INFERENCE,NOT_SELECTED,Review causal health/registration separately; never map missing row to healthy or injured
NEW_TEAM_TARGET,2020-12-29_DET_GSW,2020-12-29,DET,Patrick Williams,SAME_DAY_PLAYED,0022000050,CHI,1221,,2020-12-27,2020-12-31,4,,NO_AUTOMATIC_HEALTH_INFERENCE,NOT_SELECTED,Review causal health/registration separately; never map missing row to healthy or injured
NEW_TEAM_TARGET,2021-01-01_DET_BOS,2021-01-01,DET,Patrick Williams,SAME_DAY_PLAYED,0022000073,CHI,1526,,2020-12-31,2021-01-03,3,,NO_AUTOMATIC_HEALTH_INFERENCE,NOT_SELECTED,Review causal health/registration separately; never map missing row to healthy or injured
NEW_TEAM_TARGET,2021-01-03_DET_BOS,2021-01-03,DET,Patrick Williams,SAME_DAY_PLAYED,0022000090,CHI,1704,,2021-01-01,2021-01-05,4,,NO_AUTOMATIC_HEALTH_INFERENCE,NOT_SELECTED,Review causal health/registration separately; never map missing row to healthy or injured
NEW_TEAM_TARGET,2021-01-04_MIL_DET,2021-01-04,DET,Patrick Williams,NO_SAME_DAY_ROW,,,,,2021-01-03,2021-01-05,2,,NO_AUTOMATIC_HEALTH_INFERENCE,NOT_SELECTED,Review causal health/registration separately; never map missing row to healthy or injured
NEW_TEAM_TARGET,2021-01-06_MIL_DET,2021-01-06,DET,Patrick Williams,SAME_DAY_PLAYED,0022000117,CHI,1331,,2021-01-05,2021-01-08,3,,NO_AUTOMATIC_HEALTH_INFERENCE,NOT_SELECTED,Review causal health/registration separately; never map missing row to healthy or injured
NEW_TEAM_TARGET,2021-01-08_DET_PHX,2021-01-08,DET,Patrick Williams,SAME_DAY_PLAYED,0022000131,CHI,2055,,2021-01-06,2021-01-10,4,,NO_AUTOMATIC_HEALTH_INFERENCE,NOT_SELECTED,Review causal health/registration separately; never map missing row to healthy or injured
NEW_TEAM_TARGET,2021-01-10_DET_UTA,2021-01-10,DET,Patrick Williams,SAME_DAY_PLAYED,0022000142,CHI,2146,,2021-01-08,2021-01-15,7,,NO_AUTOMATIC_HEALTH_INFERENCE,NOT_SELECTED,Review causal health/registration separately; never map missing row to healthy or injured
NEW_TEAM_TARGET,2021-01-13_DET_MIL,2021-01-13,DET,Patrick Williams,NO_SAME_DAY_ROW,,,,,2021-01-10,2021-01-15,5,,NO_AUTOMATIC_HEALTH_INFERENCE,NOT_SELECTED,Review causal health/registration separately; never map missing row to healthy or injured
NEW_TEAM_TARGET,2021-01-16_MIA_DET,2021-01-16,DET,Patrick Williams,NO_SAME_DAY_ROW,,,,,2021-01-15,2021-01-17,2,,NO_AUTOMATIC_HEALTH_INFERENCE,NOT_SELECTED,Review causal health/registration separately; never map missing row to healthy or injured
NEW_TEAM_TARGET,2021-01-18_MIA_DET,2021-01-18,DET,Patrick Williams,NO_SAME_DAY_ROW,,,,,2021-01-17,2021-01-22,5,,NO_AUTOMATIC_HEALTH_INFERENCE,NOT_SELECTED,Review causal health/registration separately; never map missing row to healthy or injured
NEW_TEAM_TARGET,2021-01-20_ATL_DET,2021-01-20,DET,Patrick Williams,NO_SAME_DAY_ROW,,,,,2021-01-17,2021-01-22,5,,NO_AUTOMATIC_HEALTH_INFERENCE,NOT_SELECTED,Review causal health/registration separately; never map missing row to healthy or injured
NEW_TEAM_TARGET,2021-01-22_DET_HOU,2021-01-22,DET,Patrick Williams,SAME_DAY_PLAYED,0022000229,CHI,964,,2021-01-17,2021-01-23,6,,NO_AUTOMATIC_HEALTH_INFERENCE,NOT_SELECTED,Review causal health/registration separately; never map missing row to healthy or injured
NEW_TEAM_TARGET,2021-01-23_DET_PHI,2021-01-23,DET,Patrick Williams,SAME_DAY_PLAYED,0022000245,CHI,1850,,2021-01-22,2021-01-25,3,,NO_AUTOMATIC_HEALTH_INFERENCE,NOT_SELECTED,Review causal health/registration separately; never map missing row to healthy or injured
NEW_TEAM_TARGET,2021-01-25_DET_PHI,2021-01-25,DET,Patrick Williams,SAME_DAY_PLAYED,0022000262,CHI,602,,2021-01-23,2021-01-30,7,,NO_AUTOMATIC_HEALTH_INFERENCE,NOT_SELECTED,Review causal health/registration separately; never map missing row to healthy or injured
NEW_TEAM_TARGET,2021-01-27_CLE_DET,2021-01-27,DET,Patrick Williams,NO_SAME_DAY_ROW,,,,,2021-01-25,2021-01-30,5,,NO_AUTOMATIC_HEALTH_INFERENCE,NOT_SELECTED,Review causal health/registration separately; never map missing row to healthy or injured
NEW_TEAM_TARGET,2021-01-28_DET_LAL,2021-01-28,DET,Patrick Williams,NO_SAME_DAY_ROW,,,,,2021-01-25,2021-01-30,5,,NO_AUTOMATIC_HEALTH_INFERENCE,NOT_SELECTED,Review causal health/registration separately; never map missing row to healthy or injured
NEW_TEAM_TARGET,2021-01-30_GSW_DET,2021-01-30,DET,Patrick Williams,SAME_DAY_PLAYED,0022000298,CHI,1458,,2021-01-25,2021-02-01,7,,NO_AUTOMATIC_HEALTH_INFERENCE,NOT_SELECTED,Review causal health/registration separately; never map missing row to healthy or injured
NEW_TEAM_TARGET,2021-02-02_UTA_DET,2021-02-02,DET,Patrick Williams,NO_SAME_DAY_ROW,,,,,2021-02-01,2021-02-03,2,,NO_AUTOMATIC_HEALTH_INFERENCE,NOT_SELECTED,Review causal health/registration separately; never map missing row to healthy or injured
NEW_TEAM_TARGET,2021-02-05_PHX_DET,2021-02-05,DET,Patrick Williams,SAME_DAY_PLAYED,0022000344,CHI,2032,,2021-02-03,2021-02-06,3,,NO_AUTOMATIC_HEALTH_INFERENCE,NOT_SELECTED,Review causal health/registration separately; never map missing row to healthy or injured
NEW_TEAM_TARGET,2021-02-06_LAL_DET,2021-02-06,DET,Patrick Williams,SAME_DAY_PLAYED,0022000353,CHI,2007,,2021-02-05,2021-02-08,3,,NO_AUTOMATIC_HEALTH_INFERENCE,NOT_SELECTED,Review causal health/registration separately; never map missing row to healthy or injured
NEW_TEAM_TARGET,2021-02-09_DET_BKN,2021-02-09,DET,Patrick Williams,NO_SAME_DAY_ROW,,,,,2021-02-08,2021-02-10,2,,NO_AUTOMATIC_HEALTH_INFERENCE,NOT_SELECTED,Review causal health/registration separately; never map missing row to healthy or injured
NEW_TEAM_TARGET,2021-02-11_DET_IND,2021-02-11,DET,Patrick Williams,NO_SAME_DAY_ROW,,,,,2021-02-10,2021-02-12,2,,NO_AUTOMATIC_HEALTH_INFERENCE,NOT_SELECTED,Review causal health/registration separately; never map missing row to healthy or injured
NEW_TEAM_TARGET,2021-02-12_BOS_DET,2021-02-12,DET,Patrick Williams,SAME_DAY_PLAYED,0022000400,CHI,2099,,2021-02-10,2021-02-15,5,,NO_AUTOMATIC_HEALTH_INFERENCE,NOT_SELECTED,Review causal health/registration separately; never map missing row to healthy or injured
NEW_TEAM_TARGET,2021-02-14_DET_NOP,2021-02-14,DET,Patrick Williams,NO_SAME_DAY_ROW,,,,,2021-02-12,2021-02-15,3,,NO_AUTOMATIC_HEALTH_INFERENCE,NOT_SELECTED,Review causal health/registration separately; never map missing row to healthy or injured
NEW_TEAM_TARGET,2021-02-17_CHI_DET,2021-02-17,DET,Patrick Williams,SAME_DAY_PLAYED,0022000564,CHI,1770,,2021-02-15,2021-02-19,4,,NO_AUTOMATIC_HEALTH_INFERENCE,NOT_SELECTED,Review causal health/registration separately; never map missing row to healthy or injured
NEW_TEAM_TARGET,2021-02-19_MEM_DET,2021-02-19,DET,Patrick Williams,SAME_DAY_PLAYED,0022000450,CHI,1884,,2021-02-17,2021-02-20,3,,NO_AUTOMATIC_HEALTH_INFERENCE,NOT_SELECTED,Review causal health/registration separately; never map missing row to healthy or injured
NEW_TEAM_TARGET,2021-02-21_ORL_DET,2021-02-21,DET,Patrick Williams,NO_SAME_DAY_ROW,,,,,2021-02-20,2021-02-22,2,,NO_AUTOMATIC_HEALTH_INFERENCE,NOT_SELECTED,Review causal health/registration separately; never map missing row to healthy or injured
NEW_TEAM_TARGET,2021-02-23_ORL_DET,2021-02-23,DET,Patrick Williams,NO_SAME_DAY_ROW,,,,,2021-02-22,2021-02-24,2,,NO_AUTOMATIC_HEALTH_INFERENCE,NOT_SELECTED,Review causal health/registration separately; never map missing row to healthy or injured
NEW_TEAM_TARGET,2021-02-24_NOP_DET,2021-02-24,DET,Patrick Williams,SAME_DAY_PLAYED,0022000493,CHI,1640,,2021-02-22,2021-02-26,4,,NO_AUTOMATIC_HEALTH_INFERENCE,NOT_SELECTED,Review causal health/registration separately; never map missing row to healthy or injured
NEW_TEAM_TARGET,2021-02-26_DET_SAC,2021-02-26,DET,Patrick Williams,SAME_DAY_PLAYED,0022000508,CHI,2007,,2021-02-24,2021-03-01,5,,NO_AUTOMATIC_HEALTH_INFERENCE,NOT_SELECTED,Review causal health/registration separately; never map missing row to healthy or injured
NEW_TEAM_TARGET,2021-02-28_DET_NYK,2021-02-28,DET,Patrick Williams,NO_SAME_DAY_ROW,,,,,2021-02-26,2021-03-01,3,,NO_AUTOMATIC_HEALTH_INFERENCE,NOT_SELECTED,Review causal health/registration separately; never map missing row to healthy or injured
NEW_TEAM_TARGET,2021-03-03_TOR_DET,2021-03-03,DET,Patrick Williams,SAME_DAY_PLAYED,0022000548,CHI,1572,,2021-03-01,2021-03-11,10,,NO_AUTOMATIC_HEALTH_INFERENCE,NOT_SELECTED,Review causal health/registration separately; never map missing row to healthy or injured
NEW_TEAM_TARGET,2021-03-04_NYK_DET,2021-03-04,DET,Patrick Williams,NO_SAME_DAY_ROW,,,,,2021-03-03,2021-03-11,8,,NO_AUTOMATIC_HEALTH_INFERENCE,NOT_SELECTED,Review causal health/registration separately; never map missing row to healthy or injured
NEW_TEAM_TARGET,2021-03-11_CHA_DET,2021-03-11,DET,Patrick Williams,SAME_DAY_PLAYED,0022000572,CHI,1908,,2021-03-03,2021-03-12,9,,NO_AUTOMATIC_HEALTH_INFERENCE,NOT_SELECTED,Review causal health/registration separately; never map missing row to healthy or injured
NEW_TEAM_TARGET,2021-03-13_BKN_DET,2021-03-13,DET,Patrick Williams,NO_SAME_DAY_ROW,,,,,2021-03-12,2021-03-14,2,,NO_AUTOMATIC_HEALTH_INFERENCE,NOT_SELECTED,Review causal health/registration separately; never map missing row to healthy or injured
NEW_TEAM_TARGET,2021-03-15_DET_SAS,2021-03-15,DET,Patrick Williams,NO_SAME_DAY_ROW,,,,,2021-03-14,2021-03-16,2,,NO_AUTOMATIC_HEALTH_INFERENCE,NOT_SELECTED,Review causal health/registration separately; never map missing row to healthy or injured
NEW_TEAM_TARGET,2021-03-17_DET_TOR,2021-03-17,DET,Patrick Williams,SAME_DAY_PLAYED,0022000621,CHI,1925,,2021-03-16,2021-03-19,3,,NO_AUTOMATIC_HEALTH_INFERENCE,NOT_SELECTED,Review causal health/registration separately; never map missing row to healthy or injured
NEW_TEAM_TARGET,2021-03-19_HOU_DET,2021-03-19,DET,Patrick Williams,SAME_DAY_PLAYED,0022000637,CHI,1289,,2021-03-17,2021-03-21,4,,NO_AUTOMATIC_HEALTH_INFERENCE,NOT_SELECTED,Review causal health/registration separately; never map missing row to healthy or injured
NEW_TEAM_TARGET,2021-03-21_DET_CHI,2021-03-21,DET,Patrick Williams,SAME_DAY_PLAYED,0022000649,CHI,2041,,2021-03-19,2021-03-22,3,,NO_AUTOMATIC_HEALTH_INFERENCE,NOT_SELECTED,Review causal health/registration separately; never map missing row to healthy or injured
NEW_TEAM_TARGET,2021-03-24_IND_DET,2021-03-24,DET,Patrick Williams,SAME_DAY_PLAYED,0022000671,CHI,1919,,2021-03-22,2021-03-27,5,,NO_AUTOMATIC_HEALTH_INFERENCE,NOT_SELECTED,Review causal health/registration separately; never map missing row to healthy or injured
NEW_TEAM_TARGET,2021-03-26_DET_BKN,2021-03-26,DET,Patrick Williams,NO_SAME_DAY_ROW,,,,,2021-03-24,2021-03-27,3,,NO_AUTOMATIC_HEALTH_INFERENCE,NOT_SELECTED,Review causal health/registration separately; never map missing row to healthy or injured
NEW_TEAM_TARGET,2021-03-27_WAS_DET,2021-03-27,DET,Patrick Williams,SAME_DAY_PLAYED,0022000697,CHI,1143,,2021-03-24,2021-03-29,5,,NO_AUTOMATIC_HEALTH_INFERENCE,NOT_SELECTED,Review causal health/registration separately; never map missing row to healthy or injured
NEW_TEAM_TARGET,2021-03-29_DET_TOR,2021-03-29,DET,Patrick Williams,SAME_DAY_PLAYED,0022000716,CHI,1960,,2021-03-27,2021-03-31,4,,NO_AUTOMATIC_HEALTH_INFERENCE,NOT_SELECTED,Review causal health/registration separately; never map missing row to healthy or injured
NEW_TEAM_TARGET,2021-03-31_DET_POR,2021-03-31,DET,Patrick Williams,SAME_DAY_PLAYED,0022000730,CHI,1890,,2021-03-29,2021-04-02,4,,NO_AUTOMATIC_HEALTH_INFERENCE,NOT_SELECTED,Review causal health/registration separately; never map missing row to healthy or injured
NEW_TEAM_TARGET,2021-04-01_DET_WAS,2021-04-01,DET,Patrick Williams,NO_SAME_DAY_ROW,,,,,2021-03-31,2021-04-02,2,,NO_AUTOMATIC_HEALTH_INFERENCE,NOT_SELECTED,Review causal health/registration separately; never map missing row to healthy or injured
NEW_TEAM_TARGET,2021-04-03_DET_NYK,2021-04-03,DET,Patrick Williams,NO_SAME_DAY_ROW,,,,,2021-04-02,2021-04-04,2,,NO_AUTOMATIC_HEALTH_INFERENCE,NOT_SELECTED,Review causal health/registration separately; never map missing row to healthy or injured
NEW_TEAM_TARGET,2021-04-05_OKC_DET,2021-04-05,DET,Patrick Williams,NO_SAME_DAY_ROW,,,,,2021-04-04,2021-04-06,2,,NO_AUTOMATIC_HEALTH_INFERENCE,NOT_SELECTED,Review causal health/registration separately; never map missing row to healthy or injured
NEW_TEAM_TARGET,2021-04-06_DEN_DET,2021-04-06,DET,Patrick Williams,SAME_DAY_PLAYED,0022000769,CHI,1841,,2021-04-04,2021-04-08,4,,NO_AUTOMATIC_HEALTH_INFERENCE,NOT_SELECTED,Review causal health/registration separately; never map missing row to healthy or injured
NEW_TEAM_TARGET,2021-04-08_SAC_DET,2021-04-08,DET,Patrick Williams,SAME_DAY_PLAYED,0022000523,CHI,1894,,2021-04-06,2021-04-09,3,,NO_AUTOMATIC_HEALTH_INFERENCE,NOT_SELECTED,Review causal health/registration separately; never map missing row to healthy or injured
NEW_TEAM_TARGET,2021-04-10_POR_DET,2021-04-10,DET,Patrick Williams,NO_SAME_DAY_ROW,,,,,2021-04-09,2021-04-11,2,,NO_AUTOMATIC_HEALTH_INFERENCE,NOT_SELECTED,Review causal health/registration separately; never map missing row to healthy or injured
NEW_TEAM_TARGET,2021-04-11_LAC_DET,2021-04-11,DET,Patrick Williams,SAME_DAY_PLAYED,0022000812,CHI,1580,,2021-04-09,2021-04-12,3,,NO_AUTOMATIC_HEALTH_INFERENCE,NOT_SELECTED,Review causal health/registration separately; never map missing row to healthy or injured
NEW_TEAM_TARGET,2021-04-14_DET_LAC,2021-04-14,DET,Patrick Williams,SAME_DAY_PLAYED,0022000833,CHI,1668,,2021-04-12,2021-04-16,4,,NO_AUTOMATIC_HEALTH_INFERENCE,NOT_SELECTED,Review causal health/registration separately; never map missing row to healthy or injured
NEW_TEAM_TARGET,2021-04-16_DET_OKC,2021-04-16,DET,Patrick Williams,SAME_DAY_PLAYED,0022000850,CHI,1791,,2021-04-14,2021-04-17,3,,NO_AUTOMATIC_HEALTH_INFERENCE,NOT_SELECTED,Review causal health/registration separately; never map missing row to healthy or injured
NEW_TEAM_TARGET,2021-04-17_WAS_DET,2021-04-17,DET,Patrick Williams,SAME_DAY_PLAYED,0022000857,CHI,1637,,2021-04-16,2021-04-19,3,,NO_AUTOMATIC_HEALTH_INFERENCE,NOT_SELECTED,Review causal health/registration separately; never map missing row to healthy or injured
NEW_TEAM_TARGET,2021-04-19_DET_CLE,2021-04-19,DET,Patrick Williams,SAME_DAY_PLAYED,0022000869,CHI,1966,,2021-04-17,2021-04-21,4,,NO_AUTOMATIC_HEALTH_INFERENCE,NOT_SELECTED,Review causal health/registration separately; never map missing row to healthy or injured
NEW_TEAM_TARGET,2021-04-21_DAL_DET,2021-04-21,DET,Patrick Williams,SAME_DAY_PLAYED,0022000881,CHI,1147,,2021-04-19,2021-04-22,3,,NO_AUTOMATIC_HEALTH_INFERENCE,NOT_SELECTED,Review causal health/registration separately; never map missing row to healthy or injured
NEW_TEAM_TARGET,2021-04-22_SAS_DET,2021-04-22,DET,Patrick Williams,SAME_DAY_PLAYED,0022000896,CHI,1392,,2021-04-21,2021-04-24,3,,NO_AUTOMATIC_HEALTH_INFERENCE,NOT_SELECTED,Review causal health/registration separately; never map missing row to healthy or injured
NEW_TEAM_TARGET,2021-04-24_IND_DET,2021-04-24,DET,Patrick Williams,SAME_DAY_PLAYED,0022000907,CHI,1291,,2021-04-22,2021-04-26,4,,NO_AUTOMATIC_HEALTH_INFERENCE,NOT_SELECTED,Review causal health/registration separately; never map missing row to healthy or injured
NEW_TEAM_TARGET,2021-04-26_DET_ATL,2021-04-26,DET,Patrick Williams,SAME_DAY_PLAYED,0022000922,CHI,1342,,2021-04-24,2021-04-28,4,,NO_AUTOMATIC_HEALTH_INFERENCE,NOT_SELECTED,Review causal health/registration separately; never map missing row to healthy or injured
NEW_TEAM_TARGET,2021-04-29_DET_DAL,2021-04-29,DET,Patrick Williams,NO_SAME_DAY_ROW,,,,,2021-04-28,2021-04-30,2,,NO_AUTOMATIC_HEALTH_INFERENCE,NOT_SELECTED,Review causal health/registration separately; never map missing row to healthy or injured
NEW_TEAM_TARGET,2021-05-01_CHA_DET,2021-05-01,DET,Patrick Williams,SAME_DAY_PLAYED,0022000959,CHI,1983,,2021-04-30,2021-05-03,3,,NO_AUTOMATIC_HEALTH_INFERENCE,NOT_SELECTED,Review causal health/registration separately; never map missing row to healthy or injured
NEW_TEAM_TARGET,2021-05-03_DET_ORL,2021-05-03,DET,Patrick Williams,SAME_DAY_PLAYED,0022000979,CHI,1660,,2021-05-01,2021-05-06,5,,NO_AUTOMATIC_HEALTH_INFERENCE,NOT_SELECTED,Review causal health/registration separately; never map missing row to healthy or injured
NEW_TEAM_TARGET,2021-05-04_DET_CHA,2021-05-04,DET,Patrick Williams,NO_SAME_DAY_ROW,,,,,2021-05-03,2021-05-06,3,,NO_AUTOMATIC_HEALTH_INFERENCE,NOT_SELECTED,Review causal health/registration separately; never map missing row to healthy or injured
NEW_TEAM_TARGET,2021-05-06_DET_MEM,2021-05-06,DET,Patrick Williams,SAME_DAY_PLAYED,0022000434,CHI,1565,,2021-05-03,2021-05-07,4,,NO_AUTOMATIC_HEALTH_INFERENCE,NOT_SELECTED,Review causal health/registration separately; never map missing row to healthy or injured
NEW_TEAM_TARGET,2021-05-08_PHI_DET,2021-05-08,DET,Patrick Williams,NO_SAME_DAY_ROW,,,,,2021-05-07,2021-05-09,2,,NO_AUTOMATIC_HEALTH_INFERENCE,NOT_SELECTED,Review causal health/registration separately; never map missing row to healthy or injured
NEW_TEAM_TARGET,2021-05-09_DET_CHI,2021-05-09,DET,Patrick Williams,SAME_DAY_PLAYED,0022001023,CHI,1380,,2021-05-07,2021-05-11,4,,NO_AUTOMATIC_HEALTH_INFERENCE,NOT_SELECTED,Review causal health/registration separately; never map missing row to healthy or injured
NEW_TEAM_TARGET,2021-05-11_DET_MIN,2021-05-11,DET,Patrick Williams,SAME_DAY_PLAYED,0022001036,CHI,1369,,2021-05-09,2021-05-13,4,,NO_AUTOMATIC_HEALTH_INFERENCE,NOT_SELECTED,Review causal health/registration separately; never map missing row to healthy or injured
NEW_TEAM_TARGET,2021-05-14_DET_DEN,2021-05-14,DET,Patrick Williams,NO_SAME_DAY_ROW,,,,,2021-05-13,2021-05-15,2,,NO_AUTOMATIC_HEALTH_INFERENCE,NOT_SELECTED,Review causal health/registration separately; never map missing row to healthy or injured
NEW_TEAM_TARGET,2021-05-16_DET_MIA,2021-05-16,DET,Patrick Williams,SAME_DAY_PLAYED,0022001068,CHI,1778,,2021-05-15,,,1,NO_AUTOMATIC_HEALTH_INFERENCE,NOT_SELECTED,Review causal health/registration separately; never map missing row to healthy or injured
NEW_TEAM_TARGET,2020-12-23_MIN_DET,2020-12-23,MIN,Fictional Rival,FICTIONAL_NO_OBSERVATIONS,,,,,,,,,NO_AUTOMATIC_HEALTH_INFERENCE,NOT_SELECTED,Review causal health/registration separately; never map missing row to healthy or injured
NEW_TEAM_TARGET,2020-12-26_UTA_MIN,2020-12-26,MIN,Fictional Rival,FICTIONAL_NO_OBSERVATIONS,,,,,,,,,NO_AUTOMATIC_HEALTH_INFERENCE,NOT_SELECTED,Review causal health/registration separately; never map missing row to healthy or injured
NEW_TEAM_TARGET,2020-12-27_LAL_MIN,2020-12-27,MIN,Fictional Rival,FICTIONAL_NO_OBSERVATIONS,,,,,,,,,NO_AUTOMATIC_HEALTH_INFERENCE,NOT_SELECTED,Review causal health/registration separately; never map missing row to healthy or injured
NEW_TEAM_TARGET,2020-12-29_LAC_MIN,2020-12-29,MIN,Fictional Rival,FICTIONAL_NO_OBSERVATIONS,,,,,,,,,NO_AUTOMATIC_HEALTH_INFERENCE,NOT_SELECTED,Review causal health/registration separately; never map missing row to healthy or injured
NEW_TEAM_TARGET,2021-01-01_MIN_WAS,2021-01-01,MIN,Fictional Rival,FICTIONAL_NO_OBSERVATIONS,,,,,,,,,NO_AUTOMATIC_HEALTH_INFERENCE,NOT_SELECTED,Review causal health/registration separately; never map missing row to healthy or injured
NEW_TEAM_TARGET,2021-01-03_MIN_DEN,2021-01-03,MIN,Fictional Rival,FICTIONAL_NO_OBSERVATIONS,,,,,,,,,NO_AUTOMATIC_HEALTH_INFERENCE,NOT_SELECTED,Review causal health/registration separately; never map missing row to healthy or injured
NEW_TEAM_TARGET,2021-01-05_DEN_MIN,2021-01-05,MIN,Fictional Rival,FICTIONAL_NO_OBSERVATIONS,,,,,,,,,NO_AUTOMATIC_HEALTH_INFERENCE,NOT_SELECTED,Review causal health/registration separately; never map missing row to healthy or injured
NEW_TEAM_TARGET,2021-01-07_POR_MIN,2021-01-07,MIN,Fictional Rival,FICTIONAL_NO_OBSERVATIONS,,,,,,,,,NO_AUTOMATIC_HEALTH_INFERENCE,NOT_SELECTED,Review causal health/registration separately; never map missing row to healthy or injured
NEW_TEAM_TARGET,2021-01-09_MIN_SAS,2021-01-09,MIN,Fictional Rival,FICTIONAL_NO_OBSERVATIONS,,,,,,,,,NO_AUTOMATIC_HEALTH_INFERENCE,NOT_SELECTED,Review causal health/registration separately; never map missing row to healthy or injured
NEW_TEAM_TARGET,2021-01-10_MIN_SAS,2021-01-10,MIN,Fictional Rival,FICTIONAL_NO_OBSERVATIONS,,,,,,,,,NO_AUTOMATIC_HEALTH_INFERENCE,NOT_SELECTED,Review causal health/registration separately; never map missing row to healthy or injured
NEW_TEAM_TARGET,2021-01-13_MIN_MEM,2021-01-13,MIN,Fictional Rival,FICTIONAL_NO_OBSERVATIONS,,,,,,,,,NO_AUTOMATIC_HEALTH_INFERENCE,NOT_SELECTED,Review causal health/registration separately; never map missing row to healthy or injured
NEW_TEAM_TARGET,2021-01-18_ATL_MIN,2021-01-18,MIN,Fictional Rival,FICTIONAL_NO_OBSERVATIONS,,,,,,,,,NO_AUTOMATIC_HEALTH_INFERENCE,NOT_SELECTED,Review causal health/registration separately; never map missing row to healthy or injured
NEW_TEAM_TARGET,2021-01-20_MIN_ORL,2021-01-20,MIN,Fictional Rival,FICTIONAL_NO_OBSERVATIONS,,,,,,,,,NO_AUTOMATIC_HEALTH_INFERENCE,NOT_SELECTED,Review causal health/registration separately; never map missing row to healthy or injured
NEW_TEAM_TARGET,2021-01-22_MIN_ATL,2021-01-22,MIN,Fictional Rival,FICTIONAL_NO_OBSERVATIONS,,,,,,,,,NO_AUTOMATIC_HEALTH_INFERENCE,NOT_SELECTED,Review causal health/registration separately; never map missing row to healthy or injured
NEW_TEAM_TARGET,2021-01-23_MIN_NOP,2021-01-23,MIN,Fictional Rival,FICTIONAL_NO_OBSERVATIONS,,,,,,,,,NO_AUTOMATIC_HEALTH_INFERENCE,NOT_SELECTED,Review causal health/registration separately; never map missing row to healthy or injured
NEW_TEAM_TARGET,2021-01-25_GSW_MIN,2021-01-25,MIN,Fictional Rival,FICTIONAL_NO_OBSERVATIONS,,,,,,,,,NO_AUTOMATIC_HEALTH_INFERENCE,NOT_SELECTED,Review causal health/registration separately; never map missing row to healthy or injured
NEW_TEAM_TARGET,2021-01-27_GSW_MIN,2021-01-27,MIN,Fictional Rival,FICTIONAL_NO_OBSERVATIONS,,,,,,,,,NO_AUTOMATIC_HEALTH_INFERENCE,NOT_SELECTED,Review causal health/registration separately; never map missing row to healthy or injured
NEW_TEAM_TARGET,2021-01-29_MIN_PHI,2021-01-29,MIN,Fictional Rival,FICTIONAL_NO_OBSERVATIONS,,,,,,,,,NO_AUTOMATIC_HEALTH_INFERENCE,NOT_SELECTED,Review causal health/registration separately; never map missing row to healthy or injured
NEW_TEAM_TARGET,2021-01-31_MIN_CLE,2021-01-31,MIN,Fictional Rival,FICTIONAL_NO_OBSERVATIONS,,,,,,,,,NO_AUTOMATIC_HEALTH_INFERENCE,NOT_SELECTED,Review causal health/registration separately; never map missing row to healthy or injured
NEW_TEAM_TARGET,2021-02-01_CLE_MIN,2021-02-01,MIN,Fictional Rival,FICTIONAL_NO_OBSERVATIONS,,,,,,,,,NO_AUTOMATIC_HEALTH_INFERENCE,NOT_SELECTED,Review causal health/registration separately; never map missing row to healthy or injured
NEW_TEAM_TARGET,2021-02-03_SAS_MIN,2021-02-03,MIN,Fictional Rival,FICTIONAL_NO_OBSERVATIONS,,,,,,,,,NO_AUTOMATIC_HEALTH_INFERENCE,NOT_SELECTED,Review causal health/registration separately; never map missing row to healthy or injured
NEW_TEAM_TARGET,2021-02-05_OKC_MIN,2021-02-05,MIN,Fictional Rival,FICTIONAL_NO_OBSERVATIONS,,,,,,,,,NO_AUTOMATIC_HEALTH_INFERENCE,NOT_SELECTED,Review causal health/registration separately; never map missing row to healthy or injured
NEW_TEAM_TARGET,2021-02-06_OKC_MIN,2021-02-06,MIN,Fictional Rival,FICTIONAL_NO_OBSERVATIONS,,,,,,,,,NO_AUTOMATIC_HEALTH_INFERENCE,NOT_SELECTED,Review causal health/registration separately; never map missing row to healthy or injured
NEW_TEAM_TARGET,2021-02-08_DAL_MIN,2021-02-08,MIN,Fictional Rival,FICTIONAL_NO_OBSERVATIONS,,,,,,,,,NO_AUTOMATIC_HEALTH_INFERENCE,NOT_SELECTED,Review causal health/registration separately; never map missing row to healthy or injured
NEW_TEAM_TARGET,2021-02-10_MIN_LAC,2021-02-10,MIN,Fictional Rival,FICTIONAL_NO_OBSERVATIONS,,,,,,,,,NO_AUTOMATIC_HEALTH_INFERENCE,NOT_SELECTED,Review causal health/registration separately; never map missing row to healthy or injured
NEW_TEAM_TARGET,2021-02-12_CHA_MIN,2021-02-12,MIN,Fictional Rival,FICTIONAL_NO_OBSERVATIONS,,,,,,,,,NO_AUTOMATIC_HEALTH_INFERENCE,NOT_SELECTED,Review causal health/registration separately; never map missing row to healthy or injured
NEW_TEAM_TARGET,2021-02-14_TOR_MIN,2021-02-14,MIN,Fictional Rival,FICTIONAL_NO_OBSERVATIONS,,,,,,,,,NO_AUTOMATIC_HEALTH_INFERENCE,NOT_SELECTED,Review causal health/registration separately; never map missing row to healthy or injured
NEW_TEAM_TARGET,2021-02-16_MIN_LAL,2021-02-16,MIN,Fictional Rival,FICTIONAL_NO_OBSERVATIONS,,,,,,,,,NO_AUTOMATIC_HEALTH_INFERENCE,NOT_SELECTED,Review causal health/registration separately; never map missing row to healthy or injured
NEW_TEAM_TARGET,2021-02-17_MIN_IND,2021-02-17,MIN,Fictional Rival,FICTIONAL_NO_OBSERVATIONS,,,,,,,,,NO_AUTOMATIC_HEALTH_INFERENCE,NOT_SELECTED,Review causal health/registration separately; never map missing row to healthy or injured
NEW_TEAM_TARGET,2021-02-19_MIN_TOR,2021-02-19,MIN,Fictional Rival,FICTIONAL_NO_OBSERVATIONS,,,,,,,,,NO_AUTOMATIC_HEALTH_INFERENCE,NOT_SELECTED,Review causal health/registration separately; never map missing row to healthy or injured
NEW_TEAM_TARGET,2021-02-21_NYK_MIN,2021-02-21,MIN,Fictional Rival,FICTIONAL_NO_OBSERVATIONS,,,,,,,,,NO_AUTOMATIC_HEALTH_INFERENCE,NOT_SELECTED,Review causal health/registration separately; never map missing row to healthy or injured
NEW_TEAM_TARGET,2021-02-23_MIL_MIN,2021-02-23,MIN,Fictional Rival,FICTIONAL_NO_OBSERVATIONS,,,,,,,,,NO_AUTOMATIC_HEALTH_INFERENCE,NOT_SELECTED,Review causal health/registration separately; never map missing row to healthy or injured
NEW_TEAM_TARGET,2021-02-24_CHI_MIN,2021-02-24,MIN,Fictional Rival,FICTIONAL_NO_OBSERVATIONS,,,,,,,,,NO_AUTOMATIC_HEALTH_INFERENCE,NOT_SELECTED,Review causal health/registration separately; never map missing row to healthy or injured
NEW_TEAM_TARGET,2021-02-27_WAS_MIN,2021-02-27,MIN,Fictional Rival,FICTIONAL_NO_OBSERVATIONS,,,,,,,,,NO_AUTOMATIC_HEALTH_INFERENCE,NOT_SELECTED,Review causal health/registration separately; never map missing row to healthy or injured
NEW_TEAM_TARGET,2021-02-28_MIN_PHX,2021-02-28,MIN,Fictional Rival,FICTIONAL_NO_OBSERVATIONS,,,,,,,,,NO_AUTOMATIC_HEALTH_INFERENCE,NOT_SELECTED,Review causal health/registration separately; never map missing row to healthy or injured
NEW_TEAM_TARGET,2021-03-03_MIN_CHA,2021-03-03,MIN,Fictional Rival,FICTIONAL_NO_OBSERVATIONS,,,,,,,,,NO_AUTOMATIC_HEALTH_INFERENCE,NOT_SELECTED,Review causal health/registration separately; never map missing row to healthy or injured
NEW_TEAM_TARGET,2021-03-11_NOP_MIN,2021-03-11,MIN,Fictional Rival,FICTIONAL_NO_OBSERVATIONS,,,,,,,,,NO_AUTOMATIC_HEALTH_INFERENCE,NOT_SELECTED,Review causal health/registration separately; never map missing row to healthy or injured
NEW_TEAM_TARGET,2021-03-13_MIN_POR,2021-03-13,MIN,Fictional Rival,FICTIONAL_NO_OBSERVATIONS,,,,,,,,,NO_AUTOMATIC_HEALTH_INFERENCE,NOT_SELECTED,Review causal health/registration separately; never map missing row to healthy or injured
NEW_TEAM_TARGET,2021-03-14_MIN_POR,2021-03-14,MIN,Fictional Rival,FICTIONAL_NO_OBSERVATIONS,,,,,,,,,NO_AUTOMATIC_HEALTH_INFERENCE,NOT_SELECTED,Review causal health/registration separately; never map missing row to healthy or injured
NEW_TEAM_TARGET,2021-03-16_LAL_MIN,2021-03-16,MIN,Fictional Rival,FICTIONAL_NO_OBSERVATIONS,,,,,,,,,NO_AUTOMATIC_HEALTH_INFERENCE,NOT_SELECTED,Review causal health/registration separately; never map missing row to healthy or injured
NEW_TEAM_TARGET,2021-03-18_PHX_MIN,2021-03-18,MIN,Fictional Rival,FICTIONAL_NO_OBSERVATIONS,,,,,,,,,NO_AUTOMATIC_HEALTH_INFERENCE,NOT_SELECTED,Review causal health/registration separately; never map missing row to healthy or injured
NEW_TEAM_TARGET,2021-03-19_PHX_MIN,2021-03-19,MIN,Fictional Rival,FICTIONAL_NO_OBSERVATIONS,,,,,,,,,NO_AUTOMATIC_HEALTH_INFERENCE,NOT_SELECTED,Review causal health/registration separately; never map missing row to healthy or injured
NEW_TEAM_TARGET,2021-03-22_MIN_OKC,2021-03-22,MIN,Fictional Rival,FICTIONAL_NO_OBSERVATIONS,,,,,,,,,NO_AUTOMATIC_HEALTH_INFERENCE,NOT_SELECTED,Review causal health/registration separately; never map missing row to healthy or injured
NEW_TEAM_TARGET,2021-03-24_MIN_DAL,2021-03-24,MIN,Fictional Rival,FICTIONAL_NO_OBSERVATIONS,,,,,,,,,NO_AUTOMATIC_HEALTH_INFERENCE,NOT_SELECTED,Review causal health/registration separately; never map missing row to healthy or injured
NEW_TEAM_TARGET,2021-03-26_MIN_HOU,2021-03-26,MIN,Fictional Rival,FICTIONAL_NO_OBSERVATIONS,,,,,,,,,NO_AUTOMATIC_HEALTH_INFERENCE,NOT_SELECTED,Review causal health/registration separately; never map missing row to healthy or injured
NEW_TEAM_TARGET,2021-03-27_MIN_HOU,2021-03-27,MIN,Fictional Rival,FICTIONAL_NO_OBSERVATIONS,,,,,,,,,NO_AUTOMATIC_HEALTH_INFERENCE,NOT_SELECTED,Review causal health/registration separately; never map missing row to healthy or injured
NEW_TEAM_TARGET,2021-03-29_BKN_MIN,2021-03-29,MIN,Fictional Rival,FICTIONAL_NO_OBSERVATIONS,,,,,,,,,NO_AUTOMATIC_HEALTH_INFERENCE,NOT_SELECTED,Review causal health/registration separately; never map missing row to healthy or injured
NEW_TEAM_TARGET,2021-03-31_MIN_NYK,2021-03-31,MIN,Fictional Rival,FICTIONAL_NO_OBSERVATIONS,,,,,,,,,NO_AUTOMATIC_HEALTH_INFERENCE,NOT_SELECTED,Review causal health/registration separately; never map missing row to healthy or injured
NEW_TEAM_TARGET,2021-04-02_MEM_MIN,2021-04-02,MIN,Fictional Rival,FICTIONAL_NO_OBSERVATIONS,,,,,,,,,NO_AUTOMATIC_HEALTH_INFERENCE,NOT_SELECTED,Review causal health/registration separately; never map missing row to healthy or injured
NEW_TEAM_TARGET,2021-04-03_PHI_MIN,2021-04-03,MIN,Fictional Rival,FICTIONAL_NO_OBSERVATIONS,,,,,,,,,NO_AUTOMATIC_HEALTH_INFERENCE,NOT_SELECTED,Review causal health/registration separately; never map missing row to healthy or injured
NEW_TEAM_TARGET,2021-04-05_MIN_SAC,2021-04-05,MIN,Fictional Rival,FICTIONAL_NO_OBSERVATIONS,,,,,,,,,NO_AUTOMATIC_HEALTH_INFERENCE,NOT_SELECTED,Review causal health/registration separately; never map missing row to healthy or injured
NEW_TEAM_TARGET,2021-04-07_IND_MIN,2021-04-07,MIN,Fictional Rival,FICTIONAL_NO_OBSERVATIONS,,,,,,,,,NO_AUTOMATIC_HEALTH_INFERENCE,NOT_SELECTED,Review causal health/registration separately; never map missing row to healthy or injured
NEW_TEAM_TARGET,2021-04-09_BOS_MIN,2021-04-09,MIN,Fictional Rival,FICTIONAL_NO_OBSERVATIONS,,,,,,,,,NO_AUTOMATIC_HEALTH_INFERENCE,NOT_SELECTED,Review causal health/registration separately; never map missing row to healthy or injured
NEW_TEAM_TARGET,2021-04-11_MIN_CHI,2021-04-11,MIN,Fictional Rival,FICTIONAL_NO_OBSERVATIONS,,,,,,,,,NO_AUTOMATIC_HEALTH_INFERENCE,NOT_SELECTED,Review causal health/registration separately; never map missing row to healthy or injured
NEW_TEAM_TARGET,2021-04-13_MIN_BKN,2021-04-13,MIN,Fictional Rival,FICTIONAL_NO_OBSERVATIONS,,,,,,,,,NO_AUTOMATIC_HEALTH_INFERENCE,NOT_SELECTED,Review causal health/registration separately; never map missing row to healthy or injured
NEW_TEAM_TARGET,2021-04-14_MIN_MIL,2021-04-14,MIN,Fictional Rival,FICTIONAL_NO_OBSERVATIONS,,,,,,,,,NO_AUTOMATIC_HEALTH_INFERENCE,NOT_SELECTED,Review causal health/registration separately; never map missing row to healthy or injured
NEW_TEAM_TARGET,2021-04-16_MIN_MIA,2021-04-16,MIN,Fictional Rival,FICTIONAL_NO_OBSERVATIONS,,,,,,,,,NO_AUTOMATIC_HEALTH_INFERENCE,NOT_SELECTED,Review causal health/registration separately; never map missing row to healthy or injured
NEW_TEAM_TARGET,2021-04-18_LAC_MIN,2021-04-18,MIN,Fictional Rival,FICTIONAL_NO_OBSERVATIONS,,,,,,,,,NO_AUTOMATIC_HEALTH_INFERENCE,NOT_SELECTED,Review causal health/registration separately; never map missing row to healthy or injured
NEW_TEAM_TARGET,2021-04-20_SAC_MIN,2021-04-20,MIN,Fictional Rival,FICTIONAL_NO_OBSERVATIONS,,,,,,,,,NO_AUTOMATIC_HEALTH_INFERENCE,NOT_SELECTED,Review causal health/registration separately; never map missing row to healthy or injured
NEW_TEAM_TARGET,2021-04-21_SAC_MIN,2021-04-21,MIN,Fictional Rival,FICTIONAL_NO_OBSERVATIONS,,,,,,,,,NO_AUTOMATIC_HEALTH_INFERENCE,NOT_SELECTED,Review causal health/registration separately; never map missing row to healthy or injured
NEW_TEAM_TARGET,2021-04-24_UTA_MIN,2021-04-24,MIN,Fictional Rival,FICTIONAL_NO_OBSERVATIONS,,,,,,,,,NO_AUTOMATIC_HEALTH_INFERENCE,NOT_SELECTED,Review causal health/registration separately; never map missing row to healthy or injured
NEW_TEAM_TARGET,2021-04-26_MIN_UTA,2021-04-26,MIN,Fictional Rival,FICTIONAL_NO_OBSERVATIONS,,,,,,,,,NO_AUTOMATIC_HEALTH_INFERENCE,NOT_SELECTED,Review causal health/registration separately; never map missing row to healthy or injured
NEW_TEAM_TARGET,2021-04-27_HOU_MIN,2021-04-27,MIN,Fictional Rival,FICTIONAL_NO_OBSERVATIONS,,,,,,,,,NO_AUTOMATIC_HEALTH_INFERENCE,NOT_SELECTED,Review causal health/registration separately; never map missing row to healthy or injured
NEW_TEAM_TARGET,2021-04-29_MIN_GSW,2021-04-29,MIN,Fictional Rival,FICTIONAL_NO_OBSERVATIONS,,,,,,,,,NO_AUTOMATIC_HEALTH_INFERENCE,NOT_SELECTED,Review causal health/registration separately; never map missing row to healthy or injured
NEW_TEAM_TARGET,2021-05-01_MIN_NOP,2021-05-01,MIN,Fictional Rival,FICTIONAL_NO_OBSERVATIONS,,,,,,,,,NO_AUTOMATIC_HEALTH_INFERENCE,NOT_SELECTED,Review causal health/registration separately; never map missing row to healthy or injured
NEW_TEAM_TARGET,2021-05-05_MIN_MEM,2021-05-05,MIN,Fictional Rival,FICTIONAL_NO_OBSERVATIONS,,,,,,,,,NO_AUTOMATIC_HEALTH_INFERENCE,NOT_SELECTED,Review causal health/registration separately; never map missing row to healthy or injured
NEW_TEAM_TARGET,2021-05-07_MIA_MIN,2021-05-07,MIN,Fictional Rival,FICTIONAL_NO_OBSERVATIONS,,,,,,,,,NO_AUTOMATIC_HEALTH_INFERENCE,NOT_SELECTED,Review causal health/registration separately; never map missing row to healthy or injured
NEW_TEAM_TARGET,2021-05-09_ORL_MIN,2021-05-09,MIN,Fictional Rival,FICTIONAL_NO_OBSERVATIONS,,,,,,,,,NO_AUTOMATIC_HEALTH_INFERENCE,NOT_SELECTED,Review causal health/registration separately; never map missing row to healthy or injured
NEW_TEAM_TARGET,2021-05-11_DET_MIN,2021-05-11,MIN,Fictional Rival,FICTIONAL_NO_OBSERVATIONS,,,,,,,,,NO_AUTOMATIC_HEALTH_INFERENCE,NOT_SELECTED,Review causal health/registration separately; never map missing row to healthy or injured
NEW_TEAM_TARGET,2021-05-13_MIN_DEN,2021-05-13,MIN,Fictional Rival,FICTIONAL_NO_OBSERVATIONS,,,,,,,,,NO_AUTOMATIC_HEALTH_INFERENCE,NOT_SELECTED,Review causal health/registration separately; never map missing row to healthy or injured
NEW_TEAM_TARGET,2021-05-15_MIN_BOS,2021-05-15,MIN,Fictional Rival,FICTIONAL_NO_OBSERVATIONS,,,,,,,,,NO_AUTOMATIC_HEALTH_INFERENCE,NOT_SELECTED,Review causal health/registration separately; never map missing row to healthy or injured
NEW_TEAM_TARGET,2021-05-16_MIN_DAL,2021-05-16,MIN,Fictional Rival,FICTIONAL_NO_OBSERVATIONS,,,,,,,,,NO_AUTOMATIC_HEALTH_INFERENCE,NOT_SELECTED,Review causal health/registration separately; never map missing row to healthy or injured
NEW_TEAM_TARGET,2020-12-23_TOR_NOP,2020-12-23,NOP,Killian Hayes,SAME_DAY_PLAYED,0022000018,DET,1272,,,2020-12-26,,3,NO_AUTOMATIC_HEALTH_INFERENCE,NOT_SELECTED,Review causal health/registration separately; never map missing row to healthy or injured
NEW_TEAM_TARGET,2020-12-25_MIA_NOP,2020-12-25,NOP,Killian Hayes,NO_SAME_DAY_ROW,,,,,2020-12-23,2020-12-26,3,,NO_AUTOMATIC_HEALTH_INFERENCE,NOT_SELECTED,Review causal health/registration separately; never map missing row to healthy or injured
NEW_TEAM_TARGET,2020-12-27_NOP_SAS,2020-12-27,NOP,Killian Hayes,NO_SAME_DAY_ROW,,,,,2020-12-26,2020-12-28,2,,NO_AUTOMATIC_HEALTH_INFERENCE,NOT_SELECTED,Review causal health/registration separately; never map missing row to healthy or injured
NEW_TEAM_TARGET,2020-12-29_PHX_NOP,2020-12-29,NOP,Killian Hayes,SAME_DAY_PLAYED,0022000047,DET,1017,,2020-12-28,2021-01-01,4,,NO_AUTOMATIC_HEALTH_INFERENCE,NOT_SELECTED,Review causal health/registration separately; never map missing row to healthy or injured
NEW_TEAM_TARGET,2020-12-31_OKC_NOP,2020-12-31,NOP,Killian Hayes,NO_SAME_DAY_ROW,,,,,2020-12-29,2021-01-01,3,,NO_AUTOMATIC_HEALTH_INFERENCE,NOT_SELECTED,Review causal health/registration separately; never map missing row to healthy or injured
NEW_TEAM_TARGET,2021-01-02_NOP_TOR,2021-01-02,NOP,Killian Hayes,NO_SAME_DAY_ROW,,,,,2021-01-01,2021-01-03,2,,NO_AUTOMATIC_HEALTH_INFERENCE,NOT_SELECTED,Review causal health/registration separately; never map missing row to healthy or injured
NEW_TEAM_TARGET,2021-01-04_NOP_IND,2021-01-04,NOP,Killian Hayes,SAME_DAY_PLAYED,0022000099,DET,804,,2021-01-03,2021-04-03,90,,NO_AUTOMATIC_HEALTH_INFERENCE,NOT_SELECTED,Review causal health/registration separately; never map missing row to healthy or injured
NEW_TEAM_TARGET,2021-01-06_NOP_OKC,2021-01-06,NOP,Killian Hayes,NO_SAME_DAY_ROW,,,,,2021-01-04,2021-04-03,89,,LONG_OBSERVATION_GAP_REVIEW,NOT_SELECTED,Review causal health/registration separately; never map missing row to healthy or injured
NEW_TEAM_TARGET,2021-01-08_NOP_CHA,2021-01-08,NOP,Killian Hayes,NO_SAME_DAY_ROW,,,,,2021-01-04,2021-04-03,89,,LONG_OBSERVATION_GAP_REVIEW,NOT_SELECTED,Review causal health/registration separately; never map missing row to healthy or injured
NEW_TEAM_TARGET,2021-01-13_LAC_NOP,2021-01-13,NOP,Killian Hayes,NO_SAME_DAY_ROW,,,,,2021-01-04,2021-04-03,89,,LONG_OBSERVATION_GAP_REVIEW,NOT_SELECTED,Review causal health/registration separately; never map missing row to healthy or injured
NEW_TEAM_TARGET,2021-01-15_LAL_NOP,2021-01-15,NOP,Killian Hayes,NO_SAME_DAY_ROW,,,,,2021-01-04,2021-04-03,89,,LONG_OBSERVATION_GAP_REVIEW,NOT_SELECTED,Review causal health/registration separately; never map missing row to healthy or injured
NEW_TEAM_TARGET,2021-01-17_SAC_NOP,2021-01-17,NOP,Killian Hayes,NO_SAME_DAY_ROW,,,,,2021-01-04,2021-04-03,89,,LONG_OBSERVATION_GAP_REVIEW,NOT_SELECTED,Review causal health/registration separately; never map missing row to healthy or injured
NEW_TEAM_TARGET,2021-01-19_UTA_NOP,2021-01-19,NOP,Killian Hayes,NO_SAME_DAY_ROW,,,,,2021-01-04,2021-04-03,89,,LONG_OBSERVATION_GAP_REVIEW,NOT_SELECTED,Review causal health/registration separately; never map missing row to healthy or injured
NEW_TEAM_TARGET,2021-01-21_UTA_NOP,2021-01-21,NOP,Killian Hayes,NO_SAME_DAY_ROW,,,,,2021-01-04,2021-04-03,89,,LONG_OBSERVATION_GAP_REVIEW,NOT_SELECTED,Review causal health/registration separately; never map missing row to healthy or injured
NEW_TEAM_TARGET,2021-01-23_MIN_NOP,2021-01-23,NOP,Killian Hayes,NO_SAME_DAY_ROW,,,,,2021-01-04,2021-04-03,89,,LONG_OBSERVATION_GAP_REVIEW,NOT_SELECTED,Review causal health/registration separately; never map missing row to healthy or injured
NEW_TEAM_TARGET,2021-01-27_NOP_WAS,2021-01-27,NOP,Killian Hayes,NO_SAME_DAY_ROW,,,,,2021-01-04,2021-04-03,89,,LONG_OBSERVATION_GAP_REVIEW,NOT_SELECTED,Review causal health/registration separately; never map missing row to healthy or injured
NEW_TEAM_TARGET,2021-01-29_NOP_MIL,2021-01-29,NOP,Killian Hayes,NO_SAME_DAY_ROW,,,,,2021-01-04,2021-04-03,89,,LONG_OBSERVATION_GAP_REVIEW,NOT_SELECTED,Review causal health/registration separately; never map missing row to healthy or injured
NEW_TEAM_TARGET,2021-01-30_NOP_HOU,2021-01-30,NOP,Killian Hayes,NO_SAME_DAY_ROW,,,,,2021-01-04,2021-04-03,89,,LONG_OBSERVATION_GAP_REVIEW,NOT_SELECTED,Review causal health/registration separately; never map missing row to healthy or injured
NEW_TEAM_TARGET,2021-02-01_NOP_SAC,2021-02-01,NOP,Killian Hayes,NO_SAME_DAY_ROW,,,,,2021-01-04,2021-04-03,89,,LONG_OBSERVATION_GAP_REVIEW,NOT_SELECTED,Review causal health/registration separately; never map missing row to healthy or injured
NEW_TEAM_TARGET,2021-02-03_NOP_PHX,2021-02-03,NOP,Killian Hayes,NO_SAME_DAY_ROW,,,,,2021-01-04,2021-04-03,89,,LONG_OBSERVATION_GAP_REVIEW,NOT_SELECTED,Review causal health/registration separately; never map missing row to healthy or injured
NEW_TEAM_TARGET,2021-02-05_IND_NOP,2021-02-05,NOP,Killian Hayes,NO_SAME_DAY_ROW,,,,,2021-01-04,2021-04-03,89,,LONG_OBSERVATION_GAP_REVIEW,NOT_SELECTED,Review causal health/registration separately; never map missing row to healthy or injured
NEW_TEAM_TARGET,2021-02-06_NOP_MEM,2021-02-06,NOP,Killian Hayes,NO_SAME_DAY_ROW,,,,,2021-01-04,2021-04-03,89,,LONG_OBSERVATION_GAP_REVIEW,NOT_SELECTED,Review causal health/registration separately; never map missing row to healthy or injured
NEW_TEAM_TARGET,2021-02-09_NOP_HOU,2021-02-09,NOP,Killian Hayes,NO_SAME_DAY_ROW,,,,,2021-01-04,2021-04-03,89,,LONG_OBSERVATION_GAP_REVIEW,NOT_SELECTED,Review causal health/registration separately; never map missing row to healthy or injured
NEW_TEAM_TARGET,2021-02-10_CHI_NOP,2021-02-10,NOP,Killian Hayes,NO_SAME_DAY_ROW,,,,,2021-01-04,2021-04-03,89,,LONG_OBSERVATION_GAP_REVIEW,NOT_SELECTED,Review causal health/registration separately; never map missing row to healthy or injured
NEW_TEAM_TARGET,2021-02-12_DAL_NOP,2021-02-12,NOP,Killian Hayes,NO_SAME_DAY_ROW,,,,,2021-01-04,2021-04-03,89,,LONG_OBSERVATION_GAP_REVIEW,NOT_SELECTED,Review causal health/registration separately; never map missing row to healthy or injured
NEW_TEAM_TARGET,2021-02-14_DET_NOP,2021-02-14,NOP,Killian Hayes,NO_SAME_DAY_ROW,,,,,2021-01-04,2021-04-03,89,,LONG_OBSERVATION_GAP_REVIEW,NOT_SELECTED,Review causal health/registration separately; never map missing row to healthy or injured
NEW_TEAM_TARGET,2021-02-16_MEM_NOP,2021-02-16,NOP,Killian Hayes,NO_SAME_DAY_ROW,,,,,2021-01-04,2021-04-03,89,,LONG_OBSERVATION_GAP_REVIEW,NOT_SELECTED,Review causal health/registration separately; never map missing row to healthy or injured
NEW_TEAM_TARGET,2021-02-17_NOP_POR,2021-02-17,NOP,Killian Hayes,NO_SAME_DAY_ROW,,,,,2021-01-04,2021-04-03,89,,LONG_OBSERVATION_GAP_REVIEW,NOT_SELECTED,Review causal health/registration separately; never map missing row to healthy or injured
NEW_TEAM_TARGET,2021-02-19_NOP_PHX,2021-02-19,NOP,Killian Hayes,NO_SAME_DAY_ROW,,,,,2021-01-04,2021-04-03,89,,LONG_OBSERVATION_GAP_REVIEW,NOT_SELECTED,Review causal health/registration separately; never map missing row to healthy or injured
NEW_TEAM_TARGET,2021-02-21_NOP_BOS,2021-02-21,NOP,Killian Hayes,NO_SAME_DAY_ROW,,,,,2021-01-04,2021-04-03,89,,LONG_OBSERVATION_GAP_REVIEW,NOT_SELECTED,Review causal health/registration separately; never map missing row to healthy or injured
NEW_TEAM_TARGET,2021-02-24_NOP_DET,2021-02-24,NOP,Killian Hayes,NO_SAME_DAY_ROW,,,,,2021-01-04,2021-04-03,89,,LONG_OBSERVATION_GAP_REVIEW,NOT_SELECTED,Review causal health/registration separately; never map missing row to healthy or injured
NEW_TEAM_TARGET,2021-02-25_MIL_NOP,2021-02-25,NOP,Killian Hayes,NO_SAME_DAY_ROW,,,,,2021-01-04,2021-04-03,89,,LONG_OBSERVATION_GAP_REVIEW,NOT_SELECTED,Review causal health/registration separately; never map missing row to healthy or injured
NEW_TEAM_TARGET,2021-02-27_SAS_NOP,2021-02-27,NOP,Killian Hayes,NO_SAME_DAY_ROW,,,,,2021-01-04,2021-04-03,89,,LONG_OBSERVATION_GAP_REVIEW,NOT_SELECTED,Review causal health/registration separately; never map missing row to healthy or injured
NEW_TEAM_TARGET,2021-03-01_NOP_UTA,2021-03-01,NOP,Killian Hayes,NO_SAME_DAY_ROW,,,,,2021-01-04,2021-04-03,89,,LONG_OBSERVATION_GAP_REVIEW,NOT_SELECTED,Review causal health/registration separately; never map missing row to healthy or injured
NEW_TEAM_TARGET,2021-03-03_NOP_CHI,2021-03-03,NOP,Killian Hayes,NO_SAME_DAY_ROW,,,,,2021-01-04,2021-04-03,89,,LONG_OBSERVATION_GAP_REVIEW,NOT_SELECTED,Review causal health/registration separately; never map missing row to healthy or injured
NEW_TEAM_TARGET,2021-03-04_NOP_MIA,2021-03-04,NOP,Killian Hayes,NO_SAME_DAY_ROW,,,,,2021-01-04,2021-04-03,89,,LONG_OBSERVATION_GAP_REVIEW,NOT_SELECTED,Review causal health/registration separately; never map missing row to healthy or injured
NEW_TEAM_TARGET,2021-03-11_NOP_MIN,2021-03-11,NOP,Killian Hayes,NO_SAME_DAY_ROW,,,,,2021-01-04,2021-04-03,89,,LONG_OBSERVATION_GAP_REVIEW,NOT_SELECTED,Review causal health/registration separately; never map missing row to healthy or injured
NEW_TEAM_TARGET,2021-03-12_NOP_CLE,2021-03-12,NOP,Killian Hayes,NO_SAME_DAY_ROW,,,,,2021-01-04,2021-04-03,89,,LONG_OBSERVATION_GAP_REVIEW,NOT_SELECTED,Review causal health/registration separately; never map missing row to healthy or injured
NEW_TEAM_TARGET,2021-03-14_NOP_LAC,2021-03-14,NOP,Killian Hayes,NO_SAME_DAY_ROW,,,,,2021-01-04,2021-04-03,89,,LONG_OBSERVATION_GAP_REVIEW,NOT_SELECTED,Review causal health/registration separately; never map missing row to healthy or injured
NEW_TEAM_TARGET,2021-03-16_POR_NOP,2021-03-16,NOP,Killian Hayes,NO_SAME_DAY_ROW,,,,,2021-01-04,2021-04-03,89,,LONG_OBSERVATION_GAP_REVIEW,NOT_SELECTED,Review causal health/registration separately; never map missing row to healthy or injured
NEW_TEAM_TARGET,2021-03-18_POR_NOP,2021-03-18,NOP,Killian Hayes,NO_SAME_DAY_ROW,,,,,2021-01-04,2021-04-03,89,,LONG_OBSERVATION_GAP_REVIEW,NOT_SELECTED,Review causal health/registration separately; never map missing row to healthy or injured
NEW_TEAM_TARGET,2021-03-21_DEN_NOP,2021-03-21,NOP,Killian Hayes,NO_SAME_DAY_ROW,,,,,2021-01-04,2021-04-03,89,,LONG_OBSERVATION_GAP_REVIEW,NOT_SELECTED,Review causal health/registration separately; never map missing row to healthy or injured
NEW_TEAM_TARGET,2021-03-23_NOP_LAL,2021-03-23,NOP,Killian Hayes,NO_SAME_DAY_ROW,,,,,2021-01-04,2021-04-03,89,,LONG_OBSERVATION_GAP_REVIEW,NOT_SELECTED,Review causal health/registration separately; never map missing row to healthy or injured
NEW_TEAM_TARGET,2021-03-26_NOP_DEN,2021-03-26,NOP,Killian Hayes,NO_SAME_DAY_ROW,,,,,2021-01-04,2021-04-03,89,,LONG_OBSERVATION_GAP_REVIEW,NOT_SELECTED,Review causal health/registration separately; never map missing row to healthy or injured
NEW_TEAM_TARGET,2021-03-27_NOP_DAL,2021-03-27,NOP,Killian Hayes,NO_SAME_DAY_ROW,,,,,2021-01-04,2021-04-03,89,,LONG_OBSERVATION_GAP_REVIEW,NOT_SELECTED,Review causal health/registration separately; never map missing row to healthy or injured
NEW_TEAM_TARGET,2021-03-29_BOS_NOP,2021-03-29,NOP,Killian Hayes,NO_SAME_DAY_ROW,,,,,2021-01-04,2021-04-03,89,,LONG_OBSERVATION_GAP_REVIEW,NOT_SELECTED,Review causal health/registration separately; never map missing row to healthy or injured
NEW_TEAM_TARGET,2021-04-01_NOP_ORL,2021-04-01,NOP,Killian Hayes,NO_SAME_DAY_ROW,,,,,2021-01-04,2021-04-03,89,,LONG_OBSERVATION_GAP_REVIEW,NOT_SELECTED,Review causal health/registration separately; never map missing row to healthy or injured
NEW_TEAM_TARGET,2021-04-02_NOP_ATL,2021-04-02,NOP,Killian Hayes,NO_SAME_DAY_ROW,,,,,2021-01-04,2021-04-03,89,,LONG_OBSERVATION_GAP_REVIEW,NOT_SELECTED,Review causal health/registration separately; never map missing row to healthy or injured
NEW_TEAM_TARGET,2021-04-04_HOU_NOP,2021-04-04,NOP,Killian Hayes,NO_SAME_DAY_ROW,,,,,2021-04-03,2021-04-05,2,,NO_AUTOMATIC_HEALTH_INFERENCE,NOT_SELECTED,Review causal health/registration separately; never map missing row to healthy or injured
NEW_TEAM_TARGET,2021-04-06_ATL_NOP,2021-04-06,NOP,Killian Hayes,NO_SAME_DAY_ROW,,,,,2021-04-05,2021-04-08,3,,NO_AUTOMATIC_HEALTH_INFERENCE,NOT_SELECTED,Review causal health/registration separately; never map missing row to healthy or injured
NEW_TEAM_TARGET,2021-04-07_BKN_NOP,2021-04-07,NOP,Killian Hayes,NO_SAME_DAY_ROW,,,,,2021-04-05,2021-04-08,3,,NO_AUTOMATIC_HEALTH_INFERENCE,NOT_SELECTED,Review causal health/registration separately; never map missing row to healthy or injured
NEW_TEAM_TARGET,2021-04-09_NOP_PHI,2021-04-09,NOP,Killian Hayes,NO_SAME_DAY_ROW,,,,,2021-04-08,2021-04-10,2,,NO_AUTOMATIC_HEALTH_INFERENCE,NOT_SELECTED,Review causal health/registration separately; never map missing row to healthy or injured
NEW_TEAM_TARGET,2021-04-11_CLE_NOP,2021-04-11,NOP,Killian Hayes,NO_SAME_DAY_ROW,,,,,2021-04-10,2021-04-14,4,,NO_AUTOMATIC_HEALTH_INFERENCE,NOT_SELECTED,Review causal health/registration separately; never map missing row to healthy or injured
NEW_TEAM_TARGET,2021-04-12_NOP_SAC,2021-04-12,NOP,Killian Hayes,NO_SAME_DAY_ROW,,,,,2021-04-10,2021-04-14,4,,NO_AUTOMATIC_HEALTH_INFERENCE,NOT_SELECTED,Review causal health/registration separately; never map missing row to healthy or injured
NEW_TEAM_TARGET,2021-04-14_NOP_NYK,2021-04-14,NOP,Killian Hayes,SAME_DAY_PLAYED,0022000832,DET,1501,,2021-04-10,2021-04-16,6,,NO_AUTOMATIC_HEALTH_INFERENCE,NOT_SELECTED,Review causal health/registration separately; never map missing row to healthy or injured
NEW_TEAM_TARGET,2021-04-16_WAS_NOP,2021-04-16,NOP,Killian Hayes,SAME_DAY_PLAYED,0022000845,DET,1605,,2021-04-14,2021-04-19,5,,NO_AUTOMATIC_HEALTH_INFERENCE,NOT_SELECTED,Review causal health/registration separately; never map missing row to healthy or injured
NEW_TEAM_TARGET,2021-04-18_NYK_NOP,2021-04-18,NOP,Killian Hayes,NO_SAME_DAY_ROW,,,,,2021-04-16,2021-04-19,3,,NO_AUTOMATIC_HEALTH_INFERENCE,NOT_SELECTED,Review causal health/registration separately; never map missing row to healthy or injured
NEW_TEAM_TARGET,2021-04-20_NOP_BKN,2021-04-20,NOP,Killian Hayes,NO_SAME_DAY_ROW,,,,,2021-04-19,2021-04-22,3,,NO_AUTOMATIC_HEALTH_INFERENCE,NOT_SELECTED,Review causal health/registration separately; never map missing row to healthy or injured
NEW_TEAM_TARGET,2021-04-22_ORL_NOP,2021-04-22,NOP,Killian Hayes,SAME_DAY_PLAYED,0022000895,DET,1838,,2021-04-19,2021-04-24,5,,NO_AUTOMATIC_HEALTH_INFERENCE,NOT_SELECTED,Review causal health/registration separately; never map missing row to healthy or injured
NEW_TEAM_TARGET,2021-04-24_NOP_SAS,2021-04-24,NOP,Killian Hayes,SAME_DAY_PLAYED,0022000906,DET,1098,,2021-04-22,2021-04-26,4,,NO_AUTOMATIC_HEALTH_INFERENCE,NOT_SELECTED,Review causal health/registration separately; never map missing row to healthy or injured
NEW_TEAM_TARGET,2021-04-26_NOP_LAC,2021-04-26,NOP,Killian Hayes,SAME_DAY_PLAYED,0022000916,DET,1392,,2021-04-24,2021-04-29,5,,NO_AUTOMATIC_HEALTH_INFERENCE,NOT_SELECTED,Review causal health/registration separately; never map missing row to healthy or injured
NEW_TEAM_TARGET,2021-04-28_DEN_NOP,2021-04-28,NOP,Killian Hayes,NO_SAME_DAY_ROW,,,,,2021-04-26,2021-04-29,3,,NO_AUTOMATIC_HEALTH_INFERENCE,NOT_SELECTED,Review causal health/registration separately; never map missing row to healthy or injured
NEW_TEAM_TARGET,2021-04-29_OKC_NOP,2021-04-29,NOP,Killian Hayes,SAME_DAY_PLAYED,0022000943,DET,1799,,2021-04-26,2021-05-01,5,,NO_AUTOMATIC_HEALTH_INFERENCE,NOT_SELECTED,Review causal health/registration separately; never map missing row to healthy or injured
NEW_TEAM_TARGET,2021-05-01_MIN_NOP,2021-05-01,NOP,Killian Hayes,SAME_DAY_PLAYED,0022000957,DET,1907,,2021-04-29,2021-05-03,4,,NO_AUTOMATIC_HEALTH_INFERENCE,NOT_SELECTED,Review causal health/registration separately; never map missing row to healthy or injured
NEW_TEAM_TARGET,2021-05-03_NOP_GSW,2021-05-03,NOP,Killian Hayes,SAME_DAY_PLAYED,0022000975,DET,1662,,2021-05-01,2021-05-04,3,,NO_AUTOMATIC_HEALTH_INFERENCE,NOT_SELECTED,Review causal health/registration separately; never map missing row to healthy or injured
NEW_TEAM_TARGET,2021-05-04_NOP_GSW,2021-05-04,NOP,Killian Hayes,SAME_DAY_PLAYED,0022000984,DET,1738,,2021-05-03,2021-05-08,5,,NO_AUTOMATIC_HEALTH_INFERENCE,NOT_SELECTED,Review causal health/registration separately; never map missing row to healthy or injured
NEW_TEAM_TARGET,2021-05-07_PHI_NOP,2021-05-07,NOP,Killian Hayes,NO_SAME_DAY_ROW,,,,,2021-05-04,2021-05-08,4,,NO_AUTOMATIC_HEALTH_INFERENCE,NOT_SELECTED,Review causal health/registration separately; never map missing row to healthy or injured
NEW_TEAM_TARGET,2021-05-09_CHA_NOP,2021-05-09,NOP,Killian Hayes,SAME_DAY_PLAYED,0022001023,DET,2305,,2021-05-08,2021-05-11,3,,NO_AUTOMATIC_HEALTH_INFERENCE,NOT_SELECTED,Review causal health/registration separately; never map missing row to healthy or injured
NEW_TEAM_TARGET,2021-05-10_MEM_NOP,2021-05-10,NOP,Killian Hayes,NO_SAME_DAY_ROW,,,,,2021-05-09,2021-05-11,2,,NO_AUTOMATIC_HEALTH_INFERENCE,NOT_SELECTED,Review causal health/registration separately; never map missing row to healthy or injured
NEW_TEAM_TARGET,2021-05-12_DAL_NOP,2021-05-12,NOP,Killian Hayes,NO_SAME_DAY_ROW,,,,,2021-05-11,2021-05-14,3,,NO_AUTOMATIC_HEALTH_INFERENCE,NOT_SELECTED,Review causal health/registration separately; never map missing row to healthy or injured
NEW_TEAM_TARGET,2021-05-14_GSW_NOP,2021-05-14,NOP,Killian Hayes,SAME_DAY_PLAYED,0022001054,DET,2256,,2021-05-11,2021-05-16,5,,NO_AUTOMATIC_HEALTH_INFERENCE,NOT_SELECTED,Review causal health/registration separately; never map missing row to healthy or injured
NEW_TEAM_TARGET,2021-05-16_NOP_LAL,2021-05-16,NOP,Killian Hayes,SAME_DAY_PLAYED,0022001069,DET,1854,,2021-05-14,,,2,NO_AUTOMATIC_HEALTH_INFERENCE,NOT_SELECTED,Review causal health/registration separately; never map missing row to healthy or injured
NEW_TEAM_TARGET,2021-03-26_ORL_POR,2021-03-26,ORL,Nikola Vucevic,NO_SAME_DAY_ROW,,,,,2021-03-24,2021-03-27,3,,NO_AUTOMATIC_HEALTH_INFERENCE,NOT_SELECTED,Review causal health/registration separately; never map missing row to healthy or injured
NEW_TEAM_TARGET,2021-03-28_LAL_ORL,2021-03-28,ORL,Nikola Vucevic,NO_SAME_DAY_ROW,,,,,2021-03-27,2021-03-29,2,,NO_AUTOMATIC_HEALTH_INFERENCE,NOT_SELECTED,Review causal health/registration separately; never map missing row to healthy or injured
NEW_TEAM_TARGET,2021-03-30_LAC_ORL,2021-03-30,ORL,Nikola Vucevic,NO_SAME_DAY_ROW,,,,,2021-03-29,2021-03-31,2,,NO_AUTOMATIC_HEALTH_INFERENCE,NOT_SELECTED,Review causal health/registration separately; never map missing row to healthy or injured
NEW_TEAM_TARGET,2021-04-01_NOP_ORL,2021-04-01,ORL,Nikola Vucevic,NO_SAME_DAY_ROW,,,,,2021-03-31,2021-04-02,2,,NO_AUTOMATIC_HEALTH_INFERENCE,NOT_SELECTED,Review causal health/registration separately; never map missing row to healthy or injured
NEW_TEAM_TARGET,2021-04-03_UTA_ORL,2021-04-03,ORL,Nikola Vucevic,NO_SAME_DAY_ROW,,,,,2021-04-02,2021-04-04,2,,NO_AUTOMATIC_HEALTH_INFERENCE,NOT_SELECTED,Review causal health/registration separately; never map missing row to healthy or injured
NEW_TEAM_TARGET,2021-04-04_DEN_ORL,2021-04-04,ORL,Nikola Vucevic,SAME_DAY_PLAYED,0022000755,CHI,1942,,2021-04-02,2021-04-06,4,,NO_AUTOMATIC_HEALTH_INFERENCE,NOT_SELECTED,Review causal health/registration separately; never map missing row to healthy or injured
NEW_TEAM_TARGET,2021-04-07_ORL_WAS,2021-04-07,ORL,Nikola Vucevic,NO_SAME_DAY_ROW,,,,,2021-04-06,2021-04-08,2,,NO_AUTOMATIC_HEALTH_INFERENCE,NOT_SELECTED,Review causal health/registration separately; never map missing row to healthy or injured
NEW_TEAM_TARGET,2021-04-09_ORL_IND,2021-04-09,ORL,Nikola Vucevic,SAME_DAY_PLAYED,0022000791,CHI,2181,,2021-04-08,2021-04-11,3,,NO_AUTOMATIC_HEALTH_INFERENCE,NOT_SELECTED,Review causal health/registration separately; never map missing row to healthy or injured
NEW_TEAM_TARGET,2021-04-11_ORL_MIL,2021-04-11,ORL,Nikola Vucevic,SAME_DAY_PLAYED,0022000812,CHI,1649,,2021-04-09,2021-04-12,3,,NO_AUTOMATIC_HEALTH_INFERENCE,NOT_SELECTED,Review causal health/registration separately; never map missing row to healthy or injured
NEW_TEAM_TARGET,2021-04-12_ORL_SAS,2021-04-12,ORL,Nikola Vucevic,SAME_DAY_PLAYED,0022000278,CHI,1988,,2021-04-11,2021-04-14,3,,NO_AUTOMATIC_HEALTH_INFERENCE,NOT_SELECTED,Review causal health/registration separately; never map missing row to healthy or injured
NEW_TEAM_TARGET,2021-04-14_CHI_ORL,2021-04-14,ORL,Nikola Vucevic,SAME_DAY_PLAYED,0022000833,CHI,2015,,2021-04-12,2021-04-16,4,,NO_AUTOMATIC_HEALTH_INFERENCE,NOT_SELECTED,Review causal health/registration separately; never map missing row to healthy or injured
NEW_TEAM_TARGET,2021-04-16_TOR_ORL,2021-04-16,ORL,Nikola Vucevic,SAME_DAY_PLAYED,0022000850,CHI,1960,,2021-04-14,2021-04-17,3,,NO_AUTOMATIC_HEALTH_INFERENCE,NOT_SELECTED,Review causal health/registration separately; never map missing row to healthy or injured
NEW_TEAM_TARGET,2021-04-18_ORL_HOU,2021-04-18,ORL,Nikola Vucevic,NO_SAME_DAY_ROW,,,,,2021-04-17,2021-04-19,2,,NO_AUTOMATIC_HEALTH_INFERENCE,NOT_SELECTED,Review causal health/registration separately; never map missing row to healthy or injured
NEW_TEAM_TARGET,2021-04-20_ATL_ORL,2021-04-20,ORL,Nikola Vucevic,NO_SAME_DAY_ROW,,,,,2021-04-19,2021-04-21,2,,NO_AUTOMATIC_HEALTH_INFERENCE,NOT_SELECTED,Review causal health/registration separately; never map missing row to healthy or injured
NEW_TEAM_TARGET,2021-04-22_ORL_NOP,2021-04-22,ORL,Nikola Vucevic,SAME_DAY_PLAYED,0022000896,CHI,1722,,2021-04-21,2021-04-24,3,,NO_AUTOMATIC_HEALTH_INFERENCE,NOT_SELECTED,Review causal health/registration separately; never map missing row to healthy or injured
NEW_TEAM_TARGET,2021-04-25_ORL_IND,2021-04-25,ORL,Nikola Vucevic,NO_SAME_DAY_ROW,,,,,2021-04-24,2021-04-26,2,,NO_AUTOMATIC_HEALTH_INFERENCE,NOT_SELECTED,Review causal health/registration separately; never map missing row to healthy or injured
NEW_TEAM_TARGET,2021-04-26_ORL_LAL,2021-04-26,ORL,Nikola Vucevic,SAME_DAY_PLAYED,0022000922,CHI,2114,,2021-04-24,2021-04-28,4,,NO_AUTOMATIC_HEALTH_INFERENCE,NOT_SELECTED,Review causal health/registration separately; never map missing row to healthy or injured
NEW_TEAM_TARGET,2021-04-28_CLE_ORL,2021-04-28,ORL,Nikola Vucevic,SAME_DAY_PLAYED,0022000937,CHI,2226,,2021-04-26,2021-04-30,4,,NO_AUTOMATIC_HEALTH_INFERENCE,NOT_SELECTED,Review causal health/registration separately; never map missing row to healthy or injured
NEW_TEAM_TARGET,2021-04-30_MEM_ORL,2021-04-30,ORL,Nikola Vucevic,SAME_DAY_PLAYED,0022000954,CHI,2170,,2021-04-28,2021-05-01,3,,NO_AUTOMATIC_HEALTH_INFERENCE,NOT_SELECTED,Review causal health/registration separately; never map missing row to healthy or injured
NEW_TEAM_TARGET,2021-05-01_ORL_MEM,2021-05-01,ORL,Nikola Vucevic,SAME_DAY_RESTRICTED,0022000959,CHI,0,DND - Injury/Illness,2021-04-30,2021-05-06,6,,RESTRICTED_SOURCE_REVIEW,NOT_SELECTED,Review causal health/registration separately; never map missing row to healthy or injured
NEW_TEAM_TARGET,2021-05-03_DET_ORL,2021-05-03,ORL,Nikola Vucevic,NO_SAME_DAY_ROW,,,,,2021-05-01,2021-05-06,5,,NO_AUTOMATIC_HEALTH_INFERENCE,NOT_SELECTED,Review causal health/registration separately; never map missing row to healthy or injured
NEW_TEAM_TARGET,2021-05-05_ORL_BOS,2021-05-05,ORL,Nikola Vucevic,NO_SAME_DAY_ROW,,,,,2021-05-01,2021-05-06,5,,NO_AUTOMATIC_HEALTH_INFERENCE,NOT_SELECTED,Review causal health/registration separately; never map missing row to healthy or injured
NEW_TEAM_TARGET,2021-05-07_CHA_ORL,2021-05-07,ORL,Nikola Vucevic,SAME_DAY_PLAYED,0022000160,CHI,1925,,2021-05-06,2021-05-09,3,,NO_AUTOMATIC_HEALTH_INFERENCE,NOT_SELECTED,Review causal health/registration separately; never map missing row to healthy or injured
NEW_TEAM_TARGET,2021-05-09_ORL_MIN,2021-05-09,ORL,Nikola Vucevic,SAME_DAY_PLAYED,0022001023,CHI,2170,,2021-05-07,2021-05-11,4,,NO_AUTOMATIC_HEALTH_INFERENCE,NOT_SELECTED,Review causal health/registration separately; never map missing row to healthy or injured
NEW_TEAM_TARGET,2021-05-11_MIL_ORL,2021-05-11,ORL,Nikola Vucevic,SAME_DAY_PLAYED,0022001036,CHI,2174,,2021-05-09,2021-05-13,4,,NO_AUTOMATIC_HEALTH_INFERENCE,NOT_SELECTED,Review causal health/registration separately; never map missing row to healthy or injured
NEW_TEAM_TARGET,2021-05-13_ATL_ORL,2021-05-13,ORL,Nikola Vucevic,SAME_DAY_PLAYED,0022001051,CHI,1945,,2021-05-11,2021-05-15,4,,NO_AUTOMATIC_HEALTH_INFERENCE,NOT_SELECTED,Review causal health/registration separately; never map missing row to healthy or injured
NEW_TEAM_TARGET,2021-05-14_PHI_ORL,2021-05-14,ORL,Nikola Vucevic,NO_SAME_DAY_ROW,,,,,2021-05-13,2021-05-15,2,,NO_AUTOMATIC_HEALTH_INFERENCE,NOT_SELECTED,Review causal health/registration separately; never map missing row to healthy or injured
NEW_TEAM_TARGET,2021-05-16_PHI_ORL,2021-05-16,ORL,Nikola Vucevic,NO_SAME_DAY_ROW,,,,,2021-05-15,,,1,NO_AUTOMATIC_HEALTH_INFERENCE,NOT_SELECTED,Review causal health/registration separately; never map missing row to healthy or injured
NEW_TEAM_TARGET,2021-03-26_ORL_POR,2021-03-26,ORL,Zeke Nnaji,SAME_DAY_PLAYED,0022000689,DEN,215,,2021-03-24,2021-03-28,4,,NO_AUTOMATIC_HEALTH_INFERENCE,NOT_SELECTED,Review causal health/registration separately; never map missing row to healthy or injured
NEW_TEAM_TARGET,2021-03-28_LAL_ORL,2021-03-28,ORL,Zeke Nnaji,SAME_DAY_PLAYED,0022000705,DEN,363,,2021-03-26,2021-03-30,4,,NO_AUTOMATIC_HEALTH_INFERENCE,NOT_SELECTED,Review causal health/registration separately; never map missing row to healthy or injured
NEW_TEAM_TARGET,2021-03-30_LAC_ORL,2021-03-30,ORL,Zeke Nnaji,SAME_DAY_COACH_DNP,0022000719,DEN,0,DNP - Coach's Decision,2021-03-28,2021-04-01,4,,NO_AUTOMATIC_HEALTH_INFERENCE,NOT_SELECTED,Review causal health/registration separately; never map missing row to healthy or injured
NEW_TEAM_TARGET,2021-04-01_NOP_ORL,2021-04-01,ORL,Zeke Nnaji,SAME_DAY_COACH_DNP,0022000736,DEN,0,DNP - Coach's Decision,2021-03-30,2021-04-04,5,,NO_AUTOMATIC_HEALTH_INFERENCE,NOT_SELECTED,Review causal health/registration separately; never map missing row to healthy or injured
NEW_TEAM_TARGET,2021-04-03_UTA_ORL,2021-04-03,ORL,Zeke Nnaji,NO_SAME_DAY_ROW,,,,,2021-04-01,2021-04-04,3,,NO_AUTOMATIC_HEALTH_INFERENCE,NOT_SELECTED,Review causal health/registration separately; never map missing row to healthy or injured
NEW_TEAM_TARGET,2021-04-04_DEN_ORL,2021-04-04,ORL,Zeke Nnaji,SAME_DAY_COACH_DNP,0022000761,DEN,0,DNP - Coach's Decision,2021-04-01,2021-04-06,5,,NO_AUTOMATIC_HEALTH_INFERENCE,NOT_SELECTED,Review causal health/registration separately; never map missing row to healthy or injured
NEW_TEAM_TARGET,2021-04-07_ORL_WAS,2021-04-07,ORL,Zeke Nnaji,SAME_DAY_PLAYED,0022000782,DEN,227,,2021-04-06,2021-04-09,3,,NO_AUTOMATIC_HEALTH_INFERENCE,NOT_SELECTED,Review causal health/registration separately; never map missing row to healthy or injured
NEW_TEAM_TARGET,2021-04-09_ORL_IND,2021-04-09,ORL,Zeke Nnaji,SAME_DAY_COACH_DNP,0022000797,DEN,0,DNP - Coach's Decision,2021-04-07,2021-04-11,4,,NO_AUTOMATIC_HEALTH_INFERENCE,NOT_SELECTED,Review causal health/registration separately; never map missing row to healthy or injured
NEW_TEAM_TARGET,2021-04-11_ORL_MIL,2021-04-11,ORL,Zeke Nnaji,SAME_DAY_PLAYED,0022000806,DEN,483,,2021-04-09,2021-04-12,3,,NO_AUTOMATIC_HEALTH_INFERENCE,NOT_SELECTED,Review causal health/registration separately; never map missing row to healthy or injured
NEW_TEAM_TARGET,2021-04-12_ORL_SAS,2021-04-12,ORL,Zeke Nnaji,SAME_DAY_COACH_DNP,0022000821,DEN,0,DNP - Coach's Decision,2021-04-11,2021-04-14,3,,NO_AUTOMATIC_HEALTH_INFERENCE,NOT_SELECTED,Review causal health/registration separately; never map missing row to healthy or injured
NEW_TEAM_TARGET,2021-04-14_CHI_ORL,2021-04-14,ORL,Zeke Nnaji,SAME_DAY_PLAYED,0022000838,DEN,156,,2021-04-12,2021-04-16,4,,NO_AUTOMATIC_HEALTH_INFERENCE,NOT_SELECTED,Review causal health/registration separately; never map missing row to healthy or injured
NEW_TEAM_TARGET,2021-04-16_TOR_ORL,2021-04-16,ORL,Zeke Nnaji,SAME_DAY_PLAYED,0022000851,DEN,467,,2021-04-14,2021-04-19,5,,NO_AUTOMATIC_HEALTH_INFERENCE,NOT_SELECTED,Review causal health/registration separately; never map missing row to healthy or injured
NEW_TEAM_TARGET,2021-04-18_ORL_HOU,2021-04-18,ORL,Zeke Nnaji,NO_SAME_DAY_ROW,,,,,2021-04-16,2021-04-19,3,,NO_AUTOMATIC_HEALTH_INFERENCE,NOT_SELECTED,Review causal health/registration separately; never map missing row to healthy or injured
NEW_TEAM_TARGET,2021-04-20_ATL_ORL,2021-04-20,ORL,Zeke Nnaji,NO_SAME_DAY_ROW,,,,,2021-04-19,2021-04-21,2,,NO_AUTOMATIC_HEALTH_INFERENCE,NOT_SELECTED,Review causal health/registration separately; never map missing row to healthy or injured
NEW_TEAM_TARGET,2021-04-22_ORL_NOP,2021-04-22,ORL,Zeke Nnaji,NO_SAME_DAY_ROW,,,,,2021-04-21,2021-04-23,2,,NO_AUTOMATIC_HEALTH_INFERENCE,NOT_SELECTED,Review causal health/registration separately; never map missing row to healthy or injured
NEW_TEAM_TARGET,2021-04-25_ORL_IND,2021-04-25,ORL,Zeke Nnaji,NO_SAME_DAY_ROW,,,,,2021-04-24,2021-04-26,2,,NO_AUTOMATIC_HEALTH_INFERENCE,NOT_SELECTED,Review causal health/registration separately; never map missing row to healthy or injured
NEW_TEAM_TARGET,2021-04-26_ORL_LAL,2021-04-26,ORL,Zeke Nnaji,SAME_DAY_PLAYED,0022000925,DEN,199,,2021-04-24,2021-04-28,4,,NO_AUTOMATIC_HEALTH_INFERENCE,NOT_SELECTED,Review causal health/registration separately; never map missing row to healthy or injured
NEW_TEAM_TARGET,2021-04-28_CLE_ORL,2021-04-28,ORL,Zeke Nnaji,SAME_DAY_COACH_DNP,0022000940,DEN,0,DNP - Coach's Decision,2021-04-26,2021-04-29,3,,NO_AUTOMATIC_HEALTH_INFERENCE,NOT_SELECTED,Review causal health/registration separately; never map missing row to healthy or injured
NEW_TEAM_TARGET,2021-04-30_MEM_ORL,2021-04-30,ORL,Zeke Nnaji,NO_SAME_DAY_ROW,,,,,2021-04-29,2021-05-08,9,,NO_AUTOMATIC_HEALTH_INFERENCE,NOT_SELECTED,Review causal health/registration separately; never map missing row to healthy or injured
NEW_TEAM_TARGET,2021-05-01_ORL_MEM,2021-05-01,ORL,Zeke Nnaji,NO_SAME_DAY_ROW,,,,,2021-04-29,2021-05-08,9,,NO_AUTOMATIC_HEALTH_INFERENCE,NOT_SELECTED,Review causal health/registration separately; never map missing row to healthy or injured
NEW_TEAM_TARGET,2021-05-03_DET_ORL,2021-05-03,ORL,Zeke Nnaji,NO_SAME_DAY_ROW,,,,,2021-04-29,2021-05-08,9,,NO_AUTOMATIC_HEALTH_INFERENCE,NOT_SELECTED,Review causal health/registration separately; never map missing row to healthy or injured
NEW_TEAM_TARGET,2021-05-05_ORL_BOS,2021-05-05,ORL,Zeke Nnaji,NO_SAME_DAY_ROW,,,,,2021-04-29,2021-05-08,9,,NO_AUTOMATIC_HEALTH_INFERENCE,NOT_SELECTED,Review causal health/registration separately; never map missing row to healthy or injured
NEW_TEAM_TARGET,2021-05-07_CHA_ORL,2021-05-07,ORL,Zeke Nnaji,NO_SAME_DAY_ROW,,,,,2021-04-29,2021-05-08,9,,NO_AUTOMATIC_HEALTH_INFERENCE,NOT_SELECTED,Review causal health/registration separately; never map missing row to healthy or injured
NEW_TEAM_TARGET,2021-05-09_ORL_MIN,2021-05-09,ORL,Zeke Nnaji,NO_SAME_DAY_ROW,,,,,2021-05-08,2021-05-11,3,,NO_AUTOMATIC_HEALTH_INFERENCE,NOT_SELECTED,Review causal health/registration separately; never map missing row to healthy or injured
NEW_TEAM_TARGET,2021-05-11_MIL_ORL,2021-05-11,ORL,Zeke Nnaji,SAME_DAY_COACH_DNP,0022000448,DEN,0,DNP - Coach's Decision,2021-05-08,2021-05-13,5,,NO_AUTOMATIC_HEALTH_INFERENCE,NOT_SELECTED,Review causal health/registration separately; never map missing row to healthy or injured
NEW_TEAM_TARGET,2021-05-13_ATL_ORL,2021-05-13,ORL,Zeke Nnaji,SAME_DAY_COACH_DNP,0022001052,DEN,0,DNP - Coach's Decision,2021-05-11,2021-05-14,3,,NO_AUTOMATIC_HEALTH_INFERENCE,NOT_SELECTED,Review causal health/registration separately; never map missing row to healthy or injured
NEW_TEAM_TARGET,2021-05-14_PHI_ORL,2021-05-14,ORL,Zeke Nnaji,SAME_DAY_PLAYED,0022001054,DEN,1235,,2021-05-13,2021-05-16,3,,NO_AUTOMATIC_HEALTH_INFERENCE,NOT_SELECTED,Review causal health/registration separately; never map missing row to healthy or injured
NEW_TEAM_TARGET,2021-05-16_PHI_ORL,2021-05-16,ORL,Zeke Nnaji,SAME_DAY_PLAYED,0022001076,DEN,806,,2021-05-14,,,2,NO_AUTOMATIC_HEALTH_INFERENCE,NOT_SELECTED,Review causal health/registration separately; never map missing row to healthy or injured
NEW_TEAM_TARGET,2021-03-25_MIA_POR,2021-03-25,POR,Rodney Hood,NO_SAME_DAY_ROW,,,,,2021-03-23,2021-03-26,3,,NO_AUTOMATIC_HEALTH_INFERENCE,NOT_SELECTED,Review causal health/registration separately; never map missing row to healthy or injured
NEW_TEAM_TARGET,2021-03-26_ORL_POR,2021-03-26,POR,Rodney Hood,SAME_DAY_PLAYED,0022000684,TOR,1085,,2021-03-23,2021-03-28,5,,NO_AUTOMATIC_HEALTH_INFERENCE,NOT_SELECTED,Review causal health/registration separately; never map missing row to healthy or injured
NEW_TEAM_TARGET,2021-03-28_TOR_POR,2021-03-28,POR,Rodney Hood,SAME_DAY_PLAYED,0022000704,TOR,1633,,2021-03-26,2021-03-29,3,,NO_AUTOMATIC_HEALTH_INFERENCE,NOT_SELECTED,Review causal health/registration separately; never map missing row to healthy or injured
NEW_TEAM_TARGET,2021-03-31_DET_POR,2021-03-31,POR,Rodney Hood,SAME_DAY_PLAYED,0022000727,TOR,337,,2021-03-29,2021-04-05,7,,NO_AUTOMATIC_HEALTH_INFERENCE,NOT_SELECTED,Review causal health/registration separately; never map missing row to healthy or injured
NEW_TEAM_TARGET,2021-04-02_POR_MIL,2021-04-02,POR,Rodney Hood,NO_SAME_DAY_ROW,,,,,2021-03-31,2021-04-05,5,,NO_AUTOMATIC_HEALTH_INFERENCE,NOT_SELECTED,Review causal health/registration separately; never map missing row to healthy or injured
NEW_TEAM_TARGET,2021-04-03_POR_OKC,2021-04-03,POR,Rodney Hood,NO_SAME_DAY_ROW,,,,,2021-03-31,2021-04-05,5,,NO_AUTOMATIC_HEALTH_INFERENCE,NOT_SELECTED,Review causal health/registration separately; never map missing row to healthy or injured
NEW_TEAM_TARGET,2021-04-06_LAC_POR,2021-04-06,POR,Rodney Hood,SAME_DAY_RESTRICTED,0022000772,TOR,0,DND - Injury/Illness,2021-04-05,2021-04-08,3,,RESTRICTED_SOURCE_REVIEW,NOT_SELECTED,Review causal health/registration separately; never map missing row to healthy or injured
NEW_TEAM_TARGET,2021-04-08_UTA_POR,2021-04-08,POR,Rodney Hood,SAME_DAY_RESTRICTED,0022000523,TOR,0,DND - Injury/Illness,2021-04-06,2021-04-10,4,,RESTRICTED_SOURCE_REVIEW,NOT_SELECTED,Review causal health/registration separately; never map missing row to healthy or injured
NEW_TEAM_TARGET,2021-04-10_POR_DET,2021-04-10,POR,Rodney Hood,SAME_DAY_PLAYED,0022000794,TOR,1054,,2021-04-08,2021-04-11,3,,NO_AUTOMATIC_HEALTH_INFERENCE,NOT_SELECTED,Review causal health/registration separately; never map missing row to healthy or injured
NEW_TEAM_TARGET,2021-04-11_POR_MIA,2021-04-11,POR,Rodney Hood,SAME_DAY_PLAYED,0022000809,TOR,676,,2021-04-10,2021-04-13,3,,NO_AUTOMATIC_HEALTH_INFERENCE,NOT_SELECTED,Review causal health/registration separately; never map missing row to healthy or injured
NEW_TEAM_TARGET,2021-04-13_POR_BOS,2021-04-13,POR,Rodney Hood,SAME_DAY_PLAYED,0022000824,TOR,1078,,2021-04-11,2021-04-14,3,,NO_AUTOMATIC_HEALTH_INFERENCE,NOT_SELECTED,Review causal health/registration separately; never map missing row to healthy or injured
NEW_TEAM_TARGET,2021-04-16_SAS_POR,2021-04-16,POR,Rodney Hood,SAME_DAY_PLAYED,0022000849,TOR,1027,,2021-04-14,2021-04-18,4,,NO_AUTOMATIC_HEALTH_INFERENCE,NOT_SELECTED,Review causal health/registration separately; never map missing row to healthy or injured
NEW_TEAM_TARGET,2021-04-18_CHA_POR,2021-04-18,POR,Rodney Hood,SAME_DAY_PLAYED,0022000865,TOR,424,,2021-04-16,2021-04-24,8,,NO_AUTOMATIC_HEALTH_INFERENCE,NOT_SELECTED,Review causal health/registration separately; never map missing row to healthy or injured
NEW_TEAM_TARGET,2021-04-20_POR_LAC,2021-04-20,POR,Rodney Hood,NO_SAME_DAY_ROW,,,,,2021-04-18,2021-04-24,6,,NO_AUTOMATIC_HEALTH_INFERENCE,NOT_SELECTED,Review causal health/registration separately; never map missing row to healthy or injured
NEW_TEAM_TARGET,2021-04-21_POR_DEN,2021-04-21,POR,Rodney Hood,NO_SAME_DAY_ROW,,,,,2021-04-18,2021-04-24,6,,NO_AUTOMATIC_HEALTH_INFERENCE,NOT_SELECTED,Review causal health/registration separately; never map missing row to healthy or injured
NEW_TEAM_TARGET,2021-04-23_POR_MEM,2021-04-23,POR,Rodney Hood,NO_SAME_DAY_ROW,,,,,2021-04-18,2021-04-24,6,,NO_AUTOMATIC_HEALTH_INFERENCE,NOT_SELECTED,Review causal health/registration separately; never map missing row to healthy or injured
NEW_TEAM_TARGET,2021-04-25_POR_MEM,2021-04-25,POR,Rodney Hood,NO_SAME_DAY_ROW,,,,,2021-04-24,2021-04-26,2,,NO_AUTOMATIC_HEALTH_INFERENCE,NOT_SELECTED,Review causal health/registration separately; never map missing row to healthy or injured
NEW_TEAM_TARGET,2021-04-27_IND_POR,2021-04-27,POR,Rodney Hood,SAME_DAY_PLAYED,0022000930,TOR,27,,2021-04-26,2021-04-29,3,,NO_AUTOMATIC_HEALTH_INFERENCE,NOT_SELECTED,Review causal health/registration separately; never map missing row to healthy or injured
NEW_TEAM_TARGET,2021-04-28_MEM_POR,2021-04-28,POR,Rodney Hood,NO_SAME_DAY_ROW,,,,,2021-04-27,2021-04-29,2,,NO_AUTOMATIC_HEALTH_INFERENCE,NOT_SELECTED,Review causal health/registration separately; never map missing row to healthy or injured
NEW_TEAM_TARGET,2021-04-30_BKN_POR,2021-04-30,POR,Rodney Hood,NO_SAME_DAY_ROW,,,,,2021-04-29,2021-05-01,2,,NO_AUTOMATIC_HEALTH_INFERENCE,NOT_SELECTED,Review causal health/registration separately; never map missing row to healthy or injured
NEW_TEAM_TARGET,2021-05-02_BOS_POR,2021-05-02,POR,Rodney Hood,SAME_DAY_PLAYED,0022000974,TOR,672,,2021-05-01,2021-05-04,3,,NO_AUTOMATIC_HEALTH_INFERENCE,NOT_SELECTED,Review causal health/registration separately; never map missing row to healthy or injured
NEW_TEAM_TARGET,2021-05-03_ATL_POR,2021-05-03,POR,Rodney Hood,NO_SAME_DAY_ROW,,,,,2021-05-02,2021-05-04,2,,NO_AUTOMATIC_HEALTH_INFERENCE,NOT_SELECTED,Review causal health/registration separately; never map missing row to healthy or injured
NEW_TEAM_TARGET,2021-05-05_CLE_POR,2021-05-05,POR,Rodney Hood,NO_SAME_DAY_ROW,,,,,2021-05-04,2021-05-06,2,,NO_AUTOMATIC_HEALTH_INFERENCE,NOT_SELECTED,Review causal health/registration separately; never map missing row to healthy or injured
NEW_TEAM_TARGET,2021-05-07_POR_LAL,2021-05-07,POR,Rodney Hood,NO_SAME_DAY_ROW,,,,,2021-05-06,2021-05-08,2,,NO_AUTOMATIC_HEALTH_INFERENCE,NOT_SELECTED,Review causal health/registration separately; never map missing row to healthy or injured
NEW_TEAM_TARGET,2021-05-08_POR_SAS,2021-05-08,POR,Rodney Hood,SAME_DAY_PLAYED,0022001014,TOR,815,,2021-05-06,2021-05-11,5,,NO_AUTOMATIC_HEALTH_INFERENCE,NOT_SELECTED,Review causal health/registration separately; never map missing row to healthy or injured
NEW_TEAM_TARGET,2021-05-10_POR_HOU,2021-05-10,POR,Rodney Hood,NO_SAME_DAY_ROW,,,,,2021-05-08,2021-05-11,3,,NO_AUTOMATIC_HEALTH_INFERENCE,NOT_SELECTED,Review causal health/registration separately; never map missing row to healthy or injured
NEW_TEAM_TARGET,2021-05-12_UTA_POR,2021-05-12,POR,Rodney Hood,NO_SAME_DAY_ROW,,,,,2021-05-11,2021-05-14,3,,NO_AUTOMATIC_HEALTH_INFERENCE,NOT_SELECTED,Review causal health/registration separately; never map missing row to healthy or injured
NEW_TEAM_TARGET,2021-05-13_PHX_POR,2021-05-13,POR,Rodney Hood,NO_SAME_DAY_ROW,,,,,2021-05-11,2021-05-14,3,,NO_AUTOMATIC_HEALTH_INFERENCE,NOT_SELECTED,Review causal health/registration separately; never map missing row to healthy or injured
NEW_TEAM_TARGET,2021-05-16_POR_DEN,2021-05-16,POR,Rodney Hood,SAME_DAY_RESTRICTED,0022001079,TOR,0,DND - Injury/Illness,2021-05-14,,,2,RESTRICTED_SOURCE_REVIEW,NOT_SELECTED,Review causal health/registration separately; never map missing row to healthy or injured
NEW_TEAM_TARGET,2021-03-26_TOR_PHX,2021-03-26,TOR,Norman Powell,SAME_DAY_PLAYED,0022000687,POR,2136,,2021-03-24,2021-03-28,4,,NO_AUTOMATIC_HEALTH_INFERENCE,NOT_SELECTED,Review causal health/registration separately; never map missing row to healthy or injured
NEW_TEAM_TARGET,2021-03-28_TOR_POR,2021-03-28,TOR,Norman Powell,SAME_DAY_PLAYED,0022000704,POR,1630,,2021-03-26,2021-03-31,5,,NO_AUTOMATIC_HEALTH_INFERENCE,NOT_SELECTED,Review causal health/registration separately; never map missing row to healthy or injured
NEW_TEAM_TARGET,2021-03-29_DET_TOR,2021-03-29,TOR,Norman Powell,NO_SAME_DAY_ROW,,,,,2021-03-28,2021-03-31,3,,NO_AUTOMATIC_HEALTH_INFERENCE,NOT_SELECTED,Review causal health/registration separately; never map missing row to healthy or injured
NEW_TEAM_TARGET,2021-03-31_OKC_TOR,2021-03-31,TOR,Norman Powell,SAME_DAY_PLAYED,0022000721,POR,2019,,2021-03-28,2021-04-02,5,,NO_AUTOMATIC_HEALTH_INFERENCE,NOT_SELECTED,Review causal health/registration separately; never map missing row to healthy or injured
NEW_TEAM_TARGET,2021-04-02_TOR_GSW,2021-04-02,TOR,Norman Powell,SAME_DAY_PLAYED,0022000745,POR,1913,,2021-03-31,2021-04-03,3,,NO_AUTOMATIC_HEALTH_INFERENCE,NOT_SELECTED,Review causal health/registration separately; never map missing row to healthy or injured
NEW_TEAM_TARGET,2021-04-05_TOR_WAS,2021-04-05,TOR,Norman Powell,NO_SAME_DAY_ROW,,,,,2021-04-03,2021-04-06,3,,NO_AUTOMATIC_HEALTH_INFERENCE,NOT_SELECTED,Review causal health/registration separately; never map missing row to healthy or injured
NEW_TEAM_TARGET,2021-04-06_TOR_LAL,2021-04-06,TOR,Norman Powell,SAME_DAY_PLAYED,0022000775,POR,2246,,2021-04-03,2021-04-08,5,,NO_AUTOMATIC_HEALTH_INFERENCE,NOT_SELECTED,Review causal health/registration separately; never map missing row to healthy or injured
NEW_TEAM_TARGET,2021-04-08_TOR_CHI,2021-04-08,TOR,Norman Powell,SAME_DAY_PLAYED,0022000787,POR,2029,,2021-04-06,2021-04-10,4,,NO_AUTOMATIC_HEALTH_INFERENCE,NOT_SELECTED,Review causal health/registration separately; never map missing row to healthy or injured
NEW_TEAM_TARGET,2021-04-10_CLE_TOR,2021-04-10,TOR,Norman Powell,SAME_DAY_PLAYED,0022000804,POR,1944,,2021-04-08,2021-04-11,3,,NO_AUTOMATIC_HEALTH_INFERENCE,NOT_SELECTED,Review causal health/registration separately; never map missing row to healthy or injured
NEW_TEAM_TARGET,2021-04-11_NYK_TOR,2021-04-11,TOR,Norman Powell,SAME_DAY_PLAYED,0022000814,POR,1996,,2021-04-10,2021-04-13,3,,NO_AUTOMATIC_HEALTH_INFERENCE,NOT_SELECTED,Review causal health/registration separately; never map missing row to healthy or injured
NEW_TEAM_TARGET,2021-04-13_TOR_ATL,2021-04-13,TOR,Norman Powell,SAME_DAY_PLAYED,0022000828,POR,2285,,2021-04-11,2021-04-16,5,,NO_AUTOMATIC_HEALTH_INFERENCE,NOT_SELECTED,Review causal health/registration separately; never map missing row to healthy or injured
NEW_TEAM_TARGET,2021-04-14_TOR_SAS,2021-04-14,TOR,Norman Powell,NO_SAME_DAY_ROW,,,,,2021-04-13,2021-04-16,3,,NO_AUTOMATIC_HEALTH_INFERENCE,NOT_SELECTED,Review causal health/registration separately; never map missing row to healthy or injured
NEW_TEAM_TARGET,2021-04-16_TOR_ORL,2021-04-16,TOR,Norman Powell,SAME_DAY_PLAYED,0022000853,POR,2297,,2021-04-13,2021-04-18,5,,NO_AUTOMATIC_HEALTH_INFERENCE,NOT_SELECTED,Review causal health/registration separately; never map missing row to healthy or injured
NEW_TEAM_TARGET,2021-04-18_TOR_OKC,2021-04-18,TOR,Norman Powell,SAME_DAY_PLAYED,0022000362,POR,2343,,2021-04-16,2021-04-20,4,,NO_AUTOMATIC_HEALTH_INFERENCE,NOT_SELECTED,Review causal health/registration separately; never map missing row to healthy or injured
NEW_TEAM_TARGET,2021-04-21_TOR_BKN,2021-04-21,TOR,Norman Powell,SAME_DAY_PLAYED,0022000890,POR,2060,,2021-04-20,2021-04-23,3,,NO_AUTOMATIC_HEALTH_INFERENCE,NOT_SELECTED,Review causal health/registration separately; never map missing row to healthy or injured
NEW_TEAM_TARGET,2021-04-24_NYK_TOR,2021-04-24,TOR,Norman Powell,NO_SAME_DAY_ROW,,,,,2021-04-23,2021-04-25,2,,NO_AUTOMATIC_HEALTH_INFERENCE,NOT_SELECTED,Review causal health/registration separately; never map missing row to healthy or injured
NEW_TEAM_TARGET,2021-04-26_TOR_CLE,2021-04-26,TOR,Norman Powell,NO_SAME_DAY_ROW,,,,,2021-04-25,2021-04-27,2,,NO_AUTOMATIC_HEALTH_INFERENCE,NOT_SELECTED,Review causal health/registration separately; never map missing row to healthy or injured
NEW_TEAM_TARGET,2021-04-27_TOR_BKN,2021-04-27,TOR,Norman Powell,SAME_DAY_PLAYED,0022000929,POR,1199,,2021-04-25,2021-04-28,3,,NO_AUTOMATIC_HEALTH_INFERENCE,NOT_SELECTED,Review causal health/registration separately; never map missing row to healthy or injured
NEW_TEAM_TARGET,2021-04-29_DEN_TOR,2021-04-29,TOR,Norman Powell,NO_SAME_DAY_ROW,,,,,2021-04-28,2021-04-30,2,,NO_AUTOMATIC_HEALTH_INFERENCE,NOT_SELECTED,Review causal health/registration separately; never map missing row to healthy or injured
NEW_TEAM_TARGET,2021-05-01_UTA_TOR,2021-05-01,TOR,Norman Powell,NO_SAME_DAY_ROW,,,,,2021-04-30,2021-05-02,2,,NO_AUTOMATIC_HEALTH_INFERENCE,NOT_SELECTED,Review causal health/registration separately; never map missing row to healthy or injured
NEW_TEAM_TARGET,2021-05-02_LAL_TOR,2021-05-02,TOR,Norman Powell,SAME_DAY_PLAYED,0022000968,POR,2339,,2021-04-30,2021-05-03,3,,NO_AUTOMATIC_HEALTH_INFERENCE,NOT_SELECTED,Review causal health/registration separately; never map missing row to healthy or injured
NEW_TEAM_TARGET,2021-05-04_LAC_TOR,2021-05-04,TOR,Norman Powell,NO_SAME_DAY_ROW,,,,,2021-05-03,2021-05-05,2,,NO_AUTOMATIC_HEALTH_INFERENCE,NOT_SELECTED,Review causal health/registration separately; never map missing row to healthy or injured
NEW_TEAM_TARGET,2021-05-06_TOR_WAS,2021-05-06,TOR,Norman Powell,NO_SAME_DAY_ROW,,,,,2021-05-05,2021-05-07,2,,NO_AUTOMATIC_HEALTH_INFERENCE,NOT_SELECTED,Review causal health/registration separately; never map missing row to healthy or injured
NEW_TEAM_TARGET,2021-05-08_TOR_MEM,2021-05-08,TOR,Norman Powell,SAME_DAY_PLAYED,0022001018,POR,1859,,2021-05-07,2021-05-10,3,,NO_AUTOMATIC_HEALTH_INFERENCE,NOT_SELECTED,Review causal health/registration separately; never map missing row to healthy or injured
NEW_TEAM_TARGET,2021-05-11_TOR_LAC,2021-05-11,TOR,Norman Powell,NO_SAME_DAY_ROW,,,,,2021-05-10,2021-05-12,2,,NO_AUTOMATIC_HEALTH_INFERENCE,NOT_SELECTED,Review causal health/registration separately; never map missing row to healthy or injured
NEW_TEAM_TARGET,2021-05-13_CHI_TOR,2021-05-13,TOR,Norman Powell,SAME_DAY_PLAYED,0022001053,POR,2431,,2021-05-12,2021-05-16,4,,NO_AUTOMATIC_HEALTH_INFERENCE,NOT_SELECTED,Review causal health/registration separately; never map missing row to healthy or injured
NEW_TEAM_TARGET,2021-05-14_DAL_TOR,2021-05-14,TOR,Norman Powell,NO_SAME_DAY_ROW,,,,,2021-05-13,2021-05-16,3,,NO_AUTOMATIC_HEALTH_INFERENCE,NOT_SELECTED,Review causal health/registration separately; never map missing row to healthy or injured
NEW_TEAM_TARGET,2021-05-16_TOR_IND,2021-05-16,TOR,Norman Powell,SAME_DAY_PLAYED,0022001076,POR,1983,,2021-05-13,,,3,NO_AUTOMATIC_HEALTH_INFERENCE,NOT_SELECTED,Review causal health/registration separately; never map missing row to healthy or injured
NEW_TEAM_TARGET,2020-12-23_PHI_WAS,2020-12-23,WAS,Gary Trent Jr.,SAME_DAY_PLAYED,0022000020,POR,1568,,,2020-12-26,,3,NO_AUTOMATIC_HEALTH_INFERENCE,NOT_SELECTED,Review causal health/registration separately; never map missing row to healthy or injured
NEW_TEAM_TARGET,2020-12-26_WAS_ORL,2020-12-26,WAS,Gary Trent Jr.,SAME_DAY_PLAYED,0022000029,POR,355,,2020-12-23,2020-12-28,5,,NO_AUTOMATIC_HEALTH_INFERENCE,NOT_SELECTED,Review causal health/registration separately; never map missing row to healthy or injured
NEW_TEAM_TARGET,2020-12-27_WAS_ORL,2020-12-27,WAS,Gary Trent Jr.,NO_SAME_DAY_ROW,,,,,2020-12-26,2020-12-28,2,,NO_AUTOMATIC_HEALTH_INFERENCE,NOT_SELECTED,Review causal health/registration separately; never map missing row to healthy or injured
NEW_TEAM_TARGET,2020-12-29_WAS_CHI,2020-12-29,WAS,Gary Trent Jr.,NO_SAME_DAY_ROW,,,,,2020-12-28,2021-01-03,6,,NO_AUTOMATIC_HEALTH_INFERENCE,NOT_SELECTED,Review causal health/registration separately; never map missing row to healthy or injured
NEW_TEAM_TARGET,2020-12-31_WAS_CHI,2020-12-31,WAS,Gary Trent Jr.,NO_SAME_DAY_ROW,,,,,2020-12-28,2021-01-03,6,,NO_AUTOMATIC_HEALTH_INFERENCE,NOT_SELECTED,Review causal health/registration separately; never map missing row to healthy or injured
NEW_TEAM_TARGET,2021-01-01_MIN_WAS,2021-01-01,WAS,Gary Trent Jr.,NO_SAME_DAY_ROW,,,,,2020-12-28,2021-01-03,6,,NO_AUTOMATIC_HEALTH_INFERENCE,NOT_SELECTED,Review causal health/registration separately; never map missing row to healthy or injured
NEW_TEAM_TARGET,2021-01-03_BKN_WAS,2021-01-03,WAS,Gary Trent Jr.,SAME_DAY_PLAYED,0022000092,POR,1893,,2020-12-28,2021-01-05,8,,NO_AUTOMATIC_HEALTH_INFERENCE,NOT_SELECTED,Review causal health/registration separately; never map missing row to healthy or injured
NEW_TEAM_TARGET,2021-01-06_PHI_WAS,2021-01-06,WAS,Gary Trent Jr.,NO_SAME_DAY_ROW,,,,,2021-01-05,2021-01-07,2,,NO_AUTOMATIC_HEALTH_INFERENCE,NOT_SELECTED,Review causal health/registration separately; never map missing row to healthy or injured
NEW_TEAM_TARGET,2021-01-08_BOS_WAS,2021-01-08,WAS,Gary Trent Jr.,NO_SAME_DAY_ROW,,,,,2021-01-07,2021-01-09,2,,NO_AUTOMATIC_HEALTH_INFERENCE,NOT_SELECTED,Review causal health/registration separately; never map missing row to healthy or injured
NEW_TEAM_TARGET,2021-01-09_WAS_MIA,2021-01-09,WAS,Gary Trent Jr.,SAME_DAY_PLAYED,0022000140,POR,1831,,2021-01-07,2021-01-11,4,,NO_AUTOMATIC_HEALTH_INFERENCE,NOT_SELECTED,Review causal health/registration separately; never map missing row to healthy or injured
NEW_TEAM_TARGET,2021-01-11_WAS_PHX,2021-01-11,WAS,Gary Trent Jr.,SAME_DAY_PLAYED,0022000155,POR,1784,,2021-01-09,2021-01-13,4,,NO_AUTOMATIC_HEALTH_INFERENCE,NOT_SELECTED,Review causal health/registration separately; never map missing row to healthy or injured
NEW_TEAM_TARGET,2021-01-24_SAS_WAS,2021-01-24,WAS,Gary Trent Jr.,SAME_DAY_PLAYED,0022000256,POR,1277,,2021-01-18,2021-01-25,7,,NO_AUTOMATIC_HEALTH_INFERENCE,NOT_SELECTED,Review causal health/registration separately; never map missing row to healthy or injured
NEW_TEAM_TARGET,2021-01-26_HOU_WAS,2021-01-26,WAS,Gary Trent Jr.,NO_SAME_DAY_ROW,,,,,2021-01-25,2021-01-28,3,,NO_AUTOMATIC_HEALTH_INFERENCE,NOT_SELECTED,Review causal health/registration separately; never map missing row to healthy or injured
NEW_TEAM_TARGET,2021-01-27_NOP_WAS,2021-01-27,WAS,Gary Trent Jr.,NO_SAME_DAY_ROW,,,,,2021-01-25,2021-01-28,3,,NO_AUTOMATIC_HEALTH_INFERENCE,NOT_SELECTED,Review causal health/registration separately; never map missing row to healthy or injured
NEW_TEAM_TARGET,2021-01-29_WAS_ATL,2021-01-29,WAS,Gary Trent Jr.,NO_SAME_DAY_ROW,,,,,2021-01-28,2021-01-30,2,,NO_AUTOMATIC_HEALTH_INFERENCE,NOT_SELECTED,Review causal health/registration separately; never map missing row to healthy or injured
NEW_TEAM_TARGET,2021-01-31_WAS_BKN,2021-01-31,WAS,Gary Trent Jr.,NO_SAME_DAY_ROW,,,,,2021-01-30,2021-02-01,2,,NO_AUTOMATIC_HEALTH_INFERENCE,NOT_SELECTED,Review causal health/registration separately; never map missing row to healthy or injured
NEW_TEAM_TARGET,2021-02-02_WAS_POR,2021-02-02,WAS,Gary Trent Jr.,SAME_DAY_PLAYED,0022000559,POR,2380,,2021-02-01,2021-02-04,3,,NO_AUTOMATIC_HEALTH_INFERENCE,NOT_SELECTED,Review causal health/registration separately; never map missing row to healthy or injured
NEW_TEAM_TARGET,2021-02-03_MIA_WAS,2021-02-03,WAS,Gary Trent Jr.,NO_SAME_DAY_ROW,,,,,2021-02-02,2021-02-04,2,,NO_AUTOMATIC_HEALTH_INFERENCE,NOT_SELECTED,Review causal health/registration separately; never map missing row to healthy or injured
NEW_TEAM_TARGET,2021-02-05_MIA_WAS,2021-02-05,WAS,Gary Trent Jr.,NO_SAME_DAY_ROW,,,,,2021-02-04,2021-02-06,2,,NO_AUTOMATIC_HEALTH_INFERENCE,NOT_SELECTED,Review causal health/registration separately; never map missing row to healthy or injured
NEW_TEAM_TARGET,2021-02-07_CHA_WAS,2021-02-07,WAS,Gary Trent Jr.,NO_SAME_DAY_ROW,,,,,2021-02-06,2021-02-09,3,,NO_AUTOMATIC_HEALTH_INFERENCE,NOT_SELECTED,Review causal health/registration separately; never map missing row to healthy or injured
NEW_TEAM_TARGET,2021-02-08_CHI_WAS,2021-02-08,WAS,Gary Trent Jr.,NO_SAME_DAY_ROW,,,,,2021-02-06,2021-02-09,3,,NO_AUTOMATIC_HEALTH_INFERENCE,NOT_SELECTED,Review causal health/registration separately; never map missing row to healthy or injured
NEW_TEAM_TARGET,2021-02-10_WAS_TOR,2021-02-10,WAS,Gary Trent Jr.,NO_SAME_DAY_ROW,,,,,2021-02-09,2021-02-11,2,,NO_AUTOMATIC_HEALTH_INFERENCE,NOT_SELECTED,Review causal health/registration separately; never map missing row to healthy or injured
NEW_TEAM_TARGET,2021-02-12_WAS_NYK,2021-02-12,WAS,Gary Trent Jr.,SAME_DAY_PLAYED,0022000404,POR,2184,,2021-02-11,2021-02-14,3,,NO_AUTOMATIC_HEALTH_INFERENCE,NOT_SELECTED,Review causal health/registration separately; never map missing row to healthy or injured
NEW_TEAM_TARGET,2021-02-14_WAS_BOS,2021-02-14,WAS,Gary Trent Jr.,SAME_DAY_PLAYED,0022000411,POR,2136,,2021-02-12,2021-02-16,4,,NO_AUTOMATIC_HEALTH_INFERENCE,NOT_SELECTED,Review causal health/registration separately; never map missing row to healthy or injured
NEW_TEAM_TARGET,2021-02-15_WAS_HOU,2021-02-15,WAS,Gary Trent Jr.,NO_SAME_DAY_ROW,,,,,2021-02-14,2021-02-16,2,,NO_AUTOMATIC_HEALTH_INFERENCE,NOT_SELECTED,Review causal health/registration separately; never map missing row to healthy or injured
NEW_TEAM_TARGET,2021-02-17_WAS_DEN,2021-02-17,WAS,Gary Trent Jr.,SAME_DAY_PLAYED,0022000441,POR,2036,,2021-02-16,2021-02-20,4,,NO_AUTOMATIC_HEALTH_INFERENCE,NOT_SELECTED,Review causal health/registration separately; never map missing row to healthy or injured
NEW_TEAM_TARGET,2021-02-20_POR_WAS,2021-02-20,WAS,Gary Trent Jr.,SAME_DAY_PLAYED,0022000464,POR,2320,,2021-02-17,2021-02-22,5,,NO_AUTOMATIC_HEALTH_INFERENCE,NOT_SELECTED,Review causal health/registration separately; never map missing row to healthy or injured
NEW_TEAM_TARGET,2021-02-22_LAL_WAS,2021-02-22,WAS,Gary Trent Jr.,SAME_DAY_PLAYED,0022000477,POR,2163,,2021-02-20,2021-02-23,3,,NO_AUTOMATIC_HEALTH_INFERENCE,NOT_SELECTED,Review causal health/registration separately; never map missing row to healthy or injured
NEW_TEAM_TARGET,2021-02-23_LAC_WAS,2021-02-23,WAS,Gary Trent Jr.,SAME_DAY_PLAYED,0022000487,POR,2070,,2021-02-22,2021-02-26,4,,NO_AUTOMATIC_HEALTH_INFERENCE,NOT_SELECTED,Review causal health/registration separately; never map missing row to healthy or injured
NEW_TEAM_TARGET,2021-02-25_DEN_WAS,2021-02-25,WAS,Gary Trent Jr.,NO_SAME_DAY_ROW,,,,,2021-02-23,2021-02-26,3,,NO_AUTOMATIC_HEALTH_INFERENCE,NOT_SELECTED,Review causal health/registration separately; never map missing row to healthy or injured
NEW_TEAM_TARGET,2021-02-27_WAS_MIN,2021-02-27,WAS,Gary Trent Jr.,NO_SAME_DAY_ROW,,,,,2021-02-26,2021-03-01,3,,NO_AUTOMATIC_HEALTH_INFERENCE,NOT_SELECTED,Review causal health/registration separately; never map missing row to healthy or injured
NEW_TEAM_TARGET,2021-02-28_BOS_WAS,2021-02-28,WAS,Gary Trent Jr.,NO_SAME_DAY_ROW,,,,,2021-02-26,2021-03-01,3,,NO_AUTOMATIC_HEALTH_INFERENCE,NOT_SELECTED,Review causal health/registration separately; never map missing row to healthy or injured
NEW_TEAM_TARGET,2021-03-02_WAS_MEM,2021-03-02,WAS,Gary Trent Jr.,NO_SAME_DAY_ROW,,,,,2021-03-01,2021-03-03,2,,NO_AUTOMATIC_HEALTH_INFERENCE,NOT_SELECTED,Review causal health/registration separately; never map missing row to healthy or injured
NEW_TEAM_TARGET,2021-03-04_WAS_LAC,2021-03-04,WAS,Gary Trent Jr.,SAME_DAY_PLAYED,0022000558,POR,2033,,2021-03-03,2021-03-11,8,,NO_AUTOMATIC_HEALTH_INFERENCE,NOT_SELECTED,Review causal health/registration separately; never map missing row to healthy or injured
NEW_TEAM_TARGET,2021-03-10_MEM_WAS,2021-03-10,WAS,Gary Trent Jr.,NO_SAME_DAY_ROW,,,,,2021-03-04,2021-03-11,7,,NO_AUTOMATIC_HEALTH_INFERENCE,NOT_SELECTED,Review causal health/registration separately; never map missing row to healthy or injured
NEW_TEAM_TARGET,2021-03-12_WAS_PHI,2021-03-12,WAS,Gary Trent Jr.,NO_SAME_DAY_ROW,,,,,2021-03-11,2021-03-13,2,,NO_AUTOMATIC_HEALTH_INFERENCE,NOT_SELECTED,Review causal health/registration separately; never map missing row to healthy or injured
NEW_TEAM_TARGET,2021-03-13_WAS_MIL,2021-03-13,WAS,Gary Trent Jr.,SAME_DAY_PLAYED,0022000591,POR,1788,,2021-03-11,2021-03-14,3,,NO_AUTOMATIC_HEALTH_INFERENCE,NOT_SELECTED,Review causal health/registration separately; never map missing row to healthy or injured
NEW_TEAM_TARGET,2021-03-15_WAS_MIL,2021-03-15,WAS,Gary Trent Jr.,NO_SAME_DAY_ROW,,,,,2021-03-14,2021-03-16,2,,NO_AUTOMATIC_HEALTH_INFERENCE,NOT_SELECTED,Review causal health/registration separately; never map missing row to healthy or injured
NEW_TEAM_TARGET,2021-03-17_WAS_SAC,2021-03-17,WAS,Gary Trent Jr.,NO_SAME_DAY_ROW,,,,,2021-03-16,2021-03-18,2,,NO_AUTOMATIC_HEALTH_INFERENCE,NOT_SELECTED,Review causal health/registration separately; never map missing row to healthy or injured
NEW_TEAM_TARGET,2021-03-18_WAS_UTA,2021-03-18,WAS,Gary Trent Jr.,SAME_DAY_PLAYED,0022000629,POR,1657,,2021-03-16,2021-03-19,3,,NO_AUTOMATIC_HEALTH_INFERENCE,NOT_SELECTED,Review causal health/registration separately; never map missing row to healthy or injured
NEW_TEAM_TARGET,2021-03-21_BKN_WAS,2021-03-21,WAS,Gary Trent Jr.,SAME_DAY_PLAYED,0022000652,POR,1292,,2021-03-19,2021-03-23,4,,NO_AUTOMATIC_HEALTH_INFERENCE,NOT_SELECTED,Review causal health/registration separately; never map missing row to healthy or injured
NEW_TEAM_TARGET,2021-03-23_NYK_WAS,2021-03-23,WAS,Gary Trent Jr.,SAME_DAY_PLAYED,0022000666,POR,1473,,2021-03-21,2021-03-26,5,,NO_AUTOMATIC_HEALTH_INFERENCE,NOT_SELECTED,Review causal health/registration separately; never map missing row to healthy or injured
NEW_TEAM_TARGET,2021-03-25_NYK_WAS,2021-03-25,WAS,Gary Trent Jr.,NO_SAME_DAY_ROW,,,,,2021-03-23,2021-03-26,3,,NO_AUTOMATIC_HEALTH_INFERENCE,NOT_SELECTED,Review causal health/registration separately; never map missing row to healthy or injured
NEW_TEAM_TARGET,2021-03-27_WAS_DET,2021-03-27,WAS,Gary Trent Jr.,NO_SAME_DAY_ROW,,,,,2021-03-26,2021-03-28,2,,NO_AUTOMATIC_HEALTH_INFERENCE,NOT_SELECTED,Review causal health/registration separately; never map missing row to healthy or injured
NEW_TEAM_TARGET,2021-03-29_WAS_IND,2021-03-29,WAS,Gary Trent Jr.,SAME_DAY_PLAYED,0022000711,TOR,2274,,2021-03-28,2021-03-31,3,,NO_AUTOMATIC_HEALTH_INFERENCE,NOT_SELECTED,Review causal health/registration separately; never map missing row to healthy or injured
NEW_TEAM_TARGET,2021-03-30_WAS_CHA,2021-03-30,WAS,Gary Trent Jr.,NO_SAME_DAY_ROW,,,,,2021-03-29,2021-03-31,2,,NO_AUTOMATIC_HEALTH_INFERENCE,NOT_SELECTED,Review causal health/registration separately; never map missing row to healthy or injured
NEW_TEAM_TARGET,2021-04-01_DET_WAS,2021-04-01,WAS,Gary Trent Jr.,NO_SAME_DAY_ROW,,,,,2021-03-31,2021-04-02,2,,NO_AUTOMATIC_HEALTH_INFERENCE,NOT_SELECTED,Review causal health/registration separately; never map missing row to healthy or injured
NEW_TEAM_TARGET,2021-04-03_WAS_DAL,2021-04-03,WAS,Gary Trent Jr.,NO_SAME_DAY_ROW,,,,,2021-04-02,2021-04-05,3,,NO_AUTOMATIC_HEALTH_INFERENCE,NOT_SELECTED,Review causal health/registration separately; never map missing row to healthy or injured
NEW_TEAM_TARGET,2021-04-05_TOR_WAS,2021-04-05,WAS,Gary Trent Jr.,SAME_DAY_PLAYED,0022000763,TOR,1872,,2021-04-02,2021-04-06,4,,NO_AUTOMATIC_HEALTH_INFERENCE,NOT_SELECTED,Review causal health/registration separately; never map missing row to healthy or injured
NEW_TEAM_TARGET,2021-04-07_ORL_WAS,2021-04-07,WAS,Gary Trent Jr.,NO_SAME_DAY_ROW,,,,,2021-04-06,2021-04-08,2,,NO_AUTOMATIC_HEALTH_INFERENCE,NOT_SELECTED,Review causal health/registration separately; never map missing row to healthy or injured
NEW_TEAM_TARGET,2021-04-09_GSW_WAS,2021-04-09,WAS,Gary Trent Jr.,NO_SAME_DAY_ROW,,,,,2021-04-08,2021-04-10,2,,NO_AUTOMATIC_HEALTH_INFERENCE,NOT_SELECTED,Review causal health/registration separately; never map missing row to healthy or injured
NEW_TEAM_TARGET,2021-04-10_PHX_WAS,2021-04-10,WAS,Gary Trent Jr.,SAME_DAY_PLAYED,0022000794,TOR,1979,,2021-04-08,2021-04-11,3,,NO_AUTOMATIC_HEALTH_INFERENCE,NOT_SELECTED,Review causal health/registration separately; never map missing row to healthy or injured
NEW_TEAM_TARGET,2021-04-12_UTA_WAS,2021-04-12,WAS,Gary Trent Jr.,NO_SAME_DAY_ROW,,,,,2021-04-11,2021-04-13,2,,NO_AUTOMATIC_HEALTH_INFERENCE,NOT_SELECTED,Review causal health/registration separately; never map missing row to healthy or injured
NEW_TEAM_TARGET,2021-04-14_SAC_WAS,2021-04-14,WAS,Gary Trent Jr.,NO_SAME_DAY_ROW,,,,,2021-04-13,2021-04-18,5,,NO_AUTOMATIC_HEALTH_INFERENCE,NOT_SELECTED,Review causal health/registration separately; never map missing row to healthy or injured
NEW_TEAM_TARGET,2021-04-16_WAS_NOP,2021-04-16,WAS,Gary Trent Jr.,NO_SAME_DAY_ROW,,,,,2021-04-13,2021-04-18,5,,NO_AUTOMATIC_HEALTH_INFERENCE,NOT_SELECTED,Review causal health/registration separately; never map missing row to healthy or injured
NEW_TEAM_TARGET,2021-04-17_WAS_DET,2021-04-17,WAS,Gary Trent Jr.,NO_SAME_DAY_ROW,,,,,2021-04-13,2021-04-18,5,,NO_AUTOMATIC_HEALTH_INFERENCE,NOT_SELECTED,Review causal health/registration separately; never map missing row to healthy or injured
NEW_TEAM_TARGET,2021-04-19_WAS_OKC,2021-04-19,WAS,Gary Trent Jr.,NO_SAME_DAY_ROW,,,,,2021-04-18,2021-04-21,3,,NO_AUTOMATIC_HEALTH_INFERENCE,NOT_SELECTED,Review causal health/registration separately; never map missing row to healthy or injured
NEW_TEAM_TARGET,2021-04-21_WAS_GSW,2021-04-21,WAS,Gary Trent Jr.,SAME_DAY_PLAYED,0022000884,TOR,868,,2021-04-18,2021-04-24,6,,NO_AUTOMATIC_HEALTH_INFERENCE,NOT_SELECTED,Review causal health/registration separately; never map missing row to healthy or injured
NEW_TEAM_TARGET,2021-04-23_OKC_WAS,2021-04-23,WAS,Gary Trent Jr.,NO_SAME_DAY_ROW,,,,,2021-04-21,2021-04-24,3,,NO_AUTOMATIC_HEALTH_INFERENCE,NOT_SELECTED,Review causal health/registration separately; never map missing row to healthy or injured
NEW_TEAM_TARGET,2021-04-25_WAS_CLE,2021-04-25,WAS,Gary Trent Jr.,NO_SAME_DAY_ROW,,,,,2021-04-24,2021-05-06,12,,NO_AUTOMATIC_HEALTH_INFERENCE,NOT_SELECTED,Review causal health/registration separately; never map missing row to healthy or injured
NEW_TEAM_TARGET,2021-04-26_WAS_SAS,2021-04-26,WAS,Gary Trent Jr.,NO_SAME_DAY_ROW,,,,,2021-04-24,2021-05-06,12,,NO_AUTOMATIC_HEALTH_INFERENCE,NOT_SELECTED,Review causal health/registration separately; never map missing row to healthy or injured
NEW_TEAM_TARGET,2021-04-28_WAS_LAL,2021-04-28,WAS,Gary Trent Jr.,NO_SAME_DAY_ROW,,,,,2021-04-24,2021-05-06,12,,NO_AUTOMATIC_HEALTH_INFERENCE,NOT_SELECTED,Review causal health/registration separately; never map missing row to healthy or injured
NEW_TEAM_TARGET,2021-04-30_CLE_WAS,2021-04-30,WAS,Gary Trent Jr.,NO_SAME_DAY_ROW,,,,,2021-04-24,2021-05-06,12,,NO_AUTOMATIC_HEALTH_INFERENCE,NOT_SELECTED,Review causal health/registration separately; never map missing row to healthy or injured
NEW_TEAM_TARGET,2021-05-01_DAL_WAS,2021-05-01,WAS,Gary Trent Jr.,NO_SAME_DAY_ROW,,,,,2021-04-24,2021-05-06,12,,NO_AUTOMATIC_HEALTH_INFERENCE,NOT_SELECTED,Review causal health/registration separately; never map missing row to healthy or injured
NEW_TEAM_TARGET,2021-05-03_WAS_IND,2021-05-03,WAS,Gary Trent Jr.,NO_SAME_DAY_ROW,,,,,2021-04-24,2021-05-06,12,,NO_AUTOMATIC_HEALTH_INFERENCE,NOT_SELECTED,Review causal health/registration separately; never map missing row to healthy or injured
NEW_TEAM_TARGET,2021-05-05_MIL_WAS,2021-05-05,WAS,Gary Trent Jr.,NO_SAME_DAY_ROW,,,,,2021-04-24,2021-05-06,12,,NO_AUTOMATIC_HEALTH_INFERENCE,NOT_SELECTED,Review causal health/registration separately; never map missing row to healthy or injured
NEW_TEAM_TARGET,2021-05-06_TOR_WAS,2021-05-06,WAS,Gary Trent Jr.,SAME_DAY_PLAYED,0022000997,TOR,2166,,2021-04-24,2021-05-08,14,,NO_AUTOMATIC_HEALTH_INFERENCE,NOT_SELECTED,Review causal health/registration separately; never map missing row to healthy or injured
NEW_TEAM_TARGET,2021-05-08_IND_WAS,2021-05-08,WAS,Gary Trent Jr.,SAME_DAY_PLAYED,0022001014,TOR,2172,,2021-05-06,2021-05-11,5,,NO_AUTOMATIC_HEALTH_INFERENCE,NOT_SELECTED,Review causal health/registration separately; never map missing row to healthy or injured
NEW_TEAM_TARGET,2021-05-10_ATL_WAS,2021-05-10,WAS,Gary Trent Jr.,NO_SAME_DAY_ROW,,,,,2021-05-08,2021-05-11,3,,NO_AUTOMATIC_HEALTH_INFERENCE,NOT_SELECTED,Review causal health/registration separately; never map missing row to healthy or injured
NEW_TEAM_TARGET,2021-05-12_ATL_WAS,2021-05-12,WAS,Gary Trent Jr.,NO_SAME_DAY_ROW,,,,,2021-05-11,2021-05-13,2,,NO_AUTOMATIC_HEALTH_INFERENCE,NOT_SELECTED,Review causal health/registration separately; never map missing row to healthy or injured
NEW_TEAM_TARGET,2021-05-14_WAS_CLE,2021-05-14,WAS,Gary Trent Jr.,SAME_DAY_COACH_DNP,0022001057,TOR,0,DNP - Coach's Decision,2021-05-13,2021-05-16,3,,NO_AUTOMATIC_HEALTH_INFERENCE,NOT_SELECTED,Review causal health/registration separately; never map missing row to healthy or injured
NEW_TEAM_TARGET,2021-05-16_WAS_CHA,2021-05-16,WAS,Gary Trent Jr.,SAME_DAY_COACH_DNP,0022001079,TOR,0,DNP - Coach's Decision,2021-05-14,,,2,NO_AUTOMATIC_HEALTH_INFERENCE,NOT_SELECTED,Review causal health/registration separately; never map missing row to healthy or injured
NEW_TEAM_TARGET,2021-03-25_NYK_WAS,2021-03-25,WAS,Troy Brown Jr.,NO_SAME_DAY_ROW,,,,,2021-03-23,2021-03-27,4,,NO_AUTOMATIC_HEALTH_INFERENCE,NOT_SELECTED,Review causal health/registration separately; never map missing row to healthy or injured
NEW_TEAM_TARGET,2021-03-27_WAS_DET,2021-03-27,WAS,Troy Brown Jr.,SAME_DAY_PLAYED,0022000697,CHI,813,,2021-03-23,2021-03-29,6,,NO_AUTOMATIC_HEALTH_INFERENCE,NOT_SELECTED,Review causal health/registration separately; never map missing row to healthy or injured
NEW_TEAM_TARGET,2021-03-29_WAS_IND,2021-03-29,WAS,Troy Brown Jr.,SAME_DAY_PLAYED,0022000716,CHI,1010,,2021-03-27,2021-03-31,4,,NO_AUTOMATIC_HEALTH_INFERENCE,NOT_SELECTED,Review causal health/registration separately; never map missing row to healthy or injured
NEW_TEAM_TARGET,2021-03-30_WAS_CHA,2021-03-30,WAS,Troy Brown Jr.,NO_SAME_DAY_ROW,,,,,2021-03-29,2021-03-31,2,,NO_AUTOMATIC_HEALTH_INFERENCE,NOT_SELECTED,Review causal health/registration separately; never map missing row to healthy or injured
NEW_TEAM_TARGET,2021-04-01_DET_WAS,2021-04-01,WAS,Troy Brown Jr.,NO_SAME_DAY_ROW,,,,,2021-03-31,2021-04-02,2,,NO_AUTOMATIC_HEALTH_INFERENCE,NOT_SELECTED,Review causal health/registration separately; never map missing row to healthy or injured
NEW_TEAM_TARGET,2021-04-03_WAS_DAL,2021-04-03,WAS,Troy Brown Jr.,NO_SAME_DAY_ROW,,,,,2021-04-02,2021-04-04,2,,NO_AUTOMATIC_HEALTH_INFERENCE,NOT_SELECTED,Review causal health/registration separately; never map missing row to healthy or injured
NEW_TEAM_TARGET,2021-04-05_TOR_WAS,2021-04-05,WAS,Troy Brown Jr.,NO_SAME_DAY_ROW,,,,,2021-04-04,2021-04-06,2,,NO_AUTOMATIC_HEALTH_INFERENCE,NOT_SELECTED,Review causal health/registration separately; never map missing row to healthy or injured
NEW_TEAM_TARGET,2021-04-07_ORL_WAS,2021-04-07,WAS,Troy Brown Jr.,NO_SAME_DAY_ROW,,,,,2021-04-06,2021-04-08,2,,NO_AUTOMATIC_HEALTH_INFERENCE,NOT_SELECTED,Review causal health/registration separately; never map missing row to healthy or injured
NEW_TEAM_TARGET,2021-04-09_GSW_WAS,2021-04-09,WAS,Troy Brown Jr.,SAME_DAY_PLAYED,0022000791,CHI,904,,2021-04-08,2021-04-11,3,,NO_AUTOMATIC_HEALTH_INFERENCE,NOT_SELECTED,Review causal health/registration separately; never map missing row to healthy or injured
NEW_TEAM_TARGET,2021-04-10_PHX_WAS,2021-04-10,WAS,Troy Brown Jr.,NO_SAME_DAY_ROW,,,,,2021-04-09,2021-04-11,2,,NO_AUTOMATIC_HEALTH_INFERENCE,NOT_SELECTED,Review causal health/registration separately; never map missing row to healthy or injured
NEW_TEAM_TARGET,2021-04-12_UTA_WAS,2021-04-12,WAS,Troy Brown Jr.,SAME_DAY_PLAYED,0022000278,CHI,1535,,2021-04-11,2021-04-14,3,,NO_AUTOMATIC_HEALTH_INFERENCE,NOT_SELECTED,Review causal health/registration separately; never map missing row to healthy or injured
NEW_TEAM_TARGET,2021-04-14_SAC_WAS,2021-04-14,WAS,Troy Brown Jr.,SAME_DAY_PLAYED,0022000833,CHI,866,,2021-04-12,2021-04-16,4,,NO_AUTOMATIC_HEALTH_INFERENCE,NOT_SELECTED,Review causal health/registration separately; never map missing row to healthy or injured
NEW_TEAM_TARGET,2021-04-16_WAS_NOP,2021-04-16,WAS,Troy Brown Jr.,SAME_DAY_PLAYED,0022000850,CHI,1115,,2021-04-14,2021-04-17,3,,NO_AUTOMATIC_HEALTH_INFERENCE,NOT_SELECTED,Review causal health/registration separately; never map missing row to healthy or injured
NEW_TEAM_TARGET,2021-04-17_WAS_DET,2021-04-17,WAS,Troy Brown Jr.,SAME_DAY_PLAYED,0022000857,CHI,1070,,2021-04-16,2021-04-19,3,,NO_AUTOMATIC_HEALTH_INFERENCE,NOT_SELECTED,Review causal health/registration separately; never map missing row to healthy or injured
NEW_TEAM_TARGET,2021-04-19_WAS_OKC,2021-04-19,WAS,Troy Brown Jr.,SAME_DAY_PLAYED,0022000869,CHI,1172,,2021-04-17,,,2,NO_AUTOMATIC_HEALTH_INFERENCE,NOT_SELECTED,Review causal health/registration separately; never map missing row to healthy or injured
NEW_TEAM_TARGET,2021-04-21_WAS_GSW,2021-04-21,WAS,Troy Brown Jr.,NO_SAME_DAY_ROW,,,,,2021-04-19,,,2,NO_AUTOMATIC_HEALTH_INFERENCE,NOT_SELECTED,Review causal health/registration separately; never map missing row to healthy or injured
NEW_TEAM_TARGET,2021-04-23_OKC_WAS,2021-04-23,WAS,Troy Brown Jr.,NO_SAME_DAY_ROW,,,,,2021-04-19,,,4,NO_AUTOMATIC_HEALTH_INFERENCE,NOT_SELECTED,Review causal health/registration separately; never map missing row to healthy or injured
NEW_TEAM_TARGET,2021-04-25_WAS_CLE,2021-04-25,WAS,Troy Brown Jr.,NO_SAME_DAY_ROW,,,,,2021-04-19,,,6,NO_AUTOMATIC_HEALTH_INFERENCE,NOT_SELECTED,Review causal health/registration separately; never map missing row to healthy or injured
NEW_TEAM_TARGET,2021-04-26_WAS_SAS,2021-04-26,WAS,Troy Brown Jr.,NO_SAME_DAY_ROW,,,,,2021-04-19,,,7,NO_AUTOMATIC_HEALTH_INFERENCE,NOT_SELECTED,Review causal health/registration separately; never map missing row to healthy or injured
NEW_TEAM_TARGET,2021-04-28_WAS_LAL,2021-04-28,WAS,Troy Brown Jr.,NO_SAME_DAY_ROW,,,,,2021-04-19,,,9,NO_AUTOMATIC_HEALTH_INFERENCE,NOT_SELECTED,Review causal health/registration separately; never map missing row to healthy or injured
NEW_TEAM_TARGET,2021-04-30_CLE_WAS,2021-04-30,WAS,Troy Brown Jr.,NO_SAME_DAY_ROW,,,,,2021-04-19,,,11,NO_AUTOMATIC_HEALTH_INFERENCE,NOT_SELECTED,Review causal health/registration separately; never map missing row to healthy or injured
NEW_TEAM_TARGET,2021-05-01_DAL_WAS,2021-05-01,WAS,Troy Brown Jr.,NO_SAME_DAY_ROW,,,,,2021-04-19,,,12,NO_AUTOMATIC_HEALTH_INFERENCE,NOT_SELECTED,Review causal health/registration separately; never map missing row to healthy or injured
NEW_TEAM_TARGET,2021-05-03_WAS_IND,2021-05-03,WAS,Troy Brown Jr.,NO_SAME_DAY_ROW,,,,,2021-04-19,,,14,NO_AUTOMATIC_HEALTH_INFERENCE,NOT_SELECTED,Review causal health/registration separately; never map missing row to healthy or injured
NEW_TEAM_TARGET,2021-05-05_MIL_WAS,2021-05-05,WAS,Troy Brown Jr.,NO_SAME_DAY_ROW,,,,,2021-04-19,,,16,OPEN_ENDED_OBSERVATION_GAP_REVIEW,NOT_SELECTED,Review causal health/registration separately; never map missing row to healthy or injured
NEW_TEAM_TARGET,2021-05-06_TOR_WAS,2021-05-06,WAS,Troy Brown Jr.,NO_SAME_DAY_ROW,,,,,2021-04-19,,,17,OPEN_ENDED_OBSERVATION_GAP_REVIEW,NOT_SELECTED,Review causal health/registration separately; never map missing row to healthy or injured
NEW_TEAM_TARGET,2021-05-08_IND_WAS,2021-05-08,WAS,Troy Brown Jr.,NO_SAME_DAY_ROW,,,,,2021-04-19,,,19,OPEN_ENDED_OBSERVATION_GAP_REVIEW,NOT_SELECTED,Review causal health/registration separately; never map missing row to healthy or injured
NEW_TEAM_TARGET,2021-05-10_ATL_WAS,2021-05-10,WAS,Troy Brown Jr.,NO_SAME_DAY_ROW,,,,,2021-04-19,,,21,OPEN_ENDED_OBSERVATION_GAP_REVIEW,NOT_SELECTED,Review causal health/registration separately; never map missing row to healthy or injured
NEW_TEAM_TARGET,2021-05-12_ATL_WAS,2021-05-12,WAS,Troy Brown Jr.,NO_SAME_DAY_ROW,,,,,2021-04-19,,,23,OPEN_ENDED_OBSERVATION_GAP_REVIEW,NOT_SELECTED,Review causal health/registration separately; never map missing row to healthy or injured
NEW_TEAM_TARGET,2021-05-14_WAS_CLE,2021-05-14,WAS,Troy Brown Jr.,NO_SAME_DAY_ROW,,,,,2021-04-19,,,25,OPEN_ENDED_OBSERVATION_GAP_REVIEW,NOT_SELECTED,Review causal health/registration separately; never map missing row to healthy or injured
NEW_TEAM_TARGET,2021-05-16_WAS_CHA,2021-05-16,WAS,Troy Brown Jr.,NO_SAME_DAY_ROW,,,,,2021-04-19,,,27,OPEN_ENDED_OBSERVATION_GAP_REVIEW,NOT_SELECTED,Review causal health/registration separately; never map missing row to healthy or injured
