game_id,date,player,source_player,normal_role_minutes,evidence,source_game_id,source_team,source_seconds,source_comment,previous_played_date,next_played_date,primary_report_id,primary_report_team,primary_status,primary_reason,priority,alternate_available,alternate_minutes
0022100004,2021-10-20,LaVine,Zach LaVine,34,OBSERVED_PLAYED,0022100004,CHI,2120,,,2021-10-22,,,,,NO_AUTOMATIC_INFERENCE,HOLD,HOLD
0022100004,2021-10-20,LaMelo_pick4,LaMelo Ball,32,OBSERVED_PLAYED,0022100003,CHA,1738,,,2021-10-22,,,,,NO_AUTOMATIC_INFERENCE,HOLD,HOLD
0022100004,2021-10-20,Coby,Coby White,18,NO_SAME_DAY_ROW,,,,,,2021-11-15,,,,,REVIEW_MISSING_OBSERVATION,HOLD,HOLD
0022100004,2021-10-20,Carter,Wendell Carter Jr.,28,OBSERVED_PLAYED,0022100010,ORL,1125,,,2021-10-22,,,,,NO_AUTOMATIC_INFERENCE,HOLD,HOLD
0022100004,2021-10-20,Young,Thaddeus Young,20,OBSERVED_COACH_DNP,0022100010,SAS,0,DNP - Coach's Decision,,2021-10-22,,,,,NO_AUTOMATIC_INFERENCE,HOLD,HOLD
0022100004,2021-10-20,Satoransky,Tomas Satoransky,0,OBSERVED_PLAYED,0022100009,NOP,520,,,2021-10-22,,,,,NO_AUTOMATIC_INFERENCE,HOLD,HOLD
0022100004,2021-10-20,Markkanen,Lauri Markkanen,28,OBSERVED_PLAYED,0022100007,CLE,1888,,,2021-10-22,,,,,NO_AUTOMATIC_INFERENCE,HOLD,HOLD
0022100004,2021-10-20,Caruso,Alex Caruso,22,OBSERVED_PLAYED,0022100004,CHI,1628,,,2021-10-22,,,,,NO_AUTOMATIC_INFERENCE,HOLD,HOLD
0022100004,2021-10-20,Green,Javonte Green,0,OBSERVED_PLAYED,0022100004,CHI,889,,,2021-10-22,,,,,NO_AUTOMATIC_INFERENCE,HOLD,HOLD
0022100004,2021-10-20,Chris Duarte,Chris Duarte,14,OBSERVED_PLAYED,0022100003,IND,1963,,,2021-10-22,,,,,NO_AUTOMATIC_INFERENCE,HOLD,HOLD
0022100004,2021-10-20,Joe Wieskamp,Joe Wieskamp,0,NO_SAME_DAY_ROW,,,,,,2021-11-10,,,,,REVIEW_MISSING_OBSERVATION,HOLD,HOLD
0022100004,2021-10-20,Tony Bradley,Tony Bradley,12,OBSERVED_COACH_DNP,0022100004,CHI,0,DNP - Coach's Decision,,2021-10-22,,,,,NO_AUTOMATIC_INFERENCE,HOLD,HOLD
0022100004,2021-10-20,Stanley Johnson,Stanley Johnson,0,NO_SAME_DAY_ROW,,,,,,2021-12-25,,,,,REVIEW_MISSING_OBSERVATION,HOLD,HOLD
0022100004,2021-10-20,Denzel Valentine,Denzel Valentine,0,OBSERVED_COACH_DNP,0022100007,CLE,0,DNP - Coach's Decision,,2021-10-22,,,,,NO_AUTOMATIC_INFERENCE,HOLD,HOLD
0022100004,2021-10-20,Protagonist,,32,FICTIONAL_NO_OBSERVATION,,,,,,,,,,,NO_AUTOMATIC_INFERENCE,HOLD,HOLD
0022100022,2021-10-22,LaVine,Zach LaVine,34,OBSERVED_PLAYED,0022100022,CHI,1891,,2021-10-20,2021-10-23,,,,,NO_AUTOMATIC_INFERENCE,HOLD,HOLD
0022100022,2021-10-22,LaMelo_pick4,LaMelo Ball,32,OBSERVED_PLAYED,0022100017,CHA,1734,,2021-10-20,2021-10-24,,,,,NO_AUTOMATIC_INFERENCE,HOLD,HOLD
0022100022,2021-10-22,Coby,Coby White,18,NO_SAME_DAY_ROW,,,,,,2021-11-15,,,,,REVIEW_MISSING_OBSERVATION,HOLD,HOLD
0022100022,2021-10-22,Carter,Wendell Carter Jr.,28,OBSERVED_PLAYED,0022100018,ORL,1808,,2021-10-20,2021-10-24,,,,,NO_AUTOMATIC_INFERENCE,HOLD,HOLD
0022100022,2021-10-22,Young,Thaddeus Young,20,OBSERVED_PLAYED,0022100024,SAS,548,,,2021-10-26,,,,,NO_AUTOMATIC_INFERENCE,HOLD,HOLD
0022100022,2021-10-22,Satoransky,Tomas Satoransky,0,OBSERVED_PLAYED,0022100022,NOP,433,,2021-10-20,2021-10-30,,,,,NO_AUTOMATIC_INFERENCE,HOLD,HOLD
0022100022,2021-10-22,Markkanen,Lauri Markkanen,28,OBSERVED_PLAYED,0022100017,CLE,2064,,2021-10-20,2021-10-23,,,,,NO_AUTOMATIC_INFERENCE,HOLD,HOLD
0022100022,2021-10-22,Caruso,Alex Caruso,22,OBSERVED_PLAYED,0022100022,CHI,1729,,2021-10-20,2021-10-23,,,,,NO_AUTOMATIC_INFERENCE,HOLD,HOLD
0022100022,2021-10-22,Green,Javonte Green,0,OBSERVED_PLAYED,0022100022,CHI,1032,,2021-10-20,2021-10-23,,,,,NO_AUTOMATIC_INFERENCE,HOLD,HOLD
0022100022,2021-10-22,Chris Duarte,Chris Duarte,14,OBSERVED_PLAYED,0022100019,IND,2718,,2021-10-20,2021-10-23,,,,,NO_AUTOMATIC_INFERENCE,HOLD,HOLD
0022100022,2021-10-22,Joe Wieskamp,Joe Wieskamp,0,NO_SAME_DAY_ROW,,,,,,2021-11-10,,,,,REVIEW_MISSING_OBSERVATION,HOLD,HOLD
0022100022,2021-10-22,Tony Bradley,Tony Bradley,12,OBSERVED_PLAYED,0022100022,CHI,146,,,2021-10-28,,,,,NO_AUTOMATIC_INFERENCE,HOLD,HOLD
0022100022,2021-10-22,Stanley Johnson,Stanley Johnson,0,NO_SAME_DAY_ROW,,,,,,2021-12-25,,,,,REVIEW_MISSING_OBSERVATION,HOLD,HOLD
0022100022,2021-10-22,Denzel Valentine,Denzel Valentine,0,OBSERVED_PLAYED,0022100017,CLE,112,,,2021-10-25,,,,,NO_AUTOMATIC_INFERENCE,HOLD,HOLD
0022100022,2021-10-22,Protagonist,,32,FICTIONAL_NO_OBSERVATION,,,,,,,,,,,NO_AUTOMATIC_INFERENCE,HOLD,HOLD
0022100030,2021-10-23,LaVine,Zach LaVine,34,OBSERVED_PLAYED,0022100030,CHI,1986,,2021-10-22,2021-10-25,,,,,NO_AUTOMATIC_INFERENCE,HOLD,HOLD
0022100030,2021-10-23,LaMelo_pick4,LaMelo Ball,32,NO_SAME_DAY_ROW,,,,,2021-10-22,2021-10-24,,,,,REVIEW_MISSING_OBSERVATION,HOLD,HOLD
0022100030,2021-10-23,Coby,Coby White,18,NO_SAME_DAY_ROW,,,,,,2021-11-15,,,,,REVIEW_MISSING_OBSERVATION,HOLD,HOLD
0022100030,2021-10-23,Carter,Wendell Carter Jr.,28,NO_SAME_DAY_ROW,,,,,2021-10-22,2021-10-24,,,,,REVIEW_MISSING_OBSERVATION,HOLD,HOLD
0022100030,2021-10-23,Young,Thaddeus Young,20,OBSERVED_COACH_DNP,0022100032,SAS,0,DNP - Coach's Decision,2021-10-22,2021-10-26,,,,,NO_AUTOMATIC_INFERENCE,HOLD,HOLD
0022100030,2021-10-23,Satoransky,Tomas Satoransky,0,OBSERVED_COACH_DNP,0022100031,NOP,0,DNP - Coach's Decision,2021-10-22,2021-10-30,,,,,NO_AUTOMATIC_INFERENCE,HOLD,HOLD
0022100030,2021-10-23,Markkanen,Lauri Markkanen,28,OBSERVED_PLAYED,0022100027,CLE,1902,,2021-10-22,2021-10-25,,,,,NO_AUTOMATIC_INFERENCE,HOLD,HOLD
0022100030,2021-10-23,Caruso,Alex Caruso,22,OBSERVED_PLAYED,0022100030,CHI,1591,,2021-10-22,2021-10-25,,,,,NO_AUTOMATIC_INFERENCE,HOLD,HOLD
0022100030,2021-10-23,Green,Javonte Green,0,OBSERVED_PLAYED,0022100030,CHI,1095,,2021-10-22,2021-10-25,,,,,NO_AUTOMATIC_INFERENCE,HOLD,HOLD
0022100030,2021-10-23,Chris Duarte,Chris Duarte,14,OBSERVED_PLAYED,0022100028,IND,2488,,2021-10-22,2021-10-25,,,,,NO_AUTOMATIC_INFERENCE,HOLD,HOLD
0022100030,2021-10-23,Joe Wieskamp,Joe Wieskamp,0,OBSERVED_COACH_DNP,0022100032,SAS,0,DNP - Coach's Decision,,2021-11-10,,,,,NO_AUTOMATIC_INFERENCE,HOLD,HOLD
0022100030,2021-10-23,Tony Bradley,Tony Bradley,12,OBSERVED_COACH_DNP,0022100030,CHI,0,DNP - Coach's Decision,2021-10-22,2021-10-28,,,,,NO_AUTOMATIC_INFERENCE,HOLD,HOLD
0022100030,2021-10-23,Stanley Johnson,Stanley Johnson,0,NO_SAME_DAY_ROW,,,,,,2021-12-25,,,,,REVIEW_MISSING_OBSERVATION,HOLD,HOLD
0022100030,2021-10-23,Denzel Valentine,Denzel Valentine,0,OBSERVED_COACH_DNP,0022100027,CLE,0,DNP - Coach's Decision,2021-10-22,2021-10-25,,,,,NO_AUTOMATIC_INFERENCE,HOLD,HOLD
0022100030,2021-10-23,Protagonist,,32,FICTIONAL_NO_OBSERVATION,,,,,,,,,,,NO_AUTOMATIC_INFERENCE,HOLD,HOLD
0022100046,2021-10-25,LaVine,Zach LaVine,34,OBSERVED_PLAYED,0022100046,CHI,2121,,2021-10-23,2021-10-28,,,,,NO_AUTOMATIC_INFERENCE,HOLD,HOLD
0022100046,2021-10-25,LaMelo_pick4,LaMelo Ball,32,OBSERVED_PLAYED,0022100041,CHA,1978,,2021-10-24,2021-10-27,,,,,NO_AUTOMATIC_INFERENCE,HOLD,HOLD
0022100046,2021-10-25,Coby,Coby White,18,NO_SAME_DAY_ROW,,,,,,2021-11-15,,,,,REVIEW_MISSING_OBSERVATION,HOLD,HOLD
0022100046,2021-10-25,Carter,Wendell Carter Jr.,28,OBSERVED_PLAYED,0022100045,ORL,1666,,2021-10-24,2021-10-27,,,,,NO_AUTOMATIC_INFERENCE,HOLD,HOLD
0022100046,2021-10-25,Young,Thaddeus Young,20,NO_SAME_DAY_ROW,,,,,2021-10-22,2021-10-26,,,,,REVIEW_MISSING_OBSERVATION,HOLD,HOLD
0022100046,2021-10-25,Satoransky,Tomas Satoransky,0,OBSERVED_COACH_DNP,0022100047,NOP,0,DNP - Coach's Decision,2021-10-22,2021-10-30,,,,,NO_AUTOMATIC_INFERENCE,HOLD,HOLD
0022100046,2021-10-25,Markkanen,Lauri Markkanen,28,OBSERVED_PLAYED,0022100048,CLE,1649,,2021-10-23,2021-10-27,,,,,NO_AUTOMATIC_INFERENCE,HOLD,HOLD
0022100046,2021-10-25,Caruso,Alex Caruso,22,OBSERVED_PLAYED,0022100046,CHI,1663,,2021-10-23,2021-10-28,,,,,NO_AUTOMATIC_INFERENCE,HOLD,HOLD
0022100046,2021-10-25,Green,Javonte Green,0,OBSERVED_PLAYED,0022100046,CHI,776,,2021-10-23,2021-10-28,,,,,NO_AUTOMATIC_INFERENCE,HOLD,HOLD
0022100046,2021-10-25,Chris Duarte,Chris Duarte,14,OBSERVED_PLAYED,0022100042,IND,2007,,2021-10-23,2021-10-27,,,,,NO_AUTOMATIC_INFERENCE,HOLD,HOLD
0022100046,2021-10-25,Joe Wieskamp,Joe Wieskamp,0,NO_SAME_DAY_ROW,,,,,,2021-11-10,,,,,REVIEW_MISSING_OBSERVATION,HOLD,HOLD
0022100046,2021-10-25,Tony Bradley,Tony Bradley,12,OBSERVED_COACH_DNP,0022100046,CHI,0,DNP - Coach's Decision,2021-10-22,2021-10-28,,,,,NO_AUTOMATIC_INFERENCE,HOLD,HOLD
0022100046,2021-10-25,Stanley Johnson,Stanley Johnson,0,NO_SAME_DAY_ROW,,,,,,2021-12-25,,,,,REVIEW_MISSING_OBSERVATION,HOLD,HOLD
0022100046,2021-10-25,Denzel Valentine,Denzel Valentine,0,OBSERVED_PLAYED,0022100048,CLE,98,,2021-10-22,2021-10-27,,,,,NO_AUTOMATIC_INFERENCE,HOLD,HOLD
0022100046,2021-10-25,Protagonist,,32,FICTIONAL_NO_OBSERVATION,,,,,,,,,,,NO_AUTOMATIC_INFERENCE,HOLD,HOLD
0022100067,2021-10-28,LaVine,Zach LaVine,34,OBSERVED_PLAYED,0022100067,CHI,2095,,2021-10-25,2021-10-30,,,,,NO_AUTOMATIC_INFERENCE,HOLD,HOLD
0022100067,2021-10-28,LaMelo_pick4,LaMelo Ball,32,NO_SAME_DAY_ROW,,,,,2021-10-27,2021-10-29,,,,,REVIEW_MISSING_OBSERVATION,HOLD,HOLD
0022100067,2021-10-28,Coby,Coby White,18,NO_SAME_DAY_ROW,,,,,,2021-11-15,,,,,REVIEW_MISSING_OBSERVATION,HOLD,HOLD
0022100067,2021-10-28,Carter,Wendell Carter Jr.,28,NO_SAME_DAY_ROW,,,,,2021-10-27,2021-10-29,,,,,REVIEW_MISSING_OBSERVATION,HOLD,HOLD
0022100067,2021-10-28,Young,Thaddeus Young,20,OBSERVED_COACH_DNP,0022100069,SAS,0,DNP - Coach's Decision,2021-10-26,2021-10-30,,,,,NO_AUTOMATIC_INFERENCE,HOLD,HOLD
0022100067,2021-10-28,Satoransky,Tomas Satoransky,0,NO_SAME_DAY_ROW,,,,,2021-10-22,2021-10-30,,,,,REVIEW_MISSING_OBSERVATION,HOLD,HOLD
0022100067,2021-10-28,Markkanen,Lauri Markkanen,28,NO_SAME_DAY_ROW,,,,,2021-10-27,2021-10-29,,,,,REVIEW_MISSING_OBSERVATION,HOLD,HOLD
0022100067,2021-10-28,Caruso,Alex Caruso,22,OBSERVED_PLAYED,0022100067,CHI,1974,,2021-10-25,2021-10-30,,,,,NO_AUTOMATIC_INFERENCE,HOLD,HOLD
0022100067,2021-10-28,Green,Javonte Green,0,OBSERVED_PLAYED,0022100067,CHI,962,,2021-10-25,2021-10-30,,,,,NO_AUTOMATIC_INFERENCE,HOLD,HOLD
0022100067,2021-10-28,Chris Duarte,Chris Duarte,14,NO_SAME_DAY_ROW,,,,,2021-10-27,2021-10-29,,,,,REVIEW_MISSING_OBSERVATION,HOLD,HOLD
0022100067,2021-10-28,Joe Wieskamp,Joe Wieskamp,0,NO_SAME_DAY_ROW,,,,,,2021-11-10,,,,,REVIEW_MISSING_OBSERVATION,HOLD,HOLD
0022100067,2021-10-28,Tony Bradley,Tony Bradley,12,OBSERVED_PLAYED,0022100067,CHI,356,,2021-10-22,2021-10-30,,,,,NO_AUTOMATIC_INFERENCE,HOLD,HOLD
0022100067,2021-10-28,Stanley Johnson,Stanley Johnson,0,NO_SAME_DAY_ROW,,,,,,2021-12-25,,,,,REVIEW_MISSING_OBSERVATION,HOLD,HOLD
0022100067,2021-10-28,Denzel Valentine,Denzel Valentine,0,NO_SAME_DAY_ROW,,,,,2021-10-27,2021-10-29,,,,,REVIEW_MISSING_OBSERVATION,HOLD,HOLD
0022100067,2021-10-28,Protagonist,,32,FICTIONAL_NO_OBSERVATION,,,,,,,,,,,NO_AUTOMATIC_INFERENCE,HOLD,HOLD
0022100083,2021-10-30,LaVine,Zach LaVine,34,OBSERVED_PLAYED,0022100083,CHI,2067,,2021-10-28,2021-11-01,,,,,NO_AUTOMATIC_INFERENCE,HOLD,HOLD
0022100083,2021-10-30,LaMelo_pick4,LaMelo Ball,32,NO_SAME_DAY_ROW,,,,,2021-10-29,2021-10-31,,,,,REVIEW_MISSING_OBSERVATION,HOLD,HOLD
0022100083,2021-10-30,Coby,Coby White,18,NO_SAME_DAY_ROW,,,,,,2021-11-15,,,,,REVIEW_MISSING_OBSERVATION,HOLD,HOLD
0022100083,2021-10-30,Carter,Wendell Carter Jr.,28,OBSERVED_PLAYED,0022100079,ORL,1007,,2021-10-29,2021-11-01,,,,,NO_AUTOMATIC_INFERENCE,HOLD,HOLD
0022100083,2021-10-30,Young,Thaddeus Young,20,OBSERVED_PLAYED,0022100085,SAS,914,,2021-10-26,2021-11-01,,,,,NO_AUTOMATIC_INFERENCE,HOLD,HOLD
0022100083,2021-10-30,Satoransky,Tomas Satoransky,0,OBSERVED_PLAYED,0022100080,NOP,965,,2021-10-22,2021-11-03,,,,,NO_AUTOMATIC_INFERENCE,HOLD,HOLD
0022100083,2021-10-30,Markkanen,Lauri Markkanen,28,OBSERVED_PLAYED,0022100088,CLE,1509,,2021-10-29,2021-11-01,,,,,NO_AUTOMATIC_INFERENCE,HOLD,HOLD
0022100083,2021-10-30,Caruso,Alex Caruso,22,OBSERVED_PLAYED,0022100083,CHI,1499,,2021-10-28,2021-11-01,,,,,NO_AUTOMATIC_INFERENCE,HOLD,HOLD
0022100083,2021-10-30,Green,Javonte Green,0,OBSERVED_PLAYED,0022100083,CHI,1323,,2021-10-28,2021-11-01,,,,,NO_AUTOMATIC_INFERENCE,HOLD,HOLD
0022100083,2021-10-30,Chris Duarte,Chris Duarte,14,OBSERVED_PLAYED,0022100081,IND,1946,,2021-10-29,2021-11-01,,,,,NO_AUTOMATIC_INFERENCE,HOLD,HOLD
0022100083,2021-10-30,Joe Wieskamp,Joe Wieskamp,0,NO_SAME_DAY_ROW,,,,,,2021-11-10,,,,,REVIEW_MISSING_OBSERVATION,HOLD,HOLD
0022100083,2021-10-30,Tony Bradley,Tony Bradley,12,OBSERVED_PLAYED,0022100083,CHI,816,,2021-10-28,2021-11-01,,,,,NO_AUTOMATIC_INFERENCE,HOLD,HOLD
0022100083,2021-10-30,Stanley Johnson,Stanley Johnson,0,NO_SAME_DAY_ROW,,,,,,2021-12-25,,,,,REVIEW_MISSING_OBSERVATION,HOLD,HOLD
0022100083,2021-10-30,Denzel Valentine,Denzel Valentine,0,OBSERVED_PLAYED,0022100088,CLE,322,,2021-10-29,2021-11-07,,,,,NO_AUTOMATIC_INFERENCE,HOLD,HOLD
0022100083,2021-10-30,Protagonist,,32,FICTIONAL_NO_OBSERVATION,,,,,,,,,,,NO_AUTOMATIC_INFERENCE,HOLD,HOLD
0022100098,2021-11-01,LaVine,Zach LaVine,34,OBSERVED_PLAYED,0022100098,CHI,2304,,2021-10-30,2021-11-03,,,,,NO_AUTOMATIC_INFERENCE,HOLD,HOLD
0022100098,2021-11-01,LaMelo_pick4,LaMelo Ball,32,OBSERVED_PLAYED,0022100094,CHA,2050,,2021-10-31,2021-11-03,,,,,NO_AUTOMATIC_INFERENCE,HOLD,HOLD
0022100098,2021-11-01,Coby,Coby White,18,NO_SAME_DAY_ROW,,,,,,2021-11-15,,,,,REVIEW_MISSING_OBSERVATION,HOLD,HOLD
0022100098,2021-11-01,Carter,Wendell Carter Jr.,28,OBSERVED_PLAYED,0022100101,ORL,2136,,2021-10-30,2021-11-03,,,,,NO_AUTOMATIC_INFERENCE,HOLD,HOLD
0022100098,2021-11-01,Young,Thaddeus Young,20,OBSERVED_PLAYED,0022100095,SAS,918,,2021-10-30,2021-11-03,,,,,NO_AUTOMATIC_INFERENCE,HOLD,HOLD
0022100098,2021-11-01,Satoransky,Tomas Satoransky,0,NO_SAME_DAY_ROW,,,,,2021-10-30,2021-11-03,,,,,REVIEW_MISSING_OBSERVATION,HOLD,HOLD
0022100098,2021-11-01,Markkanen,Lauri Markkanen,28,OBSERVED_PLAYED,0022100094,CLE,2103,,2021-10-30,2021-11-22,,,,,NO_AUTOMATIC_INFERENCE,HOLD,HOLD
0022100098,2021-11-01,Caruso,Alex Caruso,22,OBSERVED_PLAYED,0022100098,CHI,1397,,2021-10-30,2021-11-03,,,,,NO_AUTOMATIC_INFERENCE,HOLD,HOLD
0022100098,2021-11-01,Green,Javonte Green,0,OBSERVED_PLAYED,0022100098,CHI,1306,,2021-10-30,2021-11-03,,,,,NO_AUTOMATIC_INFERENCE,HOLD,HOLD
0022100098,2021-11-01,Chris Duarte,Chris Duarte,14,OBSERVED_PLAYED,0022100095,IND,1694,,2021-10-30,2021-11-03,,,,,NO_AUTOMATIC_INFERENCE,HOLD,HOLD
0022100098,2021-11-01,Joe Wieskamp,Joe Wieskamp,0,NO_SAME_DAY_ROW,,,,,,2021-11-10,,,,,REVIEW_MISSING_OBSERVATION,HOLD,HOLD
0022100098,2021-11-01,Tony Bradley,Tony Bradley,12,OBSERVED_PLAYED,0022100098,CHI,776,,2021-10-30,2021-11-03,,,,,NO_AUTOMATIC_INFERENCE,HOLD,HOLD
0022100098,2021-11-01,Stanley Johnson,Stanley Johnson,0,NO_SAME_DAY_ROW,,,,,,2021-12-25,,,,,REVIEW_MISSING_OBSERVATION,HOLD,HOLD
0022100098,2021-11-01,Denzel Valentine,Denzel Valentine,0,OBSERVED_COACH_DNP,0022100094,CLE,0,DNP - Coach's Decision,2021-10-30,2021-11-07,,,,,NO_AUTOMATIC_INFERENCE,HOLD,HOLD
0022100098,2021-11-01,Protagonist,,32,FICTIONAL_NO_OBSERVATION,,,,,,,,,,,NO_AUTOMATIC_INFERENCE,HOLD,HOLD
0022100111,2021-11-03,LaVine,Zach LaVine,34,OBSERVED_PLAYED,0022100111,CHI,2279,,2021-11-01,2021-11-06,,,,,NO_AUTOMATIC_INFERENCE,HOLD,HOLD
0022100111,2021-11-03,LaMelo_pick4,LaMelo Ball,32,OBSERVED_PLAYED,0022100117,CHA,2013,,2021-11-01,2021-11-05,,,,,NO_AUTOMATIC_INFERENCE,HOLD,HOLD
0022100111,2021-11-03,Coby,Coby White,18,NO_SAME_DAY_ROW,,,,,,2021-11-15,,,,,REVIEW_MISSING_OBSERVATION,HOLD,HOLD
0022100111,2021-11-03,Carter,Wendell Carter Jr.,28,OBSERVED_PLAYED,0022100110,ORL,2103,,2021-11-01,2021-11-05,,,,,NO_AUTOMATIC_INFERENCE,HOLD,HOLD
0022100111,2021-11-03,Young,Thaddeus Young,20,OBSERVED_PLAYED,0022100116,SAS,1335,,2021-11-01,2021-11-05,,,,,NO_AUTOMATIC_INFERENCE,HOLD,HOLD
0022100111,2021-11-03,Satoransky,Tomas Satoransky,0,OBSERVED_PLAYED,0022100118,NOP,776,,2021-10-30,2021-11-05,,,,,NO_AUTOMATIC_INFERENCE,HOLD,HOLD
0022100111,2021-11-03,Markkanen,Lauri Markkanen,28,NO_SAME_DAY_ROW,,,,,2021-11-01,2021-11-22,,,,,REVIEW_MISSING_OBSERVATION,HOLD,HOLD
0022100111,2021-11-03,Caruso,Alex Caruso,22,OBSERVED_PLAYED,0022100111,CHI,1915,,2021-11-01,2021-11-06,,,,,NO_AUTOMATIC_INFERENCE,HOLD,HOLD
0022100111,2021-11-03,Green,Javonte Green,0,OBSERVED_PLAYED,0022100111,CHI,1400,,2021-11-01,2021-11-06,,,,,NO_AUTOMATIC_INFERENCE,HOLD,HOLD
0022100111,2021-11-03,Chris Duarte,Chris Duarte,14,OBSERVED_PLAYED,0022100109,IND,2033,,2021-11-01,2021-11-05,,,,,NO_AUTOMATIC_INFERENCE,HOLD,HOLD
0022100111,2021-11-03,Joe Wieskamp,Joe Wieskamp,0,OBSERVED_COACH_DNP,0022100116,SAS,0,DNP - Coach's Decision,,2021-11-10,,,,,NO_AUTOMATIC_INFERENCE,HOLD,HOLD
0022100111,2021-11-03,Tony Bradley,Tony Bradley,12,OBSERVED_PLAYED,0022100111,CHI,719,,2021-11-01,2021-11-06,,,,,NO_AUTOMATIC_INFERENCE,HOLD,HOLD
0022100111,2021-11-03,Stanley Johnson,Stanley Johnson,0,NO_SAME_DAY_ROW,,,,,,2021-12-25,,,,,REVIEW_MISSING_OBSERVATION,HOLD,HOLD
0022100111,2021-11-03,Denzel Valentine,Denzel Valentine,0,OBSERVED_COACH_DNP,0022100108,CLE,0,DNP - Coach's Decision,2021-10-30,2021-11-07,,,,,NO_AUTOMATIC_INFERENCE,HOLD,HOLD
0022100111,2021-11-03,Protagonist,,32,FICTIONAL_NO_OBSERVATION,,,,,,,,,,,NO_AUTOMATIC_INFERENCE,HOLD,HOLD
0022100135,2021-11-06,LaVine,Zach LaVine,34,OBSERVED_PLAYED,0022100135,CHI,2283,,2021-11-03,2021-11-08,,,,,NO_AUTOMATIC_INFERENCE,HOLD,HOLD
0022100135,2021-11-06,LaMelo_pick4,LaMelo Ball,32,NO_SAME_DAY_ROW,,,,,2021-11-05,2021-11-07,,,,,REVIEW_MISSING_OBSERVATION,HOLD,HOLD
0022100135,2021-11-06,Coby,Coby White,18,NO_SAME_DAY_ROW,,,,,,2021-11-15,,,,,REVIEW_MISSING_OBSERVATION,HOLD,HOLD
0022100135,2021-11-06,Carter,Wendell Carter Jr.,28,NO_SAME_DAY_ROW,,,,,2021-11-05,2021-11-07,,,,,REVIEW_MISSING_OBSERVATION,HOLD,HOLD
0022100135,2021-11-06,Young,Thaddeus Young,20,NO_SAME_DAY_ROW,,,,,2021-11-05,2021-11-07,,,,,REVIEW_MISSING_OBSERVATION,HOLD,HOLD
0022100135,2021-11-06,Satoransky,Tomas Satoransky,0,NO_SAME_DAY_ROW,,,,,2021-11-05,2021-11-08,,,,,REVIEW_MISSING_OBSERVATION,HOLD,HOLD
0022100135,2021-11-06,Markkanen,Lauri Markkanen,28,NO_SAME_DAY_ROW,,,,,2021-11-01,2021-11-22,,,,,REVIEW_MISSING_OBSERVATION,HOLD,HOLD
0022100135,2021-11-06,Caruso,Alex Caruso,22,OBSERVED_PLAYED,0022100135,CHI,1933,,2021-11-03,2021-11-08,,,,,NO_AUTOMATIC_INFERENCE,HOLD,HOLD
0022100135,2021-11-06,Green,Javonte Green,0,OBSERVED_PLAYED,0022100135,CHI,1093,,2021-11-03,2021-11-08,,,,,NO_AUTOMATIC_INFERENCE,HOLD,HOLD
0022100135,2021-11-06,Chris Duarte,Chris Duarte,14,NO_SAME_DAY_ROW,,,,,2021-11-05,2021-11-07,,,,,REVIEW_MISSING_OBSERVATION,HOLD,HOLD
0022100135,2021-11-06,Joe Wieskamp,Joe Wieskamp,0,NO_SAME_DAY_ROW,,,,,,2021-11-10,,,,,REVIEW_MISSING_OBSERVATION,HOLD,HOLD
0022100135,2021-11-06,Tony Bradley,Tony Bradley,12,OBSERVED_PLAYED,0022100135,CHI,740,,2021-11-03,2021-11-08,,,,,NO_AUTOMATIC_INFERENCE,HOLD,HOLD
0022100135,2021-11-06,Stanley Johnson,Stanley Johnson,0,NO_SAME_DAY_ROW,,,,,,2021-12-25,,,,,REVIEW_MISSING_OBSERVATION,HOLD,HOLD
0022100135,2021-11-06,Denzel Valentine,Denzel Valentine,0,NO_SAME_DAY_ROW,,,,,2021-10-30,2021-11-07,,,,,REVIEW_MISSING_OBSERVATION,HOLD,HOLD
0022100135,2021-11-06,Protagonist,,32,FICTIONAL_NO_OBSERVATION,,,,,,,,,,,NO_AUTOMATIC_INFERENCE,HOLD,HOLD
0022100148,2021-11-08,LaVine,Zach LaVine,34,OBSERVED_PLAYED,0022100148,CHI,2003,,2021-11-06,2021-11-10,,,,,NO_AUTOMATIC_INFERENCE,HOLD,HOLD
0022100148,2021-11-08,LaMelo_pick4,LaMelo Ball,32,OBSERVED_PLAYED,0022100154,CHA,2503,,2021-11-07,2021-11-10,,,,,NO_AUTOMATIC_INFERENCE,HOLD,HOLD
0022100148,2021-11-08,Coby,Coby White,18,NO_SAME_DAY_ROW,,,,,,2021-11-15,,,,,REVIEW_MISSING_OBSERVATION,HOLD,HOLD
0022100148,2021-11-08,Carter,Wendell Carter Jr.,28,NO_SAME_DAY_ROW,,,,,2021-11-07,2021-11-10,,,,,REVIEW_MISSING_OBSERVATION,HOLD,HOLD
0022100148,2021-11-08,Young,Thaddeus Young,20,NO_SAME_DAY_ROW,,,,,2021-11-07,2021-11-10,,,,,REVIEW_MISSING_OBSERVATION,HOLD,HOLD
0022100148,2021-11-08,Satoransky,Tomas Satoransky,0,OBSERVED_PLAYED,0022100150,NOP,1097,,2021-11-05,2021-11-10,,,,,NO_AUTOMATIC_INFERENCE,HOLD,HOLD
0022100148,2021-11-08,Markkanen,Lauri Markkanen,28,NO_SAME_DAY_ROW,,,,,2021-11-01,2021-11-22,,,,,REVIEW_MISSING_OBSERVATION,HOLD,HOLD
0022100148,2021-11-08,Caruso,Alex Caruso,22,OBSERVED_PLAYED,0022100148,CHI,1438,,2021-11-06,2021-11-10,,,,,NO_AUTOMATIC_INFERENCE,HOLD,HOLD
0022100148,2021-11-08,Green,Javonte Green,0,OBSERVED_PLAYED,0022100148,CHI,1734,,2021-11-06,2021-11-10,,,,,NO_AUTOMATIC_INFERENCE,HOLD,HOLD
0022100148,2021-11-08,Chris Duarte,Chris Duarte,14,NO_SAME_DAY_ROW,,,,,2021-11-07,2021-11-10,,,,,REVIEW_MISSING_OBSERVATION,HOLD,HOLD
0022100148,2021-11-08,Joe Wieskamp,Joe Wieskamp,0,NO_SAME_DAY_ROW,,,,,,2021-11-10,,,,,REVIEW_MISSING_OBSERVATION,HOLD,HOLD
0022100148,2021-11-08,Tony Bradley,Tony Bradley,12,OBSERVED_PLAYED,0022100148,CHI,879,,2021-11-06,2021-11-10,,,,,NO_AUTOMATIC_INFERENCE,HOLD,HOLD
0022100148,2021-11-08,Stanley Johnson,Stanley Johnson,0,NO_SAME_DAY_ROW,,,,,,2021-12-25,,,,,REVIEW_MISSING_OBSERVATION,HOLD,HOLD
0022100148,2021-11-08,Denzel Valentine,Denzel Valentine,0,NO_SAME_DAY_ROW,,,,,2021-11-07,2021-11-12,,,,,REVIEW_MISSING_OBSERVATION,HOLD,HOLD
0022100148,2021-11-08,Protagonist,,32,FICTIONAL_NO_OBSERVATION,,,,,,,,,,,NO_AUTOMATIC_INFERENCE,HOLD,HOLD
0022100163,2021-11-10,LaVine,Zach LaVine,34,OBSERVED_PLAYED,0022100163,CHI,1906,,2021-11-08,2021-11-12,,,,,NO_AUTOMATIC_INFERENCE,HOLD,HOLD
0022100163,2021-11-10,LaMelo_pick4,LaMelo Ball,32,OBSERVED_PLAYED,0022100164,CHA,1948,,2021-11-08,2021-11-12,,,,,NO_AUTOMATIC_INFERENCE,HOLD,HOLD
0022100163,2021-11-10,Coby,Coby White,18,NO_SAME_DAY_ROW,,,,,,2021-11-15,,,,,REVIEW_MISSING_OBSERVATION,HOLD,HOLD
0022100163,2021-11-10,Carter,Wendell Carter Jr.,28,OBSERVED_PLAYED,0022100159,ORL,1088,,2021-11-07,2021-11-13,,,,,NO_AUTOMATIC_INFERENCE,HOLD,HOLD
0022100163,2021-11-10,Young,Thaddeus Young,20,OBSERVED_PLAYED,0022100166,SAS,1414,,2021-11-07,2021-11-12,,,,,NO_AUTOMATIC_INFERENCE,HOLD,HOLD
0022100163,2021-11-10,Satoransky,Tomas Satoransky,0,OBSERVED_PLAYED,0022100165,NOP,1138,,2021-11-08,2021-11-12,,,,,NO_AUTOMATIC_INFERENCE,HOLD,HOLD
0022100163,2021-11-10,Markkanen,Lauri Markkanen,28,NO_SAME_DAY_ROW,,,,,2021-11-01,2021-11-22,,,,,REVIEW_MISSING_OBSERVATION,HOLD,HOLD
0022100163,2021-11-10,Caruso,Alex Caruso,22,OBSERVED_PLAYED,0022100163,CHI,1363,,2021-11-08,2021-11-12,,,,,NO_AUTOMATIC_INFERENCE,HOLD,HOLD
0022100163,2021-11-10,Green,Javonte Green,0,OBSERVED_PLAYED,0022100163,CHI,1271,,2021-11-08,2021-11-12,,,,,NO_AUTOMATIC_INFERENCE,HOLD,HOLD
0022100163,2021-11-10,Chris Duarte,Chris Duarte,14,OBSERVED_PLAYED,0022100167,IND,1270,,2021-11-07,2021-11-11,,,,,NO_AUTOMATIC_INFERENCE,HOLD,HOLD
0022100163,2021-11-10,Joe Wieskamp,Joe Wieskamp,0,OBSERVED_PLAYED,0022100166,SAS,194,,,2021-11-29,,,,,NO_AUTOMATIC_INFERENCE,HOLD,HOLD
0022100163,2021-11-10,Tony Bradley,Tony Bradley,12,OBSERVED_PLAYED,0022100163,CHI,372,,2021-11-08,2021-11-12,,,,,NO_AUTOMATIC_INFERENCE,HOLD,HOLD
0022100163,2021-11-10,Stanley Johnson,Stanley Johnson,0,NO_SAME_DAY_ROW,,,,,,2021-12-25,,,,,REVIEW_MISSING_OBSERVATION,HOLD,HOLD
0022100163,2021-11-10,Denzel Valentine,Denzel Valentine,0,OBSERVED_COACH_DNP,0022100158,CLE,0,DNP - Coach's Decision,2021-11-07,2021-11-12,,,,,NO_AUTOMATIC_INFERENCE,HOLD,HOLD
0022100163,2021-11-10,Protagonist,,32,FICTIONAL_NO_OBSERVATION,,,,,,,,,,,NO_AUTOMATIC_INFERENCE,HOLD,HOLD
0022100183,2021-11-12,LaVine,Zach LaVine,34,OBSERVED_PLAYED,0022100183,CHI,2067,,2021-11-10,2021-11-14,,,,,NO_AUTOMATIC_INFERENCE,HOLD,HOLD
0022100183,2021-11-12,LaMelo_pick4,LaMelo Ball,32,OBSERVED_PLAYED,0022100174,CHA,2243,,2021-11-10,2021-11-14,,,,,NO_AUTOMATIC_INFERENCE,HOLD,HOLD
0022100183,2021-11-12,Coby,Coby White,18,NO_SAME_DAY_ROW,,,,,,2021-11-15,,,,,REVIEW_MISSING_OBSERVATION,HOLD,HOLD
0022100183,2021-11-12,Carter,Wendell Carter Jr.,28,NO_SAME_DAY_ROW,,,,,2021-11-10,2021-11-13,,,,,REVIEW_MISSING_OBSERVATION,HOLD,HOLD
0022100183,2021-11-12,Young,Thaddeus Young,20,OBSERVED_PLAYED,0022100181,SAS,1445,,2021-11-10,2021-11-14,,,,,NO_AUTOMATIC_INFERENCE,HOLD,HOLD
0022100183,2021-11-12,Satoransky,Tomas Satoransky,0,OBSERVED_PLAYED,0022100179,NOP,938,,2021-11-10,2021-11-13,,,,,NO_AUTOMATIC_INFERENCE,HOLD,HOLD
0022100183,2021-11-12,Markkanen,Lauri Markkanen,28,NO_SAME_DAY_ROW,,,,,2021-11-01,2021-11-22,,,,,REVIEW_MISSING_OBSERVATION,HOLD,HOLD
0022100183,2021-11-12,Caruso,Alex Caruso,22,OBSERVED_PLAYED,0022100183,CHI,1485,,2021-11-10,2021-11-14,,,,,NO_AUTOMATIC_INFERENCE,HOLD,HOLD
0022100183,2021-11-12,Green,Javonte Green,0,OBSERVED_PLAYED,0022100183,CHI,971,,2021-11-10,2021-11-14,,,,,NO_AUTOMATIC_INFERENCE,HOLD,HOLD
0022100183,2021-11-12,Chris Duarte,Chris Duarte,14,NO_SAME_DAY_ROW,,,,,2021-11-11,2021-11-13,,,,,REVIEW_MISSING_OBSERVATION,HOLD,HOLD
0022100183,2021-11-12,Joe Wieskamp,Joe Wieskamp,0,NO_SAME_DAY_ROW,,,,,2021-11-10,2021-11-29,,,,,REVIEW_MISSING_OBSERVATION,HOLD,HOLD
0022100183,2021-11-12,Tony Bradley,Tony Bradley,12,OBSERVED_PLAYED,0022100183,CHI,816,,2021-11-10,2021-11-14,,,,,NO_AUTOMATIC_INFERENCE,HOLD,HOLD
0022100183,2021-11-12,Stanley Johnson,Stanley Johnson,0,NO_SAME_DAY_ROW,,,,,,2021-12-25,,,,,REVIEW_MISSING_OBSERVATION,HOLD,HOLD
0022100183,2021-11-12,Denzel Valentine,Denzel Valentine,0,OBSERVED_PLAYED,0022100176,CLE,219,,2021-11-07,2021-11-13,,,,,NO_AUTOMATIC_INFERENCE,HOLD,HOLD
0022100183,2021-11-12,Protagonist,,32,FICTIONAL_NO_OBSERVATION,,,,,,,,,,,NO_AUTOMATIC_INFERENCE,HOLD,HOLD
0022100198,2021-11-14,LaVine,Zach LaVine,34,OBSERVED_PLAYED,0022100198,CHI,2277,,2021-11-12,2021-11-15,IR_1114,CHI,Available,THUMB_SPRAIN,NO_AUTOMATIC_INFERENCE,HOLD,HOLD
0022100198,2021-11-14,LaMelo_pick4,LaMelo Ball,32,OBSERVED_PLAYED,0022100194,CHA,2253,,2021-11-12,2021-11-17,,,,,NO_AUTOMATIC_INFERENCE,HOLD,HOLD
0022100198,2021-11-14,Coby,Coby White,18,NO_SAME_DAY_ROW,,,,,,2021-11-15,IR_1114,CHI,Out,SHOULDER_INJURY_MANAGEMENT,REVIEW_LISTED_REASON,HOLD,HOLD
0022100198,2021-11-14,Carter,Wendell Carter Jr.,28,NO_SAME_DAY_ROW,,,,,2021-11-13,2021-11-15,,,,,REVIEW_MISSING_OBSERVATION,HOLD,HOLD
0022100198,2021-11-14,Young,Thaddeus Young,20,OBSERVED_PLAYED,0022100192,SAS,1578,,2021-11-12,2021-11-16,,,,,NO_AUTOMATIC_INFERENCE,HOLD,HOLD
0022100198,2021-11-14,Satoransky,Tomas Satoransky,0,NO_SAME_DAY_ROW,,,,,2021-11-13,2021-11-15,,,,,REVIEW_MISSING_OBSERVATION,HOLD,HOLD
0022100198,2021-11-14,Markkanen,Lauri Markkanen,28,NO_SAME_DAY_ROW,,,,,2021-11-01,2021-11-22,,,,,REVIEW_MISSING_OBSERVATION,HOLD,HOLD
0022100198,2021-11-14,Caruso,Alex Caruso,22,OBSERVED_PLAYED,0022100198,CHI,2320,,2021-11-12,2021-11-15,,,,,NO_AUTOMATIC_INFERENCE,HOLD,HOLD
0022100198,2021-11-14,Green,Javonte Green,0,OBSERVED_PLAYED,0022100198,CHI,1333,,2021-11-12,2021-11-15,,,,,NO_AUTOMATIC_INFERENCE,HOLD,HOLD
0022100198,2021-11-14,Chris Duarte,Chris Duarte,14,NO_SAME_DAY_ROW,,,,,2021-11-13,2021-11-19,,,,,REVIEW_MISSING_OBSERVATION,HOLD,HOLD
0022100198,2021-11-14,Joe Wieskamp,Joe Wieskamp,0,NO_SAME_DAY_ROW,,,,,2021-11-10,2021-11-29,IR_1114,SAS,Out,G_LEAGUE_TWO_WAY,REVIEW_LISTED_REASON,HOLD,HOLD
0022100198,2021-11-14,Tony Bradley,Tony Bradley,12,OBSERVED_PLAYED,0022100198,CHI,1425,,2021-11-12,2021-11-15,,,,,NO_AUTOMATIC_INFERENCE,HOLD,HOLD
0022100198,2021-11-14,Stanley Johnson,Stanley Johnson,0,NO_SAME_DAY_ROW,,,,,,2021-12-25,,,,,REVIEW_MISSING_OBSERVATION,HOLD,HOLD
0022100198,2021-11-14,Denzel Valentine,Denzel Valentine,0,NO_SAME_DAY_ROW,,,,,2021-11-13,2021-11-15,,,,,REVIEW_MISSING_OBSERVATION,HOLD,HOLD
0022100198,2021-11-14,Protagonist,,32,FICTIONAL_NO_OBSERVATION,,,,,,,,,,,NO_AUTOMATIC_INFERENCE,HOLD,HOLD
0022100209,2021-11-15,LaVine,Zach LaVine,34,OBSERVED_PLAYED,0022100209,CHI,2048,,2021-11-14,2021-11-17,,,,,NO_AUTOMATIC_INFERENCE,HOLD,HOLD
0022100209,2021-11-15,LaMelo_pick4,LaMelo Ball,32,NO_SAME_DAY_ROW,,,,,2021-11-14,2021-11-17,,,,,REVIEW_MISSING_OBSERVATION,HOLD,HOLD
0022100209,2021-11-15,Coby,Coby White,18,OBSERVED_PLAYED,0022100209,CHI,657,,,2021-11-17,,,,,NO_AUTOMATIC_INFERENCE,HOLD,HOLD
0022100209,2021-11-15,Carter,Wendell Carter Jr.,28,OBSERVED_PLAYED,0022100202,ORL,2022,,2021-11-13,2021-11-17,,,,,NO_AUTOMATIC_INFERENCE,HOLD,HOLD
0022100209,2021-11-15,Young,Thaddeus Young,20,NO_SAME_DAY_ROW,,,,,2021-11-14,2021-11-16,,,,,REVIEW_MISSING_OBSERVATION,HOLD,HOLD
0022100209,2021-11-15,Satoransky,Tomas Satoransky,0,OBSERVED_PLAYED,0022100201,NOP,1015,,2021-11-13,2021-11-17,,,,,NO_AUTOMATIC_INFERENCE,HOLD,HOLD
0022100209,2021-11-15,Markkanen,Lauri Markkanen,28,NO_SAME_DAY_ROW,,,,,2021-11-01,2021-11-22,,,,,REVIEW_MISSING_OBSERVATION,HOLD,HOLD
0022100209,2021-11-15,Caruso,Alex Caruso,22,OBSERVED_PLAYED,0022100209,CHI,2067,,2021-11-14,2021-11-17,,,,,NO_AUTOMATIC_INFERENCE,HOLD,HOLD
0022100209,2021-11-15,Green,Javonte Green,0,OBSERVED_PLAYED,0022100209,CHI,840,,2021-11-14,2021-11-17,,,,,NO_AUTOMATIC_INFERENCE,HOLD,HOLD
0022100209,2021-11-15,Chris Duarte,Chris Duarte,14,NO_SAME_DAY_ROW,,,,,2021-11-13,2021-11-19,IR_1114,IND,Questionable,SHOULDER_SORENESS,REVIEW_LISTED_REASON,HOLD,HOLD
0022100209,2021-11-15,Joe Wieskamp,Joe Wieskamp,0,NO_SAME_DAY_ROW,,,,,2021-11-10,2021-11-29,,,,,REVIEW_MISSING_OBSERVATION,HOLD,HOLD
0022100209,2021-11-15,Tony Bradley,Tony Bradley,12,OBSERVED_PLAYED,0022100209,CHI,1633,,2021-11-14,2021-11-17,,,,,NO_AUTOMATIC_INFERENCE,HOLD,HOLD
0022100209,2021-11-15,Stanley Johnson,Stanley Johnson,0,NO_SAME_DAY_ROW,,,,,,2021-12-25,,,,,REVIEW_MISSING_OBSERVATION,HOLD,HOLD
0022100209,2021-11-15,Denzel Valentine,Denzel Valentine,0,OBSERVED_PLAYED,0022100199,CLE,1322,,2021-11-13,2021-11-17,,,,,NO_AUTOMATIC_INFERENCE,HOLD,HOLD
0022100209,2021-11-15,Protagonist,,32,FICTIONAL_NO_OBSERVATION,,,,,,,,,,,NO_AUTOMATIC_INFERENCE,HOLD,HOLD
0022100223,2021-11-17,LaVine,Zach LaVine,34,OBSERVED_PLAYED,0022100223,CHI,2242,,2021-11-15,2021-11-19,,,,,NO_AUTOMATIC_INFERENCE,HOLD,HOLD
0022100223,2021-11-17,LaMelo_pick4,LaMelo Ball,32,OBSERVED_PLAYED,0022100213,CHA,2154,,2021-11-14,2021-11-19,,,,,NO_AUTOMATIC_INFERENCE,HOLD,HOLD
0022100223,2021-11-17,Coby,Coby White,18,OBSERVED_PLAYED,0022100223,CHI,629,,2021-11-15,2021-11-19,,,,,NO_AUTOMATIC_INFERENCE,HOLD,HOLD
0022100223,2021-11-17,Carter,Wendell Carter Jr.,28,OBSERVED_PLAYED,0022100218,ORL,1496,,2021-11-15,2021-11-19,,,,,NO_AUTOMATIC_INFERENCE,HOLD,HOLD
0022100223,2021-11-17,Young,Thaddeus Young,20,NO_SAME_DAY_ROW,,,,,2021-11-16,2021-11-18,,,,,REVIEW_MISSING_OBSERVATION,HOLD,HOLD
0022100223,2021-11-17,Satoransky,Tomas Satoransky,0,OBSERVED_PLAYED,0022100217,NOP,1000,,2021-11-15,2021-11-19,,,,,NO_AUTOMATIC_INFERENCE,HOLD,HOLD
0022100223,2021-11-17,Markkanen,Lauri Markkanen,28,NO_SAME_DAY_ROW,,,,,2021-11-01,2021-11-22,,,,,REVIEW_MISSING_OBSERVATION,HOLD,HOLD
0022100223,2021-11-17,Caruso,Alex Caruso,22,OBSERVED_PLAYED,0022100223,CHI,2256,,2021-11-15,2021-11-19,,,,,NO_AUTOMATIC_INFERENCE,HOLD,HOLD
0022100223,2021-11-17,Green,Javonte Green,0,OBSERVED_PLAYED,0022100223,CHI,1212,,2021-11-15,2021-11-19,,,,,NO_AUTOMATIC_INFERENCE,HOLD,HOLD
0022100223,2021-11-17,Chris Duarte,Chris Duarte,14,NO_SAME_DAY_ROW,,,,,2021-11-13,2021-11-19,,,,,REVIEW_MISSING_OBSERVATION,HOLD,HOLD
0022100223,2021-11-17,Joe Wieskamp,Joe Wieskamp,0,NO_SAME_DAY_ROW,,,,,2021-11-10,2021-11-29,,,,,REVIEW_MISSING_OBSERVATION,HOLD,HOLD
0022100223,2021-11-17,Tony Bradley,Tony Bradley,12,OBSERVED_PLAYED,0022100223,CHI,1279,,2021-11-15,2021-11-19,,,,,NO_AUTOMATIC_INFERENCE,HOLD,HOLD
0022100223,2021-11-17,Stanley Johnson,Stanley Johnson,0,NO_SAME_DAY_ROW,,,,,,2021-12-25,,,,,REVIEW_MISSING_OBSERVATION,HOLD,HOLD
0022100223,2021-11-17,Denzel Valentine,Denzel Valentine,0,OBSERVED_PLAYED,0022100216,CLE,633,,2021-11-15,2021-11-18,,,,,NO_AUTOMATIC_INFERENCE,HOLD,HOLD
0022100223,2021-11-17,Protagonist,,32,FICTIONAL_NO_OBSERVATION,,,,,,,,,,,NO_AUTOMATIC_INFERENCE,HOLD,HOLD
0022100236,2021-11-19,LaVine,Zach LaVine,34,OBSERVED_PLAYED,0022100236,CHI,2209,,2021-11-17,2021-11-21,,,,,NO_AUTOMATIC_INFERENCE,HOLD,HOLD
0022100236,2021-11-19,LaMelo_pick4,LaMelo Ball,32,OBSERVED_PLAYED,0022100230,CHA,2365,,2021-11-17,2021-11-20,,,,,NO_AUTOMATIC_INFERENCE,HOLD,HOLD
0022100236,2021-11-19,Coby,Coby White,18,OBSERVED_PLAYED,0022100236,CHI,654,,2021-11-17,2021-11-21,,,,,NO_AUTOMATIC_INFERENCE,HOLD,HOLD
0022100236,2021-11-19,Carter,Wendell Carter Jr.,28,OBSERVED_PLAYED,0022100233,ORL,1601,,2021-11-17,2021-11-20,,,,,NO_AUTOMATIC_INFERENCE,HOLD,HOLD
0022100236,2021-11-19,Young,Thaddeus Young,20,NO_SAME_DAY_ROW,,,,,2021-11-18,2021-11-22,,,,,REVIEW_MISSING_OBSERVATION,HOLD,HOLD
0022100236,2021-11-19,Satoransky,Tomas Satoransky,0,OBSERVED_PLAYED,0022100235,NOP,1525,,2021-11-17,2021-11-20,,,,,NO_AUTOMATIC_INFERENCE,HOLD,HOLD
0022100236,2021-11-19,Markkanen,Lauri Markkanen,28,NO_SAME_DAY_ROW,,,,,2021-11-01,2021-11-22,,,,,REVIEW_MISSING_OBSERVATION,HOLD,HOLD
0022100236,2021-11-19,Caruso,Alex Caruso,22,OBSERVED_PLAYED,0022100236,CHI,2058,,2021-11-17,2021-11-21,,,,,NO_AUTOMATIC_INFERENCE,HOLD,HOLD
0022100236,2021-11-19,Green,Javonte Green,0,OBSERVED_PLAYED,0022100236,CHI,1341,,2021-11-17,2021-11-21,,,,,NO_AUTOMATIC_INFERENCE,HOLD,HOLD
0022100236,2021-11-19,Chris Duarte,Chris Duarte,14,OBSERVED_PLAYED,0022100230,IND,813,,2021-11-13,2021-11-20,,,,,NO_AUTOMATIC_INFERENCE,HOLD,HOLD
0022100236,2021-11-19,Joe Wieskamp,Joe Wieskamp,0,NO_SAME_DAY_ROW,,,,,2021-11-10,2021-11-29,,,,,REVIEW_MISSING_OBSERVATION,HOLD,HOLD
0022100236,2021-11-19,Tony Bradley,Tony Bradley,12,OBSERVED_PLAYED,0022100236,CHI,914,,2021-11-17,2021-11-21,,,,,NO_AUTOMATIC_INFERENCE,HOLD,HOLD
0022100236,2021-11-19,Stanley Johnson,Stanley Johnson,0,NO_SAME_DAY_ROW,,,,,,2021-12-25,,,,,REVIEW_MISSING_OBSERVATION,HOLD,HOLD
0022100236,2021-11-19,Denzel Valentine,Denzel Valentine,0,NO_SAME_DAY_ROW,,,,,2021-11-18,2021-11-24,,,,,REVIEW_MISSING_OBSERVATION,HOLD,HOLD
0022100236,2021-11-19,Protagonist,,32,FICTIONAL_NO_OBSERVATION,,,,,,,,,,,NO_AUTOMATIC_INFERENCE,HOLD,HOLD
0022100250,2021-11-21,LaVine,Zach LaVine,34,OBSERVED_PLAYED,0022100250,CHI,2170,,2021-11-19,2021-11-22,,,,,NO_AUTOMATIC_INFERENCE,HOLD,HOLD
0022100250,2021-11-21,LaMelo_pick4,LaMelo Ball,32,NO_SAME_DAY_ROW,,,,,2021-11-20,2021-11-22,,,,,REVIEW_MISSING_OBSERVATION,HOLD,HOLD
0022100250,2021-11-21,Coby,Coby White,18,OBSERVED_PLAYED,0022100250,CHI,1259,,2021-11-19,2021-11-22,,,,,NO_AUTOMATIC_INFERENCE,HOLD,HOLD
0022100250,2021-11-21,Carter,Wendell Carter Jr.,28,NO_SAME_DAY_ROW,,,,,2021-11-20,2021-11-22,,,,,REVIEW_MISSING_OBSERVATION,HOLD,HOLD
0022100250,2021-11-21,Young,Thaddeus Young,20,NO_SAME_DAY_ROW,,,,,2021-11-18,2021-11-22,,,,,REVIEW_MISSING_OBSERVATION,HOLD,HOLD
0022100250,2021-11-21,Satoransky,Tomas Satoransky,0,NO_SAME_DAY_ROW,,,,,2021-11-20,2021-11-22,,,,,REVIEW_MISSING_OBSERVATION,HOLD,HOLD
0022100250,2021-11-21,Markkanen,Lauri Markkanen,28,NO_SAME_DAY_ROW,,,,,2021-11-01,2021-11-22,,,,,REVIEW_MISSING_OBSERVATION,HOLD,HOLD
0022100250,2021-11-21,Caruso,Alex Caruso,22,OBSERVED_PLAYED,0022100250,CHI,1802,,2021-11-19,2021-11-24,,,,,NO_AUTOMATIC_INFERENCE,HOLD,HOLD
0022100250,2021-11-21,Green,Javonte Green,0,OBSERVED_PLAYED,0022100250,CHI,955,,2021-11-19,2021-11-22,,,,,NO_AUTOMATIC_INFERENCE,HOLD,HOLD
0022100250,2021-11-21,Chris Duarte,Chris Duarte,14,NO_SAME_DAY_ROW,,,,,2021-11-20,2021-11-22,,,,,REVIEW_MISSING_OBSERVATION,HOLD,HOLD
0022100250,2021-11-21,Joe Wieskamp,Joe Wieskamp,0,NO_SAME_DAY_ROW,,,,,2021-11-10,2021-11-29,,,,,REVIEW_MISSING_OBSERVATION,HOLD,HOLD
0022100250,2021-11-21,Tony Bradley,Tony Bradley,12,OBSERVED_PLAYED,0022100250,CHI,1089,,2021-11-19,2021-11-22,,,,,NO_AUTOMATIC_INFERENCE,HOLD,HOLD
0022100250,2021-11-21,Stanley Johnson,Stanley Johnson,0,NO_SAME_DAY_ROW,,,,,,2021-12-25,,,,,REVIEW_MISSING_OBSERVATION,HOLD,HOLD
0022100250,2021-11-21,Denzel Valentine,Denzel Valentine,0,NO_SAME_DAY_ROW,,,,,2021-11-18,2021-11-24,,,,,REVIEW_MISSING_OBSERVATION,HOLD,HOLD
0022100250,2021-11-21,Protagonist,,32,FICTIONAL_NO_OBSERVATION,,,,,,,,,,,NO_AUTOMATIC_INFERENCE,HOLD,HOLD
0022100257,2021-11-22,LaVine,Zach LaVine,34,OBSERVED_PLAYED,0022100257,CHI,1583,,2021-11-21,2021-11-24,,,,,NO_AUTOMATIC_INFERENCE,HOLD,HOLD
0022100257,2021-11-22,LaMelo_pick4,LaMelo Ball,32,OBSERVED_PLAYED,0022100254,CHA,2296,,2021-11-20,2021-11-24,,,,,NO_AUTOMATIC_INFERENCE,HOLD,HOLD
0022100257,2021-11-22,Coby,Coby White,18,OBSERVED_PLAYED,0022100257,CHI,1479,,2021-11-21,2021-11-24,,,,,NO_AUTOMATIC_INFERENCE,HOLD,HOLD
0022100257,2021-11-22,Carter,Wendell Carter Jr.,28,OBSERVED_PLAYED,0022100258,ORL,1656,,2021-11-20,2021-11-24,,,,,NO_AUTOMATIC_INFERENCE,HOLD,HOLD
0022100257,2021-11-22,Young,Thaddeus Young,20,OBSERVED_PLAYED,0022100260,SAS,296,,2021-11-18,2021-11-24,,,,,NO_AUTOMATIC_INFERENCE,HOLD,HOLD
0022100257,2021-11-22,Satoransky,Tomas Satoransky,0,OBSERVED_PLAYED,0022100259,NOP,773,,2021-11-20,2021-11-24,,,,,NO_AUTOMATIC_INFERENCE,HOLD,HOLD
0022100257,2021-11-22,Markkanen,Lauri Markkanen,28,OBSERVED_PLAYED,0022100253,CLE,1849,,2021-11-01,2021-11-24,,,,,NO_AUTOMATIC_INFERENCE,HOLD,HOLD
0022100257,2021-11-22,Caruso,Alex Caruso,22,NO_SAME_DAY_ROW,,,,,2021-11-21,2021-11-24,,,,,REVIEW_MISSING_OBSERVATION,HOLD,HOLD
0022100257,2021-11-22,Green,Javonte Green,0,OBSERVED_PLAYED,0022100257,CHI,984,,2021-11-21,2021-11-24,,,,,NO_AUTOMATIC_INFERENCE,HOLD,HOLD
0022100257,2021-11-22,Chris Duarte,Chris Duarte,14,OBSERVED_PLAYED,0022100257,IND,1352,,2021-11-20,2021-11-24,,,,,NO_AUTOMATIC_INFERENCE,HOLD,HOLD
0022100257,2021-11-22,Joe Wieskamp,Joe Wieskamp,0,NO_SAME_DAY_ROW,,,,,2021-11-10,2021-11-29,,,,,REVIEW_MISSING_OBSERVATION,HOLD,HOLD
0022100257,2021-11-22,Tony Bradley,Tony Bradley,12,OBSERVED_PLAYED,0022100257,CHI,1039,,2021-11-21,2021-11-24,,,,,NO_AUTOMATIC_INFERENCE,HOLD,HOLD
0022100257,2021-11-22,Stanley Johnson,Stanley Johnson,0,NO_SAME_DAY_ROW,,,,,,2021-12-25,,,,,REVIEW_MISSING_OBSERVATION,HOLD,HOLD
0022100257,2021-11-22,Denzel Valentine,Denzel Valentine,0,OBSERVED_COACH_DNP,0022100253,CLE,0,DNP - Coach's Decision,2021-11-18,2021-11-24,,,,,NO_AUTOMATIC_INFERENCE,HOLD,HOLD
0022100257,2021-11-22,Protagonist,,32,FICTIONAL_NO_OBSERVATION,,,,,,,,,,,NO_AUTOMATIC_INFERENCE,HOLD,HOLD
0022100271,2021-11-24,LaVine,Zach LaVine,34,OBSERVED_PLAYED,0022100271,CHI,2166,,2021-11-22,2021-11-26,,,,,NO_AUTOMATIC_INFERENCE,HOLD,HOLD
0022100271,2021-11-24,LaMelo_pick4,LaMelo Ball,32,OBSERVED_PLAYED,0022100269,CHA,1542,,2021-11-22,2021-11-26,,,,,NO_AUTOMATIC_INFERENCE,HOLD,HOLD
0022100271,2021-11-24,Coby,Coby White,18,OBSERVED_PLAYED,0022100271,CHI,882,,2021-11-22,2021-11-26,,,,,NO_AUTOMATIC_INFERENCE,HOLD,HOLD
0022100271,2021-11-24,Carter,Wendell Carter Jr.,28,OBSERVED_PLAYED,0022100269,ORL,1925,,2021-11-22,2021-11-26,,,,,NO_AUTOMATIC_INFERENCE,HOLD,HOLD
0022100271,2021-11-24,Young,Thaddeus Young,20,OBSERVED_PLAYED,0022100277,SAS,481,,2021-11-22,2021-11-26,,,,,NO_AUTOMATIC_INFERENCE,HOLD,HOLD
0022100271,2021-11-24,Satoransky,Tomas Satoransky,0,OBSERVED_PLAYED,0022100275,NOP,826,,2021-11-22,2021-11-26,,,,,NO_AUTOMATIC_INFERENCE,HOLD,HOLD
0022100271,2021-11-24,Markkanen,Lauri Markkanen,28,OBSERVED_PLAYED,0022100267,CLE,2148,,2021-11-22,2021-11-27,,,,,NO_AUTOMATIC_INFERENCE,HOLD,HOLD
0022100271,2021-11-24,Caruso,Alex Caruso,22,OBSERVED_PLAYED,0022100271,CHI,1969,,2021-11-21,2021-11-26,,,,,NO_AUTOMATIC_INFERENCE,HOLD,HOLD
0022100271,2021-11-24,Green,Javonte Green,0,OBSERVED_PLAYED,0022100271,CHI,1610,,2021-11-22,2021-11-26,,,,,NO_AUTOMATIC_INFERENCE,HOLD,HOLD
0022100271,2021-11-24,Chris Duarte,Chris Duarte,14,OBSERVED_PLAYED,0022100268,IND,1803,,2021-11-22,2021-11-26,,,,,NO_AUTOMATIC_INFERENCE,HOLD,HOLD
0022100271,2021-11-24,Joe Wieskamp,Joe Wieskamp,0,NO_SAME_DAY_ROW,,,,,2021-11-10,2021-11-29,,,,,REVIEW_MISSING_OBSERVATION,HOLD,HOLD
0022100271,2021-11-24,Tony Bradley,Tony Bradley,12,OBSERVED_PLAYED,0022100271,CHI,115,,2021-11-22,2021-11-26,,,,,NO_AUTOMATIC_INFERENCE,HOLD,HOLD
0022100271,2021-11-24,Stanley Johnson,Stanley Johnson,0,NO_SAME_DAY_ROW,,,,,,2021-12-25,,,,,REVIEW_MISSING_OBSERVATION,HOLD,HOLD
0022100271,2021-11-24,Denzel Valentine,Denzel Valentine,0,OBSERVED_PLAYED,0022100267,CLE,331,,2021-11-18,2021-11-29,,,,,NO_AUTOMATIC_INFERENCE,HOLD,HOLD
0022100271,2021-11-24,Protagonist,,32,FICTIONAL_NO_OBSERVATION,,,,,,,,,,,NO_AUTOMATIC_INFERENCE,HOLD,HOLD
0022100283,2021-11-26,LaVine,Zach LaVine,34,OBSERVED_PLAYED,0022100283,CHI,1710,,2021-11-24,2021-11-27,,,,,NO_AUTOMATIC_INFERENCE,HOLD,HOLD
0022100283,2021-11-26,LaMelo_pick4,LaMelo Ball,32,OBSERVED_PLAYED,0022100281,CHA,1748,,2021-11-24,2021-11-27,,,,,NO_AUTOMATIC_INFERENCE,HOLD,HOLD
0022100283,2021-11-26,Coby,Coby White,18,OBSERVED_PLAYED,0022100283,CHI,1433,,2021-11-24,2021-11-27,,,,,NO_AUTOMATIC_INFERENCE,HOLD,HOLD
0022100283,2021-11-26,Carter,Wendell Carter Jr.,28,OBSERVED_PLAYED,0022100283,ORL,1793,,2021-11-24,2021-11-27,,,,,NO_AUTOMATIC_INFERENCE,HOLD,HOLD
0022100283,2021-11-26,Young,Thaddeus Young,20,OBSERVED_PLAYED,0022100287,SAS,364,,2021-11-24,2021-11-29,,,,,NO_AUTOMATIC_INFERENCE,HOLD,HOLD
0022100283,2021-11-26,Satoransky,Tomas Satoransky,0,OBSERVED_PLAYED,0022100289,NOP,528,,2021-11-24,2021-11-27,,,,,NO_AUTOMATIC_INFERENCE,HOLD,HOLD
0022100283,2021-11-26,Markkanen,Lauri Markkanen,28,NO_SAME_DAY_ROW,,,,,2021-11-24,2021-11-27,,,,,REVIEW_MISSING_OBSERVATION,HOLD,HOLD
0022100283,2021-11-26,Caruso,Alex Caruso,22,OBSERVED_PLAYED,0022100283,CHI,1515,,2021-11-24,2021-11-27,,,,,NO_AUTOMATIC_INFERENCE,HOLD,HOLD
0022100283,2021-11-26,Green,Javonte Green,0,OBSERVED_PLAYED,0022100283,CHI,1401,,2021-11-24,2021-11-27,,,,,NO_AUTOMATIC_INFERENCE,HOLD,HOLD
0022100283,2021-11-26,Chris Duarte,Chris Duarte,14,OBSERVED_PLAYED,0022100284,IND,1389,,2021-11-24,2021-11-28,,,,,NO_AUTOMATIC_INFERENCE,HOLD,HOLD
0022100283,2021-11-26,Joe Wieskamp,Joe Wieskamp,0,OBSERVED_COACH_DNP,0022100287,SAS,0,DNP - Coach's Decision,2021-11-10,2021-11-29,,,,,NO_AUTOMATIC_INFERENCE,HOLD,HOLD
0022100283,2021-11-26,Tony Bradley,Tony Bradley,12,OBSERVED_PLAYED,0022100283,CHI,213,,2021-11-24,2021-12-04,,,,,NO_AUTOMATIC_INFERENCE,HOLD,HOLD
0022100283,2021-11-26,Stanley Johnson,Stanley Johnson,0,NO_SAME_DAY_ROW,,,,,,2021-12-25,,,,,REVIEW_MISSING_OBSERVATION,HOLD,HOLD
0022100283,2021-11-26,Denzel Valentine,Denzel Valentine,0,NO_SAME_DAY_ROW,,,,,2021-11-24,2021-11-29,,,,,REVIEW_MISSING_OBSERVATION,HOLD,HOLD
0022100283,2021-11-26,Protagonist,,32,FICTIONAL_NO_OBSERVATION,,,,,,,,,,,NO_AUTOMATIC_INFERENCE,HOLD,HOLD
0022100296,2021-11-27,LaVine,Zach LaVine,34,OBSERVED_PLAYED,0022100296,CHI,2206,,2021-11-26,2021-11-29,,,,,NO_AUTOMATIC_INFERENCE,HOLD,HOLD
0022100296,2021-11-27,LaMelo_pick4,LaMelo Ball,32,OBSERVED_PLAYED,0022100297,CHA,2373,,2021-11-26,2021-11-29,,,,,NO_AUTOMATIC_INFERENCE,HOLD,HOLD
0022100296,2021-11-27,Coby,Coby White,18,OBSERVED_PLAYED,0022100296,CHI,1173,,2021-11-26,2021-11-29,,,,,NO_AUTOMATIC_INFERENCE,HOLD,HOLD
0022100296,2021-11-27,Carter,Wendell Carter Jr.,28,OBSERVED_PLAYED,0022100295,ORL,1892,,2021-11-26,2021-11-29,,,,,NO_AUTOMATIC_INFERENCE,HOLD,HOLD
0022100296,2021-11-27,Young,Thaddeus Young,20,NO_SAME_DAY_ROW,,,,,2021-11-26,2021-11-29,,,,,REVIEW_MISSING_OBSERVATION,HOLD,HOLD
0022100296,2021-11-27,Satoransky,Tomas Satoransky,0,OBSERVED_PLAYED,0022100299,NOP,1070,,2021-11-26,2021-11-29,,,,,NO_AUTOMATIC_INFERENCE,HOLD,HOLD
0022100296,2021-11-27,Markkanen,Lauri Markkanen,28,OBSERVED_PLAYED,0022100295,CLE,1938,,2021-11-24,2021-11-29,,,,,NO_AUTOMATIC_INFERENCE,HOLD,HOLD
0022100296,2021-11-27,Caruso,Alex Caruso,22,OBSERVED_PLAYED,0022100296,CHI,2047,,2021-11-26,2021-11-29,,,,,NO_AUTOMATIC_INFERENCE,HOLD,HOLD
0022100296,2021-11-27,Green,Javonte Green,0,OBSERVED_PLAYED,0022100296,CHI,1032,,2021-11-26,2021-11-29,,,,,NO_AUTOMATIC_INFERENCE,HOLD,HOLD
0022100296,2021-11-27,Chris Duarte,Chris Duarte,14,NO_SAME_DAY_ROW,,,,,2021-11-26,2021-11-28,,,,,REVIEW_MISSING_OBSERVATION,HOLD,HOLD
0022100296,2021-11-27,Joe Wieskamp,Joe Wieskamp,0,NO_SAME_DAY_ROW,,,,,2021-11-10,2021-11-29,,,,,REVIEW_MISSING_OBSERVATION,HOLD,HOLD
0022100296,2021-11-27,Tony Bradley,Tony Bradley,12,OBSERVED_COACH_DNP,0022100296,CHI,0,DNP - Coach's Decision,2021-11-26,2021-12-04,,,,,NO_AUTOMATIC_INFERENCE,HOLD,HOLD
0022100296,2021-11-27,Stanley Johnson,Stanley Johnson,0,NO_SAME_DAY_ROW,,,,,,2021-12-25,,,,,REVIEW_MISSING_OBSERVATION,HOLD,HOLD
0022100296,2021-11-27,Denzel Valentine,Denzel Valentine,0,OBSERVED_COACH_DNP,0022100295,CLE,0,DNP - Coach's Decision,2021-11-24,2021-11-29,,,,,NO_AUTOMATIC_INFERENCE,HOLD,HOLD
0022100296,2021-11-27,Protagonist,,32,FICTIONAL_NO_OBSERVATION,,,,,,,,,,,NO_AUTOMATIC_INFERENCE,HOLD,HOLD
0022100307,2021-11-29,LaVine,Zach LaVine,34,OBSERVED_PLAYED,0022100307,CHI,2104,,2021-11-27,2021-12-02,,,,,NO_AUTOMATIC_INFERENCE,HOLD,HOLD
0022100307,2021-11-29,LaMelo_pick4,LaMelo Ball,32,OBSERVED_PLAYED,0022100307,CHA,1920,,2021-11-27,2021-12-01,,,,,NO_AUTOMATIC_INFERENCE,HOLD,HOLD
0022100307,2021-11-29,Coby,Coby White,18,OBSERVED_PLAYED,0022100307,CHI,1297,,2021-11-27,2021-12-19,,,,,NO_AUTOMATIC_INFERENCE,HOLD,HOLD
0022100307,2021-11-29,Carter,Wendell Carter Jr.,28,OBSERVED_PLAYED,0022100305,ORL,2020,,2021-11-27,2021-12-01,,,,,NO_AUTOMATIC_INFERENCE,HOLD,HOLD
0022100307,2021-11-29,Young,Thaddeus Young,20,OBSERVED_PLAYED,0022100311,SAS,751,,2021-11-26,2021-12-02,,,,,NO_AUTOMATIC_INFERENCE,HOLD,HOLD
0022100307,2021-11-29,Satoransky,Tomas Satoransky,0,OBSERVED_PLAYED,0022100313,NOP,615,,2021-11-27,2021-12-01,,,,,NO_AUTOMATIC_INFERENCE,HOLD,HOLD
0022100307,2021-11-29,Markkanen,Lauri Markkanen,28,OBSERVED_PLAYED,0022100310,CLE,1998,,2021-11-27,2021-12-01,,,,,NO_AUTOMATIC_INFERENCE,HOLD,HOLD
0022100307,2021-11-29,Caruso,Alex Caruso,22,OBSERVED_PLAYED,0022100307,CHI,1505,,2021-11-27,2021-12-02,,,,,NO_AUTOMATIC_INFERENCE,HOLD,HOLD
0022100307,2021-11-29,Green,Javonte Green,0,OBSERVED_PLAYED,0022100307,CHI,2153,,2021-11-27,2021-12-02,,,,,NO_AUTOMATIC_INFERENCE,HOLD,HOLD
0022100307,2021-11-29,Chris Duarte,Chris Duarte,14,OBSERVED_PLAYED,0022100309,IND,1286,,2021-11-28,2021-12-01,,,,,NO_AUTOMATIC_INFERENCE,HOLD,HOLD
0022100307,2021-11-29,Joe Wieskamp,Joe Wieskamp,0,OBSERVED_PLAYED,0022100311,SAS,105,,2021-11-10,2021-12-07,,,,,NO_AUTOMATIC_INFERENCE,HOLD,HOLD
0022100307,2021-11-29,Tony Bradley,Tony Bradley,12,OBSERVED_COACH_DNP,0022100307,CHI,0,DNP - Coach's Decision,2021-11-26,2021-12-04,,,,,NO_AUTOMATIC_INFERENCE,HOLD,HOLD
0022100307,2021-11-29,Stanley Johnson,Stanley Johnson,0,NO_SAME_DAY_ROW,,,,,,2021-12-25,,,,,REVIEW_MISSING_OBSERVATION,HOLD,HOLD
0022100307,2021-11-29,Denzel Valentine,Denzel Valentine,0,OBSERVED_PLAYED,0022100310,CLE,291,,2021-11-24,2021-12-01,,,,,NO_AUTOMATIC_INFERENCE,HOLD,HOLD
0022100307,2021-11-29,Protagonist,,32,FICTIONAL_NO_OBSERVATION,,,,,,,,,,,NO_AUTOMATIC_INFERENCE,HOLD,HOLD
0022100328,2021-12-02,LaVine,Zach LaVine,34,OBSERVED_PLAYED,0022100328,CHI,2100,,2021-11-29,2021-12-04,,,,,NO_AUTOMATIC_INFERENCE,HOLD,HOLD
0022100328,2021-12-02,LaMelo_pick4,LaMelo Ball,32,NO_SAME_DAY_ROW,,,,,2021-12-01,2021-12-17,,,,,REVIEW_MISSING_OBSERVATION,HOLD,HOLD
0022100328,2021-12-02,Coby,Coby White,18,NO_SAME_DAY_ROW,,,,,2021-11-29,2021-12-19,,,,,REVIEW_MISSING_OBSERVATION,HOLD,HOLD
0022100328,2021-12-02,Carter,Wendell Carter Jr.,28,NO_SAME_DAY_ROW,,,,,2021-12-01,2021-12-03,,,,,REVIEW_MISSING_OBSERVATION,HOLD,HOLD
0022100328,2021-12-02,Young,Thaddeus Young,20,OBSERVED_PLAYED,0022100332,SAS,876,,2021-11-29,2021-12-04,,,,,NO_AUTOMATIC_INFERENCE,HOLD,HOLD
0022100328,2021-12-02,Satoransky,Tomas Satoransky,0,NO_SAME_DAY_ROW,,,,,2021-12-01,2021-12-03,,,,,REVIEW_MISSING_OBSERVATION,HOLD,HOLD
0022100328,2021-12-02,Markkanen,Lauri Markkanen,28,NO_SAME_DAY_ROW,,,,,2021-12-01,2021-12-03,,,,,REVIEW_MISSING_OBSERVATION,HOLD,HOLD
0022100328,2021-12-02,Caruso,Alex Caruso,22,OBSERVED_PLAYED,0022100328,CHI,1830,,2021-11-29,2021-12-04,,,,,NO_AUTOMATIC_INFERENCE,HOLD,HOLD
0022100328,2021-12-02,Green,Javonte Green,0,OBSERVED_PLAYED,0022100328,CHI,1738,,2021-11-29,2021-12-19,,,,,NO_AUTOMATIC_INFERENCE,HOLD,HOLD
0022100328,2021-12-02,Chris Duarte,Chris Duarte,14,NO_SAME_DAY_ROW,,,,,2021-12-01,2021-12-03,,,,,REVIEW_MISSING_OBSERVATION,HOLD,HOLD
0022100328,2021-12-02,Joe Wieskamp,Joe Wieskamp,0,NO_SAME_DAY_ROW,,,,,2021-11-29,2021-12-07,,,,,REVIEW_MISSING_OBSERVATION,HOLD,HOLD
0022100328,2021-12-02,Tony Bradley,Tony Bradley,12,OBSERVED_COACH_DNP,0022100328,CHI,0,DNP - Coach's Decision,2021-11-26,2021-12-04,,,,,NO_AUTOMATIC_INFERENCE,HOLD,HOLD
0022100328,2021-12-02,Stanley Johnson,Stanley Johnson,0,NO_SAME_DAY_ROW,,,,,,2021-12-25,,,,,REVIEW_MISSING_OBSERVATION,HOLD,HOLD
0022100328,2021-12-02,Denzel Valentine,Denzel Valentine,0,NO_SAME_DAY_ROW,,,,,2021-12-01,2021-12-03,,,,,REVIEW_MISSING_OBSERVATION,HOLD,HOLD
0022100328,2021-12-02,Protagonist,,32,FICTIONAL_NO_OBSERVATION,,,,,,,,,,,NO_AUTOMATIC_INFERENCE,HOLD,HOLD
0022100343,2021-12-04,LaVine,Zach LaVine,34,OBSERVED_PLAYED,0022100343,CHI,2245,,2021-12-02,2021-12-06,,,,,NO_AUTOMATIC_INFERENCE,HOLD,HOLD
0022100343,2021-12-04,LaMelo_pick4,LaMelo Ball,32,NO_SAME_DAY_ROW,,,,,2021-12-01,2021-12-17,,,,,REVIEW_MISSING_OBSERVATION,HOLD,HOLD
0022100343,2021-12-04,Coby,Coby White,18,NO_SAME_DAY_ROW,,,,,2021-11-29,2021-12-19,,,,,REVIEW_MISSING_OBSERVATION,HOLD,HOLD
0022100343,2021-12-04,Carter,Wendell Carter Jr.,28,NO_SAME_DAY_ROW,,,,,2021-12-03,2021-12-06,,,,,REVIEW_MISSING_OBSERVATION,HOLD,HOLD
0022100343,2021-12-04,Young,Thaddeus Young,20,OBSERVED_PLAYED,0022100346,SAS,840,,2021-12-02,2021-12-06,,,,,NO_AUTOMATIC_INFERENCE,HOLD,HOLD
0022100343,2021-12-04,Satoransky,Tomas Satoransky,0,NO_SAME_DAY_ROW,,,,,2021-12-03,2021-12-05,,,,,REVIEW_MISSING_OBSERVATION,HOLD,HOLD
0022100343,2021-12-04,Markkanen,Lauri Markkanen,28,NO_SAME_DAY_ROW,,,,,2021-12-03,2021-12-05,,,,,REVIEW_MISSING_OBSERVATION,HOLD,HOLD
0022100343,2021-12-04,Caruso,Alex Caruso,22,OBSERVED_PLAYED,0022100343,CHI,479,,2021-12-02,2021-12-11,,,,,NO_AUTOMATIC_INFERENCE,HOLD,HOLD
0022100343,2021-12-04,Green,Javonte Green,0,NO_SAME_DAY_ROW,,,,,2021-12-02,2021-12-19,,,,,REVIEW_MISSING_OBSERVATION,HOLD,HOLD
0022100343,2021-12-04,Chris Duarte,Chris Duarte,14,NO_SAME_DAY_ROW,,,,,2021-12-03,2021-12-06,,,,,REVIEW_MISSING_OBSERVATION,HOLD,HOLD
0022100343,2021-12-04,Joe Wieskamp,Joe Wieskamp,0,OBSERVED_COACH_DNP,0022100346,SAS,0,DNP - Coach's Decision,2021-11-29,2021-12-07,,,,,NO_AUTOMATIC_INFERENCE,HOLD,HOLD
0022100343,2021-12-04,Tony Bradley,Tony Bradley,12,OBSERVED_PLAYED,0022100343,CHI,390,,2021-11-26,2021-12-06,,,,,NO_AUTOMATIC_INFERENCE,HOLD,HOLD
0022100343,2021-12-04,Stanley Johnson,Stanley Johnson,0,NO_SAME_DAY_ROW,,,,,,2021-12-25,,,,,REVIEW_MISSING_OBSERVATION,HOLD,HOLD
0022100343,2021-12-04,Denzel Valentine,Denzel Valentine,0,NO_SAME_DAY_ROW,,,,,2021-12-03,2021-12-08,,,,,REVIEW_MISSING_OBSERVATION,HOLD,HOLD
0022100343,2021-12-04,Protagonist,,32,FICTIONAL_NO_OBSERVATION,,,,,,,,,,,NO_AUTOMATIC_INFERENCE,HOLD,HOLD
0022100357,2021-12-06,LaVine,Zach LaVine,34,OBSERVED_PLAYED,0022100357,CHI,2322,,2021-12-04,2021-12-08,,,,,NO_AUTOMATIC_INFERENCE,HOLD,HOLD
0022100357,2021-12-06,LaMelo_pick4,LaMelo Ball,32,NO_SAME_DAY_ROW,,,,,2021-12-01,2021-12-17,,,,,REVIEW_MISSING_OBSERVATION,HOLD,HOLD
0022100357,2021-12-06,Coby,Coby White,18,NO_SAME_DAY_ROW,,,,,2021-11-29,2021-12-19,,,,,REVIEW_MISSING_OBSERVATION,HOLD,HOLD
0022100357,2021-12-06,Carter,Wendell Carter Jr.,28,OBSERVED_PLAYED,0022100361,ORL,1772,,2021-12-03,2021-12-08,,,,,NO_AUTOMATIC_INFERENCE,HOLD,HOLD
0022100357,2021-12-06,Young,Thaddeus Young,20,OBSERVED_PLAYED,0022100360,SAS,473,,2021-12-04,2021-12-09,,,,,NO_AUTOMATIC_INFERENCE,HOLD,HOLD
0022100357,2021-12-06,Satoransky,Tomas Satoransky,0,NO_SAME_DAY_ROW,,,,,2021-12-05,2021-12-08,,,,,REVIEW_MISSING_OBSERVATION,HOLD,HOLD
0022100357,2021-12-06,Markkanen,Lauri Markkanen,28,OBSERVED_PLAYED,0022100358,CLE,2066,,2021-12-05,2021-12-08,,,,,NO_AUTOMATIC_INFERENCE,HOLD,HOLD
0022100357,2021-12-06,Caruso,Alex Caruso,22,NO_SAME_DAY_ROW,,,,,2021-12-04,2021-12-11,,,,,REVIEW_MISSING_OBSERVATION,HOLD,HOLD
0022100357,2021-12-06,Green,Javonte Green,0,NO_SAME_DAY_ROW,,,,,2021-12-02,2021-12-19,,,,,REVIEW_MISSING_OBSERVATION,HOLD,HOLD
0022100357,2021-12-06,Chris Duarte,Chris Duarte,14,OBSERVED_PLAYED,0022100355,IND,1508,,2021-12-03,2021-12-08,,,,,NO_AUTOMATIC_INFERENCE,HOLD,HOLD
0022100357,2021-12-06,Joe Wieskamp,Joe Wieskamp,0,OBSERVED_COACH_DNP,0022100360,SAS,0,DNP - Coach's Decision,2021-11-29,2021-12-07,,,,,NO_AUTOMATIC_INFERENCE,HOLD,HOLD
0022100357,2021-12-06,Tony Bradley,Tony Bradley,12,OBSERVED_PLAYED,0022100357,CHI,737,,2021-12-04,2021-12-08,,,,,NO_AUTOMATIC_INFERENCE,HOLD,HOLD
0022100357,2021-12-06,Stanley Johnson,Stanley Johnson,0,NO_SAME_DAY_ROW,,,,,,2021-12-25,,,,,REVIEW_MISSING_OBSERVATION,HOLD,HOLD
0022100357,2021-12-06,Denzel Valentine,Denzel Valentine,0,OBSERVED_COACH_DNP,0022100358,CLE,0,DNP - Coach's Decision,2021-12-03,2021-12-08,,,,,NO_AUTOMATIC_INFERENCE,HOLD,HOLD
0022100357,2021-12-06,Protagonist,,32,FICTIONAL_NO_OBSERVATION,,,,,,,,,,,NO_AUTOMATIC_INFERENCE,HOLD,HOLD
0022100367,2021-12-08,LaVine,Zach LaVine,34,OBSERVED_PLAYED,0022100367,CHI,2112,,2021-12-06,2021-12-11,,,,,NO_AUTOMATIC_INFERENCE,HOLD,HOLD
0022100367,2021-12-08,LaMelo_pick4,LaMelo Ball,32,NO_SAME_DAY_ROW,,,,,2021-12-01,2021-12-17,,,,,REVIEW_MISSING_OBSERVATION,HOLD,HOLD
0022100367,2021-12-08,Coby,Coby White,18,NO_SAME_DAY_ROW,,,,,2021-11-29,2021-12-19,,,,,REVIEW_MISSING_OBSERVATION,HOLD,HOLD
0022100367,2021-12-08,Carter,Wendell Carter Jr.,28,OBSERVED_PLAYED,0022100377,ORL,2176,,2021-12-06,2021-12-11,,,,,NO_AUTOMATIC_INFERENCE,HOLD,HOLD
0022100367,2021-12-08,Young,Thaddeus Young,20,NO_SAME_DAY_ROW,,,,,2021-12-06,2021-12-09,,,,,REVIEW_MISSING_OBSERVATION,HOLD,HOLD
0022100367,2021-12-08,Satoransky,Tomas Satoransky,0,OBSERVED_PLAYED,0022100375,NOP,339,,2021-12-05,2021-12-10,,,,,NO_AUTOMATIC_INFERENCE,HOLD,HOLD
0022100367,2021-12-08,Markkanen,Lauri Markkanen,28,OBSERVED_PLAYED,0022100367,CLE,1633,,2021-12-06,2021-12-10,,,,,NO_AUTOMATIC_INFERENCE,HOLD,HOLD
0022100367,2021-12-08,Caruso,Alex Caruso,22,NO_SAME_DAY_ROW,,,,,2021-12-04,2021-12-11,,,,,REVIEW_MISSING_OBSERVATION,HOLD,HOLD
0022100367,2021-12-08,Green,Javonte Green,0,NO_SAME_DAY_ROW,,,,,2021-12-02,2021-12-19,,,,,REVIEW_MISSING_OBSERVATION,HOLD,HOLD
0022100367,2021-12-08,Chris Duarte,Chris Duarte,14,OBSERVED_PLAYED,0022100369,IND,1810,,2021-12-06,2021-12-10,,,,,NO_AUTOMATIC_INFERENCE,HOLD,HOLD
0022100367,2021-12-08,Joe Wieskamp,Joe Wieskamp,0,NO_SAME_DAY_ROW,,,,,2021-12-07,2021-12-26,,,,,REVIEW_MISSING_OBSERVATION,HOLD,HOLD
0022100367,2021-12-08,Tony Bradley,Tony Bradley,12,OBSERVED_PLAYED,0022100367,CHI,890,,2021-12-06,2021-12-11,,,,,NO_AUTOMATIC_INFERENCE,HOLD,HOLD
0022100367,2021-12-08,Stanley Johnson,Stanley Johnson,0,NO_SAME_DAY_ROW,,,,,,2021-12-25,,,,,REVIEW_MISSING_OBSERVATION,HOLD,HOLD
0022100367,2021-12-08,Denzel Valentine,Denzel Valentine,0,OBSERVED_PLAYED,0022100367,CLE,283,,2021-12-03,2021-12-10,,,,,NO_AUTOMATIC_INFERENCE,HOLD,HOLD
0022100367,2021-12-08,Protagonist,,32,FICTIONAL_NO_OBSERVATION,,,,,,,,,,,NO_AUTOMATIC_INFERENCE,HOLD,HOLD
0022100394,2021-12-11,LaVine,Zach LaVine,34,OBSERVED_PLAYED,0022100394,CHI,2264,,2021-12-08,2021-12-26,,,,,NO_AUTOMATIC_INFERENCE,HOLD,HOLD
0022100394,2021-12-11,LaMelo_pick4,LaMelo Ball,32,NO_SAME_DAY_ROW,,,,,2021-12-01,2021-12-17,,,,,REVIEW_MISSING_OBSERVATION,HOLD,HOLD
0022100394,2021-12-11,Coby,Coby White,18,NO_SAME_DAY_ROW,,,,,2021-11-29,2021-12-19,,,,,REVIEW_MISSING_OBSERVATION,HOLD,HOLD
0022100394,2021-12-11,Carter,Wendell Carter Jr.,28,OBSERVED_PLAYED,0022100391,ORL,1999,,2021-12-08,2021-12-12,,,,,NO_AUTOMATIC_INFERENCE,HOLD,HOLD
0022100394,2021-12-11,Young,Thaddeus Young,20,OBSERVED_PLAYED,0022100397,SAS,1132,,2021-12-09,2021-12-15,,,,,NO_AUTOMATIC_INFERENCE,HOLD,HOLD
0022100394,2021-12-11,Satoransky,Tomas Satoransky,0,NO_SAME_DAY_ROW,,,,,2021-12-10,2021-12-12,,,,,REVIEW_MISSING_OBSERVATION,HOLD,HOLD
0022100394,2021-12-11,Markkanen,Lauri Markkanen,28,OBSERVED_PLAYED,0022100393,CLE,1569,,2021-12-10,2021-12-13,,,,,NO_AUTOMATIC_INFERENCE,HOLD,HOLD
0022100394,2021-12-11,Caruso,Alex Caruso,22,OBSERVED_PLAYED,0022100394,CHI,1645,,2021-12-04,2021-12-19,,,,,NO_AUTOMATIC_INFERENCE,HOLD,HOLD
0022100394,2021-12-11,Green,Javonte Green,0,NO_SAME_DAY_ROW,,,,,2021-12-02,2021-12-19,,,,,REVIEW_MISSING_OBSERVATION,HOLD,HOLD
0022100394,2021-12-11,Chris Duarte,Chris Duarte,14,NO_SAME_DAY_ROW,,,,,2021-12-10,2021-12-13,,,,,REVIEW_MISSING_OBSERVATION,HOLD,HOLD
0022100394,2021-12-11,Joe Wieskamp,Joe Wieskamp,0,NO_SAME_DAY_ROW,,,,,2021-12-07,2021-12-26,,,,,REVIEW_MISSING_OBSERVATION,HOLD,HOLD
0022100394,2021-12-11,Tony Bradley,Tony Bradley,12,OBSERVED_PLAYED,0022100394,CHI,564,,2021-12-08,2021-12-19,,,,,NO_AUTOMATIC_INFERENCE,HOLD,HOLD
0022100394,2021-12-11,Stanley Johnson,Stanley Johnson,0,NO_SAME_DAY_ROW,,,,,,2021-12-25,,,,,REVIEW_MISSING_OBSERVATION,HOLD,HOLD
0022100394,2021-12-11,Denzel Valentine,Denzel Valentine,0,OBSERVED_COACH_DNP,0022100393,CLE,0,DNP - Coach's Decision,2021-12-10,2021-12-15,,,,,NO_AUTOMATIC_INFERENCE,HOLD,HOLD
0022100394,2021-12-11,Protagonist,,32,FICTIONAL_NO_OBSERVATION,,,,,,,,,,,NO_AUTOMATIC_INFERENCE,HOLD,HOLD
0022100448,2021-12-19,LaVine,Zach LaVine,34,NO_SAME_DAY_ROW,,,,,2021-12-11,2021-12-26,,,,,REVIEW_MISSING_OBSERVATION,HOLD,HOLD
0022100448,2021-12-19,LaMelo_pick4,LaMelo Ball,32,OBSERVED_PLAYED,0022100456,CHA,1485,,2021-12-17,2021-12-20,,,,,NO_AUTOMATIC_INFERENCE,HOLD,HOLD
0022100448,2021-12-19,Coby,Coby White,18,OBSERVED_PLAYED,0022100448,CHI,1467,,2021-11-29,2021-12-20,,,,,NO_AUTOMATIC_INFERENCE,HOLD,HOLD
0022100448,2021-12-19,Carter,Wendell Carter Jr.,28,NO_SAME_DAY_ROW,,,,,2021-12-17,2021-12-23,,,,,REVIEW_MISSING_OBSERVATION,HOLD,HOLD
0022100448,2021-12-19,Young,Thaddeus Young,20,OBSERVED_COACH_DNP,0022100451,SAS,0,DNP - Coach's Decision,2021-12-15,2021-12-31,,,,,NO_AUTOMATIC_INFERENCE,HOLD,HOLD
0022100448,2021-12-19,Satoransky,Tomas Satoransky,0,NO_SAME_DAY_ROW,,,,,2021-12-17,2021-12-21,,,,,REVIEW_MISSING_OBSERVATION,HOLD,HOLD
0022100448,2021-12-19,Markkanen,Lauri Markkanen,28,NO_SAME_DAY_ROW,,,,,2021-12-18,2021-12-22,,,,,REVIEW_MISSING_OBSERVATION,HOLD,HOLD
0022100448,2021-12-19,Caruso,Alex Caruso,22,OBSERVED_PLAYED,0022100448,CHI,2266,,2021-12-11,2021-12-20,,,,,NO_AUTOMATIC_INFERENCE,HOLD,HOLD
0022100448,2021-12-19,Green,Javonte Green,0,OBSERVED_PLAYED,0022100448,CHI,2081,,2021-12-02,2021-12-20,,,,,NO_AUTOMATIC_INFERENCE,HOLD,HOLD
0022100448,2021-12-19,Chris Duarte,Chris Duarte,14,NO_SAME_DAY_ROW,,,,,2021-12-16,2021-12-21,,,,,REVIEW_MISSING_OBSERVATION,HOLD,HOLD
0022100448,2021-12-19,Joe Wieskamp,Joe Wieskamp,0,NO_SAME_DAY_ROW,,,,,2021-12-07,2021-12-26,,,,,REVIEW_MISSING_OBSERVATION,HOLD,HOLD
0022100448,2021-12-19,Tony Bradley,Tony Bradley,12,OBSERVED_PLAYED,0022100448,CHI,657,,2021-12-11,2021-12-20,,,,,NO_AUTOMATIC_INFERENCE,HOLD,HOLD
0022100448,2021-12-19,Stanley Johnson,Stanley Johnson,0,NO_SAME_DAY_ROW,,,,,,2021-12-25,,,,,REVIEW_MISSING_OBSERVATION,HOLD,HOLD
0022100448,2021-12-19,Denzel Valentine,Denzel Valentine,0,NO_SAME_DAY_ROW,,,,,2021-12-18,2021-12-22,,,,,REVIEW_MISSING_OBSERVATION,HOLD,HOLD
0022100448,2021-12-19,Protagonist,,32,FICTIONAL_NO_OBSERVATION,,,,,,,,,,,NO_AUTOMATIC_INFERENCE,HOLD,HOLD
0022100459,2021-12-20,LaVine,Zach LaVine,34,NO_SAME_DAY_ROW,,,,,2021-12-11,2021-12-26,,,,,REVIEW_MISSING_OBSERVATION,HOLD,HOLD
0022100459,2021-12-20,LaMelo_pick4,LaMelo Ball,32,OBSERVED_PLAYED,0022100461,CHA,1965,,2021-12-19,2021-12-23,,,,,NO_AUTOMATIC_INFERENCE,HOLD,HOLD
0022100459,2021-12-20,Coby,Coby White,18,OBSERVED_PLAYED,0022100459,CHI,1906,,2021-12-19,2021-12-26,,,,,NO_AUTOMATIC_INFERENCE,HOLD,HOLD
0022100459,2021-12-20,Carter,Wendell Carter Jr.,28,NO_SAME_DAY_ROW,,,,,2021-12-17,2021-12-23,,,,,REVIEW_MISSING_OBSERVATION,HOLD,HOLD
0022100459,2021-12-20,Young,Thaddeus Young,20,OBSERVED_COACH_DNP,0022100463,SAS,0,DNP - Coach's Decision,2021-12-15,2021-12-31,,,,,NO_AUTOMATIC_INFERENCE,HOLD,HOLD
0022100459,2021-12-20,Satoransky,Tomas Satoransky,0,NO_SAME_DAY_ROW,,,,,2021-12-17,2021-12-21,,,,,REVIEW_MISSING_OBSERVATION,HOLD,HOLD
0022100459,2021-12-20,Markkanen,Lauri Markkanen,28,NO_SAME_DAY_ROW,,,,,2021-12-18,2021-12-22,,,,,REVIEW_MISSING_OBSERVATION,HOLD,HOLD
0022100459,2021-12-20,Caruso,Alex Caruso,22,OBSERVED_PLAYED,0022100459,CHI,364,,2021-12-19,2022-01-19,,,,,NO_AUTOMATIC_INFERENCE,HOLD,HOLD
0022100459,2021-12-20,Green,Javonte Green,0,OBSERVED_PLAYED,0022100459,CHI,1600,,2021-12-19,2021-12-26,,,,,NO_AUTOMATIC_INFERENCE,HOLD,HOLD
0022100459,2021-12-20,Chris Duarte,Chris Duarte,14,NO_SAME_DAY_ROW,,,,,2021-12-16,2021-12-21,,,,,REVIEW_MISSING_OBSERVATION,HOLD,HOLD
0022100459,2021-12-20,Joe Wieskamp,Joe Wieskamp,0,NO_SAME_DAY_ROW,,,,,2021-12-07,2021-12-26,,,,,REVIEW_MISSING_OBSERVATION,HOLD,HOLD
0022100459,2021-12-20,Tony Bradley,Tony Bradley,12,OBSERVED_PLAYED,0022100459,CHI,896,,2021-12-19,2022-01-07,,,,,NO_AUTOMATIC_INFERENCE,HOLD,HOLD
0022100459,2021-12-20,Stanley Johnson,Stanley Johnson,0,NO_SAME_DAY_ROW,,,,,,2021-12-25,,,,,REVIEW_MISSING_OBSERVATION,HOLD,HOLD
0022100459,2021-12-20,Denzel Valentine,Denzel Valentine,0,NO_SAME_DAY_ROW,,,,,2021-12-18,2021-12-22,,,,,REVIEW_MISSING_OBSERVATION,HOLD,HOLD
0022100459,2021-12-20,Protagonist,,32,FICTIONAL_NO_OBSERVATION,,,,,,,,,,,NO_AUTOMATIC_INFERENCE,HOLD,HOLD
0022100499,2021-12-26,LaVine,Zach LaVine,34,OBSERVED_PLAYED,0022100499,CHI,1985,,2021-12-11,2021-12-27,,,,,NO_AUTOMATIC_INFERENCE,HOLD,HOLD
0022100499,2021-12-26,LaMelo_pick4,LaMelo Ball,32,NO_SAME_DAY_ROW,,,,,2021-12-23,2021-12-27,,,,,REVIEW_MISSING_OBSERVATION,HOLD,HOLD
0022100499,2021-12-26,Coby,Coby White,18,OBSERVED_PLAYED,0022100499,CHI,1997,,2021-12-20,2021-12-27,,,,,NO_AUTOMATIC_INFERENCE,HOLD,HOLD
0022100499,2021-12-26,Carter,Wendell Carter Jr.,28,OBSERVED_PLAYED,0022100493,ORL,1525,,2021-12-23,2021-12-28,,,,,NO_AUTOMATIC_INFERENCE,HOLD,HOLD
0022100499,2021-12-26,Young,Thaddeus Young,20,OBSERVED_COACH_DNP,0022100498,SAS,0,DNP - Coach's Decision,2021-12-15,2021-12-31,,,,,NO_AUTOMATIC_INFERENCE,HOLD,HOLD
0022100499,2021-12-26,Satoransky,Tomas Satoransky,0,OBSERVED_PLAYED,0022100497,NOP,1013,,2021-12-23,2021-12-28,,,,,NO_AUTOMATIC_INFERENCE,HOLD,HOLD
0022100499,2021-12-26,Markkanen,Lauri Markkanen,28,OBSERVED_PLAYED,0022100494,CLE,1329,,2021-12-22,2021-12-28,,,,,NO_AUTOMATIC_INFERENCE,HOLD,HOLD
0022100499,2021-12-26,Caruso,Alex Caruso,22,NO_SAME_DAY_ROW,,,,,2021-12-20,2022-01-19,,,,,REVIEW_MISSING_OBSERVATION,HOLD,HOLD
0022100499,2021-12-26,Green,Javonte Green,0,OBSERVED_PLAYED,0022100499,CHI,1692,,2021-12-20,2021-12-27,,,,,NO_AUTOMATIC_INFERENCE,HOLD,HOLD
0022100499,2021-12-26,Chris Duarte,Chris Duarte,14,OBSERVED_PLAYED,0022100499,IND,1993,,2021-12-23,2021-12-29,,,,,NO_AUTOMATIC_INFERENCE,HOLD,HOLD
0022100499,2021-12-26,Joe Wieskamp,Joe Wieskamp,0,OBSERVED_PLAYED,0022100498,SAS,467,,2021-12-07,2021-12-27,,,,,NO_AUTOMATIC_INFERENCE,HOLD,HOLD
0022100499,2021-12-26,Tony Bradley,Tony Bradley,12,NO_SAME_DAY_ROW,,,,,2021-12-20,2022-01-07,,,,,REVIEW_MISSING_OBSERVATION,HOLD,HOLD
0022100499,2021-12-26,Stanley Johnson,Stanley Johnson,0,NO_SAME_DAY_ROW,,,,,2021-12-25,2021-12-28,,,,,REVIEW_MISSING_OBSERVATION,HOLD,HOLD
0022100499,2021-12-26,Denzel Valentine,Denzel Valentine,0,OBSERVED_PLAYED,0022100494,CLE,1570,,2021-12-22,2021-12-28,,,,,NO_AUTOMATIC_INFERENCE,HOLD,HOLD
0022100499,2021-12-26,Protagonist,,32,FICTIONAL_NO_OBSERVATION,,,,,,,,,,,NO_AUTOMATIC_INFERENCE,HOLD,HOLD
0022100502,2021-12-27,LaVine,Zach LaVine,34,OBSERVED_PLAYED,0022100502,CHI,2237,,2021-12-26,2021-12-29,,,,,NO_AUTOMATIC_INFERENCE,HOLD,HOLD
0022100502,2021-12-27,LaMelo_pick4,LaMelo Ball,32,OBSERVED_PLAYED,0022100501,CHA,1471,,2021-12-23,2021-12-29,,,,,NO_AUTOMATIC_INFERENCE,HOLD,HOLD
0022100502,2021-12-27,Coby,Coby White,18,OBSERVED_PLAYED,0022100502,CHI,1501,,2021-12-26,2021-12-29,,,,,NO_AUTOMATIC_INFERENCE,HOLD,HOLD
0022100502,2021-12-27,Carter,Wendell Carter Jr.,28,NO_SAME_DAY_ROW,,,,,2021-12-26,2021-12-28,,,,,REVIEW_MISSING_OBSERVATION,HOLD,HOLD
0022100502,2021-12-27,Young,Thaddeus Young,20,OBSERVED_COACH_DNP,0022100504,SAS,0,DNP - Coach's Decision,2021-12-15,2021-12-31,,,,,NO_AUTOMATIC_INFERENCE,HOLD,HOLD
0022100502,2021-12-27,Satoransky,Tomas Satoransky,0,NO_SAME_DAY_ROW,,,,,2021-12-26,2021-12-28,,,,,REVIEW_MISSING_OBSERVATION,HOLD,HOLD
0022100502,2021-12-27,Markkanen,Lauri Markkanen,28,NO_SAME_DAY_ROW,,,,,2021-12-26,2021-12-28,,,,,REVIEW_MISSING_OBSERVATION,HOLD,HOLD
0022100502,2021-12-27,Caruso,Alex Caruso,22,NO_SAME_DAY_ROW,,,,,2021-12-20,2022-01-19,,,,,REVIEW_MISSING_OBSERVATION,HOLD,HOLD
0022100502,2021-12-27,Green,Javonte Green,0,OBSERVED_PLAYED,0022100502,CHI,1762,,2021-12-26,2021-12-29,,,,,NO_AUTOMATIC_INFERENCE,HOLD,HOLD
0022100502,2021-12-27,Chris Duarte,Chris Duarte,14,NO_SAME_DAY_ROW,,,,,2021-12-26,2021-12-29,,,,,REVIEW_MISSING_OBSERVATION,HOLD,HOLD
0022100502,2021-12-27,Joe Wieskamp,Joe Wieskamp,0,OBSERVED_PLAYED,0022100504,SAS,110,,2021-12-26,2021-12-31,,,,,NO_AUTOMATIC_INFERENCE,HOLD,HOLD
0022100502,2021-12-27,Tony Bradley,Tony Bradley,12,NO_SAME_DAY_ROW,,,,,2021-12-20,2022-01-07,,,,,REVIEW_MISSING_OBSERVATION,HOLD,HOLD
0022100502,2021-12-27,Stanley Johnson,Stanley Johnson,0,NO_SAME_DAY_ROW,,,,,2021-12-25,2021-12-28,,,,,REVIEW_MISSING_OBSERVATION,HOLD,HOLD
0022100502,2021-12-27,Denzel Valentine,Denzel Valentine,0,NO_SAME_DAY_ROW,,,,,2021-12-26,2021-12-28,,,,,REVIEW_MISSING_OBSERVATION,HOLD,HOLD
0022100502,2021-12-27,Protagonist,,32,FICTIONAL_NO_OBSERVATION,,,,,,,,,,,NO_AUTOMATIC_INFERENCE,HOLD,HOLD
0022100519,2021-12-29,LaVine,Zach LaVine,34,OBSERVED_PLAYED,0022100519,CHI,1913,,2021-12-27,2021-12-31,,,,,NO_AUTOMATIC_INFERENCE,HOLD,HOLD
0022100519,2021-12-29,LaMelo_pick4,LaMelo Ball,32,OBSERVED_PLAYED,0022100517,CHA,2021,,2021-12-27,2022-01-02,,,,,NO_AUTOMATIC_INFERENCE,HOLD,HOLD
0022100519,2021-12-29,Coby,Coby White,18,OBSERVED_PLAYED,0022100519,CHI,2111,,2021-12-27,2021-12-31,,,,,NO_AUTOMATIC_INFERENCE,HOLD,HOLD
0022100519,2021-12-29,Carter,Wendell Carter Jr.,28,NO_SAME_DAY_ROW,,,,,2021-12-28,2021-12-30,,,,,REVIEW_MISSING_OBSERVATION,HOLD,HOLD
0022100519,2021-12-29,Young,Thaddeus Young,20,NO_SAME_DAY_ROW,,,,,2021-12-15,2021-12-31,,,,,REVIEW_MISSING_OBSERVATION,HOLD,HOLD
0022100519,2021-12-29,Satoransky,Tomas Satoransky,0,NO_SAME_DAY_ROW,,,,,2021-12-28,2022-01-01,,,,,REVIEW_MISSING_OBSERVATION,HOLD,HOLD
0022100519,2021-12-29,Markkanen,Lauri Markkanen,28,NO_SAME_DAY_ROW,,,,,2021-12-28,2021-12-30,,,,,REVIEW_MISSING_OBSERVATION,HOLD,HOLD
0022100519,2021-12-29,Caruso,Alex Caruso,22,NO_SAME_DAY_ROW,,,,,2021-12-20,2022-01-19,,,,,REVIEW_MISSING_OBSERVATION,HOLD,HOLD
0022100519,2021-12-29,Green,Javonte Green,0,OBSERVED_PLAYED,0022100519,CHI,1387,,2021-12-27,2021-12-31,,,,,NO_AUTOMATIC_INFERENCE,HOLD,HOLD
0022100519,2021-12-29,Chris Duarte,Chris Duarte,14,OBSERVED_PLAYED,0022100517,IND,1379,,2021-12-26,2022-01-08,,,,,NO_AUTOMATIC_INFERENCE,HOLD,HOLD
0022100519,2021-12-29,Joe Wieskamp,Joe Wieskamp,0,NO_SAME_DAY_ROW,,,,,2021-12-27,2021-12-31,,,,,REVIEW_MISSING_OBSERVATION,HOLD,HOLD
0022100519,2021-12-29,Tony Bradley,Tony Bradley,12,NO_SAME_DAY_ROW,,,,,2021-12-20,2022-01-07,,,,,REVIEW_MISSING_OBSERVATION,HOLD,HOLD
0022100519,2021-12-29,Stanley Johnson,Stanley Johnson,0,OBSERVED_PLAYED,0022100520,LAL,1352,,2021-12-28,2021-12-31,,,,,NO_AUTOMATIC_INFERENCE,HOLD,HOLD
0022100519,2021-12-29,Denzel Valentine,Denzel Valentine,0,NO_SAME_DAY_ROW,,,,,2021-12-28,2022-01-12,,,,,REVIEW_MISSING_OBSERVATION,HOLD,HOLD
0022100519,2021-12-29,Protagonist,,32,FICTIONAL_NO_OBSERVATION,,,,,,,,,,,NO_AUTOMATIC_INFERENCE,HOLD,HOLD
0022100530,2021-12-31,LaVine,Zach LaVine,34,OBSERVED_PLAYED,0022100530,CHI,2157,,2021-12-29,2022-01-01,,,,,NO_AUTOMATIC_INFERENCE,HOLD,HOLD
0022100530,2021-12-31,LaMelo_pick4,LaMelo Ball,32,NO_SAME_DAY_ROW,,,,,2021-12-29,2022-01-02,,,,,REVIEW_MISSING_OBSERVATION,HOLD,HOLD
0022100530,2021-12-31,Coby,Coby White,18,OBSERVED_PLAYED,0022100530,CHI,2009,,2021-12-29,2022-01-01,,,,,NO_AUTOMATIC_INFERENCE,HOLD,HOLD
0022100530,2021-12-31,Carter,Wendell Carter Jr.,28,NO_SAME_DAY_ROW,,,,,2021-12-30,2022-01-02,,,,,REVIEW_MISSING_OBSERVATION,HOLD,HOLD
0022100530,2021-12-31,Young,Thaddeus Young,20,OBSERVED_PLAYED,0022100535,SAS,729,,2021-12-15,2022-01-19,,,,,NO_AUTOMATIC_INFERENCE,HOLD,HOLD
0022100530,2021-12-31,Satoransky,Tomas Satoransky,0,NO_SAME_DAY_ROW,,,,,2021-12-28,2022-01-01,,,,,REVIEW_MISSING_OBSERVATION,HOLD,HOLD
0022100530,2021-12-31,Markkanen,Lauri Markkanen,28,OBSERVED_PLAYED,0022100533,CLE,1833,,2021-12-30,2022-01-02,,,,,NO_AUTOMATIC_INFERENCE,HOLD,HOLD
0022100530,2021-12-31,Caruso,Alex Caruso,22,NO_SAME_DAY_ROW,,,,,2021-12-20,2022-01-19,,,,,REVIEW_MISSING_OBSERVATION,HOLD,HOLD
0022100530,2021-12-31,Green,Javonte Green,0,OBSERVED_PLAYED,0022100530,CHI,1650,,2021-12-29,2022-01-24,,,,,NO_AUTOMATIC_INFERENCE,HOLD,HOLD
0022100530,2021-12-31,Chris Duarte,Chris Duarte,14,NO_SAME_DAY_ROW,,,,,2021-12-29,2022-01-08,,,,,REVIEW_MISSING_OBSERVATION,HOLD,HOLD
0022100530,2021-12-31,Joe Wieskamp,Joe Wieskamp,0,OBSERVED_PLAYED,0022100535,SAS,297,,2021-12-27,2022-01-01,,,,,NO_AUTOMATIC_INFERENCE,HOLD,HOLD
0022100530,2021-12-31,Tony Bradley,Tony Bradley,12,NO_SAME_DAY_ROW,,,,,2021-12-20,2022-01-07,,,,,REVIEW_MISSING_OBSERVATION,HOLD,HOLD
0022100530,2021-12-31,Stanley Johnson,Stanley Johnson,0,OBSERVED_PLAYED,0022100538,LAL,1383,,2021-12-29,2022-01-02,,,,,NO_AUTOMATIC_INFERENCE,HOLD,HOLD
0022100530,2021-12-31,Denzel Valentine,Denzel Valentine,0,NO_SAME_DAY_ROW,,,,,2021-12-28,2022-01-12,,,,,REVIEW_MISSING_OBSERVATION,HOLD,HOLD
0022100530,2021-12-31,Protagonist,,32,FICTIONAL_NO_OBSERVATION,,,,,,,,,,,NO_AUTOMATIC_INFERENCE,HOLD,HOLD
0022100541,2022-01-01,LaVine,Zach LaVine,34,OBSERVED_PLAYED,0022100541,CHI,2273,,2021-12-31,2022-01-03,,,,,NO_AUTOMATIC_INFERENCE,HOLD,HOLD
0022100541,2022-01-01,LaMelo_pick4,LaMelo Ball,32,NO_SAME_DAY_ROW,,,,,2021-12-29,2022-01-02,,,,,REVIEW_MISSING_OBSERVATION,HOLD,HOLD
0022100541,2022-01-01,Coby,Coby White,18,OBSERVED_PLAYED,0022100541,CHI,2269,,2021-12-31,2022-01-03,,,,,NO_AUTOMATIC_INFERENCE,HOLD,HOLD
0022100541,2022-01-01,Carter,Wendell Carter Jr.,28,NO_SAME_DAY_ROW,,,,,2021-12-30,2022-01-02,,,,,REVIEW_MISSING_OBSERVATION,HOLD,HOLD
0022100541,2022-01-01,Young,Thaddeus Young,20,OBSERVED_COACH_DNP,0022100540,SAS,0,DNP - Coach's Decision,2021-12-31,2022-01-19,,,,,NO_AUTOMATIC_INFERENCE,HOLD,HOLD
0022100541,2022-01-01,Satoransky,Tomas Satoransky,0,OBSERVED_PLAYED,0022100539,NOP,824,,2021-12-28,2022-01-25,,,,,NO_AUTOMATIC_INFERENCE,HOLD,HOLD
0022100541,2022-01-01,Markkanen,Lauri Markkanen,28,NO_SAME_DAY_ROW,,,,,2021-12-31,2022-01-02,,,,,REVIEW_MISSING_OBSERVATION,HOLD,HOLD
0022100541,2022-01-01,Caruso,Alex Caruso,22,NO_SAME_DAY_ROW,,,,,2021-12-20,2022-01-19,,,,,REVIEW_MISSING_OBSERVATION,HOLD,HOLD
0022100541,2022-01-01,Green,Javonte Green,0,NO_SAME_DAY_ROW,,,,,2021-12-31,2022-01-24,,,,,REVIEW_MISSING_OBSERVATION,HOLD,HOLD
0022100541,2022-01-01,Chris Duarte,Chris Duarte,14,NO_SAME_DAY_ROW,,,,,2021-12-29,2022-01-08,,,,,REVIEW_MISSING_OBSERVATION,HOLD,HOLD
0022100541,2022-01-01,Joe Wieskamp,Joe Wieskamp,0,OBSERVED_PLAYED,0022100540,SAS,258,,2021-12-31,2022-01-04,,,,,NO_AUTOMATIC_INFERENCE,HOLD,HOLD
0022100541,2022-01-01,Tony Bradley,Tony Bradley,12,NO_SAME_DAY_ROW,,,,,2021-12-20,2022-01-07,,,,,REVIEW_MISSING_OBSERVATION,HOLD,HOLD
0022100541,2022-01-01,Stanley Johnson,Stanley Johnson,0,NO_SAME_DAY_ROW,,,,,2021-12-31,2022-01-02,,,,,REVIEW_MISSING_OBSERVATION,HOLD,HOLD
0022100541,2022-01-01,Denzel Valentine,Denzel Valentine,0,NO_SAME_DAY_ROW,,,,,2021-12-28,2022-01-12,,,,,REVIEW_MISSING_OBSERVATION,HOLD,HOLD
0022100541,2022-01-01,Protagonist,,32,FICTIONAL_NO_OBSERVATION,,,,,,,,,,,NO_AUTOMATIC_INFERENCE,HOLD,HOLD
0022100555,2022-01-03,LaVine,Zach LaVine,34,OBSERVED_PLAYED,0022100555,CHI,2062,,2022-01-01,2022-01-07,,,,,NO_AUTOMATIC_INFERENCE,HOLD,HOLD
0022100555,2022-01-03,LaMelo_pick4,LaMelo Ball,32,OBSERVED_PLAYED,0022100553,CHA,1880,,2022-01-02,2022-01-05,,,,,NO_AUTOMATIC_INFERENCE,HOLD,HOLD
0022100555,2022-01-03,Coby,Coby White,18,OBSERVED_PLAYED,0022100555,CHI,2076,,2022-01-01,2022-01-07,,,,,NO_AUTOMATIC_INFERENCE,HOLD,HOLD
0022100555,2022-01-03,Carter,Wendell Carter Jr.,28,OBSERVED_PLAYED,0022100555,ORL,2124,,2022-01-02,2022-01-05,,,,,NO_AUTOMATIC_INFERENCE,HOLD,HOLD
0022100555,2022-01-03,Young,Thaddeus Young,20,NO_SAME_DAY_ROW,,,,,2021-12-31,2022-01-19,,,,,REVIEW_MISSING_OBSERVATION,HOLD,HOLD
0022100555,2022-01-03,Satoransky,Tomas Satoransky,0,NO_SAME_DAY_ROW,,,,,2022-01-01,2022-01-25,,,,,REVIEW_MISSING_OBSERVATION,HOLD,HOLD
0022100555,2022-01-03,Markkanen,Lauri Markkanen,28,NO_SAME_DAY_ROW,,,,,2022-01-02,2022-01-04,,,,,REVIEW_MISSING_OBSERVATION,HOLD,HOLD
0022100555,2022-01-03,Caruso,Alex Caruso,22,NO_SAME_DAY_ROW,,,,,2021-12-20,2022-01-19,,,,,REVIEW_MISSING_OBSERVATION,HOLD,HOLD
0022100555,2022-01-03,Green,Javonte Green,0,NO_SAME_DAY_ROW,,,,,2021-12-31,2022-01-24,,,,,REVIEW_MISSING_OBSERVATION,HOLD,HOLD
0022100555,2022-01-03,Chris Duarte,Chris Duarte,14,NO_SAME_DAY_ROW,,,,,2021-12-29,2022-01-08,,,,,REVIEW_MISSING_OBSERVATION,HOLD,HOLD
0022100555,2022-01-03,Joe Wieskamp,Joe Wieskamp,0,NO_SAME_DAY_ROW,,,,,2022-01-01,2022-01-04,,,,,REVIEW_MISSING_OBSERVATION,HOLD,HOLD
0022100555,2022-01-03,Tony Bradley,Tony Bradley,12,NO_SAME_DAY_ROW,,,,,2021-12-20,2022-01-07,,,,,REVIEW_MISSING_OBSERVATION,HOLD,HOLD
0022100555,2022-01-03,Stanley Johnson,Stanley Johnson,0,NO_SAME_DAY_ROW,,,,,2022-01-02,2022-01-07,,,,,REVIEW_MISSING_OBSERVATION,HOLD,HOLD
0022100555,2022-01-03,Denzel Valentine,Denzel Valentine,0,NO_SAME_DAY_ROW,,,,,2021-12-28,2022-01-12,,,,,REVIEW_MISSING_OBSERVATION,HOLD,HOLD
0022100555,2022-01-03,Protagonist,,32,FICTIONAL_NO_OBSERVATION,,,,,,,,,,,NO_AUTOMATIC_INFERENCE,HOLD,HOLD
0022100585,2022-01-07,LaVine,Zach LaVine,34,OBSERVED_PLAYED,0022100585,CHI,1990,,2022-01-03,2022-01-09,,,,,NO_AUTOMATIC_INFERENCE,HOLD,HOLD
0022100585,2022-01-07,LaMelo_pick4,LaMelo Ball,32,NO_SAME_DAY_ROW,,,,,2022-01-05,2022-01-08,,,,,REVIEW_MISSING_OBSERVATION,HOLD,HOLD
0022100585,2022-01-07,Coby,Coby White,18,OBSERVED_PLAYED,0022100585,CHI,1909,,2022-01-03,2022-01-09,,,,,NO_AUTOMATIC_INFERENCE,HOLD,HOLD
0022100585,2022-01-07,Carter,Wendell Carter Jr.,28,NO_SAME_DAY_ROW,,,,,2022-01-05,2022-01-21,,,,,REVIEW_MISSING_OBSERVATION,HOLD,HOLD
0022100585,2022-01-07,Young,Thaddeus Young,20,NO_SAME_DAY_ROW,,,,,2021-12-31,2022-01-19,,,,,REVIEW_MISSING_OBSERVATION,HOLD,HOLD
0022100585,2022-01-07,Satoransky,Tomas Satoransky,0,NO_SAME_DAY_ROW,,,,,2022-01-01,2022-01-25,,,,,REVIEW_MISSING_OBSERVATION,HOLD,HOLD
0022100585,2022-01-07,Markkanen,Lauri Markkanen,28,OBSERVED_PLAYED,0022100590,CLE,2004,,2022-01-04,2022-01-09,,,,,NO_AUTOMATIC_INFERENCE,HOLD,HOLD
0022100585,2022-01-07,Caruso,Alex Caruso,22,NO_SAME_DAY_ROW,,,,,2021-12-20,2022-01-19,,,,,REVIEW_MISSING_OBSERVATION,HOLD,HOLD
0022100585,2022-01-07,Green,Javonte Green,0,NO_SAME_DAY_ROW,,,,,2021-12-31,2022-01-24,,,,,REVIEW_MISSING_OBSERVATION,HOLD,HOLD
0022100585,2022-01-07,Chris Duarte,Chris Duarte,14,NO_SAME_DAY_ROW,,,,,2021-12-29,2022-01-08,,,,,REVIEW_MISSING_OBSERVATION,HOLD,HOLD
0022100585,2022-01-07,Joe Wieskamp,Joe Wieskamp,0,OBSERVED_PLAYED,0022100582,SAS,706,,2022-01-04,2022-01-09,,,,,NO_AUTOMATIC_INFERENCE,HOLD,HOLD
0022100585,2022-01-07,Tony Bradley,Tony Bradley,12,OBSERVED_PLAYED,0022100585,CHI,649,,2021-12-20,2022-01-09,,,,,NO_AUTOMATIC_INFERENCE,HOLD,HOLD
0022100585,2022-01-07,Stanley Johnson,Stanley Johnson,0,OBSERVED_PLAYED,0022100589,LAL,1173,,2022-01-02,2022-01-09,,,,,NO_AUTOMATIC_INFERENCE,HOLD,HOLD
0022100585,2022-01-07,Denzel Valentine,Denzel Valentine,0,NO_SAME_DAY_ROW,,,,,2021-12-28,2022-01-12,,,,,REVIEW_MISSING_OBSERVATION,HOLD,HOLD
0022100585,2022-01-07,Protagonist,,32,FICTIONAL_NO_OBSERVATION,,,,,,,,,,,NO_AUTOMATIC_INFERENCE,HOLD,HOLD
0022100603,2022-01-09,LaVine,Zach LaVine,34,OBSERVED_PLAYED,0022100603,CHI,2072,,2022-01-07,2022-01-11,,,,,NO_AUTOMATIC_INFERENCE,HOLD,HOLD
0022100603,2022-01-09,LaMelo_pick4,LaMelo Ball,32,NO_SAME_DAY_ROW,,,,,2022-01-08,2022-01-10,,,,,REVIEW_MISSING_OBSERVATION,HOLD,HOLD
0022100603,2022-01-09,Coby,Coby White,18,OBSERVED_PLAYED,0022100603,CHI,1642,,2022-01-07,2022-01-11,,,,,NO_AUTOMATIC_INFERENCE,HOLD,HOLD
0022100603,2022-01-09,Carter,Wendell Carter Jr.,28,NO_SAME_DAY_ROW,,,,,2022-01-05,2022-01-21,,,,,REVIEW_MISSING_OBSERVATION,HOLD,HOLD
0022100603,2022-01-09,Young,Thaddeus Young,20,NO_SAME_DAY_ROW,,,,,2021-12-31,2022-01-19,,,,,REVIEW_MISSING_OBSERVATION,HOLD,HOLD
0022100603,2022-01-09,Satoransky,Tomas Satoransky,0,NO_SAME_DAY_ROW,,,,,2022-01-01,2022-01-25,,,,,REVIEW_MISSING_OBSERVATION,HOLD,HOLD
0022100603,2022-01-09,Markkanen,Lauri Markkanen,28,OBSERVED_PLAYED,0022100604,CLE,1746,,2022-01-07,2022-01-10,,,,,NO_AUTOMATIC_INFERENCE,HOLD,HOLD
0022100603,2022-01-09,Caruso,Alex Caruso,22,NO_SAME_DAY_ROW,,,,,2021-12-20,2022-01-19,,,,,REVIEW_MISSING_OBSERVATION,HOLD,HOLD
0022100603,2022-01-09,Green,Javonte Green,0,NO_SAME_DAY_ROW,,,,,2021-12-31,2022-01-24,,,,,REVIEW_MISSING_OBSERVATION,HOLD,HOLD
0022100603,2022-01-09,Chris Duarte,Chris Duarte,14,NO_SAME_DAY_ROW,,,,,2022-01-08,2022-01-14,,,,,REVIEW_MISSING_OBSERVATION,HOLD,HOLD
0022100603,2022-01-09,Joe Wieskamp,Joe Wieskamp,0,OBSERVED_PLAYED,0022100602,SAS,195,,2022-01-07,2022-01-10,,,,,NO_AUTOMATIC_INFERENCE,HOLD,HOLD
0022100603,2022-01-09,Tony Bradley,Tony Bradley,12,OBSERVED_PLAYED,0022100603,CHI,635,,2022-01-07,2022-01-11,,,,,NO_AUTOMATIC_INFERENCE,HOLD,HOLD
0022100603,2022-01-09,Stanley Johnson,Stanley Johnson,0,OBSERVED_PLAYED,0022100606,LAL,793,,2022-01-07,2022-01-12,,,,,NO_AUTOMATIC_INFERENCE,HOLD,HOLD
0022100603,2022-01-09,Denzel Valentine,Denzel Valentine,0,NO_SAME_DAY_ROW,,,,,2021-12-28,2022-01-12,,,,,REVIEW_MISSING_OBSERVATION,HOLD,HOLD
0022100603,2022-01-09,Protagonist,,32,FICTIONAL_NO_OBSERVATION,,,,,,,,,,,NO_AUTOMATIC_INFERENCE,HOLD,HOLD
0022100415,2022-01-11,LaVine,Zach LaVine,34,OBSERVED_PLAYED,0022100415,CHI,1745,,2022-01-09,2022-01-12,,,,,NO_AUTOMATIC_INFERENCE,HOLD,HOLD
0022100415,2022-01-11,LaMelo_pick4,LaMelo Ball,32,NO_SAME_DAY_ROW,,,,,2022-01-10,2022-01-12,,,,,REVIEW_MISSING_OBSERVATION,HOLD,HOLD
0022100415,2022-01-11,Coby,Coby White,18,OBSERVED_PLAYED,0022100415,CHI,1382,,2022-01-09,2022-01-12,,,,,NO_AUTOMATIC_INFERENCE,HOLD,HOLD
0022100415,2022-01-11,Carter,Wendell Carter Jr.,28,NO_SAME_DAY_ROW,,,,,2022-01-05,2022-01-21,,,,,REVIEW_MISSING_OBSERVATION,HOLD,HOLD
0022100415,2022-01-11,Young,Thaddeus Young,20,NO_SAME_DAY_ROW,,,,,2021-12-31,2022-01-19,,,,,REVIEW_MISSING_OBSERVATION,HOLD,HOLD
0022100415,2022-01-11,Satoransky,Tomas Satoransky,0,OBSERVED_COACH_DNP,0022100615,NOP,0,DNP - Coach's Decision,2022-01-01,2022-01-25,,,,,NO_AUTOMATIC_INFERENCE,HOLD,HOLD
0022100415,2022-01-11,Markkanen,Lauri Markkanen,28,NO_SAME_DAY_ROW,,,,,2022-01-10,2022-01-12,,,,,REVIEW_MISSING_OBSERVATION,HOLD,HOLD
0022100415,2022-01-11,Caruso,Alex Caruso,22,NO_SAME_DAY_ROW,,,,,2021-12-20,2022-01-19,,,,,REVIEW_MISSING_OBSERVATION,HOLD,HOLD
0022100415,2022-01-11,Green,Javonte Green,0,NO_SAME_DAY_ROW,,,,,2021-12-31,2022-01-24,,,,,REVIEW_MISSING_OBSERVATION,HOLD,HOLD
0022100415,2022-01-11,Chris Duarte,Chris Duarte,14,NO_SAME_DAY_ROW,,,,,2022-01-08,2022-01-14,,,,,REVIEW_MISSING_OBSERVATION,HOLD,HOLD
0022100415,2022-01-11,Joe Wieskamp,Joe Wieskamp,0,NO_SAME_DAY_ROW,,,,,2022-01-10,2022-01-17,,,,,REVIEW_MISSING_OBSERVATION,HOLD,HOLD
0022100415,2022-01-11,Tony Bradley,Tony Bradley,12,OBSERVED_PLAYED,0022100415,CHI,612,,2022-01-09,2022-01-12,,,,,NO_AUTOMATIC_INFERENCE,HOLD,HOLD
0022100415,2022-01-11,Stanley Johnson,Stanley Johnson,0,NO_SAME_DAY_ROW,,,,,2022-01-09,2022-01-12,,,,,REVIEW_MISSING_OBSERVATION,HOLD,HOLD
0022100415,2022-01-11,Denzel Valentine,Denzel Valentine,0,NO_SAME_DAY_ROW,,,,,2021-12-28,2022-01-12,,,,,REVIEW_MISSING_OBSERVATION,HOLD,HOLD
0022100415,2022-01-11,Protagonist,,32,FICTIONAL_NO_OBSERVATION,,,,,,,,,,,NO_AUTOMATIC_INFERENCE,HOLD,HOLD
0022100625,2022-01-12,LaVine,Zach LaVine,34,OBSERVED_PLAYED,0022100625,CHI,1972,,2022-01-11,2022-01-14,,,,,NO_AUTOMATIC_INFERENCE,HOLD,HOLD
0022100625,2022-01-12,LaMelo_pick4,LaMelo Ball,32,OBSERVED_PLAYED,0022100619,CHA,2141,,2022-01-10,2022-01-14,,,,,NO_AUTOMATIC_INFERENCE,HOLD,HOLD
0022100625,2022-01-12,Coby,Coby White,18,OBSERVED_PLAYED,0022100625,CHI,1504,,2022-01-11,2022-01-14,,,,,NO_AUTOMATIC_INFERENCE,HOLD,HOLD
0022100625,2022-01-12,Carter,Wendell Carter Jr.,28,OBSERVED_HEALTH_RESTRICTION,0022100620,ORL,0,DNP - Injury/Illness,2022-01-05,2022-01-21,,,,,REVIEW_LISTED_REASON,HOLD,HOLD
0022100625,2022-01-12,Young,Thaddeus Young,20,OBSERVED_COACH_DNP,0022100623,SAS,0,DNP - Coach's Decision,2021-12-31,2022-01-19,,,,,NO_AUTOMATIC_INFERENCE,HOLD,HOLD
0022100625,2022-01-12,Satoransky,Tomas Satoransky,0,NO_SAME_DAY_ROW,,,,,2022-01-01,2022-01-25,,,,,REVIEW_MISSING_OBSERVATION,HOLD,HOLD
0022100625,2022-01-12,Markkanen,Lauri Markkanen,28,OBSERVED_PLAYED,0022100624,CLE,2108,,2022-01-10,2022-01-14,,,,,NO_AUTOMATIC_INFERENCE,HOLD,HOLD
0022100625,2022-01-12,Caruso,Alex Caruso,22,NO_SAME_DAY_ROW,,,,,2021-12-20,2022-01-19,,,,,REVIEW_MISSING_OBSERVATION,HOLD,HOLD
0022100625,2022-01-12,Green,Javonte Green,0,NO_SAME_DAY_ROW,,,,,2021-12-31,2022-01-24,,,,,REVIEW_MISSING_OBSERVATION,HOLD,HOLD
0022100625,2022-01-12,Chris Duarte,Chris Duarte,14,NO_SAME_DAY_ROW,,,,,2022-01-08,2022-01-14,,,,,REVIEW_MISSING_OBSERVATION,HOLD,HOLD
0022100625,2022-01-12,Joe Wieskamp,Joe Wieskamp,0,OBSERVED_COACH_DNP,0022100623,SAS,0,DNP - Coach's Decision,2022-01-10,2022-01-17,,,,,NO_AUTOMATIC_INFERENCE,HOLD,HOLD
0022100625,2022-01-12,Tony Bradley,Tony Bradley,12,OBSERVED_PLAYED,0022100625,CHI,861,,2022-01-11,2022-01-14,,,,,NO_AUTOMATIC_INFERENCE,HOLD,HOLD
0022100625,2022-01-12,Stanley Johnson,Stanley Johnson,0,OBSERVED_PLAYED,0022100626,LAL,699,,2022-01-09,2022-01-15,,,,,NO_AUTOMATIC_INFERENCE,HOLD,HOLD
0022100625,2022-01-12,Denzel Valentine,Denzel Valentine,0,OBSERVED_PLAYED,0022100624,UTA,1009,,2021-12-28,2022-01-16,,,,,NO_AUTOMATIC_INFERENCE,HOLD,HOLD
0022100625,2022-01-12,Protagonist,,32,FICTIONAL_NO_OBSERVATION,,,,,,,,,,,NO_AUTOMATIC_INFERENCE,HOLD,HOLD
0022100637,2022-01-14,LaVine,Zach LaVine,34,OBSERVED_PLAYED,0022100637,CHI,212,,2022-01-12,2022-01-24,,,,,NO_AUTOMATIC_INFERENCE,HOLD,HOLD
0022100637,2022-01-14,LaMelo_pick4,LaMelo Ball,32,OBSERVED_PLAYED,0022100632,CHA,1816,,2022-01-12,2022-01-19,,,,,NO_AUTOMATIC_INFERENCE,HOLD,HOLD
0022100637,2022-01-14,Coby,Coby White,18,OBSERVED_PLAYED,0022100637,CHI,1718,,2022-01-12,2022-01-15,,,,,NO_AUTOMATIC_INFERENCE,HOLD,HOLD
0022100637,2022-01-14,Carter,Wendell Carter Jr.,28,NO_SAME_DAY_ROW,,,,,2022-01-05,2022-01-21,,,,,REVIEW_MISSING_OBSERVATION,HOLD,HOLD
0022100637,2022-01-14,Young,Thaddeus Young,20,OBSERVED_COACH_DNP,0022100638,SAS,0,DNP - Coach's Decision,2021-12-31,2022-01-19,,,,,NO_AUTOMATIC_INFERENCE,HOLD,HOLD
0022100637,2022-01-14,Satoransky,Tomas Satoransky,0,NO_SAME_DAY_ROW,,,,,2022-01-01,2022-01-25,,,,,REVIEW_MISSING_OBSERVATION,HOLD,HOLD
0022100637,2022-01-14,Markkanen,Lauri Markkanen,28,OBSERVED_PLAYED,0022100638,CLE,2012,,2022-01-12,2022-01-15,,,,,NO_AUTOMATIC_INFERENCE,HOLD,HOLD
0022100637,2022-01-14,Caruso,Alex Caruso,22,NO_SAME_DAY_ROW,,,,,2021-12-20,2022-01-19,,,,,REVIEW_MISSING_OBSERVATION,HOLD,HOLD
0022100637,2022-01-14,Green,Javonte Green,0,NO_SAME_DAY_ROW,,,,,2021-12-31,2022-01-24,,,,,REVIEW_MISSING_OBSERVATION,HOLD,HOLD
0022100637,2022-01-14,Chris Duarte,Chris Duarte,14,OBSERVED_PLAYED,0022100634,IND,1518,,2022-01-08,2022-01-17,,,,,NO_AUTOMATIC_INFERENCE,HOLD,HOLD
0022100637,2022-01-14,Joe Wieskamp,Joe Wieskamp,0,NO_SAME_DAY_ROW,,,,,2022-01-10,2022-01-17,,,,,REVIEW_MISSING_OBSERVATION,HOLD,HOLD
0022100637,2022-01-14,Tony Bradley,Tony Bradley,12,OBSERVED_PLAYED,0022100637,CHI,872,,2022-01-12,2022-01-15,,,,,NO_AUTOMATIC_INFERENCE,HOLD,HOLD
0022100637,2022-01-14,Stanley Johnson,Stanley Johnson,0,NO_SAME_DAY_ROW,,,,,2022-01-12,2022-01-15,,,,,REVIEW_MISSING_OBSERVATION,HOLD,HOLD
0022100637,2022-01-14,Denzel Valentine,Denzel Valentine,0,NO_SAME_DAY_ROW,,,,,2022-01-12,2022-01-16,,,,,REVIEW_MISSING_OBSERVATION,HOLD,HOLD
0022100637,2022-01-14,Protagonist,,32,FICTIONAL_NO_OBSERVATION,,,,,,,,,,,NO_AUTOMATIC_INFERENCE,HOLD,HOLD
0022100647,2022-01-15,LaVine,Zach LaVine,34,NO_SAME_DAY_ROW,,,,,2022-01-14,2022-01-24,,,,,REVIEW_MISSING_OBSERVATION,HOLD,HOLD
0022100647,2022-01-15,LaMelo_pick4,LaMelo Ball,32,NO_SAME_DAY_ROW,,,,,2022-01-14,2022-01-19,,,,,REVIEW_MISSING_OBSERVATION,HOLD,HOLD
0022100647,2022-01-15,Coby,Coby White,18,OBSERVED_PLAYED,0022100647,CHI,2369,,2022-01-14,2022-01-17,,,,,NO_AUTOMATIC_INFERENCE,HOLD,HOLD
0022100647,2022-01-15,Carter,Wendell Carter Jr.,28,NO_SAME_DAY_ROW,,,,,2022-01-05,2022-01-21,,,,,REVIEW_MISSING_OBSERVATION,HOLD,HOLD
0022100647,2022-01-15,Young,Thaddeus Young,20,OBSERVED_COACH_DNP,0022100648,SAS,0,DNP - Coach's Decision,2021-12-31,2022-01-19,,,,,NO_AUTOMATIC_INFERENCE,HOLD,HOLD
0022100647,2022-01-15,Satoransky,Tomas Satoransky,0,OBSERVED_COACH_DNP,0022100644,NOP,0,DNP - Coach's Decision,2022-01-01,2022-01-25,,,,,NO_AUTOMATIC_INFERENCE,HOLD,HOLD
0022100647,2022-01-15,Markkanen,Lauri Markkanen,28,OBSERVED_PLAYED,0022100646,CLE,1911,,2022-01-14,2022-01-17,,,,,NO_AUTOMATIC_INFERENCE,HOLD,HOLD
0022100647,2022-01-15,Caruso,Alex Caruso,22,NO_SAME_DAY_ROW,,,,,2021-12-20,2022-01-19,,,,,REVIEW_MISSING_OBSERVATION,HOLD,HOLD
0022100647,2022-01-15,Green,Javonte Green,0,NO_SAME_DAY_ROW,,,,,2021-12-31,2022-01-24,,,,,REVIEW_MISSING_OBSERVATION,HOLD,HOLD
0022100647,2022-01-15,Chris Duarte,Chris Duarte,14,NO_SAME_DAY_ROW,,,,,2022-01-14,2022-01-17,,,,,REVIEW_MISSING_OBSERVATION,HOLD,HOLD
0022100647,2022-01-15,Joe Wieskamp,Joe Wieskamp,0,NO_SAME_DAY_ROW,,,,,2022-01-10,2022-01-17,,,,,REVIEW_MISSING_OBSERVATION,HOLD,HOLD
0022100647,2022-01-15,Tony Bradley,Tony Bradley,12,OBSERVED_PLAYED,0022100647,CHI,753,,2022-01-14,2022-01-17,,,,,NO_AUTOMATIC_INFERENCE,HOLD,HOLD
0022100647,2022-01-15,Stanley Johnson,Stanley Johnson,0,OBSERVED_PLAYED,0022100649,LAL,793,,2022-01-12,2022-01-17,,,,,NO_AUTOMATIC_INFERENCE,HOLD,HOLD
0022100647,2022-01-15,Denzel Valentine,Denzel Valentine,0,NO_SAME_DAY_ROW,,,,,2022-01-12,2022-01-16,,,,,REVIEW_MISSING_OBSERVATION,HOLD,HOLD
0022100647,2022-01-15,Protagonist,,32,FICTIONAL_NO_OBSERVATION,,,,,,,,,,,NO_AUTOMATIC_INFERENCE,HOLD,HOLD
0022100658,2022-01-17,LaVine,Zach LaVine,34,NO_SAME_DAY_ROW,,,,,2022-01-14,2022-01-24,,,,,REVIEW_MISSING_OBSERVATION,HOLD,HOLD
0022100658,2022-01-17,LaMelo_pick4,LaMelo Ball,32,OBSERVED_COACH_DNP,0022100655,CHA,0,DNP - Coach's Decision,2022-01-14,2022-01-19,,,,,NO_AUTOMATIC_INFERENCE,HOLD,HOLD
0022100658,2022-01-17,Coby,Coby White,18,OBSERVED_PLAYED,0022100658,CHI,1900,,2022-01-15,2022-01-19,,,,,NO_AUTOMATIC_INFERENCE,HOLD,HOLD
0022100658,2022-01-17,Carter,Wendell Carter Jr.,28,NO_SAME_DAY_ROW,,,,,2022-01-05,2022-01-21,,,,,REVIEW_MISSING_OBSERVATION,HOLD,HOLD
0022100658,2022-01-17,Young,Thaddeus Young,20,OBSERVED_COACH_DNP,0022100664,SAS,0,DNP - Coach's Decision,2021-12-31,2022-01-19,,,,,NO_AUTOMATIC_INFERENCE,HOLD,HOLD
0022100658,2022-01-17,Satoransky,Tomas Satoransky,0,OBSERVED_COACH_DNP,0022100654,NOP,0,DNP - Coach's Decision,2022-01-01,2022-01-25,,,,,NO_AUTOMATIC_INFERENCE,HOLD,HOLD
0022100658,2022-01-17,Markkanen,Lauri Markkanen,28,OBSERVED_PLAYED,0022100657,CLE,1786,,2022-01-15,2022-01-19,,,,,NO_AUTOMATIC_INFERENCE,HOLD,HOLD
0022100658,2022-01-17,Caruso,Alex Caruso,22,NO_SAME_DAY_ROW,,,,,2021-12-20,2022-01-19,,,,,REVIEW_MISSING_OBSERVATION,HOLD,HOLD
0022100658,2022-01-17,Green,Javonte Green,0,NO_SAME_DAY_ROW,,,,,2021-12-31,2022-01-24,,,,,REVIEW_MISSING_OBSERVATION,HOLD,HOLD
0022100658,2022-01-17,Chris Duarte,Chris Duarte,14,OBSERVED_PLAYED,0022100659,IND,2057,,2022-01-14,2022-01-19,,,,,NO_AUTOMATIC_INFERENCE,HOLD,HOLD
0022100658,2022-01-17,Joe Wieskamp,Joe Wieskamp,0,OBSERVED_PLAYED,0022100664,SAS,169,,2022-01-10,2022-01-19,,,,,NO_AUTOMATIC_INFERENCE,HOLD,HOLD
0022100658,2022-01-17,Tony Bradley,Tony Bradley,12,OBSERVED_PLAYED,0022100658,CHI,855,,2022-01-15,2022-01-19,,,,,NO_AUTOMATIC_INFERENCE,HOLD,HOLD
0022100658,2022-01-17,Stanley Johnson,Stanley Johnson,0,OBSERVED_PLAYED,0022100665,LAL,1472,,2022-01-15,2022-01-19,,,,,NO_AUTOMATIC_INFERENCE,HOLD,HOLD
0022100658,2022-01-17,Denzel Valentine,Denzel Valentine,0,OBSERVED_COACH_DNP,0022100665,UTA,0,DNP - Coach's Decision,2022-01-16,,,,,,NO_AUTOMATIC_INFERENCE,HOLD,HOLD
0022100658,2022-01-17,Protagonist,,32,FICTIONAL_NO_OBSERVATION,,,,,,,,,,,NO_AUTOMATIC_INFERENCE,HOLD,HOLD
0022100673,2022-01-19,LaVine,Zach LaVine,34,NO_SAME_DAY_ROW,,,,,2022-01-14,2022-01-24,,,,,REVIEW_MISSING_OBSERVATION,HOLD,HOLD
0022100673,2022-01-19,LaMelo_pick4,LaMelo Ball,32,OBSERVED_PLAYED,0022100671,CHA,1943,,2022-01-14,2022-01-21,,,,,NO_AUTOMATIC_INFERENCE,HOLD,HOLD
0022100673,2022-01-19,Coby,Coby White,18,OBSERVED_PLAYED,0022100673,CHI,2270,,2022-01-17,2022-01-21,,,,,NO_AUTOMATIC_INFERENCE,HOLD,HOLD
0022100673,2022-01-19,Carter,Wendell Carter Jr.,28,NO_SAME_DAY_ROW,,,,,2022-01-05,2022-01-21,,,,,REVIEW_MISSING_OBSERVATION,HOLD,HOLD
0022100673,2022-01-19,Young,Thaddeus Young,20,OBSERVED_PLAYED,0022100676,SAS,639,,2021-12-31,2022-01-25,,,,,NO_AUTOMATIC_INFERENCE,HOLD,HOLD
0022100673,2022-01-19,Satoransky,Tomas Satoransky,0,NO_SAME_DAY_ROW,,,,,2022-01-01,2022-01-25,,,,,REVIEW_MISSING_OBSERVATION,HOLD,HOLD
0022100673,2022-01-19,Markkanen,Lauri Markkanen,28,OBSERVED_PLAYED,0022100673,CLE,1953,,2022-01-17,2022-01-22,,,,,NO_AUTOMATIC_INFERENCE,HOLD,HOLD
0022100673,2022-01-19,Caruso,Alex Caruso,22,OBSERVED_PLAYED,0022100673,CHI,1375,,2021-12-20,2022-01-21,,,,,NO_AUTOMATIC_INFERENCE,HOLD,HOLD
0022100673,2022-01-19,Green,Javonte Green,0,NO_SAME_DAY_ROW,,,,,2021-12-31,2022-01-24,,,,,REVIEW_MISSING_OBSERVATION,HOLD,HOLD
0022100673,2022-01-19,Chris Duarte,Chris Duarte,14,OBSERVED_PLAYED,0022100680,IND,1936,,2022-01-17,2022-01-20,,,,,NO_AUTOMATIC_INFERENCE,HOLD,HOLD
0022100673,2022-01-19,Joe Wieskamp,Joe Wieskamp,0,OBSERVED_PLAYED,0022100676,SAS,525,,2022-01-17,2022-02-03,,,,,NO_AUTOMATIC_INFERENCE,HOLD,HOLD
0022100673,2022-01-19,Tony Bradley,Tony Bradley,12,OBSERVED_PLAYED,0022100673,CHI,659,,2022-01-17,2022-01-23,,,,,NO_AUTOMATIC_INFERENCE,HOLD,HOLD
0022100673,2022-01-19,Stanley Johnson,Stanley Johnson,0,OBSERVED_PLAYED,0022100680,LAL,985,,2022-01-17,2022-01-21,,,,,NO_AUTOMATIC_INFERENCE,HOLD,HOLD
0022100673,2022-01-19,Denzel Valentine,Denzel Valentine,0,NO_SAME_DAY_ROW,,,,,2022-01-16,,,,,,REVIEW_MISSING_OBSERVATION,HOLD,HOLD
0022100673,2022-01-19,Protagonist,,32,FICTIONAL_NO_OBSERVATION,,,,,,,,,,,NO_AUTOMATIC_INFERENCE,HOLD,HOLD
0022100690,2022-01-21,LaVine,Zach LaVine,34,NO_SAME_DAY_ROW,,,,,2022-01-14,2022-01-24,,,,,REVIEW_MISSING_OBSERVATION,HOLD,HOLD
0022100690,2022-01-21,LaMelo_pick4,LaMelo Ball,32,OBSERVED_PLAYED,0022100684,CHA,1577,,2022-01-19,2022-01-23,,,,,NO_AUTOMATIC_INFERENCE,HOLD,HOLD
0022100690,2022-01-21,Coby,Coby White,18,OBSERVED_PLAYED,0022100690,CHI,2219,,2022-01-19,2022-01-23,,,,,NO_AUTOMATIC_INFERENCE,HOLD,HOLD
0022100690,2022-01-21,Carter,Wendell Carter Jr.,28,OBSERVED_PLAYED,0022100685,ORL,1166,,2022-01-05,2022-01-23,,,,,NO_AUTOMATIC_INFERENCE,HOLD,HOLD
0022100690,2022-01-21,Young,Thaddeus Young,20,OBSERVED_COACH_DNP,0022100691,SAS,0,DNP - Coach's Decision,2022-01-19,2022-01-25,,,,,NO_AUTOMATIC_INFERENCE,HOLD,HOLD
0022100690,2022-01-21,Satoransky,Tomas Satoransky,0,NO_SAME_DAY_ROW,,,,,2022-01-01,2022-01-25,,,,,REVIEW_MISSING_OBSERVATION,HOLD,HOLD
0022100690,2022-01-21,Markkanen,Lauri Markkanen,28,NO_SAME_DAY_ROW,,,,,2022-01-19,2022-01-22,,,,,REVIEW_MISSING_OBSERVATION,HOLD,HOLD
0022100690,2022-01-21,Caruso,Alex Caruso,22,OBSERVED_PLAYED,0022100690,CHI,1414,,2022-01-19,2022-03-12,,,,,NO_AUTOMATIC_INFERENCE,HOLD,HOLD
0022100690,2022-01-21,Green,Javonte Green,0,NO_SAME_DAY_ROW,,,,,2021-12-31,2022-01-24,,,,,REVIEW_MISSING_OBSERVATION,HOLD,HOLD
0022100690,2022-01-21,Chris Duarte,Chris Duarte,14,NO_SAME_DAY_ROW,,,,,2022-01-20,2022-01-22,,,,,REVIEW_MISSING_OBSERVATION,HOLD,HOLD
0022100690,2022-01-21,Joe Wieskamp,Joe Wieskamp,0,OBSERVED_COACH_DNP,0022100691,SAS,0,DNP - Coach's Decision,2022-01-19,2022-02-03,,,,,NO_AUTOMATIC_INFERENCE,HOLD,HOLD
0022100690,2022-01-21,Tony Bradley,Tony Bradley,12,OBSERVED_COACH_DNP,0022100690,CHI,0,DNP - Coach's Decision,2022-01-19,2022-01-23,,,,,NO_AUTOMATIC_INFERENCE,HOLD,HOLD
0022100690,2022-01-21,Stanley Johnson,Stanley Johnson,0,OBSERVED_PLAYED,0022100685,LAL,1295,,2022-01-19,2022-01-23,,,,,NO_AUTOMATIC_INFERENCE,HOLD,HOLD
0022100690,2022-01-21,Denzel Valentine,Denzel Valentine,0,NO_SAME_DAY_ROW,,,,,2022-01-16,,,,,,REVIEW_MISSING_OBSERVATION,HOLD,HOLD
0022100690,2022-01-21,Protagonist,,32,FICTIONAL_NO_OBSERVATION,,,,,,,,,,,NO_AUTOMATIC_INFERENCE,HOLD,HOLD
0022100701,2022-01-23,LaVine,Zach LaVine,34,NO_SAME_DAY_ROW,,,,,2022-01-14,2022-01-24,,,,,REVIEW_MISSING_OBSERVATION,HOLD,HOLD
0022100701,2022-01-23,LaMelo_pick4,LaMelo Ball,32,OBSERVED_PLAYED,0022100703,CHA,2038,,2022-01-21,2022-01-25,,,,,NO_AUTOMATIC_INFERENCE,HOLD,HOLD
0022100701,2022-01-23,Coby,Coby White,18,OBSERVED_PLAYED,0022100701,CHI,2119,,2022-01-21,2022-01-24,,,,,NO_AUTOMATIC_INFERENCE,HOLD,HOLD
0022100701,2022-01-23,Carter,Wendell Carter Jr.,28,OBSERVED_PLAYED,0022100701,ORL,1691,,2022-01-21,2022-01-26,,,,,NO_AUTOMATIC_INFERENCE,HOLD,HOLD
0022100701,2022-01-23,Young,Thaddeus Young,20,OBSERVED_COACH_DNP,0022100704,SAS,0,DNP - Coach's Decision,2022-01-19,2022-01-25,,,,,NO_AUTOMATIC_INFERENCE,HOLD,HOLD
0022100701,2022-01-23,Satoransky,Tomas Satoransky,0,NO_SAME_DAY_ROW,,,,,2022-01-01,2022-01-25,,,,,REVIEW_MISSING_OBSERVATION,HOLD,HOLD
0022100701,2022-01-23,Markkanen,Lauri Markkanen,28,NO_SAME_DAY_ROW,,,,,2022-01-22,2022-02-24,,,,,REVIEW_MISSING_OBSERVATION,HOLD,HOLD
0022100701,2022-01-23,Caruso,Alex Caruso,22,OBSERVED_HEALTH_RESTRICTION,0022100701,CHI,0,NWT - Injury/Illness,2022-01-21,2022-03-12,,,,,REVIEW_LISTED_REASON,HOLD,HOLD
0022100701,2022-01-23,Green,Javonte Green,0,NO_SAME_DAY_ROW,,,,,2021-12-31,2022-01-24,,,,,REVIEW_MISSING_OBSERVATION,HOLD,HOLD
0022100701,2022-01-23,Chris Duarte,Chris Duarte,14,NO_SAME_DAY_ROW,,,,,2022-01-22,2022-01-24,,,,,REVIEW_MISSING_OBSERVATION,HOLD,HOLD
0022100701,2022-01-23,Joe Wieskamp,Joe Wieskamp,0,NO_SAME_DAY_ROW,,,,,2022-01-19,2022-02-03,,,,,REVIEW_MISSING_OBSERVATION,HOLD,HOLD
0022100701,2022-01-23,Tony Bradley,Tony Bradley,12,OBSERVED_PLAYED,0022100701,CHI,370,,2022-01-19,2022-01-24,,,,,NO_AUTOMATIC_INFERENCE,HOLD,HOLD
0022100701,2022-01-23,Stanley Johnson,Stanley Johnson,0,OBSERVED_PLAYED,0022100700,LAL,1351,,2022-01-21,2022-01-25,,,,,NO_AUTOMATIC_INFERENCE,HOLD,HOLD
0022100701,2022-01-23,Denzel Valentine,Denzel Valentine,0,NO_SAME_DAY_ROW,,,,,2022-01-16,,,,,,REVIEW_MISSING_OBSERVATION,HOLD,HOLD
0022100701,2022-01-23,Protagonist,,32,FICTIONAL_NO_OBSERVATION,,,,,,,,,,,NO_AUTOMATIC_INFERENCE,HOLD,HOLD
0022100730,2022-01-24,LaVine,Zach LaVine,34,OBSERVED_PLAYED,0022100730,CHI,2101,,2022-01-14,2022-01-26,,,,,NO_AUTOMATIC_INFERENCE,HOLD,HOLD
0022100730,2022-01-24,LaMelo_pick4,LaMelo Ball,32,NO_SAME_DAY_ROW,,,,,2022-01-23,2022-01-25,,,,,REVIEW_MISSING_OBSERVATION,HOLD,HOLD
0022100730,2022-01-24,Coby,Coby White,18,OBSERVED_PLAYED,0022100730,CHI,1872,,2022-01-23,2022-01-26,,,,,NO_AUTOMATIC_INFERENCE,HOLD,HOLD
0022100730,2022-01-24,Carter,Wendell Carter Jr.,28,NO_SAME_DAY_ROW,,,,,2022-01-23,2022-01-26,,,,,REVIEW_MISSING_OBSERVATION,HOLD,HOLD
0022100730,2022-01-24,Young,Thaddeus Young,20,NO_SAME_DAY_ROW,,,,,2022-01-19,2022-01-25,,,,,REVIEW_MISSING_OBSERVATION,HOLD,HOLD
0022100730,2022-01-24,Satoransky,Tomas Satoransky,0,OBSERVED_COACH_DNP,0022100712,NOP,0,DNP - Coach's Decision,2022-01-01,2022-01-25,,,,,NO_AUTOMATIC_INFERENCE,HOLD,HOLD
0022100730,2022-01-24,Markkanen,Lauri Markkanen,28,NO_SAME_DAY_ROW,,,,,2022-01-22,2022-02-24,,,,,REVIEW_MISSING_OBSERVATION,HOLD,HOLD
0022100730,2022-01-24,Caruso,Alex Caruso,22,NO_SAME_DAY_ROW,,,,,2022-01-21,2022-03-12,,,,,REVIEW_MISSING_OBSERVATION,HOLD,HOLD
0022100730,2022-01-24,Green,Javonte Green,0,OBSERVED_PLAYED,0022100730,CHI,1474,,2021-12-31,2022-01-26,,,,,NO_AUTOMATIC_INFERENCE,HOLD,HOLD
0022100730,2022-01-24,Chris Duarte,Chris Duarte,14,OBSERVED_PLAYED,0022100712,IND,1607,,2022-01-22,2022-01-26,,,,,NO_AUTOMATIC_INFERENCE,HOLD,HOLD
0022100730,2022-01-24,Joe Wieskamp,Joe Wieskamp,0,NO_SAME_DAY_ROW,,,,,2022-01-19,2022-02-03,,,,,REVIEW_MISSING_OBSERVATION,HOLD,HOLD
0022100730,2022-01-24,Tony Bradley,Tony Bradley,12,OBSERVED_PLAYED,0022100730,CHI,90,,2022-01-23,2022-01-28,,,,,NO_AUTOMATIC_INFERENCE,HOLD,HOLD
0022100730,2022-01-24,Stanley Johnson,Stanley Johnson,0,NO_SAME_DAY_ROW,,,,,2022-01-23,2022-01-25,,,,,REVIEW_MISSING_OBSERVATION,HOLD,HOLD
0022100730,2022-01-24,Denzel Valentine,Denzel Valentine,0,NO_SAME_DAY_ROW,,,,,2022-01-16,,,,,,REVIEW_MISSING_OBSERVATION,HOLD,HOLD
0022100730,2022-01-24,Protagonist,,32,FICTIONAL_NO_OBSERVATION,,,,,,,,,,,NO_AUTOMATIC_INFERENCE,HOLD,HOLD
0022100472,2022-01-26,LaVine,Zach LaVine,34,OBSERVED_PLAYED,0022100472,CHI,2275,,2022-01-24,2022-01-28,,,,,NO_AUTOMATIC_INFERENCE,HOLD,HOLD
0022100472,2022-01-26,LaMelo_pick4,LaMelo Ball,32,OBSERVED_PLAYED,0022100723,CHA,2281,,2022-01-25,2022-01-28,,,,,NO_AUTOMATIC_INFERENCE,HOLD,HOLD
0022100472,2022-01-26,Coby,Coby White,18,OBSERVED_PLAYED,0022100472,CHI,1445,,2022-01-24,2022-01-28,,,,,NO_AUTOMATIC_INFERENCE,HOLD,HOLD
0022100472,2022-01-26,Carter,Wendell Carter Jr.,28,OBSERVED_PLAYED,0022100724,ORL,1877,,2022-01-23,2022-01-28,,,,,NO_AUTOMATIC_INFERENCE,HOLD,HOLD
0022100472,2022-01-26,Young,Thaddeus Young,20,OBSERVED_COACH_DNP,0022100728,SAS,0,DNP - Coach's Decision,2022-01-25,2022-02-03,,,,,NO_AUTOMATIC_INFERENCE,HOLD,HOLD
0022100472,2022-01-26,Satoransky,Tomas Satoransky,0,NO_SAME_DAY_ROW,,,,,2022-01-25,2022-02-25,,,,,REVIEW_MISSING_OBSERVATION,HOLD,HOLD
0022100472,2022-01-26,Markkanen,Lauri Markkanen,28,NO_SAME_DAY_ROW,,,,,2022-01-22,2022-02-24,,,,,REVIEW_MISSING_OBSERVATION,HOLD,HOLD
0022100472,2022-01-26,Caruso,Alex Caruso,22,NO_SAME_DAY_ROW,,,,,2022-01-21,2022-03-12,,,,,REVIEW_MISSING_OBSERVATION,HOLD,HOLD
0022100472,2022-01-26,Green,Javonte Green,0,OBSERVED_PLAYED,0022100472,CHI,1433,,2022-01-24,2022-01-28,,,,,NO_AUTOMATIC_INFERENCE,HOLD,HOLD
0022100472,2022-01-26,Chris Duarte,Chris Duarte,14,OBSERVED_PLAYED,0022100723,IND,1339,,2022-01-24,2022-01-28,,,,,NO_AUTOMATIC_INFERENCE,HOLD,HOLD
0022100472,2022-01-26,Joe Wieskamp,Joe Wieskamp,0,OBSERVED_COACH_DNP,0022100728,SAS,0,DNP - Coach's Decision,2022-01-19,2022-02-03,,,,,NO_AUTOMATIC_INFERENCE,HOLD,HOLD
0022100472,2022-01-26,Tony Bradley,Tony Bradley,12,OBSERVED_COACH_DNP,0022100472,CHI,0,DNP - Coach's Decision,2022-01-24,2022-01-28,,,,,NO_AUTOMATIC_INFERENCE,HOLD,HOLD
0022100472,2022-01-26,Stanley Johnson,Stanley Johnson,0,NO_SAME_DAY_ROW,,,,,2022-01-25,2022-01-27,,,,,REVIEW_MISSING_OBSERVATION,HOLD,HOLD
0022100472,2022-01-26,Denzel Valentine,Denzel Valentine,0,NO_SAME_DAY_ROW,,,,,2022-01-16,,,,,,REVIEW_MISSING_OBSERVATION,HOLD,HOLD
0022100472,2022-01-26,Protagonist,,32,FICTIONAL_NO_OBSERVATION,,,,,,,,,,,NO_AUTOMATIC_INFERENCE,HOLD,HOLD
0022100742,2022-01-28,LaVine,Zach LaVine,34,OBSERVED_PLAYED,0022100742,CHI,2093,,2022-01-26,2022-01-30,,,,,NO_AUTOMATIC_INFERENCE,HOLD,HOLD
0022100742,2022-01-28,LaMelo_pick4,LaMelo Ball,32,OBSERVED_PLAYED,0022100735,CHA,2051,,2022-01-26,2022-01-30,,,,,NO_AUTOMATIC_INFERENCE,HOLD,HOLD
0022100742,2022-01-28,Coby,Coby White,18,OBSERVED_PLAYED,0022100742,CHI,1758,,2022-01-26,2022-01-30,,,,,NO_AUTOMATIC_INFERENCE,HOLD,HOLD
0022100742,2022-01-28,Carter,Wendell Carter Jr.,28,OBSERVED_PLAYED,0022100736,ORL,1730,,2022-01-26,2022-01-30,,,,,NO_AUTOMATIC_INFERENCE,HOLD,HOLD
0022100742,2022-01-28,Young,Thaddeus Young,20,OBSERVED_COACH_DNP,0022100742,SAS,0,DNP - Coach's Decision,2022-01-25,2022-02-03,,,,,NO_AUTOMATIC_INFERENCE,HOLD,HOLD
0022100742,2022-01-28,Satoransky,Tomas Satoransky,0,OBSERVED_COACH_DNP,0022100729,NOP,0,DNP - Coach's Decision,2022-01-25,2022-02-25,,,,,NO_AUTOMATIC_INFERENCE,HOLD,HOLD
0022100742,2022-01-28,Markkanen,Lauri Markkanen,28,NO_SAME_DAY_ROW,,,,,2022-01-22,2022-02-24,,,,,REVIEW_MISSING_OBSERVATION,HOLD,HOLD
0022100742,2022-01-28,Caruso,Alex Caruso,22,NO_SAME_DAY_ROW,,,,,2022-01-21,2022-03-12,,,,,REVIEW_MISSING_OBSERVATION,HOLD,HOLD
0022100742,2022-01-28,Green,Javonte Green,0,OBSERVED_PLAYED,0022100742,CHI,1363,,2022-01-26,2022-01-30,,,,,NO_AUTOMATIC_INFERENCE,HOLD,HOLD
0022100742,2022-01-28,Chris Duarte,Chris Duarte,14,OBSERVED_PLAYED,0022100741,IND,1838,,2022-01-26,2022-01-29,,,,,NO_AUTOMATIC_INFERENCE,HOLD,HOLD
0022100742,2022-01-28,Joe Wieskamp,Joe Wieskamp,0,OBSERVED_COACH_DNP,0022100742,SAS,0,DNP - Coach's Decision,2022-01-19,2022-02-03,,,,,NO_AUTOMATIC_INFERENCE,HOLD,HOLD
0022100742,2022-01-28,Tony Bradley,Tony Bradley,12,OBSERVED_PLAYED,0022100742,CHI,156,,2022-01-24,2022-01-30,,,,,NO_AUTOMATIC_INFERENCE,HOLD,HOLD
0022100742,2022-01-28,Stanley Johnson,Stanley Johnson,0,OBSERVED_PLAYED,0022100735,LAL,1665,,2022-01-27,2022-01-30,,,,,NO_AUTOMATIC_INFERENCE,HOLD,HOLD
0022100742,2022-01-28,Denzel Valentine,Denzel Valentine,0,NO_SAME_DAY_ROW,,,,,2022-01-16,,,,,,REVIEW_MISSING_OBSERVATION,HOLD,HOLD
0022100742,2022-01-28,Protagonist,,32,FICTIONAL_NO_OBSERVATION,,,,,,,,,,,NO_AUTOMATIC_INFERENCE,HOLD,HOLD
0022100753,2022-01-30,LaVine,Zach LaVine,34,OBSERVED_PLAYED,0022100753,CHI,1964,,2022-01-28,2022-02-01,,,,,NO_AUTOMATIC_INFERENCE,HOLD,HOLD
0022100753,2022-01-30,LaMelo_pick4,LaMelo Ball,32,OBSERVED_PLAYED,0022100752,CHA,2274,,2022-01-28,2022-02-02,,,,,NO_AUTOMATIC_INFERENCE,HOLD,HOLD
0022100753,2022-01-30,Coby,Coby White,18,OBSERVED_PLAYED,0022100753,CHI,1849,,2022-01-28,2022-02-01,,,,,NO_AUTOMATIC_INFERENCE,HOLD,HOLD
0022100753,2022-01-30,Carter,Wendell Carter Jr.,28,OBSERVED_PLAYED,0022100755,ORL,1989,,2022-01-28,2022-02-01,,,,,NO_AUTOMATIC_INFERENCE,HOLD,HOLD
0022100753,2022-01-30,Young,Thaddeus Young,20,OBSERVED_COACH_DNP,0022100758,SAS,0,DNP - Coach's Decision,2022-01-25,2022-02-03,,,,,NO_AUTOMATIC_INFERENCE,HOLD,HOLD
0022100753,2022-01-30,Satoransky,Tomas Satoransky,0,NO_SAME_DAY_ROW,,,,,2022-01-25,2022-02-25,,,,,REVIEW_MISSING_OBSERVATION,HOLD,HOLD
0022100753,2022-01-30,Markkanen,Lauri Markkanen,28,NO_SAME_DAY_ROW,,,,,2022-01-22,2022-02-24,,,,,REVIEW_MISSING_OBSERVATION,HOLD,HOLD
0022100753,2022-01-30,Caruso,Alex Caruso,22,NO_SAME_DAY_ROW,,,,,2022-01-21,2022-03-12,,,,,REVIEW_MISSING_OBSERVATION,HOLD,HOLD
0022100753,2022-01-30,Green,Javonte Green,0,OBSERVED_PLAYED,0022100753,CHI,1413,,2022-01-28,2022-02-01,,,,,NO_AUTOMATIC_INFERENCE,HOLD,HOLD
0022100753,2022-01-30,Chris Duarte,Chris Duarte,14,NO_SAME_DAY_ROW,,,,,2022-01-29,2022-01-31,,,,,REVIEW_MISSING_OBSERVATION,HOLD,HOLD
0022100753,2022-01-30,Joe Wieskamp,Joe Wieskamp,0,OBSERVED_COACH_DNP,0022100758,SAS,0,DNP - Coach's Decision,2022-01-19,2022-02-03,,,,,NO_AUTOMATIC_INFERENCE,HOLD,HOLD
0022100753,2022-01-30,Tony Bradley,Tony Bradley,12,OBSERVED_PLAYED,0022100753,CHI,959,,2022-01-28,2022-02-01,,,,,NO_AUTOMATIC_INFERENCE,HOLD,HOLD
0022100753,2022-01-30,Stanley Johnson,Stanley Johnson,0,OBSERVED_PLAYED,0022100751,LAL,1753,,2022-01-28,2022-02-02,,,,,NO_AUTOMATIC_INFERENCE,HOLD,HOLD
0022100753,2022-01-30,Denzel Valentine,Denzel Valentine,0,NO_SAME_DAY_ROW,,,,,2022-01-16,,,,,,REVIEW_MISSING_OBSERVATION,HOLD,HOLD
0022100753,2022-01-30,Protagonist,,32,FICTIONAL_NO_OBSERVATION,,,,,,,,,,,NO_AUTOMATIC_INFERENCE,HOLD,HOLD
0022100769,2022-02-01,LaVine,Zach LaVine,34,OBSERVED_PLAYED,0022100769,CHI,2139,,2022-01-30,2022-02-03,,,,,NO_AUTOMATIC_INFERENCE,HOLD,HOLD
0022100769,2022-02-01,LaMelo_pick4,LaMelo Ball,32,NO_SAME_DAY_ROW,,,,,2022-01-30,2022-02-02,,,,,REVIEW_MISSING_OBSERVATION,HOLD,HOLD
0022100769,2022-02-01,Coby,Coby White,18,OBSERVED_PLAYED,0022100769,CHI,1731,,2022-01-30,2022-02-03,,,,,NO_AUTOMATIC_INFERENCE,HOLD,HOLD
0022100769,2022-02-01,Carter,Wendell Carter Jr.,28,OBSERVED_PLAYED,0022100769,ORL,2053,,2022-01-30,2022-02-02,,,,,NO_AUTOMATIC_INFERENCE,HOLD,HOLD
0022100769,2022-02-01,Young,Thaddeus Young,20,OBSERVED_COACH_DNP,0022100771,SAS,0,DNP - Coach's Decision,2022-01-25,2022-02-03,,,,,NO_AUTOMATIC_INFERENCE,HOLD,HOLD
0022100769,2022-02-01,Satoransky,Tomas Satoransky,0,OBSERVED_COACH_DNP,0022100766,NOP,0,DNP - Coach's Decision,2022-01-25,2022-02-25,,,,,NO_AUTOMATIC_INFERENCE,HOLD,HOLD
0022100769,2022-02-01,Markkanen,Lauri Markkanen,28,NO_SAME_DAY_ROW,,,,,2022-01-22,2022-02-24,,,,,REVIEW_MISSING_OBSERVATION,HOLD,HOLD
0022100769,2022-02-01,Caruso,Alex Caruso,22,NO_SAME_DAY_ROW,,,,,2022-01-21,2022-03-12,,,,,REVIEW_MISSING_OBSERVATION,HOLD,HOLD
0022100769,2022-02-01,Green,Javonte Green,0,OBSERVED_PLAYED,0022100769,CHI,1558,,2022-01-30,2022-02-03,,,,,NO_AUTOMATIC_INFERENCE,HOLD,HOLD
0022100769,2022-02-01,Chris Duarte,Chris Duarte,14,NO_SAME_DAY_ROW,,,,,2022-01-31,2022-02-02,,,,,REVIEW_MISSING_OBSERVATION,HOLD,HOLD
0022100769,2022-02-01,Joe Wieskamp,Joe Wieskamp,0,NO_SAME_DAY_ROW,,,,,2022-01-19,2022-02-03,,,,,REVIEW_MISSING_OBSERVATION,HOLD,HOLD
0022100769,2022-02-01,Tony Bradley,Tony Bradley,12,OBSERVED_PLAYED,0022100769,CHI,246,,2022-01-30,2022-02-03,,,,,NO_AUTOMATIC_INFERENCE,HOLD,HOLD
0022100769,2022-02-01,Stanley Johnson,Stanley Johnson,0,NO_SAME_DAY_ROW,,,,,2022-01-30,2022-02-02,,,,,REVIEW_MISSING_OBSERVATION,HOLD,HOLD
0022100769,2022-02-01,Denzel Valentine,Denzel Valentine,0,NO_SAME_DAY_ROW,,,,,2022-01-16,,,,,,REVIEW_MISSING_OBSERVATION,HOLD,HOLD
0022100769,2022-02-01,Protagonist,,32,FICTIONAL_NO_OBSERVATION,,,,,,,,,,,NO_AUTOMATIC_INFERENCE,HOLD,HOLD
0022100430,2022-02-03,LaVine,Zach LaVine,34,OBSERVED_PLAYED,0022100430,CHI,2528,,2022-02-01,2022-02-07,,,,,NO_AUTOMATIC_INFERENCE,HOLD,HOLD
0022100430,2022-02-03,LaMelo_pick4,LaMelo Ball,32,NO_SAME_DAY_ROW,,,,,2022-02-02,2022-02-04,,,,,REVIEW_MISSING_OBSERVATION,HOLD,HOLD
0022100430,2022-02-03,Coby,Coby White,18,OBSERVED_PLAYED,0022100430,CHI,1373,,2022-02-01,2022-02-07,,,,,NO_AUTOMATIC_INFERENCE,HOLD,HOLD
0022100430,2022-02-03,Carter,Wendell Carter Jr.,28,NO_SAME_DAY_ROW,,,,,2022-02-02,2022-02-05,,,,,REVIEW_MISSING_OBSERVATION,HOLD,HOLD
0022100430,2022-02-03,Young,Thaddeus Young,20,OBSERVED_PLAYED,0022100521,SAS,1463,,2022-01-25,2022-02-14,,,,,NO_AUTOMATIC_INFERENCE,HOLD,HOLD
0022100430,2022-02-03,Satoransky,Tomas Satoransky,0,NO_SAME_DAY_ROW,,,,,2022-01-25,2022-02-25,,,,,REVIEW_MISSING_OBSERVATION,HOLD,HOLD
0022100430,2022-02-03,Markkanen,Lauri Markkanen,28,NO_SAME_DAY_ROW,,,,,2022-01-22,2022-02-24,,,,,REVIEW_MISSING_OBSERVATION,HOLD,HOLD
0022100430,2022-02-03,Caruso,Alex Caruso,22,NO_SAME_DAY_ROW,,,,,2022-01-21,2022-03-12,,,,,REVIEW_MISSING_OBSERVATION,HOLD,HOLD
0022100430,2022-02-03,Green,Javonte Green,0,OBSERVED_PLAYED,0022100430,CHI,1991,,2022-02-01,2022-02-04,,,,,NO_AUTOMATIC_INFERENCE,HOLD,HOLD
0022100430,2022-02-03,Chris Duarte,Chris Duarte,14,NO_SAME_DAY_ROW,,,,,2022-02-02,2022-02-04,,,,,REVIEW_MISSING_OBSERVATION,HOLD,HOLD
0022100430,2022-02-03,Joe Wieskamp,Joe Wieskamp,0,OBSERVED_PLAYED,0022100521,SAS,655,,2022-01-19,2022-02-11,,,,,NO_AUTOMATIC_INFERENCE,HOLD,HOLD
0022100430,2022-02-03,Tony Bradley,Tony Bradley,12,OBSERVED_PLAYED,0022100430,CHI,643,,2022-02-01,2022-02-04,,,,,NO_AUTOMATIC_INFERENCE,HOLD,HOLD
0022100430,2022-02-03,Stanley Johnson,Stanley Johnson,0,OBSERVED_PLAYED,0022100786,LAL,1356,,2022-02-02,2022-02-05,,,,,NO_AUTOMATIC_INFERENCE,HOLD,HOLD
0022100430,2022-02-03,Denzel Valentine,Denzel Valentine,0,NO_SAME_DAY_ROW,,,,,2022-01-16,,,,,,REVIEW_MISSING_OBSERVATION,HOLD,HOLD
0022100430,2022-02-03,Protagonist,,32,FICTIONAL_NO_OBSERVATION,,,,,,,,,,,NO_AUTOMATIC_INFERENCE,HOLD,HOLD
0022100789,2022-02-04,LaVine,Zach LaVine,34,NO_SAME_DAY_ROW,,,,,2022-02-03,2022-02-07,,,,,REVIEW_MISSING_OBSERVATION,HOLD,HOLD
0022100789,2022-02-04,LaMelo_pick4,LaMelo Ball,32,OBSERVED_PLAYED,0022100787,CHA,1910,,2022-02-02,2022-02-05,,,,,NO_AUTOMATIC_INFERENCE,HOLD,HOLD
0022100789,2022-02-04,Coby,Coby White,18,OBSERVED_HEALTH_RESTRICTION,0022100789,CHI,0,DNP - Injury/Illness,2022-02-03,2022-02-07,,,,,REVIEW_LISTED_REASON,HOLD,HOLD
0022100789,2022-02-04,Carter,Wendell Carter Jr.,28,NO_SAME_DAY_ROW,,,,,2022-02-02,2022-02-05,,,,,REVIEW_MISSING_OBSERVATION,HOLD,HOLD
0022100789,2022-02-04,Young,Thaddeus Young,20,OBSERVED_COACH_DNP,0022100792,SAS,0,DNP - Coach's Decision,2022-02-03,2022-02-14,,,,,NO_AUTOMATIC_INFERENCE,HOLD,HOLD
0022100789,2022-02-04,Satoransky,Tomas Satoransky,0,OBSERVED_COACH_DNP,0022100794,NOP,0,DNP - Coach's Decision,2022-01-25,2022-02-25,,,,,NO_AUTOMATIC_INFERENCE,HOLD,HOLD
0022100789,2022-02-04,Markkanen,Lauri Markkanen,28,NO_SAME_DAY_ROW,,,,,2022-01-22,2022-02-24,,,,,REVIEW_MISSING_OBSERVATION,HOLD,HOLD
0022100789,2022-02-04,Caruso,Alex Caruso,22,NO_SAME_DAY_ROW,,,,,2022-01-21,2022-03-12,,,,,REVIEW_MISSING_OBSERVATION,HOLD,HOLD
0022100789,2022-02-04,Green,Javonte Green,0,OBSERVED_PLAYED,0022100789,CHI,2098,,2022-02-03,2022-02-06,,,,,NO_AUTOMATIC_INFERENCE,HOLD,HOLD
0022100789,2022-02-04,Chris Duarte,Chris Duarte,14,OBSERVED_PLAYED,0022100789,IND,1416,,2022-02-02,2022-02-06,,,,,NO_AUTOMATIC_INFERENCE,HOLD,HOLD
0022100789,2022-02-04,Joe Wieskamp,Joe Wieskamp,0,NO_SAME_DAY_ROW,,,,,2022-02-03,2022-02-11,,,,,REVIEW_MISSING_OBSERVATION,HOLD,HOLD
0022100789,2022-02-04,Tony Bradley,Tony Bradley,12,OBSERVED_PLAYED,0022100789,CHI,479,,2022-02-03,2022-02-06,,,,,NO_AUTOMATIC_INFERENCE,HOLD,HOLD
0022100789,2022-02-04,Stanley Johnson,Stanley Johnson,0,NO_SAME_DAY_ROW,,,,,2022-02-03,2022-02-05,,,,,REVIEW_MISSING_OBSERVATION,HOLD,HOLD
0022100789,2022-02-04,Denzel Valentine,Denzel Valentine,0,NO_SAME_DAY_ROW,,,,,2022-01-16,,,,,,REVIEW_MISSING_OBSERVATION,HOLD,HOLD
0022100789,2022-02-04,Protagonist,,32,FICTIONAL_NO_OBSERVATION,,,,,,,,,,,NO_AUTOMATIC_INFERENCE,HOLD,HOLD
0022100802,2022-02-06,LaVine,Zach LaVine,34,NO_SAME_DAY_ROW,,,,,2022-02-03,2022-02-07,,,,,REVIEW_MISSING_OBSERVATION,HOLD,HOLD
0022100802,2022-02-06,LaMelo_pick4,LaMelo Ball,32,NO_SAME_DAY_ROW,,,,,2022-02-05,2022-02-07,,,,,REVIEW_MISSING_OBSERVATION,HOLD,HOLD
0022100802,2022-02-06,Coby,Coby White,18,OBSERVED_HEALTH_RESTRICTION,0022100802,CHI,0,DND - Injury/Illness,2022-02-03,2022-02-07,,,,,REVIEW_LISTED_REASON,HOLD,HOLD
0022100802,2022-02-06,Carter,Wendell Carter Jr.,28,OBSERVED_PLAYED,0022100806,ORL,1681,,2022-02-05,2022-02-08,,,,,NO_AUTOMATIC_INFERENCE,HOLD,HOLD
0022100802,2022-02-06,Young,Thaddeus Young,20,NO_SAME_DAY_ROW,,,,,2022-02-03,2022-02-14,,,,,REVIEW_MISSING_OBSERVATION,HOLD,HOLD
0022100802,2022-02-06,Satoransky,Tomas Satoransky,0,OBSERVED_COACH_DNP,0022100808,NOP,0,DNP - Coach's Decision,2022-01-25,2022-02-25,,,,,NO_AUTOMATIC_INFERENCE,HOLD,HOLD
0022100802,2022-02-06,Markkanen,Lauri Markkanen,28,NO_SAME_DAY_ROW,,,,,2022-01-22,2022-02-24,,,,,REVIEW_MISSING_OBSERVATION,HOLD,HOLD
0022100802,2022-02-06,Caruso,Alex Caruso,22,NO_SAME_DAY_ROW,,,,,2022-01-21,2022-03-12,,,,,REVIEW_MISSING_OBSERVATION,HOLD,HOLD
0022100802,2022-02-06,Green,Javonte Green,0,OBSERVED_PLAYED,0022100802,CHI,1903,,2022-02-04,2022-02-07,,,,,NO_AUTOMATIC_INFERENCE,HOLD,HOLD
0022100802,2022-02-06,Chris Duarte,Chris Duarte,14,OBSERVED_PLAYED,0022100805,IND,2144,,2022-02-04,2022-02-08,,,,,NO_AUTOMATIC_INFERENCE,HOLD,HOLD
0022100802,2022-02-06,Joe Wieskamp,Joe Wieskamp,0,NO_SAME_DAY_ROW,,,,,2022-02-03,2022-02-11,,,,,REVIEW_MISSING_OBSERVATION,HOLD,HOLD
0022100802,2022-02-06,Tony Bradley,Tony Bradley,12,OBSERVED_PLAYED,0022100802,CHI,748,,2022-02-04,2022-02-07,,,,,NO_AUTOMATIC_INFERENCE,HOLD,HOLD
0022100802,2022-02-06,Stanley Johnson,Stanley Johnson,0,NO_SAME_DAY_ROW,,,,,2022-02-05,2022-02-08,,,,,REVIEW_MISSING_OBSERVATION,HOLD,HOLD
0022100802,2022-02-06,Denzel Valentine,Denzel Valentine,0,NO_SAME_DAY_ROW,,,,,2022-01-16,,,,,,REVIEW_MISSING_OBSERVATION,HOLD,HOLD
0022100802,2022-02-06,Protagonist,,32,FICTIONAL_NO_OBSERVATION,,,,,,,,,,,NO_AUTOMATIC_INFERENCE,HOLD,HOLD
0022100812,2022-02-07,LaVine,Zach LaVine,34,OBSERVED_PLAYED,0022100812,CHI,2225,,2022-02-03,2022-02-09,,,,,NO_AUTOMATIC_INFERENCE,HOLD,HOLD
0022100812,2022-02-07,LaMelo_pick4,LaMelo Ball,32,OBSERVED_PLAYED,0022100810,CHA,2645,,2022-02-05,2022-02-09,,,,,NO_AUTOMATIC_INFERENCE,HOLD,HOLD
0022100812,2022-02-07,Coby,Coby White,18,OBSERVED_PLAYED,0022100812,CHI,1537,,2022-02-03,2022-02-09,,,,,NO_AUTOMATIC_INFERENCE,HOLD,HOLD
0022100812,2022-02-07,Carter,Wendell Carter Jr.,28,NO_SAME_DAY_ROW,,,,,2022-02-06,2022-02-08,,,,,REVIEW_MISSING_OBSERVATION,HOLD,HOLD
0022100812,2022-02-07,Young,Thaddeus Young,20,NO_SAME_DAY_ROW,,,,,2022-02-03,2022-02-14,,,,,REVIEW_MISSING_OBSERVATION,HOLD,HOLD
0022100812,2022-02-07,Satoransky,Tomas Satoransky,0,NO_SAME_DAY_ROW,,,,,2022-01-25,2022-02-25,,,,,REVIEW_MISSING_OBSERVATION,HOLD,HOLD
0022100812,2022-02-07,Markkanen,Lauri Markkanen,28,NO_SAME_DAY_ROW,,,,,2022-01-22,2022-02-24,,,,,REVIEW_MISSING_OBSERVATION,HOLD,HOLD
0022100812,2022-02-07,Caruso,Alex Caruso,22,NO_SAME_DAY_ROW,,,,,2022-01-21,2022-03-12,,,,,REVIEW_MISSING_OBSERVATION,HOLD,HOLD
0022100812,2022-02-07,Green,Javonte Green,0,OBSERVED_PLAYED,0022100812,CHI,1427,,2022-02-06,2022-02-09,,,,,NO_AUTOMATIC_INFERENCE,HOLD,HOLD
0022100812,2022-02-07,Chris Duarte,Chris Duarte,14,NO_SAME_DAY_ROW,,,,,2022-02-06,2022-02-08,,,,,REVIEW_MISSING_OBSERVATION,HOLD,HOLD
0022100812,2022-02-07,Joe Wieskamp,Joe Wieskamp,0,NO_SAME_DAY_ROW,,,,,2022-02-03,2022-02-11,,,,,REVIEW_MISSING_OBSERVATION,HOLD,HOLD
0022100812,2022-02-07,Tony Bradley,Tony Bradley,12,OBSERVED_PLAYED,0022100812,CHI,778,,2022-02-06,2022-02-09,,,,,NO_AUTOMATIC_INFERENCE,HOLD,HOLD
0022100812,2022-02-07,Stanley Johnson,Stanley Johnson,0,NO_SAME_DAY_ROW,,,,,2022-02-05,2022-02-08,,,,,REVIEW_MISSING_OBSERVATION,HOLD,HOLD
0022100812,2022-02-07,Denzel Valentine,Denzel Valentine,0,NO_SAME_DAY_ROW,,,,,2022-01-16,,,,,,REVIEW_MISSING_OBSERVATION,HOLD,HOLD
0022100812,2022-02-07,Protagonist,,32,FICTIONAL_NO_OBSERVATION,,,,,,,,,,,NO_AUTOMATIC_INFERENCE,HOLD,HOLD
0022100826,2022-02-09,LaVine,Zach LaVine,34,OBSERVED_PLAYED,0022100826,CHI,2419,,2022-02-07,2022-02-11,,,,,NO_AUTOMATIC_INFERENCE,HOLD,HOLD
0022100826,2022-02-09,LaMelo_pick4,LaMelo Ball,32,OBSERVED_PLAYED,0022100826,CHA,2263,,2022-02-07,2022-02-11,,,,,NO_AUTOMATIC_INFERENCE,HOLD,HOLD
0022100826,2022-02-09,Coby,Coby White,18,OBSERVED_PLAYED,0022100826,CHI,2287,,2022-02-07,2022-02-11,,,,,NO_AUTOMATIC_INFERENCE,HOLD,HOLD
0022100826,2022-02-09,Carter,Wendell Carter Jr.,28,NO_SAME_DAY_ROW,,,,,2022-02-08,2022-02-11,,,,,REVIEW_MISSING_OBSERVATION,HOLD,HOLD
0022100826,2022-02-09,Young,Thaddeus Young,20,OBSERVED_COACH_DNP,0022100825,SAS,0,DNP - Coach's Decision,2022-02-03,2022-02-14,,,,,NO_AUTOMATIC_INFERENCE,HOLD,HOLD
0022100826,2022-02-09,Satoransky,Tomas Satoransky,0,NO_SAME_DAY_ROW,,,,,2022-01-25,2022-02-25,,,,,REVIEW_MISSING_OBSERVATION,HOLD,HOLD
0022100826,2022-02-09,Markkanen,Lauri Markkanen,28,NO_SAME_DAY_ROW,,,,,2022-01-22,2022-02-24,,,,,REVIEW_MISSING_OBSERVATION,HOLD,HOLD
0022100826,2022-02-09,Caruso,Alex Caruso,22,NO_SAME_DAY_ROW,,,,,2022-01-21,2022-03-12,,,,,REVIEW_MISSING_OBSERVATION,HOLD,HOLD
0022100826,2022-02-09,Green,Javonte Green,0,OBSERVED_PLAYED,0022100826,CHI,2033,,2022-02-07,2022-02-11,,,,,NO_AUTOMATIC_INFERENCE,HOLD,HOLD
0022100826,2022-02-09,Chris Duarte,Chris Duarte,14,NO_SAME_DAY_ROW,,,,,2022-02-08,2022-02-11,,,,,REVIEW_MISSING_OBSERVATION,HOLD,HOLD
0022100826,2022-02-09,Joe Wieskamp,Joe Wieskamp,0,NO_SAME_DAY_ROW,,,,,2022-02-03,2022-02-11,,,,,REVIEW_MISSING_OBSERVATION,HOLD,HOLD
0022100826,2022-02-09,Tony Bradley,Tony Bradley,12,OBSERVED_PLAYED,0022100826,CHI,615,,2022-02-07,2022-02-11,,,,,NO_AUTOMATIC_INFERENCE,HOLD,HOLD
0022100826,2022-02-09,Stanley Johnson,Stanley Johnson,0,OBSERVED_PLAYED,0022100829,LAL,1540,,2022-02-08,2022-02-12,,,,,NO_AUTOMATIC_INFERENCE,HOLD,HOLD
0022100826,2022-02-09,Denzel Valentine,Denzel Valentine,0,NO_SAME_DAY_ROW,,,,,2022-01-16,,,,,,REVIEW_MISSING_OBSERVATION,HOLD,HOLD
0022100826,2022-02-09,Protagonist,,32,FICTIONAL_NO_OBSERVATION,,,,,,,,,,,NO_AUTOMATIC_INFERENCE,HOLD,HOLD
0022100843,2022-02-11,LaVine,Zach LaVine,34,OBSERVED_PLAYED,0022100843,CHI,2204,,2022-02-09,2022-02-24,,,,,NO_AUTOMATIC_INFERENCE,HOLD,HOLD
0022100843,2022-02-11,LaMelo_pick4,LaMelo Ball,32,OBSERVED_PLAYED,0022100838,CHA,1939,,2022-02-09,2022-02-12,,,,,NO_AUTOMATIC_INFERENCE,HOLD,HOLD
0022100843,2022-02-11,Coby,Coby White,18,OBSERVED_PLAYED,0022100843,CHI,1726,,2022-02-09,2022-02-12,,,,,NO_AUTOMATIC_INFERENCE,HOLD,HOLD
0022100843,2022-02-11,Carter,Wendell Carter Jr.,28,OBSERVED_PLAYED,0022100844,ORL,2057,,2022-02-08,2022-02-12,,,,,NO_AUTOMATIC_INFERENCE,HOLD,HOLD
0022100843,2022-02-11,Young,Thaddeus Young,20,NO_SAME_DAY_ROW,,,,,2022-02-03,2022-02-14,,,,,REVIEW_MISSING_OBSERVATION,HOLD,HOLD
0022100843,2022-02-11,Satoransky,Tomas Satoransky,0,NO_SAME_DAY_ROW,,,,,2022-01-25,2022-02-25,,,,,REVIEW_MISSING_OBSERVATION,HOLD,HOLD
0022100843,2022-02-11,Markkanen,Lauri Markkanen,28,NO_SAME_DAY_ROW,,,,,2022-01-22,2022-02-24,,,,,REVIEW_MISSING_OBSERVATION,HOLD,HOLD
0022100843,2022-02-11,Caruso,Alex Caruso,22,NO_SAME_DAY_ROW,,,,,2022-01-21,2022-03-12,,,,,REVIEW_MISSING_OBSERVATION,HOLD,HOLD
0022100843,2022-02-11,Green,Javonte Green,0,OBSERVED_PLAYED,0022100843,CHI,1883,,2022-02-09,2022-02-14,,,,,NO_AUTOMATIC_INFERENCE,HOLD,HOLD
0022100843,2022-02-11,Chris Duarte,Chris Duarte,14,OBSERVED_PLAYED,0022100839,IND,2228,,2022-02-08,2022-02-13,,,,,NO_AUTOMATIC_INFERENCE,HOLD,HOLD
0022100843,2022-02-11,Joe Wieskamp,Joe Wieskamp,0,OBSERVED_PLAYED,0022100841,SAS,250,,2022-02-03,2022-02-26,,,,,NO_AUTOMATIC_INFERENCE,HOLD,HOLD
0022100843,2022-02-11,Tony Bradley,Tony Bradley,12,OBSERVED_PLAYED,0022100843,CHI,769,,2022-02-09,2022-02-12,,,,,NO_AUTOMATIC_INFERENCE,HOLD,HOLD
0022100843,2022-02-11,Stanley Johnson,Stanley Johnson,0,NO_SAME_DAY_ROW,,,,,2022-02-09,2022-02-12,,,,,REVIEW_MISSING_OBSERVATION,HOLD,HOLD
0022100843,2022-02-11,Denzel Valentine,Denzel Valentine,0,NO_SAME_DAY_ROW,,,,,2022-01-16,,,,,,REVIEW_MISSING_OBSERVATION,HOLD,HOLD
0022100843,2022-02-11,Protagonist,,32,FICTIONAL_NO_OBSERVATION,,,,,,,,,,,NO_AUTOMATIC_INFERENCE,HOLD,HOLD
0022100852,2022-02-12,LaVine,Zach LaVine,34,NO_SAME_DAY_ROW,,,,,2022-02-11,2022-02-24,,,,,REVIEW_MISSING_OBSERVATION,HOLD,HOLD
0022100852,2022-02-12,LaMelo_pick4,LaMelo Ball,32,OBSERVED_PLAYED,0022100846,CHA,1959,,2022-02-11,2022-02-15,,,,,NO_AUTOMATIC_INFERENCE,HOLD,HOLD
0022100852,2022-02-12,Coby,Coby White,18,OBSERVED_PLAYED,0022100852,CHI,2222,,2022-02-11,2022-02-14,,,,,NO_AUTOMATIC_INFERENCE,HOLD,HOLD
0022100852,2022-02-12,Carter,Wendell Carter Jr.,28,OBSERVED_PLAYED,0022100855,ORL,1552,,2022-02-11,2022-02-14,,,,,NO_AUTOMATIC_INFERENCE,HOLD,HOLD
0022100852,2022-02-12,Young,Thaddeus Young,20,OBSERVED_COACH_DNP,0022100850,TOR,0,DNP - Coach's Decision,2022-02-03,2022-02-14,,,,,NO_AUTOMATIC_INFERENCE,HOLD,HOLD
0022100852,2022-02-12,Satoransky,Tomas Satoransky,0,OBSERVED_COACH_DNP,0022100848,SAS,0,DNP - Coach's Decision,2022-01-25,2022-02-25,,,,,NO_AUTOMATIC_INFERENCE,HOLD,HOLD
0022100852,2022-02-12,Markkanen,Lauri Markkanen,28,NO_SAME_DAY_ROW,,,,,2022-01-22,2022-02-24,,,,,REVIEW_MISSING_OBSERVATION,HOLD,HOLD
0022100852,2022-02-12,Caruso,Alex Caruso,22,NO_SAME_DAY_ROW,,,,,2022-01-21,2022-03-12,,,,,REVIEW_MISSING_OBSERVATION,HOLD,HOLD
0022100852,2022-02-12,Green,Javonte Green,0,NO_SAME_DAY_ROW,,,,,2022-02-11,2022-02-14,,,,,REVIEW_MISSING_OBSERVATION,HOLD,HOLD
0022100852,2022-02-12,Chris Duarte,Chris Duarte,14,NO_SAME_DAY_ROW,,,,,2022-02-11,2022-02-13,,,,,REVIEW_MISSING_OBSERVATION,HOLD,HOLD
0022100852,2022-02-12,Joe Wieskamp,Joe Wieskamp,0,OBSERVED_COACH_DNP,0022100848,SAS,0,DNP - Coach's Decision,2022-02-11,2022-02-26,,,,,NO_AUTOMATIC_INFERENCE,HOLD,HOLD
0022100852,2022-02-12,Tony Bradley,Tony Bradley,12,OBSERVED_PLAYED,0022100852,CHI,77,,2022-02-11,2022-02-14,,,,,NO_AUTOMATIC_INFERENCE,HOLD,HOLD
0022100852,2022-02-12,Stanley Johnson,Stanley Johnson,0,OBSERVED_PLAYED,0022100854,LAL,977,,2022-02-09,2022-02-16,,,,,NO_AUTOMATIC_INFERENCE,HOLD,HOLD
0022100852,2022-02-12,Denzel Valentine,Denzel Valentine,0,NO_SAME_DAY_ROW,,,,,2022-01-16,,,,,,REVIEW_MISSING_OBSERVATION,HOLD,HOLD
0022100852,2022-02-12,Protagonist,,32,FICTIONAL_NO_OBSERVATION,,,,,,,,,,,NO_AUTOMATIC_INFERENCE,HOLD,HOLD
0022100861,2022-02-14,LaVine,Zach LaVine,34,NO_SAME_DAY_ROW,,,,,2022-02-11,2022-02-24,,,,,REVIEW_MISSING_OBSERVATION,HOLD,HOLD
0022100861,2022-02-14,LaMelo_pick4,LaMelo Ball,32,NO_SAME_DAY_ROW,,,,,2022-02-12,2022-02-15,,,,,REVIEW_MISSING_OBSERVATION,HOLD,HOLD
0022100861,2022-02-14,Coby,Coby White,18,OBSERVED_PLAYED,0022100861,CHI,2055,,2022-02-12,2022-02-16,,,,,NO_AUTOMATIC_INFERENCE,HOLD,HOLD
0022100861,2022-02-14,Carter,Wendell Carter Jr.,28,OBSERVED_PLAYED,0022100864,ORL,2043,,2022-02-12,2022-02-16,,,,,NO_AUTOMATIC_INFERENCE,HOLD,HOLD
0022100861,2022-02-14,Young,Thaddeus Young,20,OBSERVED_PLAYED,0022100863,TOR,743,,2022-02-03,2022-02-16,,,,,NO_AUTOMATIC_INFERENCE,HOLD,HOLD
0022100861,2022-02-14,Satoransky,Tomas Satoransky,0,OBSERVED_COACH_DNP,0022100861,SAS,0,DNP - Coach's Decision,2022-01-25,2022-02-25,,,,,NO_AUTOMATIC_INFERENCE,HOLD,HOLD
0022100861,2022-02-14,Markkanen,Lauri Markkanen,28,NO_SAME_DAY_ROW,,,,,2022-01-22,2022-02-24,,,,,REVIEW_MISSING_OBSERVATION,HOLD,HOLD
0022100861,2022-02-14,Caruso,Alex Caruso,22,NO_SAME_DAY_ROW,,,,,2022-01-21,2022-03-12,,,,,REVIEW_MISSING_OBSERVATION,HOLD,HOLD
0022100861,2022-02-14,Green,Javonte Green,0,OBSERVED_PLAYED,0022100861,CHI,2087,,2022-02-11,2022-02-16,,,,,NO_AUTOMATIC_INFERENCE,HOLD,HOLD
0022100861,2022-02-14,Chris Duarte,Chris Duarte,14,NO_SAME_DAY_ROW,,,,,2022-02-13,2022-02-27,,,,,REVIEW_MISSING_OBSERVATION,HOLD,HOLD
0022100861,2022-02-14,Joe Wieskamp,Joe Wieskamp,0,OBSERVED_COACH_DNP,0022100861,SAS,0,DNP - Coach's Decision,2022-02-11,2022-02-26,,,,,NO_AUTOMATIC_INFERENCE,HOLD,HOLD
0022100861,2022-02-14,Tony Bradley,Tony Bradley,12,OBSERVED_PLAYED,0022100861,CHI,226,,2022-02-12,2022-02-16,,,,,NO_AUTOMATIC_INFERENCE,HOLD,HOLD
0022100861,2022-02-14,Stanley Johnson,Stanley Johnson,0,NO_SAME_DAY_ROW,,,,,2022-02-12,2022-02-16,,,,,REVIEW_MISSING_OBSERVATION,HOLD,HOLD
0022100861,2022-02-14,Denzel Valentine,Denzel Valentine,0,NO_SAME_DAY_ROW,,,,,2022-01-16,,,,,,REVIEW_MISSING_OBSERVATION,HOLD,HOLD
0022100861,2022-02-14,Protagonist,,32,FICTIONAL_NO_OBSERVATION,,,,,,,,,,,NO_AUTOMATIC_INFERENCE,HOLD,HOLD
0022100878,2022-02-16,LaVine,Zach LaVine,34,NO_SAME_DAY_ROW,,,,,2022-02-11,2022-02-24,,,,,REVIEW_MISSING_OBSERVATION,HOLD,HOLD
0022100878,2022-02-16,LaMelo_pick4,LaMelo Ball,32,NO_SAME_DAY_ROW,,,,,2022-02-15,2022-02-17,,,,,REVIEW_MISSING_OBSERVATION,HOLD,HOLD
0022100878,2022-02-16,Coby,Coby White,18,OBSERVED_PLAYED,0022100878,CHI,2378,,2022-02-14,2022-02-24,,,,,NO_AUTOMATIC_INFERENCE,HOLD,HOLD
0022100878,2022-02-16,Carter,Wendell Carter Jr.,28,OBSERVED_PLAYED,0022100874,ORL,1639,,2022-02-14,2022-02-25,,,,,NO_AUTOMATIC_INFERENCE,HOLD,HOLD
0022100878,2022-02-16,Young,Thaddeus Young,20,OBSERVED_PLAYED,0022100880,TOR,1239,,2022-02-14,2022-02-25,,,,,NO_AUTOMATIC_INFERENCE,HOLD,HOLD
0022100878,2022-02-16,Satoransky,Tomas Satoransky,0,OBSERVED_COACH_DNP,0022100881,SAS,0,DNP - Coach's Decision,2022-01-25,2022-02-25,,,,,NO_AUTOMATIC_INFERENCE,HOLD,HOLD
0022100878,2022-02-16,Markkanen,Lauri Markkanen,28,NO_SAME_DAY_ROW,,,,,2022-01-22,2022-02-24,,,,,REVIEW_MISSING_OBSERVATION,HOLD,HOLD
0022100878,2022-02-16,Caruso,Alex Caruso,22,NO_SAME_DAY_ROW,,,,,2022-01-21,2022-03-12,,,,,REVIEW_MISSING_OBSERVATION,HOLD,HOLD
0022100878,2022-02-16,Green,Javonte Green,0,OBSERVED_PLAYED,0022100878,CHI,1730,,2022-02-14,2022-02-24,,,,,NO_AUTOMATIC_INFERENCE,HOLD,HOLD
0022100878,2022-02-16,Chris Duarte,Chris Duarte,14,OBSERVED_HEALTH_RESTRICTION,0022100876,IND,0,DND - Injury/Illness,2022-02-13,2022-02-27,,,,,REVIEW_LISTED_REASON,HOLD,HOLD
0022100878,2022-02-16,Joe Wieskamp,Joe Wieskamp,0,NO_SAME_DAY_ROW,,,,,2022-02-11,2022-02-26,,,,,REVIEW_MISSING_OBSERVATION,HOLD,HOLD
0022100878,2022-02-16,Tony Bradley,Tony Bradley,12,OBSERVED_PLAYED,0022100878,CHI,509,,2022-02-14,2022-02-28,,,,,NO_AUTOMATIC_INFERENCE,HOLD,HOLD
0022100878,2022-02-16,Stanley Johnson,Stanley Johnson,0,OBSERVED_PLAYED,0022100884,LAL,1143,,2022-02-12,2022-02-25,,,,,NO_AUTOMATIC_INFERENCE,HOLD,HOLD
0022100878,2022-02-16,Denzel Valentine,Denzel Valentine,0,NO_SAME_DAY_ROW,,,,,2022-01-16,,,,,,REVIEW_MISSING_OBSERVATION,HOLD,HOLD
0022100878,2022-02-16,Protagonist,,32,FICTIONAL_NO_OBSERVATION,,,,,,,,,,,NO_AUTOMATIC_INFERENCE,HOLD,HOLD
0022100891,2022-02-24,LaVine,Zach LaVine,34,OBSERVED_PLAYED,0022100891,CHI,2151,,2022-02-11,2022-02-26,,,,,NO_AUTOMATIC_INFERENCE,HOLD,HOLD
0022100891,2022-02-24,LaMelo_pick4,LaMelo Ball,32,NO_SAME_DAY_ROW,,,,,2022-02-17,2022-02-25,,,,,REVIEW_MISSING_OBSERVATION,HOLD,HOLD
0022100891,2022-02-24,Coby,Coby White,18,OBSERVED_PLAYED,0022100891,CHI,1184,,2022-02-16,2022-02-26,,,,,NO_AUTOMATIC_INFERENCE,HOLD,HOLD
0022100891,2022-02-24,Carter,Wendell Carter Jr.,28,NO_SAME_DAY_ROW,,,,,2022-02-16,2022-02-25,,,,,REVIEW_MISSING_OBSERVATION,HOLD,HOLD
0022100891,2022-02-24,Young,Thaddeus Young,20,NO_SAME_DAY_ROW,,,,,2022-02-16,2022-02-25,,,,,REVIEW_MISSING_OBSERVATION,HOLD,HOLD
0022100891,2022-02-24,Satoransky,Tomas Satoransky,0,NO_SAME_DAY_ROW,,,,,2022-01-25,2022-02-25,,,,,REVIEW_MISSING_OBSERVATION,HOLD,HOLD
0022100891,2022-02-24,Markkanen,Lauri Markkanen,28,OBSERVED_PLAYED,0022100889,CLE,1663,,2022-01-22,2022-02-26,,,,,NO_AUTOMATIC_INFERENCE,HOLD,HOLD
0022100891,2022-02-24,Caruso,Alex Caruso,22,NO_SAME_DAY_ROW,,,,,2022-01-21,2022-03-12,,,,,REVIEW_MISSING_OBSERVATION,HOLD,HOLD
0022100891,2022-02-24,Green,Javonte Green,0,OBSERVED_PLAYED,0022100891,CHI,1659,,2022-02-16,2022-02-26,,,,,NO_AUTOMATIC_INFERENCE,HOLD,HOLD
0022100891,2022-02-24,Chris Duarte,Chris Duarte,14,NO_SAME_DAY_ROW,,,,,2022-02-13,2022-02-27,,,,,REVIEW_MISSING_OBSERVATION,HOLD,HOLD
0022100891,2022-02-24,Joe Wieskamp,Joe Wieskamp,0,NO_SAME_DAY_ROW,,,,,2022-02-11,2022-02-26,,,,,REVIEW_MISSING_OBSERVATION,HOLD,HOLD
0022100891,2022-02-24,Tony Bradley,Tony Bradley,12,OBSERVED_COACH_DNP,0022100891,CHI,0,DNP - Coach's Decision,2022-02-16,2022-02-28,,,,,NO_AUTOMATIC_INFERENCE,HOLD,HOLD
0022100891,2022-02-24,Stanley Johnson,Stanley Johnson,0,NO_SAME_DAY_ROW,,,,,2022-02-16,2022-02-25,,,,,REVIEW_MISSING_OBSERVATION,HOLD,HOLD
0022100891,2022-02-24,Denzel Valentine,Denzel Valentine,0,NO_SAME_DAY_ROW,,,,,2022-01-16,,,,,,REVIEW_MISSING_OBSERVATION,HOLD,HOLD
0022100891,2022-02-24,Protagonist,,32,FICTIONAL_NO_OBSERVATION,,,,,,,,,,,NO_AUTOMATIC_INFERENCE,HOLD,HOLD
0022100909,2022-02-26,LaVine,Zach LaVine,34,OBSERVED_PLAYED,0022100909,CHI,2280,,2022-02-24,2022-02-28,,,,,NO_AUTOMATIC_INFERENCE,HOLD,HOLD
0022100909,2022-02-26,LaMelo_pick4,LaMelo Ball,32,NO_SAME_DAY_ROW,,,,,2022-02-25,2022-02-27,,,,,REVIEW_MISSING_OBSERVATION,HOLD,HOLD
0022100909,2022-02-26,Coby,Coby White,18,OBSERVED_PLAYED,0022100909,CHI,2113,,2022-02-24,2022-02-28,,,,,NO_AUTOMATIC_INFERENCE,HOLD,HOLD
0022100909,2022-02-26,Carter,Wendell Carter Jr.,28,NO_SAME_DAY_ROW,,,,,2022-02-25,2022-02-28,,,,,REVIEW_MISSING_OBSERVATION,HOLD,HOLD
0022100909,2022-02-26,Young,Thaddeus Young,20,OBSERVED_PLAYED,0022100906,TOR,1341,,2022-02-25,2022-02-28,,,,,NO_AUTOMATIC_INFERENCE,HOLD,HOLD
0022100909,2022-02-26,Satoransky,Tomas Satoransky,0,NO_SAME_DAY_ROW,,,,,2022-02-25,2022-03-01,,,,,REVIEW_MISSING_OBSERVATION,HOLD,HOLD
0022100909,2022-02-26,Markkanen,Lauri Markkanen,28,OBSERVED_PLAYED,0022100907,CLE,2073,,2022-02-24,2022-02-28,,,,,NO_AUTOMATIC_INFERENCE,HOLD,HOLD
0022100909,2022-02-26,Caruso,Alex Caruso,22,NO_SAME_DAY_ROW,,,,,2022-01-21,2022-03-12,,,,,REVIEW_MISSING_OBSERVATION,HOLD,HOLD
0022100909,2022-02-26,Green,Javonte Green,0,OBSERVED_PLAYED,0022100909,CHI,1719,,2022-02-24,2022-02-28,,,,,NO_AUTOMATIC_INFERENCE,HOLD,HOLD
0022100909,2022-02-26,Chris Duarte,Chris Duarte,14,NO_SAME_DAY_ROW,,,,,2022-02-13,2022-02-27,,,,,REVIEW_MISSING_OBSERVATION,HOLD,HOLD
0022100909,2022-02-26,Joe Wieskamp,Joe Wieskamp,0,OBSERVED_PLAYED,0022100908,SAS,82,,2022-02-11,2022-02-28,,,,,NO_AUTOMATIC_INFERENCE,HOLD,HOLD
0022100909,2022-02-26,Tony Bradley,Tony Bradley,12,OBSERVED_COACH_DNP,0022100909,CHI,0,DNP - Coach's Decision,2022-02-16,2022-02-28,,,,,NO_AUTOMATIC_INFERENCE,HOLD,HOLD
0022100909,2022-02-26,Stanley Johnson,Stanley Johnson,0,NO_SAME_DAY_ROW,,,,,2022-02-25,2022-02-27,,,,,REVIEW_MISSING_OBSERVATION,HOLD,HOLD
0022100909,2022-02-26,Denzel Valentine,Denzel Valentine,0,NO_SAME_DAY_ROW,,,,,2022-01-16,,,,,,REVIEW_MISSING_OBSERVATION,HOLD,HOLD
0022100909,2022-02-26,Protagonist,,32,FICTIONAL_NO_OBSERVATION,,,,,,,,,,,NO_AUTOMATIC_INFERENCE,HOLD,HOLD
0022100922,2022-02-28,LaVine,Zach LaVine,34,OBSERVED_PLAYED,0022100922,CHI,1968,,2022-02-26,2022-03-03,,,,,NO_AUTOMATIC_INFERENCE,HOLD,HOLD
0022100922,2022-02-28,LaMelo_pick4,LaMelo Ball,32,OBSERVED_PLAYED,0022100924,CHA,1802,,2022-02-27,2022-03-02,,,,,NO_AUTOMATIC_INFERENCE,HOLD,HOLD
0022100922,2022-02-28,Coby,Coby White,18,OBSERVED_PLAYED,0022100922,CHI,1855,,2022-02-26,2022-03-03,,,,,NO_AUTOMATIC_INFERENCE,HOLD,HOLD
0022100922,2022-02-28,Carter,Wendell Carter Jr.,28,OBSERVED_PLAYED,0022100921,ORL,1670,,2022-02-25,2022-03-02,,,,,NO_AUTOMATIC_INFERENCE,HOLD,HOLD
0022100922,2022-02-28,Young,Thaddeus Young,20,OBSERVED_PLAYED,0022100726,TOR,882,,2022-02-26,2022-03-01,,,,,NO_AUTOMATIC_INFERENCE,HOLD,HOLD
0022100922,2022-02-28,Satoransky,Tomas Satoransky,0,NO_SAME_DAY_ROW,,,,,2022-02-25,2022-03-01,,,,,REVIEW_MISSING_OBSERVATION,HOLD,HOLD
0022100922,2022-02-28,Markkanen,Lauri Markkanen,28,OBSERVED_PLAYED,0022100920,CLE,2105,,2022-02-26,2022-03-02,,,,,NO_AUTOMATIC_INFERENCE,HOLD,HOLD
0022100922,2022-02-28,Caruso,Alex Caruso,22,NO_SAME_DAY_ROW,,,,,2022-01-21,2022-03-12,,,,,REVIEW_MISSING_OBSERVATION,HOLD,HOLD
0022100922,2022-02-28,Green,Javonte Green,0,OBSERVED_PLAYED,0022100922,CHI,1257,,2022-02-26,2022-03-03,,,,,NO_AUTOMATIC_INFERENCE,HOLD,HOLD
0022100922,2022-02-28,Chris Duarte,Chris Duarte,14,OBSERVED_PLAYED,0022100921,IND,870,,2022-02-27,2022-03-08,,,,,NO_AUTOMATIC_INFERENCE,HOLD,HOLD
0022100922,2022-02-28,Joe Wieskamp,Joe Wieskamp,0,OBSERVED_PLAYED,0022100923,SAS,83,,2022-02-26,2022-03-09,,,,,NO_AUTOMATIC_INFERENCE,HOLD,HOLD
0022100922,2022-02-28,Tony Bradley,Tony Bradley,12,OBSERVED_PLAYED,0022100922,CHI,352,,2022-02-16,2022-03-07,,,,,NO_AUTOMATIC_INFERENCE,HOLD,HOLD
0022100922,2022-02-28,Stanley Johnson,Stanley Johnson,0,NO_SAME_DAY_ROW,,,,,2022-02-27,2022-03-01,,,,,REVIEW_MISSING_OBSERVATION,HOLD,HOLD
0022100922,2022-02-28,Denzel Valentine,Denzel Valentine,0,NO_SAME_DAY_ROW,,,,,2022-01-16,,,,,,REVIEW_MISSING_OBSERVATION,HOLD,HOLD
0022100922,2022-02-28,Protagonist,,32,FICTIONAL_NO_OBSERVATION,,,,,,,,,,,NO_AUTOMATIC_INFERENCE,HOLD,HOLD
0022100710,2022-03-03,LaVine,Zach LaVine,34,OBSERVED_PLAYED,0022100710,CHI,2069,,2022-02-28,2022-03-04,,,,,NO_AUTOMATIC_INFERENCE,HOLD,HOLD
0022100710,2022-03-03,LaMelo_pick4,LaMelo Ball,32,NO_SAME_DAY_ROW,,,,,2022-03-02,2022-03-05,,,,,REVIEW_MISSING_OBSERVATION,HOLD,HOLD
0022100710,2022-03-03,Coby,Coby White,18,OBSERVED_PLAYED,0022100710,CHI,1590,,2022-02-28,2022-03-04,,,,,NO_AUTOMATIC_INFERENCE,HOLD,HOLD
0022100710,2022-03-03,Carter,Wendell Carter Jr.,28,NO_SAME_DAY_ROW,,,,,2022-03-02,2022-03-08,,,,,REVIEW_MISSING_OBSERVATION,HOLD,HOLD
0022100710,2022-03-03,Young,Thaddeus Young,20,NO_SAME_DAY_ROW,,,,,2022-03-01,2022-03-04,,,,,REVIEW_MISSING_OBSERVATION,HOLD,HOLD
0022100710,2022-03-03,Satoransky,Tomas Satoransky,0,NO_SAME_DAY_ROW,,,,,2022-03-01,2022-03-04,,,,,REVIEW_MISSING_OBSERVATION,HOLD,HOLD
0022100710,2022-03-03,Markkanen,Lauri Markkanen,28,NO_SAME_DAY_ROW,,,,,2022-03-02,2022-03-04,,,,,REVIEW_MISSING_OBSERVATION,HOLD,HOLD
0022100710,2022-03-03,Caruso,Alex Caruso,22,NO_SAME_DAY_ROW,,,,,2022-01-21,2022-03-12,,,,,REVIEW_MISSING_OBSERVATION,HOLD,HOLD
0022100710,2022-03-03,Green,Javonte Green,0,OBSERVED_PLAYED,0022100710,CHI,1249,,2022-02-28,2022-03-04,,,,,NO_AUTOMATIC_INFERENCE,HOLD,HOLD
0022100710,2022-03-03,Chris Duarte,Chris Duarte,14,NO_SAME_DAY_ROW,,,,,2022-02-28,2022-03-08,,,,,REVIEW_MISSING_OBSERVATION,HOLD,HOLD
0022100710,2022-03-03,Joe Wieskamp,Joe Wieskamp,0,OBSERVED_COACH_DNP,0022100944,SAS,0,DNP - Coach's Decision,2022-02-28,2022-03-09,,,,,NO_AUTOMATIC_INFERENCE,HOLD,HOLD
0022100710,2022-03-03,Tony Bradley,Tony Bradley,12,OBSERVED_COACH_DNP,0022100710,CHI,0,DNP - Coach's Decision,2022-02-28,2022-03-07,,,,,NO_AUTOMATIC_INFERENCE,HOLD,HOLD
0022100710,2022-03-03,Stanley Johnson,Stanley Johnson,0,OBSERVED_PLAYED,0022100945,LAL,1188,,2022-03-01,2022-03-05,,,,,NO_AUTOMATIC_INFERENCE,HOLD,HOLD
0022100710,2022-03-03,Denzel Valentine,Denzel Valentine,0,NO_SAME_DAY_ROW,,,,,2022-01-16,,,,,,REVIEW_MISSING_OBSERVATION,HOLD,HOLD
0022100710,2022-03-03,Protagonist,,32,FICTIONAL_NO_OBSERVATION,,,,,,,,,,,NO_AUTOMATIC_INFERENCE,HOLD,HOLD
0022100949,2022-03-04,LaVine,Zach LaVine,34,OBSERVED_PLAYED,0022100949,CHI,2299,,2022-03-03,2022-03-07,,,,,NO_AUTOMATIC_INFERENCE,HOLD,HOLD
0022100949,2022-03-04,LaMelo_pick4,LaMelo Ball,32,NO_SAME_DAY_ROW,,,,,2022-03-02,2022-03-05,,,,,REVIEW_MISSING_OBSERVATION,HOLD,HOLD
0022100949,2022-03-04,Coby,Coby White,18,OBSERVED_PLAYED,0022100949,CHI,1410,,2022-03-03,2022-03-07,,,,,NO_AUTOMATIC_INFERENCE,HOLD,HOLD
0022100949,2022-03-04,Carter,Wendell Carter Jr.,28,NO_SAME_DAY_ROW,,,,,2022-03-02,2022-03-08,,,,,REVIEW_MISSING_OBSERVATION,HOLD,HOLD
0022100949,2022-03-04,Young,Thaddeus Young,20,OBSERVED_PLAYED,0022100458,TOR,892,,2022-03-01,2022-03-06,,,,,NO_AUTOMATIC_INFERENCE,HOLD,HOLD
0022100949,2022-03-04,Satoransky,Tomas Satoransky,0,OBSERVED_PLAYED,0022100948,WAS,994,,2022-03-01,2022-03-06,,,,,NO_AUTOMATIC_INFERENCE,HOLD,HOLD
0022100949,2022-03-04,Markkanen,Lauri Markkanen,28,OBSERVED_PLAYED,0022100947,CLE,1052,,2022-03-02,2022-03-06,,,,,NO_AUTOMATIC_INFERENCE,HOLD,HOLD
0022100949,2022-03-04,Caruso,Alex Caruso,22,NO_SAME_DAY_ROW,,,,,2022-01-21,2022-03-12,,,,,REVIEW_MISSING_OBSERVATION,HOLD,HOLD
0022100949,2022-03-04,Green,Javonte Green,0,OBSERVED_PLAYED,0022100949,CHI,1463,,2022-03-03,2022-03-07,,,,,NO_AUTOMATIC_INFERENCE,HOLD,HOLD
0022100949,2022-03-04,Chris Duarte,Chris Duarte,14,OBSERVED_HEALTH_RESTRICTION,0022100946,IND,0,DNP - Injury/Illness,2022-02-28,2022-03-08,,,,,REVIEW_LISTED_REASON,HOLD,HOLD
0022100949,2022-03-04,Joe Wieskamp,Joe Wieskamp,0,NO_SAME_DAY_ROW,,,,,2022-02-28,2022-03-09,,,,,REVIEW_MISSING_OBSERVATION,HOLD,HOLD
0022100949,2022-03-04,Tony Bradley,Tony Bradley,12,OBSERVED_COACH_DNP,0022100949,CHI,0,DNP - Coach's Decision,2022-02-28,2022-03-07,,,,,NO_AUTOMATIC_INFERENCE,HOLD,HOLD
0022100949,2022-03-04,Stanley Johnson,Stanley Johnson,0,NO_SAME_DAY_ROW,,,,,2022-03-03,2022-03-05,,,,,REVIEW_MISSING_OBSERVATION,HOLD,HOLD
0022100949,2022-03-04,Denzel Valentine,Denzel Valentine,0,NO_SAME_DAY_ROW,,,,,2022-01-16,,,,,,REVIEW_MISSING_OBSERVATION,HOLD,HOLD
0022100949,2022-03-04,Protagonist,,32,FICTIONAL_NO_OBSERVATION,,,,,,,,,,,NO_AUTOMATIC_INFERENCE,HOLD,HOLD
0022100969,2022-03-07,LaVine,Zach LaVine,34,OBSERVED_PLAYED,0022100969,CHI,2226,,2022-03-04,2022-03-09,,,,,NO_AUTOMATIC_INFERENCE,HOLD,HOLD
0022100969,2022-03-07,LaMelo_pick4,LaMelo Ball,32,NO_SAME_DAY_ROW,,,,,2022-03-05,2022-03-08,,,,,REVIEW_MISSING_OBSERVATION,HOLD,HOLD
0022100969,2022-03-07,Coby,Coby White,18,OBSERVED_PLAYED,0022100969,CHI,2042,,2022-03-04,2022-03-09,,,,,NO_AUTOMATIC_INFERENCE,HOLD,HOLD
0022100969,2022-03-07,Carter,Wendell Carter Jr.,28,NO_SAME_DAY_ROW,,,,,2022-03-02,2022-03-08,,,,,REVIEW_MISSING_OBSERVATION,HOLD,HOLD
0022100969,2022-03-07,Young,Thaddeus Young,20,NO_SAME_DAY_ROW,,,,,2022-03-06,2022-03-09,,,,,REVIEW_MISSING_OBSERVATION,HOLD,HOLD
0022100969,2022-03-07,Satoransky,Tomas Satoransky,0,NO_SAME_DAY_ROW,,,,,2022-03-06,2022-03-09,,,,,REVIEW_MISSING_OBSERVATION,HOLD,HOLD
0022100969,2022-03-07,Markkanen,Lauri Markkanen,28,NO_SAME_DAY_ROW,,,,,2022-03-06,2022-03-08,,,,,REVIEW_MISSING_OBSERVATION,HOLD,HOLD
0022100969,2022-03-07,Caruso,Alex Caruso,22,NO_SAME_DAY_ROW,,,,,2022-01-21,2022-03-12,,,,,REVIEW_MISSING_OBSERVATION,HOLD,HOLD
0022100969,2022-03-07,Green,Javonte Green,0,OBSERVED_PLAYED,0022100969,CHI,2187,,2022-03-04,2022-03-09,,,,,NO_AUTOMATIC_INFERENCE,HOLD,HOLD
0022100969,2022-03-07,Chris Duarte,Chris Duarte,14,NO_SAME_DAY_ROW,,,,,2022-02-28,2022-03-08,,,,,REVIEW_MISSING_OBSERVATION,HOLD,HOLD
0022100969,2022-03-07,Joe Wieskamp,Joe Wieskamp,0,OBSERVED_COACH_DNP,0022100973,SAS,0,DNP - Coach's Decision,2022-02-28,2022-03-09,,,,,NO_AUTOMATIC_INFERENCE,HOLD,HOLD
0022100969,2022-03-07,Tony Bradley,Tony Bradley,12,OBSERVED_PLAYED,0022100969,CHI,343,,2022-02-28,2022-03-16,,,,,NO_AUTOMATIC_INFERENCE,HOLD,HOLD
0022100969,2022-03-07,Stanley Johnson,Stanley Johnson,0,OBSERVED_PLAYED,0022100973,LAL,1829,,2022-03-05,2022-03-09,,,,,NO_AUTOMATIC_INFERENCE,HOLD,HOLD
0022100969,2022-03-07,Denzel Valentine,Denzel Valentine,0,NO_SAME_DAY_ROW,,,,,2022-01-16,,,,,,REVIEW_MISSING_OBSERVATION,HOLD,HOLD
0022100969,2022-03-07,Protagonist,,32,FICTIONAL_NO_OBSERVATION,,,,,,,,,,,NO_AUTOMATIC_INFERENCE,HOLD,HOLD
0022100982,2022-03-09,LaVine,Zach LaVine,34,OBSERVED_PLAYED,0022100982,CHI,2262,,2022-03-07,2022-03-14,,,,,NO_AUTOMATIC_INFERENCE,HOLD,HOLD
0022100982,2022-03-09,LaMelo_pick4,LaMelo Ball,32,OBSERVED_PLAYED,0022100981,CHA,1708,,2022-03-08,2022-03-11,,,,,NO_AUTOMATIC_INFERENCE,HOLD,HOLD
0022100982,2022-03-09,Coby,Coby White,18,OBSERVED_PLAYED,0022100982,CHI,1685,,2022-03-07,2022-03-12,,,,,NO_AUTOMATIC_INFERENCE,HOLD,HOLD
0022100982,2022-03-09,Carter,Wendell Carter Jr.,28,OBSERVED_PLAYED,0022100987,ORL,1727,,2022-03-08,2022-03-11,,,,,NO_AUTOMATIC_INFERENCE,HOLD,HOLD
0022100982,2022-03-09,Young,Thaddeus Young,20,OBSERVED_PLAYED,0022100989,TOR,1177,,2022-03-06,2022-03-11,,,,,NO_AUTOMATIC_INFERENCE,HOLD,HOLD
0022100982,2022-03-09,Satoransky,Tomas Satoransky,0,OBSERVED_PLAYED,0022100992,WAS,1124,,2022-03-06,2022-03-11,,,,,NO_AUTOMATIC_INFERENCE,HOLD,HOLD
0022100982,2022-03-09,Markkanen,Lauri Markkanen,28,NO_SAME_DAY_ROW,,,,,2022-03-08,2022-03-11,,,,,REVIEW_MISSING_OBSERVATION,HOLD,HOLD
0022100982,2022-03-09,Caruso,Alex Caruso,22,NO_SAME_DAY_ROW,,,,,2022-01-21,2022-03-12,,,,,REVIEW_MISSING_OBSERVATION,HOLD,HOLD
0022100982,2022-03-09,Green,Javonte Green,0,OBSERVED_PLAYED,0022100982,CHI,1010,,2022-03-07,2022-03-12,,,,,NO_AUTOMATIC_INFERENCE,HOLD,HOLD
0022100982,2022-03-09,Chris Duarte,Chris Duarte,14,NO_SAME_DAY_ROW,,,,,2022-03-08,2022-03-12,,,,,REVIEW_MISSING_OBSERVATION,HOLD,HOLD
0022100982,2022-03-09,Joe Wieskamp,Joe Wieskamp,0,OBSERVED_PLAYED,0022100989,SAS,160,,2022-02-28,2022-03-11,,,,,NO_AUTOMATIC_INFERENCE,HOLD,HOLD
0022100982,2022-03-09,Tony Bradley,Tony Bradley,12,OBSERVED_COACH_DNP,0022100982,CHI,0,DNP - Coach's Decision,2022-03-07,2022-03-16,,,,,NO_AUTOMATIC_INFERENCE,HOLD,HOLD
0022100982,2022-03-09,Stanley Johnson,Stanley Johnson,0,OBSERVED_PLAYED,0022100985,LAL,1485,,2022-03-07,2022-03-11,,,,,NO_AUTOMATIC_INFERENCE,HOLD,HOLD
0022100982,2022-03-09,Denzel Valentine,Denzel Valentine,0,NO_SAME_DAY_ROW,,,,,2022-01-16,,,,,,REVIEW_MISSING_OBSERVATION,HOLD,HOLD
0022100982,2022-03-09,Protagonist,,32,FICTIONAL_NO_OBSERVATION,,,,,,,,,,,NO_AUTOMATIC_INFERENCE,HOLD,HOLD
0022101006,2022-03-12,LaVine,Zach LaVine,34,NO_SAME_DAY_ROW,,,,,2022-03-09,2022-03-14,,,,,REVIEW_MISSING_OBSERVATION,HOLD,HOLD
0022101006,2022-03-12,LaMelo_pick4,LaMelo Ball,32,NO_SAME_DAY_ROW,,,,,2022-03-11,2022-03-14,,,,,REVIEW_MISSING_OBSERVATION,HOLD,HOLD
0022101006,2022-03-12,Coby,Coby White,18,OBSERVED_PLAYED,0022101006,CHI,2134,,2022-03-09,2022-03-14,,,,,NO_AUTOMATIC_INFERENCE,HOLD,HOLD
0022101006,2022-03-12,Carter,Wendell Carter Jr.,28,NO_SAME_DAY_ROW,,,,,2022-03-11,2022-03-13,,,,,REVIEW_MISSING_OBSERVATION,HOLD,HOLD
0022101006,2022-03-12,Young,Thaddeus Young,20,OBSERVED_PLAYED,0022101009,TOR,1364,,2022-03-11,2022-03-14,,,,,NO_AUTOMATIC_INFERENCE,HOLD,HOLD
0022101006,2022-03-12,Satoransky,Tomas Satoransky,0,OBSERVED_PLAYED,0022101011,WAS,959,,2022-03-11,2022-03-14,,,,,NO_AUTOMATIC_INFERENCE,HOLD,HOLD
0022101006,2022-03-12,Markkanen,Lauri Markkanen,28,NO_SAME_DAY_ROW,,,,,2022-03-11,2022-03-14,,,,,REVIEW_MISSING_OBSERVATION,HOLD,HOLD
0022101006,2022-03-12,Caruso,Alex Caruso,22,OBSERVED_PLAYED,0022101006,CHI,1752,,2022-01-21,2022-03-14,,,,,NO_AUTOMATIC_INFERENCE,HOLD,HOLD
0022101006,2022-03-12,Green,Javonte Green,0,OBSERVED_PLAYED,0022101006,CHI,1567,,2022-03-09,2022-03-14,,,,,NO_AUTOMATIC_INFERENCE,HOLD,HOLD
0022101006,2022-03-12,Chris Duarte,Chris Duarte,14,OBSERVED_PLAYED,0022101007,IND,2019,,2022-03-08,2022-03-15,,,,,NO_AUTOMATIC_INFERENCE,HOLD,HOLD
0022101006,2022-03-12,Joe Wieskamp,Joe Wieskamp,0,OBSERVED_HEALTH_RESTRICTION,0022101007,SAS,0,DND - Injury/Illness,2022-03-11,2022-03-14,,,,,REVIEW_LISTED_REASON,HOLD,HOLD
0022101006,2022-03-12,Tony Bradley,Tony Bradley,12,OBSERVED_COACH_DNP,0022101006,CHI,0,DNP - Coach's Decision,2022-03-07,2022-03-16,,,,,NO_AUTOMATIC_INFERENCE,HOLD,HOLD
0022101006,2022-03-12,Stanley Johnson,Stanley Johnson,0,NO_SAME_DAY_ROW,,,,,2022-03-11,2022-03-13,,,,,REVIEW_MISSING_OBSERVATION,HOLD,HOLD
0022101006,2022-03-12,Denzel Valentine,Denzel Valentine,0,NO_SAME_DAY_ROW,,,,,2022-01-16,,,,,,REVIEW_MISSING_OBSERVATION,HOLD,HOLD
0022101006,2022-03-12,Protagonist,,32,FICTIONAL_NO_OBSERVATION,,,,,,,,,,,NO_AUTOMATIC_INFERENCE,HOLD,HOLD
0022101026,2022-03-14,LaVine,Zach LaVine,34,OBSERVED_PLAYED,0022101026,CHI,2160,,2022-03-09,2022-03-16,,,,,NO_AUTOMATIC_INFERENCE,HOLD,HOLD
0022101026,2022-03-14,LaMelo_pick4,LaMelo Ball,32,OBSERVED_PLAYED,0022101023,CHA,1783,,2022-03-11,2022-03-16,,,,,NO_AUTOMATIC_INFERENCE,HOLD,HOLD
0022101026,2022-03-14,Coby,Coby White,18,OBSERVED_PLAYED,0022101026,CHI,1391,,2022-03-12,2022-03-16,,,,,NO_AUTOMATIC_INFERENCE,HOLD,HOLD
0022101026,2022-03-14,Carter,Wendell Carter Jr.,28,NO_SAME_DAY_ROW,,,,,2022-03-13,2022-03-15,,,,,REVIEW_MISSING_OBSERVATION,HOLD,HOLD
0022101026,2022-03-14,Young,Thaddeus Young,20,OBSERVED_PLAYED,0022101028,TOR,917,,2022-03-12,2022-03-16,,,,,NO_AUTOMATIC_INFERENCE,HOLD,HOLD
0022101026,2022-03-14,Satoransky,Tomas Satoransky,0,OBSERVED_PLAYED,0022101025,WAS,383,,2022-03-12,2022-03-16,,,,,NO_AUTOMATIC_INFERENCE,HOLD,HOLD
0022101026,2022-03-14,Markkanen,Lauri Markkanen,28,OBSERVED_PLAYED,0022101020,CLE,2764,,2022-03-11,2022-03-16,,,,,NO_AUTOMATIC_INFERENCE,HOLD,HOLD
0022101026,2022-03-14,Caruso,Alex Caruso,22,OBSERVED_PLAYED,0022101026,CHI,1628,,2022-03-12,2022-03-16,,,,,NO_AUTOMATIC_INFERENCE,HOLD,HOLD
0022101026,2022-03-14,Green,Javonte Green,0,OBSERVED_PLAYED,0022101026,CHI,1020,,2022-03-12,2022-03-16,,,,,NO_AUTOMATIC_INFERENCE,HOLD,HOLD
0022101026,2022-03-14,Chris Duarte,Chris Duarte,14,NO_SAME_DAY_ROW,,,,,2022-03-12,2022-03-15,,,,,REVIEW_MISSING_OBSERVATION,HOLD,HOLD
0022101026,2022-03-14,Joe Wieskamp,Joe Wieskamp,0,OBSERVED_PLAYED,0022101024,SAS,183,,2022-03-11,2022-03-18,,,,,NO_AUTOMATIC_INFERENCE,HOLD,HOLD
0022101026,2022-03-14,Tony Bradley,Tony Bradley,12,OBSERVED_COACH_DNP,0022101026,CHI,0,DNP - Coach's Decision,2022-03-07,2022-03-16,,,,,NO_AUTOMATIC_INFERENCE,HOLD,HOLD
0022101026,2022-03-14,Stanley Johnson,Stanley Johnson,0,OBSERVED_PLAYED,0022101028,LAL,928,,2022-03-13,2022-03-16,,,,,NO_AUTOMATIC_INFERENCE,HOLD,HOLD
0022101026,2022-03-14,Denzel Valentine,Denzel Valentine,0,NO_SAME_DAY_ROW,,,,,2022-01-16,,,,,,REVIEW_MISSING_OBSERVATION,HOLD,HOLD
0022101026,2022-03-14,Protagonist,,32,FICTIONAL_NO_OBSERVATION,,,,,,,,,,,NO_AUTOMATIC_INFERENCE,HOLD,HOLD
0022101041,2022-03-16,LaVine,Zach LaVine,34,OBSERVED_PLAYED,0022101041,CHI,1987,,2022-03-14,2022-03-18,,,,,NO_AUTOMATIC_INFERENCE,HOLD,HOLD
0022101041,2022-03-16,LaMelo_pick4,LaMelo Ball,32,OBSERVED_PLAYED,0022101033,CHA,2166,,2022-03-14,2022-03-19,,,,,NO_AUTOMATIC_INFERENCE,HOLD,HOLD
0022101041,2022-03-16,Coby,Coby White,18,OBSERVED_PLAYED,0022101041,CHI,1182,,2022-03-14,2022-03-18,,,,,NO_AUTOMATIC_INFERENCE,HOLD,HOLD
0022101041,2022-03-16,Carter,Wendell Carter Jr.,28,NO_SAME_DAY_ROW,,,,,2022-03-15,2022-03-20,,,,,REVIEW_MISSING_OBSERVATION,HOLD,HOLD
0022101041,2022-03-16,Young,Thaddeus Young,20,OBSERVED_PLAYED,0022101044,TOR,733,,2022-03-14,2022-03-18,,,,,NO_AUTOMATIC_INFERENCE,HOLD,HOLD
0022101041,2022-03-16,Satoransky,Tomas Satoransky,0,OBSERVED_PLAYED,0022101035,WAS,277,,2022-03-14,2022-03-18,,,,,NO_AUTOMATIC_INFERENCE,HOLD,HOLD
0022101041,2022-03-16,Markkanen,Lauri Markkanen,28,OBSERVED_PLAYED,0022101034,CLE,1991,,2022-03-14,2022-03-18,,,,,NO_AUTOMATIC_INFERENCE,HOLD,HOLD
0022101041,2022-03-16,Caruso,Alex Caruso,22,OBSERVED_PLAYED,0022101041,CHI,1529,,2022-03-14,2022-03-18,,,,,NO_AUTOMATIC_INFERENCE,HOLD,HOLD
0022101041,2022-03-16,Green,Javonte Green,0,OBSERVED_PLAYED,0022101041,CHI,1313,,2022-03-14,2022-03-18,,,,,NO_AUTOMATIC_INFERENCE,HOLD,HOLD
0022101041,2022-03-16,Chris Duarte,Chris Duarte,14,NO_SAME_DAY_ROW,,,,,2022-03-15,,,,,,REVIEW_MISSING_OBSERVATION,HOLD,HOLD
0022101041,2022-03-16,Joe Wieskamp,Joe Wieskamp,0,OBSERVED_COACH_DNP,0022101040,SAS,0,DNP - Coach's Decision,2022-03-14,2022-03-18,,,,,NO_AUTOMATIC_INFERENCE,HOLD,HOLD
0022101041,2022-03-16,Tony Bradley,Tony Bradley,12,OBSERVED_PLAYED,0022101041,CHI,172,,2022-03-07,2022-03-18,,,,,NO_AUTOMATIC_INFERENCE,HOLD,HOLD
0022101041,2022-03-16,Stanley Johnson,Stanley Johnson,0,OBSERVED_PLAYED,0022101039,LAL,427,,2022-03-14,2022-03-18,,,,,NO_AUTOMATIC_INFERENCE,HOLD,HOLD
0022101041,2022-03-16,Denzel Valentine,Denzel Valentine,0,NO_SAME_DAY_ROW,,,,,2022-01-16,,,,,,REVIEW_MISSING_OBSERVATION,HOLD,HOLD
0022101041,2022-03-16,Protagonist,,32,FICTIONAL_NO_OBSERVATION,,,,,,,,,,,NO_AUTOMATIC_INFERENCE,HOLD,HOLD
0022101056,2022-03-18,LaVine,Zach LaVine,34,OBSERVED_PLAYED,0022101056,CHI,1798,,2022-03-16,2022-03-21,,,,,NO_AUTOMATIC_INFERENCE,HOLD,HOLD
0022101056,2022-03-18,LaMelo_pick4,LaMelo Ball,32,NO_SAME_DAY_ROW,,,,,2022-03-16,2022-03-19,,,,,REVIEW_MISSING_OBSERVATION,HOLD,HOLD
0022101056,2022-03-18,Coby,Coby White,18,OBSERVED_PLAYED,0022101056,CHI,1515,,2022-03-16,2022-03-21,,,,,NO_AUTOMATIC_INFERENCE,HOLD,HOLD
0022101056,2022-03-18,Carter,Wendell Carter Jr.,28,NO_SAME_DAY_ROW,,,,,2022-03-15,2022-03-20,,,,,REVIEW_MISSING_OBSERVATION,HOLD,HOLD
0022101056,2022-03-18,Young,Thaddeus Young,20,OBSERVED_PLAYED,0022101051,TOR,754,,2022-03-16,2022-03-20,,,,,NO_AUTOMATIC_INFERENCE,HOLD,HOLD
0022101056,2022-03-18,Satoransky,Tomas Satoransky,0,OBSERVED_PLAYED,0022101050,WAS,585,,2022-03-16,2022-03-19,,,,,NO_AUTOMATIC_INFERENCE,HOLD,HOLD
0022101056,2022-03-18,Markkanen,Lauri Markkanen,28,OBSERVED_PLAYED,0022101049,CLE,2522,,2022-03-16,2022-03-19,,,,,NO_AUTOMATIC_INFERENCE,HOLD,HOLD
0022101056,2022-03-18,Caruso,Alex Caruso,22,OBSERVED_PLAYED,0022101056,CHI,1529,,2022-03-16,2022-03-21,,,,,NO_AUTOMATIC_INFERENCE,HOLD,HOLD
0022101056,2022-03-18,Green,Javonte Green,0,OBSERVED_PLAYED,0022101056,CHI,1290,,2022-03-16,2022-03-21,,,,,NO_AUTOMATIC_INFERENCE,HOLD,HOLD
0022101056,2022-03-18,Chris Duarte,Chris Duarte,14,NO_SAME_DAY_ROW,,,,,2022-03-15,,,,,,REVIEW_MISSING_OBSERVATION,HOLD,HOLD
0022101056,2022-03-18,Joe Wieskamp,Joe Wieskamp,0,OBSERVED_PLAYED,0022101054,SAS,1176,,2022-03-14,2022-03-20,,,,,NO_AUTOMATIC_INFERENCE,HOLD,HOLD
0022101056,2022-03-18,Tony Bradley,Tony Bradley,12,OBSERVED_PLAYED,0022101056,CHI,298,,2022-03-16,2022-03-21,,,,,NO_AUTOMATIC_INFERENCE,HOLD,HOLD
0022101056,2022-03-18,Stanley Johnson,Stanley Johnson,0,OBSERVED_PLAYED,0022101051,LAL,1805,,2022-03-16,2022-03-19,,,,,NO_AUTOMATIC_INFERENCE,HOLD,HOLD
0022101056,2022-03-18,Denzel Valentine,Denzel Valentine,0,NO_SAME_DAY_ROW,,,,,2022-01-16,,,,,,REVIEW_MISSING_OBSERVATION,HOLD,HOLD
0022101056,2022-03-18,Protagonist,,32,FICTIONAL_NO_OBSERVATION,,,,,,,,,,,NO_AUTOMATIC_INFERENCE,HOLD,HOLD
0022101076,2022-03-21,LaVine,Zach LaVine,34,OBSERVED_PLAYED,0022101076,CHI,2105,,2022-03-18,2022-03-22,,,,,NO_AUTOMATIC_INFERENCE,HOLD,HOLD
0022101076,2022-03-21,LaMelo_pick4,LaMelo Ball,32,OBSERVED_PLAYED,0022101071,CHA,1941,,2022-03-19,2022-03-23,,,,,NO_AUTOMATIC_INFERENCE,HOLD,HOLD
0022101076,2022-03-21,Coby,Coby White,18,OBSERVED_PLAYED,0022101076,CHI,805,,2022-03-18,2022-03-22,,,,,NO_AUTOMATIC_INFERENCE,HOLD,HOLD
0022101076,2022-03-21,Carter,Wendell Carter Jr.,28,NO_SAME_DAY_ROW,,,,,2022-03-20,2022-03-22,,,,,REVIEW_MISSING_OBSERVATION,HOLD,HOLD
0022101076,2022-03-21,Young,Thaddeus Young,20,OBSERVED_PLAYED,0022101076,TOR,868,,2022-03-20,2022-03-24,,,,,NO_AUTOMATIC_INFERENCE,HOLD,HOLD
0022101076,2022-03-21,Satoransky,Tomas Satoransky,0,OBSERVED_PLAYED,0022101077,WAS,1435,,2022-03-19,2022-03-24,,,,,NO_AUTOMATIC_INFERENCE,HOLD,HOLD
0022101076,2022-03-21,Markkanen,Lauri Markkanen,28,OBSERVED_PLAYED,0022101072,CLE,2238,,2022-03-19,2022-03-24,,,,,NO_AUTOMATIC_INFERENCE,HOLD,HOLD
0022101076,2022-03-21,Caruso,Alex Caruso,22,OBSERVED_PLAYED,0022101076,CHI,1957,,2022-03-18,2022-03-22,,,,,NO_AUTOMATIC_INFERENCE,HOLD,HOLD
0022101076,2022-03-21,Green,Javonte Green,0,OBSERVED_PLAYED,0022101076,CHI,1789,,2022-03-18,2022-03-22,,,,,NO_AUTOMATIC_INFERENCE,HOLD,HOLD
0022101076,2022-03-21,Chris Duarte,Chris Duarte,14,NO_SAME_DAY_ROW,,,,,2022-03-15,,,,,,REVIEW_MISSING_OBSERVATION,HOLD,HOLD
0022101076,2022-03-21,Joe Wieskamp,Joe Wieskamp,0,NO_SAME_DAY_ROW,,,,,2022-03-20,2022-03-23,,,,,REVIEW_MISSING_OBSERVATION,HOLD,HOLD
0022101076,2022-03-21,Tony Bradley,Tony Bradley,12,OBSERVED_PLAYED,0022101076,CHI,118,,2022-03-18,2022-03-24,,,,,NO_AUTOMATIC_INFERENCE,HOLD,HOLD
0022101076,2022-03-21,Stanley Johnson,Stanley Johnson,0,OBSERVED_PLAYED,0022101072,LAL,1384,,2022-03-19,2022-03-23,,,,,NO_AUTOMATIC_INFERENCE,HOLD,HOLD
0022101076,2022-03-21,Denzel Valentine,Denzel Valentine,0,NO_SAME_DAY_ROW,,,,,2022-01-16,,,,,,REVIEW_MISSING_OBSERVATION,HOLD,HOLD
0022101076,2022-03-21,Protagonist,,32,FICTIONAL_NO_OBSERVATION,,,,,,,,,,,NO_AUTOMATIC_INFERENCE,HOLD,HOLD
0022101082,2022-03-22,LaVine,Zach LaVine,34,OBSERVED_PLAYED,0022101082,CHI,2026,,2022-03-21,2022-03-24,,,,,NO_AUTOMATIC_INFERENCE,HOLD,HOLD
0022101082,2022-03-22,LaMelo_pick4,LaMelo Ball,32,NO_SAME_DAY_ROW,,,,,2022-03-21,2022-03-23,,,,,REVIEW_MISSING_OBSERVATION,HOLD,HOLD
0022101082,2022-03-22,Coby,Coby White,18,OBSERVED_PLAYED,0022101082,CHI,1358,,2022-03-21,2022-03-24,,,,,NO_AUTOMATIC_INFERENCE,HOLD,HOLD
0022101082,2022-03-22,Carter,Wendell Carter Jr.,28,OBSERVED_PLAYED,0022101080,ORL,1966,,2022-03-20,2022-03-28,,,,,NO_AUTOMATIC_INFERENCE,HOLD,HOLD
0022101082,2022-03-22,Young,Thaddeus Young,20,NO_SAME_DAY_ROW,,,,,2022-03-21,2022-03-24,,,,,REVIEW_MISSING_OBSERVATION,HOLD,HOLD
0022101082,2022-03-22,Satoransky,Tomas Satoransky,0,NO_SAME_DAY_ROW,,,,,2022-03-21,2022-03-24,,,,,REVIEW_MISSING_OBSERVATION,HOLD,HOLD
0022101082,2022-03-22,Markkanen,Lauri Markkanen,28,NO_SAME_DAY_ROW,,,,,2022-03-21,2022-03-24,,,,,REVIEW_MISSING_OBSERVATION,HOLD,HOLD
0022101082,2022-03-22,Caruso,Alex Caruso,22,OBSERVED_PLAYED,0022101082,CHI,1786,,2022-03-21,2022-03-24,,,,,NO_AUTOMATIC_INFERENCE,HOLD,HOLD
0022101082,2022-03-22,Green,Javonte Green,0,OBSERVED_PLAYED,0022101082,CHI,1184,,2022-03-21,2022-03-24,,,,,NO_AUTOMATIC_INFERENCE,HOLD,HOLD
0022101082,2022-03-22,Chris Duarte,Chris Duarte,14,NO_SAME_DAY_ROW,,,,,2022-03-15,,,,,,REVIEW_MISSING_OBSERVATION,HOLD,HOLD
0022101082,2022-03-22,Joe Wieskamp,Joe Wieskamp,0,NO_SAME_DAY_ROW,,,,,2022-03-20,2022-03-23,,,,,REVIEW_MISSING_OBSERVATION,HOLD,HOLD
0022101082,2022-03-22,Tony Bradley,Tony Bradley,12,OBSERVED_COACH_DNP,0022101082,CHI,0,DNP - Coach's Decision,2022-03-21,2022-03-24,,,,,NO_AUTOMATIC_INFERENCE,HOLD,HOLD
0022101082,2022-03-22,Stanley Johnson,Stanley Johnson,0,NO_SAME_DAY_ROW,,,,,2022-03-21,2022-03-23,,,,,REVIEW_MISSING_OBSERVATION,HOLD,HOLD
0022101082,2022-03-22,Denzel Valentine,Denzel Valentine,0,NO_SAME_DAY_ROW,,,,,2022-01-16,,,,,,REVIEW_MISSING_OBSERVATION,HOLD,HOLD
0022101082,2022-03-22,Protagonist,,32,FICTIONAL_NO_OBSERVATION,,,,,,,,,,,NO_AUTOMATIC_INFERENCE,HOLD,HOLD
0022101098,2022-03-24,LaVine,Zach LaVine,34,OBSERVED_PLAYED,0022101098,CHI,2386,,2022-03-22,2022-03-26,,,,,NO_AUTOMATIC_INFERENCE,HOLD,HOLD
0022101098,2022-03-24,LaMelo_pick4,LaMelo Ball,32,NO_SAME_DAY_ROW,,,,,2022-03-23,2022-03-25,,,,,REVIEW_MISSING_OBSERVATION,HOLD,HOLD
0022101098,2022-03-24,Coby,Coby White,18,OBSERVED_PLAYED,0022101098,CHI,1723,,2022-03-22,2022-03-26,,,,,NO_AUTOMATIC_INFERENCE,HOLD,HOLD
0022101098,2022-03-24,Carter,Wendell Carter Jr.,28,NO_SAME_DAY_ROW,,,,,2022-03-22,2022-03-28,,,,,REVIEW_MISSING_OBSERVATION,HOLD,HOLD
0022101098,2022-03-24,Young,Thaddeus Young,20,OBSERVED_PLAYED,0022101095,TOR,923,,2022-03-21,2022-03-26,,,,,NO_AUTOMATIC_INFERENCE,HOLD,HOLD
0022101098,2022-03-24,Satoransky,Tomas Satoransky,0,OBSERVED_PLAYED,0022101097,WAS,779,,2022-03-21,2022-03-25,,,,,NO_AUTOMATIC_INFERENCE,HOLD,HOLD
0022101098,2022-03-24,Markkanen,Lauri Markkanen,28,OBSERVED_PLAYED,0022101095,CLE,2167,,2022-03-21,2022-03-26,,,,,NO_AUTOMATIC_INFERENCE,HOLD,HOLD
0022101098,2022-03-24,Caruso,Alex Caruso,22,OBSERVED_PLAYED,0022101098,CHI,1678,,2022-03-22,2022-03-26,,,,,NO_AUTOMATIC_INFERENCE,HOLD,HOLD
0022101098,2022-03-24,Green,Javonte Green,0,OBSERVED_PLAYED,0022101098,CHI,1523,,2022-03-22,2022-03-26,,,,,NO_AUTOMATIC_INFERENCE,HOLD,HOLD
0022101098,2022-03-24,Chris Duarte,Chris Duarte,14,NO_SAME_DAY_ROW,,,,,2022-03-15,,,,,,REVIEW_MISSING_OBSERVATION,HOLD,HOLD
0022101098,2022-03-24,Joe Wieskamp,Joe Wieskamp,0,NO_SAME_DAY_ROW,,,,,2022-03-23,2022-03-26,,,,,REVIEW_MISSING_OBSERVATION,HOLD,HOLD
0022101098,2022-03-24,Tony Bradley,Tony Bradley,12,OBSERVED_PLAYED,0022101098,CHI,60,,2022-03-21,2022-04-02,,,,,NO_AUTOMATIC_INFERENCE,HOLD,HOLD
0022101098,2022-03-24,Stanley Johnson,Stanley Johnson,0,NO_SAME_DAY_ROW,,,,,2022-03-23,2022-03-27,,,,,REVIEW_MISSING_OBSERVATION,HOLD,HOLD
0022101098,2022-03-24,Denzel Valentine,Denzel Valentine,0,NO_SAME_DAY_ROW,,,,,2022-01-16,,,,,,REVIEW_MISSING_OBSERVATION,HOLD,HOLD
0022101098,2022-03-24,Protagonist,,32,FICTIONAL_NO_OBSERVATION,,,,,,,,,,,NO_AUTOMATIC_INFERENCE,HOLD,HOLD
0022101110,2022-03-26,LaVine,Zach LaVine,34,OBSERVED_PLAYED,0022101110,CHI,2325,,2022-03-24,2022-03-28,,,,,NO_AUTOMATIC_INFERENCE,HOLD,HOLD
0022101110,2022-03-26,LaMelo_pick4,LaMelo Ball,32,NO_SAME_DAY_ROW,,,,,2022-03-25,2022-03-27,,,,,REVIEW_MISSING_OBSERVATION,HOLD,HOLD
0022101110,2022-03-26,Coby,Coby White,18,OBSERVED_PLAYED,0022101110,CHI,1177,,2022-03-24,2022-03-28,,,,,NO_AUTOMATIC_INFERENCE,HOLD,HOLD
0022101110,2022-03-26,Carter,Wendell Carter Jr.,28,NO_SAME_DAY_ROW,,,,,2022-03-22,2022-03-28,,,,,REVIEW_MISSING_OBSERVATION,HOLD,HOLD
0022101110,2022-03-26,Young,Thaddeus Young,20,OBSERVED_PLAYED,0022101109,TOR,928,,2022-03-24,2022-03-28,,,,,NO_AUTOMATIC_INFERENCE,HOLD,HOLD
0022101110,2022-03-26,Satoransky,Tomas Satoransky,0,NO_SAME_DAY_ROW,,,,,2022-03-25,2022-03-27,,,,,REVIEW_MISSING_OBSERVATION,HOLD,HOLD
0022101110,2022-03-26,Markkanen,Lauri Markkanen,28,OBSERVED_PLAYED,0022101110,CLE,1941,,2022-03-24,2022-03-28,,,,,NO_AUTOMATIC_INFERENCE,HOLD,HOLD
0022101110,2022-03-26,Caruso,Alex Caruso,22,OBSERVED_PLAYED,0022101110,CHI,2283,,2022-03-24,2022-03-28,,,,,NO_AUTOMATIC_INFERENCE,HOLD,HOLD
0022101110,2022-03-26,Green,Javonte Green,0,OBSERVED_PLAYED,0022101110,CHI,890,,2022-03-24,2022-03-28,,,,,NO_AUTOMATIC_INFERENCE,HOLD,HOLD
0022101110,2022-03-26,Chris Duarte,Chris Duarte,14,NO_SAME_DAY_ROW,,,,,2022-03-15,,,,,,REVIEW_MISSING_OBSERVATION,HOLD,HOLD
0022101110,2022-03-26,Joe Wieskamp,Joe Wieskamp,0,OBSERVED_PLAYED,0022101107,SAS,495,,2022-03-23,2022-04-03,,,,,NO_AUTOMATIC_INFERENCE,HOLD,HOLD
0022101110,2022-03-26,Tony Bradley,Tony Bradley,12,OBSERVED_COACH_DNP,0022101110,CHI,0,DNP - Coach's Decision,2022-03-24,2022-04-02,,,,,NO_AUTOMATIC_INFERENCE,HOLD,HOLD
0022101110,2022-03-26,Stanley Johnson,Stanley Johnson,0,NO_SAME_DAY_ROW,,,,,2022-03-23,2022-03-27,,,,,REVIEW_MISSING_OBSERVATION,HOLD,HOLD
0022101110,2022-03-26,Denzel Valentine,Denzel Valentine,0,NO_SAME_DAY_ROW,,,,,2022-01-16,,,,,,REVIEW_MISSING_OBSERVATION,HOLD,HOLD
0022101110,2022-03-26,Protagonist,,32,FICTIONAL_NO_OBSERVATION,,,,,,,,,,,NO_AUTOMATIC_INFERENCE,HOLD,HOLD
0022101126,2022-03-28,LaVine,Zach LaVine,34,OBSERVED_PLAYED,0022101126,CHI,2173,,2022-03-26,2022-03-29,,,,,NO_AUTOMATIC_INFERENCE,HOLD,HOLD
0022101126,2022-03-28,LaMelo_pick4,LaMelo Ball,32,OBSERVED_PLAYED,0022101122,CHA,2053,,2022-03-27,2022-03-30,,,,,NO_AUTOMATIC_INFERENCE,HOLD,HOLD
0022101126,2022-03-28,Coby,Coby White,18,OBSERVED_PLAYED,0022101126,CHI,1282,,2022-03-26,2022-03-29,,,,,NO_AUTOMATIC_INFERENCE,HOLD,HOLD
0022101126,2022-03-28,Carter,Wendell Carter Jr.,28,OBSERVED_PLAYED,0022101123,ORL,1600,,2022-03-22,,,,,,NO_AUTOMATIC_INFERENCE,HOLD,HOLD
0022101126,2022-03-28,Young,Thaddeus Young,20,OBSERVED_PLAYED,0022101127,TOR,1654,,2022-03-26,2022-03-30,,,,,NO_AUTOMATIC_INFERENCE,HOLD,HOLD
0022101126,2022-03-28,Satoransky,Tomas Satoransky,0,NO_SAME_DAY_ROW,,,,,2022-03-27,2022-03-29,,,,,REVIEW_MISSING_OBSERVATION,HOLD,HOLD
0022101126,2022-03-28,Markkanen,Lauri Markkanen,28,OBSERVED_PLAYED,0022101123,CLE,1748,,2022-03-26,2022-03-30,,,,,NO_AUTOMATIC_INFERENCE,HOLD,HOLD
0022101126,2022-03-28,Caruso,Alex Caruso,22,OBSERVED_PLAYED,0022101126,CHI,1817,,2022-03-26,2022-03-29,,,,,NO_AUTOMATIC_INFERENCE,HOLD,HOLD
0022101126,2022-03-28,Green,Javonte Green,0,OBSERVED_PLAYED,0022101126,CHI,850,,2022-03-26,2022-03-29,,,,,NO_AUTOMATIC_INFERENCE,HOLD,HOLD
0022101126,2022-03-28,Chris Duarte,Chris Duarte,14,NO_SAME_DAY_ROW,,,,,2022-03-15,,,,,,REVIEW_MISSING_OBSERVATION,HOLD,HOLD
0022101126,2022-03-28,Joe Wieskamp,Joe Wieskamp,0,OBSERVED_COACH_DNP,0022101128,SAS,0,DNP - Coach's Decision,2022-03-26,2022-04-03,,,,,NO_AUTOMATIC_INFERENCE,HOLD,HOLD
0022101126,2022-03-28,Tony Bradley,Tony Bradley,12,OBSERVED_COACH_DNP,0022101126,CHI,0,DNP - Coach's Decision,2022-03-24,2022-04-02,,,,,NO_AUTOMATIC_INFERENCE,HOLD,HOLD
0022101126,2022-03-28,Stanley Johnson,Stanley Johnson,0,NO_SAME_DAY_ROW,,,,,2022-03-27,2022-03-29,,,,,REVIEW_MISSING_OBSERVATION,HOLD,HOLD
0022101126,2022-03-28,Denzel Valentine,Denzel Valentine,0,NO_SAME_DAY_ROW,,,,,2022-01-16,,,,,,REVIEW_MISSING_OBSERVATION,HOLD,HOLD
0022101126,2022-03-28,Protagonist,,32,FICTIONAL_NO_OBSERVATION,,,,,,,,,,,NO_AUTOMATIC_INFERENCE,HOLD,HOLD
0022101132,2022-03-29,LaVine,Zach LaVine,34,OBSERVED_PLAYED,0022101132,CHI,2055,,2022-03-28,2022-03-31,,,,,NO_AUTOMATIC_INFERENCE,HOLD,HOLD
0022101132,2022-03-29,LaMelo_pick4,LaMelo Ball,32,NO_SAME_DAY_ROW,,,,,2022-03-28,2022-03-30,,,,,REVIEW_MISSING_OBSERVATION,HOLD,HOLD
0022101132,2022-03-29,Coby,Coby White,18,OBSERVED_PLAYED,0022101132,CHI,1753,,2022-03-28,2022-03-31,,,,,NO_AUTOMATIC_INFERENCE,HOLD,HOLD
0022101132,2022-03-29,Carter,Wendell Carter Jr.,28,NO_SAME_DAY_ROW,,,,,2022-03-28,,,,,,REVIEW_MISSING_OBSERVATION,HOLD,HOLD
0022101132,2022-03-29,Young,Thaddeus Young,20,NO_SAME_DAY_ROW,,,,,2022-03-28,2022-03-30,,,,,REVIEW_MISSING_OBSERVATION,HOLD,HOLD
0022101132,2022-03-29,Satoransky,Tomas Satoransky,0,OBSERVED_PLAYED,0022101132,WAS,1526,,2022-03-27,2022-03-30,,,,,NO_AUTOMATIC_INFERENCE,HOLD,HOLD
0022101132,2022-03-29,Markkanen,Lauri Markkanen,28,NO_SAME_DAY_ROW,,,,,2022-03-28,2022-03-30,,,,,REVIEW_MISSING_OBSERVATION,HOLD,HOLD
0022101132,2022-03-29,Caruso,Alex Caruso,22,OBSERVED_PLAYED,0022101132,CHI,1685,,2022-03-28,2022-03-31,,,,,NO_AUTOMATIC_INFERENCE,HOLD,HOLD
0022101132,2022-03-29,Green,Javonte Green,0,OBSERVED_PLAYED,0022101132,CHI,776,,2022-03-28,2022-03-31,,,,,NO_AUTOMATIC_INFERENCE,HOLD,HOLD
0022101132,2022-03-29,Chris Duarte,Chris Duarte,14,NO_SAME_DAY_ROW,,,,,2022-03-15,,,,,,REVIEW_MISSING_OBSERVATION,HOLD,HOLD
0022101132,2022-03-29,Joe Wieskamp,Joe Wieskamp,0,NO_SAME_DAY_ROW,,,,,2022-03-26,2022-04-03,,,,,REVIEW_MISSING_OBSERVATION,HOLD,HOLD
0022101132,2022-03-29,Tony Bradley,Tony Bradley,12,OBSERVED_COACH_DNP,0022101132,CHI,0,DNP - Coach's Decision,2022-03-24,2022-04-02,,,,,NO_AUTOMATIC_INFERENCE,HOLD,HOLD
0022101132,2022-03-29,Stanley Johnson,Stanley Johnson,0,OBSERVED_PLAYED,0022101134,LAL,2099,,2022-03-27,2022-03-31,,,,,NO_AUTOMATIC_INFERENCE,HOLD,HOLD
0022101132,2022-03-29,Denzel Valentine,Denzel Valentine,0,NO_SAME_DAY_ROW,,,,,2022-01-16,,,,,,REVIEW_MISSING_OBSERVATION,HOLD,HOLD
0022101132,2022-03-29,Protagonist,,32,FICTIONAL_NO_OBSERVATION,,,,,,,,,,,NO_AUTOMATIC_INFERENCE,HOLD,HOLD
0022101149,2022-03-31,LaVine,Zach LaVine,34,OBSERVED_PLAYED,0022101149,CHI,2439,,2022-03-29,2022-04-02,,,,,NO_AUTOMATIC_INFERENCE,HOLD,HOLD
0022101149,2022-03-31,LaMelo_pick4,LaMelo Ball,32,NO_SAME_DAY_ROW,,,,,2022-03-30,2022-04-02,,,,,REVIEW_MISSING_OBSERVATION,HOLD,HOLD
0022101149,2022-03-31,Coby,Coby White,18,OBSERVED_PLAYED,0022101149,CHI,1406,,2022-03-29,2022-04-02,,,,,NO_AUTOMATIC_INFERENCE,HOLD,HOLD
0022101149,2022-03-31,Carter,Wendell Carter Jr.,28,NO_SAME_DAY_ROW,,,,,2022-03-28,,,,,,REVIEW_MISSING_OBSERVATION,HOLD,HOLD
0022101149,2022-03-31,Young,Thaddeus Young,20,NO_SAME_DAY_ROW,,,,,2022-03-30,2022-04-01,,,,,REVIEW_MISSING_OBSERVATION,HOLD,HOLD
0022101149,2022-03-31,Satoransky,Tomas Satoransky,0,NO_SAME_DAY_ROW,,,,,2022-03-30,2022-04-01,,,,,REVIEW_MISSING_OBSERVATION,HOLD,HOLD
0022101149,2022-03-31,Markkanen,Lauri Markkanen,28,OBSERVED_PLAYED,0022100452,CLE,1172,,2022-03-30,2022-04-02,,,,,NO_AUTOMATIC_INFERENCE,HOLD,HOLD
0022101149,2022-03-31,Caruso,Alex Caruso,22,OBSERVED_PLAYED,0022101149,CHI,2006,,2022-03-29,2022-04-02,,,,,NO_AUTOMATIC_INFERENCE,HOLD,HOLD
0022101149,2022-03-31,Green,Javonte Green,0,OBSERVED_PLAYED,0022101149,CHI,720,,2022-03-29,2022-04-02,,,,,NO_AUTOMATIC_INFERENCE,HOLD,HOLD
0022101149,2022-03-31,Chris Duarte,Chris Duarte,14,NO_SAME_DAY_ROW,,,,,2022-03-15,,,,,,REVIEW_MISSING_OBSERVATION,HOLD,HOLD
0022101149,2022-03-31,Joe Wieskamp,Joe Wieskamp,0,NO_SAME_DAY_ROW,,,,,2022-03-26,2022-04-03,,,,,REVIEW_MISSING_OBSERVATION,HOLD,HOLD
0022101149,2022-03-31,Tony Bradley,Tony Bradley,12,OBSERVED_COACH_DNP,0022101149,CHI,0,DNP - Coach's Decision,2022-03-24,2022-04-02,,,,,NO_AUTOMATIC_INFERENCE,HOLD,HOLD
0022101149,2022-03-31,Stanley Johnson,Stanley Johnson,0,OBSERVED_PLAYED,0022101150,LAL,1377,,2022-03-29,2022-04-01,,,,,NO_AUTOMATIC_INFERENCE,HOLD,HOLD
0022101149,2022-03-31,Denzel Valentine,Denzel Valentine,0,NO_SAME_DAY_ROW,,,,,2022-01-16,,,,,,REVIEW_MISSING_OBSERVATION,HOLD,HOLD
0022101149,2022-03-31,Protagonist,,32,FICTIONAL_NO_OBSERVATION,,,,,,,,,,,NO_AUTOMATIC_INFERENCE,HOLD,HOLD
0022101164,2022-04-02,LaVine,Zach LaVine,34,OBSERVED_PLAYED,0022101164,CHI,2092,,2022-03-31,2022-04-06,,,,,NO_AUTOMATIC_INFERENCE,HOLD,HOLD
0022101164,2022-04-02,LaMelo_pick4,LaMelo Ball,32,OBSERVED_PLAYED,0022101161,CHA,1669,,2022-03-30,2022-04-05,,,,,NO_AUTOMATIC_INFERENCE,HOLD,HOLD
0022101164,2022-04-02,Coby,Coby White,18,OBSERVED_PLAYED,0022101164,CHI,1215,,2022-03-31,2022-04-05,,,,,NO_AUTOMATIC_INFERENCE,HOLD,HOLD
0022101164,2022-04-02,Carter,Wendell Carter Jr.,28,NO_SAME_DAY_ROW,,,,,2022-03-28,,,,,,REVIEW_MISSING_OBSERVATION,HOLD,HOLD
0022101164,2022-04-02,Young,Thaddeus Young,20,NO_SAME_DAY_ROW,,,,,2022-04-01,2022-04-03,,,,,REVIEW_MISSING_OBSERVATION,HOLD,HOLD
0022101164,2022-04-02,Satoransky,Tomas Satoransky,0,NO_SAME_DAY_ROW,,,,,2022-04-01,2022-04-03,,,,,REVIEW_MISSING_OBSERVATION,HOLD,HOLD
0022101164,2022-04-02,Markkanen,Lauri Markkanen,28,OBSERVED_PLAYED,0022101162,CLE,1441,,2022-03-31,2022-04-03,,,,,NO_AUTOMATIC_INFERENCE,HOLD,HOLD
0022101164,2022-04-02,Caruso,Alex Caruso,22,OBSERVED_PLAYED,0022101164,CHI,1303,,2022-03-31,2022-04-05,,,,,NO_AUTOMATIC_INFERENCE,HOLD,HOLD
0022101164,2022-04-02,Green,Javonte Green,0,OBSERVED_PLAYED,0022101164,CHI,789,,2022-03-31,2022-04-05,,,,,NO_AUTOMATIC_INFERENCE,HOLD,HOLD
0022101164,2022-04-02,Chris Duarte,Chris Duarte,14,NO_SAME_DAY_ROW,,,,,2022-03-15,,,,,,REVIEW_MISSING_OBSERVATION,HOLD,HOLD
0022101164,2022-04-02,Joe Wieskamp,Joe Wieskamp,0,NO_SAME_DAY_ROW,,,,,2022-03-26,2022-04-03,,,,,REVIEW_MISSING_OBSERVATION,HOLD,HOLD
0022101164,2022-04-02,Tony Bradley,Tony Bradley,12,OBSERVED_PLAYED,0022101164,CHI,96,,2022-03-24,2022-04-05,,,,,NO_AUTOMATIC_INFERENCE,HOLD,HOLD
0022101164,2022-04-02,Stanley Johnson,Stanley Johnson,0,NO_SAME_DAY_ROW,,,,,2022-04-01,2022-04-03,,,,,REVIEW_MISSING_OBSERVATION,HOLD,HOLD
0022101164,2022-04-02,Denzel Valentine,Denzel Valentine,0,NO_SAME_DAY_ROW,,,,,2022-01-16,,,,,,REVIEW_MISSING_OBSERVATION,HOLD,HOLD
0022101164,2022-04-02,Protagonist,,32,FICTIONAL_NO_OBSERVATION,,,,,,,,,,,NO_AUTOMATIC_INFERENCE,HOLD,HOLD
0022101183,2022-04-05,LaVine,Zach LaVine,34,NO_SAME_DAY_ROW,,,,,2022-04-02,2022-04-06,,,,,REVIEW_MISSING_OBSERVATION,HOLD,HOLD
0022101183,2022-04-05,LaMelo_pick4,LaMelo Ball,32,OBSERVED_PLAYED,0022101181,CHA,2064,,2022-04-02,2022-04-07,,,,,NO_AUTOMATIC_INFERENCE,HOLD,HOLD
0022101183,2022-04-05,Coby,Coby White,18,OBSERVED_PLAYED,0022101183,CHI,1871,,2022-04-02,2022-04-06,,,,,NO_AUTOMATIC_INFERENCE,HOLD,HOLD
0022101183,2022-04-05,Carter,Wendell Carter Jr.,28,NO_SAME_DAY_ROW,,,,,2022-03-28,,,,,,REVIEW_MISSING_OBSERVATION,HOLD,HOLD
0022101183,2022-04-05,Young,Thaddeus Young,20,OBSERVED_PLAYED,0022101182,TOR,872,,2022-04-03,2022-04-07,,,,,NO_AUTOMATIC_INFERENCE,HOLD,HOLD
0022101183,2022-04-05,Satoransky,Tomas Satoransky,0,OBSERVED_PLAYED,0022101184,WAS,1218,,2022-04-03,2022-04-06,,,,,NO_AUTOMATIC_INFERENCE,HOLD,HOLD
0022101183,2022-04-05,Markkanen,Lauri Markkanen,28,OBSERVED_PLAYED,0022101179,CLE,2083,,2022-04-03,2022-04-08,,,,,NO_AUTOMATIC_INFERENCE,HOLD,HOLD
0022101183,2022-04-05,Caruso,Alex Caruso,22,OBSERVED_PLAYED,0022101183,CHI,1330,,2022-04-02,,,,,,NO_AUTOMATIC_INFERENCE,HOLD,HOLD
0022101183,2022-04-05,Green,Javonte Green,0,OBSERVED_PLAYED,0022101183,CHI,1320,,2022-04-02,2022-04-06,,,,,NO_AUTOMATIC_INFERENCE,HOLD,HOLD
0022101183,2022-04-05,Chris Duarte,Chris Duarte,14,NO_SAME_DAY_ROW,,,,,2022-03-15,,,,,,REVIEW_MISSING_OBSERVATION,HOLD,HOLD
0022101183,2022-04-05,Joe Wieskamp,Joe Wieskamp,0,OBSERVED_PLAYED,0022101186,SAS,198,,2022-04-03,2022-04-07,,,,,NO_AUTOMATIC_INFERENCE,HOLD,HOLD
0022101183,2022-04-05,Tony Bradley,Tony Bradley,12,OBSERVED_PLAYED,0022101183,CHI,219,,2022-04-02,2022-04-06,,,,,NO_AUTOMATIC_INFERENCE,HOLD,HOLD
0022101183,2022-04-05,Stanley Johnson,Stanley Johnson,0,OBSERVED_PLAYED,0022101189,LAL,880,,2022-04-03,2022-04-07,,,,,NO_AUTOMATIC_INFERENCE,HOLD,HOLD
0022101183,2022-04-05,Denzel Valentine,Denzel Valentine,0,NO_SAME_DAY_ROW,,,,,2022-01-16,,,,,,REVIEW_MISSING_OBSERVATION,HOLD,HOLD
0022101183,2022-04-05,Protagonist,,32,FICTIONAL_NO_OBSERVATION,,,,,,,,,,,NO_AUTOMATIC_INFERENCE,HOLD,HOLD
0022101193,2022-04-06,LaVine,Zach LaVine,34,OBSERVED_PLAYED,0022101193,CHI,1631,,2022-04-02,2022-04-08,,,,,NO_AUTOMATIC_INFERENCE,HOLD,HOLD
0022101193,2022-04-06,LaMelo_pick4,LaMelo Ball,32,NO_SAME_DAY_ROW,,,,,2022-04-05,2022-04-07,,,,,REVIEW_MISSING_OBSERVATION,HOLD,HOLD
0022101193,2022-04-06,Coby,Coby White,18,OBSERVED_PLAYED,0022101193,CHI,1558,,2022-04-05,2022-04-08,,,,,NO_AUTOMATIC_INFERENCE,HOLD,HOLD
0022101193,2022-04-06,Carter,Wendell Carter Jr.,28,NO_SAME_DAY_ROW,,,,,2022-03-28,,,,,,REVIEW_MISSING_OBSERVATION,HOLD,HOLD
0022101193,2022-04-06,Young,Thaddeus Young,20,NO_SAME_DAY_ROW,,,,,2022-04-05,2022-04-07,,,,,REVIEW_MISSING_OBSERVATION,HOLD,HOLD
0022101193,2022-04-06,Satoransky,Tomas Satoransky,0,OBSERVED_PLAYED,0022101192,WAS,1528,,2022-04-05,2022-04-08,,,,,NO_AUTOMATIC_INFERENCE,HOLD,HOLD
0022101193,2022-04-06,Markkanen,Lauri Markkanen,28,NO_SAME_DAY_ROW,,,,,2022-04-05,2022-04-08,,,,,REVIEW_MISSING_OBSERVATION,HOLD,HOLD
0022101193,2022-04-06,Caruso,Alex Caruso,22,NO_SAME_DAY_ROW,,,,,2022-04-05,,,,,,REVIEW_MISSING_OBSERVATION,HOLD,HOLD
0022101193,2022-04-06,Green,Javonte Green,0,OBSERVED_PLAYED,0022101193,CHI,1268,,2022-04-05,2022-04-08,,,,,NO_AUTOMATIC_INFERENCE,HOLD,HOLD
0022101193,2022-04-06,Chris Duarte,Chris Duarte,14,NO_SAME_DAY_ROW,,,,,2022-03-15,,,,,,REVIEW_MISSING_OBSERVATION,HOLD,HOLD
0022101193,2022-04-06,Joe Wieskamp,Joe Wieskamp,0,NO_SAME_DAY_ROW,,,,,2022-04-05,2022-04-07,,,,,REVIEW_MISSING_OBSERVATION,HOLD,HOLD
0022101193,2022-04-06,Tony Bradley,Tony Bradley,12,OBSERVED_PLAYED,0022101193,CHI,375,,2022-04-05,2022-04-10,,,,,NO_AUTOMATIC_INFERENCE,HOLD,HOLD
0022101193,2022-04-06,Stanley Johnson,Stanley Johnson,0,NO_SAME_DAY_ROW,,,,,2022-04-05,2022-04-07,,,,,REVIEW_MISSING_OBSERVATION,HOLD,HOLD
0022101193,2022-04-06,Denzel Valentine,Denzel Valentine,0,NO_SAME_DAY_ROW,,,,,2022-01-16,,,,,,REVIEW_MISSING_OBSERVATION,HOLD,HOLD
0022101193,2022-04-06,Protagonist,,32,FICTIONAL_NO_OBSERVATION,,,,,,,,,,,NO_AUTOMATIC_INFERENCE,HOLD,HOLD
0022101208,2022-04-08,LaVine,Zach LaVine,34,OBSERVED_PLAYED,0022101208,CHI,1808,,2022-04-06,,,,,,NO_AUTOMATIC_INFERENCE,HOLD,HOLD
0022101208,2022-04-08,LaMelo_pick4,LaMelo Ball,32,OBSERVED_PLAYED,0022101208,CHA,1766,,2022-04-07,2022-04-10,,,,,NO_AUTOMATIC_INFERENCE,HOLD,HOLD
0022101208,2022-04-08,Coby,Coby White,18,OBSERVED_PLAYED,0022101208,CHI,2184,,2022-04-06,,,,,,NO_AUTOMATIC_INFERENCE,HOLD,HOLD
0022101208,2022-04-08,Carter,Wendell Carter Jr.,28,NO_SAME_DAY_ROW,,,,,2022-03-28,,,,,,REVIEW_MISSING_OBSERVATION,HOLD,HOLD
0022101208,2022-04-08,Young,Thaddeus Young,20,OBSERVED_PLAYED,0022101206,TOR,1458,,2022-04-07,2022-04-10,,,,,NO_AUTOMATIC_INFERENCE,HOLD,HOLD
0022101208,2022-04-08,Satoransky,Tomas Satoransky,0,OBSERVED_PLAYED,0022101204,WAS,1211,,2022-04-06,2022-04-10,,,,,NO_AUTOMATIC_INFERENCE,HOLD,HOLD
0022101208,2022-04-08,Markkanen,Lauri Markkanen,28,OBSERVED_PLAYED,0022101205,CLE,1501,,2022-04-05,2022-04-10,,,,,NO_AUTOMATIC_INFERENCE,HOLD,HOLD
0022101208,2022-04-08,Caruso,Alex Caruso,22,NO_SAME_DAY_ROW,,,,,2022-04-05,,,,,,REVIEW_MISSING_OBSERVATION,HOLD,HOLD
0022101208,2022-04-08,Green,Javonte Green,0,OBSERVED_PLAYED,0022101208,CHI,905,,2022-04-06,2022-04-10,,,,,NO_AUTOMATIC_INFERENCE,HOLD,HOLD
0022101208,2022-04-08,Chris Duarte,Chris Duarte,14,NO_SAME_DAY_ROW,,,,,2022-03-15,,,,,,REVIEW_MISSING_OBSERVATION,HOLD,HOLD
0022101208,2022-04-08,Joe Wieskamp,Joe Wieskamp,0,NO_SAME_DAY_ROW,,,,,2022-04-07,2022-04-09,,,,,REVIEW_MISSING_OBSERVATION,HOLD,HOLD
0022101208,2022-04-08,Tony Bradley,Tony Bradley,12,OBSERVED_COACH_DNP,0022101208,CHI,0,DNP - Coach's Decision,2022-04-06,2022-04-10,,,,,NO_AUTOMATIC_INFERENCE,HOLD,HOLD
0022101208,2022-04-08,Stanley Johnson,Stanley Johnson,0,OBSERVED_PLAYED,0022101211,LAL,1908,,2022-04-07,2022-04-10,,,,,NO_AUTOMATIC_INFERENCE,HOLD,HOLD
0022101208,2022-04-08,Denzel Valentine,Denzel Valentine,0,NO_SAME_DAY_ROW,,,,,2022-01-16,,,,,,REVIEW_MISSING_OBSERVATION,HOLD,HOLD
0022101208,2022-04-08,Protagonist,,32,FICTIONAL_NO_OBSERVATION,,,,,,,,,,,NO_AUTOMATIC_INFERENCE,HOLD,HOLD
0022101224,2022-04-10,LaVine,Zach LaVine,34,NO_SAME_DAY_ROW,,,,,2022-04-08,,,,,,REVIEW_MISSING_OBSERVATION,HOLD,HOLD
0022101224,2022-04-10,LaMelo_pick4,LaMelo Ball,32,OBSERVED_PLAYED,0022101217,CHA,1711,,2022-04-08,,,,,,NO_AUTOMATIC_INFERENCE,HOLD,HOLD
0022101224,2022-04-10,Coby,Coby White,18,OBSERVED_HEALTH_RESTRICTION,0022101224,CHI,0,DNP - Injury/Illness,2022-04-08,,,,,,REVIEW_LISTED_REASON,HOLD,HOLD
0022101224,2022-04-10,Carter,Wendell Carter Jr.,28,NO_SAME_DAY_ROW,,,,,2022-03-28,,,,,,REVIEW_MISSING_OBSERVATION,HOLD,HOLD
0022101224,2022-04-10,Young,Thaddeus Young,20,OBSERVED_PLAYED,0022101226,TOR,1205,,2022-04-08,,,,,,NO_AUTOMATIC_INFERENCE,HOLD,HOLD
0022101224,2022-04-10,Satoransky,Tomas Satoransky,0,OBSERVED_PLAYED,0022101217,WAS,1216,,2022-04-08,,,,,,NO_AUTOMATIC_INFERENCE,HOLD,HOLD
0022101224,2022-04-10,Markkanen,Lauri Markkanen,28,OBSERVED_PLAYED,0022101218,CLE,1239,,2022-04-08,,,,,,NO_AUTOMATIC_INFERENCE,HOLD,HOLD
0022101224,2022-04-10,Caruso,Alex Caruso,22,NO_SAME_DAY_ROW,,,,,2022-04-05,,,,,,REVIEW_MISSING_OBSERVATION,HOLD,HOLD
0022101224,2022-04-10,Green,Javonte Green,0,OBSERVED_PLAYED,0022101224,CHI,2381,,2022-04-08,,,,,,NO_AUTOMATIC_INFERENCE,HOLD,HOLD
0022101224,2022-04-10,Chris Duarte,Chris Duarte,14,NO_SAME_DAY_ROW,,,,,2022-03-15,,,,,,REVIEW_MISSING_OBSERVATION,HOLD,HOLD
0022101224,2022-04-10,Joe Wieskamp,Joe Wieskamp,0,OBSERVED_PLAYED,0022101219,SAS,527,,2022-04-09,,,,,,NO_AUTOMATIC_INFERENCE,HOLD,HOLD
0022101224,2022-04-10,Tony Bradley,Tony Bradley,12,OBSERVED_PLAYED,0022101224,CHI,890,,2022-04-06,,,,,,NO_AUTOMATIC_INFERENCE,HOLD,HOLD
0022101224,2022-04-10,Stanley Johnson,Stanley Johnson,0,OBSERVED_PLAYED,0022101220,LAL,2789,,2022-04-08,,,,,,NO_AUTOMATIC_INFERENCE,HOLD,HOLD
0022101224,2022-04-10,Denzel Valentine,Denzel Valentine,0,NO_SAME_DAY_ROW,,,,,2022-01-16,,,,,,REVIEW_MISSING_OBSERVATION,HOLD,HOLD
0022101224,2022-04-10,Protagonist,,32,FICTIONAL_NO_OBSERVATION,,,,,,,,,,,NO_AUTOMATIC_INFERENCE,HOLD,HOLD
