event_id,game_id,date,home,away,team,player,person_id,seconds,start,comment,pts,plus_minus,official_url
2020-12-23_BOS_MIL,0022000003,2020-12-23,BOS,MIL,BOS,Aaron Nesmith,1630174,0,0,DNP - Coach's Decision,0,0,https://www.nba.com/game/0022000003/box-score
2020-12-23_BOS_MIL,0022000003,2020-12-23,BOS,MIL,BOS,Carsen Edwards,1629035,0,0,DNP - Coach's Decision,0,0,https://www.nba.com/game/0022000003/box-score
2020-12-23_BOS_MIL,0022000003,2020-12-23,BOS,MIL,BOS,Daniel Theis,1628464,1480,1,,10,7,https://www.nba.com/game/0022000003/box-score
2020-12-23_BOS_MIL,0022000003,2020-12-23,BOS,MIL,BOS,Grant Williams,1629684,875,0,,3,-19,https://www.nba.com/game/0022000003/box-score
2020-12-23_BOS_MIL,0022000003,2020-12-23,BOS,MIL,BOS,Javonte Green,1629750,0,0,DNP - Coach's Decision,0,0,https://www.nba.com/game/0022000003/box-score
2020-12-23_BOS_MIL,0022000003,2020-12-23,BOS,MIL,BOS,Jaylen Brown,1627759,2258,1,,33,8,https://www.nba.com/game/0022000003/box-score
2020-12-23_BOS_MIL,0022000003,2020-12-23,BOS,MIL,BOS,Jayson Tatum,1628369,1969,1,,30,-6,https://www.nba.com/game/0022000003/box-score
2020-12-23_BOS_MIL,0022000003,2020-12-23,BOS,MIL,BOS,Jeff Teague,201952,1500,0,,19,8,https://www.nba.com/game/0022000003/box-score
2020-12-23_BOS_MIL,0022000003,2020-12-23,BOS,MIL,BOS,Marcus Smart,203935,2307,1,,3,0,https://www.nba.com/game/0022000003/box-score
2020-12-23_BOS_MIL,0022000003,2020-12-23,BOS,MIL,BOS,Payton Pritchard,1630202,780,0,,3,-2,https://www.nba.com/game/0022000003/box-score
2020-12-23_BOS_MIL,0022000003,2020-12-23,BOS,MIL,BOS,Robert Williams III,1629057,748,0,,4,-5,https://www.nba.com/game/0022000003/box-score
2020-12-23_BOS_MIL,0022000003,2020-12-23,BOS,MIL,BOS,Semi Ojeleye,1628400,1139,0,,5,20,https://www.nba.com/game/0022000003/box-score
2020-12-23_BOS_MIL,0022000003,2020-12-23,BOS,MIL,BOS,Tremont Waters,1629682,0,0,DNP - Coach's Decision,0,0,https://www.nba.com/game/0022000003/box-score
2020-12-23_BOS_MIL,0022000003,2020-12-23,BOS,MIL,BOS,Tristan Thompson,202684,1344,1,,12,-6,https://www.nba.com/game/0022000003/box-score
2020-12-23_BOS_MIL,0022000003,2020-12-23,BOS,MIL,MIL,Bobby Portis,1626171,982,0,,3,-16,https://www.nba.com/game/0022000003/box-score
2020-12-23_BOS_MIL,0022000003,2020-12-23,BOS,MIL,MIL,Brook Lopez,201572,1746,1,,7,22,https://www.nba.com/game/0022000003/box-score
2020-12-23_BOS_MIL,0022000003,2020-12-23,BOS,MIL,MIL,Bryn Forbes,1627854,811,0,,3,4,https://www.nba.com/game/0022000003/box-score
2020-12-23_BOS_MIL,0022000003,2020-12-23,BOS,MIL,MIL,D.J. Wilson,1628391,773,0,,0,-6,https://www.nba.com/game/0022000003/box-score
2020-12-23_BOS_MIL,0022000003,2020-12-23,BOS,MIL,MIL,Donte DiVincenzo,1628978,1633,1,,15,4,https://www.nba.com/game/0022000003/box-score
2020-12-23_BOS_MIL,0022000003,2020-12-23,BOS,MIL,MIL,Giannis Antetokounmpo,203507,2184,1,,35,-1,https://www.nba.com/game/0022000003/box-score
2020-12-23_BOS_MIL,0022000003,2020-12-23,BOS,MIL,MIL,Jaylen Adams,1629121,0,0,DNP - Coach's Decision,0,0,https://www.nba.com/game/0022000003/box-score
2020-12-23_BOS_MIL,0022000003,2020-12-23,BOS,MIL,MIL,Jordan Nwora,1629670,0,0,DNP - Coach's Decision,0,0,https://www.nba.com/game/0022000003/box-score
2020-12-23_BOS_MIL,0022000003,2020-12-23,BOS,MIL,MIL,Jrue Holiday,201950,2303,1,,25,-5,https://www.nba.com/game/0022000003/box-score
2020-12-23_BOS_MIL,0022000003,2020-12-23,BOS,MIL,MIL,Khris Middleton,203114,2253,1,,27,7,https://www.nba.com/game/0022000003/box-score
2020-12-23_BOS_MIL,0022000003,2020-12-23,BOS,MIL,MIL,Mamadi Diakite,1629603,0,0,DNP - Coach's Decision,0,0,https://www.nba.com/game/0022000003/box-score
2020-12-23_BOS_MIL,0022000003,2020-12-23,BOS,MIL,MIL,Pat Connaughton,1626192,1388,0,,6,-14,https://www.nba.com/game/0022000003/box-score
2020-12-23_BOS_MIL,0022000003,2020-12-23,BOS,MIL,MIL,Sam Merrill,1630241,328,0,,0,0,https://www.nba.com/game/0022000003/box-score
2020-12-23_BOS_MIL,0022000003,2020-12-23,BOS,MIL,MIL,Thanasis Antetokounmpo,203648,0,0,DNP - Coach's Decision,0,0,https://www.nba.com/game/0022000003/box-score
2020-12-23_BOS_MIL,0022000003,2020-12-23,BOS,MIL,MIL,Torrey Craig,1628470,0,0,DNP - Coach's Decision,0,0,https://www.nba.com/game/0022000003/box-score
2020-12-23_DEN_SAC,0022000019,2020-12-23,DEN,SAC,DEN,Bol Bol,1629626,0,0,DNP - Coach's Decision,0,0,https://www.nba.com/game/0022000019/box-score
2020-12-23_DEN_SAC,0022000019,2020-12-23,DEN,SAC,DEN,Facundo Campazzo,1630267,488,0,,3,-4,https://www.nba.com/game/0022000019/box-score
2020-12-23_DEN_SAC,0022000019,2020-12-23,DEN,SAC,DEN,Gary Harris,203914,2493,1,,10,5,https://www.nba.com/game/0022000019/box-score
2020-12-23_DEN_SAC,0022000019,2020-12-23,DEN,SAC,DEN,Isaiah Hartenstein,1628392,533,0,,6,-1,https://www.nba.com/game/0022000019/box-score
2020-12-23_DEN_SAC,0022000019,2020-12-23,DEN,SAC,DEN,Jamal Murray,1627750,2067,1,,9,3,https://www.nba.com/game/0022000019/box-score
2020-12-23_DEN_SAC,0022000019,2020-12-23,DEN,SAC,DEN,Markus Howard,1630210,0,0,DNP - Coach's Decision,0,0,https://www.nba.com/game/0022000019/box-score
2020-12-23_DEN_SAC,0022000019,2020-12-23,DEN,SAC,DEN,Michael Porter Jr.,1629008,1776,1,,24,0,https://www.nba.com/game/0022000019/box-score
2020-12-23_DEN_SAC,0022000019,2020-12-23,DEN,SAC,DEN,Monte Morris,1628420,979,0,,2,-7,https://www.nba.com/game/0022000019/box-score
2020-12-23_DEN_SAC,0022000019,2020-12-23,DEN,SAC,DEN,Nikola Jokic,203999,2511,1,,29,5,https://www.nba.com/game/0022000019/box-score
2020-12-23_DEN_SAC,0022000019,2020-12-23,DEN,SAC,DEN,PJ Dozier,1628408,880,0,,7,-6,https://www.nba.com/game/0022000019/box-score
2020-12-23_DEN_SAC,0022000019,2020-12-23,DEN,SAC,DEN,Paul Millsap,200794,2166,1,,16,-6,https://www.nba.com/game/0022000019/box-score
2020-12-23_DEN_SAC,0022000019,2020-12-23,DEN,SAC,DEN,R.J. Hampton,1630181,0,0,DNP - Coach's Decision,0,0,https://www.nba.com/game/0022000019/box-score
2020-12-23_DEN_SAC,0022000019,2020-12-23,DEN,SAC,DEN,Vlatko Cancar,1628427,0,0,DNP - Coach's Decision,0,0,https://www.nba.com/game/0022000019/box-score
2020-12-23_DEN_SAC,0022000019,2020-12-23,DEN,SAC,DEN,Will Barton,203115,2007,0,,16,1,https://www.nba.com/game/0022000019/box-score
2020-12-23_DEN_SAC,0022000019,2020-12-23,DEN,SAC,DEN,Zeke Nnaji,1630192,0,0,DNP - Coach's Decision,0,0,https://www.nba.com/game/0022000019/box-score
2020-12-23_DEN_SAC,0022000019,2020-12-23,DEN,SAC,SAC,Buddy Hield,1627741,2468,1,,22,-2,https://www.nba.com/game/0022000019/box-score
2020-12-23_DEN_SAC,0022000019,2020-12-23,DEN,SAC,SAC,Cory Joseph,202709,1762,0,,15,8,https://www.nba.com/game/0022000019/box-score
2020-12-23_DEN_SAC,0022000019,2020-12-23,DEN,SAC,SAC,De'Aaron Fox,1628368,2323,1,,21,-2,https://www.nba.com/game/0022000019/box-score
2020-12-23_DEN_SAC,0022000019,2020-12-23,DEN,SAC,SAC,Glenn Robinson III,203922,0,0,DNP - Coach's Decision,0,0,https://www.nba.com/game/0022000019/box-score
2020-12-23_DEN_SAC,0022000019,2020-12-23,DEN,SAC,SAC,Harrison Barnes,203084,2517,1,,21,3,https://www.nba.com/game/0022000019/box-score
2020-12-23_DEN_SAC,0022000019,2020-12-23,DEN,SAC,SAC,Hassan Whiteside,202355,1054,0,,4,3,https://www.nba.com/game/0022000019/box-score
2020-12-23_DEN_SAC,0022000019,2020-12-23,DEN,SAC,SAC,Jahmi'us Ramsey,1630186,0,0,DNP - Coach's Decision,0,0,https://www.nba.com/game/0022000019/box-score
2020-12-23_DEN_SAC,0022000019,2020-12-23,DEN,SAC,SAC,Justin James,1629713,0,0,DNP - Coach's Decision,0,0,https://www.nba.com/game/0022000019/box-score
2020-12-23_DEN_SAC,0022000019,2020-12-23,DEN,SAC,SAC,Kyle Guy,1629657,0,0,DNP - Coach's Decision,0,0,https://www.nba.com/game/0022000019/box-score
2020-12-23_DEN_SAC,0022000019,2020-12-23,DEN,SAC,SAC,Marvin Bagley III,1628963,1641,1,,13,2,https://www.nba.com/game/0022000019/box-score
2020-12-23_DEN_SAC,0022000019,2020-12-23,DEN,SAC,SAC,Nemanja Bjelica,202357,956,0,,10,-4,https://www.nba.com/game/0022000019/box-score
2020-12-23_DEN_SAC,0022000019,2020-12-23,DEN,SAC,SAC,Richaun Holmes,1626158,1379,1,,6,1,https://www.nba.com/game/0022000019/box-score
2020-12-23_DEN_SAC,0022000019,2020-12-23,DEN,SAC,SAC,Robert Woodard II,1630218,0,0,DNP - Coach's Decision,0,0,https://www.nba.com/game/0022000019/box-score
2020-12-23_DEN_SAC,0022000019,2020-12-23,DEN,SAC,SAC,Tyrese Haliburton,1630169,1800,0,,12,1,https://www.nba.com/game/0022000019/box-score
2020-12-26_SAC_PHX,0022000030,2020-12-26,SAC,PHX,PHX,Cameron Johnson,1629661,1503,0,,8,-10,https://www.nba.com/game/0022000030/box-score
2020-12-26_SAC_PHX,0022000030,2020-12-26,SAC,PHX,PHX,Cameron Payne,1626166,913,0,,8,-2,https://www.nba.com/game/0022000030/box-score
2020-12-26_SAC_PHX,0022000030,2020-12-26,SAC,PHX,PHX,Chris Paul,101108,1967,1,,22,-1,https://www.nba.com/game/0022000030/box-score
2020-12-26_SAC_PHX,0022000030,2020-12-26,SAC,PHX,PHX,Damian Jones,1627745,927,0,,2,-10,https://www.nba.com/game/0022000030/box-score
2020-12-26_SAC_PHX,0022000030,2020-12-26,SAC,PHX,PHX,Dario Saric,203967,0,0,DNP - Injury/Illness,0,0,https://www.nba.com/game/0022000030/box-score
2020-12-26_SAC_PHX,0022000030,2020-12-26,SAC,PHX,PHX,Deandre Ayton,1629028,1796,1,,9,7,https://www.nba.com/game/0022000030/box-score
2020-12-26_SAC_PHX,0022000030,2020-12-26,SAC,PHX,PHX,Devin Booker,1626164,2295,1,,26,3,https://www.nba.com/game/0022000030/box-score
2020-12-26_SAC_PHX,0022000030,2020-12-26,SAC,PHX,PHX,E'Twaun Moore,202734,0,0,DNP - Coach's Decision,0,0,https://www.nba.com/game/0022000030/box-score
2020-12-26_SAC_PHX,0022000030,2020-12-26,SAC,PHX,PHX,Frank Kaminsky,1626163,157,0,,0,0,https://www.nba.com/game/0022000030/box-score
2020-12-26_SAC_PHX,0022000030,2020-12-26,SAC,PHX,PHX,Jae Crowder,203109,1964,1,,17,-1,https://www.nba.com/game/0022000030/box-score
2020-12-26_SAC_PHX,0022000030,2020-12-26,SAC,PHX,PHX,Jalen Smith,1630188,245,0,,0,3,https://www.nba.com/game/0022000030/box-score
2020-12-26_SAC_PHX,0022000030,2020-12-26,SAC,PHX,PHX,Jevon Carter,1628975,438,0,,2,-3,https://www.nba.com/game/0022000030/box-score
2020-12-26_SAC_PHX,0022000030,2020-12-26,SAC,PHX,PHX,Langston Galloway,204038,586,0,,0,-3,https://www.nba.com/game/0022000030/box-score
2020-12-26_SAC_PHX,0022000030,2020-12-26,SAC,PHX,PHX,Mikal Bridges,1628969,1609,1,,9,2,https://www.nba.com/game/0022000030/box-score
2020-12-26_SAC_PHX,0022000030,2020-12-26,SAC,PHX,PHX,Ty-Shon Alexander,1630234,0,0,DNP - Coach's Decision,0,0,https://www.nba.com/game/0022000030/box-score
2020-12-26_SAC_PHX,0022000030,2020-12-26,SAC,PHX,SAC,Buddy Hield,1627741,2081,1,,14,1,https://www.nba.com/game/0022000030/box-score
2020-12-26_SAC_PHX,0022000030,2020-12-26,SAC,PHX,SAC,Chimezie Metu,1629002,0,0,DNP - Coach's Decision,0,0,https://www.nba.com/game/0022000030/box-score
2020-12-26_SAC_PHX,0022000030,2020-12-26,SAC,PHX,SAC,Cory Joseph,202709,1148,0,,3,-2,https://www.nba.com/game/0022000030/box-score
2020-12-26_SAC_PHX,0022000030,2020-12-26,SAC,PHX,SAC,De'Aaron Fox,1628368,2094,1,,24,-3,https://www.nba.com/game/0022000030/box-score
2020-12-26_SAC_PHX,0022000030,2020-12-26,SAC,PHX,SAC,Glenn Robinson III,203922,921,0,,8,4,https://www.nba.com/game/0022000030/box-score
2020-12-26_SAC_PHX,0022000030,2020-12-26,SAC,PHX,SAC,Harrison Barnes,203084,2048,1,,11,2,https://www.nba.com/game/0022000030/box-score
2020-12-26_SAC_PHX,0022000030,2020-12-26,SAC,PHX,SAC,Hassan Whiteside,202355,916,0,,8,3,https://www.nba.com/game/0022000030/box-score
2020-12-26_SAC_PHX,0022000030,2020-12-26,SAC,PHX,SAC,Jabari Parker,203953,0,0,DNP - Coach's Decision,0,0,https://www.nba.com/game/0022000030/box-score
2020-12-26_SAC_PHX,0022000030,2020-12-26,SAC,PHX,SAC,Justin James,1629713,0,0,DNP - Coach's Decision,0,0,https://www.nba.com/game/0022000030/box-score
2020-12-26_SAC_PHX,0022000030,2020-12-26,SAC,PHX,SAC,Kyle Guy,1629657,0,0,DNP - Coach's Decision,0,0,https://www.nba.com/game/0022000030/box-score
2020-12-26_SAC_PHX,0022000030,2020-12-26,SAC,PHX,SAC,Marvin Bagley III,1628963,1242,1,,13,-3,https://www.nba.com/game/0022000030/box-score
2020-12-26_SAC_PHX,0022000030,2020-12-26,SAC,PHX,SAC,Nemanja Bjelica,202357,939,0,,12,8,https://www.nba.com/game/0022000030/box-score
2020-12-26_SAC_PHX,0022000030,2020-12-26,SAC,PHX,SAC,Richaun Holmes,1626158,1442,1,,11,-1,https://www.nba.com/game/0022000030/box-score
2020-12-26_SAC_PHX,0022000030,2020-12-26,SAC,PHX,SAC,Robert Woodard II,1630218,0,0,DNP - Coach's Decision,0,0,https://www.nba.com/game/0022000030/box-score
2020-12-26_SAC_PHX,0022000030,2020-12-26,SAC,PHX,SAC,Tyrese Haliburton,1630169,1569,0,,2,6,https://www.nba.com/game/0022000030/box-score
2020-12-27_NOP_SAS,0022000034,2020-12-27,NOP,SAS,NOP,Brandon Ingram,1627742,2115,1,,28,15,https://www.nba.com/game/0022000034/box-score
2020-12-27_NOP_SAS,0022000034,2020-12-27,NOP,SAS,NOP,Eric Bledsoe,202339,1703,1,,7,-4,https://www.nba.com/game/0022000034/box-score
2020-12-27_NOP_SAS,0022000034,2020-12-27,NOP,SAS,NOP,JJ Redick,200755,1196,0,,3,-16,https://www.nba.com/game/0022000034/box-score
2020-12-27_NOP_SAS,0022000034,2020-12-27,NOP,SAS,NOP,Jaxson Hayes,1629637,1029,0,,6,-15,https://www.nba.com/game/0022000034/box-score
2020-12-27_NOP_SAS,0022000034,2020-12-27,NOP,SAS,NOP,Josh Hart,1628404,1979,0,,12,10,https://www.nba.com/game/0022000034/box-score
2020-12-27_NOP_SAS,0022000034,2020-12-27,NOP,SAS,NOP,Kira Lewis Jr.,1630184,0,0,DNP - Coach's Decision,0,0,https://www.nba.com/game/0022000034/box-score
2020-12-27_NOP_SAS,0022000034,2020-12-27,NOP,SAS,NOP,Lonzo Ball,1628366,2245,1,,16,8,https://www.nba.com/game/0022000034/box-score
2020-12-27_NOP_SAS,0022000034,2020-12-27,NOP,SAS,NOP,Naji Marshall,1630230,0,0,DNP - Coach's Decision,0,0,https://www.nba.com/game/0022000034/box-score
2020-12-27_NOP_SAS,0022000034,2020-12-27,NOP,SAS,NOP,Nickeil Alexander-Walker,1629638,0,0,DNP - Coach's Decision,0,0,https://www.nba.com/game/0022000034/box-score
2020-12-27_NOP_SAS,0022000034,2020-12-27,NOP,SAS,NOP,Nicolo Melli,1629740,0,0,DNP - Coach's Decision,0,0,https://www.nba.com/game/0022000034/box-score
2020-12-27_NOP_SAS,0022000034,2020-12-27,NOP,SAS,NOP,Sindarius Thornwell,1628414,0,0,DNP - Coach's Decision,0,0,https://www.nba.com/game/0022000034/box-score
2020-12-27_NOP_SAS,0022000034,2020-12-27,NOP,SAS,NOP,Steven Adams,203500,1851,1,,8,18,https://www.nba.com/game/0022000034/box-score
2020-12-27_NOP_SAS,0022000034,2020-12-27,NOP,SAS,NOP,Willy Hernangomez,1626195,0,0,DNP - Coach's Decision,0,0,https://www.nba.com/game/0022000034/box-score
2020-12-27_NOP_SAS,0022000034,2020-12-27,NOP,SAS,NOP,Zion Williamson,1629627,2282,1,,18,-1,https://www.nba.com/game/0022000034/box-score
2020-12-27_NOP_SAS,0022000034,2020-12-27,NOP,SAS,SAS,DeMar DeRozan,201942,1863,1,,8,-18,https://www.nba.com/game/0022000034/box-score
2020-12-27_NOP_SAS,0022000034,2020-12-27,NOP,SAS,SAS,Dejounte Murray,1627749,1862,1,,13,-6,https://www.nba.com/game/0022000034/box-score
2020-12-27_NOP_SAS,0022000034,2020-12-27,NOP,SAS,SAS,Devin Vassell,1630170,729,0,,0,6,https://www.nba.com/game/0022000034/box-score
2020-12-27_NOP_SAS,0022000034,2020-12-27,NOP,SAS,SAS,Drew Eubanks,1629234,0,0,DNP - Coach's Decision,0,0,https://www.nba.com/game/0022000034/box-score
2020-12-27_NOP_SAS,0022000034,2020-12-27,NOP,SAS,SAS,Jakob Poeltl,1627751,1400,0,,8,15,https://www.nba.com/game/0022000034/box-score
2020-12-27_NOP_SAS,0022000034,2020-12-27,NOP,SAS,SAS,Keita Bates-Diop,1628966,0,0,DNP - Coach's Decision,0,0,https://www.nba.com/game/0022000034/box-score
2020-12-27_NOP_SAS,0022000034,2020-12-27,NOP,SAS,SAS,Keldon Johnson,1629640,1846,1,,14,3,https://www.nba.com/game/0022000034/box-score
2020-12-27_NOP_SAS,0022000034,2020-12-27,NOP,SAS,SAS,LaMarcus Aldridge,200746,1215,1,,4,-16,https://www.nba.com/game/0022000034/box-score
2020-12-27_NOP_SAS,0022000034,2020-12-27,NOP,SAS,SAS,Lonnie Walker IV,1629022,2048,1,,16,-13,https://www.nba.com/game/0022000034/box-score
2020-12-27_NOP_SAS,0022000034,2020-12-27,NOP,SAS,SAS,Luka Samanic,1629677,0,0,DNP - Coach's Decision,0,0,https://www.nba.com/game/0022000034/box-score
2020-12-27_NOP_SAS,0022000034,2020-12-27,NOP,SAS,SAS,Patty Mills,201988,1386,0,,10,11,https://www.nba.com/game/0022000034/box-score
2020-12-27_NOP_SAS,0022000034,2020-12-27,NOP,SAS,SAS,Rudy Gay,200752,1687,0,,22,9,https://www.nba.com/game/0022000034/box-score
2020-12-27_NOP_SAS,0022000034,2020-12-27,NOP,SAS,SAS,Tre Jones,1630200,0,0,DNP - Coach's Decision,0,0,https://www.nba.com/game/0022000034/box-score
2020-12-27_NOP_SAS,0022000034,2020-12-27,NOP,SAS,SAS,Trey Lyles,1626168,364,0,,0,-6,https://www.nba.com/game/0022000034/box-score
2020-12-28_OKC_UTA,0022000043,2020-12-28,OKC,UTA,OKC,Al Horford,201143,1752,1,,11,7,https://www.nba.com/game/0022000043/box-score
2020-12-28_OKC_UTA,0022000043,2020-12-28,OKC,UTA,OKC,Aleksej Pokusevski,1630197,866,0,,0,3,https://www.nba.com/game/0022000043/box-score
2020-12-28_OKC_UTA,0022000043,2020-12-28,OKC,UTA,OKC,Darius Bazley,1629647,2001,1,,9,-5,https://www.nba.com/game/0022000043/box-score
2020-12-28_OKC_UTA,0022000043,2020-12-28,OKC,UTA,OKC,Darius Miller,203121,0,0,DNP - Coach's Decision,0,0,https://www.nba.com/game/0022000043/box-score
2020-12-28_OKC_UTA,0022000043,2020-12-28,OKC,UTA,OKC,George Hill,201588,1504,1,,14,6,https://www.nba.com/game/0022000043/box-score
2020-12-28_OKC_UTA,0022000043,2020-12-28,OKC,UTA,OKC,Hamidou Diallo,1628977,1192,0,,7,-3,https://www.nba.com/game/0022000043/box-score
2020-12-28_OKC_UTA,0022000043,2020-12-28,OKC,UTA,OKC,Isaiah Roby,1629676,0,0,DNP - Coach's Decision,0,0,https://www.nba.com/game/0022000043/box-score
2020-12-28_OKC_UTA,0022000043,2020-12-28,OKC,UTA,OKC,Josh Hall,1630221,0,0,DNP - Coach's Decision,0,0,https://www.nba.com/game/0022000043/box-score
2020-12-28_OKC_UTA,0022000043,2020-12-28,OKC,UTA,OKC,Justin Jackson,1628382,0,0,DNP - Coach's Decision,0,0,https://www.nba.com/game/0022000043/box-score
2020-12-28_OKC_UTA,0022000043,2020-12-28,OKC,UTA,OKC,Kenrich Williams,1629026,686,0,,4,-4,https://www.nba.com/game/0022000043/box-score
2020-12-28_OKC_UTA,0022000043,2020-12-28,OKC,UTA,OKC,Luguentz Dort,1629652,1902,1,,26,3,https://www.nba.com/game/0022000043/box-score
2020-12-28_OKC_UTA,0022000043,2020-12-28,OKC,UTA,OKC,Mike Muscala,203488,1128,0,,9,-8,https://www.nba.com/game/0022000043/box-score
2020-12-28_OKC_UTA,0022000043,2020-12-28,OKC,UTA,OKC,Moses Brown,1629650,0,0,DNP - Coach's Decision,0,0,https://www.nba.com/game/0022000043/box-score
2020-12-28_OKC_UTA,0022000043,2020-12-28,OKC,UTA,OKC,Shai Gilgeous-Alexander,1628983,2185,1,,23,4,https://www.nba.com/game/0022000043/box-score
2020-12-28_OKC_UTA,0022000043,2020-12-28,OKC,UTA,OKC,Theo Maledon,1630177,1184,0,,6,-8,https://www.nba.com/game/0022000043/box-score
2020-12-28_OKC_UTA,0022000043,2020-12-28,OKC,UTA,UTA,Bojan Bogdanovic,202711,2084,1,,23,-3,https://www.nba.com/game/0022000043/box-score
2020-12-28_OKC_UTA,0022000043,2020-12-28,OKC,UTA,UTA,Derrick Favors,202324,671,0,,6,-4,https://www.nba.com/game/0022000043/box-score
2020-12-28_OKC_UTA,0022000043,2020-12-28,OKC,UTA,UTA,Donovan Mitchell,1628378,2087,1,,20,-4,https://www.nba.com/game/0022000043/box-score
2020-12-28_OKC_UTA,0022000043,2020-12-28,OKC,UTA,UTA,Elijah Hughes,1630190,0,0,DNP - Coach's Decision,0,0,https://www.nba.com/game/0022000043/box-score
2020-12-28_OKC_UTA,0022000043,2020-12-28,OKC,UTA,UTA,Georges Niang,1627777,503,0,,0,-1,https://www.nba.com/game/0022000043/box-score
2020-12-28_OKC_UTA,0022000043,2020-12-28,OKC,UTA,UTA,Joe Ingles,204060,1223,0,,4,0,https://www.nba.com/game/0022000043/box-score
2020-12-28_OKC_UTA,0022000043,2020-12-28,OKC,UTA,UTA,Jordan Clarkson,203903,1542,0,,16,5,https://www.nba.com/game/0022000043/box-score
2020-12-28_OKC_UTA,0022000043,2020-12-28,OKC,UTA,UTA,Juwan Morgan,1629752,0,0,DNP - Coach's Decision,0,0,https://www.nba.com/game/0022000043/box-score
2020-12-28_OKC_UTA,0022000043,2020-12-28,OKC,UTA,UTA,Mike Conley,201144,1942,1,,20,1,https://www.nba.com/game/0022000043/box-score
2020-12-28_OKC_UTA,0022000043,2020-12-28,OKC,UTA,UTA,Miye Oni,1629671,100,0,,0,5,https://www.nba.com/game/0022000043/box-score
2020-12-28_OKC_UTA,0022000043,2020-12-28,OKC,UTA,UTA,Royce O'Neale,1626220,2039,1,,9,1,https://www.nba.com/game/0022000043/box-score
2020-12-28_OKC_UTA,0022000043,2020-12-28,OKC,UTA,UTA,Rudy Gobert,203497,2209,1,,12,5,https://www.nba.com/game/0022000043/box-score
2020-12-28_OKC_UTA,0022000043,2020-12-28,OKC,UTA,UTA,Shaquille Harrison,1627885,0,0,DNP - Coach's Decision,0,0,https://www.nba.com/game/0022000043/box-score
2020-12-28_OKC_UTA,0022000043,2020-12-28,OKC,UTA,UTA,Udoka Azubuike,1628962,0,0,DNP - Coach's Decision,0,0,https://www.nba.com/game/0022000043/box-score
2020-12-31_HOU_SAC,0022000065,2020-12-31,HOU,SAC,HOU,Brodric Thomas,1630271,0,0,DNP - Coach's Decision,0,0,https://www.nba.com/game/0022000065/box-score
2020-12-31_HOU_SAC,0022000065,2020-12-31,HOU,SAC,HOU,Bruno Caboclo,203998,0,0,DNP - Coach's Decision,0,0,https://www.nba.com/game/0022000065/box-score
2020-12-31_HOU_SAC,0022000065,2020-12-31,HOU,SAC,HOU,Christian Wood,1626174,1911,1,,21,13,https://www.nba.com/game/0022000065/box-score
2020-12-31_HOU_SAC,0022000065,2020-12-31,HOU,SAC,HOU,Danuel House Jr.,1627863,1674,1,,11,7,https://www.nba.com/game/0022000065/box-score
2020-12-31_HOU_SAC,0022000065,2020-12-31,HOU,SAC,HOU,David Nwaba,1628021,0,0,DNP - Coach's Decision,0,0,https://www.nba.com/game/0022000065/box-score
2020-12-31_HOU_SAC,0022000065,2020-12-31,HOU,SAC,HOU,DeMarcus Cousins,202326,833,0,,8,-7,https://www.nba.com/game/0022000065/box-score
2020-12-31_HOU_SAC,0022000065,2020-12-31,HOU,SAC,HOU,Eric Gordon,201569,1556,0,,17,4,https://www.nba.com/game/0022000065/box-score
2020-12-31_HOU_SAC,0022000065,2020-12-31,HOU,SAC,HOU,Jae'Sean Tate,1630256,1240,0,,4,-4,https://www.nba.com/game/0022000065/box-score
2020-12-31_HOU_SAC,0022000065,2020-12-31,HOU,SAC,HOU,James Harden,201935,2298,1,,33,8,https://www.nba.com/game/0022000065/box-score
2020-12-31_HOU_SAC,0022000065,2020-12-31,HOU,SAC,HOU,John Wall,202322,2194,1,,22,-4,https://www.nba.com/game/0022000065/box-score
2020-12-31_HOU_SAC,0022000065,2020-12-31,HOU,SAC,HOU,P.J. Tucker,200782,1946,1,,0,4,https://www.nba.com/game/0022000065/box-score
2020-12-31_HOU_SAC,0022000065,2020-12-31,HOU,SAC,HOU,Sterling Brown,1628425,748,0,,6,-6,https://www.nba.com/game/0022000065/box-score
2020-12-31_HOU_SAC,0022000065,2020-12-31,HOU,SAC,SAC,Buddy Hield,1627741,2267,1,,19,-9,https://www.nba.com/game/0022000065/box-score
2020-12-31_HOU_SAC,0022000065,2020-12-31,HOU,SAC,SAC,Cory Joseph,202709,1356,0,,9,0,https://www.nba.com/game/0022000065/box-score
2020-12-31_HOU_SAC,0022000065,2020-12-31,HOU,SAC,SAC,De'Aaron Fox,1628368,2110,1,,22,-3,https://www.nba.com/game/0022000065/box-score
2020-12-31_HOU_SAC,0022000065,2020-12-31,HOU,SAC,SAC,Glenn Robinson III,203922,0,0,DNP - Coach's Decision,0,0,https://www.nba.com/game/0022000065/box-score
2020-12-31_HOU_SAC,0022000065,2020-12-31,HOU,SAC,SAC,Harrison Barnes,203084,2224,1,,24,-3,https://www.nba.com/game/0022000065/box-score
2020-12-31_HOU_SAC,0022000065,2020-12-31,HOU,SAC,SAC,Hassan Whiteside,202355,181,0,,0,-1,https://www.nba.com/game/0022000065/box-score
2020-12-31_HOU_SAC,0022000065,2020-12-31,HOU,SAC,SAC,Jabari Parker,203953,0,0,DNP - Coach's Decision,0,0,https://www.nba.com/game/0022000065/box-score
2020-12-31_HOU_SAC,0022000065,2020-12-31,HOU,SAC,SAC,Jahmi'us Ramsey,1630186,0,0,DNP - Coach's Decision,0,0,https://www.nba.com/game/0022000065/box-score
2020-12-31_HOU_SAC,0022000065,2020-12-31,HOU,SAC,SAC,Justin James,1629713,0,0,DNP - Coach's Decision,0,0,https://www.nba.com/game/0022000065/box-score
2020-12-31_HOU_SAC,0022000065,2020-12-31,HOU,SAC,SAC,Kyle Guy,1629657,0,0,DNP - Coach's Decision,0,0,https://www.nba.com/game/0022000065/box-score
2020-12-31_HOU_SAC,0022000065,2020-12-31,HOU,SAC,SAC,Marvin Bagley III,1628963,1554,1,,4,-3,https://www.nba.com/game/0022000065/box-score
2020-12-31_HOU_SAC,0022000065,2020-12-31,HOU,SAC,SAC,Nemanja Bjelica,202357,947,0,,8,10,https://www.nba.com/game/0022000065/box-score
2020-12-31_HOU_SAC,0022000065,2020-12-31,HOU,SAC,SAC,Richaun Holmes,1626158,2158,1,,22,-2,https://www.nba.com/game/0022000065/box-score
2020-12-31_HOU_SAC,0022000065,2020-12-31,HOU,SAC,SAC,Robert Woodard II,1630218,0,0,DNP - Coach's Decision,0,0,https://www.nba.com/game/0022000065/box-score
2020-12-31_HOU_SAC,0022000065,2020-12-31,HOU,SAC,SAC,Tyrese Haliburton,1630169,1603,0,,11,-4,https://www.nba.com/game/0022000065/box-score
2021-01-01_DEN_PHX,0022000076,2021-01-01,DEN,PHX,DEN,Bol Bol,1629626,0,0,DNP - Coach's Decision,0,0,https://www.nba.com/game/0022000076/box-score
2021-01-01_DEN_PHX,0022000076,2021-01-01,DEN,PHX,DEN,Facundo Campazzo,1630267,233,0,,0,-6,https://www.nba.com/game/0022000076/box-score
2021-01-01_DEN_PHX,0022000076,2021-01-01,DEN,PHX,DEN,Gary Harris,203914,2138,1,,7,10,https://www.nba.com/game/0022000076/box-score
2021-01-01_DEN_PHX,0022000076,2021-01-01,DEN,PHX,DEN,Isaiah Hartenstein,1628392,511,0,,7,1,https://www.nba.com/game/0022000076/box-score
2021-01-01_DEN_PHX,0022000076,2021-01-01,DEN,PHX,DEN,JaMychal Green,203210,714,0,,8,-11,https://www.nba.com/game/0022000076/box-score
2021-01-01_DEN_PHX,0022000076,2021-01-01,DEN,PHX,DEN,Jamal Murray,1627750,2434,1,,31,10,https://www.nba.com/game/0022000076/box-score
2021-01-01_DEN_PHX,0022000076,2021-01-01,DEN,PHX,DEN,Markus Howard,1630210,0,0,DNP - Coach's Decision,0,0,https://www.nba.com/game/0022000076/box-score
2021-01-01_DEN_PHX,0022000076,2021-01-01,DEN,PHX,DEN,Monte Morris,1628420,1815,0,,10,-6,https://www.nba.com/game/0022000076/box-score
2021-01-01_DEN_PHX,0022000076,2021-01-01,DEN,PHX,DEN,Nikola Jokic,203999,1771,1,,17,1,https://www.nba.com/game/0022000076/box-score
2021-01-01_DEN_PHX,0022000076,2021-01-01,DEN,PHX,DEN,PJ Dozier,1628408,1410,0,,6,-15,https://www.nba.com/game/0022000076/box-score
2021-01-01_DEN_PHX,0022000076,2021-01-01,DEN,PHX,DEN,Paul Millsap,200794,1120,1,,15,0,https://www.nba.com/game/0022000076/box-score
2021-01-01_DEN_PHX,0022000076,2021-01-01,DEN,PHX,DEN,R.J. Hampton,1630181,97,0,,0,-1,https://www.nba.com/game/0022000076/box-score
2021-01-01_DEN_PHX,0022000076,2021-01-01,DEN,PHX,DEN,Vlatko Cancar,1628427,0,0,DNP - Coach's Decision,0,0,https://www.nba.com/game/0022000076/box-score
2021-01-01_DEN_PHX,0022000076,2021-01-01,DEN,PHX,DEN,Will Barton,203115,2158,1,,2,2,https://www.nba.com/game/0022000076/box-score
2021-01-01_DEN_PHX,0022000076,2021-01-01,DEN,PHX,DEN,Zeke Nnaji,1630192,0,0,DNP - Coach's Decision,0,0,https://www.nba.com/game/0022000076/box-score
2021-01-01_DEN_PHX,0022000076,2021-01-01,DEN,PHX,PHX,Cameron Johnson,1629661,1339,0,,9,14,https://www.nba.com/game/0022000076/box-score
2021-01-01_DEN_PHX,0022000076,2021-01-01,DEN,PHX,PHX,Cameron Payne,1626166,933,0,,2,7,https://www.nba.com/game/0022000076/box-score
2021-01-01_DEN_PHX,0022000076,2021-01-01,DEN,PHX,PHX,Chris Paul,101108,1947,1,,21,-4,https://www.nba.com/game/0022000076/box-score
2021-01-01_DEN_PHX,0022000076,2021-01-01,DEN,PHX,PHX,Damian Jones,1627745,0,0,DNP - Coach's Decision,0,0,https://www.nba.com/game/0022000076/box-score
2021-01-01_DEN_PHX,0022000076,2021-01-01,DEN,PHX,PHX,Dario Saric,203967,0,0,DNP - Injury/Illness,0,0,https://www.nba.com/game/0022000076/box-score
2021-01-01_DEN_PHX,0022000076,2021-01-01,DEN,PHX,PHX,Deandre Ayton,1629028,2250,1,,22,-11,https://www.nba.com/game/0022000076/box-score
2021-01-01_DEN_PHX,0022000076,2021-01-01,DEN,PHX,PHX,Devin Booker,1626164,2095,1,,22,-13,https://www.nba.com/game/0022000076/box-score
2021-01-01_DEN_PHX,0022000076,2021-01-01,DEN,PHX,PHX,E'Twaun Moore,202734,0,0,DNP - Coach's Decision,0,0,https://www.nba.com/game/0022000076/box-score
2021-01-01_DEN_PHX,0022000076,2021-01-01,DEN,PHX,PHX,Frank Kaminsky,1626163,595,0,,3,14,https://www.nba.com/game/0022000076/box-score
2021-01-01_DEN_PHX,0022000076,2021-01-01,DEN,PHX,PHX,Jae Crowder,203109,1758,1,,4,-11,https://www.nba.com/game/0022000076/box-score
2021-01-01_DEN_PHX,0022000076,2021-01-01,DEN,PHX,PHX,Jevon Carter,1628975,892,0,,0,12,https://www.nba.com/game/0022000076/box-score
2021-01-01_DEN_PHX,0022000076,2021-01-01,DEN,PHX,PHX,Langston Galloway,204038,416,0,,9,10,https://www.nba.com/game/0022000076/box-score
2021-01-01_DEN_PHX,0022000076,2021-01-01,DEN,PHX,PHX,Mikal Bridges,1628969,2176,1,,14,-3,https://www.nba.com/game/0022000076/box-score
2021-01-01_DEN_PHX,0022000076,2021-01-01,DEN,PHX,PHX,Ty-Shon Alexander,1630234,0,0,DNP - Coach's Decision,0,0,https://www.nba.com/game/0022000076/box-score
2021-01-01_DET_BOS,0022000070,2021-01-01,DET,BOS,BOS,Aaron Nesmith,1630174,0,0,DNP - Coach's Decision,0,0,https://www.nba.com/game/0022000070/box-score
2021-01-01_DET_BOS,0022000070,2021-01-01,DET,BOS,BOS,Carsen Edwards,1629035,268,0,,0,-2,https://www.nba.com/game/0022000070/box-score
2021-01-01_DET_BOS,0022000070,2021-01-01,DET,BOS,BOS,Daniel Theis,1628464,1438,1,,2,-9,https://www.nba.com/game/0022000070/box-score
2021-01-01_DET_BOS,0022000070,2021-01-01,DET,BOS,BOS,Grant Williams,1629684,1163,0,,8,-3,https://www.nba.com/game/0022000070/box-score
2021-01-01_DET_BOS,0022000070,2021-01-01,DET,BOS,BOS,Jaylen Brown,1627759,2254,1,,25,-9,https://www.nba.com/game/0022000070/box-score
2021-01-01_DET_BOS,0022000070,2021-01-01,DET,BOS,BOS,Jayson Tatum,1628369,2224,1,,28,4,https://www.nba.com/game/0022000070/box-score
2021-01-01_DET_BOS,0022000070,2021-01-01,DET,BOS,BOS,Jeff Teague,201952,1209,0,,12,5,https://www.nba.com/game/0022000070/box-score
2021-01-01_DET_BOS,0022000070,2021-01-01,DET,BOS,BOS,Marcus Smart,203935,2291,1,,13,-1,https://www.nba.com/game/0022000070/box-score
2021-01-01_DET_BOS,0022000070,2021-01-01,DET,BOS,BOS,Payton Pritchard,1630202,960,0,,0,1,https://www.nba.com/game/0022000070/box-score
2021-01-01_DET_BOS,0022000070,2021-01-01,DET,BOS,BOS,Robert Williams III,1629057,681,0,,0,1,https://www.nba.com/game/0022000070/box-score
2021-01-01_DET_BOS,0022000070,2021-01-01,DET,BOS,BOS,Semi Ojeleye,1628400,377,0,,0,0,https://www.nba.com/game/0022000070/box-score
2021-01-01_DET_BOS,0022000070,2021-01-01,DET,BOS,BOS,Tacko Fall,1629605,0,0,DNP - Coach's Decision,0,0,https://www.nba.com/game/0022000070/box-score
2021-01-01_DET_BOS,0022000070,2021-01-01,DET,BOS,BOS,Tremont Waters,1629682,0,0,DNP - Coach's Decision,0,0,https://www.nba.com/game/0022000070/box-score
2021-01-01_DET_BOS,0022000070,2021-01-01,DET,BOS,BOS,Tristan Thompson,202684,1535,1,,5,-2,https://www.nba.com/game/0022000070/box-score
2021-01-01_DET_BOS,0022000070,2021-01-01,DET,BOS,DET,Deividas Sirvydis,1629686,0,0,DNP - Coach's Decision,0,0,https://www.nba.com/game/0022000070/box-score
2021-01-01_DET_BOS,0022000070,2021-01-01,DET,BOS,DET,Delon Wright,1626153,1316,0,,2,-15,https://www.nba.com/game/0022000070/box-score
2021-01-01_DET_BOS,0022000070,2021-01-01,DET,BOS,DET,Derrick Rose,201565,1451,0,,17,4,https://www.nba.com/game/0022000070/box-score
2021-01-01_DET_BOS,0022000070,2021-01-01,DET,BOS,DET,Isaiah Stewart,1630191,1104,0,,8,-5,https://www.nba.com/game/0022000070/box-score
2021-01-01_DET_BOS,0022000070,2021-01-01,DET,BOS,DET,Jahlil Okafor,1626143,0,0,DNP - Coach's Decision,0,0,https://www.nba.com/game/0022000070/box-score
2021-01-01_DET_BOS,0022000070,2021-01-01,DET,BOS,DET,Jerami Grant,203924,2246,1,,24,6,https://www.nba.com/game/0022000070/box-score
2021-01-01_DET_BOS,0022000070,2021-01-01,DET,BOS,DET,Josh Jackson,1628367,1564,1,,11,18,https://www.nba.com/game/0022000070/box-score
2021-01-01_DET_BOS,0022000070,2021-01-01,DET,BOS,DET,Killian Hayes,1630165,1404,1,,0,-2,https://www.nba.com/game/0022000070/box-score
2021-01-01_DET_BOS,0022000070,2021-01-01,DET,BOS,DET,Mason Plumlee,203486,1776,1,,8,8,https://www.nba.com/game/0022000070/box-score
2021-01-01_DET_BOS,0022000070,2021-01-01,DET,BOS,DET,Rodney McGruder,203585,0,0,DNP - Coach's Decision,0,0,https://www.nba.com/game/0022000070/box-score
2021-01-01_DET_BOS,0022000070,2021-01-01,DET,BOS,DET,Saben Lee,1630240,0,0,DNP - Coach's Decision,0,0,https://www.nba.com/game/0022000070/box-score
2021-01-01_DET_BOS,0022000070,2021-01-01,DET,BOS,DET,Saddiq Bey,1630180,1811,1,,17,13,https://www.nba.com/game/0022000070/box-score
2021-01-01_DET_BOS,0022000070,2021-01-01,DET,BOS,DET,Sekou Doumbouya,1629635,660,0,,0,-2,https://www.nba.com/game/0022000070/box-score
2021-01-01_DET_BOS,0022000070,2021-01-01,DET,BOS,DET,Svi Mykhailiuk,1629004,1069,0,,9,-10,https://www.nba.com/game/0022000070/box-score
2021-01-01_DET_BOS,0022000070,2021-01-01,DET,BOS,DET,Wayne Ellington,201961,0,0,DNP - Coach's Decision,0,0,https://www.nba.com/game/0022000070/box-score
2021-01-03_DET_BOS,0022000085,2021-01-03,DET,BOS,BOS,Aaron Nesmith,1630174,0,0,DNP - Coach's Decision,0,0,https://www.nba.com/game/0022000085/box-score
2021-01-03_DET_BOS,0022000085,2021-01-03,DET,BOS,BOS,Carsen Edwards,1629035,0,0,DNP - Coach's Decision,0,0,https://www.nba.com/game/0022000085/box-score
2021-01-03_DET_BOS,0022000085,2021-01-03,DET,BOS,BOS,Daniel Theis,1628464,1510,1,,15,-1,https://www.nba.com/game/0022000085/box-score
2021-01-03_DET_BOS,0022000085,2021-01-03,DET,BOS,BOS,Grant Williams,1629684,0,0,DNP - Coach's Decision,0,0,https://www.nba.com/game/0022000085/box-score
2021-01-03_DET_BOS,0022000085,2021-01-03,DET,BOS,BOS,Jaylen Brown,1627759,2094,1,,31,1,https://www.nba.com/game/0022000085/box-score
2021-01-03_DET_BOS,0022000085,2021-01-03,DET,BOS,BOS,Jayson Tatum,1628369,2200,1,,24,2,https://www.nba.com/game/0022000085/box-score
2021-01-03_DET_BOS,0022000085,2021-01-03,DET,BOS,BOS,Jeff Teague,201952,938,0,,2,1,https://www.nba.com/game/0022000085/box-score
2021-01-03_DET_BOS,0022000085,2021-01-03,DET,BOS,BOS,Marcus Smart,203935,2050,1,,17,-1,https://www.nba.com/game/0022000085/box-score
2021-01-03_DET_BOS,0022000085,2021-01-03,DET,BOS,BOS,Payton Pritchard,1630202,1655,0,,5,7,https://www.nba.com/game/0022000085/box-score
2021-01-03_DET_BOS,0022000085,2021-01-03,DET,BOS,BOS,Robert Williams III,1629057,1030,0,,5,3,https://www.nba.com/game/0022000085/box-score
2021-01-03_DET_BOS,0022000085,2021-01-03,DET,BOS,BOS,Semi Ojeleye,1628400,1330,0,,11,-1,https://www.nba.com/game/0022000085/box-score
2021-01-03_DET_BOS,0022000085,2021-01-03,DET,BOS,BOS,Tacko Fall,1629605,0,0,DNP - Coach's Decision,0,0,https://www.nba.com/game/0022000085/box-score
2021-01-03_DET_BOS,0022000085,2021-01-03,DET,BOS,BOS,Tremont Waters,1629682,0,0,DNP - Coach's Decision,0,0,https://www.nba.com/game/0022000085/box-score
2021-01-03_DET_BOS,0022000085,2021-01-03,DET,BOS,BOS,Tristan Thompson,202684,1592,1,,12,-1,https://www.nba.com/game/0022000085/box-score
2021-01-03_DET_BOS,0022000085,2021-01-03,DET,BOS,DET,Blake Griffin,201933,1763,1,,13,-4,https://www.nba.com/game/0022000085/box-score
2021-01-03_DET_BOS,0022000085,2021-01-03,DET,BOS,DET,Deividas Sirvydis,1629686,0,0,DNP - Coach's Decision,0,0,https://www.nba.com/game/0022000085/box-score
2021-01-03_DET_BOS,0022000085,2021-01-03,DET,BOS,DET,Delon Wright,1626153,1105,0,,4,-10,https://www.nba.com/game/0022000085/box-score
2021-01-03_DET_BOS,0022000085,2021-01-03,DET,BOS,DET,Derrick Rose,201565,1410,0,,13,6,https://www.nba.com/game/0022000085/box-score
2021-01-03_DET_BOS,0022000085,2021-01-03,DET,BOS,DET,Isaiah Stewart,1630191,904,0,,2,1,https://www.nba.com/game/0022000085/box-score
2021-01-03_DET_BOS,0022000085,2021-01-03,DET,BOS,DET,Jahlil Okafor,1626143,497,0,,6,-5,https://www.nba.com/game/0022000085/box-score
2021-01-03_DET_BOS,0022000085,2021-01-03,DET,BOS,DET,Jerami Grant,203924,2054,1,,22,1,https://www.nba.com/game/0022000085/box-score
2021-01-03_DET_BOS,0022000085,2021-01-03,DET,BOS,DET,Josh Jackson,1628367,827,1,,13,6,https://www.nba.com/game/0022000085/box-score
2021-01-03_DET_BOS,0022000085,2021-01-03,DET,BOS,DET,Killian Hayes,1630165,1440,1,,5,-3,https://www.nba.com/game/0022000085/box-score
2021-01-03_DET_BOS,0022000085,2021-01-03,DET,BOS,DET,Mason Plumlee,203486,1479,1,,13,2,https://www.nba.com/game/0022000085/box-score
2021-01-03_DET_BOS,0022000085,2021-01-03,DET,BOS,DET,Rodney McGruder,203585,0,0,DNP - Coach's Decision,0,0,https://www.nba.com/game/0022000085/box-score
2021-01-03_DET_BOS,0022000085,2021-01-03,DET,BOS,DET,Saddiq Bey,1630180,1181,0,,6,0,https://www.nba.com/game/0022000085/box-score
2021-01-03_DET_BOS,0022000085,2021-01-03,DET,BOS,DET,Sekou Doumbouya,1629635,856,0,,8,-8,https://www.nba.com/game/0022000085/box-score
2021-01-03_DET_BOS,0022000085,2021-01-03,DET,BOS,DET,Svi Mykhailiuk,1629004,884,0,,15,4,https://www.nba.com/game/0022000085/box-score
2021-01-03_DET_BOS,0022000085,2021-01-03,DET,BOS,DET,Wayne Ellington,201961,0,0,DNP - Coach's Decision,0,0,https://www.nba.com/game/0022000085/box-score
2021-01-05_LAC_SAS,0022000105,2021-01-05,LAC,SAS,LAC,Amir Coffey,1629599,5,0,,0,-3,https://www.nba.com/game/0022000105/box-score
2021-01-05_LAC_SAS,0022000105,2021-01-05,LAC,SAS,LAC,Daniel Oturu,1630187,0,0,DNP - Coach's Decision,0,0,https://www.nba.com/game/0022000105/box-score
2021-01-05_LAC_SAS,0022000105,2021-01-05,LAC,SAS,LAC,Ivica Zubac,1627826,1122,0,,2,-18,https://www.nba.com/game/0022000105/box-score
2021-01-05_LAC_SAS,0022000105,2021-01-05,LAC,SAS,LAC,Kawhi Leonard,202695,2234,1,,30,14,https://www.nba.com/game/0022000105/box-score
2021-01-05_LAC_SAS,0022000105,2021-01-05,LAC,SAS,LAC,Lou Williams,101150,1277,0,,15,3,https://www.nba.com/game/0022000105/box-score
2021-01-05_LAC_SAS,0022000105,2021-01-05,LAC,SAS,LAC,Luke Kennard,1628379,2271,1,,9,0,https://www.nba.com/game/0022000105/box-score
2021-01-05_LAC_SAS,0022000105,2021-01-05,LAC,SAS,LAC,Marcus Morris Sr.,202694,0,0,DNP - Injury/Illness,0,0,https://www.nba.com/game/0022000105/box-score
2021-01-05_LAC_SAS,0022000105,2021-01-05,LAC,SAS,LAC,Mfiondu Kabengele,1629662,0,0,DNP - Coach's Decision,0,0,https://www.nba.com/game/0022000105/box-score
2021-01-05_LAC_SAS,0022000105,2021-01-05,LAC,SAS,LAC,Nicolas Batum,201587,2149,1,,21,17,https://www.nba.com/game/0022000105/box-score
2021-01-05_LAC_SAS,0022000105,2021-01-05,LAC,SAS,LAC,Patrick Beverley,201976,1957,1,,20,8,https://www.nba.com/game/0022000105/box-score
2021-01-05_LAC_SAS,0022000105,2021-01-05,LAC,SAS,LAC,Patrick Patterson,202335,391,0,,5,-5,https://www.nba.com/game/0022000105/box-score
2021-01-05_LAC_SAS,0022000105,2021-01-05,LAC,SAS,LAC,Paul George,202331,0,0,DNP - Injury/Illness,0,0,https://www.nba.com/game/0022000105/box-score
2021-01-05_LAC_SAS,0022000105,2021-01-05,LAC,SAS,LAC,Reggie Jackson,202704,958,0,,8,-21,https://www.nba.com/game/0022000105/box-score
2021-01-05_LAC_SAS,0022000105,2021-01-05,LAC,SAS,LAC,Serge Ibaka,201586,1518,1,,3,10,https://www.nba.com/game/0022000105/box-score
2021-01-05_LAC_SAS,0022000105,2021-01-05,LAC,SAS,LAC,Terance Mann,1629611,518,0,,0,-20,https://www.nba.com/game/0022000105/box-score
2021-01-05_LAC_SAS,0022000105,2021-01-05,LAC,SAS,SAS,DeMar DeRozan,201942,1711,1,,6,-20,https://www.nba.com/game/0022000105/box-score
2021-01-05_LAC_SAS,0022000105,2021-01-05,LAC,SAS,SAS,Dejounte Murray,1627749,2202,1,,21,10,https://www.nba.com/game/0022000105/box-score
2021-01-05_LAC_SAS,0022000105,2021-01-05,LAC,SAS,SAS,Devin Vassell,1630170,991,0,,12,19,https://www.nba.com/game/0022000105/box-score
2021-01-05_LAC_SAS,0022000105,2021-01-05,LAC,SAS,SAS,Drew Eubanks,1629234,0,0,DNP - Coach's Decision,0,0,https://www.nba.com/game/0022000105/box-score
2021-01-05_LAC_SAS,0022000105,2021-01-05,LAC,SAS,SAS,Jakob Poeltl,1627751,1157,0,,2,15,https://www.nba.com/game/0022000105/box-score
2021-01-05_LAC_SAS,0022000105,2021-01-05,LAC,SAS,SAS,Keldon Johnson,1629640,1816,1,,9,-14,https://www.nba.com/game/0022000105/box-score
2021-01-05_LAC_SAS,0022000105,2021-01-05,LAC,SAS,SAS,LaMarcus Aldridge,200746,1514,1,,14,-6,https://www.nba.com/game/0022000105/box-score
2021-01-05_LAC_SAS,0022000105,2021-01-05,LAC,SAS,SAS,Lonnie Walker IV,1629022,1804,1,,9,-10,https://www.nba.com/game/0022000105/box-score
2021-01-05_LAC_SAS,0022000105,2021-01-05,LAC,SAS,SAS,Luka Samanic,1629677,0,0,DNP - Coach's Decision,0,0,https://www.nba.com/game/0022000105/box-score
2021-01-05_LAC_SAS,0022000105,2021-01-05,LAC,SAS,SAS,Patty Mills,201988,1721,0,,27,8,https://www.nba.com/game/0022000105/box-score
2021-01-05_LAC_SAS,0022000105,2021-01-05,LAC,SAS,SAS,Rudy Gay,200752,1484,0,,16,13,https://www.nba.com/game/0022000105/box-score
2021-01-05_LAC_SAS,0022000105,2021-01-05,LAC,SAS,SAS,Tre Jones,1630200,0,0,DNP - Coach's Decision,0,0,https://www.nba.com/game/0022000105/box-score
2021-01-05_LAC_SAS,0022000105,2021-01-05,LAC,SAS,SAS,Trey Lyles,1626168,0,0,DNP - Coach's Decision,0,0,https://www.nba.com/game/0022000105/box-score
2021-01-06_MIA_BOS,0022000111,2021-01-06,MIA,BOS,BOS,Aaron Nesmith,1630174,0,0,DNP - Coach's Decision,0,0,https://www.nba.com/game/0022000111/box-score
2021-01-06_MIA_BOS,0022000111,2021-01-06,MIA,BOS,BOS,Carsen Edwards,1629035,583,0,,4,2,https://www.nba.com/game/0022000111/box-score
2021-01-06_MIA_BOS,0022000111,2021-01-06,MIA,BOS,BOS,Daniel Theis,1628464,1686,1,,13,-4,https://www.nba.com/game/0022000111/box-score
2021-01-06_MIA_BOS,0022000111,2021-01-06,MIA,BOS,BOS,Grant Williams,1629684,1685,0,,5,8,https://www.nba.com/game/0022000111/box-score
2021-01-06_MIA_BOS,0022000111,2021-01-06,MIA,BOS,BOS,Jaylen Brown,1627759,2206,1,,21,-8,https://www.nba.com/game/0022000111/box-score
2021-01-06_MIA_BOS,0022000111,2021-01-06,MIA,BOS,BOS,Jayson Tatum,1628369,2252,1,,27,7,https://www.nba.com/game/0022000111/box-score
2021-01-06_MIA_BOS,0022000111,2021-01-06,MIA,BOS,BOS,Marcus Smart,203935,1932,1,,9,-6,https://www.nba.com/game/0022000111/box-score
2021-01-06_MIA_BOS,0022000111,2021-01-06,MIA,BOS,BOS,Payton Pritchard,1630202,1224,0,,6,6,https://www.nba.com/game/0022000111/box-score
2021-01-06_MIA_BOS,0022000111,2021-01-06,MIA,BOS,BOS,Robert Williams III,1629057,880,0,,8,3,https://www.nba.com/game/0022000111/box-score
2021-01-06_MIA_BOS,0022000111,2021-01-06,MIA,BOS,BOS,Semi Ojeleye,1628400,782,0,,5,1,https://www.nba.com/game/0022000111/box-score
2021-01-06_MIA_BOS,0022000111,2021-01-06,MIA,BOS,BOS,Tacko Fall,1629605,0,0,DNP - Coach's Decision,0,0,https://www.nba.com/game/0022000111/box-score
2021-01-06_MIA_BOS,0022000111,2021-01-06,MIA,BOS,BOS,Tremont Waters,1629682,0,0,DNP - Coach's Decision,0,0,https://www.nba.com/game/0022000111/box-score
2021-01-06_MIA_BOS,0022000111,2021-01-06,MIA,BOS,BOS,Tristan Thompson,202684,1170,1,,9,1,https://www.nba.com/game/0022000111/box-score
2021-01-06_MIA_BOS,0022000111,2021-01-06,MIA,BOS,MIA,Andre Iguodala,2738,1234,0,,9,-21,https://www.nba.com/game/0022000111/box-score
2021-01-06_MIA_BOS,0022000111,2021-01-06,MIA,BOS,MIA,Avery Bradley,202340,1414,0,,0,-3,https://www.nba.com/game/0022000111/box-score
2021-01-06_MIA_BOS,0022000111,2021-01-06,MIA,BOS,MIA,Bam Adebayo,1628389,2026,1,,15,-9,https://www.nba.com/game/0022000111/box-score
2021-01-06_MIA_BOS,0022000111,2021-01-06,MIA,BOS,MIA,Chris Silva,1629735,0,0,DNP - Coach's Decision,0,0,https://www.nba.com/game/0022000111/box-score
2021-01-06_MIA_BOS,0022000111,2021-01-06,MIA,BOS,MIA,Duncan Robinson,1629130,1869,1,,16,12,https://www.nba.com/game/0022000111/box-score
2021-01-06_MIA_BOS,0022000111,2021-01-06,MIA,BOS,MIA,Gabe Vincent,1629216,0,0,DNP - Coach's Decision,0,0,https://www.nba.com/game/0022000111/box-score
2021-01-06_MIA_BOS,0022000111,2021-01-06,MIA,BOS,MIA,Goran Dragic,201609,1696,0,,14,-8,https://www.nba.com/game/0022000111/box-score
2021-01-06_MIA_BOS,0022000111,2021-01-06,MIA,BOS,MIA,Jimmy Butler,202710,1988,1,,26,8,https://www.nba.com/game/0022000111/box-score
2021-01-06_MIA_BOS,0022000111,2021-01-06,MIA,BOS,MIA,KZ Okpala,1629644,0,0,DNP - Coach's Decision,0,0,https://www.nba.com/game/0022000111/box-score
2021-01-06_MIA_BOS,0022000111,2021-01-06,MIA,BOS,MIA,Kelly Olynyk,203482,1272,1,,11,2,https://www.nba.com/game/0022000111/box-score
2021-01-06_MIA_BOS,0022000111,2021-01-06,MIA,BOS,MIA,Kendrick Nunn,1629134,0,0,DNP - Coach's Decision,0,0,https://www.nba.com/game/0022000111/box-score
2021-01-06_MIA_BOS,0022000111,2021-01-06,MIA,BOS,MIA,Meyers Leonard,203086,0,0,DNP - Coach's Decision,0,0,https://www.nba.com/game/0022000111/box-score
2021-01-06_MIA_BOS,0022000111,2021-01-06,MIA,BOS,MIA,Precious Achiuwa,1630173,854,0,,6,7,https://www.nba.com/game/0022000111/box-score
2021-01-06_MIA_BOS,0022000111,2021-01-06,MIA,BOS,MIA,Tyler Herro,1629639,2047,1,,8,2,https://www.nba.com/game/0022000111/box-score
2021-01-06_MIA_BOS,0022000111,2021-01-06,MIA,BOS,MIA,Udonis Haslem,2617,0,0,DNP - Coach's Decision,0,0,https://www.nba.com/game/0022000111/box-score
2021-01-06_NOP_OKC,0022000114,2021-01-06,NOP,OKC,NOP,Brandon Ingram,1627742,2152,1,,24,5,https://www.nba.com/game/0022000114/box-score
2021-01-06_NOP_OKC,0022000114,2021-01-06,NOP,OKC,NOP,Eric Bledsoe,202339,1504,1,,13,-11,https://www.nba.com/game/0022000114/box-score
2021-01-06_NOP_OKC,0022000114,2021-01-06,NOP,OKC,NOP,JJ Redick,200755,498,0,,2,-5,https://www.nba.com/game/0022000114/box-score
2021-01-06_NOP_OKC,0022000114,2021-01-06,NOP,OKC,NOP,Jaxson Hayes,1629637,823,0,,4,-5,https://www.nba.com/game/0022000114/box-score
2021-01-06_NOP_OKC,0022000114,2021-01-06,NOP,OKC,NOP,Josh Hart,1628404,1665,0,,0,2,https://www.nba.com/game/0022000114/box-score
2021-01-06_NOP_OKC,0022000114,2021-01-06,NOP,OKC,NOP,Kira Lewis Jr.,1630184,0,0,DNP - Coach's Decision,0,0,https://www.nba.com/game/0022000114/box-score
2021-01-06_NOP_OKC,0022000114,2021-01-06,NOP,OKC,NOP,Lonzo Ball,1628366,2152,1,,15,5,https://www.nba.com/game/0022000114/box-score
2021-01-06_NOP_OKC,0022000114,2021-01-06,NOP,OKC,NOP,Naji Marshall,1630230,0,0,DNP - Coach's Decision,0,0,https://www.nba.com/game/0022000114/box-score
2021-01-06_NOP_OKC,0022000114,2021-01-06,NOP,OKC,NOP,Nickeil Alexander-Walker,1629638,1606,0,,13,9,https://www.nba.com/game/0022000114/box-score
2021-01-06_NOP_OKC,0022000114,2021-01-06,NOP,OKC,NOP,Nicolo Melli,1629740,0,0,NWT - Personal,0,0,https://www.nba.com/game/0022000114/box-score
2021-01-06_NOP_OKC,0022000114,2021-01-06,NOP,OKC,NOP,Steven Adams,203500,2057,1,,10,4,https://www.nba.com/game/0022000114/box-score
2021-01-06_NOP_OKC,0022000114,2021-01-06,NOP,OKC,NOP,Wenyen Gabriel,1629117,0,0,DNP - Coach's Decision,0,0,https://www.nba.com/game/0022000114/box-score
2021-01-06_NOP_OKC,0022000114,2021-01-06,NOP,OKC,NOP,Will Magnay,1630266,0,0,DNP - Coach's Decision,0,0,https://www.nba.com/game/0022000114/box-score
2021-01-06_NOP_OKC,0022000114,2021-01-06,NOP,OKC,NOP,Willy Hernangomez,1626195,0,0,DNP - Coach's Decision,0,0,https://www.nba.com/game/0022000114/box-score
2021-01-06_NOP_OKC,0022000114,2021-01-06,NOP,OKC,NOP,Zion Williamson,1629627,1943,1,,29,-9,https://www.nba.com/game/0022000114/box-score
2021-01-06_NOP_OKC,0022000114,2021-01-06,NOP,OKC,OKC,Al Horford,201143,1632,1,,8,4,https://www.nba.com/game/0022000114/box-score
2021-01-06_NOP_OKC,0022000114,2021-01-06,NOP,OKC,OKC,Darius Bazley,1629647,2038,1,,20,9,https://www.nba.com/game/0022000114/box-score
2021-01-06_NOP_OKC,0022000114,2021-01-06,NOP,OKC,OKC,Darius Miller,203121,0,0,DNP - Coach's Decision,0,0,https://www.nba.com/game/0022000114/box-score
2021-01-06_NOP_OKC,0022000114,2021-01-06,NOP,OKC,OKC,George Hill,201588,1632,1,,13,4,https://www.nba.com/game/0022000114/box-score
2021-01-06_NOP_OKC,0022000114,2021-01-06,NOP,OKC,OKC,Hamidou Diallo,1628977,1248,0,,9,-3,https://www.nba.com/game/0022000114/box-score
2021-01-06_NOP_OKC,0022000114,2021-01-06,NOP,OKC,OKC,Isaiah Roby,1629676,643,0,,5,-3,https://www.nba.com/game/0022000114/box-score
2021-01-06_NOP_OKC,0022000114,2021-01-06,NOP,OKC,OKC,Josh Hall,1630221,0,0,DNP - Coach's Decision,0,0,https://www.nba.com/game/0022000114/box-score
2021-01-06_NOP_OKC,0022000114,2021-01-06,NOP,OKC,OKC,Justin Jackson,1628382,0,0,DNP - Coach's Decision,0,0,https://www.nba.com/game/0022000114/box-score
2021-01-06_NOP_OKC,0022000114,2021-01-06,NOP,OKC,OKC,Kenrich Williams,1629026,765,0,,2,1,https://www.nba.com/game/0022000114/box-score
2021-01-06_NOP_OKC,0022000114,2021-01-06,NOP,OKC,OKC,Luguentz Dort,1629652,1851,1,,9,4,https://www.nba.com/game/0022000114/box-score
2021-01-06_NOP_OKC,0022000114,2021-01-06,NOP,OKC,OKC,Mike Muscala,203488,1248,0,,18,-3,https://www.nba.com/game/0022000114/box-score
2021-01-06_NOP_OKC,0022000114,2021-01-06,NOP,OKC,OKC,Moses Brown,1629650,0,0,DNP - Coach's Decision,0,0,https://www.nba.com/game/0022000114/box-score
2021-01-06_NOP_OKC,0022000114,2021-01-06,NOP,OKC,OKC,Shai Gilgeous-Alexander,1628983,2191,1,,21,-4,https://www.nba.com/game/0022000114/box-score
2021-01-06_NOP_OKC,0022000114,2021-01-06,NOP,OKC,OKC,Theo Maledon,1630177,1152,0,,6,-4,https://www.nba.com/game/0022000114/box-score
2021-01-09_MIN_SAS,0022000138,2021-01-09,MIN,SAS,MIN,Anthony Edwards,1630162,1816,0,,13,2,https://www.nba.com/game/0022000138/box-score
2021-01-09_MIN_SAS,0022000138,2021-01-09,MIN,SAS,MIN,D'Angelo Russell,1626156,2264,1,,16,-3,https://www.nba.com/game/0022000138/box-score
2021-01-09_MIN_SAS,0022000138,2021-01-09,MIN,SAS,MIN,Ed Davis,202334,0,0,DNP - Coach's Decision,0,0,https://www.nba.com/game/0022000138/box-score
2021-01-09_MIN_SAS,0022000138,2021-01-09,MIN,SAS,MIN,Jaden McDaniels,1630183,0,0,DNP - Coach's Decision,0,0,https://www.nba.com/game/0022000138/box-score
2021-01-09_MIN_SAS,0022000138,2021-01-09,MIN,SAS,MIN,Jake Layman,1627774,295,0,,0,-5,https://www.nba.com/game/0022000138/box-score
2021-01-09_MIN_SAS,0022000138,2021-01-09,MIN,SAS,MIN,Jarred Vanderbilt,1629020,734,0,,2,2,https://www.nba.com/game/0022000138/box-score
2021-01-09_MIN_SAS,0022000138,2021-01-09,MIN,SAS,MIN,Jarrett Culver,1629633,1838,1,,10,-4,https://www.nba.com/game/0022000138/box-score
2021-01-09_MIN_SAS,0022000138,2021-01-09,MIN,SAS,MIN,Jaylen Nowell,1629669,0,0,DNP - Coach's Decision,0,0,https://www.nba.com/game/0022000138/box-score
2021-01-09_MIN_SAS,0022000138,2021-01-09,MIN,SAS,MIN,Juancho Hernangomez,1627823,1359,1,,5,-1,https://www.nba.com/game/0022000138/box-score
2021-01-09_MIN_SAS,0022000138,2021-01-09,MIN,SAS,MIN,Karl-Anthony Towns,1626157,2220,1,,25,-8,https://www.nba.com/game/0022000138/box-score
2021-01-09_MIN_SAS,0022000138,2021-01-09,MIN,SAS,MIN,Malik Beasley,1627736,2400,1,,29,2,https://www.nba.com/game/0022000138/box-score
2021-01-09_MIN_SAS,0022000138,2021-01-09,MIN,SAS,MIN,Naz Reid,1629675,960,0,,16,5,https://www.nba.com/game/0022000138/box-score
2021-01-09_MIN_SAS,0022000138,2021-01-09,MIN,SAS,MIN,Ricky Rubio,201937,2013,0,,6,-5,https://www.nba.com/game/0022000138/box-score
2021-01-09_MIN_SAS,0022000138,2021-01-09,MIN,SAS,SAS,DeMar DeRozan,201942,2629,1,,38,4,https://www.nba.com/game/0022000138/box-score
2021-01-09_MIN_SAS,0022000138,2021-01-09,MIN,SAS,SAS,Dejounte Murray,1627749,2453,1,,22,7,https://www.nba.com/game/0022000138/box-score
2021-01-09_MIN_SAS,0022000138,2021-01-09,MIN,SAS,SAS,Devin Vassell,1630170,873,0,,0,-5,https://www.nba.com/game/0022000138/box-score
2021-01-09_MIN_SAS,0022000138,2021-01-09,MIN,SAS,SAS,Jakob Poeltl,1627751,985,0,,1,-3,https://www.nba.com/game/0022000138/box-score
2021-01-09_MIN_SAS,0022000138,2021-01-09,MIN,SAS,SAS,Keita Bates-Diop,1628966,0,0,DNP - Coach's Decision,0,0,https://www.nba.com/game/0022000138/box-score
2021-01-09_MIN_SAS,0022000138,2021-01-09,MIN,SAS,SAS,Keldon Johnson,1629640,2505,1,,17,4,https://www.nba.com/game/0022000138/box-score
2021-01-09_MIN_SAS,0022000138,2021-01-09,MIN,SAS,SAS,LaMarcus Aldridge,200746,1966,1,,10,5,https://www.nba.com/game/0022000138/box-score
2021-01-09_MIN_SAS,0022000138,2021-01-09,MIN,SAS,SAS,Lonnie Walker IV,1629022,1668,1,,7,6,https://www.nba.com/game/0022000138/box-score
2021-01-09_MIN_SAS,0022000138,2021-01-09,MIN,SAS,SAS,Luka Samanic,1629677,0,0,DNP - Coach's Decision,0,0,https://www.nba.com/game/0022000138/box-score
2021-01-09_MIN_SAS,0022000138,2021-01-09,MIN,SAS,SAS,Patty Mills,201988,1810,0,,21,0,https://www.nba.com/game/0022000138/box-score
2021-01-09_MIN_SAS,0022000138,2021-01-09,MIN,SAS,SAS,Rudy Gay,200752,1011,0,,9,-3,https://www.nba.com/game/0022000138/box-score
2021-01-09_MIN_SAS,0022000138,2021-01-09,MIN,SAS,SAS,Tre Jones,1630200,0,0,DNP - Coach's Decision,0,0,https://www.nba.com/game/0022000138/box-score
2021-01-09_MIN_SAS,0022000138,2021-01-09,MIN,SAS,SAS,Trey Lyles,1626168,0,0,DNP - Coach's Decision,0,0,https://www.nba.com/game/0022000138/box-score
2021-01-10_GSW_TOR,0022000148,2021-01-10,GSW,TOR,GSW,Andrew Wiggins,203952,2060,1,,17,-8,https://www.nba.com/game/0022000148/box-score
2021-01-10_GSW_TOR,0022000148,2021-01-10,GSW,TOR,GSW,Brad Wanamaker,202954,752,0,,7,-4,https://www.nba.com/game/0022000148/box-score
2021-01-10_GSW_TOR,0022000148,2021-01-10,GSW,TOR,GSW,Damion Lee,1627814,928,0,,13,-2,https://www.nba.com/game/0022000148/box-score
2021-01-10_GSW_TOR,0022000148,2021-01-10,GSW,TOR,GSW,Draymond Green,203110,1762,1,,10,-3,https://www.nba.com/game/0022000148/box-score
2021-01-10_GSW_TOR,0022000148,2021-01-10,GSW,TOR,GSW,Eric Paschall,1629672,1118,0,,15,4,https://www.nba.com/game/0022000148/box-score
2021-01-10_GSW_TOR,0022000148,2021-01-10,GSW,TOR,GSW,James Wiseman,1630164,992,1,,10,-2,https://www.nba.com/game/0022000148/box-score
2021-01-10_GSW_TOR,0022000148,2021-01-10,GSW,TOR,GSW,Jordan Poole,1629673,0,0,DNP - Coach's Decision,0,0,https://www.nba.com/game/0022000148/box-score
2021-01-10_GSW_TOR,0022000148,2021-01-10,GSW,TOR,GSW,Juan Toscano-Anderson,1629308,0,0,DNP - Coach's Decision,0,0,https://www.nba.com/game/0022000148/box-score
2021-01-10_GSW_TOR,0022000148,2021-01-10,GSW,TOR,GSW,Kelly Oubre Jr.,1626162,1741,1,,12,-4,https://www.nba.com/game/0022000148/box-score
2021-01-10_GSW_TOR,0022000148,2021-01-10,GSW,TOR,GSW,Kent Bazemore,203145,1244,0,,9,7,https://www.nba.com/game/0022000148/box-score
2021-01-10_GSW_TOR,0022000148,2021-01-10,GSW,TOR,GSW,Kevon Looney,1626172,851,0,,2,5,https://www.nba.com/game/0022000148/box-score
2021-01-10_GSW_TOR,0022000148,2021-01-10,GSW,TOR,GSW,Mychal Mulder,1628539,660,0,,0,5,https://www.nba.com/game/0022000148/box-score
2021-01-10_GSW_TOR,0022000148,2021-01-10,GSW,TOR,GSW,Nico Mannion,1630185,0,0,DNP - Coach's Decision,0,0,https://www.nba.com/game/0022000148/box-score
2021-01-10_GSW_TOR,0022000148,2021-01-10,GSW,TOR,GSW,Stephen Curry,201939,2292,1,,11,7,https://www.nba.com/game/0022000148/box-score
2021-01-10_GSW_TOR,0022000148,2021-01-10,GSW,TOR,TOR,Alex Len,203458,0,0,DNP - Coach's Decision,0,0,https://www.nba.com/game/0022000148/box-score
2021-01-10_GSW_TOR,0022000148,2021-01-10,GSW,TOR,TOR,Aron Baynes,203382,0,0,DNP - Coach's Decision,0,0,https://www.nba.com/game/0022000148/box-score
2021-01-10_GSW_TOR,0022000148,2021-01-10,GSW,TOR,TOR,Chris Boucher,1628449,1429,0,,15,5,https://www.nba.com/game/0022000148/box-score
2021-01-10_GSW_TOR,0022000148,2021-01-10,GSW,TOR,TOR,DeAndre' Bembry,1627761,0,0,DNP - Coach's Decision,0,0,https://www.nba.com/game/0022000148/box-score
2021-01-10_GSW_TOR,0022000148,2021-01-10,GSW,TOR,TOR,Fred VanVleet,1627832,2357,1,,21,1,https://www.nba.com/game/0022000148/box-score
2021-01-10_GSW_TOR,0022000148,2021-01-10,GSW,TOR,TOR,Kyle Lowry,200768,2011,1,,17,0,https://www.nba.com/game/0022000148/box-score
2021-01-10_GSW_TOR,0022000148,2021-01-10,GSW,TOR,TOR,Malachi Flynn,1630201,754,0,,0,-5,https://www.nba.com/game/0022000148/box-score
2021-01-10_GSW_TOR,0022000148,2021-01-10,GSW,TOR,TOR,Matt Thomas,1629744,0,0,DNP - Coach's Decision,0,0,https://www.nba.com/game/0022000148/box-score
2021-01-10_GSW_TOR,0022000148,2021-01-10,GSW,TOR,TOR,Norman Powell,1626181,1347,1,,9,-10,https://www.nba.com/game/0022000148/box-score
2021-01-10_GSW_TOR,0022000148,2021-01-10,GSW,TOR,TOR,O.G. Anunoby,1628384,2236,1,,10,0,https://www.nba.com/game/0022000148/box-score
2021-01-10_GSW_TOR,0022000148,2021-01-10,GSW,TOR,TOR,Pascal Siakam,1627783,2427,1,,25,7,https://www.nba.com/game/0022000148/box-score
2021-01-10_GSW_TOR,0022000148,2021-01-10,GSW,TOR,TOR,Paul Watson,1628778,0,0,DNP - Coach's Decision,0,0,https://www.nba.com/game/0022000148/box-score
2021-01-10_GSW_TOR,0022000148,2021-01-10,GSW,TOR,TOR,Stanley Johnson,1626169,562,0,,3,10,https://www.nba.com/game/0022000148/box-score
2021-01-10_GSW_TOR,0022000148,2021-01-10,GSW,TOR,TOR,Terence Davis,1629056,738,0,,3,-6,https://www.nba.com/game/0022000148/box-score
2021-01-10_GSW_TOR,0022000148,2021-01-10,GSW,TOR,TOR,Yuta Watanabe,1629139,539,0,,2,-7,https://www.nba.com/game/0022000148/box-score
2021-01-12_PHI_MIA,0022000157,2021-01-12,PHI,MIA,MIA,Andre Iguodala,2738,1344,0,,7,-9,https://www.nba.com/game/0022000157/box-score
2021-01-12_PHI_MIA,0022000157,2021-01-12,PHI,MIA,MIA,Avery Bradley,202340,0,0,NWT_HEALTH_AND_SAFETY_PROTOCOLS,0,0,https://www.nba.com/game/0022000157/box-score
2021-01-12_PHI_MIA,0022000157,2021-01-12,PHI,MIA,MIA,Bam Adebayo,1628389,0,0,NWT_HEALTH_AND_SAFETY_PROTOCOLS,0,0,https://www.nba.com/game/0022000157/box-score
2021-01-12_PHI_MIA,0022000157,2021-01-12,PHI,MIA,MIA,Chris Silva,1629735,1001,0,,3,-4,https://www.nba.com/game/0022000157/box-score
2021-01-12_PHI_MIA,0022000157,2021-01-12,PHI,MIA,MIA,Duncan Robinson,1629130,2745,1,,26,14,https://www.nba.com/game/0022000157/box-score
2021-01-12_PHI_MIA,0022000157,2021-01-12,PHI,MIA,MIA,Gabe Vincent,1629216,2185,1,,24,9,https://www.nba.com/game/0022000157/box-score
2021-01-12_PHI_MIA,0022000157,2021-01-12,PHI,MIA,MIA,Jimmy Butler,202710,0,0,NWT_HEALTH_AND_SAFETY_PROTOCOLS,0,0,https://www.nba.com/game/0022000157/box-score
2021-01-12_PHI_MIA,0022000157,2021-01-12,PHI,MIA,MIA,Kelly Olynyk,203482,2703,1,,15,-3,https://www.nba.com/game/0022000157/box-score
2021-01-12_PHI_MIA,0022000157,2021-01-12,PHI,MIA,MIA,Max Strus,1629622,1427,0,,8,1,https://www.nba.com/game/0022000157/box-score
2021-01-12_PHI_MIA,0022000157,2021-01-12,PHI,MIA,MIA,Meyers Leonard,203086,0,0,DND - Injury/Illness,0,0,https://www.nba.com/game/0022000157/box-score
2021-01-12_PHI_MIA,0022000157,2021-01-12,PHI,MIA,MIA,Precious Achiuwa,1630173,2138,1,,17,-6,https://www.nba.com/game/0022000157/box-score
2021-01-12_PHI_MIA,0022000157,2021-01-12,PHI,MIA,MIA,Tyler Herro,1629639,2357,1,,34,-17,https://www.nba.com/game/0022000157/box-score
2021-01-12_PHI_MIA,0022000157,2021-01-12,PHI,MIA,PHI,Ben Simmons,1627732,1911,1,,5,2,https://www.nba.com/game/0022000157/box-score
2021-01-12_PHI_MIA,0022000157,2021-01-12,PHI,MIA,PHI,Dakota Mathias,1629751,647,0,,3,8,https://www.nba.com/game/0022000157/box-score
2021-01-12_PHI_MIA,0022000157,2021-01-12,PHI,MIA,PHI,Danny Green,201980,2988,1,,29,7,https://www.nba.com/game/0022000157/box-score
2021-01-12_PHI_MIA,0022000157,2021-01-12,PHI,MIA,PHI,Dwight Howard,2730,820,0,,10,-1,https://www.nba.com/game/0022000157/box-score
2021-01-12_PHI_MIA,0022000157,2021-01-12,PHI,MIA,PHI,Furkan Korkmaz,1627788,0,0,DND - Injury/Illness,0,0,https://www.nba.com/game/0022000157/box-score
2021-01-12_PHI_MIA,0022000157,2021-01-12,PHI,MIA,PHI,Isaiah Joe,1630198,2227,0,,13,6,https://www.nba.com/game/0022000157/box-score
2021-01-12_PHI_MIA,0022000157,2021-01-12,PHI,MIA,PHI,Joel Embiid,203954,2360,1,,45,4,https://www.nba.com/game/0022000157/box-score
2021-01-12_PHI_MIA,0022000157,2021-01-12,PHI,MIA,PHI,Mike Scott,203118,2773,1,,16,3,https://www.nba.com/game/0022000157/box-score
2021-01-12_PHI_MIA,0022000157,2021-01-12,PHI,MIA,PHI,Paul Reed,1630194,0,0,DNP - Coach's Decision,0,0,https://www.nba.com/game/0022000157/box-score
2021-01-12_PHI_MIA,0022000157,2021-01-12,PHI,MIA,PHI,Terrance Ferguson,1628390,0,0,NWT_HEALTH_AND_SAFETY_PROTOCOLS,0,0,https://www.nba.com/game/0022000157/box-score
2021-01-12_PHI_MIA,0022000157,2021-01-12,PHI,MIA,PHI,Tony Bradley,1628396,0,0,DNP - Coach's Decision,0,0,https://www.nba.com/game/0022000157/box-score
2021-01-12_PHI_MIA,0022000157,2021-01-12,PHI,MIA,PHI,Tyrese Maxey,1630178,2174,1,,16,-14,https://www.nba.com/game/0022000157/box-score
2021-01-15_CLE_NYK,0022000181,2021-01-15,CLE,NYK,CLE,Andre Drummond,203083,2377,1,,33,12,https://www.nba.com/game/0022000181/box-score
2021-01-15_CLE_NYK,0022000181,2021-01-15,CLE,NYK,CLE,Cedi Osman,1626224,2374,1,,25,24,https://www.nba.com/game/0022000181/box-score
2021-01-15_CLE_NYK,0022000181,2021-01-15,CLE,NYK,CLE,Collin Sexton,1629012,0,0,DND - Injury/Illness,0,0,https://www.nba.com/game/0022000181/box-score
2021-01-15_CLE_NYK,0022000181,2021-01-15,CLE,NYK,CLE,Damyean Dotson,1628422,2375,1,,13,-5,https://www.nba.com/game/0022000181/box-score
2021-01-15_CLE_NYK,0022000181,2021-01-15,CLE,NYK,CLE,Darius Garland,1629636,0,0,DND - Injury/Illness,0,0,https://www.nba.com/game/0022000181/box-score
2021-01-15_CLE_NYK,0022000181,2021-01-15,CLE,NYK,CLE,Dean Wade,1629731,111,0,,0,-5,https://www.nba.com/game/0022000181/box-score
2021-01-15_CLE_NYK,0022000181,2021-01-15,CLE,NYK,CLE,Dylan Windler,1629685,0,0,DND - Injury/Illness,0,0,https://www.nba.com/game/0022000181/box-score
2021-01-15_CLE_NYK,0022000181,2021-01-15,CLE,NYK,CLE,Isaac Okoro,1630171,2503,1,,13,5,https://www.nba.com/game/0022000181/box-score
2021-01-15_CLE_NYK,0022000181,2021-01-15,CLE,NYK,CLE,JaVale McGee,201580,775,0,,2,-17,https://www.nba.com/game/0022000181/box-score
2021-01-15_CLE_NYK,0022000181,2021-01-15,CLE,NYK,CLE,Lamar Stevens,1630205,1241,0,,6,-8,https://www.nba.com/game/0022000181/box-score
2021-01-15_CLE_NYK,0022000181,2021-01-15,CLE,NYK,CLE,Larry Nance Jr.,1626204,2644,1,,14,9,https://www.nba.com/game/0022000181/box-score
2021-01-15_CLE_NYK,0022000181,2021-01-15,CLE,NYK,CLE,Marques Bolden,1629716,0,0,DNP - Coach's Decision,0,0,https://www.nba.com/game/0022000181/box-score
2021-01-15_CLE_NYK,0022000181,2021-01-15,CLE,NYK,NYK,Austin Rivers,203085,1028,0,,2,6,https://www.nba.com/game/0022000181/box-score
2021-01-15_CLE_NYK,0022000181,2021-01-15,CLE,NYK,NYK,Dennis Smith Jr.,1628372,0,0,DNP - Coach's Decision,0,0,https://www.nba.com/game/0022000181/box-score
2021-01-15_CLE_NYK,0022000181,2021-01-15,CLE,NYK,NYK,Elfrid Payton,203901,1227,1,,9,-14,https://www.nba.com/game/0022000181/box-score
2021-01-15_CLE_NYK,0022000181,2021-01-15,CLE,NYK,NYK,Ignas Brazdeikis,1629649,0,0,DNP - Coach's Decision,0,0,https://www.nba.com/game/0022000181/box-score
2021-01-15_CLE_NYK,0022000181,2021-01-15,CLE,NYK,NYK,Immanuel Quickley,1630193,1653,0,,23,11,https://www.nba.com/game/0022000181/box-score
2021-01-15_CLE_NYK,0022000181,2021-01-15,CLE,NYK,NYK,Jared Harper,1629607,0,0,DNP - Coach's Decision,0,0,https://www.nba.com/game/0022000181/box-score
2021-01-15_CLE_NYK,0022000181,2021-01-15,CLE,NYK,NYK,Julius Randle,203944,2283,1,,28,-1,https://www.nba.com/game/0022000181/box-score
2021-01-15_CLE_NYK,0022000181,2021-01-15,CLE,NYK,NYK,Kevin Knox II,1628995,1053,0,,6,-2,https://www.nba.com/game/0022000181/box-score
2021-01-15_CLE_NYK,0022000181,2021-01-15,CLE,NYK,NYK,Mitchell Robinson,1629011,1681,1,,5,-19,https://www.nba.com/game/0022000181/box-score
2021-01-15_CLE_NYK,0022000181,2021-01-15,CLE,NYK,NYK,Nerlens Noel,203457,1048,0,,4,15,https://www.nba.com/game/0022000181/box-score
2021-01-15_CLE_NYK,0022000181,2021-01-15,CLE,NYK,NYK,Obi Toppin,1630167,597,0,,2,-2,https://www.nba.com/game/0022000181/box-score
2021-01-15_CLE_NYK,0022000181,2021-01-15,CLE,NYK,NYK,RJ Barrett,1629628,1978,1,,20,0,https://www.nba.com/game/0022000181/box-score
2021-01-15_CLE_NYK,0022000181,2021-01-15,CLE,NYK,NYK,Reggie Bullock,203493,1852,1,,4,-9,https://www.nba.com/game/0022000181/box-score
2021-01-15_CLE_NYK,0022000181,2021-01-15,CLE,NYK,NYK,Taj Gibson,201959,0,0,DNP - Coach's Decision,0,0,https://www.nba.com/game/0022000181/box-score
2021-01-15_CLE_NYK,0022000181,2021-01-15,CLE,NYK,NYK,Theo Pinson,1629033,0,0,DNP - Coach's Decision,0,0,https://www.nba.com/game/0022000181/box-score
2021-01-15_MIL_DAL,0022000182,2021-01-15,MIL,DAL,DAL,Boban Marjanovic,1626246,254,0,,2,0,https://www.nba.com/game/0022000182/box-score
2021-01-15_MIL_DAL,0022000182,2021-01-15,MIL,DAL,DAL,James Johnson,201949,1754,0,,13,11,https://www.nba.com/game/0022000182/box-score
2021-01-15_MIL_DAL,0022000182,2021-01-15,MIL,DAL,DAL,Josh Green,1630182,1135,0,,0,-1,https://www.nba.com/game/0022000182/box-score
2021-01-15_MIL_DAL,0022000182,2021-01-15,MIL,DAL,DAL,Kristaps Porzingis,204001,1740,1,,15,-7,https://www.nba.com/game/0022000182/box-score
2021-01-15_MIL_DAL,0022000182,2021-01-15,MIL,DAL,DAL,Luka Doncic,1629029,2145,1,,28,-2,https://www.nba.com/game/0022000182/box-score
2021-01-15_MIL_DAL,0022000182,2021-01-15,MIL,DAL,DAL,Nate Hinton,1630207,0,0,DNP - Coach's Decision,0,0,https://www.nba.com/game/0022000182/box-score
2021-01-15_MIL_DAL,0022000182,2021-01-15,MIL,DAL,DAL,Tim Hardaway Jr.,203501,2219,1,,22,3,https://www.nba.com/game/0022000182/box-score
2021-01-15_MIL_DAL,0022000182,2021-01-15,MIL,DAL,DAL,Trey Burke,203504,1663,0,,13,-9,https://www.nba.com/game/0022000182/box-score
2021-01-15_MIL_DAL,0022000182,2021-01-15,MIL,DAL,DAL,Tyler Bey,1630189,0,0,DNP - Coach's Decision,0,0,https://www.nba.com/game/0022000182/box-score
2021-01-15_MIL_DAL,0022000182,2021-01-15,MIL,DAL,DAL,Tyrell Terry,1630179,288,0,,2,1,https://www.nba.com/game/0022000182/box-score
2021-01-15_MIL_DAL,0022000182,2021-01-15,MIL,DAL,DAL,Wes Iwundu,1628411,1374,1,,3,-8,https://www.nba.com/game/0022000182/box-score
2021-01-15_MIL_DAL,0022000182,2021-01-15,MIL,DAL,DAL,Willie Cauley-Stein,1626161,1828,1,,11,-3,https://www.nba.com/game/0022000182/box-score
2021-01-15_MIL_DAL,0022000182,2021-01-15,MIL,DAL,MIL,Bobby Portis,1626171,1041,0,,8,-6,https://www.nba.com/game/0022000182/box-score
2021-01-15_MIL_DAL,0022000182,2021-01-15,MIL,DAL,MIL,Brook Lopez,201572,2020,1,,11,10,https://www.nba.com/game/0022000182/box-score
2021-01-15_MIL_DAL,0022000182,2021-01-15,MIL,DAL,MIL,Bryn Forbes,1627854,817,0,,3,-1,https://www.nba.com/game/0022000182/box-score
2021-01-15_MIL_DAL,0022000182,2021-01-15,MIL,DAL,MIL,D.J. Augustin,201571,1260,0,,7,2,https://www.nba.com/game/0022000182/box-score
2021-01-15_MIL_DAL,0022000182,2021-01-15,MIL,DAL,MIL,D.J. Wilson,1628391,0,0,DNP - Coach's Decision,0,0,https://www.nba.com/game/0022000182/box-score
2021-01-15_MIL_DAL,0022000182,2021-01-15,MIL,DAL,MIL,Donte DiVincenzo,1628978,1589,1,,6,9,https://www.nba.com/game/0022000182/box-score
2021-01-15_MIL_DAL,0022000182,2021-01-15,MIL,DAL,MIL,Giannis Antetokounmpo,203507,1811,1,,31,1,https://www.nba.com/game/0022000182/box-score
2021-01-15_MIL_DAL,0022000182,2021-01-15,MIL,DAL,MIL,Jordan Nwora,1629670,0,0,DNP - Coach's Decision,0,0,https://www.nba.com/game/0022000182/box-score
2021-01-15_MIL_DAL,0022000182,2021-01-15,MIL,DAL,MIL,Jrue Holiday,201950,2099,1,,16,1,https://www.nba.com/game/0022000182/box-score
2021-01-15_MIL_DAL,0022000182,2021-01-15,MIL,DAL,MIL,Khris Middleton,203114,2225,1,,25,-2,https://www.nba.com/game/0022000182/box-score
2021-01-15_MIL_DAL,0022000182,2021-01-15,MIL,DAL,MIL,Pat Connaughton,1626192,1274,0,,0,1,https://www.nba.com/game/0022000182/box-score
2021-01-15_MIL_DAL,0022000182,2021-01-15,MIL,DAL,MIL,Sam Merrill,1630241,0,0,DNP - Coach's Decision,0,0,https://www.nba.com/game/0022000182/box-score
2021-01-15_MIL_DAL,0022000182,2021-01-15,MIL,DAL,MIL,Thanasis Antetokounmpo,203648,264,0,,5,0,https://www.nba.com/game/0022000182/box-score
2021-01-15_MIL_DAL,0022000182,2021-01-15,MIL,DAL,MIL,Torrey Craig,1628470,0,0,DNP - Coach's Decision,0,0,https://www.nba.com/game/0022000182/box-score
2021-01-16_MEM_PHI,0022000193,2021-01-16,MEM,PHI,MEM,Brandon Clarke,1629634,1792,1,,11,-12,https://www.nba.com/game/0022000193/box-score
2021-01-16_MEM_PHI,0022000193,2021-01-16,MEM,PHI,MEM,De'Anthony Melton,1629001,723,0,,4,5,https://www.nba.com/game/0022000193/box-score
2021-01-16_MEM_PHI,0022000193,2021-01-16,MEM,PHI,MEM,Desmond Bane,1630217,1112,0,,10,10,https://www.nba.com/game/0022000193/box-score
2021-01-16_MEM_PHI,0022000193,2021-01-16,MEM,PHI,MEM,Dillon Brooks,1628415,1625,1,,11,-11,https://www.nba.com/game/0022000193/box-score
2021-01-16_MEM_PHI,0022000193,2021-01-16,MEM,PHI,MEM,Gorgui Dieng,203476,0,0,DNP - Coach's Decision,0,0,https://www.nba.com/game/0022000193/box-score
2021-01-16_MEM_PHI,0022000193,2021-01-16,MEM,PHI,MEM,Grayson Allen,1628960,1587,0,,12,6,https://www.nba.com/game/0022000193/box-score
2021-01-16_MEM_PHI,0022000193,2021-01-16,MEM,PHI,MEM,Ja Morant,1629630,1842,1,,17,6,https://www.nba.com/game/0022000193/box-score
2021-01-16_MEM_PHI,0022000193,2021-01-16,MEM,PHI,MEM,John Konchar,1629723,0,0,DNP - Coach's Decision,0,0,https://www.nba.com/game/0022000193/box-score
2021-01-16_MEM_PHI,0022000193,2021-01-16,MEM,PHI,MEM,Jonas Valanciunas,202685,1209,1,,9,-3,https://www.nba.com/game/0022000193/box-score
2021-01-16_MEM_PHI,0022000193,2021-01-16,MEM,PHI,MEM,Killian Tillie,1629681,0,0,DNP - Coach's Decision,0,0,https://www.nba.com/game/0022000193/box-score
2021-01-16_MEM_PHI,0022000193,2021-01-16,MEM,PHI,MEM,Kyle Anderson,203937,1806,1,,11,8,https://www.nba.com/game/0022000193/box-score
2021-01-16_MEM_PHI,0022000193,2021-01-16,MEM,PHI,MEM,Sean McDermott,1630253,0,0,DNP - Coach's Decision,0,0,https://www.nba.com/game/0022000193/box-score
2021-01-16_MEM_PHI,0022000193,2021-01-16,MEM,PHI,MEM,Tyus Jones,1626145,1038,0,,6,-4,https://www.nba.com/game/0022000193/box-score
2021-01-16_MEM_PHI,0022000193,2021-01-16,MEM,PHI,MEM,Xavier Tillman,1630214,1666,0,,15,5,https://www.nba.com/game/0022000193/box-score
2021-01-16_MEM_PHI,0022000193,2021-01-16,MEM,PHI,PHI,Ben Simmons,1627732,2167,1,,11,0,https://www.nba.com/game/0022000193/box-score
2021-01-16_MEM_PHI,0022000193,2021-01-16,MEM,PHI,PHI,Dakota Mathias,1629751,0,0,DNP - Coach's Decision,0,0,https://www.nba.com/game/0022000193/box-score
2021-01-16_MEM_PHI,0022000193,2021-01-16,MEM,PHI,PHI,Danny Green,201980,2156,1,,8,9,https://www.nba.com/game/0022000193/box-score
2021-01-16_MEM_PHI,0022000193,2021-01-16,MEM,PHI,PHI,Dwight Howard,2730,2033,1,,8,3,https://www.nba.com/game/0022000193/box-score
2021-01-16_MEM_PHI,0022000193,2021-01-16,MEM,PHI,PHI,Furkan Korkmaz,1627788,0,0,DNP - Injury/Illness,0,0,https://www.nba.com/game/0022000193/box-score
2021-01-16_MEM_PHI,0022000193,2021-01-16,MEM,PHI,PHI,Isaiah Joe,1630198,942,0,,6,-12,https://www.nba.com/game/0022000193/box-score
2021-01-16_MEM_PHI,0022000193,2021-01-16,MEM,PHI,PHI,Matisse Thybulle,1629680,1178,0,,8,-2,https://www.nba.com/game/0022000193/box-score
2021-01-16_MEM_PHI,0022000193,2021-01-16,MEM,PHI,PHI,Mike Scott,203118,0,0,DNP - Injury/Illness,0,0,https://www.nba.com/game/0022000193/box-score
2021-01-16_MEM_PHI,0022000193,2021-01-16,MEM,PHI,PHI,Paul Reed,1630194,0,0,DNP - Coach's Decision,0,0,https://www.nba.com/game/0022000193/box-score
2021-01-16_MEM_PHI,0022000193,2021-01-16,MEM,PHI,PHI,Shake Milton,1629003,1951,0,,28,-2,https://www.nba.com/game/0022000193/box-score
2021-01-16_MEM_PHI,0022000193,2021-01-16,MEM,PHI,PHI,Terrance Ferguson,1628390,0,0,DNP - Coach's Decision,0,0,https://www.nba.com/game/0022000193/box-score
2021-01-16_MEM_PHI,0022000193,2021-01-16,MEM,PHI,PHI,Tobias Harris,202699,1950,1,,21,-1,https://www.nba.com/game/0022000193/box-score
2021-01-16_MEM_PHI,0022000193,2021-01-16,MEM,PHI,PHI,Tony Bradley,1628396,548,0,,2,-7,https://www.nba.com/game/0022000193/box-score
2021-01-16_MEM_PHI,0022000193,2021-01-16,MEM,PHI,PHI,Tyrese Maxey,1630178,1476,1,,12,2,https://www.nba.com/game/0022000193/box-score
2021-01-18_BKN_MIL,0022000209,2021-01-18,BKN,MIL,BKN,Bruce Brown,1628971,1295,0,,8,-2,https://www.nba.com/game/0022000209/box-score
2021-01-18_BKN_MIL,0022000209,2021-01-18,BKN,MIL,BKN,Chris Chiozza,1629185,0,0,DNP - Coach's Decision,0,0,https://www.nba.com/game/0022000209/box-score
2021-01-18_BKN_MIL,0022000209,2021-01-18,BKN,MIL,BKN,DeAndre Jordan,201599,2258,1,,12,5,https://www.nba.com/game/0022000209/box-score
2021-01-18_BKN_MIL,0022000209,2021-01-18,BKN,MIL,BKN,James Harden,201935,2447,1,,34,5,https://www.nba.com/game/0022000209/box-score
2021-01-18_BKN_MIL,0022000209,2021-01-18,BKN,MIL,BKN,Jeff Green,201145,2224,1,,14,9,https://www.nba.com/game/0022000209/box-score
2021-01-18_BKN_MIL,0022000209,2021-01-18,BKN,MIL,BKN,Joe Harris,203925,2223,1,,20,5,https://www.nba.com/game/0022000209/box-score
2021-01-18_BKN_MIL,0022000209,2021-01-18,BKN,MIL,BKN,Kevin Durant,201142,2142,1,,30,0,https://www.nba.com/game/0022000209/box-score
2021-01-18_BKN_MIL,0022000209,2021-01-18,BKN,MIL,BKN,Landry Shamet,1629013,687,0,,5,-5,https://www.nba.com/game/0022000209/box-score
2021-01-18_BKN_MIL,0022000209,2021-01-18,BKN,MIL,BKN,Nic Claxton,1629651,0,0,DND - Injury/Illness,0,0,https://www.nba.com/game/0022000209/box-score
2021-01-18_BKN_MIL,0022000209,2021-01-18,BKN,MIL,BKN,Reggie Perry,1629617,580,0,,2,-4,https://www.nba.com/game/0022000209/box-score
2021-01-18_BKN_MIL,0022000209,2021-01-18,BKN,MIL,BKN,Timothe Luwawu-Cabarrot,1627789,544,0,,0,-3,https://www.nba.com/game/0022000209/box-score
2021-01-18_BKN_MIL,0022000209,2021-01-18,BKN,MIL,BKN,Tyler Johnson,204020,0,0,DNP - Coach's Decision,0,0,https://www.nba.com/game/0022000209/box-score
2021-01-18_BKN_MIL,0022000209,2021-01-18,BKN,MIL,MIL,Bobby Portis,1626171,865,0,,4,10,https://www.nba.com/game/0022000209/box-score
2021-01-18_BKN_MIL,0022000209,2021-01-18,BKN,MIL,MIL,Brook Lopez,201572,2016,1,,15,-12,https://www.nba.com/game/0022000209/box-score
2021-01-18_BKN_MIL,0022000209,2021-01-18,BKN,MIL,MIL,Bryn Forbes,1627854,637,0,,4,-11,https://www.nba.com/game/0022000209/box-score
2021-01-18_BKN_MIL,0022000209,2021-01-18,BKN,MIL,MIL,D.J. Augustin,201571,1145,0,,2,8,https://www.nba.com/game/0022000209/box-score
2021-01-18_BKN_MIL,0022000209,2021-01-18,BKN,MIL,MIL,D.J. Wilson,1628391,0,0,DNP - Coach's Decision,0,0,https://www.nba.com/game/0022000209/box-score
2021-01-18_BKN_MIL,0022000209,2021-01-18,BKN,MIL,MIL,Donte DiVincenzo,1628978,1880,1,,8,-12,https://www.nba.com/game/0022000209/box-score
2021-01-18_BKN_MIL,0022000209,2021-01-18,BKN,MIL,MIL,Giannis Antetokounmpo,203507,2388,1,,34,-12,https://www.nba.com/game/0022000209/box-score
2021-01-18_BKN_MIL,0022000209,2021-01-18,BKN,MIL,MIL,Jordan Nwora,1629670,0,0,DNP - Coach's Decision,0,0,https://www.nba.com/game/0022000209/box-score
2021-01-18_BKN_MIL,0022000209,2021-01-18,BKN,MIL,MIL,Jrue Holiday,201950,2240,1,,22,3,https://www.nba.com/game/0022000209/box-score
2021-01-18_BKN_MIL,0022000209,2021-01-18,BKN,MIL,MIL,Khris Middleton,203114,2174,1,,25,5,https://www.nba.com/game/0022000209/box-score
2021-01-18_BKN_MIL,0022000209,2021-01-18,BKN,MIL,MIL,Pat Connaughton,1626192,1055,0,,9,11,https://www.nba.com/game/0022000209/box-score
2021-01-18_BKN_MIL,0022000209,2021-01-18,BKN,MIL,MIL,Sam Merrill,1630241,0,0,DNP - Coach's Decision,0,0,https://www.nba.com/game/0022000209/box-score
2021-01-18_BKN_MIL,0022000209,2021-01-18,BKN,MIL,MIL,Thanasis Antetokounmpo,203648,0,0,DNP - Coach's Decision,0,0,https://www.nba.com/game/0022000209/box-score
2021-01-18_BKN_MIL,0022000209,2021-01-18,BKN,MIL,MIL,Torrey Craig,1628470,0,0,DNP - Coach's Decision,0,0,https://www.nba.com/game/0022000209/box-score
2021-01-20_MIN_ORL,0022000221,2021-01-20,MIN,ORL,MIN,Anthony Edwards,1630162,1369,0,,8,13,https://www.nba.com/game/0022000221/box-score
2021-01-20_MIN_ORL,0022000221,2021-01-20,MIN,ORL,MIN,Ashton Hagans,1630204,0,0,DNP - Coach's Decision,0,0,https://www.nba.com/game/0022000221/box-score
2021-01-20_MIN_ORL,0022000221,2021-01-20,MIN,ORL,MIN,D'Angelo Russell,1626156,1902,1,,19,-13,https://www.nba.com/game/0022000221/box-score
2021-01-20_MIN_ORL,0022000221,2021-01-20,MIN,ORL,MIN,Ed Davis,202334,1107,0,,2,3,https://www.nba.com/game/0022000221/box-score
2021-01-20_MIN_ORL,0022000221,2021-01-20,MIN,ORL,MIN,Jaden McDaniels,1630183,1567,0,,12,19,https://www.nba.com/game/0022000221/box-score
2021-01-20_MIN_ORL,0022000221,2021-01-20,MIN,ORL,MIN,Jake Layman,1627774,0,0,DNP - Coach's Decision,0,0,https://www.nba.com/game/0022000221/box-score
2021-01-20_MIN_ORL,0022000221,2021-01-20,MIN,ORL,MIN,Jarred Vanderbilt,1629020,1053,1,,4,-12,https://www.nba.com/game/0022000221/box-score
2021-01-20_MIN_ORL,0022000221,2021-01-20,MIN,ORL,MIN,Jarrett Culver,1629633,901,0,,7,6,https://www.nba.com/game/0022000221/box-score
2021-01-20_MIN_ORL,0022000221,2021-01-20,MIN,ORL,MIN,Jaylen Nowell,1629669,0,0,DNP - Coach's Decision,0,0,https://www.nba.com/game/0022000221/box-score
2021-01-20_MIN_ORL,0022000221,2021-01-20,MIN,ORL,MIN,Jordan McLaughlin,1629162,1232,0,,6,4,https://www.nba.com/game/0022000221/box-score
2021-01-20_MIN_ORL,0022000221,2021-01-20,MIN,ORL,MIN,Josh Okogie,1629006,1506,1,,11,-14,https://www.nba.com/game/0022000221/box-score
2021-01-20_MIN_ORL,0022000221,2021-01-20,MIN,ORL,MIN,Malik Beasley,1627736,2013,1,,13,-7,https://www.nba.com/game/0022000221/box-score
2021-01-20_MIN_ORL,0022000221,2021-01-20,MIN,ORL,MIN,Naz Reid,1629675,1750,1,,14,-4,https://www.nba.com/game/0022000221/box-score
2021-01-20_MIN_ORL,0022000221,2021-01-20,MIN,ORL,ORL,Aaron Gordon,203932,2137,1,,13,9,https://www.nba.com/game/0022000221/box-score
2021-01-20_MIN_ORL,0022000221,2021-01-20,MIN,ORL,ORL,Cole Anthony,1630175,1677,1,,13,10,https://www.nba.com/game/0022000221/box-score
2021-01-20_MIN_ORL,0022000221,2021-01-20,MIN,ORL,ORL,Dwayne Bacon,1628407,1182,0,,4,-14,https://www.nba.com/game/0022000221/box-score
2021-01-20_MIN_ORL,0022000221,2021-01-20,MIN,ORL,ORL,Evan Fournier,203095,1698,1,,24,15,https://www.nba.com/game/0022000221/box-score
2021-01-20_MIN_ORL,0022000221,2021-01-20,MIN,ORL,ORL,Gary Clark,1629109,459,0,,0,-12,https://www.nba.com/game/0022000221/box-score
2021-01-20_MIN_ORL,0022000221,2021-01-20,MIN,ORL,ORL,James Ennis III,203516,1657,1,,5,15,https://www.nba.com/game/0022000221/box-score
2021-01-20_MIN_ORL,0022000221,2021-01-20,MIN,ORL,ORL,Jordan Bone,1629648,0,0,DNP - Coach's Decision,0,0,https://www.nba.com/game/0022000221/box-score
2021-01-20_MIN_ORL,0022000221,2021-01-20,MIN,ORL,ORL,Karim Mane,1630211,0,0,DNP - Coach's Decision,0,0,https://www.nba.com/game/0022000221/box-score
2021-01-20_MIN_ORL,0022000221,2021-01-20,MIN,ORL,ORL,Khem Birch,203920,1549,0,,2,-12,https://www.nba.com/game/0022000221/box-score
2021-01-20_MIN_ORL,0022000221,2021-01-20,MIN,ORL,ORL,Mo Bamba,1628964,0,0,NWT_HEALTH_AND_SAFETY_PROTOCOLS,0,0,https://www.nba.com/game/0022000221/box-score
2021-01-20_MIN_ORL,0022000221,2021-01-20,MIN,ORL,ORL,Nikola Vucevic,202696,2574,1,,28,10,https://www.nba.com/game/0022000221/box-score
2021-01-20_MIN_ORL,0022000221,2021-01-20,MIN,ORL,ORL,Terrence Ross,203082,1467,0,,8,-16,https://www.nba.com/game/0022000221/box-score
2021-01-22_DET_HOU,0022000230,2021-01-22,DET,HOU,DET,Blake Griffin,201933,1721,1,,7,-14,https://www.nba.com/game/0022000230/box-score
2021-01-22_DET_HOU,0022000230,2021-01-22,DET,HOU,DET,Delon Wright,1626153,1707,1,,18,10,https://www.nba.com/game/0022000230/box-score
2021-01-22_DET_HOU,0022000230,2021-01-22,DET,HOU,DET,Derrick Rose,201565,1173,0,,9,-11,https://www.nba.com/game/0022000230/box-score
2021-01-22_DET_HOU,0022000230,2021-01-22,DET,HOU,DET,Frank Jackson,1628402,0,0,DNP - Coach's Decision,0,0,https://www.nba.com/game/0022000230/box-score
2021-01-22_DET_HOU,0022000230,2021-01-22,DET,HOU,DET,Isaiah Stewart,1630191,1371,0,,7,3,https://www.nba.com/game/0022000230/box-score
2021-01-22_DET_HOU,0022000230,2021-01-22,DET,HOU,DET,Jahlil Okafor,1626143,0,0,DNP - Coach's Decision,0,0,https://www.nba.com/game/0022000230/box-score
2021-01-22_DET_HOU,0022000230,2021-01-22,DET,HOU,DET,Jerami Grant,203924,2070,1,,21,14,https://www.nba.com/game/0022000230/box-score
2021-01-22_DET_HOU,0022000230,2021-01-22,DET,HOU,DET,Josh Jackson,1628367,1843,0,,12,0,https://www.nba.com/game/0022000230/box-score
2021-01-22_DET_HOU,0022000230,2021-01-22,DET,HOU,DET,Mason Plumlee,203486,1229,1,,6,0,https://www.nba.com/game/0022000230/box-score
2021-01-22_DET_HOU,0022000230,2021-01-22,DET,HOU,DET,Rodney McGruder,203585,0,0,DNP - Coach's Decision,0,0,https://www.nba.com/game/0022000230/box-score
2021-01-22_DET_HOU,0022000230,2021-01-22,DET,HOU,DET,Saben Lee,1630240,0,0,DNP - Coach's Decision,0,0,https://www.nba.com/game/0022000230/box-score
2021-01-22_DET_HOU,0022000230,2021-01-22,DET,HOU,DET,Saddiq Bey,1630180,915,0,,2,-17,https://www.nba.com/game/0022000230/box-score
2021-01-22_DET_HOU,0022000230,2021-01-22,DET,HOU,DET,Sekou Doumbouya,1629635,402,0,,2,-6,https://www.nba.com/game/0022000230/box-score
2021-01-22_DET_HOU,0022000230,2021-01-22,DET,HOU,DET,Svi Mykhailiuk,1629004,3,0,,0,0,https://www.nba.com/game/0022000230/box-score
2021-01-22_DET_HOU,0022000230,2021-01-22,DET,HOU,DET,Wayne Ellington,201961,1965,1,,18,16,https://www.nba.com/game/0022000230/box-score
2021-01-22_DET_HOU,0022000230,2021-01-22,DET,HOU,HOU,Ben McLemore,203463,1029,0,,10,17,https://www.nba.com/game/0022000230/box-score
2021-01-22_DET_HOU,0022000230,2021-01-22,DET,HOU,HOU,Brodric Thomas,1630271,0,0,DNP - Coach's Decision,0,0,https://www.nba.com/game/0022000230/box-score
2021-01-22_DET_HOU,0022000230,2021-01-22,DET,HOU,HOU,David Nwaba,1628021,1284,0,,13,12,https://www.nba.com/game/0022000230/box-score
2021-01-22_DET_HOU,0022000230,2021-01-22,DET,HOU,HOU,DeMarcus Cousins,202326,1970,1,,5,-10,https://www.nba.com/game/0022000230/box-score
2021-01-22_DET_HOU,0022000230,2021-01-22,DET,HOU,HOU,Eric Gordon,201569,2180,1,,20,-4,https://www.nba.com/game/0022000230/box-score
2021-01-22_DET_HOU,0022000230,2021-01-22,DET,HOU,HOU,Jae'Sean Tate,1630256,1944,1,,13,6,https://www.nba.com/game/0022000230/box-score
2021-01-22_DET_HOU,0022000230,2021-01-22,DET,HOU,HOU,Kenyon Martin Jr.,1630231,150,0,,0,-1,https://www.nba.com/game/0022000230/box-score
2021-01-22_DET_HOU,0022000230,2021-01-22,DET,HOU,HOU,Mason Jones,1630222,191,0,,0,-3,https://www.nba.com/game/0022000230/box-score
2021-01-22_DET_HOU,0022000230,2021-01-22,DET,HOU,HOU,P.J. Tucker,200782,1987,1,,15,-14,https://www.nba.com/game/0022000230/box-score
2021-01-22_DET_HOU,0022000230,2021-01-22,DET,HOU,HOU,Rodions Kurucs,1629066,0,0,DNP - Coach's Decision,0,0,https://www.nba.com/game/0022000230/box-score
2021-01-22_DET_HOU,0022000230,2021-01-22,DET,HOU,HOU,Sterling Brown,1628425,1538,0,,14,1,https://www.nba.com/game/0022000230/box-score
2021-01-22_DET_HOU,0022000230,2021-01-22,DET,HOU,HOU,Victor Oladipo,203506,2127,1,,13,1,https://www.nba.com/game/0022000230/box-score
2021-01-29_TOR_SAC,0022000292,2021-01-29,TOR,SAC,SAC,Buddy Hield,1627741,2377,1,,22,7,https://www.nba.com/game/0022000292/box-score
2021-01-29_TOR_SAC,0022000292,2021-01-29,TOR,SAC,SAC,Chimezie Metu,1629002,0,0,DNP - Coach's Decision,0,0,https://www.nba.com/game/0022000292/box-score
2021-01-29_TOR_SAC,0022000292,2021-01-29,TOR,SAC,SAC,Cory Joseph,202709,1468,0,,16,-10,https://www.nba.com/game/0022000292/box-score
2021-01-29_TOR_SAC,0022000292,2021-01-29,TOR,SAC,SAC,De'Aaron Fox,1628368,2066,1,,24,-2,https://www.nba.com/game/0022000292/box-score
2021-01-29_TOR_SAC,0022000292,2021-01-29,TOR,SAC,SAC,Glenn Robinson III,203922,318,0,,0,0,https://www.nba.com/game/0022000292/box-score
2021-01-29_TOR_SAC,0022000292,2021-01-29,TOR,SAC,SAC,Harrison Barnes,203084,2239,1,,26,6,https://www.nba.com/game/0022000292/box-score
2021-01-29_TOR_SAC,0022000292,2021-01-29,TOR,SAC,SAC,Hassan Whiteside,202355,1172,0,,16,0,https://www.nba.com/game/0022000292/box-score
2021-01-29_TOR_SAC,0022000292,2021-01-29,TOR,SAC,SAC,Jabari Parker,203953,0,0,DNP - Coach's Decision,0,0,https://www.nba.com/game/0022000292/box-score
2021-01-29_TOR_SAC,0022000292,2021-01-29,TOR,SAC,SAC,Justin James,1629713,0,0,DNP - Coach's Decision,0,0,https://www.nba.com/game/0022000292/box-score
2021-01-29_TOR_SAC,0022000292,2021-01-29,TOR,SAC,SAC,Kyle Guy,1629657,0,0,DNP - Coach's Decision,0,0,https://www.nba.com/game/0022000292/box-score
2021-01-29_TOR_SAC,0022000292,2021-01-29,TOR,SAC,SAC,Marvin Bagley III,1628963,1188,1,,7,4,https://www.nba.com/game/0022000292/box-score
2021-01-29_TOR_SAC,0022000292,2021-01-29,TOR,SAC,SAC,Richaun Holmes,1626158,1571,1,,5,3,https://www.nba.com/game/0022000292/box-score
2021-01-29_TOR_SAC,0022000292,2021-01-29,TOR,SAC,SAC,Robert Woodard II,1630218,0,0,DNP - Coach's Decision,0,0,https://www.nba.com/game/0022000292/box-score
2021-01-29_TOR_SAC,0022000292,2021-01-29,TOR,SAC,SAC,Tyrese Haliburton,1630169,2002,0,,10,2,https://www.nba.com/game/0022000292/box-score
2021-01-29_TOR_SAC,0022000292,2021-01-29,TOR,SAC,TOR,Aron Baynes,203382,1405,1,,6,-7,https://www.nba.com/game/0022000292/box-score
2021-01-29_TOR_SAC,0022000292,2021-01-29,TOR,SAC,TOR,Chris Boucher,1628449,823,0,,4,-8,https://www.nba.com/game/0022000292/box-score
2021-01-29_TOR_SAC,0022000292,2021-01-29,TOR,SAC,TOR,DeAndre' Bembry,1627761,1061,0,,7,10,https://www.nba.com/game/0022000292/box-score
2021-01-29_TOR_SAC,0022000292,2021-01-29,TOR,SAC,TOR,Fred VanVleet,1627832,2174,1,,26,9,https://www.nba.com/game/0022000292/box-score
2021-01-29_TOR_SAC,0022000292,2021-01-29,TOR,SAC,TOR,Kyle Lowry,200768,2231,1,,17,-6,https://www.nba.com/game/0022000292/box-score
2021-01-29_TOR_SAC,0022000292,2021-01-29,TOR,SAC,TOR,Malachi Flynn,1630201,0,0,DNP - Coach's Decision,0,0,https://www.nba.com/game/0022000292/box-score
2021-01-29_TOR_SAC,0022000292,2021-01-29,TOR,SAC,TOR,Matt Thomas,1629744,667,0,,5,-4,https://www.nba.com/game/0022000292/box-score
2021-01-29_TOR_SAC,0022000292,2021-01-29,TOR,SAC,TOR,Pascal Siakam,1627783,2270,1,,32,-11,https://www.nba.com/game/0022000292/box-score
2021-01-29_TOR_SAC,0022000292,2021-01-29,TOR,SAC,TOR,Paul Watson,1628778,10,0,,0,-3,https://www.nba.com/game/0022000292/box-score
2021-01-29_TOR_SAC,0022000292,2021-01-29,TOR,SAC,TOR,Stanley Johnson,1626169,1155,0,,3,5,https://www.nba.com/game/0022000292/box-score
2021-01-29_TOR_SAC,0022000292,2021-01-29,TOR,SAC,TOR,Terence Davis,1629056,1137,1,,12,-5,https://www.nba.com/game/0022000292/box-score
2021-01-29_TOR_SAC,0022000292,2021-01-29,TOR,SAC,TOR,Yuta Watanabe,1629139,1467,0,,12,10,https://www.nba.com/game/0022000292/box-score
2021-01-30_MIA_SAC,0022000301,2021-01-30,MIA,SAC,MIA,Andre Iguodala,2738,1559,0,,1,8,https://www.nba.com/game/0022000301/box-score
2021-01-30_MIA_SAC,0022000301,2021-01-30,MIA,SAC,MIA,Avery Bradley,202340,0,0,DND - Injury/Illness,0,0,https://www.nba.com/game/0022000301/box-score
2021-01-30_MIA_SAC,0022000301,2021-01-30,MIA,SAC,MIA,Bam Adebayo,1628389,2147,1,,18,-1,https://www.nba.com/game/0022000301/box-score
2021-01-30_MIA_SAC,0022000301,2021-01-30,MIA,SAC,MIA,Duncan Robinson,1629130,2096,1,,14,6,https://www.nba.com/game/0022000301/box-score
2021-01-30_MIA_SAC,0022000301,2021-01-30,MIA,SAC,MIA,Gabe Vincent,1629216,646,0,,3,2,https://www.nba.com/game/0022000301/box-score
2021-01-30_MIA_SAC,0022000301,2021-01-30,MIA,SAC,MIA,Goran Dragic,201609,0,0,DND - Injury/Illness,0,0,https://www.nba.com/game/0022000301/box-score
2021-01-30_MIA_SAC,0022000301,2021-01-30,MIA,SAC,MIA,Jimmy Butler,202710,2016,1,,30,-7,https://www.nba.com/game/0022000301/box-score
2021-01-30_MIA_SAC,0022000301,2021-01-30,MIA,SAC,MIA,KZ Okpala,1629644,449,1,,0,-14,https://www.nba.com/game/0022000301/box-score
2021-01-30_MIA_SAC,0022000301,2021-01-30,MIA,SAC,MIA,Kelly Olynyk,203482,1543,0,,11,14,https://www.nba.com/game/0022000301/box-score
2021-01-30_MIA_SAC,0022000301,2021-01-30,MIA,SAC,MIA,Kendrick Nunn,1629134,0,0,DNP - Coach's Decision,0,0,https://www.nba.com/game/0022000301/box-score
2021-01-30_MIA_SAC,0022000301,2021-01-30,MIA,SAC,MIA,Maurice Harkless,203090,0,0,DND - Injury/Illness,0,0,https://www.nba.com/game/0022000301/box-score
2021-01-30_MIA_SAC,0022000301,2021-01-30,MIA,SAC,MIA,Max Strus,1629622,804,0,,7,-3,https://www.nba.com/game/0022000301/box-score
2021-01-30_MIA_SAC,0022000301,2021-01-30,MIA,SAC,MIA,Precious Achiuwa,1630173,739,0,,6,-1,https://www.nba.com/game/0022000301/box-score
2021-01-30_MIA_SAC,0022000301,2021-01-30,MIA,SAC,MIA,Tyler Herro,1629639,2403,1,,15,1,https://www.nba.com/game/0022000301/box-score
2021-01-30_MIA_SAC,0022000301,2021-01-30,MIA,SAC,MIA,Udonis Haslem,2617,0,0,DNP - Coach's Decision,0,0,https://www.nba.com/game/0022000301/box-score
2021-01-30_MIA_SAC,0022000301,2021-01-30,MIA,SAC,SAC,Buddy Hield,1627741,2199,1,,18,4,https://www.nba.com/game/0022000301/box-score
2021-01-30_MIA_SAC,0022000301,2021-01-30,MIA,SAC,SAC,Chimezie Metu,1629002,0,0,DNP - Coach's Decision,0,0,https://www.nba.com/game/0022000301/box-score
2021-01-30_MIA_SAC,0022000301,2021-01-30,MIA,SAC,SAC,Cory Joseph,202709,872,0,,0,-11,https://www.nba.com/game/0022000301/box-score
2021-01-30_MIA_SAC,0022000301,2021-01-30,MIA,SAC,SAC,De'Aaron Fox,1628368,1897,1,,30,-1,https://www.nba.com/game/0022000301/box-score
2021-01-30_MIA_SAC,0022000301,2021-01-30,MIA,SAC,SAC,Glenn Robinson III,203922,0,0,DNP - Coach's Decision,0,0,https://www.nba.com/game/0022000301/box-score
2021-01-30_MIA_SAC,0022000301,2021-01-30,MIA,SAC,SAC,Harrison Barnes,203084,2214,1,,11,1,https://www.nba.com/game/0022000301/box-score
2021-01-30_MIA_SAC,0022000301,2021-01-30,MIA,SAC,SAC,Hassan Whiteside,202355,1198,0,,9,-6,https://www.nba.com/game/0022000301/box-score
2021-01-30_MIA_SAC,0022000301,2021-01-30,MIA,SAC,SAC,Jabari Parker,203953,0,0,DNP - Coach's Decision,0,0,https://www.nba.com/game/0022000301/box-score
2021-01-30_MIA_SAC,0022000301,2021-01-30,MIA,SAC,SAC,Justin James,1629713,0,0,DNP - Coach's Decision,0,0,https://www.nba.com/game/0022000301/box-score
2021-01-30_MIA_SAC,0022000301,2021-01-30,MIA,SAC,SAC,Kyle Guy,1629657,932,0,,5,5,https://www.nba.com/game/0022000301/box-score
2021-01-30_MIA_SAC,0022000301,2021-01-30,MIA,SAC,SAC,Marvin Bagley III,1628963,1546,1,,17,-2,https://www.nba.com/game/0022000301/box-score
2021-01-30_MIA_SAC,0022000301,2021-01-30,MIA,SAC,SAC,Richaun Holmes,1626158,1682,1,,4,5,https://www.nba.com/game/0022000301/box-score
2021-01-30_MIA_SAC,0022000301,2021-01-30,MIA,SAC,SAC,Tyrese Haliburton,1630169,1860,0,,10,0,https://www.nba.com/game/0022000301/box-score
2021-02-01_CLE_MIN,0022000312,2021-02-01,CLE,MIN,CLE,Andre Drummond,203083,0,0,DND - Injury/Illness,0,0,https://www.nba.com/game/0022000312/box-score
2021-02-01_CLE_MIN,0022000312,2021-02-01,CLE,MIN,CLE,Cedi Osman,1626224,1064,0,,10,-3,https://www.nba.com/game/0022000312/box-score
2021-02-01_CLE_MIN,0022000312,2021-02-01,CLE,MIN,CLE,Collin Sexton,1629012,2486,1,,26,12,https://www.nba.com/game/0022000312/box-score
2021-02-01_CLE_MIN,0022000312,2021-02-01,CLE,MIN,CLE,Damyean Dotson,1628422,666,0,,5,-2,https://www.nba.com/game/0022000312/box-score
2021-02-01_CLE_MIN,0022000312,2021-02-01,CLE,MIN,CLE,Darius Garland,1629636,2304,1,,19,7,https://www.nba.com/game/0022000312/box-score
2021-02-01_CLE_MIN,0022000312,2021-02-01,CLE,MIN,CLE,Dean Wade,1629731,0,0,DNP - Coach's Decision,0,0,https://www.nba.com/game/0022000312/box-score
2021-02-01_CLE_MIN,0022000312,2021-02-01,CLE,MIN,CLE,Dylan Windler,1629685,299,0,,0,-6,https://www.nba.com/game/0022000312/box-score
2021-02-01_CLE_MIN,0022000312,2021-02-01,CLE,MIN,CLE,Isaac Okoro,1630171,1952,1,,4,14,https://www.nba.com/game/0022000312/box-score
2021-02-01_CLE_MIN,0022000312,2021-02-01,CLE,MIN,CLE,JaVale McGee,201580,794,0,,0,-6,https://www.nba.com/game/0022000312/box-score
2021-02-01_CLE_MIN,0022000312,2021-02-01,CLE,MIN,CLE,Jarrett Allen,1628386,2086,1,,23,8,https://www.nba.com/game/0022000312/box-score
2021-02-01_CLE_MIN,0022000312,2021-02-01,CLE,MIN,CLE,Lamar Stevens,1630205,853,0,,5,-18,https://www.nba.com/game/0022000312/box-score
2021-02-01_CLE_MIN,0022000312,2021-02-01,CLE,MIN,CLE,Taurean Prince,1627752,1896,1,,8,4,https://www.nba.com/game/0022000312/box-score
2021-02-01_CLE_MIN,0022000312,2021-02-01,CLE,MIN,MIN,Anthony Edwards,1630162,1878,1,,13,-3,https://www.nba.com/game/0022000312/box-score
2021-02-01_CLE_MIN,0022000312,2021-02-01,CLE,MIN,MIN,D'Angelo Russell,1626156,1736,1,,18,-4,https://www.nba.com/game/0022000312/box-score
2021-02-01_CLE_MIN,0022000312,2021-02-01,CLE,MIN,MIN,Ed Davis,202334,1176,1,,8,-7,https://www.nba.com/game/0022000312/box-score
2021-02-01_CLE_MIN,0022000312,2021-02-01,CLE,MIN,MIN,Jaden McDaniels,1630183,1298,0,,11,2,https://www.nba.com/game/0022000312/box-score
2021-02-01_CLE_MIN,0022000312,2021-02-01,CLE,MIN,MIN,Jake Layman,1627774,847,0,,5,10,https://www.nba.com/game/0022000312/box-score
2021-02-01_CLE_MIN,0022000312,2021-02-01,CLE,MIN,MIN,Jarred Vanderbilt,1629020,1151,0,,4,8,https://www.nba.com/game/0022000312/box-score
2021-02-01_CLE_MIN,0022000312,2021-02-01,CLE,MIN,MIN,Jaylen Nowell,1629669,1026,0,,12,2,https://www.nba.com/game/0022000312/box-score
2021-02-01_CLE_MIN,0022000312,2021-02-01,CLE,MIN,MIN,Josh Okogie,1629006,1334,1,,3,-12,https://www.nba.com/game/0022000312/box-score
2021-02-01_CLE_MIN,0022000312,2021-02-01,CLE,MIN,MIN,Juancho Hernangomez,1627823,0,0,DNP - Coach's Decision,0,0,https://www.nba.com/game/0022000312/box-score
2021-02-01_CLE_MIN,0022000312,2021-02-01,CLE,MIN,MIN,Malik Beasley,1627736,1991,1,,10,-11,https://www.nba.com/game/0022000312/box-score
2021-02-01_CLE_MIN,0022000312,2021-02-01,CLE,MIN,MIN,Naz Reid,1629675,795,0,,12,5,https://www.nba.com/game/0022000312/box-score
2021-02-01_CLE_MIN,0022000312,2021-02-01,CLE,MIN,MIN,Ricky Rubio,201937,1168,0,,2,0,https://www.nba.com/game/0022000312/box-score
2021-02-01_DAL_PHX,0022000319,2021-02-01,DAL,PHX,DAL,Boban Marjanovic,1626246,0,0,DNP - Coach's Decision,0,0,https://www.nba.com/game/0022000319/box-score
2021-02-01_DAL_PHX,0022000319,2021-02-01,DAL,PHX,DAL,Dorian Finney-Smith,1627827,2237,1,,5,3,https://www.nba.com/game/0022000319/box-score
2021-02-01_DAL_PHX,0022000319,2021-02-01,DAL,PHX,DAL,Dwight Powell,203939,0,0,DNP - Coach's Decision,0,0,https://www.nba.com/game/0022000319/box-score
2021-02-01_DAL_PHX,0022000319,2021-02-01,DAL,PHX,DAL,Jalen Brunson,1628973,1274,0,,11,-8,https://www.nba.com/game/0022000319/box-score
2021-02-01_DAL_PHX,0022000319,2021-02-01,DAL,PHX,DAL,James Johnson,201949,358,0,,0,3,https://www.nba.com/game/0022000319/box-score
2021-02-01_DAL_PHX,0022000319,2021-02-01,DAL,PHX,DAL,Josh Green,1630182,0,0,DNP - Coach's Decision,0,0,https://www.nba.com/game/0022000319/box-score
2021-02-01_DAL_PHX,0022000319,2021-02-01,DAL,PHX,DAL,Josh Richardson,1626196,2200,1,,24,4,https://www.nba.com/game/0022000319/box-score
2021-02-01_DAL_PHX,0022000319,2021-02-01,DAL,PHX,DAL,Kristaps Porzingis,204001,2053,1,,19,3,https://www.nba.com/game/0022000319/box-score
2021-02-01_DAL_PHX,0022000319,2021-02-01,DAL,PHX,DAL,Luka Doncic,1629029,2298,1,,25,8,https://www.nba.com/game/0022000319/box-score
2021-02-01_DAL_PHX,0022000319,2021-02-01,DAL,PHX,DAL,Maxi Kleber,1628467,1078,1,,2,-10,https://www.nba.com/game/0022000319/box-score
2021-02-01_DAL_PHX,0022000319,2021-02-01,DAL,PHX,DAL,Tim Hardaway Jr.,203501,1877,0,,18,-3,https://www.nba.com/game/0022000319/box-score
2021-02-01_DAL_PHX,0022000319,2021-02-01,DAL,PHX,DAL,Trey Burke,203504,198,0,,0,-1,https://www.nba.com/game/0022000319/box-score
2021-02-01_DAL_PHX,0022000319,2021-02-01,DAL,PHX,DAL,Tyrell Terry,1630179,0,0,DNP - Coach's Decision,0,0,https://www.nba.com/game/0022000319/box-score
2021-02-01_DAL_PHX,0022000319,2021-02-01,DAL,PHX,DAL,Wes Iwundu,1628411,0,0,DNP - Coach's Decision,0,0,https://www.nba.com/game/0022000319/box-score
2021-02-01_DAL_PHX,0022000319,2021-02-01,DAL,PHX,DAL,Willie Cauley-Stein,1626161,827,0,,4,-4,https://www.nba.com/game/0022000319/box-score
2021-02-01_DAL_PHX,0022000319,2021-02-01,DAL,PHX,PHX,Abdel Nader,1627846,0,0,DNP - Coach's Decision,0,0,https://www.nba.com/game/0022000319/box-score
2021-02-01_DAL_PHX,0022000319,2021-02-01,DAL,PHX,PHX,Cameron Johnson,1629661,2108,1,,10,10,https://www.nba.com/game/0022000319/box-score
2021-02-01_DAL_PHX,0022000319,2021-02-01,DAL,PHX,PHX,Chris Paul,101108,2283,1,,34,-3,https://www.nba.com/game/0022000319/box-score
2021-02-01_DAL_PHX,0022000319,2021-02-01,DAL,PHX,PHX,Damian Jones,1627745,0,0,DNP - Coach's Decision,0,0,https://www.nba.com/game/0022000319/box-score
2021-02-01_DAL_PHX,0022000319,2021-02-01,DAL,PHX,PHX,Deandre Ayton,1629028,1976,1,,10,-13,https://www.nba.com/game/0022000319/box-score
2021-02-01_DAL_PHX,0022000319,2021-02-01,DAL,PHX,PHX,Devin Booker,1626164,1885,1,,24,-1,https://www.nba.com/game/0022000319/box-score
2021-02-01_DAL_PHX,0022000319,2021-02-01,DAL,PHX,PHX,E'Twaun Moore,202734,829,0,,2,1,https://www.nba.com/game/0022000319/box-score
2021-02-01_DAL_PHX,0022000319,2021-02-01,DAL,PHX,PHX,Frank Kaminsky,1626163,904,0,,11,14,https://www.nba.com/game/0022000319/box-score
2021-02-01_DAL_PHX,0022000319,2021-02-01,DAL,PHX,PHX,Jae Crowder,203109,928,0,,2,-5,https://www.nba.com/game/0022000319/box-score
2021-02-01_DAL_PHX,0022000319,2021-02-01,DAL,PHX,PHX,Jalen Smith,1630188,0,0,DNP - Coach's Decision,0,0,https://www.nba.com/game/0022000319/box-score
2021-02-01_DAL_PHX,0022000319,2021-02-01,DAL,PHX,PHX,Jevon Carter,1628975,0,0,DNP - Coach's Decision,0,0,https://www.nba.com/game/0022000319/box-score
2021-02-01_DAL_PHX,0022000319,2021-02-01,DAL,PHX,PHX,Langston Galloway,204038,1189,0,,6,10,https://www.nba.com/game/0022000319/box-score
2021-02-01_DAL_PHX,0022000319,2021-02-01,DAL,PHX,PHX,Mikal Bridges,1628969,2298,1,,10,-8,https://www.nba.com/game/0022000319/box-score
2021-02-03_SAS_MIN,0022000334,2021-02-03,SAS,MIN,MIN,Anthony Edwards,1630162,1894,1,,14,-5,https://www.nba.com/game/0022000334/box-score
2021-02-03_SAS_MIN,0022000334,2021-02-03,SAS,MIN,MIN,D'Angelo Russell,1626156,1879,1,,20,-4,https://www.nba.com/game/0022000334/box-score
2021-02-03_SAS_MIN,0022000334,2021-02-03,SAS,MIN,MIN,Ed Davis,202334,0,0,DNP - Coach's Decision,0,0,https://www.nba.com/game/0022000334/box-score
2021-02-03_SAS_MIN,0022000334,2021-02-03,SAS,MIN,MIN,Jaden McDaniels,1630183,1080,0,,3,-3,https://www.nba.com/game/0022000334/box-score
2021-02-03_SAS_MIN,0022000334,2021-02-03,SAS,MIN,MIN,Jake Layman,1627774,651,0,,11,4,https://www.nba.com/game/0022000334/box-score
2021-02-03_SAS_MIN,0022000334,2021-02-03,SAS,MIN,MIN,Jarred Vanderbilt,1629020,954,0,,2,2,https://www.nba.com/game/0022000334/box-score
2021-02-03_SAS_MIN,0022000334,2021-02-03,SAS,MIN,MIN,Jaylen Nowell,1629669,986,0,,10,2,https://www.nba.com/game/0022000334/box-score
2021-02-03_SAS_MIN,0022000334,2021-02-03,SAS,MIN,MIN,Josh Okogie,1629006,1466,1,,3,5,https://www.nba.com/game/0022000334/box-score
2021-02-03_SAS_MIN,0022000334,2021-02-03,SAS,MIN,MIN,Juancho Hernangomez,1627823,0,0,DNP - Coach's Decision,0,0,https://www.nba.com/game/0022000334/box-score
2021-02-03_SAS_MIN,0022000334,2021-02-03,SAS,MIN,MIN,Malik Beasley,1627736,1903,1,,29,-5,https://www.nba.com/game/0022000334/box-score
2021-02-03_SAS_MIN,0022000334,2021-02-03,SAS,MIN,MIN,Naz Reid,1629675,1926,1,,8,-5,https://www.nba.com/game/0022000334/box-score
2021-02-03_SAS_MIN,0022000334,2021-02-03,SAS,MIN,MIN,Ricky Rubio,201937,1661,0,,8,-6,https://www.nba.com/game/0022000334/box-score
2021-02-03_SAS_MIN,0022000334,2021-02-03,SAS,MIN,SAS,DeMar DeRozan,201942,2417,1,,30,6,https://www.nba.com/game/0022000334/box-score
2021-02-03_SAS_MIN,0022000334,2021-02-03,SAS,MIN,SAS,Dejounte Murray,1627749,1825,1,,15,-5,https://www.nba.com/game/0022000334/box-score
2021-02-03_SAS_MIN,0022000334,2021-02-03,SAS,MIN,SAS,Derrick White,1628401,1513,0,,10,18,https://www.nba.com/game/0022000334/box-score
2021-02-03_SAS_MIN,0022000334,2021-02-03,SAS,MIN,SAS,Devin Vassell,1630170,1184,0,,7,7,https://www.nba.com/game/0022000334/box-score
2021-02-03_SAS_MIN,0022000334,2021-02-03,SAS,MIN,SAS,Drew Eubanks,1629234,473,0,,5,-8,https://www.nba.com/game/0022000334/box-score
2021-02-03_SAS_MIN,0022000334,2021-02-03,SAS,MIN,SAS,Jakob Poeltl,1627751,2019,1,,19,1,https://www.nba.com/game/0022000334/box-score
2021-02-03_SAS_MIN,0022000334,2021-02-03,SAS,MIN,SAS,Keita Bates-Diop,1628966,0,0,DNP - Coach's Decision,0,0,https://www.nba.com/game/0022000334/box-score
2021-02-03_SAS_MIN,0022000334,2021-02-03,SAS,MIN,SAS,Keldon Johnson,1629640,1280,1,,6,-16,https://www.nba.com/game/0022000334/box-score
2021-02-03_SAS_MIN,0022000334,2021-02-03,SAS,MIN,SAS,Lonnie Walker IV,1629022,1287,1,,2,-16,https://www.nba.com/game/0022000334/box-score
2021-02-03_SAS_MIN,0022000334,2021-02-03,SAS,MIN,SAS,Patty Mills,201988,1593,0,,8,19,https://www.nba.com/game/0022000334/box-score
2021-02-03_SAS_MIN,0022000334,2021-02-03,SAS,MIN,SAS,Quinndary Weatherspoon,1629683,0,0,DNP - Coach's Decision,0,0,https://www.nba.com/game/0022000334/box-score
2021-02-03_SAS_MIN,0022000334,2021-02-03,SAS,MIN,SAS,Trey Lyles,1626168,809,0,,9,9,https://www.nba.com/game/0022000334/box-score
2021-02-05_IND_NOP,0022000343,2021-02-05,IND,NOP,IND,Aaron Holiday,1628988,1131,0,,8,12,https://www.nba.com/game/0022000343/box-score
2021-02-05_IND_NOP,0022000343,2021-02-05,IND,NOP,IND,Domantas Sabonis,1627734,1768,1,,8,-25,https://www.nba.com/game/0022000343/box-score
2021-02-05_IND_NOP,0022000343,2021-02-05,IND,NOP,IND,Doug McDermott,203926,1965,0,,14,8,https://www.nba.com/game/0022000343/box-score
2021-02-05_IND_NOP,0022000343,2021-02-05,IND,NOP,IND,Edmond Sumner,1628410,0,0,DNP - Coach's Decision,0,0,https://www.nba.com/game/0022000343/box-score
2021-02-05_IND_NOP,0022000343,2021-02-05,IND,NOP,IND,Goga Bitadze,1629048,1151,0,,10,13,https://www.nba.com/game/0022000343/box-score
2021-02-05_IND_NOP,0022000343,2021-02-05,IND,NOP,IND,JaKarr Sampson,203960,0,0,DNP - Coach's Decision,0,0,https://www.nba.com/game/0022000343/box-score
2021-02-05_IND_NOP,0022000343,2021-02-05,IND,NOP,IND,Jeremy Lamb,203087,1448,1,,17,-13,https://www.nba.com/game/0022000343/box-score
2021-02-05_IND_NOP,0022000343,2021-02-05,IND,NOP,IND,Justin Holiday,203200,2054,1,,22,10,https://www.nba.com/game/0022000343/box-score
2021-02-05_IND_NOP,0022000343,2021-02-05,IND,NOP,IND,Kelan Martin,1629103,0,0,DNP - Coach's Decision,0,0,https://www.nba.com/game/0022000343/box-score
2021-02-05_IND_NOP,0022000343,2021-02-05,IND,NOP,IND,Malcolm Brogdon,1627763,1626,1,,13,-16,https://www.nba.com/game/0022000343/box-score
2021-02-05_IND_NOP,0022000343,2021-02-05,IND,NOP,IND,Myles Turner,1626167,1553,1,,12,-7,https://www.nba.com/game/0022000343/box-score
2021-02-05_IND_NOP,0022000343,2021-02-05,IND,NOP,IND,T.J. McConnell,204456,1704,0,,9,13,https://www.nba.com/game/0022000343/box-score
2021-02-05_IND_NOP,0022000343,2021-02-05,IND,NOP,NOP,Brandon Ingram,1627742,2312,1,,30,4,https://www.nba.com/game/0022000343/box-score
2021-02-05_IND_NOP,0022000343,2021-02-05,IND,NOP,NOP,Eric Bledsoe,202339,1622,1,,5,18,https://www.nba.com/game/0022000343/box-score
2021-02-05_IND_NOP,0022000343,2021-02-05,IND,NOP,NOP,JJ Redick,200755,1013,0,,12,-15,https://www.nba.com/game/0022000343/box-score
2021-02-05_IND_NOP,0022000343,2021-02-05,IND,NOP,NOP,Jaxson Hayes,1629637,0,0,DNP - Coach's Decision,0,0,https://www.nba.com/game/0022000343/box-score
2021-02-05_IND_NOP,0022000343,2021-02-05,IND,NOP,NOP,Josh Hart,1628404,1426,0,,11,-8,https://www.nba.com/game/0022000343/box-score
2021-02-05_IND_NOP,0022000343,2021-02-05,IND,NOP,NOP,Kira Lewis Jr.,1630184,0,0,DNP - Coach's Decision,0,0,https://www.nba.com/game/0022000343/box-score
2021-02-05_IND_NOP,0022000343,2021-02-05,IND,NOP,NOP,Lonzo Ball,1628366,2113,1,,20,7,https://www.nba.com/game/0022000343/box-score
2021-02-05_IND_NOP,0022000343,2021-02-05,IND,NOP,NOP,Nickeil Alexander-Walker,1629638,1013,0,,4,-8,https://www.nba.com/game/0022000343/box-score
2021-02-05_IND_NOP,0022000343,2021-02-05,IND,NOP,NOP,Nicolo Melli,1629740,0,0,DNP - Coach's Decision,0,0,https://www.nba.com/game/0022000343/box-score
2021-02-05_IND_NOP,0022000343,2021-02-05,IND,NOP,NOP,Sindarius Thornwell,1628414,140,0,,0,-6,https://www.nba.com/game/0022000343/box-score
2021-02-05_IND_NOP,0022000343,2021-02-05,IND,NOP,NOP,Steven Adams,203500,1801,1,,12,11,https://www.nba.com/game/0022000343/box-score
2021-02-05_IND_NOP,0022000343,2021-02-05,IND,NOP,NOP,Wenyen Gabriel,1629117,0,0,DNP - Coach's Decision,0,0,https://www.nba.com/game/0022000343/box-score
2021-02-05_IND_NOP,0022000343,2021-02-05,IND,NOP,NOP,Willy Hernangomez,1626195,1079,0,,2,-10,https://www.nba.com/game/0022000343/box-score
2021-02-05_IND_NOP,0022000343,2021-02-05,IND,NOP,NOP,Zion Williamson,1629627,1882,1,,18,12,https://www.nba.com/game/0022000343/box-score
2021-02-05_OKC_MIN,0022000348,2021-02-05,OKC,MIN,MIN,Anthony Edwards,1630162,1936,1,,9,-6,https://www.nba.com/game/0022000348/box-score
2021-02-05_OKC_MIN,0022000348,2021-02-05,OKC,MIN,MIN,D'Angelo Russell,1626156,1866,1,,21,-1,https://www.nba.com/game/0022000348/box-score
2021-02-05_OKC_MIN,0022000348,2021-02-05,OKC,MIN,MIN,Ed Davis,202334,0,0,DNP - Coach's Decision,0,0,https://www.nba.com/game/0022000348/box-score
2021-02-05_OKC_MIN,0022000348,2021-02-05,OKC,MIN,MIN,Jaden McDaniels,1630183,1717,0,,0,20,https://www.nba.com/game/0022000348/box-score
2021-02-05_OKC_MIN,0022000348,2021-02-05,OKC,MIN,MIN,Jake Layman,1627774,1066,0,,10,7,https://www.nba.com/game/0022000348/box-score
2021-02-05_OKC_MIN,0022000348,2021-02-05,OKC,MIN,MIN,Jarred Vanderbilt,1629020,1261,0,,8,9,https://www.nba.com/game/0022000348/box-score
2021-02-05_OKC_MIN,0022000348,2021-02-05,OKC,MIN,MIN,Jaylen Nowell,1629669,956,0,,14,16,https://www.nba.com/game/0022000348/box-score
2021-02-05_OKC_MIN,0022000348,2021-02-05,OKC,MIN,MIN,Josh Okogie,1629006,568,1,,0,-6,https://www.nba.com/game/0022000348/box-score
2021-02-05_OKC_MIN,0022000348,2021-02-05,OKC,MIN,MIN,Juancho Hernangomez,1627823,0,0,DNP - Coach's Decision,0,0,https://www.nba.com/game/0022000348/box-score
2021-02-05_OKC_MIN,0022000348,2021-02-05,OKC,MIN,MIN,Malik Beasley,1627736,1935,1,,24,-18,https://www.nba.com/game/0022000348/box-score
2021-02-05_OKC_MIN,0022000348,2021-02-05,OKC,MIN,MIN,Naz Reid,1629675,1662,1,,17,-8,https://www.nba.com/game/0022000348/box-score
2021-02-05_OKC_MIN,0022000348,2021-02-05,OKC,MIN,MIN,Ricky Rubio,201937,1433,0,,3,2,https://www.nba.com/game/0022000348/box-score
2021-02-05_OKC_MIN,0022000348,2021-02-05,OKC,MIN,OKC,Al Horford,201143,1743,1,,26,20,https://www.nba.com/game/0022000348/box-score
2021-02-05_OKC_MIN,0022000348,2021-02-05,OKC,MIN,OKC,Darius Bazley,1629647,2123,1,,12,1,https://www.nba.com/game/0022000348/box-score
2021-02-05_OKC_MIN,0022000348,2021-02-05,OKC,MIN,OKC,Darius Miller,203121,828,0,,9,-1,https://www.nba.com/game/0022000348/box-score
2021-02-05_OKC_MIN,0022000348,2021-02-05,OKC,MIN,OKC,George Hill,201588,0,0,DND - Injury/Illness,0,0,https://www.nba.com/game/0022000348/box-score
2021-02-05_OKC_MIN,0022000348,2021-02-05,OKC,MIN,OKC,Hamidou Diallo,1628977,2229,1,,16,-1,https://www.nba.com/game/0022000348/box-score
2021-02-05_OKC_MIN,0022000348,2021-02-05,OKC,MIN,OKC,Isaiah Roby,1629676,2011,1,,11,3,https://www.nba.com/game/0022000348/box-score
2021-02-05_OKC_MIN,0022000348,2021-02-05,OKC,MIN,OKC,Justin Jackson,1628382,1808,0,,7,-12,https://www.nba.com/game/0022000348/box-score
2021-02-05_OKC_MIN,0022000348,2021-02-05,OKC,MIN,OKC,Kenrich Williams,1629026,2186,1,,9,-11,https://www.nba.com/game/0022000348/box-score
2021-02-05_OKC_MIN,0022000348,2021-02-05,OKC,MIN,OKC,Luguentz Dort,1629652,0,0,DND - Injury/Illness,0,0,https://www.nba.com/game/0022000348/box-score
2021-02-05_OKC_MIN,0022000348,2021-02-05,OKC,MIN,OKC,Mike Muscala,203488,1472,0,,13,-14,https://www.nba.com/game/0022000348/box-score
2021-02-05_OKC_MIN,0022000348,2021-02-05,OKC,MIN,OKC,Shai Gilgeous-Alexander,1628983,0,0,DND - Injury/Illness,0,0,https://www.nba.com/game/0022000348/box-score
2021-02-05_OKC_MIN,0022000348,2021-02-05,OKC,MIN,OKC,Theo Maledon,1630177,0,0,NWT - Health and Safety Protocols,0,0,https://www.nba.com/game/0022000348/box-score
2021-02-06_OKC_MIN,0022000359,2021-02-06,OKC,MIN,MIN,Anthony Edwards,1630162,1875,1,,20,2,https://www.nba.com/game/0022000359/box-score
2021-02-06_OKC_MIN,0022000359,2021-02-06,OKC,MIN,MIN,Ed Davis,202334,207,0,,0,1,https://www.nba.com/game/0022000359/box-score
2021-02-06_OKC_MIN,0022000359,2021-02-06,OKC,MIN,MIN,Jaden McDaniels,1630183,1430,0,,8,6,https://www.nba.com/game/0022000359/box-score
2021-02-06_OKC_MIN,0022000359,2021-02-06,OKC,MIN,MIN,Jake Layman,1627774,1408,0,,16,-8,https://www.nba.com/game/0022000359/box-score
2021-02-06_OKC_MIN,0022000359,2021-02-06,OKC,MIN,MIN,Jarred Vanderbilt,1629020,1075,1,,2,6,https://www.nba.com/game/0022000359/box-score
2021-02-06_OKC_MIN,0022000359,2021-02-06,OKC,MIN,MIN,Jaylen Nowell,1629669,1341,0,,15,2,https://www.nba.com/game/0022000359/box-score
2021-02-06_OKC_MIN,0022000359,2021-02-06,OKC,MIN,MIN,Jordan McLaughlin,1629162,1420,0,,3,2,https://www.nba.com/game/0022000359/box-score
2021-02-06_OKC_MIN,0022000359,2021-02-06,OKC,MIN,MIN,Josh Okogie,1629006,528,0,,0,-10,https://www.nba.com/game/0022000359/box-score
2021-02-06_OKC_MIN,0022000359,2021-02-06,OKC,MIN,MIN,Juancho Hernangomez,1627823,0,0,DNP - Coach's Decision,0,0,https://www.nba.com/game/0022000359/box-score
2021-02-06_OKC_MIN,0022000359,2021-02-06,OKC,MIN,MIN,Malik Beasley,1627736,2032,1,,17,-3,https://www.nba.com/game/0022000359/box-score
2021-02-06_OKC_MIN,0022000359,2021-02-06,OKC,MIN,MIN,Naz Reid,1629675,1624,1,,29,-4,https://www.nba.com/game/0022000359/box-score
2021-02-06_OKC_MIN,0022000359,2021-02-06,OKC,MIN,MIN,Ricky Rubio,201937,1460,1,,8,-4,https://www.nba.com/game/0022000359/box-score
2021-02-06_OKC_MIN,0022000359,2021-02-06,OKC,MIN,OKC,Al Horford,201143,0,0,DND - Rest,0,0,https://www.nba.com/game/0022000359/box-score
2021-02-06_OKC_MIN,0022000359,2021-02-06,OKC,MIN,OKC,Darius Bazley,1629647,1559,1,,13,-11,https://www.nba.com/game/0022000359/box-score
2021-02-06_OKC_MIN,0022000359,2021-02-06,OKC,MIN,OKC,Darius Miller,203121,723,0,,3,2,https://www.nba.com/game/0022000359/box-score
2021-02-06_OKC_MIN,0022000359,2021-02-06,OKC,MIN,OKC,George Hill,201588,0,0,DND - Injury/Illness,0,0,https://www.nba.com/game/0022000359/box-score
2021-02-06_OKC_MIN,0022000359,2021-02-06,OKC,MIN,OKC,Hamidou Diallo,1628977,1878,0,,15,3,https://www.nba.com/game/0022000359/box-score
2021-02-06_OKC_MIN,0022000359,2021-02-06,OKC,MIN,OKC,Isaiah Roby,1629676,0,0,DND - Injury/Illness,0,0,https://www.nba.com/game/0022000359/box-score
2021-02-06_OKC_MIN,0022000359,2021-02-06,OKC,MIN,OKC,Justin Jackson,1628382,1169,0,,6,7,https://www.nba.com/game/0022000359/box-score
2021-02-06_OKC_MIN,0022000359,2021-02-06,OKC,MIN,OKC,Kenrich Williams,1629026,1826,1,,10,-1,https://www.nba.com/game/0022000359/box-score
2021-02-06_OKC_MIN,0022000359,2021-02-06,OKC,MIN,OKC,Luguentz Dort,1629652,1912,1,,10,2,https://www.nba.com/game/0022000359/box-score
2021-02-06_OKC_MIN,0022000359,2021-02-06,OKC,MIN,OKC,Mike Muscala,203488,1412,0,,22,6,https://www.nba.com/game/0022000359/box-score
2021-02-06_OKC_MIN,0022000359,2021-02-06,OKC,MIN,OKC,Shai Gilgeous-Alexander,1628983,2061,1,,31,7,https://www.nba.com/game/0022000359/box-score
2021-02-06_OKC_MIN,0022000359,2021-02-06,OKC,MIN,OKC,Theo Maledon,1630177,1860,1,,10,-5,https://www.nba.com/game/0022000359/box-score
2021-02-07_LAC_SAC,0022000366,2021-02-07,LAC,SAC,LAC,Ivica Zubac,1627826,1615,0,,12,4,https://www.nba.com/game/0022000366/box-score
2021-02-07_LAC_SAC,0022000366,2021-02-07,LAC,SAC,LAC,Kawhi Leonard,202695,2095,1,,20,-6,https://www.nba.com/game/0022000366/box-score
2021-02-07_LAC_SAC,0022000366,2021-02-07,LAC,SAC,LAC,Lou Williams,101150,1746,0,,23,6,https://www.nba.com/game/0022000366/box-score
2021-02-07_LAC_SAC,0022000366,2021-02-07,LAC,SAC,LAC,Luke Kennard,1628379,1157,1,,8,-9,https://www.nba.com/game/0022000366/box-score
2021-02-07_LAC_SAC,0022000366,2021-02-07,LAC,SAC,LAC,Marcus Morris Sr.,202694,1509,0,,16,9,https://www.nba.com/game/0022000366/box-score
2021-02-07_LAC_SAC,0022000366,2021-02-07,LAC,SAC,LAC,Mfiondu Kabengele,1629662,0,0,DNP - Coach's Decision,0,0,https://www.nba.com/game/0022000366/box-score
2021-02-07_LAC_SAC,0022000366,2021-02-07,LAC,SAC,LAC,Nicolas Batum,201587,1641,1,,5,-14,https://www.nba.com/game/0022000366/box-score
2021-02-07_LAC_SAC,0022000366,2021-02-07,LAC,SAC,LAC,Patrick Beverley,201976,0,0,DNP - Injury/Illness,0,0,https://www.nba.com/game/0022000366/box-score
2021-02-07_LAC_SAC,0022000366,2021-02-07,LAC,SAC,LAC,Patrick Patterson,202335,0,0,DNP - Coach's Decision,0,0,https://www.nba.com/game/0022000366/box-score
2021-02-07_LAC_SAC,0022000366,2021-02-07,LAC,SAC,LAC,Reggie Jackson,202704,1839,1,,14,-5,https://www.nba.com/game/0022000366/box-score
2021-02-07_LAC_SAC,0022000366,2021-02-07,LAC,SAC,LAC,Serge Ibaka,201586,1210,1,,6,-6,https://www.nba.com/game/0022000366/box-score
2021-02-07_LAC_SAC,0022000366,2021-02-07,LAC,SAC,LAC,Terance Mann,1629611,1589,0,,6,6,https://www.nba.com/game/0022000366/box-score
2021-02-07_LAC_SAC,0022000366,2021-02-07,LAC,SAC,SAC,Buddy Hield,1627741,2279,1,,22,7,https://www.nba.com/game/0022000366/box-score
2021-02-07_LAC_SAC,0022000366,2021-02-07,LAC,SAC,SAC,Chimezie Metu,1629002,106,0,,0,2,https://www.nba.com/game/0022000366/box-score
2021-02-07_LAC_SAC,0022000366,2021-02-07,LAC,SAC,SAC,Cory Joseph,202709,744,0,,2,-6,https://www.nba.com/game/0022000366/box-score
2021-02-07_LAC_SAC,0022000366,2021-02-07,LAC,SAC,SAC,De'Aaron Fox,1628368,2159,1,,36,7,https://www.nba.com/game/0022000366/box-score
2021-02-07_LAC_SAC,0022000366,2021-02-07,LAC,SAC,SAC,Glenn Robinson III,203922,747,0,,4,-8,https://www.nba.com/game/0022000366/box-score
2021-02-07_LAC_SAC,0022000366,2021-02-07,LAC,SAC,SAC,Harrison Barnes,203084,2110,1,,4,13,https://www.nba.com/game/0022000366/box-score
2021-02-07_LAC_SAC,0022000366,2021-02-07,LAC,SAC,SAC,Hassan Whiteside,202355,874,0,,6,-13,https://www.nba.com/game/0022000366/box-score
2021-02-07_LAC_SAC,0022000366,2021-02-07,LAC,SAC,SAC,Jabari Parker,203953,0,0,DNP - Coach's Decision,0,0,https://www.nba.com/game/0022000366/box-score
2021-02-07_LAC_SAC,0022000366,2021-02-07,LAC,SAC,SAC,Justin James,1629713,0,0,DNP - Coach's Decision,0,0,https://www.nba.com/game/0022000366/box-score
2021-02-07_LAC_SAC,0022000366,2021-02-07,LAC,SAC,SAC,Kyle Guy,1629657,596,0,,5,-1,https://www.nba.com/game/0022000366/box-score
2021-02-07_LAC_SAC,0022000366,2021-02-07,LAC,SAC,SAC,Marvin Bagley III,1628963,1254,1,,9,8,https://www.nba.com/game/0022000366/box-score
2021-02-07_LAC_SAC,0022000366,2021-02-07,LAC,SAC,SAC,Nemanja Bjelica,202357,0,0,DNP - Coach's Decision,0,0,https://www.nba.com/game/0022000366/box-score
2021-02-07_LAC_SAC,0022000366,2021-02-07,LAC,SAC,SAC,Richaun Holmes,1626158,1881,1,,12,13,https://www.nba.com/game/0022000366/box-score
2021-02-07_LAC_SAC,0022000366,2021-02-07,LAC,SAC,SAC,Tyrese Haliburton,1630169,1649,0,,13,-7,https://www.nba.com/game/0022000366/box-score
2021-02-09_MIA_NYK,0022000376,2021-02-09,MIA,NYK,MIA,Andre Iguodala,2738,1286,0,,0,-16,https://www.nba.com/game/0022000376/box-score
2021-02-09_MIA_NYK,0022000376,2021-02-09,MIA,NYK,MIA,Avery Bradley,202340,0,0,DND - Injury/Illness,0,0,https://www.nba.com/game/0022000376/box-score
2021-02-09_MIA_NYK,0022000376,2021-02-09,MIA,NYK,MIA,Bam Adebayo,1628389,2127,1,,19,-5,https://www.nba.com/game/0022000376/box-score
2021-02-09_MIA_NYK,0022000376,2021-02-09,MIA,NYK,MIA,Duncan Robinson,1629130,1970,1,,4,-12,https://www.nba.com/game/0022000376/box-score
2021-02-09_MIA_NYK,0022000376,2021-02-09,MIA,NYK,MIA,Gabe Vincent,1629216,301,0,,3,-16,https://www.nba.com/game/0022000376/box-score
2021-02-09_MIA_NYK,0022000376,2021-02-09,MIA,NYK,MIA,Goran Dragic,201609,0,0,DND - Injury/Illness,0,0,https://www.nba.com/game/0022000376/box-score
2021-02-09_MIA_NYK,0022000376,2021-02-09,MIA,NYK,MIA,Jimmy Butler,202710,2180,1,,26,25,https://www.nba.com/game/0022000376/box-score
2021-02-09_MIA_NYK,0022000376,2021-02-09,MIA,NYK,MIA,KZ Okpala,1629644,0,0,DNP - Coach's Decision,0,0,https://www.nba.com/game/0022000376/box-score
2021-02-09_MIA_NYK,0022000376,2021-02-09,MIA,NYK,MIA,Kelly Olynyk,203482,1839,1,,20,19,https://www.nba.com/game/0022000376/box-score
2021-02-09_MIA_NYK,0022000376,2021-02-09,MIA,NYK,MIA,Kendrick Nunn,1629134,1976,1,,11,8,https://www.nba.com/game/0022000376/box-score
2021-02-09_MIA_NYK,0022000376,2021-02-09,MIA,NYK,MIA,Maurice Harkless,203090,0,0,DND - Injury/Illness,0,0,https://www.nba.com/game/0022000376/box-score
2021-02-09_MIA_NYK,0022000376,2021-02-09,MIA,NYK,MIA,Max Strus,1629622,0,0,DNP - Coach's Decision,0,0,https://www.nba.com/game/0022000376/box-score
2021-02-09_MIA_NYK,0022000376,2021-02-09,MIA,NYK,MIA,Precious Achiuwa,1630173,566,0,,0,5,https://www.nba.com/game/0022000376/box-score
2021-02-09_MIA_NYK,0022000376,2021-02-09,MIA,NYK,MIA,Tyler Herro,1629639,2155,0,,15,2,https://www.nba.com/game/0022000376/box-score
2021-02-09_MIA_NYK,0022000376,2021-02-09,MIA,NYK,MIA,Udonis Haslem,2617,0,0,DNP - Coach's Decision,0,0,https://www.nba.com/game/0022000376/box-score
2021-02-09_MIA_NYK,0022000376,2021-02-09,MIA,NYK,NYK,Alec Burks,202692,1554,0,,11,9,https://www.nba.com/game/0022000376/box-score
2021-02-09_MIA_NYK,0022000376,2021-02-09,MIA,NYK,NYK,Austin Rivers,203085,0,0,DNP - Coach's Decision,0,0,https://www.nba.com/game/0022000376/box-score
2021-02-09_MIA_NYK,0022000376,2021-02-09,MIA,NYK,NYK,Derrick Rose,201565,1220,0,,14,6,https://www.nba.com/game/0022000376/box-score
2021-02-09_MIA_NYK,0022000376,2021-02-09,MIA,NYK,NYK,Elfrid Payton,203901,1596,1,,18,-9,https://www.nba.com/game/0022000376/box-score
2021-02-09_MIA_NYK,0022000376,2021-02-09,MIA,NYK,NYK,Immanuel Quickley,1630193,1284,0,,7,7,https://www.nba.com/game/0022000376/box-score
2021-02-09_MIA_NYK,0022000376,2021-02-09,MIA,NYK,NYK,Julius Randle,203944,2200,1,,12,-4,https://www.nba.com/game/0022000376/box-score
2021-02-09_MIA_NYK,0022000376,2021-02-09,MIA,NYK,NYK,Kevin Knox II,1628995,0,0,DNP - Coach's Decision,0,0,https://www.nba.com/game/0022000376/box-score
2021-02-09_MIA_NYK,0022000376,2021-02-09,MIA,NYK,NYK,Mitchell Robinson,1629011,1735,1,,2,-14,https://www.nba.com/game/0022000376/box-score
2021-02-09_MIA_NYK,0022000376,2021-02-09,MIA,NYK,NYK,Nerlens Noel,203457,1139,0,,6,12,https://www.nba.com/game/0022000376/box-score
2021-02-09_MIA_NYK,0022000376,2021-02-09,MIA,NYK,NYK,Obi Toppin,1630167,680,0,,4,2,https://www.nba.com/game/0022000376/box-score
2021-02-09_MIA_NYK,0022000376,2021-02-09,MIA,NYK,NYK,RJ Barrett,1629628,1602,1,,13,-9,https://www.nba.com/game/0022000376/box-score
2021-02-09_MIA_NYK,0022000376,2021-02-09,MIA,NYK,NYK,Reggie Bullock,203493,1390,1,,9,-10,https://www.nba.com/game/0022000376/box-score
2021-02-09_MIA_NYK,0022000376,2021-02-09,MIA,NYK,NYK,Taj Gibson,201959,0,0,DNP - Coach's Decision,0,0,https://www.nba.com/game/0022000376/box-score
2021-02-09_MIA_NYK,0022000376,2021-02-09,MIA,NYK,NYK,Theo Pinson,1629033,0,0,DNP - Coach's Decision,0,0,https://www.nba.com/game/0022000376/box-score
2021-02-10_PHX_MIL,0022000389,2021-02-10,PHX,MIL,MIL,Bobby Portis,1626171,1161,0,,12,-5,https://www.nba.com/game/0022000389/box-score
2021-02-10_PHX_MIL,0022000389,2021-02-10,PHX,MIL,MIL,Brook Lopez,201572,1873,1,,10,14,https://www.nba.com/game/0022000389/box-score
2021-02-10_PHX_MIL,0022000389,2021-02-10,PHX,MIL,MIL,Bryn Forbes,1627854,1814,1,,17,7,https://www.nba.com/game/0022000389/box-score
2021-02-10_PHX_MIL,0022000389,2021-02-10,PHX,MIL,MIL,D.J. Augustin,201571,1108,0,,6,-16,https://www.nba.com/game/0022000389/box-score
2021-02-10_PHX_MIL,0022000389,2021-02-10,PHX,MIL,MIL,D.J. Wilson,1628391,0,0,DNP - Coach's Decision,0,0,https://www.nba.com/game/0022000389/box-score
2021-02-10_PHX_MIL,0022000389,2021-02-10,PHX,MIL,MIL,Donte DiVincenzo,1628978,1899,1,,10,16,https://www.nba.com/game/0022000389/box-score
2021-02-10_PHX_MIL,0022000389,2021-02-10,PHX,MIL,MIL,Giannis Antetokounmpo,203507,2275,1,,47,-3,https://www.nba.com/game/0022000389/box-score
2021-02-10_PHX_MIL,0022000389,2021-02-10,PHX,MIL,MIL,Jaylen Adams,1629121,0,0,DNP - Coach's Decision,0,0,https://www.nba.com/game/0022000389/box-score
2021-02-10_PHX_MIL,0022000389,2021-02-10,PHX,MIL,MIL,Khris Middleton,203114,2136,1,,18,-4,https://www.nba.com/game/0022000389/box-score
2021-02-10_PHX_MIL,0022000389,2021-02-10,PHX,MIL,MIL,Pat Connaughton,1626192,1254,0,,0,-1,https://www.nba.com/game/0022000389/box-score
2021-02-10_PHX_MIL,0022000389,2021-02-10,PHX,MIL,MIL,Thanasis Antetokounmpo,203648,0,0,DNP - Coach's Decision,0,0,https://www.nba.com/game/0022000389/box-score
2021-02-10_PHX_MIL,0022000389,2021-02-10,PHX,MIL,MIL,Torrey Craig,1628470,883,0,,4,-13,https://www.nba.com/game/0022000389/box-score
2021-02-10_PHX_MIL,0022000389,2021-02-10,PHX,MIL,PHX,Abdel Nader,1627846,0,0,DND - Injury/Illness,0,0,https://www.nba.com/game/0022000389/box-score
2021-02-10_PHX_MIL,0022000389,2021-02-10,PHX,MIL,PHX,Cameron Johnson,1629661,1229,0,,9,3,https://www.nba.com/game/0022000389/box-score
2021-02-10_PHX_MIL,0022000389,2021-02-10,PHX,MIL,PHX,Cameron Payne,1626166,0,0,DND - Injury/Illness,0,0,https://www.nba.com/game/0022000389/box-score
2021-02-10_PHX_MIL,0022000389,2021-02-10,PHX,MIL,PHX,Chris Paul,101108,1946,1,,28,-3,https://www.nba.com/game/0022000389/box-score
2021-02-10_PHX_MIL,0022000389,2021-02-10,PHX,MIL,PHX,Damian Jones,1627745,0,0,DNP - Coach's Decision,0,0,https://www.nba.com/game/0022000389/box-score
2021-02-10_PHX_MIL,0022000389,2021-02-10,PHX,MIL,PHX,Dario Saric,203967,0,0,DND - Injury/Illness,0,0,https://www.nba.com/game/0022000389/box-score
2021-02-10_PHX_MIL,0022000389,2021-02-10,PHX,MIL,PHX,Deandre Ayton,1629028,1790,1,,17,-4,https://www.nba.com/game/0022000389/box-score
2021-02-10_PHX_MIL,0022000389,2021-02-10,PHX,MIL,PHX,Devin Booker,1626164,2344,1,,30,7,https://www.nba.com/game/0022000389/box-score
2021-02-10_PHX_MIL,0022000389,2021-02-10,PHX,MIL,PHX,E'Twaun Moore,202734,1122,0,,6,10,https://www.nba.com/game/0022000389/box-score
2021-02-10_PHX_MIL,0022000389,2021-02-10,PHX,MIL,PHX,Frank Kaminsky,1626163,2085,1,,14,3,https://www.nba.com/game/0022000389/box-score
2021-02-10_PHX_MIL,0022000389,2021-02-10,PHX,MIL,PHX,Jae Crowder,203109,1585,0,,6,2,https://www.nba.com/game/0022000389/box-score
2021-02-10_PHX_MIL,0022000389,2021-02-10,PHX,MIL,PHX,Jalen Smith,1630188,0,0,DNP - Coach's Decision,0,0,https://www.nba.com/game/0022000389/box-score
2021-02-10_PHX_MIL,0022000389,2021-02-10,PHX,MIL,PHX,Jevon Carter,1628975,0,0,DNP - Coach's Decision,0,0,https://www.nba.com/game/0022000389/box-score
2021-02-10_PHX_MIL,0022000389,2021-02-10,PHX,MIL,PHX,Langston Galloway,204038,344,0,,0,-10,https://www.nba.com/game/0022000389/box-score
2021-02-10_PHX_MIL,0022000389,2021-02-10,PHX,MIL,PHX,Mikal Bridges,1628969,1955,1,,15,-3,https://www.nba.com/game/0022000389/box-score
2021-02-12_DEN_OKC,0022000401,2021-02-12,DEN,OKC,DEN,Bol Bol,1629626,0,0,DNP - Coach's Decision,0,0,https://www.nba.com/game/0022000401/box-score
2021-02-12_DEN_OKC,0022000401,2021-02-12,DEN,OKC,DEN,Facundo Campazzo,1630267,372,0,,0,-10,https://www.nba.com/game/0022000401/box-score
2021-02-12_DEN_OKC,0022000401,2021-02-12,DEN,OKC,DEN,Isaiah Hartenstein,1628392,0,0,DNP - Coach's Decision,0,0,https://www.nba.com/game/0022000401/box-score
2021-02-12_DEN_OKC,0022000401,2021-02-12,DEN,OKC,DEN,JaMychal Green,203210,978,0,,2,-5,https://www.nba.com/game/0022000401/box-score
2021-02-12_DEN_OKC,0022000401,2021-02-12,DEN,OKC,DEN,Jamal Murray,1627750,2275,1,,22,16,https://www.nba.com/game/0022000401/box-score
2021-02-12_DEN_OKC,0022000401,2021-02-12,DEN,OKC,DEN,Markus Howard,1630210,0,0,DNP - Coach's Decision,0,0,https://www.nba.com/game/0022000401/box-score
2021-02-12_DEN_OKC,0022000401,2021-02-12,DEN,OKC,DEN,Michael Porter Jr.,1629008,1885,1,,15,9,https://www.nba.com/game/0022000401/box-score
2021-02-12_DEN_OKC,0022000401,2021-02-12,DEN,OKC,DEN,Monte Morris,1628420,1066,0,,7,-13,https://www.nba.com/game/0022000401/box-score
2021-02-12_DEN_OKC,0022000401,2021-02-12,DEN,OKC,DEN,Nikola Jokic,203999,2198,1,,22,5,https://www.nba.com/game/0022000401/box-score
2021-02-12_DEN_OKC,0022000401,2021-02-12,DEN,OKC,DEN,Paul Millsap,200794,1985,1,,12,13,https://www.nba.com/game/0022000401/box-score
2021-02-12_DEN_OKC,0022000401,2021-02-12,DEN,OKC,DEN,R.J. Hampton,1630181,1133,0,,7,-10,https://www.nba.com/game/0022000401/box-score
2021-02-12_DEN_OKC,0022000401,2021-02-12,DEN,OKC,DEN,Vlatko Cancar,1628427,0,0,DNP - Coach's Decision,0,0,https://www.nba.com/game/0022000401/box-score
2021-02-12_DEN_OKC,0022000401,2021-02-12,DEN,OKC,DEN,Will Barton,203115,2138,1,,10,15,https://www.nba.com/game/0022000401/box-score
2021-02-12_DEN_OKC,0022000401,2021-02-12,DEN,OKC,DEN,Zeke Nnaji,1630192,372,0,,0,-10,https://www.nba.com/game/0022000401/box-score
2021-02-12_DEN_OKC,0022000401,2021-02-12,DEN,OKC,OKC,Al Horford,201143,1689,1,,16,-6,https://www.nba.com/game/0022000401/box-score
2021-02-12_DEN_OKC,0022000401,2021-02-12,DEN,OKC,OKC,Darius Bazley,1629647,1743,1,,7,-7,https://www.nba.com/game/0022000401/box-score
2021-02-12_DEN_OKC,0022000401,2021-02-12,DEN,OKC,OKC,Darius Miller,203121,633,0,,0,11,https://www.nba.com/game/0022000401/box-score
2021-02-12_DEN_OKC,0022000401,2021-02-12,DEN,OKC,OKC,George Hill,201588,0,0,DNP - Injury/Illness,0,0,https://www.nba.com/game/0022000401/box-score
2021-02-12_DEN_OKC,0022000401,2021-02-12,DEN,OKC,OKC,Hamidou Diallo,1628977,2197,1,,16,-6,https://www.nba.com/game/0022000401/box-score
2021-02-12_DEN_OKC,0022000401,2021-02-12,DEN,OKC,OKC,Isaiah Roby,1629676,1141,0,,7,4,https://www.nba.com/game/0022000401/box-score
2021-02-12_DEN_OKC,0022000401,2021-02-12,DEN,OKC,OKC,Justin Jackson,1628382,1672,0,,20,2,https://www.nba.com/game/0022000401/box-score
2021-02-12_DEN_OKC,0022000401,2021-02-12,DEN,OKC,OKC,Kenrich Williams,1629026,2149,1,,7,-14,https://www.nba.com/game/0022000401/box-score
2021-02-12_DEN_OKC,0022000401,2021-02-12,DEN,OKC,OKC,Luguentz Dort,1629652,1835,1,,15,-2,https://www.nba.com/game/0022000401/box-score
2021-02-12_DEN_OKC,0022000401,2021-02-12,DEN,OKC,OKC,Mike Muscala,203488,1341,0,,7,8,https://www.nba.com/game/0022000401/box-score
2021-02-12_DEN_OKC,0022000401,2021-02-12,DEN,OKC,OKC,Shai Gilgeous-Alexander,1628983,0,0,DNP - Injury/Illness,0,0,https://www.nba.com/game/0022000401/box-score
2021-02-12_DEN_OKC,0022000401,2021-02-12,DEN,OKC,OKC,Theo Maledon,1630177,0,0,NWT - Health and Safety Protocols,0,0,https://www.nba.com/game/0022000401/box-score
2021-02-23_CLE_ATL,0022000480,2021-02-23,CLE,ATL,ATL,Brandon Goodwin,1629164,0,0,DNP - Coach's Decision,0,0,https://www.nba.com/game/0022000480/box-score
2021-02-23_CLE_ATL,0022000480,2021-02-23,CLE,ATL,ATL,Bruno Fernando,1628981,0,0,DNP - Coach's Decision,0,0,https://www.nba.com/game/0022000480/box-score
2021-02-23_CLE_ATL,0022000480,2021-02-23,CLE,ATL,ATL,Clint Capela,203991,2218,1,,12,17,https://www.nba.com/game/0022000480/box-score
2021-02-23_CLE_ATL,0022000480,2021-02-23,CLE,ATL,ATL,Danilo Gallinari,201568,1394,0,,5,-10,https://www.nba.com/game/0022000480/box-score
2021-02-23_CLE_ATL,0022000480,2021-02-23,CLE,ATL,ATL,John Collins,1628381,809,1,,13,4,https://www.nba.com/game/0022000480/box-score
2021-02-23_CLE_ATL,0022000480,2021-02-23,CLE,ATL,ATL,Kevin Huerter,1628989,2228,1,,22,21,https://www.nba.com/game/0022000480/box-score
2021-02-23_CLE_ATL,0022000480,2021-02-23,CLE,ATL,ATL,Nathan Knight,1630233,0,0,DNP - Coach's Decision,0,0,https://www.nba.com/game/0022000480/box-score
2021-02-23_CLE_ATL,0022000480,2021-02-23,CLE,ATL,ATL,Onyeka Okongwu,1630168,610,0,,0,-10,https://www.nba.com/game/0022000480/box-score
2021-02-23_CLE_ATL,0022000480,2021-02-23,CLE,ATL,ATL,Rajon Rondo,200765,855,0,,7,-18,https://www.nba.com/game/0022000480/box-score
2021-02-23_CLE_ATL,0022000480,2021-02-23,CLE,ATL,ATL,Skylar Mays,1630219,704,0,,5,-5,https://www.nba.com/game/0022000480/box-score
2021-02-23_CLE_ATL,0022000480,2021-02-23,CLE,ATL,ATL,Solomon Hill,203524,1343,0,,8,-23,https://www.nba.com/game/0022000480/box-score
2021-02-23_CLE_ATL,0022000480,2021-02-23,CLE,ATL,ATL,Tony Snell,203503,1964,1,,11,12,https://www.nba.com/game/0022000480/box-score
2021-02-23_CLE_ATL,0022000480,2021-02-23,CLE,ATL,ATL,Trae Young,1629027,2276,1,,28,7,https://www.nba.com/game/0022000480/box-score
2021-02-23_CLE_ATL,0022000480,2021-02-23,CLE,ATL,CLE,Cedi Osman,1626224,1197,0,,11,10,https://www.nba.com/game/0022000480/box-score
2021-02-23_CLE_ATL,0022000480,2021-02-23,CLE,ATL,CLE,Collin Sexton,1629012,2030,1,,29,-9,https://www.nba.com/game/0022000480/box-score
2021-02-23_CLE_ATL,0022000480,2021-02-23,CLE,ATL,CLE,Damyean Dotson,1628422,0,0,DNP - Coach's Decision,0,0,https://www.nba.com/game/0022000480/box-score
2021-02-23_CLE_ATL,0022000480,2021-02-23,CLE,ATL,CLE,Darius Garland,1629636,2552,1,,17,1,https://www.nba.com/game/0022000480/box-score
2021-02-23_CLE_ATL,0022000480,2021-02-23,CLE,ATL,CLE,Dean Wade,1629731,1248,1,,5,-14,https://www.nba.com/game/0022000480/box-score
2021-02-23_CLE_ATL,0022000480,2021-02-23,CLE,ATL,CLE,Dylan Windler,1629685,1313,0,,15,10,https://www.nba.com/game/0022000480/box-score
2021-02-23_CLE_ATL,0022000480,2021-02-23,CLE,ATL,CLE,Isaac Okoro,1630171,2223,1,,8,-6,https://www.nba.com/game/0022000480/box-score
2021-02-23_CLE_ATL,0022000480,2021-02-23,CLE,ATL,CLE,JaVale McGee,201580,866,0,,6,6,https://www.nba.com/game/0022000480/box-score
2021-02-23_CLE_ATL,0022000480,2021-02-23,CLE,ATL,CLE,Jarrett Allen,1628386,2014,1,,13,-5,https://www.nba.com/game/0022000480/box-score
2021-02-23_CLE_ATL,0022000480,2021-02-23,CLE,ATL,CLE,Lamar Stevens,1630205,958,0,,8,12,https://www.nba.com/game/0022000480/box-score
2021-02-23_CLE_ATL,0022000480,2021-02-23,CLE,ATL,CLE,Larry Nance Jr.,1626204,0,0,DND - Injury/Illness,0,0,https://www.nba.com/game/0022000480/box-score
2021-02-23_CLE_ATL,0022000480,2021-02-23,CLE,ATL,CLE,Taurean Prince,1627752,0,0,DND - Injury/Illness,0,0,https://www.nba.com/game/0022000480/box-score
2021-02-24_OKC_SAS,0022000495,2021-02-24,OKC,SAS,OKC,Al Horford,201143,1779,1,,16,10,https://www.nba.com/game/0022000495/box-score
2021-02-24_OKC_SAS,0022000495,2021-02-24,OKC,SAS,OKC,Darius Bazley,1629647,1818,1,,0,11,https://www.nba.com/game/0022000495/box-score
2021-02-24_OKC_SAS,0022000495,2021-02-24,OKC,SAS,OKC,Darius Miller,203121,0,0,DNP - Coach's Decision,0,0,https://www.nba.com/game/0022000495/box-score
2021-02-24_OKC_SAS,0022000495,2021-02-24,OKC,SAS,OKC,George Hill,201588,0,0,DND - Injury/Illness,0,0,https://www.nba.com/game/0022000495/box-score
2021-02-24_OKC_SAS,0022000495,2021-02-24,OKC,SAS,OKC,Hamidou Diallo,1628977,647,0,,5,-5,https://www.nba.com/game/0022000495/box-score
2021-02-24_OKC_SAS,0022000495,2021-02-24,OKC,SAS,OKC,Isaiah Roby,1629676,1021,0,,5,-10,https://www.nba.com/game/0022000495/box-score
2021-02-24_OKC_SAS,0022000495,2021-02-24,OKC,SAS,OKC,Justin Jackson,1628382,796,0,,5,-2,https://www.nba.com/game/0022000495/box-score
2021-02-24_OKC_SAS,0022000495,2021-02-24,OKC,SAS,OKC,Kenrich Williams,1629026,1081,0,,3,-6,https://www.nba.com/game/0022000495/box-score
2021-02-24_OKC_SAS,0022000495,2021-02-24,OKC,SAS,OKC,Luguentz Dort,1629652,1844,1,,16,6,https://www.nba.com/game/0022000495/box-score
2021-02-24_OKC_SAS,0022000495,2021-02-24,OKC,SAS,OKC,Mike Muscala,203488,1049,0,,7,-11,https://www.nba.com/game/0022000495/box-score
2021-02-24_OKC_SAS,0022000495,2021-02-24,OKC,SAS,OKC,Shai Gilgeous-Alexander,1628983,2281,1,,42,15,https://www.nba.com/game/0022000495/box-score
2021-02-24_OKC_SAS,0022000495,2021-02-24,OKC,SAS,OKC,Theo Maledon,1630177,2084,1,,3,7,https://www.nba.com/game/0022000495/box-score
2021-02-24_OKC_SAS,0022000495,2021-02-24,OKC,SAS,SAS,DeMar DeRozan,201942,0,0,DNP - Personal,0,0,https://www.nba.com/game/0022000495/box-score
2021-02-24_OKC_SAS,0022000495,2021-02-24,OKC,SAS,SAS,Dejounte Murray,1627749,1897,1,,27,8,https://www.nba.com/game/0022000495/box-score
2021-02-24_OKC_SAS,0022000495,2021-02-24,OKC,SAS,SAS,Derrick White,1628401,0,0,NWT - Health and Safety Protocols,0,0,https://www.nba.com/game/0022000495/box-score
2021-02-24_OKC_SAS,0022000495,2021-02-24,OKC,SAS,SAS,Drew Eubanks,1629234,549,0,,2,10,https://www.nba.com/game/0022000495/box-score
2021-02-24_OKC_SAS,0022000495,2021-02-24,OKC,SAS,SAS,Jakob Poeltl,1627751,2111,1,,7,-15,https://www.nba.com/game/0022000495/box-score
2021-02-24_OKC_SAS,0022000495,2021-02-24,OKC,SAS,SAS,Keita Bates-Diop,1628966,1200,0,,9,-1,https://www.nba.com/game/0022000495/box-score
2021-02-24_OKC_SAS,0022000495,2021-02-24,OKC,SAS,SAS,LaMarcus Aldridge,200746,1546,0,,11,9,https://www.nba.com/game/0022000495/box-score
2021-02-24_OKC_SAS,0022000495,2021-02-24,OKC,SAS,SAS,Lonnie Walker IV,1629022,2003,1,,12,-7,https://www.nba.com/game/0022000495/box-score
2021-02-24_OKC_SAS,0022000495,2021-02-24,OKC,SAS,SAS,Luka Samanic,1629677,1124,1,,4,-4,https://www.nba.com/game/0022000495/box-score
2021-02-24_OKC_SAS,0022000495,2021-02-24,OKC,SAS,SAS,Patty Mills,201988,1662,0,,15,-1,https://www.nba.com/game/0022000495/box-score
2021-02-24_OKC_SAS,0022000495,2021-02-24,OKC,SAS,SAS,Tre Jones,1630200,733,0,,4,-6,https://www.nba.com/game/0022000495/box-score
2021-02-24_OKC_SAS,0022000495,2021-02-24,OKC,SAS,SAS,Trey Lyles,1626168,1576,1,,8,-8,https://www.nba.com/game/0022000495/box-score
2021-02-26_DET_SAC,0022000504,2021-02-26,DET,SAC,DET,Deividas Sirvydis,1629686,0,0,DNP - Coach's Decision,0,0,https://www.nba.com/game/0022000504/box-score
2021-02-26_DET_SAC,0022000504,2021-02-26,DET,SAC,DET,Dennis Smith Jr.,1628372,1593,1,,17,-7,https://www.nba.com/game/0022000504/box-score
2021-02-26_DET_SAC,0022000504,2021-02-26,DET,SAC,DET,Isaiah Stewart,1630191,1285,0,,6,19,https://www.nba.com/game/0022000504/box-score
2021-02-26_DET_SAC,0022000504,2021-02-26,DET,SAC,DET,Jerami Grant,203924,2316,1,,30,-4,https://www.nba.com/game/0022000504/box-score
2021-02-26_DET_SAC,0022000504,2021-02-26,DET,SAC,DET,Josh Jackson,1628367,1708,0,,14,10,https://www.nba.com/game/0022000504/box-score
2021-02-26_DET_SAC,0022000504,2021-02-26,DET,SAC,DET,Mason Plumlee,203486,1595,1,,6,-22,https://www.nba.com/game/0022000504/box-score
2021-02-26_DET_SAC,0022000504,2021-02-26,DET,SAC,DET,Rodney McGruder,203585,0,0,DNP - Coach's Decision,0,0,https://www.nba.com/game/0022000504/box-score
2021-02-26_DET_SAC,0022000504,2021-02-26,DET,SAC,DET,Saben Lee,1630240,1286,0,,8,2,https://www.nba.com/game/0022000504/box-score
2021-02-26_DET_SAC,0022000504,2021-02-26,DET,SAC,DET,Saddiq Bey,1630180,1927,1,,17,-9,https://www.nba.com/game/0022000504/box-score
2021-02-26_DET_SAC,0022000504,2021-02-26,DET,SAC,DET,Sekou Doumbouya,1629635,564,0,,0,1,https://www.nba.com/game/0022000504/box-score
2021-02-26_DET_SAC,0022000504,2021-02-26,DET,SAC,DET,Svi Mykhailiuk,1629004,1114,0,,6,7,https://www.nba.com/game/0022000504/box-score
2021-02-26_DET_SAC,0022000504,2021-02-26,DET,SAC,DET,Wayne Ellington,201961,1012,1,,3,-12,https://www.nba.com/game/0022000504/box-score
2021-02-26_DET_SAC,0022000504,2021-02-26,DET,SAC,SAC,Buddy Hield,1627741,2260,1,,14,2,https://www.nba.com/game/0022000504/box-score
2021-02-26_DET_SAC,0022000504,2021-02-26,DET,SAC,SAC,Cory Joseph,202709,1104,0,,0,-12,https://www.nba.com/game/0022000504/box-score
2021-02-26_DET_SAC,0022000504,2021-02-26,DET,SAC,SAC,DaQuan Jeffries,1629610,866,0,,2,-5,https://www.nba.com/game/0022000504/box-score
2021-02-26_DET_SAC,0022000504,2021-02-26,DET,SAC,SAC,De'Aaron Fox,1628368,2304,1,,27,10,https://www.nba.com/game/0022000504/box-score
2021-02-26_DET_SAC,0022000504,2021-02-26,DET,SAC,SAC,Harrison Barnes,203084,2425,1,,21,6,https://www.nba.com/game/0022000504/box-score
2021-02-26_DET_SAC,0022000504,2021-02-26,DET,SAC,SAC,Jabari Parker,203953,0,0,NWT - Health and Safety Protocols,0,0,https://www.nba.com/game/0022000504/box-score
2021-02-26_DET_SAC,0022000504,2021-02-26,DET,SAC,SAC,Justin James,1629713,195,0,,0,-5,https://www.nba.com/game/0022000504/box-score
2021-02-26_DET_SAC,0022000504,2021-02-26,DET,SAC,SAC,Kyle Guy,1629657,873,0,,0,-1,https://www.nba.com/game/0022000504/box-score
2021-02-26_DET_SAC,0022000504,2021-02-26,DET,SAC,SAC,Marvin Bagley III,1628963,1659,1,,19,-7,https://www.nba.com/game/0022000504/box-score
2021-02-26_DET_SAC,0022000504,2021-02-26,DET,SAC,SAC,Nemanja Bjelica,202357,726,0,,8,8,https://www.nba.com/game/0022000504/box-score
2021-02-26_DET_SAC,0022000504,2021-02-26,DET,SAC,SAC,Norvel Pelle,203658,0,0,DNP - Coach's Decision,0,0,https://www.nba.com/game/0022000504/box-score
2021-02-26_DET_SAC,0022000504,2021-02-26,DET,SAC,SAC,Richaun Holmes,1626158,1989,1,,19,19,https://www.nba.com/game/0022000504/box-score
2021-02-27_NYK_IND,0022000515,2021-02-27,NYK,IND,IND,Aaron Holiday,1628988,1146,0,,7,-2,https://www.nba.com/game/0022000515/box-score
2021-02-27_NYK_IND,0022000515,2021-02-27,NYK,IND,IND,Domantas Sabonis,1627734,2187,1,,15,-1,https://www.nba.com/game/0022000515/box-score
2021-02-27_NYK_IND,0022000515,2021-02-27,NYK,IND,IND,Doug McDermott,203926,1345,1,,20,-8,https://www.nba.com/game/0022000515/box-score
2021-02-27_NYK_IND,0022000515,2021-02-27,NYK,IND,IND,Edmond Sumner,1628410,1025,0,,9,-2,https://www.nba.com/game/0022000515/box-score
2021-02-27_NYK_IND,0022000515,2021-02-27,NYK,IND,IND,Goga Bitadze,1629048,683,0,,5,10,https://www.nba.com/game/0022000515/box-score
2021-02-27_NYK_IND,0022000515,2021-02-27,NYK,IND,IND,JaKarr Sampson,203960,630,0,,2,4,https://www.nba.com/game/0022000515/box-score
2021-02-27_NYK_IND,0022000515,2021-02-27,NYK,IND,IND,Jeremy Lamb,203087,725,0,,8,3,https://www.nba.com/game/0022000515/box-score
2021-02-27_NYK_IND,0022000515,2021-02-27,NYK,IND,IND,Justin Holiday,203200,1888,1,,13,-14,https://www.nba.com/game/0022000515/box-score
2021-02-27_NYK_IND,0022000515,2021-02-27,NYK,IND,IND,Kelan Martin,1629103,0,0,DNP - Coach's Decision,0,0,https://www.nba.com/game/0022000515/box-score
2021-02-27_NYK_IND,0022000515,2021-02-27,NYK,IND,IND,Malcolm Brogdon,1627763,0,0,DND - Injury/Illness,0,0,https://www.nba.com/game/0022000515/box-score
2021-02-27_NYK_IND,0022000515,2021-02-27,NYK,IND,IND,Myles Turner,1626167,1992,1,,11,-6,https://www.nba.com/game/0022000515/box-score
2021-02-27_NYK_IND,0022000515,2021-02-27,NYK,IND,IND,T.J. McConnell,204456,2780,1,,17,1,https://www.nba.com/game/0022000515/box-score
2021-02-27_NYK_IND,0022000515,2021-02-27,NYK,IND,NYK,Alec Burks,202692,1289,0,,5,-4,https://www.nba.com/game/0022000515/box-score
2021-02-27_NYK_IND,0022000515,2021-02-27,NYK,IND,NYK,Austin Rivers,203085,0,0,DNP - Coach's Decision,0,0,https://www.nba.com/game/0022000515/box-score
2021-02-27_NYK_IND,0022000515,2021-02-27,NYK,IND,NYK,Derrick Rose,201565,2262,1,,17,11,https://www.nba.com/game/0022000515/box-score
2021-02-27_NYK_IND,0022000515,2021-02-27,NYK,IND,NYK,Frank Ntilikina,1628373,655,0,,5,-8,https://www.nba.com/game/0022000515/box-score
2021-02-27_NYK_IND,0022000515,2021-02-27,NYK,IND,NYK,Immanuel Quickley,1630193,794,0,,10,-6,https://www.nba.com/game/0022000515/box-score
2021-02-27_NYK_IND,0022000515,2021-02-27,NYK,IND,NYK,Julius Randle,203944,2491,1,,28,2,https://www.nba.com/game/0022000515/box-score
2021-02-27_NYK_IND,0022000515,2021-02-27,NYK,IND,NYK,Kevin Knox II,1628995,146,0,,0,8,https://www.nba.com/game/0022000515/box-score
2021-02-27_NYK_IND,0022000515,2021-02-27,NYK,IND,NYK,Nerlens Noel,203457,2475,1,,8,-2,https://www.nba.com/game/0022000515/box-score
2021-02-27_NYK_IND,0022000515,2021-02-27,NYK,IND,NYK,Obi Toppin,1630167,360,0,,2,3,https://www.nba.com/game/0022000515/box-score
2021-02-27_NYK_IND,0022000515,2021-02-27,NYK,IND,NYK,RJ Barrett,1629628,2057,1,,24,14,https://www.nba.com/game/0022000515/box-score
2021-02-27_NYK_IND,0022000515,2021-02-27,NYK,IND,NYK,Reggie Bullock,203493,1612,1,,9,0,https://www.nba.com/game/0022000515/box-score
2021-02-27_NYK_IND,0022000515,2021-02-27,NYK,IND,NYK,Taj Gibson,201959,259,0,,2,-3,https://www.nba.com/game/0022000515/box-score
2021-02-27_NYK_IND,0022000515,2021-02-27,NYK,IND,NYK,Theo Pinson,1629033,0,0,DNP - Coach's Decision,0,0,https://www.nba.com/game/0022000515/box-score
2021-02-27_PHI_CLE,0022000513,2021-02-27,PHI,CLE,CLE,Cedi Osman,1626224,0,0,DND - Injury/Illness,0,0,https://www.nba.com/game/0022000513/box-score
2021-02-27_PHI_CLE,0022000513,2021-02-27,PHI,CLE,CLE,Collin Sexton,1629012,2670,1,,28,1,https://www.nba.com/game/0022000513/box-score
2021-02-27_PHI_CLE,0022000513,2021-02-27,PHI,CLE,CLE,Damyean Dotson,1628422,1120,0,,10,9,https://www.nba.com/game/0022000513/box-score
2021-02-27_PHI_CLE,0022000513,2021-02-27,PHI,CLE,CLE,Darius Garland,1629636,2529,1,,25,-1,https://www.nba.com/game/0022000513/box-score
2021-02-27_PHI_CLE,0022000513,2021-02-27,PHI,CLE,CLE,Dean Wade,1629731,1648,1,,6,7,https://www.nba.com/game/0022000513/box-score
2021-02-27_PHI_CLE,0022000513,2021-02-27,PHI,CLE,CLE,Dylan Windler,1629685,1532,0,,8,0,https://www.nba.com/game/0022000513/box-score
2021-02-27_PHI_CLE,0022000513,2021-02-27,PHI,CLE,CLE,Isaac Okoro,1630171,2064,1,,15,-1,https://www.nba.com/game/0022000513/box-score
2021-02-27_PHI_CLE,0022000513,2021-02-27,PHI,CLE,CLE,JaVale McGee,201580,983,0,,6,4,https://www.nba.com/game/0022000513/box-score
2021-02-27_PHI_CLE,0022000513,2021-02-27,PHI,CLE,CLE,Jarrett Allen,1628386,2190,1,,14,-3,https://www.nba.com/game/0022000513/box-score
2021-02-27_PHI_CLE,0022000513,2021-02-27,PHI,CLE,CLE,Lamar Stevens,1630205,1165,0,,0,-1,https://www.nba.com/game/0022000513/box-score
2021-02-27_PHI_CLE,0022000513,2021-02-27,PHI,CLE,CLE,Larry Nance Jr.,1626204,0,0,DNP - Injury/Illness,0,0,https://www.nba.com/game/0022000513/box-score
2021-02-27_PHI_CLE,0022000513,2021-02-27,PHI,CLE,CLE,Taurean Prince,1627752,0,0,NWT - Not With Team,0,0,https://www.nba.com/game/0022000513/box-score
2021-02-27_PHI_CLE,0022000513,2021-02-27,PHI,CLE,PHI,Ben Simmons,1627732,2447,1,,24,-3,https://www.nba.com/game/0022000513/box-score
2021-02-27_PHI_CLE,0022000513,2021-02-27,PHI,CLE,PHI,Danny Green,201980,2201,1,,9,-1,https://www.nba.com/game/0022000513/box-score
2021-02-27_PHI_CLE,0022000513,2021-02-27,PHI,CLE,PHI,Dwight Howard,2730,751,0,,1,-8,https://www.nba.com/game/0022000513/box-score
2021-02-27_PHI_CLE,0022000513,2021-02-27,PHI,CLE,PHI,Furkan Korkmaz,1627788,1174,1,,8,-3,https://www.nba.com/game/0022000513/box-score
2021-02-27_PHI_CLE,0022000513,2021-02-27,PHI,CLE,PHI,Isaiah Joe,1630198,0,0,DNP - Coach's Decision,0,0,https://www.nba.com/game/0022000513/box-score
2021-02-27_PHI_CLE,0022000513,2021-02-27,PHI,CLE,PHI,Joel Embiid,203954,2429,1,,42,5,https://www.nba.com/game/0022000513/box-score
2021-02-27_PHI_CLE,0022000513,2021-02-27,PHI,CLE,PHI,Matisse Thybulle,1629680,1047,0,,5,-6,https://www.nba.com/game/0022000513/box-score
2021-02-27_PHI_CLE,0022000513,2021-02-27,PHI,CLE,PHI,Mike Scott,203118,1143,0,,5,-1,https://www.nba.com/game/0022000513/box-score
2021-02-27_PHI_CLE,0022000513,2021-02-27,PHI,CLE,PHI,Seth Curry,203552,2330,1,,4,7,https://www.nba.com/game/0022000513/box-score
2021-02-27_PHI_CLE,0022000513,2021-02-27,PHI,CLE,PHI,Shake Milton,1629003,1901,0,,11,-5,https://www.nba.com/game/0022000513/box-score
2021-02-27_PHI_CLE,0022000513,2021-02-27,PHI,CLE,PHI,Terrance Ferguson,1628390,0,0,DNP - Coach's Decision,0,0,https://www.nba.com/game/0022000513/box-score
2021-02-27_PHI_CLE,0022000513,2021-02-27,PHI,CLE,PHI,Tony Bradley,1628396,0,0,DNP - Coach's Decision,0,0,https://www.nba.com/game/0022000513/box-score
2021-02-27_PHI_CLE,0022000513,2021-02-27,PHI,CLE,PHI,Tyrese Maxey,1630178,477,0,,0,0,https://www.nba.com/game/0022000513/box-score
2021-02-27_PHI_CLE,0022000513,2021-02-27,PHI,CLE,PHI,Vincent Poirier,1629738,0,0,DNP - Coach's Decision,0,0,https://www.nba.com/game/0022000513/box-score
2021-03-03_ORL_ATL,0022000544,2021-03-03,ORL,ATL,ATL,Bogdan Bogdanovic,203992,1218,0,,9,-4,https://www.nba.com/game/0022000544/box-score
2021-03-03_ORL_ATL,0022000544,2021-03-03,ORL,ATL,ATL,Brandon Goodwin,1629164,0,0,DNP - Coach's Decision,0,0,https://www.nba.com/game/0022000544/box-score
2021-03-03_ORL_ATL,0022000544,2021-03-03,ORL,ATL,ATL,Bruno Fernando,1628981,271,0,,2,-2,https://www.nba.com/game/0022000544/box-score
2021-03-03_ORL_ATL,0022000544,2021-03-03,ORL,ATL,ATL,Danilo Gallinari,201568,2359,1,,23,7,https://www.nba.com/game/0022000544/box-score
2021-03-03_ORL_ATL,0022000544,2021-03-03,ORL,ATL,ATL,John Collins,1628381,1538,1,,15,14,https://www.nba.com/game/0022000544/box-score
2021-03-03_ORL_ATL,0022000544,2021-03-03,ORL,ATL,ATL,Kevin Huerter,1628989,1941,1,,13,7,https://www.nba.com/game/0022000544/box-score
2021-03-03_ORL_ATL,0022000544,2021-03-03,ORL,ATL,ATL,Nathan Knight,1630233,0,0,DNP - Coach's Decision,0,0,https://www.nba.com/game/0022000544/box-score
2021-03-03_ORL_ATL,0022000544,2021-03-03,ORL,ATL,ATL,Onyeka Okongwu,1630168,781,0,,0,-4,https://www.nba.com/game/0022000544/box-score
2021-03-03_ORL_ATL,0022000544,2021-03-03,ORL,ATL,ATL,Rajon Rondo,200765,775,0,,2,-5,https://www.nba.com/game/0022000544/box-score
2021-03-03_ORL_ATL,0022000544,2021-03-03,ORL,ATL,ATL,Skylar Mays,1630219,0,0,DNP - Coach's Decision,0,0,https://www.nba.com/game/0022000544/box-score
2021-03-03_ORL_ATL,0022000544,2021-03-03,ORL,ATL,ATL,Solomon Hill,203524,1371,0,,8,-11,https://www.nba.com/game/0022000544/box-score
2021-03-03_ORL_ATL,0022000544,2021-03-03,ORL,ATL,ATL,Tony Snell,203503,2058,1,,11,5,https://www.nba.com/game/0022000544/box-score
2021-03-03_ORL_ATL,0022000544,2021-03-03,ORL,ATL,ATL,Trae Young,1629027,2088,1,,32,8,https://www.nba.com/game/0022000544/box-score
2021-03-03_ORL_ATL,0022000544,2021-03-03,ORL,ATL,ORL,Al-Farouq Aminu,202329,1499,1,,14,-9,https://www.nba.com/game/0022000544/box-score
2021-03-03_ORL_ATL,0022000544,2021-03-03,ORL,ATL,ORL,Chasson Randle,1626184,813,0,,3,6,https://www.nba.com/game/0022000544/box-score
2021-03-03_ORL_ATL,0022000544,2021-03-03,ORL,ATL,ORL,Chuma Okeke,1629643,1506,0,,2,-2,https://www.nba.com/game/0022000544/box-score
2021-03-03_ORL_ATL,0022000544,2021-03-03,ORL,ATL,ORL,Dwayne Bacon,1628407,1779,1,,6,4,https://www.nba.com/game/0022000544/box-score
2021-03-03_ORL_ATL,0022000544,2021-03-03,ORL,ATL,ORL,Evan Fournier,203095,0,0,DND - Injury/Illness,0,0,https://www.nba.com/game/0022000544/box-score
2021-03-03_ORL_ATL,0022000544,2021-03-03,ORL,ATL,ORL,Gary Clark,1629109,621,0,,3,-4,https://www.nba.com/game/0022000544/box-score
2021-03-03_ORL_ATL,0022000544,2021-03-03,ORL,ATL,ORL,James Ennis III,203516,0,0,DND - Injury/Illness,0,0,https://www.nba.com/game/0022000544/box-score
2021-03-03_ORL_ATL,0022000544,2021-03-03,ORL,ATL,ORL,Khem Birch,203920,760,0,,5,10,https://www.nba.com/game/0022000544/box-score
2021-03-03_ORL_ATL,0022000544,2021-03-03,ORL,ATL,ORL,Michael Carter-Williams,203487,2067,1,,20,-9,https://www.nba.com/game/0022000544/box-score
2021-03-03_ORL_ATL,0022000544,2021-03-03,ORL,ATL,ORL,Mo Bamba,1628964,699,0,,2,1,https://www.nba.com/game/0022000544/box-score
2021-03-03_ORL_ATL,0022000544,2021-03-03,ORL,ATL,ORL,Nikola Vucevic,202696,2181,1,,29,-4,https://www.nba.com/game/0022000544/box-score
2021-03-03_ORL_ATL,0022000544,2021-03-03,ORL,ATL,ORL,Terrence Ross,203082,2475,1,,28,-8,https://www.nba.com/game/0022000544/box-score
2021-03-04_MEM_MIL,0022000555,2021-03-04,MEM,MIL,MEM,Brandon Clarke,1629634,1765,0,,6,5,https://www.nba.com/game/0022000555/box-score
2021-03-04_MEM_MIL,0022000555,2021-03-04,MEM,MIL,MEM,De'Anthony Melton,1629001,880,0,,6,-3,https://www.nba.com/game/0022000555/box-score
2021-03-04_MEM_MIL,0022000555,2021-03-04,MEM,MIL,MEM,Desmond Bane,1630217,1122,1,,4,3,https://www.nba.com/game/0022000555/box-score
2021-03-04_MEM_MIL,0022000555,2021-03-04,MEM,MIL,MEM,Dillon Brooks,1628415,2081,1,,23,-5,https://www.nba.com/game/0022000555/box-score
2021-03-04_MEM_MIL,0022000555,2021-03-04,MEM,MIL,MEM,Gorgui Dieng,203476,0,0,DNP - Coach's Decision,0,0,https://www.nba.com/game/0022000555/box-score
2021-03-04_MEM_MIL,0022000555,2021-03-04,MEM,MIL,MEM,Ja Morant,1629630,2334,1,,35,-3,https://www.nba.com/game/0022000555/box-score
2021-03-04_MEM_MIL,0022000555,2021-03-04,MEM,MIL,MEM,John Konchar,1629723,0,0,DNP - Coach's Decision,0,0,https://www.nba.com/game/0022000555/box-score
2021-03-04_MEM_MIL,0022000555,2021-03-04,MEM,MIL,MEM,Jonas Valanciunas,202685,1641,1,,13,0,https://www.nba.com/game/0022000555/box-score
2021-03-04_MEM_MIL,0022000555,2021-03-04,MEM,MIL,MEM,Justise Winslow,1626159,1430,0,,6,3,https://www.nba.com/game/0022000555/box-score
2021-03-04_MEM_MIL,0022000555,2021-03-04,MEM,MIL,MEM,Killian Tillie,1629681,0,0,DNP - Coach's Decision,0,0,https://www.nba.com/game/0022000555/box-score
2021-03-04_MEM_MIL,0022000555,2021-03-04,MEM,MIL,MEM,Kyle Anderson,203937,1558,1,,9,-7,https://www.nba.com/game/0022000555/box-score
2021-03-04_MEM_MIL,0022000555,2021-03-04,MEM,MIL,MEM,Tyus Jones,1626145,780,0,,9,2,https://www.nba.com/game/0022000555/box-score
2021-03-04_MEM_MIL,0022000555,2021-03-04,MEM,MIL,MEM,Xavier Tillman,1630214,809,0,,0,0,https://www.nba.com/game/0022000555/box-score
2021-03-04_MEM_MIL,0022000555,2021-03-04,MEM,MIL,MIL,Bobby Portis,1626171,907,0,,8,-4,https://www.nba.com/game/0022000555/box-score
2021-03-04_MEM_MIL,0022000555,2021-03-04,MEM,MIL,MIL,Brook Lopez,201572,1641,1,,12,-3,https://www.nba.com/game/0022000555/box-score
2021-03-04_MEM_MIL,0022000555,2021-03-04,MEM,MIL,MIL,Bryn Forbes,1627854,717,0,,0,-6,https://www.nba.com/game/0022000555/box-score
2021-03-04_MEM_MIL,0022000555,2021-03-04,MEM,MIL,MIL,D.J. Augustin,201571,1241,1,,3,2,https://www.nba.com/game/0022000555/box-score
2021-03-04_MEM_MIL,0022000555,2021-03-04,MEM,MIL,MIL,D.J. Wilson,1628391,0,0,DNP - Coach's Decision,0,0,https://www.nba.com/game/0022000555/box-score
2021-03-04_MEM_MIL,0022000555,2021-03-04,MEM,MIL,MIL,Donte DiVincenzo,1628978,1792,1,,7,5,https://www.nba.com/game/0022000555/box-score
2021-03-04_MEM_MIL,0022000555,2021-03-04,MEM,MIL,MIL,Giannis Antetokounmpo,203507,2174,1,,26,9,https://www.nba.com/game/0022000555/box-score
2021-03-04_MEM_MIL,0022000555,2021-03-04,MEM,MIL,MIL,Jrue Holiday,201950,1355,0,,15,3,https://www.nba.com/game/0022000555/box-score
2021-03-04_MEM_MIL,0022000555,2021-03-04,MEM,MIL,MIL,Khris Middleton,203114,2346,1,,22,5,https://www.nba.com/game/0022000555/box-score
2021-03-04_MEM_MIL,0022000555,2021-03-04,MEM,MIL,MIL,Pat Connaughton,1626192,1818,0,,15,-3,https://www.nba.com/game/0022000555/box-score
2021-03-04_MEM_MIL,0022000555,2021-03-04,MEM,MIL,MIL,Sam Merrill,1630241,0,0,DNP - Coach's Decision,0,0,https://www.nba.com/game/0022000555/box-score
2021-03-04_MEM_MIL,0022000555,2021-03-04,MEM,MIL,MIL,Thanasis Antetokounmpo,203648,410,0,,4,-3,https://www.nba.com/game/0022000555/box-score
2021-03-04_MEM_MIL,0022000555,2021-03-04,MEM,MIL,MIL,Torrey Craig,1628470,0,0,DNP - Coach's Decision,0,0,https://www.nba.com/game/0022000555/box-score
2021-03-11_TOR_ATL,0022000570,2021-03-11,TOR,ATL,ATL,Bogdan Bogdanovic,203992,994,0,,0,-4,https://www.nba.com/game/0022000570/box-score
2021-03-11_TOR_ATL,0022000570,2021-03-11,TOR,ATL,ATL,Brandon Goodwin,1629164,0,0,DNP - Coach's Decision,0,0,https://www.nba.com/game/0022000570/box-score
2021-03-11_TOR_ATL,0022000570,2021-03-11,TOR,ATL,ATL,Bruno Fernando,1628981,0,0,DNP - Coach's Decision,0,0,https://www.nba.com/game/0022000570/box-score
2021-03-11_TOR_ATL,0022000570,2021-03-11,TOR,ATL,ATL,Clint Capela,203991,1655,1,,9,-23,https://www.nba.com/game/0022000570/box-score
2021-03-11_TOR_ATL,0022000570,2021-03-11,TOR,ATL,ATL,Danilo Gallinari,201568,1748,0,,20,10,https://www.nba.com/game/0022000570/box-score
2021-03-11_TOR_ATL,0022000570,2021-03-11,TOR,ATL,ATL,John Collins,1628381,1685,1,,13,9,https://www.nba.com/game/0022000570/box-score
2021-03-11_TOR_ATL,0022000570,2021-03-11,TOR,ATL,ATL,Kevin Huerter,1628989,1886,1,,19,5,https://www.nba.com/game/0022000570/box-score
2021-03-11_TOR_ATL,0022000570,2021-03-11,TOR,ATL,ATL,Nathan Knight,1630233,0,0,DNP - Coach's Decision,0,0,https://www.nba.com/game/0022000570/box-score
2021-03-11_TOR_ATL,0022000570,2021-03-11,TOR,ATL,ATL,Onyeka Okongwu,1630168,638,0,,2,6,https://www.nba.com/game/0022000570/box-score
2021-03-11_TOR_ATL,0022000570,2021-03-11,TOR,ATL,ATL,Rajon Rondo,200765,668,0,,6,6,https://www.nba.com/game/0022000570/box-score
2021-03-11_TOR_ATL,0022000570,2021-03-11,TOR,ATL,ATL,Skylar Mays,1630219,0,0,DNP - Coach's Decision,0,0,https://www.nba.com/game/0022000570/box-score
2021-03-11_TOR_ATL,0022000570,2021-03-11,TOR,ATL,ATL,Solomon Hill,203524,1326,0,,9,-10,https://www.nba.com/game/0022000570/box-score
2021-03-11_TOR_ATL,0022000570,2021-03-11,TOR,ATL,ATL,Tony Snell,203503,1588,1,,6,11,https://www.nba.com/game/0022000570/box-score
2021-03-11_TOR_ATL,0022000570,2021-03-11,TOR,ATL,ATL,Trae Young,1629027,2212,1,,37,-5,https://www.nba.com/game/0022000570/box-score
2021-03-11_TOR_ATL,0022000570,2021-03-11,TOR,ATL,TOR,Aron Baynes,203382,1798,1,,11,-10,https://www.nba.com/game/0022000570/box-score
2021-03-11_TOR_ATL,0022000570,2021-03-11,TOR,ATL,TOR,Chris Boucher,1628449,1825,0,,29,5,https://www.nba.com/game/0022000570/box-score
2021-03-11_TOR_ATL,0022000570,2021-03-11,TOR,ATL,TOR,DeAndre' Bembry,1627761,2218,1,,9,-6,https://www.nba.com/game/0022000570/box-score
2021-03-11_TOR_ATL,0022000570,2021-03-11,TOR,ATL,TOR,Henry Ellenson,1627740,0,0,DNP - Coach's Decision,0,0,https://www.nba.com/game/0022000570/box-score
2021-03-11_TOR_ATL,0022000570,2021-03-11,TOR,ATL,TOR,Jalen Harris,1630223,0,0,DNP - Coach's Decision,0,0,https://www.nba.com/game/0022000570/box-score
2021-03-11_TOR_ATL,0022000570,2021-03-11,TOR,ATL,TOR,Kyle Lowry,200768,2323,1,,17,-14,https://www.nba.com/game/0022000570/box-score
2021-03-11_TOR_ATL,0022000570,2021-03-11,TOR,ATL,TOR,Matt Thomas,1629744,11,0,,0,2,https://www.nba.com/game/0022000570/box-score
2021-03-11_TOR_ATL,0022000570,2021-03-11,TOR,ATL,TOR,Norman Powell,1626181,2335,1,,33,3,https://www.nba.com/game/0022000570/box-score
2021-03-11_TOR_ATL,0022000570,2021-03-11,TOR,ATL,TOR,Paul Watson,1628778,1223,0,,3,16,https://www.nba.com/game/0022000570/box-score
2021-03-11_TOR_ATL,0022000570,2021-03-11,TOR,ATL,TOR,Stanley Johnson,1626169,1608,1,,11,-11,https://www.nba.com/game/0022000570/box-score
2021-03-11_TOR_ATL,0022000570,2021-03-11,TOR,ATL,TOR,Terence Davis,1629056,589,0,,4,-3,https://www.nba.com/game/0022000570/box-score
2021-03-11_TOR_ATL,0022000570,2021-03-11,TOR,ATL,TOR,Yuta Watanabe,1629139,470,0,,3,13,https://www.nba.com/game/0022000570/box-score
2021-03-12_MEM_DEN,0022000580,2021-03-12,MEM,DEN,DEN,Bol Bol,1629626,0,0,DNP - Coach's Decision,0,0,https://www.nba.com/game/0022000580/box-score
2021-03-12_MEM_DEN,0022000580,2021-03-12,MEM,DEN,DEN,Facundo Campazzo,1630267,1172,0,,8,-12,https://www.nba.com/game/0022000580/box-score
2021-03-12_MEM_DEN,0022000580,2021-03-12,MEM,DEN,DEN,Greg Whittington,204222,0,0,DNP - Coach's Decision,0,0,https://www.nba.com/game/0022000580/box-score
2021-03-12_MEM_DEN,0022000580,2021-03-12,MEM,DEN,DEN,Isaiah Hartenstein,1628392,642,0,,2,1,https://www.nba.com/game/0022000580/box-score
2021-03-12_MEM_DEN,0022000580,2021-03-12,MEM,DEN,DEN,Jamal Murray,1627750,1943,1,,3,9,https://www.nba.com/game/0022000580/box-score
2021-03-12_MEM_DEN,0022000580,2021-03-12,MEM,DEN,DEN,Markus Howard,1630210,0,0,DNP - Coach's Decision,0,0,https://www.nba.com/game/0022000580/box-score
2021-03-12_MEM_DEN,0022000580,2021-03-12,MEM,DEN,DEN,Michael Porter Jr.,1629008,2096,1,,21,9,https://www.nba.com/game/0022000580/box-score
2021-03-12_MEM_DEN,0022000580,2021-03-12,MEM,DEN,DEN,Monte Morris,1628420,1911,1,,6,11,https://www.nba.com/game/0022000580/box-score
2021-03-12_MEM_DEN,0022000580,2021-03-12,MEM,DEN,DEN,Nikola Jokic,203999,2176,1,,28,-3,https://www.nba.com/game/0022000580/box-score
2021-03-12_MEM_DEN,0022000580,2021-03-12,MEM,DEN,DEN,PJ Dozier,1628408,1301,0,,3,-14,https://www.nba.com/game/0022000580/box-score
2021-03-12_MEM_DEN,0022000580,2021-03-12,MEM,DEN,DEN,Paul Millsap,200794,1313,0,,11,-11,https://www.nba.com/game/0022000580/box-score
2021-03-12_MEM_DEN,0022000580,2021-03-12,MEM,DEN,DEN,Vlatko Cancar,1628427,0,0,DNP - Coach's Decision,0,0,https://www.nba.com/game/0022000580/box-score
2021-03-12_MEM_DEN,0022000580,2021-03-12,MEM,DEN,DEN,Will Barton,203115,1846,1,,21,15,https://www.nba.com/game/0022000580/box-score
2021-03-12_MEM_DEN,0022000580,2021-03-12,MEM,DEN,DEN,Zeke Nnaji,1630192,0,0,DNP - Injury/Illness,0,0,https://www.nba.com/game/0022000580/box-score
2021-03-12_MEM_DEN,0022000580,2021-03-12,MEM,DEN,MEM,Brandon Clarke,1629634,1795,0,,20,8,https://www.nba.com/game/0022000580/box-score
2021-03-12_MEM_DEN,0022000580,2021-03-12,MEM,DEN,MEM,De'Anthony Melton,1629001,1411,0,,9,13,https://www.nba.com/game/0022000580/box-score
2021-03-12_MEM_DEN,0022000580,2021-03-12,MEM,DEN,MEM,Desmond Bane,1630217,1024,1,,10,-10,https://www.nba.com/game/0022000580/box-score
2021-03-12_MEM_DEN,0022000580,2021-03-12,MEM,DEN,MEM,Dillon Brooks,1628415,2029,1,,20,-12,https://www.nba.com/game/0022000580/box-score
2021-03-12_MEM_DEN,0022000580,2021-03-12,MEM,DEN,MEM,Gorgui Dieng,203476,0,0,DNP - Coach's Decision,0,0,https://www.nba.com/game/0022000580/box-score
2021-03-12_MEM_DEN,0022000580,2021-03-12,MEM,DEN,MEM,Grayson Allen,1628960,0,0,DNP - Coach's Decision,0,0,https://www.nba.com/game/0022000580/box-score
2021-03-12_MEM_DEN,0022000580,2021-03-12,MEM,DEN,MEM,Ja Morant,1629630,2041,1,,16,-8,https://www.nba.com/game/0022000580/box-score
2021-03-12_MEM_DEN,0022000580,2021-03-12,MEM,DEN,MEM,John Konchar,1629723,0,0,DNP - Coach's Decision,0,0,https://www.nba.com/game/0022000580/box-score
2021-03-12_MEM_DEN,0022000580,2021-03-12,MEM,DEN,MEM,Jonas Valanciunas,202685,2193,1,,14,0,https://www.nba.com/game/0022000580/box-score
2021-03-12_MEM_DEN,0022000580,2021-03-12,MEM,DEN,MEM,Jontay Porter,1629007,0,0,DNP - Coach's Decision,0,0,https://www.nba.com/game/0022000580/box-score
2021-03-12_MEM_DEN,0022000580,2021-03-12,MEM,DEN,MEM,Justise Winslow,1626159,1298,0,,6,7,https://www.nba.com/game/0022000580/box-score
2021-03-12_MEM_DEN,0022000580,2021-03-12,MEM,DEN,MEM,Killian Tillie,1629681,0,0,DNP - Coach's Decision,0,0,https://www.nba.com/game/0022000580/box-score
2021-03-12_MEM_DEN,0022000580,2021-03-12,MEM,DEN,MEM,Kyle Anderson,203937,1085,1,,2,-9,https://www.nba.com/game/0022000580/box-score
2021-03-12_MEM_DEN,0022000580,2021-03-12,MEM,DEN,MEM,Tyus Jones,1626145,839,0,,5,7,https://www.nba.com/game/0022000580/box-score
2021-03-12_MEM_DEN,0022000580,2021-03-12,MEM,DEN,MEM,Xavier Tillman,1630214,686,0,,0,-1,https://www.nba.com/game/0022000580/box-score
2021-03-16_PHI_NYK,0022000611,2021-03-16,PHI,NYK,NYK,Alec Burks,202692,2144,0,,19,-4,https://www.nba.com/game/0022000611/box-score
2021-03-16_PHI_NYK,0022000611,2021-03-16,PHI,NYK,NYK,Frank Ntilikina,1628373,892,0,,0,4,https://www.nba.com/game/0022000611/box-score
2021-03-16_PHI_NYK,0022000611,2021-03-16,PHI,NYK,NYK,Ignas Brazdeikis,1629649,0,0,DNP - Coach's Decision,0,0,https://www.nba.com/game/0022000611/box-score
2021-03-16_PHI_NYK,0022000611,2021-03-16,PHI,NYK,NYK,Immanuel Quickley,1630193,1562,1,,13,-8,https://www.nba.com/game/0022000611/box-score
2021-03-16_PHI_NYK,0022000611,2021-03-16,PHI,NYK,NYK,Jared Harper,1629607,0,0,DNP - Coach's Decision,0,0,https://www.nba.com/game/0022000611/box-score
2021-03-16_PHI_NYK,0022000611,2021-03-16,PHI,NYK,NYK,Julius Randle,203944,2435,1,,19,1,https://www.nba.com/game/0022000611/box-score
2021-03-16_PHI_NYK,0022000611,2021-03-16,PHI,NYK,NYK,Kevin Knox II,1628995,0,0,DNP - Coach's Decision,0,0,https://www.nba.com/game/0022000611/box-score
2021-03-16_PHI_NYK,0022000611,2021-03-16,PHI,NYK,NYK,Nerlens Noel,203457,1561,1,,6,-5,https://www.nba.com/game/0022000611/box-score
2021-03-16_PHI_NYK,0022000611,2021-03-16,PHI,NYK,NYK,Obi Toppin,1630167,445,0,,0,-4,https://www.nba.com/game/0022000611/box-score
2021-03-16_PHI_NYK,0022000611,2021-03-16,PHI,NYK,NYK,RJ Barrett,1629628,2433,1,,17,3,https://www.nba.com/game/0022000611/box-score
2021-03-16_PHI_NYK,0022000611,2021-03-16,PHI,NYK,NYK,Reggie Bullock,203493,1746,1,,12,-2,https://www.nba.com/game/0022000611/box-score
2021-03-16_PHI_NYK,0022000611,2021-03-16,PHI,NYK,NYK,Taj Gibson,201959,1182,0,,10,0,https://www.nba.com/game/0022000611/box-score
2021-03-16_PHI_NYK,0022000611,2021-03-16,PHI,NYK,NYK,Theo Pinson,1629033,0,0,DNP - Coach's Decision,0,0,https://www.nba.com/game/0022000611/box-score
2021-03-16_PHI_NYK,0022000611,2021-03-16,PHI,NYK,PHI,Ben Simmons,1627732,2019,1,,16,2,https://www.nba.com/game/0022000611/box-score
2021-03-16_PHI_NYK,0022000611,2021-03-16,PHI,NYK,PHI,Danny Green,201980,1339,1,,3,0,https://www.nba.com/game/0022000611/box-score
2021-03-16_PHI_NYK,0022000611,2021-03-16,PHI,NYK,PHI,Dwight Howard,2730,1661,0,,11,7,https://www.nba.com/game/0022000611/box-score
2021-03-16_PHI_NYK,0022000611,2021-03-16,PHI,NYK,PHI,Furkan Korkmaz,1627788,1394,0,,12,6,https://www.nba.com/game/0022000611/box-score
2021-03-16_PHI_NYK,0022000611,2021-03-16,PHI,NYK,PHI,Isaiah Joe,1630198,0,0,DNP - Coach's Decision,0,0,https://www.nba.com/game/0022000611/box-score
2021-03-16_PHI_NYK,0022000611,2021-03-16,PHI,NYK,PHI,Matisse Thybulle,1629680,1052,0,,3,-6,https://www.nba.com/game/0022000611/box-score
2021-03-16_PHI_NYK,0022000611,2021-03-16,PHI,NYK,PHI,Mike Scott,203118,603,0,,2,2,https://www.nba.com/game/0022000611/box-score
2021-03-16_PHI_NYK,0022000611,2021-03-16,PHI,NYK,PHI,Paul Reed,1630194,0,0,DNP - Coach's Decision,0,0,https://www.nba.com/game/0022000611/box-score
2021-03-16_PHI_NYK,0022000611,2021-03-16,PHI,NYK,PHI,Seth Curry,203552,1907,1,,20,6,https://www.nba.com/game/0022000611/box-score
2021-03-16_PHI_NYK,0022000611,2021-03-16,PHI,NYK,PHI,Shake Milton,1629003,1142,0,,2,-2,https://www.nba.com/game/0022000611/box-score
2021-03-16_PHI_NYK,0022000611,2021-03-16,PHI,NYK,PHI,Terrance Ferguson,1628390,0,0,DNP - Coach's Decision,0,0,https://www.nba.com/game/0022000611/box-score
2021-03-16_PHI_NYK,0022000611,2021-03-16,PHI,NYK,PHI,Tobias Harris,202699,2277,1,,30,1,https://www.nba.com/game/0022000611/box-score
2021-03-16_PHI_NYK,0022000611,2021-03-16,PHI,NYK,PHI,Tony Bradley,1628396,1006,1,,0,-1,https://www.nba.com/game/0022000611/box-score
2021-03-16_PHI_NYK,0022000611,2021-03-16,PHI,NYK,PHI,Tyrese Maxey,1630178,0,0,DNP - Coach's Decision,0,0,https://www.nba.com/game/0022000611/box-score
2021-03-16_PHI_NYK,0022000611,2021-03-16,PHI,NYK,PHI,Vincent Poirier,1629738,0,0,DNP - Coach's Decision,0,0,https://www.nba.com/game/0022000611/box-score
2021-03-18_NYK_ORL,0022000627,2021-03-18,NYK,ORL,NYK,Alec Burks,202692,2007,1,,21,-12,https://www.nba.com/game/0022000627/box-score
2021-03-18_NYK_ORL,0022000627,2021-03-18,NYK,ORL,NYK,Frank Ntilikina,1628373,1619,1,,13,-2,https://www.nba.com/game/0022000627/box-score
2021-03-18_NYK_ORL,0022000627,2021-03-18,NYK,ORL,NYK,Ignas Brazdeikis,1629649,0,0,DNP - Coach's Decision,0,0,https://www.nba.com/game/0022000627/box-score
2021-03-18_NYK_ORL,0022000627,2021-03-18,NYK,ORL,NYK,Jared Harper,1629607,0,0,DNP - Coach's Decision,0,0,https://www.nba.com/game/0022000627/box-score
2021-03-18_NYK_ORL,0022000627,2021-03-18,NYK,ORL,NYK,Julius Randle,203944,2378,1,,18,9,https://www.nba.com/game/0022000627/box-score
2021-03-18_NYK_ORL,0022000627,2021-03-18,NYK,ORL,NYK,Kevin Knox II,1628995,376,0,,0,-1,https://www.nba.com/game/0022000627/box-score
2021-03-18_NYK_ORL,0022000627,2021-03-18,NYK,ORL,NYK,Nerlens Noel,203457,1010,1,,2,-1,https://www.nba.com/game/0022000627/box-score
2021-03-18_NYK_ORL,0022000627,2021-03-18,NYK,ORL,NYK,Obi Toppin,1630167,502,0,,0,-8,https://www.nba.com/game/0022000627/box-score
2021-03-18_NYK_ORL,0022000627,2021-03-18,NYK,ORL,NYK,RJ Barrett,1629628,2504,1,,17,2,https://www.nba.com/game/0022000627/box-score
2021-03-18_NYK_ORL,0022000627,2021-03-18,NYK,ORL,NYK,Reggie Bullock,203493,2139,0,,20,16,https://www.nba.com/game/0022000627/box-score
2021-03-18_NYK_ORL,0022000627,2021-03-18,NYK,ORL,NYK,Taj Gibson,201959,1864,0,,3,2,https://www.nba.com/game/0022000627/box-score
2021-03-18_NYK_ORL,0022000627,2021-03-18,NYK,ORL,NYK,Theo Pinson,1629033,0,0,DNP - Coach's Decision,0,0,https://www.nba.com/game/0022000627/box-score
2021-03-18_NYK_ORL,0022000627,2021-03-18,NYK,ORL,ORL,Aaron Gordon,203932,1882,1,,17,8,https://www.nba.com/game/0022000627/box-score
2021-03-18_NYK_ORL,0022000627,2021-03-18,NYK,ORL,ORL,Al-Farouq Aminu,202329,1461,1,,7,3,https://www.nba.com/game/0022000627/box-score
2021-03-18_NYK_ORL,0022000627,2021-03-18,NYK,ORL,ORL,Chasson Randle,1626184,1773,1,,5,-12,https://www.nba.com/game/0022000627/box-score
2021-03-18_NYK_ORL,0022000627,2021-03-18,NYK,ORL,ORL,Chuma Okeke,1629643,1372,0,,5,-1,https://www.nba.com/game/0022000627/box-score
2021-03-18_NYK_ORL,0022000627,2021-03-18,NYK,ORL,ORL,Dwayne Bacon,1628407,1575,0,,7,-2,https://www.nba.com/game/0022000627/box-score
2021-03-18_NYK_ORL,0022000627,2021-03-18,NYK,ORL,ORL,Evan Fournier,203095,2051,1,,23,4,https://www.nba.com/game/0022000627/box-score
2021-03-18_NYK_ORL,0022000627,2021-03-18,NYK,ORL,ORL,Gary Clark,1629109,0,0,DNP - Coach's Decision,0,0,https://www.nba.com/game/0022000627/box-score
2021-03-18_NYK_ORL,0022000627,2021-03-18,NYK,ORL,ORL,Karim Mane,1630211,0,0,DNP - Coach's Decision,0,0,https://www.nba.com/game/0022000627/box-score
2021-03-18_NYK_ORL,0022000627,2021-03-18,NYK,ORL,ORL,Khem Birch,203920,1406,0,,7,-4,https://www.nba.com/game/0022000627/box-score
2021-03-18_NYK_ORL,0022000627,2021-03-18,NYK,ORL,ORL,Michael Carter-Williams,203487,0,0,DND - Injury/Illness,0,0,https://www.nba.com/game/0022000627/box-score
2021-03-18_NYK_ORL,0022000627,2021-03-18,NYK,ORL,ORL,Mo Bamba,1628964,724,0,,5,3,https://www.nba.com/game/0022000627/box-score
2021-03-18_NYK_ORL,0022000627,2021-03-18,NYK,ORL,ORL,Nikola Vucevic,202696,2156,1,,17,-4,https://www.nba.com/game/0022000627/box-score
2021-03-18_NYK_ORL,0022000627,2021-03-18,NYK,ORL,ORL,Terrence Ross,203082,0,0,DND - Injury/Illness,0,0,https://www.nba.com/game/0022000627/box-score
2021-03-19_TOR_UTA,0022000634,2021-03-19,TOR,UTA,TOR,Aron Baynes,203382,407,0,,2,-5,https://www.nba.com/game/0022000634/box-score
2021-03-19_TOR_UTA,0022000634,2021-03-19,TOR,UTA,TOR,Chris Boucher,1628449,1223,0,,16,-10,https://www.nba.com/game/0022000634/box-score
2021-03-19_TOR_UTA,0022000634,2021-03-19,TOR,UTA,TOR,DeAndre' Bembry,1627761,0,0,DNP - Coach's Decision,0,0,https://www.nba.com/game/0022000634/box-score
2021-03-19_TOR_UTA,0022000634,2021-03-19,TOR,UTA,TOR,Fred VanVleet,1627832,2431,1,,17,1,https://www.nba.com/game/0022000634/box-score
2021-03-19_TOR_UTA,0022000634,2021-03-19,TOR,UTA,TOR,Kyle Lowry,200768,2095,1,,14,5,https://www.nba.com/game/0022000634/box-score
2021-03-19_TOR_UTA,0022000634,2021-03-19,TOR,UTA,TOR,Malachi Flynn,1630201,1059,0,,3,-9,https://www.nba.com/game/0022000634/box-score
2021-03-19_TOR_UTA,0022000634,2021-03-19,TOR,UTA,TOR,Matt Thomas,1629744,0,0,DNP - Coach's Decision,0,0,https://www.nba.com/game/0022000634/box-score
2021-03-19_TOR_UTA,0022000634,2021-03-19,TOR,UTA,TOR,Norman Powell,1626181,2243,1,,17,3,https://www.nba.com/game/0022000634/box-score
2021-03-19_TOR_UTA,0022000634,2021-03-19,TOR,UTA,TOR,O.G. Anunoby,1628384,2063,1,,15,3,https://www.nba.com/game/0022000634/box-score
2021-03-19_TOR_UTA,0022000634,2021-03-19,TOR,UTA,TOR,Pascal Siakam,1627783,2006,1,,27,8,https://www.nba.com/game/0022000634/box-score
2021-03-19_TOR_UTA,0022000634,2021-03-19,TOR,UTA,TOR,Patrick McCaw,1627775,0,0,DNP - Coach's Decision,0,0,https://www.nba.com/game/0022000634/box-score
2021-03-19_TOR_UTA,0022000634,2021-03-19,TOR,UTA,TOR,Paul Watson,1628778,874,0,,1,-11,https://www.nba.com/game/0022000634/box-score
2021-03-19_TOR_UTA,0022000634,2021-03-19,TOR,UTA,TOR,Stanley Johnson,1626169,0,0,DNP - Coach's Decision,0,0,https://www.nba.com/game/0022000634/box-score
2021-03-19_TOR_UTA,0022000634,2021-03-19,TOR,UTA,TOR,Terence Davis,1629056,0,0,DNP - Coach's Decision,0,0,https://www.nba.com/game/0022000634/box-score
2021-03-19_TOR_UTA,0022000634,2021-03-19,TOR,UTA,TOR,Yuta Watanabe,1629139,0,0,DNP - Coach's Decision,0,0,https://www.nba.com/game/0022000634/box-score
2021-03-19_TOR_UTA,0022000634,2021-03-19,TOR,UTA,UTA,Bojan Bogdanovic,202711,1520,1,,10,-4,https://www.nba.com/game/0022000634/box-score
2021-03-19_TOR_UTA,0022000634,2021-03-19,TOR,UTA,UTA,Derrick Favors,202324,770,0,,6,7,https://www.nba.com/game/0022000634/box-score
2021-03-19_TOR_UTA,0022000634,2021-03-19,TOR,UTA,UTA,Donovan Mitchell,1628378,2082,1,,31,-2,https://www.nba.com/game/0022000634/box-score
2021-03-19_TOR_UTA,0022000634,2021-03-19,TOR,UTA,UTA,Elijah Hughes,1630190,0,0,DNP - Coach's Decision,0,0,https://www.nba.com/game/0022000634/box-score
2021-03-19_TOR_UTA,0022000634,2021-03-19,TOR,UTA,UTA,Ersan Ilyasova,101141,0,0,DNP - Coach's Decision,0,0,https://www.nba.com/game/0022000634/box-score
2021-03-19_TOR_UTA,0022000634,2021-03-19,TOR,UTA,UTA,Georges Niang,1627777,936,0,,0,2,https://www.nba.com/game/0022000634/box-score
2021-03-19_TOR_UTA,0022000634,2021-03-19,TOR,UTA,UTA,Jarrell Brantley,1629714,0,0,DNP - Coach's Decision,0,0,https://www.nba.com/game/0022000634/box-score
2021-03-19_TOR_UTA,0022000634,2021-03-19,TOR,UTA,UTA,Joe Ingles,204060,1968,0,,19,5,https://www.nba.com/game/0022000634/box-score
2021-03-19_TOR_UTA,0022000634,2021-03-19,TOR,UTA,UTA,Jordan Clarkson,203903,1373,0,,11,10,https://www.nba.com/game/0022000634/box-score
2021-03-19_TOR_UTA,0022000634,2021-03-19,TOR,UTA,UTA,Juwan Morgan,1629752,0,0,DNP - Coach's Decision,0,0,https://www.nba.com/game/0022000634/box-score
2021-03-19_TOR_UTA,0022000634,2021-03-19,TOR,UTA,UTA,Mike Conley,201144,1885,1,,15,2,https://www.nba.com/game/0022000634/box-score
2021-03-19_TOR_UTA,0022000634,2021-03-19,TOR,UTA,UTA,Miye Oni,1629671,0,0,DNP - Coach's Decision,0,0,https://www.nba.com/game/0022000634/box-score
2021-03-19_TOR_UTA,0022000634,2021-03-19,TOR,UTA,UTA,Royce O'Neale,1626220,1756,1,,8,-1,https://www.nba.com/game/0022000634/box-score
2021-03-19_TOR_UTA,0022000634,2021-03-19,TOR,UTA,UTA,Rudy Gobert,203497,2110,1,,15,-4,https://www.nba.com/game/0022000634/box-score
2021-03-19_TOR_UTA,0022000634,2021-03-19,TOR,UTA,UTA,Trent Forrest,1630235,0,0,DNP - Coach's Decision,0,0,https://www.nba.com/game/0022000634/box-score
2021-03-21_HOU_OKC,0022000016,2021-03-21,HOU,OKC,HOU,Anthony Lamb,1630237,0,0,DNP - Coach's Decision,0,0,https://www.nba.com/game/0022000016/box-score
2021-03-21_HOU_OKC,0022000016,2021-03-21,HOU,OKC,HOU,Ben McLemore,203463,0,0,DNP - Coach's Decision,0,0,https://www.nba.com/game/0022000016/box-score
2021-03-21_HOU_OKC,0022000016,2021-03-21,HOU,OKC,HOU,Christian Wood,1626174,2166,1,,27,9,https://www.nba.com/game/0022000016/box-score
2021-03-21_HOU_OKC,0022000016,2021-03-21,HOU,OKC,HOU,D.J. Wilson,1628391,572,0,,8,-11,https://www.nba.com/game/0022000016/box-score
2021-03-21_HOU_OKC,0022000016,2021-03-21,HOU,OKC,HOU,Danuel House Jr.,1627863,1988,1,,18,-1,https://www.nba.com/game/0022000016/box-score
2021-03-21_HOU_OKC,0022000016,2021-03-21,HOU,OKC,HOU,Jae'Sean Tate,1630256,1989,1,,8,10,https://www.nba.com/game/0022000016/box-score
2021-03-21_HOU_OKC,0022000016,2021-03-21,HOU,OKC,HOU,John Wall,202322,2128,1,,24,6,https://www.nba.com/game/0022000016/box-score
2021-03-21_HOU_OKC,0022000016,2021-03-21,HOU,OKC,HOU,Justin Patton,1628383,0,0,DNP - Coach's Decision,0,0,https://www.nba.com/game/0022000016/box-score
2021-03-21_HOU_OKC,0022000016,2021-03-21,HOU,OKC,HOU,Kenyon Martin Jr.,1630231,855,0,,0,-8,https://www.nba.com/game/0022000016/box-score
2021-03-21_HOU_OKC,0022000016,2021-03-21,HOU,OKC,HOU,Kevin Porter Jr.,1629645,1185,0,,4,-15,https://www.nba.com/game/0022000016/box-score
2021-03-21_HOU_OKC,0022000016,2021-03-21,HOU,OKC,HOU,Sterling Brown,1628425,1070,0,,0,-5,https://www.nba.com/game/0022000016/box-score
2021-03-21_HOU_OKC,0022000016,2021-03-21,HOU,OKC,HOU,Victor Oladipo,203506,2447,1,,23,5,https://www.nba.com/game/0022000016/box-score
2021-03-21_HOU_OKC,0022000016,2021-03-21,HOU,OKC,OKC,Aleksej Pokusevski,1630197,1728,1,,9,-4,https://www.nba.com/game/0022000016/box-score
2021-03-21_HOU_OKC,0022000016,2021-03-21,HOU,OKC,OKC,Darius Miller,203121,0,0,DNP - Coach's Decision,0,0,https://www.nba.com/game/0022000016/box-score
2021-03-21_HOU_OKC,0022000016,2021-03-21,HOU,OKC,OKC,Isaiah Roby,1629676,2047,1,,18,-4,https://www.nba.com/game/0022000016/box-score
2021-03-21_HOU_OKC,0022000016,2021-03-21,HOU,OKC,OKC,Justin Jackson,1628382,781,0,,15,-2,https://www.nba.com/game/0022000016/box-score
2021-03-21_HOU_OKC,0022000016,2021-03-21,HOU,OKC,OKC,Kenrich Williams,1629026,1299,0,,7,9,https://www.nba.com/game/0022000016/box-score
2021-03-21_HOU_OKC,0022000016,2021-03-21,HOU,OKC,OKC,Luguentz Dort,1629652,1984,1,,23,-5,https://www.nba.com/game/0022000016/box-score
2021-03-21_HOU_OKC,0022000016,2021-03-21,HOU,OKC,OKC,Mike Muscala,203488,0,0,DNP - Coach's Decision,0,0,https://www.nba.com/game/0022000016/box-score
2021-03-21_HOU_OKC,0022000016,2021-03-21,HOU,OKC,OKC,Moses Brown,1629650,1683,1,,13,2,https://www.nba.com/game/0022000016/box-score
2021-03-21_HOU_OKC,0022000016,2021-03-21,HOU,OKC,OKC,Shai Gilgeous-Alexander,1628983,0,0,DNP - Injury/Illness,0,0,https://www.nba.com/game/0022000016/box-score
2021-03-21_HOU_OKC,0022000016,2021-03-21,HOU,OKC,OKC,Svi Mykhailiuk,1629004,1247,0,,15,2,https://www.nba.com/game/0022000016/box-score
2021-03-21_HOU_OKC,0022000016,2021-03-21,HOU,OKC,OKC,Theo Maledon,1630177,1938,1,,12,2,https://www.nba.com/game/0022000016/box-score
2021-03-21_HOU_OKC,0022000016,2021-03-21,HOU,OKC,OKC,Ty Jerome,1629660,1693,0,,2,10,https://www.nba.com/game/0022000016/box-score
2021-03-21_NYK_PHI,0022000650,2021-03-21,NYK,PHI,NYK,Alec Burks,202692,1799,0,,20,-6,https://www.nba.com/game/0022000650/box-score
2021-03-21_NYK_PHI,0022000650,2021-03-21,NYK,PHI,NYK,Frank Ntilikina,1628373,1060,0,,4,-2,https://www.nba.com/game/0022000650/box-score
2021-03-21_NYK_PHI,0022000650,2021-03-21,NYK,PHI,NYK,Ignas Brazdeikis,1629649,0,0,DNP - Coach's Decision,0,0,https://www.nba.com/game/0022000650/box-score
2021-03-21_NYK_PHI,0022000650,2021-03-21,NYK,PHI,NYK,Immanuel Quickley,1630193,1531,1,,10,2,https://www.nba.com/game/0022000650/box-score
2021-03-21_NYK_PHI,0022000650,2021-03-21,NYK,PHI,NYK,Jared Harper,1629607,0,0,DNP - Coach's Decision,0,0,https://www.nba.com/game/0022000650/box-score
2021-03-21_NYK_PHI,0022000650,2021-03-21,NYK,PHI,NYK,Julius Randle,203944,2768,1,,24,6,https://www.nba.com/game/0022000650/box-score
2021-03-21_NYK_PHI,0022000650,2021-03-21,NYK,PHI,NYK,Kevin Knox II,1628995,0,0,DNP - Coach's Decision,0,0,https://www.nba.com/game/0022000650/box-score
2021-03-21_NYK_PHI,0022000650,2021-03-21,NYK,PHI,NYK,Mitchell Robinson,1629011,1000,0,,4,-3,https://www.nba.com/game/0022000650/box-score
2021-03-21_NYK_PHI,0022000650,2021-03-21,NYK,PHI,NYK,Nerlens Noel,203457,2174,1,,13,-1,https://www.nba.com/game/0022000650/box-score
2021-03-21_NYK_PHI,0022000650,2021-03-21,NYK,PHI,NYK,Obi Toppin,1630167,412,0,,0,-7,https://www.nba.com/game/0022000650/box-score
2021-03-21_NYK_PHI,0022000650,2021-03-21,NYK,PHI,NYK,RJ Barrett,1629628,2360,1,,19,5,https://www.nba.com/game/0022000650/box-score
2021-03-21_NYK_PHI,0022000650,2021-03-21,NYK,PHI,NYK,Reggie Bullock,203493,2797,1,,6,1,https://www.nba.com/game/0022000650/box-score
2021-03-21_NYK_PHI,0022000650,2021-03-21,NYK,PHI,NYK,Taj Gibson,201959,0,0,DNP - Coach's Decision,0,0,https://www.nba.com/game/0022000650/box-score
2021-03-21_NYK_PHI,0022000650,2021-03-21,NYK,PHI,NYK,Theo Pinson,1629033,0,0,DNP - Coach's Decision,0,0,https://www.nba.com/game/0022000650/box-score
2021-03-21_NYK_PHI,0022000650,2021-03-21,NYK,PHI,PHI,Ben Simmons,1627732,2246,1,,16,-3,https://www.nba.com/game/0022000650/box-score
2021-03-21_NYK_PHI,0022000650,2021-03-21,NYK,PHI,PHI,Danny Green,201980,1977,1,,11,-2,https://www.nba.com/game/0022000650/box-score
2021-03-21_NYK_PHI,0022000650,2021-03-21,NYK,PHI,PHI,Dwight Howard,2730,1941,0,,4,-2,https://www.nba.com/game/0022000650/box-score
2021-03-21_NYK_PHI,0022000650,2021-03-21,NYK,PHI,PHI,Furkan Korkmaz,1627788,1693,1,,12,-2,https://www.nba.com/game/0022000650/box-score
2021-03-21_NYK_PHI,0022000650,2021-03-21,NYK,PHI,PHI,Isaiah Joe,1630198,0,0,DNP - Coach's Decision,0,0,https://www.nba.com/game/0022000650/box-score
2021-03-21_NYK_PHI,0022000650,2021-03-21,NYK,PHI,PHI,Matisse Thybulle,1629680,1104,0,,6,3,https://www.nba.com/game/0022000650/box-score
2021-03-21_NYK_PHI,0022000650,2021-03-21,NYK,PHI,PHI,Mike Scott,203118,962,0,,5,1,https://www.nba.com/game/0022000650/box-score
2021-03-21_NYK_PHI,0022000650,2021-03-21,NYK,PHI,PHI,Paul Reed,1630194,0,0,DNP - Coach's Decision,0,0,https://www.nba.com/game/0022000650/box-score
2021-03-21_NYK_PHI,0022000650,2021-03-21,NYK,PHI,PHI,Rayjon Tucker,1629730,0,0,DNP - Coach's Decision,0,0,https://www.nba.com/game/0022000650/box-score
2021-03-21_NYK_PHI,0022000650,2021-03-21,NYK,PHI,PHI,Shake Milton,1629003,1760,0,,21,5,https://www.nba.com/game/0022000650/box-score
2021-03-21_NYK_PHI,0022000650,2021-03-21,NYK,PHI,PHI,Terrance Ferguson,1628390,0,0,DNP - Coach's Decision,0,0,https://www.nba.com/game/0022000650/box-score
2021-03-21_NYK_PHI,0022000650,2021-03-21,NYK,PHI,PHI,Tobias Harris,202699,2151,1,,20,0,https://www.nba.com/game/0022000650/box-score
2021-03-21_NYK_PHI,0022000650,2021-03-21,NYK,PHI,PHI,Tony Bradley,1628396,1168,1,,0,1,https://www.nba.com/game/0022000650/box-score
2021-03-21_NYK_PHI,0022000650,2021-03-21,NYK,PHI,PHI,Tyrese Maxey,1630178,898,0,,6,4,https://www.nba.com/game/0022000650/box-score
2021-03-21_NYK_PHI,0022000650,2021-03-21,NYK,PHI,PHI,Vincent Poirier,1629738,0,0,DNP - Coach's Decision,0,0,https://www.nba.com/game/0022000650/box-score
2021-03-24_MIL_BOS,0022000669,2021-03-24,MIL,BOS,BOS,Aaron Nesmith,1630174,0,0,DNP - Coach's Decision,0,0,https://www.nba.com/game/0022000669/box-score
2021-03-24_MIL_BOS,0022000669,2021-03-24,MIL,BOS,BOS,Carsen Edwards,1629035,0,0,DNP - Coach's Decision,0,0,https://www.nba.com/game/0022000669/box-score
2021-03-24_MIL_BOS,0022000669,2021-03-24,MIL,BOS,BOS,Daniel Theis,1628464,1886,1,,10,-11,https://www.nba.com/game/0022000669/box-score
2021-03-24_MIL_BOS,0022000669,2021-03-24,MIL,BOS,BOS,Grant Williams,1629684,1129,0,,5,8,https://www.nba.com/game/0022000669/box-score
2021-03-24_MIL_BOS,0022000669,2021-03-24,MIL,BOS,BOS,Javonte Green,1629750,0,0,DNP - Coach's Decision,0,0,https://www.nba.com/game/0022000669/box-score
2021-03-24_MIL_BOS,0022000669,2021-03-24,MIL,BOS,BOS,Jaylen Brown,1627759,2035,1,,24,-10,https://www.nba.com/game/0022000669/box-score
2021-03-24_MIL_BOS,0022000669,2021-03-24,MIL,BOS,BOS,Jayson Tatum,1628369,2272,1,,18,5,https://www.nba.com/game/0022000669/box-score
2021-03-24_MIL_BOS,0022000669,2021-03-24,MIL,BOS,BOS,Jeff Teague,201952,1001,0,,15,11,https://www.nba.com/game/0022000669/box-score
2021-03-24_MIL_BOS,0022000669,2021-03-24,MIL,BOS,BOS,Kemba Walker,202689,2120,1,,23,-6,https://www.nba.com/game/0022000669/box-score
2021-03-24_MIL_BOS,0022000669,2021-03-24,MIL,BOS,BOS,Marcus Smart,203935,2241,1,,12,-6,https://www.nba.com/game/0022000669/box-score
2021-03-24_MIL_BOS,0022000669,2021-03-24,MIL,BOS,BOS,Payton Pritchard,1630202,247,0,,3,-2,https://www.nba.com/game/0022000669/box-score
2021-03-24_MIL_BOS,0022000669,2021-03-24,MIL,BOS,BOS,Robert Williams III,1629057,1188,0,,6,4,https://www.nba.com/game/0022000669/box-score
2021-03-24_MIL_BOS,0022000669,2021-03-24,MIL,BOS,BOS,Semi Ojeleye,1628400,282,0,,3,-3,https://www.nba.com/game/0022000669/box-score
2021-03-24_MIL_BOS,0022000669,2021-03-24,MIL,BOS,BOS,Tacko Fall,1629605,0,0,DNP - Coach's Decision,0,0,https://www.nba.com/game/0022000669/box-score
2021-03-24_MIL_BOS,0022000669,2021-03-24,MIL,BOS,BOS,Tremont Waters,1629682,0,0,DNP - Coach's Decision,0,0,https://www.nba.com/game/0022000669/box-score
2021-03-24_MIL_BOS,0022000669,2021-03-24,MIL,BOS,MIL,Axel Toupane,1626253,0,0,DNP - Coach's Decision,0,0,https://www.nba.com/game/0022000669/box-score
2021-03-24_MIL_BOS,0022000669,2021-03-24,MIL,BOS,MIL,Bobby Portis,1626171,998,0,,21,-7,https://www.nba.com/game/0022000669/box-score
2021-03-24_MIL_BOS,0022000669,2021-03-24,MIL,BOS,MIL,Brook Lopez,201572,1855,1,,17,7,https://www.nba.com/game/0022000669/box-score
2021-03-24_MIL_BOS,0022000669,2021-03-24,MIL,BOS,MIL,Donte DiVincenzo,1628978,1865,1,,17,5,https://www.nba.com/game/0022000669/box-score
2021-03-24_MIL_BOS,0022000669,2021-03-24,MIL,BOS,MIL,Giannis Antetokounmpo,203507,1973,1,,13,6,https://www.nba.com/game/0022000669/box-score
2021-03-24_MIL_BOS,0022000669,2021-03-24,MIL,BOS,MIL,Jordan Nwora,1629670,0,0,DNP - Coach's Decision,0,0,https://www.nba.com/game/0022000669/box-score
2021-03-24_MIL_BOS,0022000669,2021-03-24,MIL,BOS,MIL,Jrue Holiday,201950,2122,1,,13,0,https://www.nba.com/game/0022000669/box-score
2021-03-24_MIL_BOS,0022000669,2021-03-24,MIL,BOS,MIL,Khris Middleton,203114,2152,1,,27,1,https://www.nba.com/game/0022000669/box-score
2021-03-24_MIL_BOS,0022000669,2021-03-24,MIL,BOS,MIL,Mamadi Diakite,1629603,0,0,DNP - Coach's Decision,0,0,https://www.nba.com/game/0022000669/box-score
2021-03-24_MIL_BOS,0022000669,2021-03-24,MIL,BOS,MIL,P.J. Tucker,200782,1129,0,,3,-1,https://www.nba.com/game/0022000669/box-score
2021-03-24_MIL_BOS,0022000669,2021-03-24,MIL,BOS,MIL,Pat Connaughton,1626192,1657,0,,5,-2,https://www.nba.com/game/0022000669/box-score
2021-03-24_MIL_BOS,0022000669,2021-03-24,MIL,BOS,MIL,Sam Merrill,1630241,528,0,,3,-1,https://www.nba.com/game/0022000669/box-score
2021-03-24_MIL_BOS,0022000669,2021-03-24,MIL,BOS,MIL,Thanasis Antetokounmpo,203648,121,0,,2,2,https://www.nba.com/game/0022000669/box-score
2021-03-24_ORL_PHX,0022000670,2021-03-24,ORL,PHX,ORL,Aaron Gordon,203932,2033,1,,13,-2,https://www.nba.com/game/0022000670/box-score
2021-03-24_ORL_PHX,0022000670,2021-03-24,ORL,PHX,ORL,Al-Farouq Aminu,202329,1658,1,,6,0,https://www.nba.com/game/0022000670/box-score
2021-03-24_ORL_PHX,0022000670,2021-03-24,ORL,PHX,ORL,Chasson Randle,1626184,174,0,,2,-2,https://www.nba.com/game/0022000670/box-score
2021-03-24_ORL_PHX,0022000670,2021-03-24,ORL,PHX,ORL,Chuma Okeke,1629643,1222,0,,17,1,https://www.nba.com/game/0022000670/box-score
2021-03-24_ORL_PHX,0022000670,2021-03-24,ORL,PHX,ORL,Dwayne Bacon,1628407,1422,0,,11,21,https://www.nba.com/game/0022000670/box-score
2021-03-24_ORL_PHX,0022000670,2021-03-24,ORL,PHX,ORL,Evan Fournier,203095,1968,1,,21,-14,https://www.nba.com/game/0022000670/box-score
2021-03-24_ORL_PHX,0022000670,2021-03-24,ORL,PHX,ORL,Gary Clark,1629109,0,0,DNP - Coach's Decision,0,0,https://www.nba.com/game/0022000670/box-score
2021-03-24_ORL_PHX,0022000670,2021-03-24,ORL,PHX,ORL,James Ennis III,203516,1649,0,,5,6,https://www.nba.com/game/0022000670/box-score
2021-03-24_ORL_PHX,0022000670,2021-03-24,ORL,PHX,ORL,Karim Mane,1630211,0,0,DNP - Coach's Decision,0,0,https://www.nba.com/game/0022000670/box-score
2021-03-24_ORL_PHX,0022000670,2021-03-24,ORL,PHX,ORL,Khem Birch,203920,848,0,,2,6,https://www.nba.com/game/0022000670/box-score
2021-03-24_ORL_PHX,0022000670,2021-03-24,ORL,PHX,ORL,Michael Carter-Williams,203487,1394,1,,8,-6,https://www.nba.com/game/0022000670/box-score
2021-03-24_ORL_PHX,0022000670,2021-03-24,ORL,PHX,ORL,Mo Bamba,1628964,0,0,DNP - Coach's Decision,0,0,https://www.nba.com/game/0022000670/box-score
2021-03-24_ORL_PHX,0022000670,2021-03-24,ORL,PHX,ORL,Nikola Vucevic,202696,2032,1,,27,-5,https://www.nba.com/game/0022000670/box-score
2021-03-24_ORL_PHX,0022000670,2021-03-24,ORL,PHX,PHX,Cameron Johnson,1629661,1119,0,,3,-3,https://www.nba.com/game/0022000670/box-score
2021-03-24_ORL_PHX,0022000670,2021-03-24,ORL,PHX,PHX,Cameron Payne,1626166,1072,0,,0,-10,https://www.nba.com/game/0022000670/box-score
2021-03-24_ORL_PHX,0022000670,2021-03-24,ORL,PHX,PHX,Chris Paul,101108,1944,1,,23,3,https://www.nba.com/game/0022000670/box-score
2021-03-24_ORL_PHX,0022000670,2021-03-24,ORL,PHX,PHX,Dario Saric,203967,851,0,,4,-11,https://www.nba.com/game/0022000670/box-score
2021-03-24_ORL_PHX,0022000670,2021-03-24,ORL,PHX,PHX,Deandre Ayton,1629028,2029,1,,21,10,https://www.nba.com/game/0022000670/box-score
2021-03-24_ORL_PHX,0022000670,2021-03-24,ORL,PHX,PHX,Devin Booker,1626164,1948,1,,25,6,https://www.nba.com/game/0022000670/box-score
2021-03-24_ORL_PHX,0022000670,2021-03-24,ORL,PHX,PHX,E'Twaun Moore,202734,0,0,DNP - Coach's Decision,0,0,https://www.nba.com/game/0022000670/box-score
2021-03-24_ORL_PHX,0022000670,2021-03-24,ORL,PHX,PHX,Frank Kaminsky,1626163,0,0,DNP - Coach's Decision,0,0,https://www.nba.com/game/0022000670/box-score
2021-03-24_ORL_PHX,0022000670,2021-03-24,ORL,PHX,PHX,Jae Crowder,203109,1752,1,,17,10,https://www.nba.com/game/0022000670/box-score
2021-03-24_ORL_PHX,0022000670,2021-03-24,ORL,PHX,PHX,Jalen Smith,1630188,0,0,DNP - Coach's Decision,0,0,https://www.nba.com/game/0022000670/box-score
2021-03-24_ORL_PHX,0022000670,2021-03-24,ORL,PHX,PHX,Jevon Carter,1628975,0,0,DNP - Coach's Decision,0,0,https://www.nba.com/game/0022000670/box-score
2021-03-24_ORL_PHX,0022000670,2021-03-24,ORL,PHX,PHX,Langston Galloway,204038,674,0,,3,-8,https://www.nba.com/game/0022000670/box-score
2021-03-24_ORL_PHX,0022000670,2021-03-24,ORL,PHX,PHX,Mikal Bridges,1628969,1854,1,,5,9,https://www.nba.com/game/0022000670/box-score
2021-03-24_ORL_PHX,0022000670,2021-03-24,ORL,PHX,PHX,Torrey Craig,1628470,1157,0,,10,-11,https://www.nba.com/game/0022000670/box-score
2021-03-24_ORL_PHX,0022000670,2021-03-24,ORL,PHX,PHX,Ty-Shon Alexander,1630234,0,0,DNP - Coach's Decision,0,0,https://www.nba.com/game/0022000670/box-score
2021-03-24_SAC_ATL,0022000677,2021-03-24,SAC,ATL,ATL,Bogdan Bogdanovic,203992,1893,0,,20,3,https://www.nba.com/game/0022000677/box-score
2021-03-24_SAC_ATL,0022000677,2021-03-24,SAC,ATL,ATL,Brandon Goodwin,1629164,0,0,DNP - Coach's Decision,0,0,https://www.nba.com/game/0022000677/box-score
2021-03-24_SAC_ATL,0022000677,2021-03-24,SAC,ATL,ATL,Bruno Fernando,1628981,0,0,DNP - Coach's Decision,0,0,https://www.nba.com/game/0022000677/box-score
2021-03-24_SAC_ATL,0022000677,2021-03-24,SAC,ATL,ATL,Clint Capela,203991,1849,1,,25,8,https://www.nba.com/game/0022000677/box-score
2021-03-24_SAC_ATL,0022000677,2021-03-24,SAC,ATL,ATL,Danilo Gallinari,201568,1540,0,,12,-3,https://www.nba.com/game/0022000677/box-score
2021-03-24_SAC_ATL,0022000677,2021-03-24,SAC,ATL,ATL,De'Andre Hunter,1629631,1544,0,,2,8,https://www.nba.com/game/0022000677/box-score
2021-03-24_SAC_ATL,0022000677,2021-03-24,SAC,ATL,ATL,John Collins,1628381,1963,1,,10,-5,https://www.nba.com/game/0022000677/box-score
2021-03-24_SAC_ATL,0022000677,2021-03-24,SAC,ATL,ATL,Kevin Huerter,1628989,1665,1,,10,-7,https://www.nba.com/game/0022000677/box-score
2021-03-24_SAC_ATL,0022000677,2021-03-24,SAC,ATL,ATL,Nathan Knight,1630233,200,0,,0,-6,https://www.nba.com/game/0022000677/box-score
2021-03-24_SAC_ATL,0022000677,2021-03-24,SAC,ATL,ATL,Onyeka Okongwu,1630168,208,0,,0,2,https://www.nba.com/game/0022000677/box-score
2021-03-24_SAC_ATL,0022000677,2021-03-24,SAC,ATL,ATL,Rajon Rondo,200765,0,0,DNP - Coach's Decision,0,0,https://www.nba.com/game/0022000677/box-score
2021-03-24_SAC_ATL,0022000677,2021-03-24,SAC,ATL,ATL,Skylar Mays,1630219,0,0,DNP - Coach's Decision,0,0,https://www.nba.com/game/0022000677/box-score
2021-03-24_SAC_ATL,0022000677,2021-03-24,SAC,ATL,ATL,Solomon Hill,203524,0,0,DNP - Coach's Decision,0,0,https://www.nba.com/game/0022000677/box-score
2021-03-24_SAC_ATL,0022000677,2021-03-24,SAC,ATL,ATL,Tony Snell,203503,1236,1,,0,-6,https://www.nba.com/game/0022000677/box-score
2021-03-24_SAC_ATL,0022000677,2021-03-24,SAC,ATL,ATL,Trae Young,1629027,2302,1,,29,-4,https://www.nba.com/game/0022000677/box-score
2021-03-24_SAC_ATL,0022000677,2021-03-24,SAC,ATL,SAC,Buddy Hield,1627741,2305,1,,14,-3,https://www.nba.com/game/0022000677/box-score
2021-03-24_SAC_ATL,0022000677,2021-03-24,SAC,ATL,SAC,Chimezie Metu,1629002,536,0,,7,-6,https://www.nba.com/game/0022000677/box-score
2021-03-24_SAC_ATL,0022000677,2021-03-24,SAC,ATL,SAC,Cory Joseph,202709,1267,0,,2,-2,https://www.nba.com/game/0022000677/box-score
2021-03-24_SAC_ATL,0022000677,2021-03-24,SAC,ATL,SAC,DaQuan Jeffries,1629610,0,0,DNP - Coach's Decision,0,0,https://www.nba.com/game/0022000677/box-score
2021-03-24_SAC_ATL,0022000677,2021-03-24,SAC,ATL,SAC,De'Aaron Fox,1628368,2374,1,,37,5,https://www.nba.com/game/0022000677/box-score
2021-03-24_SAC_ATL,0022000677,2021-03-24,SAC,ATL,SAC,Harrison Barnes,203084,2486,1,,9,11,https://www.nba.com/game/0022000677/box-score
2021-03-24_SAC_ATL,0022000677,2021-03-24,SAC,ATL,SAC,Hassan Whiteside,202355,1096,0,,8,-3,https://www.nba.com/game/0022000677/box-score
2021-03-24_SAC_ATL,0022000677,2021-03-24,SAC,ATL,SAC,Jabari Parker,203953,0,0,DNP - Coach's Decision,0,0,https://www.nba.com/game/0022000677/box-score
2021-03-24_SAC_ATL,0022000677,2021-03-24,SAC,ATL,SAC,Justin James,1629713,420,0,,0,3,https://www.nba.com/game/0022000677/box-score
2021-03-24_SAC_ATL,0022000677,2021-03-24,SAC,ATL,SAC,Kyle Guy,1629657,0,0,DNP - Coach's Decision,0,0,https://www.nba.com/game/0022000677/box-score
2021-03-24_SAC_ATL,0022000677,2021-03-24,SAC,ATL,SAC,Mfiondu Kabengele,1629662,0,0,DNP - Coach's Decision,0,0,https://www.nba.com/game/0022000677/box-score
2021-03-24_SAC_ATL,0022000677,2021-03-24,SAC,ATL,SAC,Nemanja Bjelica,202357,0,0,DNP - Coach's Decision,0,0,https://www.nba.com/game/0022000677/box-score
2021-03-24_SAC_ATL,0022000677,2021-03-24,SAC,ATL,SAC,Richaun Holmes,1626158,1784,1,,16,5,https://www.nba.com/game/0022000677/box-score
2021-03-24_SAC_ATL,0022000677,2021-03-24,SAC,ATL,SAC,Robert Woodard II,1630218,0,0,DNP - Coach's Decision,0,0,https://www.nba.com/game/0022000677/box-score
2021-03-24_SAC_ATL,0022000677,2021-03-24,SAC,ATL,SAC,Tyrese Haliburton,1630169,2133,1,,17,0,https://www.nba.com/game/0022000677/box-score
2021-03-26_DET_BKN,0022000683,2021-03-26,DET,BKN,BKN,Alize Johnson,1628993,0,0,DNP - Coach's Decision,0,0,https://www.nba.com/game/0022000683/box-score
2021-03-26_DET_BKN,0022000683,2021-03-26,DET,BKN,BKN,Blake Griffin,201933,1211,0,,17,5,https://www.nba.com/game/0022000683/box-score
2021-03-26_DET_BKN,0022000683,2021-03-26,DET,BKN,BKN,Bruce Brown,1628971,1368,1,,7,-1,https://www.nba.com/game/0022000683/box-score
2021-03-26_DET_BKN,0022000683,2021-03-26,DET,BKN,BKN,Chris Chiozza,1629185,0,0,DNP - Coach's Decision,0,0,https://www.nba.com/game/0022000683/box-score
2021-03-26_DET_BKN,0022000683,2021-03-26,DET,BKN,BKN,DeAndre Jordan,201599,1213,1,,10,-3,https://www.nba.com/game/0022000683/box-score
2021-03-26_DET_BKN,0022000683,2021-03-26,DET,BKN,BKN,James Harden,201935,2534,1,,44,-3,https://www.nba.com/game/0022000683/box-score
2021-03-26_DET_BKN,0022000683,2021-03-26,DET,BKN,BKN,Jeff Green,201145,1787,1,,8,0,https://www.nba.com/game/0022000683/box-score
2021-03-26_DET_BKN,0022000683,2021-03-26,DET,BKN,BKN,Joe Harris,203925,1754,1,,9,-7,https://www.nba.com/game/0022000683/box-score
2021-03-26_DET_BKN,0022000683,2021-03-26,DET,BKN,BKN,Nic Claxton,1629651,1538,0,,3,-2,https://www.nba.com/game/0022000683/box-score
2021-03-26_DET_BKN,0022000683,2021-03-26,DET,BKN,BKN,Reggie Perry,1629617,0,0,DNP - Coach's Decision,0,0,https://www.nba.com/game/0022000683/box-score
2021-03-26_DET_BKN,0022000683,2021-03-26,DET,BKN,BKN,Timothe Luwawu-Cabarrot,1627789,1330,0,,7,12,https://www.nba.com/game/0022000683/box-score
2021-03-26_DET_BKN,0022000683,2021-03-26,DET,BKN,BKN,Tyler Johnson,204020,1665,0,,8,9,https://www.nba.com/game/0022000683/box-score
2021-03-26_DET_BKN,0022000683,2021-03-26,DET,BKN,DET,Cory Joseph,202709,1082,0,,9,2,https://www.nba.com/game/0022000683/box-score
2021-03-26_DET_BKN,0022000683,2021-03-26,DET,BKN,DET,Deividas Sirvydis,1629686,0,0,DNP - Coach's Decision,0,0,https://www.nba.com/game/0022000683/box-score
2021-03-26_DET_BKN,0022000683,2021-03-26,DET,BKN,DET,Frank Jackson,1628402,639,0,,14,2,https://www.nba.com/game/0022000683/box-score
2021-03-26_DET_BKN,0022000683,2021-03-26,DET,BKN,DET,Hamidou Diallo,1628977,1115,0,,6,-14,https://www.nba.com/game/0022000683/box-score
2021-03-26_DET_BKN,0022000683,2021-03-26,DET,BKN,DET,Isaiah Stewart,1630191,341,0,,2,-9,https://www.nba.com/game/0022000683/box-score
2021-03-26_DET_BKN,0022000683,2021-03-26,DET,BKN,DET,Jerami Grant,203924,2219,1,,19,4,https://www.nba.com/game/0022000683/box-score
2021-03-26_DET_BKN,0022000683,2021-03-26,DET,BKN,DET,Josh Jackson,1628367,991,0,,8,-4,https://www.nba.com/game/0022000683/box-score
2021-03-26_DET_BKN,0022000683,2021-03-26,DET,BKN,DET,Mason Plumlee,203486,1848,1,,13,13,https://www.nba.com/game/0022000683/box-score
2021-03-26_DET_BKN,0022000683,2021-03-26,DET,BKN,DET,Rodney McGruder,203585,946,1,,7,3,https://www.nba.com/game/0022000683/box-score
2021-03-26_DET_BKN,0022000683,2021-03-26,DET,BKN,DET,Saben Lee,1630240,930,0,,8,-7,https://www.nba.com/game/0022000683/box-score
2021-03-26_DET_BKN,0022000683,2021-03-26,DET,BKN,DET,Saddiq Bey,1630180,1964,1,,14,5,https://www.nba.com/game/0022000683/box-score
2021-03-26_DET_BKN,0022000683,2021-03-26,DET,BKN,DET,Sekou Doumbouya,1629635,315,0,,0,-1,https://www.nba.com/game/0022000683/box-score
2021-03-26_DET_BKN,0022000683,2021-03-26,DET,BKN,DET,Tyler Cook,1629076,690,0,,2,-6,https://www.nba.com/game/0022000683/box-score
2021-03-26_DET_BKN,0022000683,2021-03-26,DET,BKN,DET,Wayne Ellington,201961,1320,1,,9,2,https://www.nba.com/game/0022000683/box-score
2021-03-26_UTA_MEM,0022000691,2021-03-26,UTA,MEM,MEM,Brandon Clarke,1629634,1292,0,,13,3,https://www.nba.com/game/0022000691/box-score
2021-03-26_UTA_MEM,0022000691,2021-03-26,UTA,MEM,MEM,De'Anthony Melton,1629001,832,0,,0,-10,https://www.nba.com/game/0022000691/box-score
2021-03-26_UTA_MEM,0022000691,2021-03-26,UTA,MEM,MEM,Desmond Bane,1630217,907,0,,3,-20,https://www.nba.com/game/0022000691/box-score
2021-03-26_UTA_MEM,0022000691,2021-03-26,UTA,MEM,MEM,Dillon Brooks,1628415,1918,1,,22,21,https://www.nba.com/game/0022000691/box-score
2021-03-26_UTA_MEM,0022000691,2021-03-26,UTA,MEM,MEM,Grayson Allen,1628960,1758,1,,17,-1,https://www.nba.com/game/0022000691/box-score
2021-03-26_UTA_MEM,0022000691,2021-03-26,UTA,MEM,MEM,Ja Morant,1629630,2225,1,,32,11,https://www.nba.com/game/0022000691/box-score
2021-03-26_UTA_MEM,0022000691,2021-03-26,UTA,MEM,MEM,John Konchar,1629723,0,0,DNP - Coach's Decision,0,0,https://www.nba.com/game/0022000691/box-score
2021-03-26_UTA_MEM,0022000691,2021-03-26,UTA,MEM,MEM,Jonas Valanciunas,202685,1692,1,,14,-3,https://www.nba.com/game/0022000691/box-score
2021-03-26_UTA_MEM,0022000691,2021-03-26,UTA,MEM,MEM,Jontay Porter,1629007,0,0,DNP - Coach's Decision,0,0,https://www.nba.com/game/0022000691/box-score
2021-03-26_UTA_MEM,0022000691,2021-03-26,UTA,MEM,MEM,Justise Winslow,1626159,1122,0,,4,-2,https://www.nba.com/game/0022000691/box-score
2021-03-26_UTA_MEM,0022000691,2021-03-26,UTA,MEM,MEM,Killian Tillie,1629681,0,0,DNP - Coach's Decision,0,0,https://www.nba.com/game/0022000691/box-score
2021-03-26_UTA_MEM,0022000691,2021-03-26,UTA,MEM,MEM,Kyle Anderson,203937,1999,1,,5,0,https://www.nba.com/game/0022000691/box-score
2021-03-26_UTA_MEM,0022000691,2021-03-26,UTA,MEM,MEM,Sean McDermott,1630253,0,0,DNP - Coach's Decision,0,0,https://www.nba.com/game/0022000691/box-score
2021-03-26_UTA_MEM,0022000691,2021-03-26,UTA,MEM,MEM,Tyus Jones,1626145,655,0,,4,-14,https://www.nba.com/game/0022000691/box-score
2021-03-26_UTA_MEM,0022000691,2021-03-26,UTA,MEM,MEM,Xavier Tillman,1630214,0,0,DNP - Coach's Decision,0,0,https://www.nba.com/game/0022000691/box-score
2021-03-26_UTA_MEM,0022000691,2021-03-26,UTA,MEM,UTA,Bojan Bogdanovic,202711,1931,1,,17,-1,https://www.nba.com/game/0022000691/box-score
2021-03-26_UTA_MEM,0022000691,2021-03-26,UTA,MEM,UTA,Derrick Favors,202324,962,0,,7,-7,https://www.nba.com/game/0022000691/box-score
2021-03-26_UTA_MEM,0022000691,2021-03-26,UTA,MEM,UTA,Donovan Mitchell,1628378,2141,1,,35,-10,https://www.nba.com/game/0022000691/box-score
2021-03-26_UTA_MEM,0022000691,2021-03-26,UTA,MEM,UTA,Elijah Hughes,1630190,0,0,DNP - Coach's Decision,0,0,https://www.nba.com/game/0022000691/box-score
2021-03-26_UTA_MEM,0022000691,2021-03-26,UTA,MEM,UTA,Ersan Ilyasova,101141,0,0,DNP - Coach's Decision,0,0,https://www.nba.com/game/0022000691/box-score
2021-03-26_UTA_MEM,0022000691,2021-03-26,UTA,MEM,UTA,Georges Niang,1627777,753,0,,3,12,https://www.nba.com/game/0022000691/box-score
2021-03-26_UTA_MEM,0022000691,2021-03-26,UTA,MEM,UTA,Jarrell Brantley,1629714,0,0,DNP - Coach's Decision,0,0,https://www.nba.com/game/0022000691/box-score
2021-03-26_UTA_MEM,0022000691,2021-03-26,UTA,MEM,UTA,Joe Ingles,204060,1377,0,,9,-5,https://www.nba.com/game/0022000691/box-score
2021-03-26_UTA_MEM,0022000691,2021-03-26,UTA,MEM,UTA,Jordan Clarkson,203903,1511,0,,14,12,https://www.nba.com/game/0022000691/box-score
2021-03-26_UTA_MEM,0022000691,2021-03-26,UTA,MEM,UTA,Juwan Morgan,1629752,0,0,DNP - Coach's Decision,0,0,https://www.nba.com/game/0022000691/box-score
2021-03-26_UTA_MEM,0022000691,2021-03-26,UTA,MEM,UTA,Mike Conley,201144,1753,1,,5,11,https://www.nba.com/game/0022000691/box-score
2021-03-26_UTA_MEM,0022000691,2021-03-26,UTA,MEM,UTA,Miye Oni,1629671,0,0,DNP - Coach's Decision,0,0,https://www.nba.com/game/0022000691/box-score
2021-03-26_UTA_MEM,0022000691,2021-03-26,UTA,MEM,UTA,Royce O'Neale,1626220,2052,1,,2,-7,https://www.nba.com/game/0022000691/box-score
2021-03-26_UTA_MEM,0022000691,2021-03-26,UTA,MEM,UTA,Rudy Gobert,203497,1920,1,,25,10,https://www.nba.com/game/0022000691/box-score
2021-03-26_UTA_MEM,0022000691,2021-03-26,UTA,MEM,UTA,Trent Forrest,1630235,0,0,DNP - Coach's Decision,0,0,https://www.nba.com/game/0022000691/box-score
2021-03-27_SAC_CLE,0022000702,2021-03-27,SAC,CLE,CLE,Brodric Thomas,1630271,1873,1,,7,8,https://www.nba.com/game/0022000702/box-score
2021-03-27_SAC_CLE,0022000702,2021-03-27,SAC,CLE,CLE,Cedi Osman,1626224,0,0,DNP - Coach's Decision,0,0,https://www.nba.com/game/0022000702/box-score
2021-03-27_SAC_CLE,0022000702,2021-03-27,SAC,CLE,CLE,Collin Sexton,1629012,2400,1,,26,-4,https://www.nba.com/game/0022000702/box-score
2021-03-27_SAC_CLE,0022000702,2021-03-27,SAC,CLE,CLE,Damyean Dotson,1628422,1375,0,,9,8,https://www.nba.com/game/0022000702/box-score
2021-03-27_SAC_CLE,0022000702,2021-03-27,SAC,CLE,CLE,Darius Garland,1629636,2005,1,,18,-6,https://www.nba.com/game/0022000702/box-score
2021-03-27_SAC_CLE,0022000702,2021-03-27,SAC,CLE,CLE,Dean Wade,1629731,1871,0,,13,-2,https://www.nba.com/game/0022000702/box-score
2021-03-27_SAC_CLE,0022000702,2021-03-27,SAC,CLE,CLE,Dylan Windler,1629685,0,0,DNP - Coach's Decision,0,0,https://www.nba.com/game/0022000702/box-score
2021-03-27_SAC_CLE,0022000702,2021-03-27,SAC,CLE,CLE,Isaac Okoro,1630171,1978,1,,2,-10,https://www.nba.com/game/0022000702/box-score
2021-03-27_SAC_CLE,0022000702,2021-03-27,SAC,CLE,CLE,Lamar Stevens,1630205,876,0,,6,4,https://www.nba.com/game/0022000702/box-score
2021-03-27_SAC_CLE,0022000702,2021-03-27,SAC,CLE,CLE,Larry Nance Jr.,1626204,2023,1,,17,-8,https://www.nba.com/game/0022000702/box-score
2021-03-27_SAC_CLE,0022000702,2021-03-27,SAC,CLE,CLE,Quinn Cook,1626188,0,0,DNP - Coach's Decision,0,0,https://www.nba.com/game/0022000702/box-score
2021-03-27_SAC_CLE,0022000702,2021-03-27,SAC,CLE,CLE,Taurean Prince,1627752,0,0,DNP - Injury/Illness,0,0,https://www.nba.com/game/0022000702/box-score
2021-03-27_SAC_CLE,0022000702,2021-03-27,SAC,CLE,SAC,Buddy Hield,1627741,1917,1,,10,9,https://www.nba.com/game/0022000702/box-score
2021-03-27_SAC_CLE,0022000702,2021-03-27,SAC,CLE,SAC,Chimezie Metu,1629002,853,0,,5,8,https://www.nba.com/game/0022000702/box-score
2021-03-27_SAC_CLE,0022000702,2021-03-27,SAC,CLE,SAC,Chris Silva,1629735,0,0,DNP - Coach's Decision,0,0,https://www.nba.com/game/0022000702/box-score
2021-03-27_SAC_CLE,0022000702,2021-03-27,SAC,CLE,SAC,DaQuan Jeffries,1629610,0,0,DNP - Coach's Decision,0,0,https://www.nba.com/game/0022000702/box-score
2021-03-27_SAC_CLE,0022000702,2021-03-27,SAC,CLE,SAC,De'Aaron Fox,1628368,2294,1,,36,5,https://www.nba.com/game/0022000702/box-score
2021-03-27_SAC_CLE,0022000702,2021-03-27,SAC,CLE,SAC,Delon Wright,1626153,1369,0,,4,-2,https://www.nba.com/game/0022000702/box-score
2021-03-27_SAC_CLE,0022000702,2021-03-27,SAC,CLE,SAC,Harrison Barnes,203084,2188,1,,16,13,https://www.nba.com/game/0022000702/box-score
2021-03-27_SAC_CLE,0022000702,2021-03-27,SAC,CLE,SAC,Justin James,1629713,0,0,DNP - Coach's Decision,0,0,https://www.nba.com/game/0022000702/box-score
2021-03-27_SAC_CLE,0022000702,2021-03-27,SAC,CLE,SAC,Kyle Guy,1629657,0,0,DNP - Coach's Decision,0,0,https://www.nba.com/game/0022000702/box-score
2021-03-27_SAC_CLE,0022000702,2021-03-27,SAC,CLE,SAC,Maurice Harkless,203090,692,0,,0,-11,https://www.nba.com/game/0022000702/box-score
2021-03-27_SAC_CLE,0022000702,2021-03-27,SAC,CLE,SAC,Richaun Holmes,1626158,2034,1,,10,-3,https://www.nba.com/game/0022000702/box-score
2021-03-27_SAC_CLE,0022000702,2021-03-27,SAC,CLE,SAC,Robert Woodard II,1630218,0,0,DNP - Coach's Decision,0,0,https://www.nba.com/game/0022000702/box-score
2021-03-27_SAC_CLE,0022000702,2021-03-27,SAC,CLE,SAC,Terence Davis,1629056,1066,0,,6,-8,https://www.nba.com/game/0022000702/box-score
2021-03-27_SAC_CLE,0022000702,2021-03-27,SAC,CLE,SAC,Tyrese Haliburton,1630169,1987,1,,13,-1,https://www.nba.com/game/0022000702/box-score
2021-03-31_MIN_NYK,0022000726,2021-03-31,MIN,NYK,MIN,Anthony Edwards,1630162,2132,1,,24,14,https://www.nba.com/game/0022000726/box-score
2021-03-31_MIN_NYK,0022000726,2021-03-31,MIN,NYK,MIN,Ed Davis,202334,0,0,DNP - Coach's Decision,0,0,https://www.nba.com/game/0022000726/box-score
2021-03-31_MIN_NYK,0022000726,2021-03-31,MIN,NYK,MIN,Jaden McDaniels,1630183,2174,1,,18,9,https://www.nba.com/game/0022000726/box-score
2021-03-31_MIN_NYK,0022000726,2021-03-31,MIN,NYK,MIN,Jake Layman,1627774,208,0,,0,-2,https://www.nba.com/game/0022000726/box-score
2021-03-31_MIN_NYK,0022000726,2021-03-31,MIN,NYK,MIN,Jarred Vanderbilt,1629020,0,0,DNP - Coach's Decision,0,0,https://www.nba.com/game/0022000726/box-score
2021-03-31_MIN_NYK,0022000726,2021-03-31,MIN,NYK,MIN,Jarrett Culver,1629633,224,0,,1,-3,https://www.nba.com/game/0022000726/box-score
2021-03-31_MIN_NYK,0022000726,2021-03-31,MIN,NYK,MIN,Jaylen Nowell,1629669,1275,0,,4,5,https://www.nba.com/game/0022000726/box-score
2021-03-31_MIN_NYK,0022000726,2021-03-31,MIN,NYK,MIN,Jordan McLaughlin,1629162,1212,0,,2,-3,https://www.nba.com/game/0022000726/box-score
2021-03-31_MIN_NYK,0022000726,2021-03-31,MIN,NYK,MIN,Juancho Hernangomez,1627823,285,0,,0,-9,https://www.nba.com/game/0022000726/box-score
2021-03-31_MIN_NYK,0022000726,2021-03-31,MIN,NYK,MIN,Karl-Anthony Towns,1626157,2374,1,,18,9,https://www.nba.com/game/0022000726/box-score
2021-03-31_MIN_NYK,0022000726,2021-03-31,MIN,NYK,MIN,Malik Beasley,1627736,1921,1,,20,-12,https://www.nba.com/game/0022000726/box-score
2021-03-31_MIN_NYK,0022000726,2021-03-31,MIN,NYK,MIN,Naz Reid,1629675,927,0,,6,-7,https://www.nba.com/game/0022000726/box-score
2021-03-31_MIN_NYK,0022000726,2021-03-31,MIN,NYK,MIN,Ricky Rubio,201937,1668,1,,9,4,https://www.nba.com/game/0022000726/box-score
2021-03-31_MIN_NYK,0022000726,2021-03-31,MIN,NYK,NYK,Alec Burks,202692,1454,0,,13,-7,https://www.nba.com/game/0022000726/box-score
2021-03-31_MIN_NYK,0022000726,2021-03-31,MIN,NYK,NYK,Elfrid Payton,203901,1659,1,,17,2,https://www.nba.com/game/0022000726/box-score
2021-03-31_MIN_NYK,0022000726,2021-03-31,MIN,NYK,NYK,Frank Ntilikina,1628373,0,0,DNP - Coach's Decision,0,0,https://www.nba.com/game/0022000726/box-score
2021-03-31_MIN_NYK,0022000726,2021-03-31,MIN,NYK,NYK,Immanuel Quickley,1630193,782,0,,0,11,https://www.nba.com/game/0022000726/box-score
2021-03-31_MIN_NYK,0022000726,2021-03-31,MIN,NYK,NYK,Jared Harper,1629607,0,0,DNP - Coach's Decision,0,0,https://www.nba.com/game/0022000726/box-score
2021-03-31_MIN_NYK,0022000726,2021-03-31,MIN,NYK,NYK,Julius Randle,203944,2355,1,,26,-5,https://www.nba.com/game/0022000726/box-score
2021-03-31_MIN_NYK,0022000726,2021-03-31,MIN,NYK,NYK,Kevin Knox II,1628995,0,0,DNP - Coach's Decision,0,0,https://www.nba.com/game/0022000726/box-score
2021-03-31_MIN_NYK,0022000726,2021-03-31,MIN,NYK,NYK,Nerlens Noel,203457,1424,1,,2,1,https://www.nba.com/game/0022000726/box-score
2021-03-31_MIN_NYK,0022000726,2021-03-31,MIN,NYK,NYK,Obi Toppin,1630167,525,0,,3,4,https://www.nba.com/game/0022000726/box-score
2021-03-31_MIN_NYK,0022000726,2021-03-31,MIN,NYK,NYK,RJ Barrett,1629628,2431,1,,23,1,https://www.nba.com/game/0022000726/box-score
2021-03-31_MIN_NYK,0022000726,2021-03-31,MIN,NYK,NYK,Reggie Bullock,203493,2319,1,,10,-10,https://www.nba.com/game/0022000726/box-score
2021-03-31_MIN_NYK,0022000726,2021-03-31,MIN,NYK,NYK,Taj Gibson,201959,1451,0,,7,-2,https://www.nba.com/game/0022000726/box-score
2021-03-31_MIN_NYK,0022000726,2021-03-31,MIN,NYK,NYK,Theo Pinson,1629033,0,0,DNP - Coach's Decision,0,0,https://www.nba.com/game/0022000726/box-score
2021-04-03_SAC_MIL,0022000754,2021-04-03,SAC,MIL,MIL,Axel Toupane,1626253,0,0,DNP - Coach's Decision,0,0,https://www.nba.com/game/0022000754/box-score
2021-04-03_SAC_MIL,0022000754,2021-04-03,SAC,MIL,MIL,Bobby Portis,1626171,1218,0,,18,8,https://www.nba.com/game/0022000754/box-score
2021-04-03_SAC_MIL,0022000754,2021-04-03,SAC,MIL,MIL,Brook Lopez,201572,1862,1,,26,6,https://www.nba.com/game/0022000754/box-score
2021-04-03_SAC_MIL,0022000754,2021-04-03,SAC,MIL,MIL,Bryn Forbes,1627854,945,0,,8,1,https://www.nba.com/game/0022000754/box-score
2021-04-03_SAC_MIL,0022000754,2021-04-03,SAC,MIL,MIL,Donte DiVincenzo,1628978,1867,1,,12,1,https://www.nba.com/game/0022000754/box-score
2021-04-03_SAC_MIL,0022000754,2021-04-03,SAC,MIL,MIL,Jeff Teague,201952,1056,0,,2,2,https://www.nba.com/game/0022000754/box-score
2021-04-03_SAC_MIL,0022000754,2021-04-03,SAC,MIL,MIL,Jordan Nwora,1629670,769,0,,3,3,https://www.nba.com/game/0022000754/box-score
2021-04-03_SAC_MIL,0022000754,2021-04-03,SAC,MIL,MIL,Jrue Holiday,201950,2239,1,,33,7,https://www.nba.com/game/0022000754/box-score
2021-04-03_SAC_MIL,0022000754,2021-04-03,SAC,MIL,MIL,Khris Middleton,203114,2066,1,,16,-15,https://www.nba.com/game/0022000754/box-score
2021-04-03_SAC_MIL,0022000754,2021-04-03,SAC,MIL,MIL,Mamadi Diakite,1629603,0,0,DNP - Coach's Decision,0,0,https://www.nba.com/game/0022000754/box-score
2021-04-03_SAC_MIL,0022000754,2021-04-03,SAC,MIL,MIL,Pat Connaughton,1626192,1870,1,,9,-2,https://www.nba.com/game/0022000754/box-score
2021-04-03_SAC_MIL,0022000754,2021-04-03,SAC,MIL,MIL,Rodions Kurucs,1629066,0,0,DNP - Coach's Decision,0,0,https://www.nba.com/game/0022000754/box-score
2021-04-03_SAC_MIL,0022000754,2021-04-03,SAC,MIL,MIL,Sam Merrill,1630241,0,0,DNP - Coach's Decision,0,0,https://www.nba.com/game/0022000754/box-score
2021-04-03_SAC_MIL,0022000754,2021-04-03,SAC,MIL,MIL,Thanasis Antetokounmpo,203648,508,0,,2,-6,https://www.nba.com/game/0022000754/box-score
2021-04-03_SAC_MIL,0022000754,2021-04-03,SAC,MIL,SAC,Buddy Hield,1627741,1908,1,,19,-2,https://www.nba.com/game/0022000754/box-score
2021-04-03_SAC_MIL,0022000754,2021-04-03,SAC,MIL,SAC,Chimezie Metu,1629002,847,0,,8,2,https://www.nba.com/game/0022000754/box-score
2021-04-03_SAC_MIL,0022000754,2021-04-03,SAC,MIL,SAC,Chris Silva,1629735,0,0,DNP - Coach's Decision,0,0,https://www.nba.com/game/0022000754/box-score
2021-04-03_SAC_MIL,0022000754,2021-04-03,SAC,MIL,SAC,De'Aaron Fox,1628368,2259,1,,27,-10,https://www.nba.com/game/0022000754/box-score
2021-04-03_SAC_MIL,0022000754,2021-04-03,SAC,MIL,SAC,Delon Wright,1626153,1067,0,,10,4,https://www.nba.com/game/0022000754/box-score
2021-04-03_SAC_MIL,0022000754,2021-04-03,SAC,MIL,SAC,Harrison Barnes,203084,2078,1,,9,0,https://www.nba.com/game/0022000754/box-score
2021-04-03_SAC_MIL,0022000754,2021-04-03,SAC,MIL,SAC,Jahmi'us Ramsey,1630186,0,0,DNP - Coach's Decision,0,0,https://www.nba.com/game/0022000754/box-score
2021-04-03_SAC_MIL,0022000754,2021-04-03,SAC,MIL,SAC,Justin James,1629713,0,0,DNP - Coach's Decision,0,0,https://www.nba.com/game/0022000754/box-score
2021-04-03_SAC_MIL,0022000754,2021-04-03,SAC,MIL,SAC,Kyle Guy,1629657,0,0,DNP - Coach's Decision,0,0,https://www.nba.com/game/0022000754/box-score
2021-04-03_SAC_MIL,0022000754,2021-04-03,SAC,MIL,SAC,Maurice Harkless,203090,1272,0,,4,1,https://www.nba.com/game/0022000754/box-score
2021-04-03_SAC_MIL,0022000754,2021-04-03,SAC,MIL,SAC,Richaun Holmes,1626158,1601,1,,12,-13,https://www.nba.com/game/0022000754/box-score
2021-04-03_SAC_MIL,0022000754,2021-04-03,SAC,MIL,SAC,Robert Woodard II,1630218,0,0,DNP - Coach's Decision,0,0,https://www.nba.com/game/0022000754/box-score
2021-04-03_SAC_MIL,0022000754,2021-04-03,SAC,MIL,SAC,Terence Davis,1629056,1400,0,,27,12,https://www.nba.com/game/0022000754/box-score
2021-04-03_SAC_MIL,0022000754,2021-04-03,SAC,MIL,SAC,Tyrese Haliburton,1630169,1968,1,,12,1,https://www.nba.com/game/0022000754/box-score
2021-04-05_BKN_NYK,0022000762,2021-04-05,BKN,NYK,BKN,Alize Johnson,1628993,1037,0,,12,11,https://www.nba.com/game/0022000762/box-score
2021-04-05_BKN_NYK,0022000762,2021-04-05,BKN,NYK,BKN,Bruce Brown,1628971,1278,0,,4,-20,https://www.nba.com/game/0022000762/box-score
2021-04-05_BKN_NYK,0022000762,2021-04-05,BKN,NYK,BKN,Chris Chiozza,1629185,732,0,,2,12,https://www.nba.com/game/0022000762/box-score
2021-04-05_BKN_NYK,0022000762,2021-04-05,BKN,NYK,BKN,DeAndre Jordan,201599,0,0,DNP - Coach's Decision,0,0,https://www.nba.com/game/0022000762/box-score
2021-04-05_BKN_NYK,0022000762,2021-04-05,BKN,NYK,BKN,James Harden,201935,262,1,,0,1,https://www.nba.com/game/0022000762/box-score
2021-04-05_BKN_NYK,0022000762,2021-04-05,BKN,NYK,BKN,Jeff Green,201145,2180,1,,23,-2,https://www.nba.com/game/0022000762/box-score
2021-04-05_BKN_NYK,0022000762,2021-04-05,BKN,NYK,BKN,Joe Harris,203925,2028,1,,16,3,https://www.nba.com/game/0022000762/box-score
2021-04-05_BKN_NYK,0022000762,2021-04-05,BKN,NYK,BKN,Kyrie Irving,202681,2236,1,,40,-5,https://www.nba.com/game/0022000762/box-score
2021-04-05_BKN_NYK,0022000762,2021-04-05,BKN,NYK,BKN,LaMarcus Aldridge,200746,1739,1,,8,7,https://www.nba.com/game/0022000762/box-score
2021-04-05_BKN_NYK,0022000762,2021-04-05,BKN,NYK,BKN,Nic Claxton,1629651,992,0,,0,2,https://www.nba.com/game/0022000762/box-score
2021-04-05_BKN_NYK,0022000762,2021-04-05,BKN,NYK,BKN,Reggie Perry,1629617,0,0,DNP - Coach's Decision,0,0,https://www.nba.com/game/0022000762/box-score
2021-04-05_BKN_NYK,0022000762,2021-04-05,BKN,NYK,BKN,Timothe Luwawu-Cabarrot,1627789,1916,0,,9,1,https://www.nba.com/game/0022000762/box-score
2021-04-05_BKN_NYK,0022000762,2021-04-05,BKN,NYK,NYK,Alec Burks,202692,1205,0,,6,-8,https://www.nba.com/game/0022000762/box-score
2021-04-05_BKN_NYK,0022000762,2021-04-05,BKN,NYK,NYK,Derrick Rose,201565,1525,0,,16,-8,https://www.nba.com/game/0022000762/box-score
2021-04-05_BKN_NYK,0022000762,2021-04-05,BKN,NYK,NYK,Elfrid Payton,203901,1313,1,,8,3,https://www.nba.com/game/0022000762/box-score
2021-04-05_BKN_NYK,0022000762,2021-04-05,BKN,NYK,NYK,Frank Ntilikina,1628373,0,0,DNP - Coach's Decision,0,0,https://www.nba.com/game/0022000762/box-score
2021-04-05_BKN_NYK,0022000762,2021-04-05,BKN,NYK,NYK,Immanuel Quickley,1630193,796,0,,3,6,https://www.nba.com/game/0022000762/box-score
2021-04-05_BKN_NYK,0022000762,2021-04-05,BKN,NYK,NYK,Jared Harper,1629607,0,0,DNP - Coach's Decision,0,0,https://www.nba.com/game/0022000762/box-score
2021-04-05_BKN_NYK,0022000762,2021-04-05,BKN,NYK,NYK,Julius Randle,203944,2317,1,,19,0,https://www.nba.com/game/0022000762/box-score
2021-04-05_BKN_NYK,0022000762,2021-04-05,BKN,NYK,NYK,Kevin Knox II,1628995,0,0,DNP - Coach's Decision,0,0,https://www.nba.com/game/0022000762/box-score
2021-04-05_BKN_NYK,0022000762,2021-04-05,BKN,NYK,NYK,Nerlens Noel,203457,1297,1,,6,-2,https://www.nba.com/game/0022000762/box-score
2021-04-05_BKN_NYK,0022000762,2021-04-05,BKN,NYK,NYK,Norvel Pelle,203658,0,0,DNP - Coach's Decision,0,0,https://www.nba.com/game/0022000762/box-score
2021-04-05_BKN_NYK,0022000762,2021-04-05,BKN,NYK,NYK,Obi Toppin,1630167,563,0,,5,-2,https://www.nba.com/game/0022000762/box-score
2021-04-05_BKN_NYK,0022000762,2021-04-05,BKN,NYK,NYK,RJ Barrett,1629628,1989,1,,22,-3,https://www.nba.com/game/0022000762/box-score
2021-04-05_BKN_NYK,0022000762,2021-04-05,BKN,NYK,NYK,Reggie Bullock,203493,1880,1,,21,7,https://www.nba.com/game/0022000762/box-score
2021-04-05_BKN_NYK,0022000762,2021-04-05,BKN,NYK,NYK,Taj Gibson,201959,1515,0,,6,-3,https://www.nba.com/game/0022000762/box-score
2021-04-05_BKN_NYK,0022000762,2021-04-05,BKN,NYK,NYK,Theo Pinson,1629033,0,0,DNP - Coach's Decision,0,0,https://www.nba.com/game/0022000762/box-score
2021-04-05_HOU_PHX,0022000768,2021-04-05,HOU,PHX,HOU,Anthony Lamb,1630237,0,0,DNP - Coach's Decision,0,0,https://www.nba.com/game/0022000768/box-score
2021-04-05_HOU_PHX,0022000768,2021-04-05,HOU,PHX,HOU,Avery Bradley,202340,1976,1,,6,1,https://www.nba.com/game/0022000768/box-score
2021-04-05_HOU_PHX,0022000768,2021-04-05,HOU,PHX,HOU,Christian Wood,1626174,2005,1,,23,-6,https://www.nba.com/game/0022000768/box-score
2021-04-05_HOU_PHX,0022000768,2021-04-05,HOU,PHX,HOU,D.J. Augustin,201571,1352,0,,11,-6,https://www.nba.com/game/0022000768/box-score
2021-04-05_HOU_PHX,0022000768,2021-04-05,HOU,PHX,HOU,D.J. Wilson,1628391,875,0,,2,3,https://www.nba.com/game/0022000768/box-score
2021-04-05_HOU_PHX,0022000768,2021-04-05,HOU,PHX,HOU,Danuel House Jr.,1627863,0,0,DNP - Injury/Illness,0,0,https://www.nba.com/game/0022000768/box-score
2021-04-05_HOU_PHX,0022000768,2021-04-05,HOU,PHX,HOU,Jae'Sean Tate,1630256,1885,1,,18,-10,https://www.nba.com/game/0022000768/box-score
2021-04-05_HOU_PHX,0022000768,2021-04-05,HOU,PHX,HOU,John Wall,202322,0,0,DNP - Injury/Illness,0,0,https://www.nba.com/game/0022000768/box-score
2021-04-05_HOU_PHX,0022000768,2021-04-05,HOU,PHX,HOU,Kelly Olynyk,203482,1766,1,,21,-16,https://www.nba.com/game/0022000768/box-score
2021-04-05_HOU_PHX,0022000768,2021-04-05,HOU,PHX,HOU,Kenyon Martin Jr.,1630231,1176,0,,13,11,https://www.nba.com/game/0022000768/box-score
2021-04-05_HOU_PHX,0022000768,2021-04-05,HOU,PHX,HOU,Kevin Porter Jr.,1629645,1784,1,,20,-2,https://www.nba.com/game/0022000768/box-score
2021-04-05_HOU_PHX,0022000768,2021-04-05,HOU,PHX,HOU,Sterling Brown,1628425,1582,0,,16,10,https://www.nba.com/game/0022000768/box-score
2021-04-05_HOU_PHX,0022000768,2021-04-05,HOU,PHX,PHX,Cameron Johnson,1629661,1273,0,,12,-4,https://www.nba.com/game/0022000768/box-score
2021-04-05_HOU_PHX,0022000768,2021-04-05,HOU,PHX,PHX,Cameron Payne,1626166,777,0,,2,0,https://www.nba.com/game/0022000768/box-score
2021-04-05_HOU_PHX,0022000768,2021-04-05,HOU,PHX,PHX,Chris Paul,101108,2103,1,,19,3,https://www.nba.com/game/0022000768/box-score
2021-04-05_HOU_PHX,0022000768,2021-04-05,HOU,PHX,PHX,Dario Saric,203967,861,0,,1,-8,https://www.nba.com/game/0022000768/box-score
2021-04-05_HOU_PHX,0022000768,2021-04-05,HOU,PHX,PHX,Deandre Ayton,1629028,2008,1,,27,15,https://www.nba.com/game/0022000768/box-score
2021-04-05_HOU_PHX,0022000768,2021-04-05,HOU,PHX,PHX,Devin Booker,1626164,2134,1,,36,15,https://www.nba.com/game/0022000768/box-score
2021-04-05_HOU_PHX,0022000768,2021-04-05,HOU,PHX,PHX,E'Twaun Moore,202734,0,0,DNP - Coach's Decision,0,0,https://www.nba.com/game/0022000768/box-score
2021-04-05_HOU_PHX,0022000768,2021-04-05,HOU,PHX,PHX,Jae Crowder,203109,1645,1,,11,6,https://www.nba.com/game/0022000768/box-score
2021-04-05_HOU_PHX,0022000768,2021-04-05,HOU,PHX,PHX,Jalen Smith,1630188,0,0,DNP - Coach's Decision,0,0,https://www.nba.com/game/0022000768/box-score
2021-04-05_HOU_PHX,0022000768,2021-04-05,HOU,PHX,PHX,Jevon Carter,1628975,746,0,,3,-12,https://www.nba.com/game/0022000768/box-score
2021-04-05_HOU_PHX,0022000768,2021-04-05,HOU,PHX,PHX,Langston Galloway,204038,0,0,DNP - Coach's Decision,0,0,https://www.nba.com/game/0022000768/box-score
2021-04-05_HOU_PHX,0022000768,2021-04-05,HOU,PHX,PHX,Mikal Bridges,1628969,1962,1,,20,13,https://www.nba.com/game/0022000768/box-score
2021-04-05_HOU_PHX,0022000768,2021-04-05,HOU,PHX,PHX,Torrey Craig,1628470,891,0,,2,-13,https://www.nba.com/game/0022000768/box-score
2021-04-05_HOU_PHX,0022000768,2021-04-05,HOU,PHX,PHX,Ty-Shon Alexander,1630234,0,0,DNP - Coach's Decision,0,0,https://www.nba.com/game/0022000768/box-score
2021-04-06_GSW_MIL,0022000774,2021-04-06,GSW,MIL,GSW,Alen Smailagic,1629346,0,0,DNP - Coach's Decision,0,0,https://www.nba.com/game/0022000774/box-score
2021-04-06_GSW_MIL,0022000774,2021-04-06,GSW,MIL,GSW,Andrew Wiggins,203952,1996,1,,9,-3,https://www.nba.com/game/0022000774/box-score
2021-04-06_GSW_MIL,0022000774,2021-04-06,GSW,MIL,GSW,Damion Lee,1627814,1064,0,,2,-2,https://www.nba.com/game/0022000774/box-score
2021-04-06_GSW_MIL,0022000774,2021-04-06,GSW,MIL,GSW,Draymond Green,203110,1769,1,,6,5,https://www.nba.com/game/0022000774/box-score
2021-04-06_GSW_MIL,0022000774,2021-04-06,GSW,MIL,GSW,Eric Paschall,1629672,0,0,DNP - Injury/Illness,0,0,https://www.nba.com/game/0022000774/box-score
2021-04-06_GSW_MIL,0022000774,2021-04-06,GSW,MIL,GSW,James Wiseman,1630164,1519,1,,13,-7,https://www.nba.com/game/0022000774/box-score
2021-04-06_GSW_MIL,0022000774,2021-04-06,GSW,MIL,GSW,Jordan Poole,1629673,994,0,,10,3,https://www.nba.com/game/0022000774/box-score
2021-04-06_GSW_MIL,0022000774,2021-04-06,GSW,MIL,GSW,Juan Toscano-Anderson,1629308,0,0,DNP - Coach's Decision,0,0,https://www.nba.com/game/0022000774/box-score
2021-04-06_GSW_MIL,0022000774,2021-04-06,GSW,MIL,GSW,Kelly Oubre Jr.,1626162,2226,1,,19,5,https://www.nba.com/game/0022000774/box-score
2021-04-06_GSW_MIL,0022000774,2021-04-06,GSW,MIL,GSW,Kent Bazemore,203145,1566,0,,18,-1,https://www.nba.com/game/0022000774/box-score
2021-04-06_GSW_MIL,0022000774,2021-04-06,GSW,MIL,GSW,Kevon Looney,1626172,999,0,,4,2,https://www.nba.com/game/0022000774/box-score
2021-04-06_GSW_MIL,0022000774,2021-04-06,GSW,MIL,GSW,Mychal Mulder,1628539,0,0,DNP - Coach's Decision,0,0,https://www.nba.com/game/0022000774/box-score
2021-04-06_GSW_MIL,0022000774,2021-04-06,GSW,MIL,GSW,Nico Mannion,1630185,0,0,DNP - Coach's Decision,0,0,https://www.nba.com/game/0022000774/box-score
2021-04-06_GSW_MIL,0022000774,2021-04-06,GSW,MIL,GSW,Stephen Curry,201939,2267,1,,41,3,https://www.nba.com/game/0022000774/box-score
2021-04-06_GSW_MIL,0022000774,2021-04-06,GSW,MIL,MIL,Axel Toupane,1626253,33,0,,0,-3,https://www.nba.com/game/0022000774/box-score
2021-04-06_GSW_MIL,0022000774,2021-04-06,GSW,MIL,MIL,Bobby Portis,1626171,1695,1,,13,6,https://www.nba.com/game/0022000774/box-score
2021-04-06_GSW_MIL,0022000774,2021-04-06,GSW,MIL,MIL,Brook Lopez,201572,1993,1,,9,-5,https://www.nba.com/game/0022000774/box-score
2021-04-06_GSW_MIL,0022000774,2021-04-06,GSW,MIL,MIL,Bryn Forbes,1627854,815,0,,8,-3,https://www.nba.com/game/0022000774/box-score
2021-04-06_GSW_MIL,0022000774,2021-04-06,GSW,MIL,MIL,Donte DiVincenzo,1628978,1777,1,,6,-4,https://www.nba.com/game/0022000774/box-score
2021-04-06_GSW_MIL,0022000774,2021-04-06,GSW,MIL,MIL,Jeff Teague,201952,934,0,,15,-2,https://www.nba.com/game/0022000774/box-score
2021-04-06_GSW_MIL,0022000774,2021-04-06,GSW,MIL,MIL,Jordan Nwora,1629670,164,0,,0,-1,https://www.nba.com/game/0022000774/box-score
2021-04-06_GSW_MIL,0022000774,2021-04-06,GSW,MIL,MIL,Jrue Holiday,201950,2039,1,,29,-13,https://www.nba.com/game/0022000774/box-score
2021-04-06_GSW_MIL,0022000774,2021-04-06,GSW,MIL,MIL,Khris Middleton,203114,2242,1,,28,7,https://www.nba.com/game/0022000774/box-score
2021-04-06_GSW_MIL,0022000774,2021-04-06,GSW,MIL,MIL,Mamadi Diakite,1629603,0,0,DNP - Coach's Decision,0,0,https://www.nba.com/game/0022000774/box-score
2021-04-06_GSW_MIL,0022000774,2021-04-06,GSW,MIL,MIL,Pat Connaughton,1626192,1525,0,,3,9,https://www.nba.com/game/0022000774/box-score
2021-04-06_GSW_MIL,0022000774,2021-04-06,GSW,MIL,MIL,Rodions Kurucs,1629066,0,0,DNP - Coach's Decision,0,0,https://www.nba.com/game/0022000774/box-score
2021-04-06_GSW_MIL,0022000774,2021-04-06,GSW,MIL,MIL,Sam Merrill,1630241,0,0,DNP - Coach's Decision,0,0,https://www.nba.com/game/0022000774/box-score
2021-04-06_GSW_MIL,0022000774,2021-04-06,GSW,MIL,MIL,Thanasis Antetokounmpo,203648,1183,0,,10,4,https://www.nba.com/game/0022000774/box-score
2021-04-07_BOS_NYK,0022000778,2021-04-07,BOS,NYK,BOS,Aaron Nesmith,1630174,0,0,DNP - Coach's Decision,0,0,https://www.nba.com/game/0022000778/box-score
2021-04-07_BOS_NYK,0022000778,2021-04-07,BOS,NYK,BOS,Carsen Edwards,1629035,0,0,DNP - Coach's Decision,0,0,https://www.nba.com/game/0022000778/box-score
2021-04-07_BOS_NYK,0022000778,2021-04-07,BOS,NYK,BOS,Grant Williams,1629684,1510,0,,0,9,https://www.nba.com/game/0022000778/box-score
2021-04-07_BOS_NYK,0022000778,2021-04-07,BOS,NYK,BOS,Jaylen Brown,1627759,2161,1,,32,7,https://www.nba.com/game/0022000778/box-score
2021-04-07_BOS_NYK,0022000778,2021-04-07,BOS,NYK,BOS,Jayson Tatum,1628369,2498,1,,25,6,https://www.nba.com/game/0022000778/box-score
2021-04-07_BOS_NYK,0022000778,2021-04-07,BOS,NYK,BOS,Luke Kornet,1628436,0,0,DNP - Coach's Decision,0,0,https://www.nba.com/game/0022000778/box-score
2021-04-07_BOS_NYK,0022000778,2021-04-07,BOS,NYK,BOS,Marcus Smart,203935,2165,1,,17,7,https://www.nba.com/game/0022000778/box-score
2021-04-07_BOS_NYK,0022000778,2021-04-07,BOS,NYK,BOS,Moritz Wagner,1629021,0,0,DNP - Coach's Decision,0,0,https://www.nba.com/game/0022000778/box-score
2021-04-07_BOS_NYK,0022000778,2021-04-07,BOS,NYK,BOS,Payton Pritchard,1630202,987,0,,2,-9,https://www.nba.com/game/0022000778/box-score
2021-04-07_BOS_NYK,0022000778,2021-04-07,BOS,NYK,BOS,Robert Williams III,1629057,1490,1,,6,-21,https://www.nba.com/game/0022000778/box-score
2021-04-07_BOS_NYK,0022000778,2021-04-07,BOS,NYK,BOS,Romeo Langford,1629641,1478,1,,6,-16,https://www.nba.com/game/0022000778/box-score
2021-04-07_BOS_NYK,0022000778,2021-04-07,BOS,NYK,BOS,Semi Ojeleye,1628400,783,0,,6,3,https://www.nba.com/game/0022000778/box-score
2021-04-07_BOS_NYK,0022000778,2021-04-07,BOS,NYK,BOS,Tacko Fall,1629605,0,0,DNP - Coach's Decision,0,0,https://www.nba.com/game/0022000778/box-score
2021-04-07_BOS_NYK,0022000778,2021-04-07,BOS,NYK,BOS,Tremont Waters,1629682,0,0,DNP - Coach's Decision,0,0,https://www.nba.com/game/0022000778/box-score
2021-04-07_BOS_NYK,0022000778,2021-04-07,BOS,NYK,BOS,Tristan Thompson,202684,1328,0,,7,24,https://www.nba.com/game/0022000778/box-score
2021-04-07_BOS_NYK,0022000778,2021-04-07,BOS,NYK,NYK,Alec Burks,202692,1388,0,,8,2,https://www.nba.com/game/0022000778/box-score
2021-04-07_BOS_NYK,0022000778,2021-04-07,BOS,NYK,NYK,Derrick Rose,201565,1593,0,,11,6,https://www.nba.com/game/0022000778/box-score
2021-04-07_BOS_NYK,0022000778,2021-04-07,BOS,NYK,NYK,Elfrid Payton,203901,1287,1,,8,-8,https://www.nba.com/game/0022000778/box-score
2021-04-07_BOS_NYK,0022000778,2021-04-07,BOS,NYK,NYK,Frank Ntilikina,1628373,0,0,DNP - Coach's Decision,0,0,https://www.nba.com/game/0022000778/box-score
2021-04-07_BOS_NYK,0022000778,2021-04-07,BOS,NYK,NYK,Immanuel Quickley,1630193,782,0,,5,3,https://www.nba.com/game/0022000778/box-score
2021-04-07_BOS_NYK,0022000778,2021-04-07,BOS,NYK,NYK,Jared Harper,1629607,0,0,DNP - Coach's Decision,0,0,https://www.nba.com/game/0022000778/box-score
2021-04-07_BOS_NYK,0022000778,2021-04-07,BOS,NYK,NYK,Julius Randle,203944,2208,1,,22,-5,https://www.nba.com/game/0022000778/box-score
2021-04-07_BOS_NYK,0022000778,2021-04-07,BOS,NYK,NYK,Kevin Knox II,1628995,0,0,DNP - Coach's Decision,0,0,https://www.nba.com/game/0022000778/box-score
2021-04-07_BOS_NYK,0022000778,2021-04-07,BOS,NYK,NYK,Nerlens Noel,203457,1632,1,,7,-18,https://www.nba.com/game/0022000778/box-score
2021-04-07_BOS_NYK,0022000778,2021-04-07,BOS,NYK,NYK,Norvel Pelle,203658,0,0,DNP - Coach's Decision,0,0,https://www.nba.com/game/0022000778/box-score
2021-04-07_BOS_NYK,0022000778,2021-04-07,BOS,NYK,NYK,Obi Toppin,1630167,637,0,,2,7,https://www.nba.com/game/0022000778/box-score
2021-04-07_BOS_NYK,0022000778,2021-04-07,BOS,NYK,NYK,RJ Barrett,1629628,2133,1,,29,-9,https://www.nba.com/game/0022000778/box-score
2021-04-07_BOS_NYK,0022000778,2021-04-07,BOS,NYK,NYK,Reggie Bullock,203493,1554,1,,6,-3,https://www.nba.com/game/0022000778/box-score
2021-04-07_BOS_NYK,0022000778,2021-04-07,BOS,NYK,NYK,Taj Gibson,201959,1186,0,,1,15,https://www.nba.com/game/0022000778/box-score
2021-04-07_BOS_NYK,0022000778,2021-04-07,BOS,NYK,NYK,Theo Pinson,1629033,0,0,DNP - Coach's Decision,0,0,https://www.nba.com/game/0022000778/box-score
2021-04-09_DEN_SAS,0022000797,2021-04-09,DEN,SAS,DEN,Aaron Gordon,203932,1871,1,,11,-7,https://www.nba.com/game/0022000797/box-score
2021-04-09_DEN_SAS,0022000797,2021-04-09,DEN,SAS,DEN,Bol Bol,1629626,0,0,DNP - Coach's Decision,0,0,https://www.nba.com/game/0022000797/box-score
2021-04-09_DEN_SAS,0022000797,2021-04-09,DEN,SAS,DEN,Facundo Campazzo,1630267,1386,1,,9,-11,https://www.nba.com/game/0022000797/box-score
2021-04-09_DEN_SAS,0022000797,2021-04-09,DEN,SAS,DEN,JaMychal Green,203210,0,0,DNP - Coach's Decision,0,0,https://www.nba.com/game/0022000797/box-score
2021-04-09_DEN_SAS,0022000797,2021-04-09,DEN,SAS,DEN,JaVale McGee,201580,579,0,,4,-5,https://www.nba.com/game/0022000797/box-score
2021-04-09_DEN_SAS,0022000797,2021-04-09,DEN,SAS,DEN,Markus Howard,1630210,0,0,DNP - Coach's Decision,0,0,https://www.nba.com/game/0022000797/box-score
2021-04-09_DEN_SAS,0022000797,2021-04-09,DEN,SAS,DEN,Michael Porter Jr.,1629008,2413,1,,22,6,https://www.nba.com/game/0022000797/box-score
2021-04-09_DEN_SAS,0022000797,2021-04-09,DEN,SAS,DEN,Monte Morris,1628420,1529,0,,21,14,https://www.nba.com/game/0022000797/box-score
2021-04-09_DEN_SAS,0022000797,2021-04-09,DEN,SAS,DEN,Nikola Jokic,203999,2301,1,,26,7,https://www.nba.com/game/0022000797/box-score
2021-04-09_DEN_SAS,0022000797,2021-04-09,DEN,SAS,DEN,PJ Dozier,1628408,1145,0,,9,10,https://www.nba.com/game/0022000797/box-score
2021-04-09_DEN_SAS,0022000797,2021-04-09,DEN,SAS,DEN,Paul Millsap,200794,1008,0,,2,8,https://www.nba.com/game/0022000797/box-score
2021-04-09_DEN_SAS,0022000797,2021-04-09,DEN,SAS,DEN,Vlatko Cancar,1628427,0,0,DNP - Coach's Decision,0,0,https://www.nba.com/game/0022000797/box-score
2021-04-09_DEN_SAS,0022000797,2021-04-09,DEN,SAS,DEN,Will Barton,203115,2168,1,,17,-12,https://www.nba.com/game/0022000797/box-score
2021-04-09_DEN_SAS,0022000797,2021-04-09,DEN,SAS,DEN,Zeke Nnaji,1630192,0,0,DNP - Coach's Decision,0,0,https://www.nba.com/game/0022000797/box-score
2021-04-09_DEN_SAS,0022000797,2021-04-09,DEN,SAS,SAS,DeMar DeRozan,201942,2195,1,,24,0,https://www.nba.com/game/0022000797/box-score
2021-04-09_DEN_SAS,0022000797,2021-04-09,DEN,SAS,SAS,Dejounte Murray,1627749,1910,1,,12,7,https://www.nba.com/game/0022000797/box-score
2021-04-09_DEN_SAS,0022000797,2021-04-09,DEN,SAS,SAS,Derrick White,1628401,2053,1,,25,17,https://www.nba.com/game/0022000797/box-score
2021-04-09_DEN_SAS,0022000797,2021-04-09,DEN,SAS,SAS,Devin Vassell,1630170,217,0,,0,2,https://www.nba.com/game/0022000797/box-score
2021-04-09_DEN_SAS,0022000797,2021-04-09,DEN,SAS,SAS,Drew Eubanks,1629234,726,0,,5,-2,https://www.nba.com/game/0022000797/box-score
2021-04-09_DEN_SAS,0022000797,2021-04-09,DEN,SAS,SAS,Jakob Poeltl,1627751,2153,1,,13,1,https://www.nba.com/game/0022000797/box-score
2021-04-09_DEN_SAS,0022000797,2021-04-09,DEN,SAS,SAS,Keldon Johnson,1629640,1603,1,,15,7,https://www.nba.com/game/0022000797/box-score
2021-04-09_DEN_SAS,0022000797,2021-04-09,DEN,SAS,SAS,Lonnie Walker IV,1629022,1036,0,,8,-19,https://www.nba.com/game/0022000797/box-score
2021-04-09_DEN_SAS,0022000797,2021-04-09,DEN,SAS,SAS,Luka Samanic,1629677,0,0,DNP - Coach's Decision,0,0,https://www.nba.com/game/0022000797/box-score
2021-04-09_DEN_SAS,0022000797,2021-04-09,DEN,SAS,SAS,Patty Mills,201988,1343,0,,2,-12,https://www.nba.com/game/0022000797/box-score
2021-04-09_DEN_SAS,0022000797,2021-04-09,DEN,SAS,SAS,Quinndary Weatherspoon,1629683,0,0,DNP - Coach's Decision,0,0,https://www.nba.com/game/0022000797/box-score
2021-04-09_DEN_SAS,0022000797,2021-04-09,DEN,SAS,SAS,Rudy Gay,200752,1164,0,,15,-11,https://www.nba.com/game/0022000797/box-score
2021-04-09_DEN_SAS,0022000797,2021-04-09,DEN,SAS,SAS,Tre Jones,1630200,0,0,DNP - Coach's Decision,0,0,https://www.nba.com/game/0022000797/box-score
2021-04-11_DAL_SAS,0022000810,2021-04-11,DAL,SAS,DAL,Boban Marjanovic,1626246,0,0,DNP - Coach's Decision,0,0,https://www.nba.com/game/0022000810/box-score
2021-04-11_DAL_SAS,0022000810,2021-04-11,DAL,SAS,DAL,Dorian Finney-Smith,1627827,2016,1,,9,2,https://www.nba.com/game/0022000810/box-score
2021-04-11_DAL_SAS,0022000810,2021-04-11,DAL,SAS,DAL,Dwight Powell,203939,914,0,,9,4,https://www.nba.com/game/0022000810/box-score
2021-04-11_DAL_SAS,0022000810,2021-04-11,DAL,SAS,DAL,Jalen Brunson,1628973,1781,0,,11,13,https://www.nba.com/game/0022000810/box-score
2021-04-11_DAL_SAS,0022000810,2021-04-11,DAL,SAS,DAL,Josh Green,1630182,0,0,DNP - Coach's Decision,0,0,https://www.nba.com/game/0022000810/box-score
2021-04-11_DAL_SAS,0022000810,2021-04-11,DAL,SAS,DAL,Josh Richardson,1626196,2144,1,,16,-9,https://www.nba.com/game/0022000810/box-score
2021-04-11_DAL_SAS,0022000810,2021-04-11,DAL,SAS,DAL,Kristaps Porzingis,204001,2157,1,,31,-4,https://www.nba.com/game/0022000810/box-score
2021-04-11_DAL_SAS,0022000810,2021-04-11,DAL,SAS,DAL,Luka Doncic,1629029,2120,1,,29,-6,https://www.nba.com/game/0022000810/box-score
2021-04-11_DAL_SAS,0022000810,2021-04-11,DAL,SAS,DAL,Maxi Kleber,1628467,0,0,DNP - Injury/Illness,0,0,https://www.nba.com/game/0022000810/box-score
2021-04-11_DAL_SAS,0022000810,2021-04-11,DAL,SAS,DAL,Nate Hinton,1630207,0,0,DNP - Coach's Decision,0,0,https://www.nba.com/game/0022000810/box-score
2021-04-11_DAL_SAS,0022000810,2021-04-11,DAL,SAS,DAL,Nicolo Melli,1629740,1336,1,,6,-5,https://www.nba.com/game/0022000810/box-score
2021-04-11_DAL_SAS,0022000810,2021-04-11,DAL,SAS,DAL,Tim Hardaway Jr.,203501,1346,0,,2,-17,https://www.nba.com/game/0022000810/box-score
2021-04-11_DAL_SAS,0022000810,2021-04-11,DAL,SAS,DAL,Trey Burke,203504,587,0,,4,12,https://www.nba.com/game/0022000810/box-score
2021-04-11_DAL_SAS,0022000810,2021-04-11,DAL,SAS,DAL,Tyler Bey,1630189,0,0,DNP - Coach's Decision,0,0,https://www.nba.com/game/0022000810/box-score
2021-04-11_DAL_SAS,0022000810,2021-04-11,DAL,SAS,DAL,Willie Cauley-Stein,1626161,0,0,DNP - Coach's Decision,0,0,https://www.nba.com/game/0022000810/box-score
2021-04-11_DAL_SAS,0022000810,2021-04-11,DAL,SAS,SAS,DeMar DeRozan,201942,2089,1,,33,-5,https://www.nba.com/game/0022000810/box-score
2021-04-11_DAL_SAS,0022000810,2021-04-11,DAL,SAS,SAS,Dejounte Murray,1627749,2008,1,,25,18,https://www.nba.com/game/0022000810/box-score
2021-04-11_DAL_SAS,0022000810,2021-04-11,DAL,SAS,SAS,Derrick White,1628401,1971,1,,9,-3,https://www.nba.com/game/0022000810/box-score
2021-04-11_DAL_SAS,0022000810,2021-04-11,DAL,SAS,SAS,Devin Vassell,1630170,0,0,DNP - Coach's Decision,0,0,https://www.nba.com/game/0022000810/box-score
2021-04-11_DAL_SAS,0022000810,2021-04-11,DAL,SAS,SAS,Drew Eubanks,1629234,703,0,,5,-12,https://www.nba.com/game/0022000810/box-score
2021-04-11_DAL_SAS,0022000810,2021-04-11,DAL,SAS,SAS,Jakob Poeltl,1627751,2074,1,,12,13,https://www.nba.com/game/0022000810/box-score
2021-04-11_DAL_SAS,0022000810,2021-04-11,DAL,SAS,SAS,Keita Bates-Diop,1628966,0,0,DNP - Coach's Decision,0,0,https://www.nba.com/game/0022000810/box-score
2021-04-11_DAL_SAS,0022000810,2021-04-11,DAL,SAS,SAS,Keldon Johnson,1629640,1694,1,,9,4,https://www.nba.com/game/0022000810/box-score
2021-04-11_DAL_SAS,0022000810,2021-04-11,DAL,SAS,SAS,Lonnie Walker IV,1629022,1187,0,,13,0,https://www.nba.com/game/0022000810/box-score
2021-04-11_DAL_SAS,0022000810,2021-04-11,DAL,SAS,SAS,Luka Samanic,1629677,0,0,DNP - Coach's Decision,0,0,https://www.nba.com/game/0022000810/box-score
2021-04-11_DAL_SAS,0022000810,2021-04-11,DAL,SAS,SAS,Patty Mills,201988,1332,0,,6,0,https://www.nba.com/game/0022000810/box-score
2021-04-11_DAL_SAS,0022000810,2021-04-11,DAL,SAS,SAS,Quinndary Weatherspoon,1629683,0,0,DNP - Coach's Decision,0,0,https://www.nba.com/game/0022000810/box-score
2021-04-11_DAL_SAS,0022000810,2021-04-11,DAL,SAS,SAS,Rudy Gay,200752,1342,0,,7,-5,https://www.nba.com/game/0022000810/box-score
2021-04-11_DAL_SAS,0022000810,2021-04-11,DAL,SAS,SAS,Tre Jones,1630200,0,0,DNP - Coach's Decision,0,0,https://www.nba.com/game/0022000810/box-score
2021-04-14_DET_LAC,0022000832,2021-04-14,DET,LAC,DET,Cory Joseph,202709,1375,1,,3,9,https://www.nba.com/game/0022000832/box-score
2021-04-14_DET_LAC,0022000832,2021-04-14,DET,LAC,DET,Deividas Sirvydis,1629686,0,0,DNP - Coach's Decision,0,0,https://www.nba.com/game/0022000832/box-score
2021-04-14_DET_LAC,0022000832,2021-04-14,DET,LAC,DET,Frank Jackson,1628402,1086,0,,0,-3,https://www.nba.com/game/0022000832/box-score
2021-04-14_DET_LAC,0022000832,2021-04-14,DET,LAC,DET,Hamidou Diallo,1628977,1075,0,,3,-2,https://www.nba.com/game/0022000832/box-score
2021-04-14_DET_LAC,0022000832,2021-04-14,DET,LAC,DET,Isaiah Stewart,1630191,1300,0,,12,4,https://www.nba.com/game/0022000832/box-score
2021-04-14_DET_LAC,0022000832,2021-04-14,DET,LAC,DET,Jahlil Okafor,1626143,325,0,,2,-1,https://www.nba.com/game/0022000832/box-score
2021-04-14_DET_LAC,0022000832,2021-04-14,DET,LAC,DET,Jerami Grant,203924,2138,1,,28,-4,https://www.nba.com/game/0022000832/box-score
2021-04-14_DET_LAC,0022000832,2021-04-14,DET,LAC,DET,Josh Jackson,1628367,1236,1,,9,14,https://www.nba.com/game/0022000832/box-score
2021-04-14_DET_LAC,0022000832,2021-04-14,DET,LAC,DET,Killian Hayes,1630165,1501,0,,8,-11,https://www.nba.com/game/0022000832/box-score
2021-04-14_DET_LAC,0022000832,2021-04-14,DET,LAC,DET,Mason Plumlee,203486,1255,1,,11,-5,https://www.nba.com/game/0022000832/box-score
2021-04-14_DET_LAC,0022000832,2021-04-14,DET,LAC,DET,Saben Lee,1630240,0,0,DNP - Coach's Decision,0,0,https://www.nba.com/game/0022000832/box-score
2021-04-14_DET_LAC,0022000832,2021-04-14,DET,LAC,DET,Saddiq Bey,1630180,2119,1,,17,-4,https://www.nba.com/game/0022000832/box-score
2021-04-14_DET_LAC,0022000832,2021-04-14,DET,LAC,DET,Sekou Doumbouya,1629635,0,0,DNP - Coach's Decision,0,0,https://www.nba.com/game/0022000832/box-score
2021-04-14_DET_LAC,0022000832,2021-04-14,DET,LAC,DET,Tyler Cook,1629076,0,0,DNP - Coach's Decision,0,0,https://www.nba.com/game/0022000832/box-score
2021-04-14_DET_LAC,0022000832,2021-04-14,DET,LAC,DET,Wayne Ellington,201961,990,0,,5,-7,https://www.nba.com/game/0022000832/box-score
2021-04-14_DET_LAC,0022000832,2021-04-14,DET,LAC,LAC,Amir Coffey,1629599,1664,0,,6,21,https://www.nba.com/game/0022000832/box-score
2021-04-14_DET_LAC,0022000832,2021-04-14,DET,LAC,LAC,Daniel Oturu,1630187,0,0,DNP - Coach's Decision,0,0,https://www.nba.com/game/0022000832/box-score
2021-04-14_DET_LAC,0022000832,2021-04-14,DET,LAC,LAC,DeMarcus Cousins,202326,927,0,,8,0,https://www.nba.com/game/0022000832/box-score
2021-04-14_DET_LAC,0022000832,2021-04-14,DET,LAC,LAC,Ivica Zubac,1627826,1895,1,,18,-3,https://www.nba.com/game/0022000832/box-score
2021-04-14_DET_LAC,0022000832,2021-04-14,DET,LAC,LAC,Luke Kennard,1628379,2321,1,,17,2,https://www.nba.com/game/0022000832/box-score
2021-04-14_DET_LAC,0022000832,2021-04-14,DET,LAC,LAC,Malik Fitts,1630238,0,0,DNP - Coach's Decision,0,0,https://www.nba.com/game/0022000832/box-score
2021-04-14_DET_LAC,0022000832,2021-04-14,DET,LAC,LAC,Marcus Morris Sr.,202694,0,0,DNP - Rest,0,0,https://www.nba.com/game/0022000832/box-score
2021-04-14_DET_LAC,0022000832,2021-04-14,DET,LAC,LAC,Nicolas Batum,201587,1617,0,,7,1,https://www.nba.com/game/0022000832/box-score
2021-04-14_DET_LAC,0022000832,2021-04-14,DET,LAC,LAC,Patrick Patterson,202335,996,1,,0,-9,https://www.nba.com/game/0022000832/box-score
2021-04-14_DET_LAC,0022000832,2021-04-14,DET,LAC,LAC,Rajon Rondo,200765,1037,0,,6,0,https://www.nba.com/game/0022000832/box-score
2021-04-14_DET_LAC,0022000832,2021-04-14,DET,LAC,LAC,Reggie Jackson,202704,2224,1,,29,3,https://www.nba.com/game/0022000832/box-score
2021-04-14_DET_LAC,0022000832,2021-04-14,DET,LAC,LAC,Terance Mann,1629611,1719,1,,9,-5,https://www.nba.com/game/0022000832/box-score
2021-04-16_PHI_LAC,0022000846,2021-04-16,PHI,LAC,LAC,Amir Coffey,1629599,0,0,DNP - Coach's Decision,0,0,https://www.nba.com/game/0022000846/box-score
2021-04-16_PHI_LAC,0022000846,2021-04-16,PHI,LAC,LAC,Daniel Oturu,1630187,0,0,DNP - Coach's Decision,0,0,https://www.nba.com/game/0022000846/box-score
2021-04-16_PHI_LAC,0022000846,2021-04-16,PHI,LAC,LAC,DeMarcus Cousins,202326,335,0,,0,5,https://www.nba.com/game/0022000846/box-score
2021-04-16_PHI_LAC,0022000846,2021-04-16,PHI,LAC,LAC,Ivica Zubac,1627826,958,1,,4,-11,https://www.nba.com/game/0022000846/box-score
2021-04-16_PHI_LAC,0022000846,2021-04-16,PHI,LAC,LAC,Luke Kennard,1628379,1105,1,,3,-14,https://www.nba.com/game/0022000846/box-score
2021-04-16_PHI_LAC,0022000846,2021-04-16,PHI,LAC,LAC,Malik Fitts,1630238,0,0,DNP - Coach's Decision,0,0,https://www.nba.com/game/0022000846/box-score
2021-04-16_PHI_LAC,0022000846,2021-04-16,PHI,LAC,LAC,Marcus Morris Sr.,202694,2103,1,,15,-13,https://www.nba.com/game/0022000846/box-score
2021-04-16_PHI_LAC,0022000846,2021-04-16,PHI,LAC,LAC,Nicolas Batum,201587,1822,0,,3,7,https://www.nba.com/game/0022000846/box-score
2021-04-16_PHI_LAC,0022000846,2021-04-16,PHI,LAC,LAC,Patrick Patterson,202335,840,0,,18,2,https://www.nba.com/game/0022000846/box-score
2021-04-16_PHI_LAC,0022000846,2021-04-16,PHI,LAC,LAC,Paul George,202331,2343,1,,37,-4,https://www.nba.com/game/0022000846/box-score
2021-04-16_PHI_LAC,0022000846,2021-04-16,PHI,LAC,LAC,Rajon Rondo,200765,1574,0,,10,7,https://www.nba.com/game/0022000846/box-score
2021-04-16_PHI_LAC,0022000846,2021-04-16,PHI,LAC,LAC,Reggie Jackson,202704,2239,1,,13,1,https://www.nba.com/game/0022000846/box-score
2021-04-16_PHI_LAC,0022000846,2021-04-16,PHI,LAC,LAC,Terance Mann,1629611,1081,0,,0,5,https://www.nba.com/game/0022000846/box-score
2021-04-16_PHI_LAC,0022000846,2021-04-16,PHI,LAC,PHI,Anthony Tolliver,201229,848,0,,0,-2,https://www.nba.com/game/0022000846/box-score
2021-04-16_PHI_LAC,0022000846,2021-04-16,PHI,LAC,PHI,Ben Simmons,1627732,2186,1,,12,9,https://www.nba.com/game/0022000846/box-score
2021-04-16_PHI_LAC,0022000846,2021-04-16,PHI,LAC,PHI,Danny Green,201980,2159,1,,11,2,https://www.nba.com/game/0022000846/box-score
2021-04-16_PHI_LAC,0022000846,2021-04-16,PHI,LAC,PHI,Furkan Korkmaz,1627788,2309,1,,18,3,https://www.nba.com/game/0022000846/box-score
2021-04-16_PHI_LAC,0022000846,2021-04-16,PHI,LAC,PHI,Isaiah Joe,1630198,0,0,DNP - Coach's Decision,0,0,https://www.nba.com/game/0022000846/box-score
2021-04-16_PHI_LAC,0022000846,2021-04-16,PHI,LAC,PHI,Joel Embiid,203954,2134,1,,36,7,https://www.nba.com/game/0022000846/box-score
2021-04-16_PHI_LAC,0022000846,2021-04-16,PHI,LAC,PHI,Mason Jones,1630222,0,0,DNP - Coach's Decision,0,0,https://www.nba.com/game/0022000846/box-score
2021-04-16_PHI_LAC,0022000846,2021-04-16,PHI,LAC,PHI,Matisse Thybulle,1629680,1390,0,,5,-12,https://www.nba.com/game/0022000846/box-score
2021-04-16_PHI_LAC,0022000846,2021-04-16,PHI,LAC,PHI,Mike Scott,203118,1091,1,,6,10,https://www.nba.com/game/0022000846/box-score
2021-04-16_PHI_LAC,0022000846,2021-04-16,PHI,LAC,PHI,Paul Reed,1630194,163,0,,0,-2,https://www.nba.com/game/0022000846/box-score
2021-04-16_PHI_LAC,0022000846,2021-04-16,PHI,LAC,PHI,Rayjon Tucker,1629730,0,0,DNP - Coach's Decision,0,0,https://www.nba.com/game/0022000846/box-score
2021-04-16_PHI_LAC,0022000846,2021-04-16,PHI,LAC,PHI,Seth Curry,203552,0,0,DND - Injury/Illness,0,0,https://www.nba.com/game/0022000846/box-score
2021-04-16_PHI_LAC,0022000846,2021-04-16,PHI,LAC,PHI,Shake Milton,1629003,1173,0,,9,2,https://www.nba.com/game/0022000846/box-score
2021-04-16_PHI_LAC,0022000846,2021-04-16,PHI,LAC,PHI,Tyrese Maxey,1630178,947,0,,9,-2,https://www.nba.com/game/0022000846/box-score
2021-04-18_MIA_BKN,0022000863,2021-04-18,MIA,BKN,BKN,Alize Johnson,1628993,625,0,,3,-5,https://www.nba.com/game/0022000863/box-score
2021-04-18_MIA_BKN,0022000863,2021-04-18,MIA,BKN,BKN,Blake Griffin,201933,1562,1,,7,14,https://www.nba.com/game/0022000863/box-score
2021-04-18_MIA_BKN,0022000863,2021-04-18,MIA,BKN,BKN,Bruce Brown,1628971,1812,1,,8,-3,https://www.nba.com/game/0022000863/box-score
2021-04-18_MIA_BKN,0022000863,2021-04-18,MIA,BKN,BKN,DeAndre Jordan,201599,0,0,DNP - Coach's Decision,0,0,https://www.nba.com/game/0022000863/box-score
2021-04-18_MIA_BKN,0022000863,2021-04-18,MIA,BKN,BKN,Jeff Green,201145,1291,0,,8,-8,https://www.nba.com/game/0022000863/box-score
2021-04-18_MIA_BKN,0022000863,2021-04-18,MIA,BKN,BKN,Joe Harris,203925,1977,1,,12,-1,https://www.nba.com/game/0022000863/box-score
2021-04-18_MIA_BKN,0022000863,2021-04-18,MIA,BKN,BKN,Kevin Durant,201142,243,1,,8,-3,https://www.nba.com/game/0022000863/box-score
2021-04-18_MIA_BKN,0022000863,2021-04-18,MIA,BKN,BKN,Kyrie Irving,202681,2255,1,,20,-8,https://www.nba.com/game/0022000863/box-score
2021-04-18_MIA_BKN,0022000863,2021-04-18,MIA,BKN,BKN,Landry Shamet,1629013,2251,0,,30,12,https://www.nba.com/game/0022000863/box-score
2021-04-18_MIA_BKN,0022000863,2021-04-18,MIA,BKN,BKN,Nic Claxton,1629651,1420,0,,4,-3,https://www.nba.com/game/0022000863/box-score
2021-04-18_MIA_BKN,0022000863,2021-04-18,MIA,BKN,BKN,Reggie Perry,1629617,0,0,DNP - Coach's Decision,0,0,https://www.nba.com/game/0022000863/box-score
2021-04-18_MIA_BKN,0022000863,2021-04-18,MIA,BKN,BKN,Timothe Luwawu-Cabarrot,1627789,964,0,,7,-5,https://www.nba.com/game/0022000863/box-score
2021-04-18_MIA_BKN,0022000863,2021-04-18,MIA,BKN,MIA,Andre Iguodala,2738,1598,1,,8,1,https://www.nba.com/game/0022000863/box-score
2021-04-18_MIA_BKN,0022000863,2021-04-18,MIA,BKN,MIA,Bam Adebayo,1628389,1959,1,,21,9,https://www.nba.com/game/0022000863/box-score
2021-04-18_MIA_BKN,0022000863,2021-04-18,MIA,BKN,MIA,Dewayne Dedmon,203473,921,0,,10,-7,https://www.nba.com/game/0022000863/box-score
2021-04-18_MIA_BKN,0022000863,2021-04-18,MIA,BKN,MIA,Duncan Robinson,1629130,2057,1,,11,-5,https://www.nba.com/game/0022000863/box-score
2021-04-18_MIA_BKN,0022000863,2021-04-18,MIA,BKN,MIA,Gabe Vincent,1629216,0,0,DNP - Coach's Decision,0,0,https://www.nba.com/game/0022000863/box-score
2021-04-18_MIA_BKN,0022000863,2021-04-18,MIA,BKN,MIA,Goran Dragic,201609,1863,0,,18,18,https://www.nba.com/game/0022000863/box-score
2021-04-18_MIA_BKN,0022000863,2021-04-18,MIA,BKN,MIA,Jimmy Butler,202710,0,0,DND - Injury/Illness,0,0,https://www.nba.com/game/0022000863/box-score
2021-04-18_MIA_BKN,0022000863,2021-04-18,MIA,BKN,MIA,KZ Okpala,1629644,659,0,,0,6,https://www.nba.com/game/0022000863/box-score
2021-04-18_MIA_BKN,0022000863,2021-04-18,MIA,BKN,MIA,Kendrick Nunn,1629134,1757,1,,17,-7,https://www.nba.com/game/0022000863/box-score
2021-04-18_MIA_BKN,0022000863,2021-04-18,MIA,BKN,MIA,Max Strus,1629622,0,0,DNP - Coach's Decision,0,0,https://www.nba.com/game/0022000863/box-score
2021-04-18_MIA_BKN,0022000863,2021-04-18,MIA,BKN,MIA,Nemanja Bjelica,202357,0,0,DNP - Coach's Decision,0,0,https://www.nba.com/game/0022000863/box-score
2021-04-18_MIA_BKN,0022000863,2021-04-18,MIA,BKN,MIA,Precious Achiuwa,1630173,0,0,DNP - Coach's Decision,0,0,https://www.nba.com/game/0022000863/box-score
2021-04-18_MIA_BKN,0022000863,2021-04-18,MIA,BKN,MIA,Trevor Ariza,2772,2115,1,,15,-1,https://www.nba.com/game/0022000863/box-score
2021-04-18_MIA_BKN,0022000863,2021-04-18,MIA,BKN,MIA,Tyler Herro,1629639,1471,0,,9,-4,https://www.nba.com/game/0022000863/box-score
2021-04-18_MIA_BKN,0022000863,2021-04-18,MIA,BKN,MIA,Udonis Haslem,2617,0,0,DNP - Coach's Decision,0,0,https://www.nba.com/game/0022000863/box-score
2021-04-19_DEN_MEM,0022000874,2021-04-19,DEN,MEM,DEN,Aaron Gordon,203932,1297,1,,2,-6,https://www.nba.com/game/0022000874/box-score
2021-04-19_DEN_MEM,0022000874,2021-04-19,DEN,MEM,DEN,Bol Bol,1629626,0,0,DNP - Coach's Decision,0,0,https://www.nba.com/game/0022000874/box-score
2021-04-19_DEN_MEM,0022000874,2021-04-19,DEN,MEM,DEN,Facundo Campazzo,1630267,2106,1,,3,2,https://www.nba.com/game/0022000874/box-score
2021-04-19_DEN_MEM,0022000874,2021-04-19,DEN,MEM,DEN,JaMychal Green,203210,1393,0,,12,-3,https://www.nba.com/game/0022000874/box-score
2021-04-19_DEN_MEM,0022000874,2021-04-19,DEN,MEM,DEN,JaVale McGee,201580,0,0,DNP - Coach's Decision,0,0,https://www.nba.com/game/0022000874/box-score
2021-04-19_DEN_MEM,0022000874,2021-04-19,DEN,MEM,DEN,Markus Howard,1630210,0,0,DNP - Coach's Decision,0,0,https://www.nba.com/game/0022000874/box-score
2021-04-19_DEN_MEM,0022000874,2021-04-19,DEN,MEM,DEN,Michael Porter Jr.,1629008,2585,1,,21,17,https://www.nba.com/game/0022000874/box-score
2021-04-19_DEN_MEM,0022000874,2021-04-19,DEN,MEM,DEN,Nikola Jokic,203999,2704,1,,47,3,https://www.nba.com/game/0022000874/box-score
2021-04-19_DEN_MEM,0022000874,2021-04-19,DEN,MEM,DEN,PJ Dozier,1628408,2236,0,,10,14,https://www.nba.com/game/0022000874/box-score
2021-04-19_DEN_MEM,0022000874,2021-04-19,DEN,MEM,DEN,Paul Millsap,200794,776,0,,12,-1,https://www.nba.com/game/0022000874/box-score
2021-04-19_DEN_MEM,0022000874,2021-04-19,DEN,MEM,DEN,Shaquille Harrison,1627885,1022,0,,2,-1,https://www.nba.com/game/0022000874/box-score
2021-04-19_DEN_MEM,0022000874,2021-04-19,DEN,MEM,DEN,Vlatko Cancar,1628427,633,0,,2,-14,https://www.nba.com/game/0022000874/box-score
2021-04-19_DEN_MEM,0022000874,2021-04-19,DEN,MEM,DEN,Will Barton,203115,2648,1,,28,-1,https://www.nba.com/game/0022000874/box-score
2021-04-19_DEN_MEM,0022000874,2021-04-19,DEN,MEM,DEN,Zeke Nnaji,1630192,0,0,DNP - Coach's Decision,0,0,https://www.nba.com/game/0022000874/box-score
2021-04-19_DEN_MEM,0022000874,2021-04-19,DEN,MEM,MEM,Brandon Clarke,1629634,1386,0,,4,-5,https://www.nba.com/game/0022000874/box-score
2021-04-19_DEN_MEM,0022000874,2021-04-19,DEN,MEM,MEM,De'Anthony Melton,1629001,2444,0,,25,11,https://www.nba.com/game/0022000874/box-score
2021-04-19_DEN_MEM,0022000874,2021-04-19,DEN,MEM,MEM,Desmond Bane,1630217,940,1,,3,-21,https://www.nba.com/game/0022000874/box-score
2021-04-19_DEN_MEM,0022000874,2021-04-19,DEN,MEM,MEM,Grayson Allen,1628960,2593,1,,24,0,https://www.nba.com/game/0022000874/box-score
2021-04-19_DEN_MEM,0022000874,2021-04-19,DEN,MEM,MEM,Ja Morant,1629630,2726,1,,36,9,https://www.nba.com/game/0022000874/box-score
2021-04-19_DEN_MEM,0022000874,2021-04-19,DEN,MEM,MEM,John Konchar,1629723,995,0,,10,6,https://www.nba.com/game/0022000874/box-score
2021-04-19_DEN_MEM,0022000874,2021-04-19,DEN,MEM,MEM,Jontay Porter,1629007,0,0,DNP - Coach's Decision,0,0,https://www.nba.com/game/0022000874/box-score
2021-04-19_DEN_MEM,0022000874,2021-04-19,DEN,MEM,MEM,Justise Winslow,1626159,1071,0,,6,1,https://www.nba.com/game/0022000874/box-score
2021-04-19_DEN_MEM,0022000874,2021-04-19,DEN,MEM,MEM,Killian Tillie,1629681,0,0,DNP - Coach's Decision,0,0,https://www.nba.com/game/0022000874/box-score
2021-04-19_DEN_MEM,0022000874,2021-04-19,DEN,MEM,MEM,Kyle Anderson,203937,2319,1,,11,0,https://www.nba.com/game/0022000874/box-score
2021-04-19_DEN_MEM,0022000874,2021-04-19,DEN,MEM,MEM,Sean McDermott,1630253,0,0,DNP - Coach's Decision,0,0,https://www.nba.com/game/0022000874/box-score
2021-04-19_DEN_MEM,0022000874,2021-04-19,DEN,MEM,MEM,Tim Frazier,204025,0,0,DNP - Coach's Decision,0,0,https://www.nba.com/game/0022000874/box-score
2021-04-19_DEN_MEM,0022000874,2021-04-19,DEN,MEM,MEM,Tyus Jones,1626145,456,0,,0,-8,https://www.nba.com/game/0022000874/box-score
2021-04-19_DEN_MEM,0022000874,2021-04-19,DEN,MEM,MEM,Xavier Tillman,1630214,2470,1,,18,-3,https://www.nba.com/game/0022000874/box-score
2021-04-19_MIL_PHX,0022000873,2021-04-19,MIL,PHX,MIL,Bobby Portis,1626171,868,0,,6,-1,https://www.nba.com/game/0022000873/box-score
2021-04-19_MIL_PHX,0022000873,2021-04-19,MIL,PHX,MIL,Brook Lopez,201572,1993,1,,7,0,https://www.nba.com/game/0022000873/box-score
2021-04-19_MIL_PHX,0022000873,2021-04-19,MIL,PHX,MIL,Bryn Forbes,1627854,868,0,,3,3,https://www.nba.com/game/0022000873/box-score
2021-04-19_MIL_PHX,0022000873,2021-04-19,MIL,PHX,MIL,Donte DiVincenzo,1628978,1881,1,,9,-6,https://www.nba.com/game/0022000873/box-score
2021-04-19_MIL_PHX,0022000873,2021-04-19,MIL,PHX,MIL,Giannis Antetokounmpo,203507,2111,1,,33,-3,https://www.nba.com/game/0022000873/box-score
2021-04-19_MIL_PHX,0022000873,2021-04-19,MIL,PHX,MIL,Jeff Teague,201952,715,0,,6,1,https://www.nba.com/game/0022000873/box-score
2021-04-19_MIL_PHX,0022000873,2021-04-19,MIL,PHX,MIL,Jordan Nwora,1629670,0,0,DNP - Coach's Decision,0,0,https://www.nba.com/game/0022000873/box-score
2021-04-19_MIL_PHX,0022000873,2021-04-19,MIL,PHX,MIL,Jrue Holiday,201950,2427,1,,25,1,https://www.nba.com/game/0022000873/box-score
2021-04-19_MIL_PHX,0022000873,2021-04-19,MIL,PHX,MIL,Khris Middleton,203114,2302,1,,26,-6,https://www.nba.com/game/0022000873/box-score
2021-04-19_MIL_PHX,0022000873,2021-04-19,MIL,PHX,MIL,Mamadi Diakite,1629603,0,0,DNP - Coach's Decision,0,0,https://www.nba.com/game/0022000873/box-score
2021-04-19_MIL_PHX,0022000873,2021-04-19,MIL,PHX,MIL,P.J. Tucker,200782,1289,0,,3,3,https://www.nba.com/game/0022000873/box-score
2021-04-19_MIL_PHX,0022000873,2021-04-19,MIL,PHX,MIL,Pat Connaughton,1626192,1383,0,,9,3,https://www.nba.com/game/0022000873/box-score
2021-04-19_MIL_PHX,0022000873,2021-04-19,MIL,PHX,MIL,Rodions Kurucs,1629066,0,0,DNP - Coach's Decision,0,0,https://www.nba.com/game/0022000873/box-score
2021-04-19_MIL_PHX,0022000873,2021-04-19,MIL,PHX,MIL,Sam Merrill,1630241,0,0,DNP - Coach's Decision,0,0,https://www.nba.com/game/0022000873/box-score
2021-04-19_MIL_PHX,0022000873,2021-04-19,MIL,PHX,MIL,Thanasis Antetokounmpo,203648,63,0,,0,0,https://www.nba.com/game/0022000873/box-score
2021-04-19_MIL_PHX,0022000873,2021-04-19,MIL,PHX,PHX,Cameron Johnson,1629661,1144,0,,13,-5,https://www.nba.com/game/0022000873/box-score
2021-04-19_MIL_PHX,0022000873,2021-04-19,MIL,PHX,PHX,Cameron Payne,1626166,899,0,,12,-8,https://www.nba.com/game/0022000873/box-score
2021-04-19_MIL_PHX,0022000873,2021-04-19,MIL,PHX,PHX,Chris Paul,101108,2281,1,,22,9,https://www.nba.com/game/0022000873/box-score
2021-04-19_MIL_PHX,0022000873,2021-04-19,MIL,PHX,PHX,Dario Saric,203967,1106,1,,2,2,https://www.nba.com/game/0022000873/box-score
2021-04-19_MIL_PHX,0022000873,2021-04-19,MIL,PHX,PHX,Deandre Ayton,1629028,2386,1,,20,1,https://www.nba.com/game/0022000873/box-score
2021-04-19_MIL_PHX,0022000873,2021-04-19,MIL,PHX,PHX,Devin Booker,1626164,2632,1,,24,0,https://www.nba.com/game/0022000873/box-score
2021-04-19_MIL_PHX,0022000873,2021-04-19,MIL,PHX,PHX,E'Twaun Moore,202734,0,0,DNP - Coach's Decision,0,0,https://www.nba.com/game/0022000873/box-score
2021-04-19_MIL_PHX,0022000873,2021-04-19,MIL,PHX,PHX,Frank Kaminsky,1626163,0,0,DNP - Coach's Decision,0,0,https://www.nba.com/game/0022000873/box-score
2021-04-19_MIL_PHX,0022000873,2021-04-19,MIL,PHX,PHX,Jae Crowder,203109,1790,0,,9,0,https://www.nba.com/game/0022000873/box-score
2021-04-19_MIL_PHX,0022000873,2021-04-19,MIL,PHX,PHX,Jalen Smith,1630188,0,0,DNP - Coach's Decision,0,0,https://www.nba.com/game/0022000873/box-score
2021-04-19_MIL_PHX,0022000873,2021-04-19,MIL,PHX,PHX,Jevon Carter,1628975,436,0,,0,3,https://www.nba.com/game/0022000873/box-score
2021-04-19_MIL_PHX,0022000873,2021-04-19,MIL,PHX,PHX,Langston Galloway,204038,0,0,DNP - Coach's Decision,0,0,https://www.nba.com/game/0022000873/box-score
2021-04-19_MIL_PHX,0022000873,2021-04-19,MIL,PHX,PHX,Mikal Bridges,1628969,2379,1,,21,6,https://www.nba.com/game/0022000873/box-score
2021-04-19_MIL_PHX,0022000873,2021-04-19,MIL,PHX,PHX,Torrey Craig,1628470,847,0,,5,-3,https://www.nba.com/game/0022000873/box-score
2021-04-19_MIL_PHX,0022000873,2021-04-19,MIL,PHX,PHX,Ty-Shon Alexander,1630234,0,0,DNP - Coach's Decision,0,0,https://www.nba.com/game/0022000873/box-score
2021-04-21_PHI_PHX,0022000883,2021-04-21,PHI,PHX,PHI,Anthony Tolliver,201229,0,0,DNP - Coach's Decision,0,0,https://www.nba.com/game/0022000883/box-score
2021-04-21_PHI_PHX,0022000883,2021-04-21,PHI,PHX,PHI,Danny Green,201980,2070,1,,18,-3,https://www.nba.com/game/0022000883/box-score
2021-04-21_PHI_PHX,0022000883,2021-04-21,PHI,PHX,PHI,Dwight Howard,2730,924,0,,7,-3,https://www.nba.com/game/0022000883/box-score
2021-04-21_PHI_PHX,0022000883,2021-04-21,PHI,PHX,PHI,Furkan Korkmaz,1627788,1282,1,,12,-8,https://www.nba.com/game/0022000883/box-score
2021-04-21_PHI_PHX,0022000883,2021-04-21,PHI,PHX,PHI,George Hill,201588,1387,0,,11,5,https://www.nba.com/game/0022000883/box-score
2021-04-21_PHI_PHX,0022000883,2021-04-21,PHI,PHX,PHI,Isaiah Joe,1630198,0,0,DNP - Coach's Decision,0,0,https://www.nba.com/game/0022000883/box-score
2021-04-21_PHI_PHX,0022000883,2021-04-21,PHI,PHX,PHI,Joel Embiid,203954,1956,1,,38,0,https://www.nba.com/game/0022000883/box-score
2021-04-21_PHI_PHX,0022000883,2021-04-21,PHI,PHX,PHI,Mason Jones,1630222,0,0,DNP - Coach's Decision,0,0,https://www.nba.com/game/0022000883/box-score
2021-04-21_PHI_PHX,0022000883,2021-04-21,PHI,PHX,PHI,Matisse Thybulle,1629680,2143,1,,0,4,https://www.nba.com/game/0022000883/box-score
2021-04-21_PHI_PHX,0022000883,2021-04-21,PHI,PHX,PHI,Mike Scott,203118,1297,0,,8,3,https://www.nba.com/game/0022000883/box-score
2021-04-21_PHI_PHX,0022000883,2021-04-21,PHI,PHX,PHI,Paul Reed,1630194,0,0,DNP - Coach's Decision,0,0,https://www.nba.com/game/0022000883/box-score
2021-04-21_PHI_PHX,0022000883,2021-04-21,PHI,PHX,PHI,Rayjon Tucker,1629730,0,0,DNP - Coach's Decision,0,0,https://www.nba.com/game/0022000883/box-score
2021-04-21_PHI_PHX,0022000883,2021-04-21,PHI,PHX,PHI,Seth Curry,203552,0,0,DND - Injury/Illness,0,0,https://www.nba.com/game/0022000883/box-score
2021-04-21_PHI_PHX,0022000883,2021-04-21,PHI,PHX,PHI,Shake Milton,1629003,1452,1,,5,-17,https://www.nba.com/game/0022000883/box-score
2021-04-21_PHI_PHX,0022000883,2021-04-21,PHI,PHX,PHI,Tyrese Maxey,1630178,1889,0,,14,4,https://www.nba.com/game/0022000883/box-score
2021-04-21_PHI_PHX,0022000883,2021-04-21,PHI,PHX,PHX,Cameron Johnson,1629661,1801,0,,15,9,https://www.nba.com/game/0022000883/box-score
2021-04-21_PHI_PHX,0022000883,2021-04-21,PHI,PHX,PHX,Cameron Payne,1626166,845,0,,3,0,https://www.nba.com/game/0022000883/box-score
2021-04-21_PHI_PHX,0022000883,2021-04-21,PHI,PHX,PHX,Chris Paul,101108,2035,1,,28,3,https://www.nba.com/game/0022000883/box-score
2021-04-21_PHI_PHX,0022000883,2021-04-21,PHI,PHX,PHX,Dario Saric,203967,1107,0,,7,-2,https://www.nba.com/game/0022000883/box-score
2021-04-21_PHI_PHX,0022000883,2021-04-21,PHI,PHX,PHX,Deandre Ayton,1629028,1768,1,,10,7,https://www.nba.com/game/0022000883/box-score
2021-04-21_PHI_PHX,0022000883,2021-04-21,PHI,PHX,PHX,Devin Booker,1626164,1799,1,,19,-4,https://www.nba.com/game/0022000883/box-score
2021-04-21_PHI_PHX,0022000883,2021-04-21,PHI,PHX,PHX,E'Twaun Moore,202734,0,0,DNP - Coach's Decision,0,0,https://www.nba.com/game/0022000883/box-score
2021-04-21_PHI_PHX,0022000883,2021-04-21,PHI,PHX,PHX,Frank Kaminsky,1626163,0,0,DNP - Coach's Decision,0,0,https://www.nba.com/game/0022000883/box-score
2021-04-21_PHI_PHX,0022000883,2021-04-21,PHI,PHX,PHX,Jae Crowder,203109,800,1,,3,-6,https://www.nba.com/game/0022000883/box-score
2021-04-21_PHI_PHX,0022000883,2021-04-21,PHI,PHX,PHX,Jalen Smith,1630188,0,0,DNP - Coach's Decision,0,0,https://www.nba.com/game/0022000883/box-score
2021-04-21_PHI_PHX,0022000883,2021-04-21,PHI,PHX,PHX,Jevon Carter,1628975,989,0,,9,2,https://www.nba.com/game/0022000883/box-score
2021-04-21_PHI_PHX,0022000883,2021-04-21,PHI,PHX,PHX,Langston Galloway,204038,0,0,DNP - Coach's Decision,0,0,https://www.nba.com/game/0022000883/box-score
2021-04-21_PHI_PHX,0022000883,2021-04-21,PHI,PHX,PHX,Mikal Bridges,1628969,2217,1,,18,10,https://www.nba.com/game/0022000883/box-score
2021-04-21_PHI_PHX,0022000883,2021-04-21,PHI,PHX,PHX,Torrey Craig,1628470,1039,0,,4,-4,https://www.nba.com/game/0022000883/box-score
2021-04-21_PHI_PHX,0022000883,2021-04-21,PHI,PHX,PHX,Ty-Shon Alexander,1630234,0,0,DNP - Coach's Decision,0,0,https://www.nba.com/game/0022000883/box-score
2021-04-21_SAC_MIN,0022000891,2021-04-21,SAC,MIN,MIN,Anthony Edwards,1630162,1677,1,,16,-3,https://www.nba.com/game/0022000891/box-score
2021-04-21_SAC_MIN,0022000891,2021-04-21,SAC,MIN,MIN,D'Angelo Russell,1626156,1732,0,,15,-6,https://www.nba.com/game/0022000891/box-score
2021-04-21_SAC_MIN,0022000891,2021-04-21,SAC,MIN,MIN,Ed Davis,202334,0,0,DNP - Coach's Decision,0,0,https://www.nba.com/game/0022000891/box-score
2021-04-21_SAC_MIN,0022000891,2021-04-21,SAC,MIN,MIN,Jaden McDaniels,1630183,1923,1,,4,-21,https://www.nba.com/game/0022000891/box-score
2021-04-21_SAC_MIN,0022000891,2021-04-21,SAC,MIN,MIN,Jake Layman,1627774,0,0,DNP - Coach's Decision,0,0,https://www.nba.com/game/0022000891/box-score
2021-04-21_SAC_MIN,0022000891,2021-04-21,SAC,MIN,MIN,Jarred Vanderbilt,1629020,980,0,,4,14,https://www.nba.com/game/0022000891/box-score
2021-04-21_SAC_MIN,0022000891,2021-04-21,SAC,MIN,MIN,Jarrett Culver,1629633,0,0,DNP - Coach's Decision,0,0,https://www.nba.com/game/0022000891/box-score
2021-04-21_SAC_MIN,0022000891,2021-04-21,SAC,MIN,MIN,Jordan McLaughlin,1629162,379,0,,2,1,https://www.nba.com/game/0022000891/box-score
2021-04-21_SAC_MIN,0022000891,2021-04-21,SAC,MIN,MIN,Josh Okogie,1629006,1426,1,,7,7,https://www.nba.com/game/0022000891/box-score
2021-04-21_SAC_MIN,0022000891,2021-04-21,SAC,MIN,MIN,Juancho Hernangomez,1627823,1148,0,,16,12,https://www.nba.com/game/0022000891/box-score
2021-04-21_SAC_MIN,0022000891,2021-04-21,SAC,MIN,MIN,Karl-Anthony Towns,1626157,1978,1,,26,-21,https://www.nba.com/game/0022000891/box-score
2021-04-21_SAC_MIN,0022000891,2021-04-21,SAC,MIN,MIN,Naz Reid,1629675,1434,0,,24,7,https://www.nba.com/game/0022000891/box-score
2021-04-21_SAC_MIN,0022000891,2021-04-21,SAC,MIN,MIN,Ricky Rubio,201937,1723,1,,11,-5,https://www.nba.com/game/0022000891/box-score
2021-04-21_SAC_MIN,0022000891,2021-04-21,SAC,MIN,SAC,Buddy Hield,1627741,2288,1,,29,13,https://www.nba.com/game/0022000891/box-score
2021-04-21_SAC_MIN,0022000891,2021-04-21,SAC,MIN,SAC,Chimezie Metu,1629002,794,0,,10,-5,https://www.nba.com/game/0022000891/box-score
2021-04-21_SAC_MIN,0022000891,2021-04-21,SAC,MIN,SAC,Chris Silva,1629735,0,0,DNP - Coach's Decision,0,0,https://www.nba.com/game/0022000891/box-score
2021-04-21_SAC_MIN,0022000891,2021-04-21,SAC,MIN,SAC,Damian Jones,1627745,1300,0,,8,7,https://www.nba.com/game/0022000891/box-score
2021-04-21_SAC_MIN,0022000891,2021-04-21,SAC,MIN,SAC,De'Aaron Fox,1628368,2341,1,,30,13,https://www.nba.com/game/0022000891/box-score
2021-04-21_SAC_MIN,0022000891,2021-04-21,SAC,MIN,SAC,Delon Wright,1626153,875,0,,2,-12,https://www.nba.com/game/0022000891/box-score
2021-04-21_SAC_MIN,0022000891,2021-04-21,SAC,MIN,SAC,Harrison Barnes,203084,2304,1,,22,5,https://www.nba.com/game/0022000891/box-score
2021-04-21_SAC_MIN,0022000891,2021-04-21,SAC,MIN,SAC,Hassan Whiteside,202355,786,1,,4,1,https://www.nba.com/game/0022000891/box-score
2021-04-21_SAC_MIN,0022000891,2021-04-21,SAC,MIN,SAC,Jahmi'us Ramsey,1630186,0,0,DNP - Coach's Decision,0,0,https://www.nba.com/game/0022000891/box-score
2021-04-21_SAC_MIN,0022000891,2021-04-21,SAC,MIN,SAC,Justin James,1629713,0,0,DNP - Coach's Decision,0,0,https://www.nba.com/game/0022000891/box-score
2021-04-21_SAC_MIN,0022000891,2021-04-21,SAC,MIN,SAC,Maurice Harkless,203090,1536,1,,7,6,https://www.nba.com/game/0022000891/box-score
2021-04-21_SAC_MIN,0022000891,2021-04-21,SAC,MIN,SAC,Terence Davis,1629056,410,0,,0,-12,https://www.nba.com/game/0022000891/box-score
2021-04-21_SAC_MIN,0022000891,2021-04-21,SAC,MIN,SAC,Tyrese Haliburton,1630169,1766,0,,16,-1,https://www.nba.com/game/0022000891/box-score
2021-04-26_MIN_UTA,0022000923,2021-04-26,MIN,UTA,MIN,Anthony Edwards,1630162,2264,1,,14,1,https://www.nba.com/game/0022000923/box-score
2021-04-26_MIN_UTA,0022000923,2021-04-26,MIN,UTA,MIN,D'Angelo Russell,1626156,1858,0,,27,9,https://www.nba.com/game/0022000923/box-score
2021-04-26_MIN_UTA,0022000923,2021-04-26,MIN,UTA,MIN,Ed Davis,202334,0,0,DNP - Coach's Decision,0,0,https://www.nba.com/game/0022000923/box-score
2021-04-26_MIN_UTA,0022000923,2021-04-26,MIN,UTA,MIN,Jaden McDaniels,1630183,2067,1,,6,4,https://www.nba.com/game/0022000923/box-score
2021-04-26_MIN_UTA,0022000923,2021-04-26,MIN,UTA,MIN,Jake Layman,1627774,0,0,DNP - Coach's Decision,0,0,https://www.nba.com/game/0022000923/box-score
2021-04-26_MIN_UTA,0022000923,2021-04-26,MIN,UTA,MIN,Jarred Vanderbilt,1629020,586,0,,0,-6,https://www.nba.com/game/0022000923/box-score
2021-04-26_MIN_UTA,0022000923,2021-04-26,MIN,UTA,MIN,Jarrett Culver,1629633,0,0,DNP - Coach's Decision,0,0,https://www.nba.com/game/0022000923/box-score
2021-04-26_MIN_UTA,0022000923,2021-04-26,MIN,UTA,MIN,Jaylen Nowell,1629669,0,0,DNP - Coach's Decision,0,0,https://www.nba.com/game/0022000923/box-score
2021-04-26_MIN_UTA,0022000923,2021-04-26,MIN,UTA,MIN,Jordan McLaughlin,1629162,732,0,,0,-7,https://www.nba.com/game/0022000923/box-score
2021-04-26_MIN_UTA,0022000923,2021-04-26,MIN,UTA,MIN,Josh Okogie,1629006,1257,1,,8,1,https://www.nba.com/game/0022000923/box-score
2021-04-26_MIN_UTA,0022000923,2021-04-26,MIN,UTA,MIN,Juancho Hernangomez,1627823,1088,0,,14,-1,https://www.nba.com/game/0022000923/box-score
2021-04-26_MIN_UTA,0022000923,2021-04-26,MIN,UTA,MIN,Karl-Anthony Towns,1626157,2179,1,,21,9,https://www.nba.com/game/0022000923/box-score
2021-04-26_MIN_UTA,0022000923,2021-04-26,MIN,UTA,MIN,Naz Reid,1629675,1068,0,,13,-4,https://www.nba.com/game/0022000923/box-score
2021-04-26_MIN_UTA,0022000923,2021-04-26,MIN,UTA,MIN,Ricky Rubio,201937,1301,1,,2,-1,https://www.nba.com/game/0022000923/box-score
2021-04-26_MIN_UTA,0022000923,2021-04-26,MIN,UTA,UTA,Bojan Bogdanovic,202711,1744,1,,7,-6,https://www.nba.com/game/0022000923/box-score
2021-04-26_MIN_UTA,0022000923,2021-04-26,MIN,UTA,UTA,Derrick Favors,202324,805,0,,2,-2,https://www.nba.com/game/0022000923/box-score
2021-04-26_MIN_UTA,0022000923,2021-04-26,MIN,UTA,UTA,Elijah Hughes,1630190,0,0,DNP - Coach's Decision,0,0,https://www.nba.com/game/0022000923/box-score
2021-04-26_MIN_UTA,0022000923,2021-04-26,MIN,UTA,UTA,Ersan Ilyasova,101141,670,0,,8,1,https://www.nba.com/game/0022000923/box-score
2021-04-26_MIN_UTA,0022000923,2021-04-26,MIN,UTA,UTA,Georges Niang,1627777,1462,0,,14,12,https://www.nba.com/game/0022000923/box-score
2021-04-26_MIN_UTA,0022000923,2021-04-26,MIN,UTA,UTA,Jarrell Brantley,1629714,0,0,DNP - Coach's Decision,0,0,https://www.nba.com/game/0022000923/box-score
2021-04-26_MIN_UTA,0022000923,2021-04-26,MIN,UTA,UTA,Joe Ingles,204060,2012,1,,10,-5,https://www.nba.com/game/0022000923/box-score
2021-04-26_MIN_UTA,0022000923,2021-04-26,MIN,UTA,UTA,Jordan Clarkson,203903,1588,0,,13,0,https://www.nba.com/game/0022000923/box-score
2021-04-26_MIN_UTA,0022000923,2021-04-26,MIN,UTA,UTA,Juwan Morgan,1629752,0,0,DNP - Coach's Decision,0,0,https://www.nba.com/game/0022000923/box-score
2021-04-26_MIN_UTA,0022000923,2021-04-26,MIN,UTA,UTA,Matt Thomas,1629744,0,0,DNP - Coach's Decision,0,0,https://www.nba.com/game/0022000923/box-score
2021-04-26_MIN_UTA,0022000923,2021-04-26,MIN,UTA,UTA,Mike Conley,201144,1907,1,,26,0,https://www.nba.com/game/0022000923/box-score
2021-04-26_MIN_UTA,0022000923,2021-04-26,MIN,UTA,UTA,Miye Oni,1629671,0,0,DNP - Coach's Decision,0,0,https://www.nba.com/game/0022000923/box-score
2021-04-26_MIN_UTA,0022000923,2021-04-26,MIN,UTA,UTA,Royce O'Neale,1626220,2042,1,,6,-5,https://www.nba.com/game/0022000923/box-score
2021-04-26_MIN_UTA,0022000923,2021-04-26,MIN,UTA,UTA,Rudy Gobert,203497,2075,1,,18,1,https://www.nba.com/game/0022000923/box-score
2021-04-26_MIN_UTA,0022000923,2021-04-26,MIN,UTA,UTA,Trent Forrest,1630235,95,0,,0,-1,https://www.nba.com/game/0022000923/box-score
2021-04-28_DEN_NOP,0022000940,2021-04-28,DEN,NOP,DEN,Aaron Gordon,203932,1742,1,,10,-14,https://www.nba.com/game/0022000940/box-score
2021-04-28_DEN_NOP,0022000940,2021-04-28,DEN,NOP,DEN,Austin Rivers,203085,1588,0,,0,-1,https://www.nba.com/game/0022000940/box-score
2021-04-28_DEN_NOP,0022000940,2021-04-28,DEN,NOP,DEN,Bol Bol,1629626,0,0,DNP - Coach's Decision,0,0,https://www.nba.com/game/0022000940/box-score
2021-04-28_DEN_NOP,0022000940,2021-04-28,DEN,NOP,DEN,Facundo Campazzo,1630267,2175,1,,19,3,https://www.nba.com/game/0022000940/box-score
2021-04-28_DEN_NOP,0022000940,2021-04-28,DEN,NOP,DEN,JaMychal Green,203210,0,0,DNP - Coach's Decision,0,0,https://www.nba.com/game/0022000940/box-score
2021-04-28_DEN_NOP,0022000940,2021-04-28,DEN,NOP,DEN,JaVale McGee,201580,691,0,,4,-5,https://www.nba.com/game/0022000940/box-score
2021-04-28_DEN_NOP,0022000940,2021-04-28,DEN,NOP,DEN,Markus Howard,1630210,0,0,DNP - Coach's Decision,0,0,https://www.nba.com/game/0022000940/box-score
2021-04-28_DEN_NOP,0022000940,2021-04-28,DEN,NOP,DEN,Michael Porter Jr.,1629008,2394,1,,28,7,https://www.nba.com/game/0022000940/box-score
2021-04-28_DEN_NOP,0022000940,2021-04-28,DEN,NOP,DEN,Nikola Jokic,203999,2189,1,,32,7,https://www.nba.com/game/0022000940/box-score
2021-04-28_DEN_NOP,0022000940,2021-04-28,DEN,NOP,DEN,PJ Dozier,1628408,1902,1,,8,-2,https://www.nba.com/game/0022000940/box-score
2021-04-28_DEN_NOP,0022000940,2021-04-28,DEN,NOP,DEN,Paul Millsap,200794,1126,0,,7,14,https://www.nba.com/game/0022000940/box-score
2021-04-28_DEN_NOP,0022000940,2021-04-28,DEN,NOP,DEN,Shaquille Harrison,1627885,594,0,,6,1,https://www.nba.com/game/0022000940/box-score
2021-04-28_DEN_NOP,0022000940,2021-04-28,DEN,NOP,DEN,Vlatko Cancar,1628427,0,0,DNP - Coach's Decision,0,0,https://www.nba.com/game/0022000940/box-score
2021-04-28_DEN_NOP,0022000940,2021-04-28,DEN,NOP,DEN,Zeke Nnaji,1630192,0,0,DNP - Coach's Decision,0,0,https://www.nba.com/game/0022000940/box-score
2021-04-28_DEN_NOP,0022000940,2021-04-28,DEN,NOP,NOP,Brandon Ingram,1627742,2070,1,,27,-3,https://www.nba.com/game/0022000940/box-score
2021-04-28_DEN_NOP,0022000940,2021-04-28,DEN,NOP,NOP,Eric Bledsoe,202339,1631,1,,17,2,https://www.nba.com/game/0022000940/box-score
2021-04-28_DEN_NOP,0022000940,2021-04-28,DEN,NOP,NOP,James Johnson,201949,460,0,,2,-4,https://www.nba.com/game/0022000940/box-score
2021-04-28_DEN_NOP,0022000940,2021-04-28,DEN,NOP,NOP,James Nunnally,203263,0,0,DNP - Coach's Decision,0,0,https://www.nba.com/game/0022000940/box-score
2021-04-28_DEN_NOP,0022000940,2021-04-28,DEN,NOP,NOP,Jaxson Hayes,1629637,836,0,,10,-5,https://www.nba.com/game/0022000940/box-score
2021-04-28_DEN_NOP,0022000940,2021-04-28,DEN,NOP,NOP,Kira Lewis Jr.,1630184,1021,0,,3,-3,https://www.nba.com/game/0022000940/box-score
2021-04-28_DEN_NOP,0022000940,2021-04-28,DEN,NOP,NOP,Lonzo Ball,1628366,2179,1,,16,1,https://www.nba.com/game/0022000940/box-score
2021-04-28_DEN_NOP,0022000940,2021-04-28,DEN,NOP,NOP,Naji Marshall,1630230,1084,0,,7,-2,https://www.nba.com/game/0022000940/box-score
2021-04-28_DEN_NOP,0022000940,2021-04-28,DEN,NOP,NOP,Steven Adams,203500,773,1,,2,-5,https://www.nba.com/game/0022000940/box-score
2021-04-28_DEN_NOP,0022000940,2021-04-28,DEN,NOP,NOP,Wenyen Gabriel,1629117,1056,0,,0,1,https://www.nba.com/game/0022000940/box-score
2021-04-28_DEN_NOP,0022000940,2021-04-28,DEN,NOP,NOP,Wes Iwundu,1628411,0,0,DNP - Coach's Decision,0,0,https://www.nba.com/game/0022000940/box-score
2021-04-28_DEN_NOP,0022000940,2021-04-28,DEN,NOP,NOP,Willy Hernangomez,1626195,1436,0,,7,2,https://www.nba.com/game/0022000940/box-score
2021-04-28_DEN_NOP,0022000940,2021-04-28,DEN,NOP,NOP,Zion Williamson,1629627,1855,1,,21,6,https://www.nba.com/game/0022000940/box-score
2021-04-30_BOS_SAS,0022000950,2021-04-30,BOS,SAS,BOS,Aaron Nesmith,1630174,1814,0,,16,12,https://www.nba.com/game/0022000950/box-score
2021-04-30_BOS_SAS,0022000950,2021-04-30,BOS,SAS,BOS,Carsen Edwards,1629035,0,0,DNP - Coach's Decision,0,0,https://www.nba.com/game/0022000950/box-score
2021-04-30_BOS_SAS,0022000950,2021-04-30,BOS,SAS,BOS,Evan Fournier,203095,1249,1,,8,0,https://www.nba.com/game/0022000950/box-score
2021-04-30_BOS_SAS,0022000950,2021-04-30,BOS,SAS,BOS,Grant Williams,1629684,524,0,,8,-11,https://www.nba.com/game/0022000950/box-score
2021-04-30_BOS_SAS,0022000950,2021-04-30,BOS,SAS,BOS,Jabari Parker,203953,0,0,DNP - Coach's Decision,0,0,https://www.nba.com/game/0022000950/box-score
2021-04-30_BOS_SAS,0022000950,2021-04-30,BOS,SAS,BOS,Jaylen Brown,1627759,2611,1,,17,3,https://www.nba.com/game/0022000950/box-score
2021-04-30_BOS_SAS,0022000950,2021-04-30,BOS,SAS,BOS,Jayson Tatum,1628369,2720,1,,60,6,https://www.nba.com/game/0022000950/box-score
2021-04-30_BOS_SAS,0022000950,2021-04-30,BOS,SAS,BOS,Luke Kornet,1628436,0,0,DNP - Coach's Decision,0,0,https://www.nba.com/game/0022000950/box-score
2021-04-30_BOS_SAS,0022000950,2021-04-30,BOS,SAS,BOS,Marcus Smart,203935,2625,1,,10,2,https://www.nba.com/game/0022000950/box-score
2021-04-30_BOS_SAS,0022000950,2021-04-30,BOS,SAS,BOS,Payton Pritchard,1630202,798,0,,3,9,https://www.nba.com/game/0022000950/box-score
2021-04-30_BOS_SAS,0022000950,2021-04-30,BOS,SAS,BOS,Robert Williams III,1629057,1406,1,,10,1,https://www.nba.com/game/0022000950/box-score
2021-04-30_BOS_SAS,0022000950,2021-04-30,BOS,SAS,BOS,Romeo Langford,1629641,0,0,DNP - Coach's Decision,0,0,https://www.nba.com/game/0022000950/box-score
2021-04-30_BOS_SAS,0022000950,2021-04-30,BOS,SAS,BOS,Semi Ojeleye,1628400,0,0,DNP - Coach's Decision,0,0,https://www.nba.com/game/0022000950/box-score
2021-04-30_BOS_SAS,0022000950,2021-04-30,BOS,SAS,BOS,Tremont Waters,1629682,403,0,,3,-6,https://www.nba.com/game/0022000950/box-score
2021-04-30_BOS_SAS,0022000950,2021-04-30,BOS,SAS,BOS,Tristan Thompson,202684,1750,0,,8,-1,https://www.nba.com/game/0022000950/box-score
2021-04-30_BOS_SAS,0022000950,2021-04-30,BOS,SAS,SAS,DeMar DeRozan,201942,2535,1,,30,1,https://www.nba.com/game/0022000950/box-score
2021-04-30_BOS_SAS,0022000950,2021-04-30,BOS,SAS,SAS,Dejounte Murray,1627749,2554,1,,24,-6,https://www.nba.com/game/0022000950/box-score
2021-04-30_BOS_SAS,0022000950,2021-04-30,BOS,SAS,SAS,Devin Vassell,1630170,928,1,,2,3,https://www.nba.com/game/0022000950/box-score
2021-04-30_BOS_SAS,0022000950,2021-04-30,BOS,SAS,SAS,Drew Eubanks,1629234,551,0,,4,14,https://www.nba.com/game/0022000950/box-score
2021-04-30_BOS_SAS,0022000950,2021-04-30,BOS,SAS,SAS,Gorgui Dieng,203476,0,0,DNP - Coach's Decision,0,0,https://www.nba.com/game/0022000950/box-score
2021-04-30_BOS_SAS,0022000950,2021-04-30,BOS,SAS,SAS,Jakob Poeltl,1627751,2579,1,,15,-17,https://www.nba.com/game/0022000950/box-score
2021-04-30_BOS_SAS,0022000950,2021-04-30,BOS,SAS,SAS,Keita Bates-Diop,1628966,0,0,DNP - Coach's Decision,0,0,https://www.nba.com/game/0022000950/box-score
2021-04-30_BOS_SAS,0022000950,2021-04-30,BOS,SAS,SAS,Keldon Johnson,1629640,2347,1,,14,0,https://www.nba.com/game/0022000950/box-score
2021-04-30_BOS_SAS,0022000950,2021-04-30,BOS,SAS,SAS,Lonnie Walker IV,1629022,2033,0,,24,-7,https://www.nba.com/game/0022000950/box-score
2021-04-30_BOS_SAS,0022000950,2021-04-30,BOS,SAS,SAS,Luka Samanic,1629677,0,0,DNP - Coach's Decision,0,0,https://www.nba.com/game/0022000950/box-score
2021-04-30_BOS_SAS,0022000950,2021-04-30,BOS,SAS,SAS,Patty Mills,201988,1307,0,,11,0,https://www.nba.com/game/0022000950/box-score
2021-04-30_BOS_SAS,0022000950,2021-04-30,BOS,SAS,SAS,Rudy Gay,200752,1067,0,,16,-3,https://www.nba.com/game/0022000950/box-score
2021-04-30_BOS_SAS,0022000950,2021-04-30,BOS,SAS,SAS,Tre Jones,1630200,0,0,DNP - Coach's Decision,0,0,https://www.nba.com/game/0022000950/box-score
2021-05-01_ORL_MEM,0022000961,2021-05-01,ORL,MEM,MEM,Brandon Clarke,1629634,0,0,DNP - Coach's Decision,0,0,https://www.nba.com/game/0022000961/box-score
2021-05-01_ORL_MEM,0022000961,2021-05-01,ORL,MEM,MEM,De'Anthony Melton,1629001,1138,0,,7,-9,https://www.nba.com/game/0022000961/box-score
2021-05-01_ORL_MEM,0022000961,2021-05-01,ORL,MEM,MEM,Desmond Bane,1630217,1859,1,,5,10,https://www.nba.com/game/0022000961/box-score
2021-05-01_ORL_MEM,0022000961,2021-05-01,ORL,MEM,MEM,Dillon Brooks,1628415,1900,1,,23,-6,https://www.nba.com/game/0022000961/box-score
2021-05-01_ORL_MEM,0022000961,2021-05-01,ORL,MEM,MEM,Ja Morant,1629630,1900,1,,22,-6,https://www.nba.com/game/0022000961/box-score
2021-05-01_ORL_MEM,0022000961,2021-05-01,ORL,MEM,MEM,Jaren Jackson Jr.,1628991,1281,0,,7,-12,https://www.nba.com/game/0022000961/box-score
2021-05-01_ORL_MEM,0022000961,2021-05-01,ORL,MEM,MEM,John Konchar,1629723,0,0,DNP - Coach's Decision,0,0,https://www.nba.com/game/0022000961/box-score
2021-05-01_ORL_MEM,0022000961,2021-05-01,ORL,MEM,MEM,Jonas Valanciunas,202685,1821,1,,11,7,https://www.nba.com/game/0022000961/box-score
2021-05-01_ORL_MEM,0022000961,2021-05-01,ORL,MEM,MEM,Jontay Porter,1629007,0,0,DNP - Coach's Decision,0,0,https://www.nba.com/game/0022000961/box-score
2021-05-01_ORL_MEM,0022000961,2021-05-01,ORL,MEM,MEM,Justise Winslow,1626159,863,0,,4,3,https://www.nba.com/game/0022000961/box-score
2021-05-01_ORL_MEM,0022000961,2021-05-01,ORL,MEM,MEM,Killian Tillie,1629681,0,0,DNP - Coach's Decision,0,0,https://www.nba.com/game/0022000961/box-score
2021-05-01_ORL_MEM,0022000961,2021-05-01,ORL,MEM,MEM,Kyle Anderson,203937,1676,1,,21,10,https://www.nba.com/game/0022000961/box-score
2021-05-01_ORL_MEM,0022000961,2021-05-01,ORL,MEM,MEM,Sean McDermott,1630253,0,0,DNP - Coach's Decision,0,0,https://www.nba.com/game/0022000961/box-score
2021-05-01_ORL_MEM,0022000961,2021-05-01,ORL,MEM,MEM,Tyus Jones,1626145,980,0,,7,5,https://www.nba.com/game/0022000961/box-score
2021-05-01_ORL_MEM,0022000961,2021-05-01,ORL,MEM,MEM,Xavier Tillman,1630214,982,0,,4,-7,https://www.nba.com/game/0022000961/box-score
2021-05-01_ORL_MEM,0022000961,2021-05-01,ORL,MEM,ORL,Chasson Randle,1626184,1117,0,,4,0,https://www.nba.com/game/0022000961/box-score
2021-05-01_ORL_MEM,0022000961,2021-05-01,ORL,MEM,ORL,Chuma Okeke,1629643,0,0,DNP - Injury/Illness,0,0,https://www.nba.com/game/0022000961/box-score
2021-05-01_ORL_MEM,0022000961,2021-05-01,ORL,MEM,ORL,Cole Anthony,1630175,2132,1,,26,2,https://www.nba.com/game/0022000961/box-score
2021-05-01_ORL_MEM,0022000961,2021-05-01,ORL,MEM,ORL,Donta Hall,1629743,835,0,,2,-1,https://www.nba.com/game/0022000961/box-score
2021-05-01_ORL_MEM,0022000961,2021-05-01,ORL,MEM,ORL,Dwayne Bacon,1628407,2151,1,,23,-5,https://www.nba.com/game/0022000961/box-score
2021-05-01_ORL_MEM,0022000961,2021-05-01,ORL,MEM,ORL,Gary Harris,203914,1424,1,,5,-9,https://www.nba.com/game/0022000961/box-score
2021-05-01_ORL_MEM,0022000961,2021-05-01,ORL,MEM,ORL,James Ennis III,203516,0,0,DNP - Injury/Illness,0,0,https://www.nba.com/game/0022000961/box-score
2021-05-01_ORL_MEM,0022000961,2021-05-01,ORL,MEM,ORL,Mo Bamba,1628964,1263,0,,4,7,https://www.nba.com/game/0022000961/box-score
2021-05-01_ORL_MEM,0022000961,2021-05-01,ORL,MEM,ORL,Moritz Wagner,1629021,2045,1,,24,2,https://www.nba.com/game/0022000961/box-score
2021-05-01_ORL_MEM,0022000961,2021-05-01,ORL,MEM,ORL,R.J. Hampton,1630181,1816,0,,18,15,https://www.nba.com/game/0022000961/box-score
2021-05-01_ORL_MEM,0022000961,2021-05-01,ORL,MEM,ORL,Terrence Ross,203082,0,0,DNP - Injury/Illness,0,0,https://www.nba.com/game/0022000961/box-score
2021-05-01_ORL_MEM,0022000961,2021-05-01,ORL,MEM,ORL,Wendell Carter Jr.,1628976,1617,1,,6,-6,https://www.nba.com/game/0022000961/box-score
2021-05-02_MIL_BKN,0022000967,2021-05-02,MIL,BKN,BKN,Alize Johnson,1628993,193,0,,2,1,https://www.nba.com/game/0022000967/box-score
2021-05-02_MIL_BKN,0022000967,2021-05-02,MIL,BKN,BKN,Blake Griffin,201933,1095,0,,11,-2,https://www.nba.com/game/0022000967/box-score
2021-05-02_MIL_BKN,0022000967,2021-05-02,MIL,BKN,BKN,Bruce Brown,1628971,280,0,,0,-3,https://www.nba.com/game/0022000967/box-score
2021-05-02_MIL_BKN,0022000967,2021-05-02,MIL,BKN,BKN,DeAndre Jordan,201599,1438,1,,10,-2,https://www.nba.com/game/0022000967/box-score
2021-05-02_MIL_BKN,0022000967,2021-05-02,MIL,BKN,BKN,Jeff Green,201145,2012,1,,7,-1,https://www.nba.com/game/0022000967/box-score
2021-05-02_MIL_BKN,0022000967,2021-05-02,MIL,BKN,BKN,Joe Harris,203925,2098,1,,5,2,https://www.nba.com/game/0022000967/box-score
2021-05-02_MIL_BKN,0022000967,2021-05-02,MIL,BKN,BKN,Kevin Durant,201142,2392,1,,42,-8,https://www.nba.com/game/0022000967/box-score
2021-05-02_MIL_BKN,0022000967,2021-05-02,MIL,BKN,BKN,Kyrie Irving,202681,2197,1,,20,3,https://www.nba.com/game/0022000967/box-score
2021-05-02_MIL_BKN,0022000967,2021-05-02,MIL,BKN,BKN,Landry Shamet,1629013,1672,0,,17,-7,https://www.nba.com/game/0022000967/box-score
2021-05-02_MIL_BKN,0022000967,2021-05-02,MIL,BKN,BKN,Mike James,1628455,307,0,,0,-3,https://www.nba.com/game/0022000967/box-score
2021-05-02_MIL_BKN,0022000967,2021-05-02,MIL,BKN,BKN,Nic Claxton,1629651,0,0,DNP - Coach's Decision,0,0,https://www.nba.com/game/0022000967/box-score
2021-05-02_MIL_BKN,0022000967,2021-05-02,MIL,BKN,BKN,Reggie Perry,1629617,0,0,DNP - Coach's Decision,0,0,https://www.nba.com/game/0022000967/box-score
2021-05-02_MIL_BKN,0022000967,2021-05-02,MIL,BKN,BKN,Timothe Luwawu-Cabarrot,1627789,0,0,DNP - Coach's Decision,0,0,https://www.nba.com/game/0022000967/box-score
2021-05-02_MIL_BKN,0022000967,2021-05-02,MIL,BKN,BKN,Tyler Johnson,204020,716,0,,0,5,https://www.nba.com/game/0022000967/box-score
2021-05-02_MIL_BKN,0022000967,2021-05-02,MIL,BKN,MIL,Bobby Portis,1626171,0,0,DND - Injury/Illness,0,0,https://www.nba.com/game/0022000967/box-score
2021-05-02_MIL_BKN,0022000967,2021-05-02,MIL,BKN,MIL,Brook Lopez,201572,1528,1,,4,-2,https://www.nba.com/game/0022000967/box-score
2021-05-02_MIL_BKN,0022000967,2021-05-02,MIL,BKN,MIL,Bryn Forbes,1627854,1130,0,,12,-3,https://www.nba.com/game/0022000967/box-score
2021-05-02_MIL_BKN,0022000967,2021-05-02,MIL,BKN,MIL,Donte DiVincenzo,1628978,1810,1,,0,9,https://www.nba.com/game/0022000967/box-score
2021-05-02_MIL_BKN,0022000967,2021-05-02,MIL,BKN,MIL,Giannis Antetokounmpo,203507,2141,1,,49,5,https://www.nba.com/game/0022000967/box-score
2021-05-02_MIL_BKN,0022000967,2021-05-02,MIL,BKN,MIL,Jeff Teague,201952,642,0,,2,4,https://www.nba.com/game/0022000967/box-score
2021-05-02_MIL_BKN,0022000967,2021-05-02,MIL,BKN,MIL,Jordan Nwora,1629670,0,0,DNP - Coach's Decision,0,0,https://www.nba.com/game/0022000967/box-score
2021-05-02_MIL_BKN,0022000967,2021-05-02,MIL,BKN,MIL,Jrue Holiday,201950,2170,1,,18,-4,https://www.nba.com/game/0022000967/box-score
2021-05-02_MIL_BKN,0022000967,2021-05-02,MIL,BKN,MIL,Khris Middleton,203114,2167,1,,26,12,https://www.nba.com/game/0022000967/box-score
2021-05-02_MIL_BKN,0022000967,2021-05-02,MIL,BKN,MIL,Mamadi Diakite,1629603,0,0,DNP - Coach's Decision,0,0,https://www.nba.com/game/0022000967/box-score
2021-05-02_MIL_BKN,0022000967,2021-05-02,MIL,BKN,MIL,P.J. Tucker,200782,1402,0,,3,-7,https://www.nba.com/game/0022000967/box-score
2021-05-02_MIL_BKN,0022000967,2021-05-02,MIL,BKN,MIL,Pat Connaughton,1626192,1410,0,,3,1,https://www.nba.com/game/0022000967/box-score
2021-05-02_MIL_BKN,0022000967,2021-05-02,MIL,BKN,MIL,Rodions Kurucs,1629066,0,0,DNP - Coach's Decision,0,0,https://www.nba.com/game/0022000967/box-score
2021-05-02_MIL_BKN,0022000967,2021-05-02,MIL,BKN,MIL,Sam Merrill,1630241,0,0,DNP - Coach's Decision,0,0,https://www.nba.com/game/0022000967/box-score
2021-05-02_MIL_BKN,0022000967,2021-05-02,MIL,BKN,MIL,Thanasis Antetokounmpo,203648,0,0,DNP - Coach's Decision,0,0,https://www.nba.com/game/0022000967/box-score
2021-05-02_OKC_PHX,0022000972,2021-05-02,OKC,PHX,OKC,Aleksej Pokusevski,1630197,599,1,,4,-2,https://www.nba.com/game/0022000972/box-score
2021-05-02_OKC_PHX,0022000972,2021-05-02,OKC,PHX,OKC,Charlie Brown Jr.,1629718,0,0,DNP - Coach's Decision,0,0,https://www.nba.com/game/0022000972/box-score
2021-05-02_OKC_PHX,0022000972,2021-05-02,OKC,PHX,OKC,Darius Bazley,1629647,2120,1,,19,1,https://www.nba.com/game/0022000972/box-score
2021-05-02_OKC_PHX,0022000972,2021-05-02,OKC,PHX,OKC,Gabriel Deck,1630466,1122,0,,11,-5,https://www.nba.com/game/0022000972/box-score
2021-05-02_OKC_PHX,0022000972,2021-05-02,OKC,PHX,OKC,Isaiah Roby,1629676,1302,0,,11,-15,https://www.nba.com/game/0022000972/box-score
2021-05-02_OKC_PHX,0022000972,2021-05-02,OKC,PHX,OKC,Jaylen Hoard,1629658,0,0,DNP - Coach's Decision,0,0,https://www.nba.com/game/0022000972/box-score
2021-05-02_OKC_PHX,0022000972,2021-05-02,OKC,PHX,OKC,Josh Hall,1630221,0,0,DNP - Coach's Decision,0,0,https://www.nba.com/game/0022000972/box-score
2021-05-02_OKC_PHX,0022000972,2021-05-02,OKC,PHX,OKC,Kenrich Williams,1629026,1786,0,,15,0,https://www.nba.com/game/0022000972/box-score
2021-05-02_OKC_PHX,0022000972,2021-05-02,OKC,PHX,OKC,Luguentz Dort,1629652,2075,1,,10,1,https://www.nba.com/game/0022000972/box-score
2021-05-02_OKC_PHX,0022000972,2021-05-02,OKC,PHX,OKC,Moses Brown,1629650,863,1,,4,6,https://www.nba.com/game/0022000972/box-score
2021-05-02_OKC_PHX,0022000972,2021-05-02,OKC,PHX,OKC,Svi Mykhailiuk,1629004,903,0,,7,-1,https://www.nba.com/game/0022000972/box-score
2021-05-02_OKC_PHX,0022000972,2021-05-02,OKC,PHX,OKC,Theo Maledon,1630177,1693,1,,18,3,https://www.nba.com/game/0022000972/box-score
2021-05-02_OKC_PHX,0022000972,2021-05-02,OKC,PHX,OKC,Tony Bradley,1628396,572,0,,6,3,https://www.nba.com/game/0022000972/box-score
2021-05-02_OKC_PHX,0022000972,2021-05-02,OKC,PHX,OKC,Ty Jerome,1629660,1365,0,,15,-6,https://www.nba.com/game/0022000972/box-score
2021-05-02_OKC_PHX,0022000972,2021-05-02,OKC,PHX,PHX,Cameron Johnson,1629661,1238,0,,12,2,https://www.nba.com/game/0022000972/box-score
2021-05-02_OKC_PHX,0022000972,2021-05-02,OKC,PHX,PHX,Cameron Payne,1626166,0,0,DND - Injury/Illness,0,0,https://www.nba.com/game/0022000972/box-score
2021-05-02_OKC_PHX,0022000972,2021-05-02,OKC,PHX,PHX,Chris Paul,101108,1669,1,,18,2,https://www.nba.com/game/0022000972/box-score
2021-05-02_OKC_PHX,0022000972,2021-05-02,OKC,PHX,PHX,Dario Saric,203967,841,0,,8,5,https://www.nba.com/game/0022000972/box-score
2021-05-02_OKC_PHX,0022000972,2021-05-02,OKC,PHX,PHX,Deandre Ayton,1629028,1864,1,,5,-1,https://www.nba.com/game/0022000972/box-score
2021-05-02_OKC_PHX,0022000972,2021-05-02,OKC,PHX,PHX,Devin Booker,1626164,2186,1,,32,-3,https://www.nba.com/game/0022000972/box-score
2021-05-02_OKC_PHX,0022000972,2021-05-02,OKC,PHX,PHX,E'Twaun Moore,202734,0,0,DNP - Coach's Decision,0,0,https://www.nba.com/game/0022000972/box-score
2021-05-02_OKC_PHX,0022000972,2021-05-02,OKC,PHX,PHX,Frank Kaminsky,1626163,907,0,,7,4,https://www.nba.com/game/0022000972/box-score
2021-05-02_OKC_PHX,0022000972,2021-05-02,OKC,PHX,PHX,Jae Crowder,203109,0,0,DND - Injury/Illness,0,0,https://www.nba.com/game/0022000972/box-score
2021-05-02_OKC_PHX,0022000972,2021-05-02,OKC,PHX,PHX,Jalen Smith,1630188,0,0,DNP - Coach's Decision,0,0,https://www.nba.com/game/0022000972/box-score
2021-05-02_OKC_PHX,0022000972,2021-05-02,OKC,PHX,PHX,Jevon Carter,1628975,1610,0,,6,13,https://www.nba.com/game/0022000972/box-score
2021-05-02_OKC_PHX,0022000972,2021-05-02,OKC,PHX,PHX,Langston Galloway,204038,0,0,DNP - Coach's Decision,0,0,https://www.nba.com/game/0022000972/box-score
2021-05-02_OKC_PHX,0022000972,2021-05-02,OKC,PHX,PHX,Mikal Bridges,1628969,2226,1,,17,-5,https://www.nba.com/game/0022000972/box-score
2021-05-02_OKC_PHX,0022000972,2021-05-02,OKC,PHX,PHX,Torrey Craig,1628470,1859,1,,18,-2,https://www.nba.com/game/0022000972/box-score
2021-05-02_OKC_PHX,0022000972,2021-05-02,OKC,PHX,PHX,Ty-Shon Alexander,1630234,0,0,DNP - Coach's Decision,0,0,https://www.nba.com/game/0022000972/box-score
2021-05-02_SAS_PHI,0022000973,2021-05-02,SAS,PHI,PHI,Anthony Tolliver,201229,0,0,DNP - Coach's Decision,0,0,https://www.nba.com/game/0022000973/box-score
2021-05-02_SAS_PHI,0022000973,2021-05-02,SAS,PHI,PHI,Ben Simmons,1627732,2086,1,,5,1,https://www.nba.com/game/0022000973/box-score
2021-05-02_SAS_PHI,0022000973,2021-05-02,SAS,PHI,PHI,Danny Green,201980,2044,1,,11,5,https://www.nba.com/game/0022000973/box-score
2021-05-02_SAS_PHI,0022000973,2021-05-02,SAS,PHI,PHI,Dwight Howard,2730,1103,0,,14,5,https://www.nba.com/game/0022000973/box-score
2021-05-02_SAS_PHI,0022000973,2021-05-02,SAS,PHI,PHI,Furkan Korkmaz,1627788,810,0,,3,-11,https://www.nba.com/game/0022000973/box-score
2021-05-02_SAS_PHI,0022000973,2021-05-02,SAS,PHI,PHI,George Hill,201588,1153,0,,5,-3,https://www.nba.com/game/0022000973/box-score
2021-05-02_SAS_PHI,0022000973,2021-05-02,SAS,PHI,PHI,Isaiah Joe,1630198,0,0,DNP - Coach's Decision,0,0,https://www.nba.com/game/0022000973/box-score
2021-05-02_SAS_PHI,0022000973,2021-05-02,SAS,PHI,PHI,Joel Embiid,203954,2077,1,,34,-3,https://www.nba.com/game/0022000973/box-score
2021-05-02_SAS_PHI,0022000973,2021-05-02,SAS,PHI,PHI,Matisse Thybulle,1629680,1260,0,,5,-5,https://www.nba.com/game/0022000973/box-score
2021-05-02_SAS_PHI,0022000973,2021-05-02,SAS,PHI,PHI,Mike Scott,203118,0,0,DNP - Coach's Decision,0,0,https://www.nba.com/game/0022000973/box-score
2021-05-02_SAS_PHI,0022000973,2021-05-02,SAS,PHI,PHI,Paul Reed,1630194,0,0,DNP - Coach's Decision,0,0,https://www.nba.com/game/0022000973/box-score
2021-05-02_SAS_PHI,0022000973,2021-05-02,SAS,PHI,PHI,Seth Curry,203552,2123,1,,22,15,https://www.nba.com/game/0022000973/box-score
2021-05-02_SAS_PHI,0022000973,2021-05-02,SAS,PHI,PHI,Shake Milton,1629003,1077,0,,8,1,https://www.nba.com/game/0022000973/box-score
2021-05-02_SAS_PHI,0022000973,2021-05-02,SAS,PHI,PHI,Tobias Harris,202699,2168,1,,6,5,https://www.nba.com/game/0022000973/box-score
2021-05-02_SAS_PHI,0022000973,2021-05-02,SAS,PHI,PHI,Tyrese Maxey,1630178,0,0,DNP - Coach's Decision,0,0,https://www.nba.com/game/0022000973/box-score
2021-05-02_SAS_PHI,0022000973,2021-05-02,SAS,PHI,SAS,DeMar DeRozan,201942,0,0,DNP - Rest,0,0,https://www.nba.com/game/0022000973/box-score
2021-05-02_SAS_PHI,0022000973,2021-05-02,SAS,PHI,SAS,Devin Vassell,1630170,1364,1,,4,-8,https://www.nba.com/game/0022000973/box-score
2021-05-02_SAS_PHI,0022000973,2021-05-02,SAS,PHI,SAS,Drew Eubanks,1629234,1291,1,,10,-15,https://www.nba.com/game/0022000973/box-score
2021-05-02_SAS_PHI,0022000973,2021-05-02,SAS,PHI,SAS,Gorgui Dieng,203476,1889,0,,17,13,https://www.nba.com/game/0022000973/box-score
2021-05-02_SAS_PHI,0022000973,2021-05-02,SAS,PHI,SAS,Jakob Poeltl,1627751,0,0,DNP - Rest,0,0,https://www.nba.com/game/0022000973/box-score
2021-05-02_SAS_PHI,0022000973,2021-05-02,SAS,PHI,SAS,Keita Bates-Diop,1628966,901,0,,4,2,https://www.nba.com/game/0022000973/box-score
2021-05-02_SAS_PHI,0022000973,2021-05-02,SAS,PHI,SAS,Keldon Johnson,1629640,2279,1,,19,-4,https://www.nba.com/game/0022000973/box-score
2021-05-02_SAS_PHI,0022000973,2021-05-02,SAS,PHI,SAS,Lonnie Walker IV,1629022,1887,0,,23,4,https://www.nba.com/game/0022000973/box-score
2021-05-02_SAS_PHI,0022000973,2021-05-02,SAS,PHI,SAS,Luka Samanic,1629677,933,0,,6,3,https://www.nba.com/game/0022000973/box-score
2021-05-02_SAS_PHI,0022000973,2021-05-02,SAS,PHI,SAS,Patty Mills,201988,1880,0,,6,6,https://www.nba.com/game/0022000973/box-score
2021-05-02_SAS_PHI,0022000973,2021-05-02,SAS,PHI,SAS,Quinndary Weatherspoon,1629683,0,0,DNP - Coach's Decision,0,0,https://www.nba.com/game/0022000973/box-score
2021-05-02_SAS_PHI,0022000973,2021-05-02,SAS,PHI,SAS,Rudy Gay,200752,2176,1,,18,-3,https://www.nba.com/game/0022000973/box-score
2021-05-02_SAS_PHI,0022000973,2021-05-02,SAS,PHI,SAS,Tre Jones,1630200,1300,1,,4,-8,https://www.nba.com/game/0022000973/box-score
2021-05-07_PHI_NOP,0022001003,2021-05-07,PHI,NOP,NOP,Didi Louzada,1629712,0,0,DNP - Coach's Decision,0,0,https://www.nba.com/game/0022001003/box-score
2021-05-07_PHI_NOP,0022001003,2021-05-07,PHI,NOP,NOP,Eric Bledsoe,202339,2405,1,,18,-10,https://www.nba.com/game/0022001003/box-score
2021-05-07_PHI_NOP,0022001003,2021-05-07,PHI,NOP,NOP,James Johnson,201949,1587,1,,10,-15,https://www.nba.com/game/0022001003/box-score
2021-05-07_PHI_NOP,0022001003,2021-05-07,PHI,NOP,NOP,James Nunnally,203263,0,0,DNP - Coach's Decision,0,0,https://www.nba.com/game/0022001003/box-score
2021-05-07_PHI_NOP,0022001003,2021-05-07,PHI,NOP,NOP,Jaxson Hayes,1629637,1431,0,,19,5,https://www.nba.com/game/0022001003/box-score
2021-05-07_PHI_NOP,0022001003,2021-05-07,PHI,NOP,NOP,Kira Lewis Jr.,1630184,1289,0,,13,11,https://www.nba.com/game/0022001003/box-score
2021-05-07_PHI_NOP,0022001003,2021-05-07,PHI,NOP,NOP,Lonzo Ball,1628366,2066,1,,18,-5,https://www.nba.com/game/0022001003/box-score
2021-05-07_PHI_NOP,0022001003,2021-05-07,PHI,NOP,NOP,Naji Marshall,1630230,1609,1,,4,-2,https://www.nba.com/game/0022001003/box-score
2021-05-07_PHI_NOP,0022001003,2021-05-07,PHI,NOP,NOP,Nickeil Alexander-Walker,1629638,0,0,DNP - Injury/Illness,0,0,https://www.nba.com/game/0022001003/box-score
2021-05-07_PHI_NOP,0022001003,2021-05-07,PHI,NOP,NOP,Wenyen Gabriel,1629117,1289,0,,12,13,https://www.nba.com/game/0022001003/box-score
2021-05-07_PHI_NOP,0022001003,2021-05-07,PHI,NOP,NOP,Wes Iwundu,1628411,1296,0,,2,0,https://www.nba.com/game/0022001003/box-score
2021-05-07_PHI_NOP,0022001003,2021-05-07,PHI,NOP,NOP,Willy Hernangomez,1626195,1429,1,,11,-7,https://www.nba.com/game/0022001003/box-score
2021-05-07_PHI_NOP,0022001003,2021-05-07,PHI,NOP,PHI,Anthony Tolliver,201229,0,0,DNP - Coach's Decision,0,0,https://www.nba.com/game/0022001003/box-score
2021-05-07_PHI_NOP,0022001003,2021-05-07,PHI,NOP,PHI,Ben Simmons,1627732,2012,1,,8,13,https://www.nba.com/game/0022001003/box-score
2021-05-07_PHI_NOP,0022001003,2021-05-07,PHI,NOP,PHI,Danny Green,201980,1879,1,,8,18,https://www.nba.com/game/0022001003/box-score
2021-05-07_PHI_NOP,0022001003,2021-05-07,PHI,NOP,PHI,Dwight Howard,2730,899,0,,4,-12,https://www.nba.com/game/0022001003/box-score
2021-05-07_PHI_NOP,0022001003,2021-05-07,PHI,NOP,PHI,George Hill,201588,1006,0,,11,-11,https://www.nba.com/game/0022001003/box-score
2021-05-07_PHI_NOP,0022001003,2021-05-07,PHI,NOP,PHI,Isaiah Joe,1630198,0,0,DNP - Coach's Decision,0,0,https://www.nba.com/game/0022001003/box-score
2021-05-07_PHI_NOP,0022001003,2021-05-07,PHI,NOP,PHI,Joel Embiid,203954,1981,1,,37,14,https://www.nba.com/game/0022001003/box-score
2021-05-07_PHI_NOP,0022001003,2021-05-07,PHI,NOP,PHI,Matisse Thybulle,1629680,868,0,,0,-11,https://www.nba.com/game/0022001003/box-score
2021-05-07_PHI_NOP,0022001003,2021-05-07,PHI,NOP,PHI,Mike Scott,203118,720,0,,3,-10,https://www.nba.com/game/0022001003/box-score
2021-05-07_PHI_NOP,0022001003,2021-05-07,PHI,NOP,PHI,Paul Reed,1630194,0,0,DNP - Coach's Decision,0,0,https://www.nba.com/game/0022001003/box-score
2021-05-07_PHI_NOP,0022001003,2021-05-07,PHI,NOP,PHI,Rayjon Tucker,1629730,0,0,DNP - Coach's Decision,0,0,https://www.nba.com/game/0022001003/box-score
2021-05-07_PHI_NOP,0022001003,2021-05-07,PHI,NOP,PHI,Seth Curry,203552,1945,1,,16,12,https://www.nba.com/game/0022001003/box-score
2021-05-07_PHI_NOP,0022001003,2021-05-07,PHI,NOP,PHI,Shake Milton,1629003,930,0,,5,-15,https://www.nba.com/game/0022001003/box-score
2021-05-07_PHI_NOP,0022001003,2021-05-07,PHI,NOP,PHI,Tobias Harris,202699,2160,1,,17,12,https://www.nba.com/game/0022001003/box-score
2021-05-07_PHI_NOP,0022001003,2021-05-07,PHI,NOP,PHI,Tyrese Maxey,1630178,0,0,DNP - Coach's Decision,0,0,https://www.nba.com/game/0022001003/box-score
2021-05-10_GSW_UTA,0022001030,2021-05-10,GSW,UTA,GSW,Alen Smailagic,1629346,0,0,DNP - Coach's Decision,0,0,https://www.nba.com/game/0022001030/box-score
2021-05-10_GSW_UTA,0022001030,2021-05-10,GSW,UTA,GSW,Andrew Wiggins,203952,2132,1,,14,-8,https://www.nba.com/game/0022001030/box-score
2021-05-10_GSW_UTA,0022001030,2021-05-10,GSW,UTA,GSW,Draymond Green,203110,2225,1,,12,0,https://www.nba.com/game/0022001030/box-score
2021-05-10_GSW_UTA,0022001030,2021-05-10,GSW,UTA,GSW,Eric Paschall,1629672,0,0,DNP - Injury/Illness,0,0,https://www.nba.com/game/0022001030/box-score
2021-05-10_GSW_UTA,0022001030,2021-05-10,GSW,UTA,GSW,Jordan Poole,1629673,1124,0,,20,1,https://www.nba.com/game/0022001030/box-score
2021-05-10_GSW_UTA,0022001030,2021-05-10,GSW,UTA,GSW,Juan Toscano-Anderson,1629308,1740,0,,5,4,https://www.nba.com/game/0022001030/box-score
2021-05-10_GSW_UTA,0022001030,2021-05-10,GSW,UTA,GSW,Kelly Oubre Jr.,1626162,0,0,DNP - Injury/Illness,0,0,https://www.nba.com/game/0022001030/box-score
2021-05-10_GSW_UTA,0022001030,2021-05-10,GSW,UTA,GSW,Kent Bazemore,203145,2016,1,,19,1,https://www.nba.com/game/0022001030/box-score
2021-05-10_GSW_UTA,0022001030,2021-05-10,GSW,UTA,GSW,Kevon Looney,1626172,1796,1,,5,0,https://www.nba.com/game/0022001030/box-score
2021-05-10_GSW_UTA,0022001030,2021-05-10,GSW,UTA,GSW,Mychal Mulder,1628539,1152,0,,8,13,https://www.nba.com/game/0022001030/box-score
2021-05-10_GSW_UTA,0022001030,2021-05-10,GSW,UTA,GSW,Nico Mannion,1630185,0,0,DNP - Coach's Decision,0,0,https://www.nba.com/game/0022001030/box-score
2021-05-10_GSW_UTA,0022001030,2021-05-10,GSW,UTA,GSW,Stephen Curry,201939,2215,1,,36,4,https://www.nba.com/game/0022001030/box-score
2021-05-10_GSW_UTA,0022001030,2021-05-10,GSW,UTA,UTA,Bojan Bogdanovic,202711,2026,1,,27,5,https://www.nba.com/game/0022001030/box-score
2021-05-10_GSW_UTA,0022001030,2021-05-10,GSW,UTA,UTA,Derrick Favors,202324,1030,0,,0,-6,https://www.nba.com/game/0022001030/box-score
2021-05-10_GSW_UTA,0022001030,2021-05-10,GSW,UTA,UTA,Elijah Hughes,1630190,0,0,DNP - Coach's Decision,0,0,https://www.nba.com/game/0022001030/box-score
2021-05-10_GSW_UTA,0022001030,2021-05-10,GSW,UTA,UTA,Ersan Ilyasova,101141,0,0,DNP - Coach's Decision,0,0,https://www.nba.com/game/0022001030/box-score
2021-05-10_GSW_UTA,0022001030,2021-05-10,GSW,UTA,UTA,Georges Niang,1627777,1590,1,,9,0,https://www.nba.com/game/0022001030/box-score
2021-05-10_GSW_UTA,0022001030,2021-05-10,GSW,UTA,UTA,Jarrell Brantley,1629714,0,0,DNP - Coach's Decision,0,0,https://www.nba.com/game/0022001030/box-score
2021-05-10_GSW_UTA,0022001030,2021-05-10,GSW,UTA,UTA,Joe Ingles,204060,1850,1,,5,6,https://www.nba.com/game/0022001030/box-score
2021-05-10_GSW_UTA,0022001030,2021-05-10,GSW,UTA,UTA,Jordan Clarkson,203903,2119,0,,41,-17,https://www.nba.com/game/0022001030/box-score
2021-05-10_GSW_UTA,0022001030,2021-05-10,GSW,UTA,UTA,Matt Thomas,1629744,239,0,,5,-4,https://www.nba.com/game/0022001030/box-score
2021-05-10_GSW_UTA,0022001030,2021-05-10,GSW,UTA,UTA,Miye Oni,1629671,615,0,,0,-4,https://www.nba.com/game/0022001030/box-score
2021-05-10_GSW_UTA,0022001030,2021-05-10,GSW,UTA,UTA,Royce O'Neale,1626220,1963,1,,10,7,https://www.nba.com/game/0022001030/box-score
2021-05-10_GSW_UTA,0022001030,2021-05-10,GSW,UTA,UTA,Rudy Gobert,203497,1850,1,,10,3,https://www.nba.com/game/0022001030/box-score
2021-05-10_GSW_UTA,0022001030,2021-05-10,GSW,UTA,UTA,Trent Forrest,1630235,1118,0,,9,-5,https://www.nba.com/game/0022001030/box-score
2021-05-10_GSW_UTA,0022001030,2021-05-10,GSW,UTA,UTA,Udoka Azubuike,1628962,0,0,DNP - Coach's Decision,0,0,https://www.nba.com/game/0022001030/box-score
2021-05-14_GSW_NOP,0022001059,2021-05-14,GSW,NOP,GSW,Alen Smailagic,1629346,1191,0,,5,-7,https://www.nba.com/game/0022001059/box-score
2021-05-14_GSW_NOP,0022001059,2021-05-14,GSW,NOP,GSW,Andrew Wiggins,203952,0,0,DNP - Injury/Illness,0,0,https://www.nba.com/game/0022001059/box-score
2021-05-14_GSW_NOP,0022001059,2021-05-14,GSW,NOP,GSW,Draymond Green,203110,0,0,DNP - Injury/Illness,0,0,https://www.nba.com/game/0022001059/box-score
2021-05-14_GSW_NOP,0022001059,2021-05-14,GSW,NOP,GSW,Eric Paschall,1629672,1115,0,,12,3,https://www.nba.com/game/0022001059/box-score
2021-05-14_GSW_NOP,0022001059,2021-05-14,GSW,NOP,GSW,Jordan Bell,1628395,881,0,,1,-3,https://www.nba.com/game/0022001059/box-score
2021-05-14_GSW_NOP,0022001059,2021-05-14,GSW,NOP,GSW,Jordan Poole,1629673,1990,1,,38,3,https://www.nba.com/game/0022001059/box-score
2021-05-14_GSW_NOP,0022001059,2021-05-14,GSW,NOP,GSW,Juan Toscano-Anderson,1629308,2006,1,,9,4,https://www.nba.com/game/0022001059/box-score
2021-05-14_GSW_NOP,0022001059,2021-05-14,GSW,NOP,GSW,Kent Bazemore,203145,1946,1,,14,4,https://www.nba.com/game/0022001059/box-score
2021-05-14_GSW_NOP,0022001059,2021-05-14,GSW,NOP,GSW,Kevon Looney,1626172,1294,1,,7,11,https://www.nba.com/game/0022001059/box-score
2021-05-14_GSW_NOP,0022001059,2021-05-14,GSW,NOP,GSW,Mychal Mulder,1628539,2042,1,,28,9,https://www.nba.com/game/0022001059/box-score
2021-05-14_GSW_NOP,0022001059,2021-05-14,GSW,NOP,GSW,Nico Mannion,1630185,1934,0,,11,-9,https://www.nba.com/game/0022001059/box-score
2021-05-14_GSW_NOP,0022001059,2021-05-14,GSW,NOP,GSW,Stephen Curry,201939,0,0,DNP - Injury/Illness,0,0,https://www.nba.com/game/0022001059/box-score
2021-05-14_GSW_NOP,0022001059,2021-05-14,GSW,NOP,NOP,Didi Louzada,1629712,1385,0,,6,-5,https://www.nba.com/game/0022001059/box-score
2021-05-14_GSW_NOP,0022001059,2021-05-14,GSW,NOP,NOP,Eric Bledsoe,202339,943,1,,11,-2,https://www.nba.com/game/0022001059/box-score
2021-05-14_GSW_NOP,0022001059,2021-05-14,GSW,NOP,NOP,James Johnson,201949,1039,1,,5,-6,https://www.nba.com/game/0022001059/box-score
2021-05-14_GSW_NOP,0022001059,2021-05-14,GSW,NOP,NOP,James Nunnally,203263,31,0,,0,0,https://www.nba.com/game/0022001059/box-score
2021-05-14_GSW_NOP,0022001059,2021-05-14,GSW,NOP,NOP,Jaxson Hayes,1629637,1465,0,,19,-2,https://www.nba.com/game/0022001059/box-score
2021-05-14_GSW_NOP,0022001059,2021-05-14,GSW,NOP,NOP,Kira Lewis Jr.,1630184,1724,0,,7,4,https://www.nba.com/game/0022001059/box-score
2021-05-14_GSW_NOP,0022001059,2021-05-14,GSW,NOP,NOP,Lonzo Ball,1628366,0,0,DNP - Injury/Illness,0,0,https://www.nba.com/game/0022001059/box-score
2021-05-14_GSW_NOP,0022001059,2021-05-14,GSW,NOP,NOP,Naji Marshall,1630230,2154,1,,20,-5,https://www.nba.com/game/0022001059/box-score
2021-05-14_GSW_NOP,0022001059,2021-05-14,GSW,NOP,NOP,Nickeil Alexander-Walker,1629638,2403,1,,30,-1,https://www.nba.com/game/0022001059/box-score
2021-05-14_GSW_NOP,0022001059,2021-05-14,GSW,NOP,NOP,Wenyen Gabriel,1629117,1841,0,,14,3,https://www.nba.com/game/0022001059/box-score
2021-05-14_GSW_NOP,0022001059,2021-05-14,GSW,NOP,NOP,Wes Iwundu,1628411,0,0,DNP - Injury/Illness,0,0,https://www.nba.com/game/0022001059/box-score
2021-05-14_GSW_NOP,0022001059,2021-05-14,GSW,NOP,NOP,Willy Hernangomez,1626195,1415,1,,10,-1,https://www.nba.com/game/0022001059/box-score
2021-05-14_MEM_SAC,0022000263,2021-05-14,MEM,SAC,MEM,Brandon Clarke,1629634,0,0,DNP - Injury/Illness,0,0,https://www.nba.com/game/0022000263/box-score
2021-05-14_MEM_SAC,0022000263,2021-05-14,MEM,SAC,MEM,De'Anthony Melton,1629001,1282,0,,10,0,https://www.nba.com/game/0022000263/box-score
2021-05-14_MEM_SAC,0022000263,2021-05-14,MEM,SAC,MEM,Desmond Bane,1630217,1199,1,,6,-6,https://www.nba.com/game/0022000263/box-score
2021-05-14_MEM_SAC,0022000263,2021-05-14,MEM,SAC,MEM,Dillon Brooks,1628415,0,0,DNP - Injury/Illness,0,0,https://www.nba.com/game/0022000263/box-score
2021-05-14_MEM_SAC,0022000263,2021-05-14,MEM,SAC,MEM,John Konchar,1629723,1314,0,,15,-4,https://www.nba.com/game/0022000263/box-score
2021-05-14_MEM_SAC,0022000263,2021-05-14,MEM,SAC,MEM,Jonas Valanciunas,202685,0,0,DNP - Injury/Illness,0,0,https://www.nba.com/game/0022000263/box-score
2021-05-14_MEM_SAC,0022000263,2021-05-14,MEM,SAC,MEM,Jontay Porter,1629007,1284,0,,7,-1,https://www.nba.com/game/0022000263/box-score
2021-05-14_MEM_SAC,0022000263,2021-05-14,MEM,SAC,MEM,Justise Winslow,1626159,2301,1,,25,-1,https://www.nba.com/game/0022000263/box-score
2021-05-14_MEM_SAC,0022000263,2021-05-14,MEM,SAC,MEM,Killian Tillie,1629681,2276,1,,16,13,https://www.nba.com/game/0022000263/box-score
2021-05-14_MEM_SAC,0022000263,2021-05-14,MEM,SAC,MEM,Kyle Anderson,203937,0,0,DNP - Injury/Illness,0,0,https://www.nba.com/game/0022000263/box-score
2021-05-14_MEM_SAC,0022000263,2021-05-14,MEM,SAC,MEM,Tim Frazier,204025,1455,0,,4,-7,https://www.nba.com/game/0022000263/box-score
2021-05-14_MEM_SAC,0022000263,2021-05-14,MEM,SAC,MEM,Tyus Jones,1626145,1425,1,,8,8,https://www.nba.com/game/0022000263/box-score
2021-05-14_MEM_SAC,0022000263,2021-05-14,MEM,SAC,MEM,Xavier Tillman,1630214,1864,1,,16,3,https://www.nba.com/game/0022000263/box-score
2021-05-14_MEM_SAC,0022000263,2021-05-14,MEM,SAC,SAC,Buddy Hield,1627741,1724,1,,11,-3,https://www.nba.com/game/0022000263/box-score
2021-05-14_MEM_SAC,0022000263,2021-05-14,MEM,SAC,SAC,Chimezie Metu,1629002,1344,1,,15,-2,https://www.nba.com/game/0022000263/box-score
2021-05-14_MEM_SAC,0022000263,2021-05-14,MEM,SAC,SAC,Damian Jones,1627745,2081,1,,17,0,https://www.nba.com/game/0022000263/box-score
2021-05-14_MEM_SAC,0022000263,2021-05-14,MEM,SAC,SAC,Delon Wright,1626153,1419,1,,2,1,https://www.nba.com/game/0022000263/box-score
2021-05-14_MEM_SAC,0022000263,2021-05-14,MEM,SAC,SAC,Hassan Whiteside,202355,0,0,DNP - Injury/Illness,0,0,https://www.nba.com/game/0022000263/box-score
2021-05-14_MEM_SAC,0022000263,2021-05-14,MEM,SAC,SAC,Jahmi'us Ramsey,1630186,1788,0,,10,6,https://www.nba.com/game/0022000263/box-score
2021-05-14_MEM_SAC,0022000263,2021-05-14,MEM,SAC,SAC,Justin James,1629713,1520,0,,16,2,https://www.nba.com/game/0022000263/box-score
2021-05-14_MEM_SAC,0022000263,2021-05-14,MEM,SAC,SAC,Kyle Guy,1629657,0,0,DNP - Coach's Decision,0,0,https://www.nba.com/game/0022000263/box-score
2021-05-14_MEM_SAC,0022000263,2021-05-14,MEM,SAC,SAC,Louis King,1629663,2045,0,,27,10,https://www.nba.com/game/0022000263/box-score
2021-05-14_MEM_SAC,0022000263,2021-05-14,MEM,SAC,SAC,Maurice Harkless,203090,488,1,,0,-8,https://www.nba.com/game/0022000263/box-score
2021-05-14_MEM_SAC,0022000263,2021-05-14,MEM,SAC,SAC,Robert Woodard II,1630218,332,0,,0,0,https://www.nba.com/game/0022000263/box-score
2021-05-14_MEM_SAC,0022000263,2021-05-14,MEM,SAC,SAC,Terence Davis,1629056,1659,0,,8,-11,https://www.nba.com/game/0022000263/box-score
2021-05-16_SAS_PHX,0022001078,2021-05-16,SAS,PHX,PHX,Cameron Payne,1626166,1648,1,,19,11,https://www.nba.com/game/0022001078/box-score
2021-05-16_SAS_PHX,0022001078,2021-05-16,SAS,PHX,PHX,Chris Paul,101108,0,0,DNP - Rest,0,0,https://www.nba.com/game/0022001078/box-score
2021-05-16_SAS_PHX,0022001078,2021-05-16,SAS,PHX,PHX,Dario Saric,203967,1612,1,,13,13,https://www.nba.com/game/0022001078/box-score
2021-05-16_SAS_PHX,0022001078,2021-05-16,SAS,PHX,PHX,Devin Booker,1626164,0,0,DND - Rest,0,0,https://www.nba.com/game/0022001078/box-score
2021-05-16_SAS_PHX,0022001078,2021-05-16,SAS,PHX,PHX,E'Twaun Moore,202734,1232,0,,22,-9,https://www.nba.com/game/0022001078/box-score
2021-05-16_SAS_PHX,0022001078,2021-05-16,SAS,PHX,PHX,Frank Kaminsky,1626163,1214,0,,11,-10,https://www.nba.com/game/0022001078/box-score
2021-05-16_SAS_PHX,0022001078,2021-05-16,SAS,PHX,PHX,Jae Crowder,203109,0,0,DND - Injury/Illness,0,0,https://www.nba.com/game/0022001078/box-score
2021-05-16_SAS_PHX,0022001078,2021-05-16,SAS,PHX,PHX,Jalen Smith,1630188,2458,1,,11,5,https://www.nba.com/game/0022001078/box-score
2021-05-16_SAS_PHX,0022001078,2021-05-16,SAS,PHX,PHX,Jevon Carter,1628975,2552,1,,19,5,https://www.nba.com/game/0022001078/box-score
2021-05-16_SAS_PHX,0022001078,2021-05-16,SAS,PHX,PHX,Langston Galloway,204038,1582,0,,10,-21,https://www.nba.com/game/0022001078/box-score
2021-05-16_SAS_PHX,0022001078,2021-05-16,SAS,PHX,PHX,Mikal Bridges,1628969,323,1,,7,8,https://www.nba.com/game/0022001078/box-score
2021-05-16_SAS_PHX,0022001078,2021-05-16,SAS,PHX,PHX,Torrey Craig,1628470,1779,0,,11,8,https://www.nba.com/game/0022001078/box-score
2021-05-16_SAS_PHX,0022001078,2021-05-16,SAS,PHX,PHX,Ty-Shon Alexander,1630234,0,0,DNP - Coach's Decision,0,0,https://www.nba.com/game/0022001078/box-score
2021-05-16_SAS_PHX,0022001078,2021-05-16,SAS,PHX,SAS,DeMar DeRozan,201942,1524,1,,23,-4,https://www.nba.com/game/0022001078/box-score
2021-05-16_SAS_PHX,0022001078,2021-05-16,SAS,PHX,SAS,Dejounte Murray,1627749,1792,1,,6,-7,https://www.nba.com/game/0022001078/box-score
2021-05-16_SAS_PHX,0022001078,2021-05-16,SAS,PHX,SAS,Devin Vassell,1630170,1561,0,,5,7,https://www.nba.com/game/0022001078/box-score
2021-05-16_SAS_PHX,0022001078,2021-05-16,SAS,PHX,SAS,Drew Eubanks,1629234,519,0,,4,9,https://www.nba.com/game/0022001078/box-score
2021-05-16_SAS_PHX,0022001078,2021-05-16,SAS,PHX,SAS,Gorgui Dieng,203476,569,0,,7,-4,https://www.nba.com/game/0022001078/box-score
2021-05-16_SAS_PHX,0022001078,2021-05-16,SAS,PHX,SAS,Jakob Poeltl,1627751,1792,1,,17,-7,https://www.nba.com/game/0022001078/box-score
2021-05-16_SAS_PHX,0022001078,2021-05-16,SAS,PHX,SAS,Keita Bates-Diop,1628966,720,0,,9,2,https://www.nba.com/game/0022001078/box-score
2021-05-16_SAS_PHX,0022001078,2021-05-16,SAS,PHX,SAS,Keldon Johnson,1629640,1291,1,,9,-4,https://www.nba.com/game/0022001078/box-score
2021-05-16_SAS_PHX,0022001078,2021-05-16,SAS,PHX,SAS,Lonnie Walker IV,1629022,1625,1,,9,-8,https://www.nba.com/game/0022001078/box-score
2021-05-16_SAS_PHX,0022001078,2021-05-16,SAS,PHX,SAS,Patty Mills,201988,0,0,DNP - Rest,0,0,https://www.nba.com/game/0022001078/box-score
2021-05-16_SAS_PHX,0022001078,2021-05-16,SAS,PHX,SAS,Quinndary Weatherspoon,1629683,720,0,,11,2,https://www.nba.com/game/0022001078/box-score
2021-05-16_SAS_PHX,0022001078,2021-05-16,SAS,PHX,SAS,Rudy Gay,200752,1199,0,,12,-1,https://www.nba.com/game/0022001078/box-score
2021-05-16_SAS_PHX,0022001078,2021-05-16,SAS,PHX,SAS,Tre Jones,1630200,1088,0,,9,5,https://www.nba.com/game/0022001078/box-score
