event_id,game_id,date,team,player,person_id,seconds,comment,official_reference_url
2020-12-23_MIN_DET,0022000018,2020-12-23,MIN,Anthony Edwards,1630162,1509,,https://www.nba.com/game/0022000018/box-score
2020-12-26_UTA_MIN,0022000028,2020-12-26,MIN,Anthony Edwards,1630162,1340,,https://www.nba.com/game/0022000028/box-score
2020-12-27_LAL_MIN,0022000040,2020-12-27,MIN,Anthony Edwards,1630162,1712,,https://www.nba.com/game/0022000040/box-score
2020-12-29_LAC_MIN,0022000054,2020-12-29,MIN,Anthony Edwards,1630162,1482,,https://www.nba.com/game/0022000054/box-score
2021-01-01_MIN_WAS,0022000074,2021-01-01,MIN,Anthony Edwards,1630162,1581,,https://www.nba.com/game/0022000074/box-score
2021-01-03_MIN_DEN,0022000088,2021-01-03,MIN,Anthony Edwards,1630162,1377,,https://www.nba.com/game/0022000088/box-score
2021-01-05_DEN_MIN,0022000104,2021-01-05,MIN,Anthony Edwards,1630162,1533,,https://www.nba.com/game/0022000104/box-score
2021-01-07_POR_MIN,0022000122,2021-01-07,MIN,Anthony Edwards,1630162,1873,,https://www.nba.com/game/0022000122/box-score
2021-01-09_MIN_SAS,0022000138,2021-01-09,MIN,Anthony Edwards,1630162,1816,,https://www.nba.com/game/0022000138/box-score
2021-01-10_MIN_SAS,0022000147,2021-01-10,MIN,Anthony Edwards,1630162,1062,,https://www.nba.com/game/0022000147/box-score
2021-01-13_MIN_MEM,0022000169,2021-01-13,MIN,Anthony Edwards,1630162,1011,,https://www.nba.com/game/0022000169/box-score
2021-01-18_ATL_MIN,0022000205,2021-01-18,MIN,Anthony Edwards,1630162,1822,,https://www.nba.com/game/0022000205/box-score
2021-01-20_MIN_ORL,0022000221,2021-01-20,MIN,Anthony Edwards,1630162,1369,,https://www.nba.com/game/0022000221/box-score
2021-01-22_MIN_ATL,0022000236,2021-01-22,MIN,Anthony Edwards,1630162,1441,,https://www.nba.com/game/0022000236/box-score
2021-01-23_MIN_NOP,0022000246,2021-01-23,MIN,Anthony Edwards,1630162,1216,,https://www.nba.com/game/0022000246/box-score
2021-01-25_GSW_MIN,0022000266,2021-01-25,MIN,Anthony Edwards,1630162,1633,,https://www.nba.com/game/0022000266/box-score
2021-01-27_GSW_MIN,0022000283,2021-01-27,MIN,Anthony Edwards,1630162,1943,,https://www.nba.com/game/0022000283/box-score
2021-01-29_MIN_PHI,0022000294,2021-01-29,MIN,Anthony Edwards,1630162,1728,,https://www.nba.com/game/0022000294/box-score
2021-01-31_MIN_CLE,0022000311,2021-01-31,MIN,Anthony Edwards,1630162,1817,,https://www.nba.com/game/0022000311/box-score
2021-02-01_CLE_MIN,0022000312,2021-02-01,MIN,Anthony Edwards,1630162,1878,,https://www.nba.com/game/0022000312/box-score
2021-02-03_SAS_MIN,0022000334,2021-02-03,MIN,Anthony Edwards,1630162,1894,,https://www.nba.com/game/0022000334/box-score
2021-02-05_OKC_MIN,0022000348,2021-02-05,MIN,Anthony Edwards,1630162,1936,,https://www.nba.com/game/0022000348/box-score
2021-02-06_OKC_MIN,0022000359,2021-02-06,MIN,Anthony Edwards,1630162,1875,,https://www.nba.com/game/0022000359/box-score
2021-02-08_DAL_MIN,0022000370,2021-02-08,MIN,Anthony Edwards,1630162,1856,,https://www.nba.com/game/0022000370/box-score
2021-02-10_MIN_LAC,0022000387,2021-02-10,MIN,Anthony Edwards,1630162,1784,,https://www.nba.com/game/0022000387/box-score
2021-02-12_CHA_MIN,0022000395,2021-02-12,MIN,Anthony Edwards,1630162,2038,,https://www.nba.com/game/0022000395/box-score
2021-02-14_TOR_MIN,0022000413,2021-02-14,MIN,Anthony Edwards,1630162,2097,,https://www.nba.com/game/0022000413/box-score
2021-02-16_MIN_LAL,0022000431,2021-02-16,MIN,Anthony Edwards,1630162,2060,,https://www.nba.com/game/0022000431/box-score
2021-02-17_MIN_IND,0022000440,2021-02-17,MIN,Anthony Edwards,1630162,2326,,https://www.nba.com/game/0022000440/box-score
2021-02-19_MIN_TOR,0022000454,2021-02-19,MIN,Anthony Edwards,1630162,2045,,https://www.nba.com/game/0022000454/box-score
2021-02-21_NYK_MIN,0022000469,2021-02-21,MIN,Anthony Edwards,1630162,1898,,https://www.nba.com/game/0022000469/box-score
2021-02-23_MIL_MIN,0022000486,2021-02-23,MIN,Anthony Edwards,1630162,1663,,https://www.nba.com/game/0022000486/box-score
2021-02-24_CHI_MIN,0022000493,2021-02-24,MIN,Anthony Edwards,1630162,2217,,https://www.nba.com/game/0022000493/box-score
2021-02-27_WAS_MIN,0022000517,2021-02-27,MIN,Anthony Edwards,1630162,1931,,https://www.nba.com/game/0022000517/box-score
2021-02-28_MIN_PHX,0022000526,2021-02-28,MIN,Anthony Edwards,1630162,2129,,https://www.nba.com/game/0022000526/box-score
2021-03-03_MIN_CHA,0022000547,2021-03-03,MIN,Anthony Edwards,1630162,1989,,https://www.nba.com/game/0022000547/box-score
2021-03-11_NOP_MIN,0022000574,2021-03-11,MIN,Anthony Edwards,1630162,2242,,https://www.nba.com/game/0022000574/box-score
2021-03-13_MIN_POR,0022000591,2021-03-13,MIN,Anthony Edwards,1630162,1769,,https://www.nba.com/game/0022000591/box-score
2021-03-14_MIN_POR,0022000599,2021-03-14,MIN,Anthony Edwards,1630162,2196,,https://www.nba.com/game/0022000599/box-score
2021-03-16_LAL_MIN,0022000615,2021-03-16,MIN,Anthony Edwards,1630162,2306,,https://www.nba.com/game/0022000615/box-score
2021-03-18_PHX_MIN,0022000628,2021-03-18,MIN,Anthony Edwards,1630162,2297,,https://www.nba.com/game/0022000628/box-score
2021-03-19_PHX_MIN,0022000638,2021-03-19,MIN,Anthony Edwards,1630162,2170,,https://www.nba.com/game/0022000638/box-score
2021-03-22_MIN_OKC,0022000654,2021-03-22,MIN,Anthony Edwards,1630162,1930,,https://www.nba.com/game/0022000654/box-score
2021-03-24_MIN_DAL,0022000673,2021-03-24,MIN,Anthony Edwards,1630162,2235,,https://www.nba.com/game/0022000673/box-score
2021-03-26_MIN_HOU,0022000688,2021-03-26,MIN,Anthony Edwards,1630162,1985,,https://www.nba.com/game/0022000688/box-score
2021-03-27_MIN_HOU,0022000696,2021-03-27,MIN,Anthony Edwards,1630162,2046,,https://www.nba.com/game/0022000696/box-score
2021-03-29_BKN_MIN,0022000709,2021-03-29,MIN,Anthony Edwards,1630162,2101,,https://www.nba.com/game/0022000709/box-score
2021-03-31_MIN_NYK,0022000726,2021-03-31,MIN,Anthony Edwards,1630162,2132,,https://www.nba.com/game/0022000726/box-score
2021-04-02_MEM_MIN,0022000741,2021-04-02,MIN,Anthony Edwards,1630162,1859,,https://www.nba.com/game/0022000741/box-score
2021-04-03_PHI_MIN,0022000750,2021-04-03,MIN,Anthony Edwards,1630162,2478,,https://www.nba.com/game/0022000750/box-score
2021-04-05_MIN_SAC,0022000765,2021-04-05,MIN,Anthony Edwards,1630162,2253,,https://www.nba.com/game/0022000765/box-score
2021-04-07_IND_MIN,0022000776,2021-04-07,MIN,Anthony Edwards,1630162,2032,,https://www.nba.com/game/0022000776/box-score
2021-04-09_BOS_MIN,0022000792,2021-04-09,MIN,Anthony Edwards,1630162,2426,,https://www.nba.com/game/0022000792/box-score
2021-04-11_MIN_CHI,0022000812,2021-04-11,MIN,Anthony Edwards,1630162,2149,,https://www.nba.com/game/0022000812/box-score
2021-04-13_MIN_BKN,0022000817,2021-04-13,MIN,Anthony Edwards,1630162,1992,,https://www.nba.com/game/0022000817/box-score
2021-04-14_MIN_MIL,0022000834,2021-04-14,MIN,Anthony Edwards,1630162,1854,,https://www.nba.com/game/0022000834/box-score
2021-04-16_MIN_MIA,0022000852,2021-04-16,MIN,Anthony Edwards,1630162,1820,,https://www.nba.com/game/0022000852/box-score
2021-04-18_LAC_MIN,0022000867,2021-04-18,MIN,Anthony Edwards,1630162,1720,,https://www.nba.com/game/0022000867/box-score
2021-04-20_SAC_MIN,0022000880,2021-04-20,MIN,Anthony Edwards,1630162,2274,,https://www.nba.com/game/0022000880/box-score
2021-04-21_SAC_MIN,0022000891,2021-04-21,MIN,Anthony Edwards,1630162,1677,,https://www.nba.com/game/0022000891/box-score
2021-04-24_UTA_MIN,0022000909,2021-04-24,MIN,Anthony Edwards,1630162,2169,,https://www.nba.com/game/0022000909/box-score
2021-04-26_MIN_UTA,0022000923,2021-04-26,MIN,Anthony Edwards,1630162,2264,,https://www.nba.com/game/0022000923/box-score
2021-04-27_HOU_MIN,0022000931,2021-04-27,MIN,Anthony Edwards,1630162,1984,,https://www.nba.com/game/0022000931/box-score
2021-04-29_MIN_GSW,0022000946,2021-04-29,MIN,Anthony Edwards,1630162,2070,,https://www.nba.com/game/0022000946/box-score
2021-05-01_MIN_NOP,0022000962,2021-05-01,MIN,Anthony Edwards,1630162,2292,,https://www.nba.com/game/0022000962/box-score
2021-05-05_MIN_MEM,0022000183,2021-05-05,MIN,Anthony Edwards,1630162,2294,,https://www.nba.com/game/0022000183/box-score
2021-05-07_MIA_MIN,0022001005,2021-05-07,MIN,Anthony Edwards,1630162,2481,,https://www.nba.com/game/0022001005/box-score
2021-05-09_ORL_MIN,0022001022,2021-05-09,MIN,Anthony Edwards,1630162,1738,,https://www.nba.com/game/0022001022/box-score
2021-05-11_DET_MIN,0022001033,2021-05-11,MIN,Anthony Edwards,1630162,2044,,https://www.nba.com/game/0022001033/box-score
2021-05-13_MIN_DEN,0022001052,2021-05-13,MIN,Anthony Edwards,1630162,2369,,https://www.nba.com/game/0022001052/box-score
2021-05-15_MIN_BOS,0022001063,2021-05-15,MIN,Anthony Edwards,1630162,2030,,https://www.nba.com/game/0022001063/box-score
2021-05-16_MIN_DAL,0022001071,2021-05-16,MIN,Anthony Edwards,1630162,2293,,https://www.nba.com/game/0022001071/box-score
2020-12-23_POR_UTA,0022000020,2020-12-23,POR,Gary Trent Jr.,1629018,1568,,https://www.nba.com/game/0022000020/box-score
2020-12-26_POR_HOU,0022000029,2020-12-26,POR,Gary Trent Jr.,1629018,355,,https://www.nba.com/game/0022000029/box-score
2020-12-28_LAL_POR,0022000045,2020-12-28,POR,Gary Trent Jr.,1629018,1423,,https://www.nba.com/game/0022000045/box-score
2021-01-03_GSW_POR,0022000092,2021-01-03,POR,Gary Trent Jr.,1629018,1893,,https://www.nba.com/game/0022000092/box-score
2021-01-05_POR_CHI,0022000106,2021-01-05,POR,Gary Trent Jr.,1629018,1116,,https://www.nba.com/game/0022000106/box-score
2021-01-07_POR_MIN,0022000122,2021-01-07,POR,Gary Trent Jr.,1629018,1644,,https://www.nba.com/game/0022000122/box-score
2021-01-09_SAC_POR,0022000140,2021-01-09,POR,Gary Trent Jr.,1629018,1831,,https://www.nba.com/game/0022000140/box-score
2021-01-11_POR_TOR,0022000155,2021-01-11,POR,Gary Trent Jr.,1629018,1784,,https://www.nba.com/game/0022000155/box-score
2021-01-13_SAC_POR,0022000173,2021-01-13,POR,Gary Trent Jr.,1629018,1408,,https://www.nba.com/game/0022000173/box-score
2021-01-14_POR_IND,0022000178,2021-01-14,POR,Gary Trent Jr.,1629018,1472,,https://www.nba.com/game/0022000178/box-score
2021-01-16_POR_ATL,0022000195,2021-01-16,POR,Gary Trent Jr.,1629018,1593,,https://www.nba.com/game/0022000195/box-score
2021-01-18_POR_SAS,0022000207,2021-01-18,POR,Gary Trent Jr.,1629018,1434,,https://www.nba.com/game/0022000207/box-score
2021-01-24_POR_NYK,0022000256,2021-01-24,POR,Gary Trent Jr.,1629018,1277,,https://www.nba.com/game/0022000256/box-score
2021-01-25_POR_OKC,0022000267,2021-01-25,POR,Gary Trent Jr.,1629018,2482,,https://www.nba.com/game/0022000267/box-score
2021-01-28_HOU_POR,0022000287,2021-01-28,POR,Gary Trent Jr.,1629018,2278,,https://www.nba.com/game/0022000287/box-score
2021-01-30_CHI_POR,0022000298,2021-01-30,POR,Gary Trent Jr.,1629018,2202,,https://www.nba.com/game/0022000298/box-score
2021-02-01_MIL_POR,0022000316,2021-02-01,POR,Gary Trent Jr.,1629018,1743,,https://www.nba.com/game/0022000316/box-score
2021-02-02_WAS_POR,0022000559,2021-02-02,POR,Gary Trent Jr.,1629018,2380,,https://www.nba.com/game/0022000559/box-score
2021-02-04_PHI_POR,0022000337,2021-02-04,POR,Gary Trent Jr.,1629018,2294,,https://www.nba.com/game/0022000337/box-score
2021-02-06_NYK_POR,0022000351,2021-02-06,POR,Gary Trent Jr.,1629018,2095,,https://www.nba.com/game/0022000351/box-score
2021-02-09_POR_ORL,0022000380,2021-02-09,POR,Gary Trent Jr.,1629018,1983,,https://www.nba.com/game/0022000380/box-score
2021-02-11_POR_PHI,0022000394,2021-02-11,POR,Gary Trent Jr.,1629018,2217,,https://www.nba.com/game/0022000394/box-score
2021-02-12_POR_CLE,0022000404,2021-02-12,POR,Gary Trent Jr.,1629018,2184,,https://www.nba.com/game/0022000404/box-score
2021-02-14_DAL_POR,0022000411,2021-02-14,POR,Gary Trent Jr.,1629018,2136,,https://www.nba.com/game/0022000411/box-score
2021-02-16_OKC_POR,0022000432,2021-02-16,POR,Gary Trent Jr.,1629018,2283,,https://www.nba.com/game/0022000432/box-score
2021-02-17_NOP_POR,0022000441,2021-02-17,POR,Gary Trent Jr.,1629018,2036,,https://www.nba.com/game/0022000441/box-score
2021-02-20_POR_WAS,0022000464,2021-02-20,POR,Gary Trent Jr.,1629018,2320,,https://www.nba.com/game/0022000464/box-score
2021-02-22_PHX_POR,0022000477,2021-02-22,POR,Gary Trent Jr.,1629018,2163,,https://www.nba.com/game/0022000477/box-score
2021-02-23_DEN_POR,0022000487,2021-02-23,POR,Gary Trent Jr.,1629018,2070,,https://www.nba.com/game/0022000487/box-score
2021-02-26_LAL_POR,0022000512,2021-02-26,POR,Gary Trent Jr.,1629018,2014,,https://www.nba.com/game/0022000512/box-score
2021-03-01_POR_CHA,0022000535,2021-03-01,POR,Gary Trent Jr.,1629018,1705,,https://www.nba.com/game/0022000535/box-score
2021-03-03_POR_GSW,0022000550,2021-03-03,POR,Gary Trent Jr.,1629018,2397,,https://www.nba.com/game/0022000550/box-score
2021-03-04_POR_SAC,0022000558,2021-03-04,POR,Gary Trent Jr.,1629018,2033,,https://www.nba.com/game/0022000558/box-score
2021-03-11_POR_PHX,0022000577,2021-03-11,POR,Gary Trent Jr.,1629018,2122,,https://www.nba.com/game/0022000577/box-score
2021-03-13_MIN_POR,0022000591,2021-03-13,POR,Gary Trent Jr.,1629018,1788,,https://www.nba.com/game/0022000591/box-score
2021-03-14_MIN_POR,0022000599,2021-03-14,POR,Gary Trent Jr.,1629018,2028,,https://www.nba.com/game/0022000599/box-score
2021-03-16_POR_NOP,0022000614,2021-03-16,POR,Gary Trent Jr.,1629018,1900,,https://www.nba.com/game/0022000614/box-score
2021-03-18_POR_NOP,0022000629,2021-03-18,POR,Gary Trent Jr.,1629018,1657,,https://www.nba.com/game/0022000629/box-score
2021-03-19_POR_DAL,0022000639,2021-03-19,POR,Gary Trent Jr.,1629018,1646,,https://www.nba.com/game/0022000639/box-score
2021-03-21_POR_DAL,0022000652,2021-03-21,POR,Gary Trent Jr.,1629018,1292,,https://www.nba.com/game/0022000652/box-score
2021-03-23_POR_BKN,0022000666,2021-03-23,POR,Gary Trent Jr.,1629018,1473,,https://www.nba.com/game/0022000666/box-score
2021-03-26_TOR_PHX,0022000684,2021-03-26,TOR,Gary Trent Jr.,1629018,1865,,https://www.nba.com/game/0022000684/box-score
2021-03-28_TOR_POR,0022000704,2021-03-28,TOR,Gary Trent Jr.,1629018,1708,,https://www.nba.com/game/0022000704/box-score
2021-03-29_DET_TOR,0022000711,2021-03-29,TOR,Gary Trent Jr.,1629018,2274,,https://www.nba.com/game/0022000711/box-score
2021-03-31_OKC_TOR,0022000727,2021-03-31,TOR,Gary Trent Jr.,1629018,2160,,https://www.nba.com/game/0022000727/box-score
2021-04-02_TOR_GSW,0022000737,2021-04-02,TOR,Gary Trent Jr.,1629018,1789,,https://www.nba.com/game/0022000737/box-score
2021-04-05_TOR_WAS,0022000763,2021-04-05,TOR,Gary Trent Jr.,1629018,1872,,https://www.nba.com/game/0022000763/box-score
2021-04-06_TOR_LAL,0022000772,2021-04-06,TOR,Gary Trent Jr.,1629018,2025,,https://www.nba.com/game/0022000772/box-score
2021-04-08_TOR_CHI,0022000523,2021-04-08,TOR,Gary Trent Jr.,1629018,2339,,https://www.nba.com/game/0022000523/box-score
2021-04-10_CLE_TOR,0022000794,2021-04-10,TOR,Gary Trent Jr.,1629018,1979,,https://www.nba.com/game/0022000794/box-score
2021-04-11_NYK_TOR,0022000809,2021-04-11,TOR,Gary Trent Jr.,1629018,2100,,https://www.nba.com/game/0022000809/box-score
2021-04-13_TOR_ATL,0022000824,2021-04-13,TOR,Gary Trent Jr.,1629018,2109,,https://www.nba.com/game/0022000824/box-score
2021-04-18_TOR_OKC,0022000865,2021-04-18,TOR,Gary Trent Jr.,1629018,1980,,https://www.nba.com/game/0022000865/box-score
2021-04-21_TOR_BKN,0022000884,2021-04-21,TOR,Gary Trent Jr.,1629018,868,,https://www.nba.com/game/0022000884/box-score
2021-04-24_NYK_TOR,0022000904,2021-04-24,TOR,Gary Trent Jr.,1629018,1138,,https://www.nba.com/game/0022000904/box-score
2021-05-06_TOR_WAS,0022000997,2021-05-06,TOR,Gary Trent Jr.,1629018,2166,,https://www.nba.com/game/0022000997/box-score
2021-05-08_TOR_MEM,0022001014,2021-05-08,TOR,Gary Trent Jr.,1629018,2172,,https://www.nba.com/game/0022001014/box-score
2021-05-11_TOR_LAC,0022001034,2021-05-11,TOR,Gary Trent Jr.,1629018,1857,,https://www.nba.com/game/0022001034/box-score
2021-05-13_CHI_TOR,0022001051,2021-05-13,TOR,Gary Trent Jr.,1629018,0,DNP - Coach's Decision,https://www.nba.com/game/0022001051/box-score
2021-05-14_DAL_TOR,0022001057,2021-05-14,TOR,Gary Trent Jr.,1629018,0,DNP - Coach's Decision,https://www.nba.com/game/0022001057/box-score
2021-05-16_TOR_IND,0022001079,2021-05-16,TOR,Gary Trent Jr.,1629018,0,DNP - Coach's Decision,https://www.nba.com/game/0022001079/box-score
2020-12-23_MIN_DET,0022000018,2020-12-23,DET,Killian Hayes,1630165,1272,,https://www.nba.com/game/0022000018/box-score
2020-12-26_DET_CLE,0022000023,2020-12-26,DET,Killian Hayes,1630165,1170,,https://www.nba.com/game/0022000023/box-score
2020-12-28_ATL_DET,0022000041,2020-12-28,DET,Killian Hayes,1630165,1763,,https://www.nba.com/game/0022000041/box-score
2020-12-29_DET_GSW,0022000047,2020-12-29,DET,Killian Hayes,1630165,1017,,https://www.nba.com/game/0022000047/box-score
2021-01-01_DET_BOS,0022000070,2021-01-01,DET,Killian Hayes,1630165,1404,,https://www.nba.com/game/0022000070/box-score
2021-01-03_DET_BOS,0022000085,2021-01-03,DET,Killian Hayes,1630165,1440,,https://www.nba.com/game/0022000085/box-score
2021-01-04_MIL_DET,0022000099,2021-01-04,DET,Killian Hayes,1630165,804,,https://www.nba.com/game/0022000099/box-score
2021-04-03_DET_NYK,0022000748,2021-04-03,DET,Killian Hayes,1630165,1195,,https://www.nba.com/game/0022000748/box-score
2021-04-05_OKC_DET,0022000766,2021-04-05,DET,Killian Hayes,1630165,1506,,https://www.nba.com/game/0022000766/box-score
2021-04-08_SAC_DET,0022000789,2021-04-08,DET,Killian Hayes,1630165,1258,,https://www.nba.com/game/0022000789/box-score
2021-04-10_POR_DET,0022000804,2021-04-10,DET,Killian Hayes,1630165,991,,https://www.nba.com/game/0022000804/box-score
2021-04-14_DET_LAC,0022000832,2021-04-14,DET,Killian Hayes,1630165,1501,,https://www.nba.com/game/0022000832/box-score
2021-04-16_DET_OKC,0022000845,2021-04-16,DET,Killian Hayes,1630165,1605,,https://www.nba.com/game/0022000845/box-score
2021-04-19_DET_CLE,0022000868,2021-04-19,DET,Killian Hayes,1630165,2003,,https://www.nba.com/game/0022000868/box-score
2021-04-22_SAS_DET,0022000895,2021-04-22,DET,Killian Hayes,1630165,1838,,https://www.nba.com/game/0022000895/box-score
2021-04-24_IND_DET,0022000906,2021-04-24,DET,Killian Hayes,1630165,1098,,https://www.nba.com/game/0022000906/box-score
2021-04-26_DET_ATL,0022000916,2021-04-26,DET,Killian Hayes,1630165,1392,,https://www.nba.com/game/0022000916/box-score
2021-04-29_DET_DAL,0022000943,2021-04-29,DET,Killian Hayes,1630165,1799,,https://www.nba.com/game/0022000943/box-score
2021-05-01_CHA_DET,0022000957,2021-05-01,DET,Killian Hayes,1630165,1907,,https://www.nba.com/game/0022000957/box-score
2021-05-03_DET_ORL,0022000975,2021-05-03,DET,Killian Hayes,1630165,1662,,https://www.nba.com/game/0022000975/box-score
2021-05-04_DET_CHA,0022000984,2021-05-04,DET,Killian Hayes,1630165,1738,,https://www.nba.com/game/0022000984/box-score
2021-05-08_PHI_DET,0022001013,2021-05-08,DET,Killian Hayes,1630165,1282,,https://www.nba.com/game/0022001013/box-score
2021-05-09_DET_CHI,0022001023,2021-05-09,DET,Killian Hayes,1630165,2305,,https://www.nba.com/game/0022001023/box-score
2021-05-11_DET_MIN,0022001033,2021-05-11,DET,Killian Hayes,1630165,2153,,https://www.nba.com/game/0022001033/box-score
2021-05-14_DET_DEN,0022001054,2021-05-14,DET,Killian Hayes,1630165,2256,,https://www.nba.com/game/0022001054/box-score
2021-05-16_DET_MIA,0022001069,2021-05-16,DET,Killian Hayes,1630165,1854,,https://www.nba.com/game/0022001069/box-score
2020-12-23_TOR_NOP,0022000014,2020-12-23,NOP,Kira Lewis Jr.,1630184,0,DNP - Coach's Decision,https://www.nba.com/game/0022000014/box-score
2020-12-25_MIA_NOP,0022000005,2020-12-25,NOP,Kira Lewis Jr.,1630184,0,DNP - Coach's Decision,https://www.nba.com/game/0022000005/box-score
2020-12-27_NOP_SAS,0022000034,2020-12-27,NOP,Kira Lewis Jr.,1630184,0,DNP - Coach's Decision,https://www.nba.com/game/0022000034/box-score
2020-12-29_PHX_NOP,0022000053,2020-12-29,NOP,Kira Lewis Jr.,1630184,578,,https://www.nba.com/game/0022000053/box-score
2020-12-31_OKC_NOP,0022000067,2020-12-31,NOP,Kira Lewis Jr.,1630184,188,,https://www.nba.com/game/0022000067/box-score
2021-01-02_NOP_TOR,0022000084,2021-01-02,NOP,Kira Lewis Jr.,1630184,0,DNP - Coach's Decision,https://www.nba.com/game/0022000084/box-score
2021-01-04_NOP_IND,0022000100,2021-01-04,NOP,Kira Lewis Jr.,1630184,0,DNP - Coach's Decision,https://www.nba.com/game/0022000100/box-score
2021-01-06_NOP_OKC,0022000114,2021-01-06,NOP,Kira Lewis Jr.,1630184,0,DNP - Coach's Decision,https://www.nba.com/game/0022000114/box-score
2021-01-08_NOP_CHA,0022000126,2021-01-08,NOP,Kira Lewis Jr.,1630184,0,DNP - Coach's Decision,https://www.nba.com/game/0022000126/box-score
2021-01-13_LAC_NOP,0022000172,2021-01-13,NOP,Kira Lewis Jr.,1630184,934,,https://www.nba.com/game/0022000172/box-score
2021-01-15_LAL_NOP,0022000187,2021-01-15,NOP,Kira Lewis Jr.,1630184,642,,https://www.nba.com/game/0022000187/box-score
2021-01-17_SAC_NOP,0022000201,2021-01-17,NOP,Kira Lewis Jr.,1630184,906,,https://www.nba.com/game/0022000201/box-score
2021-01-19_UTA_NOP,0022000214,2021-01-19,NOP,Kira Lewis Jr.,1630184,219,,https://www.nba.com/game/0022000214/box-score
2021-01-21_UTA_NOP,0022000227,2021-01-21,NOP,Kira Lewis Jr.,1630184,119,,https://www.nba.com/game/0022000227/box-score
2021-01-23_MIN_NOP,0022000246,2021-01-23,NOP,Kira Lewis Jr.,1630184,0,DNP - Coach's Decision,https://www.nba.com/game/0022000246/box-score
2021-01-27_NOP_WAS,0022000279,2021-01-27,NOP,Kira Lewis Jr.,1630184,0,DNP - Coach's Decision,https://www.nba.com/game/0022000279/box-score
2021-01-29_NOP_MIL,0022000293,2021-01-29,NOP,Kira Lewis Jr.,1630184,0,DNP - Coach's Decision,https://www.nba.com/game/0022000293/box-score
2021-01-30_NOP_HOU,0022000300,2021-01-30,NOP,Kira Lewis Jr.,1630184,593,,https://www.nba.com/game/0022000300/box-score
2021-02-01_NOP_SAC,0022000317,2021-02-01,NOP,Kira Lewis Jr.,1630184,937,,https://www.nba.com/game/0022000317/box-score
2021-02-03_NOP_PHX,0022000335,2021-02-03,NOP,Kira Lewis Jr.,1630184,153,,https://www.nba.com/game/0022000335/box-score
2021-02-05_IND_NOP,0022000343,2021-02-05,NOP,Kira Lewis Jr.,1630184,0,DNP - Coach's Decision,https://www.nba.com/game/0022000343/box-score
2021-02-06_NOP_MEM,0022000355,2021-02-06,NOP,Kira Lewis Jr.,1630184,1131,,https://www.nba.com/game/0022000355/box-score
2021-02-09_NOP_HOU,0022000377,2021-02-09,NOP,Kira Lewis Jr.,1630184,1191,,https://www.nba.com/game/0022000377/box-score
2021-02-10_CHI_NOP,0022000385,2021-02-10,NOP,Kira Lewis Jr.,1630184,1425,,https://www.nba.com/game/0022000385/box-score
2021-02-12_DAL_NOP,0022000399,2021-02-12,NOP,Kira Lewis Jr.,1630184,997,,https://www.nba.com/game/0022000399/box-score
2021-02-14_DET_NOP,0022000561,2021-02-14,NOP,Kira Lewis Jr.,1630184,1000,,https://www.nba.com/game/0022000561/box-score
2021-02-16_MEM_NOP,0022000429,2021-02-16,NOP,Kira Lewis Jr.,1630184,1331,,https://www.nba.com/game/0022000429/box-score
2021-02-17_NOP_POR,0022000441,2021-02-17,NOP,Kira Lewis Jr.,1630184,1049,,https://www.nba.com/game/0022000441/box-score
2021-02-19_NOP_PHX,0022000455,2021-02-19,NOP,Kira Lewis Jr.,1630184,1127,,https://www.nba.com/game/0022000455/box-score
2021-02-21_NOP_BOS,0022000465,2021-02-21,NOP,Kira Lewis Jr.,1630184,410,,https://www.nba.com/game/0022000465/box-score
2021-02-24_NOP_DET,0022000494,2021-02-24,NOP,Kira Lewis Jr.,1630184,410,,https://www.nba.com/game/0022000494/box-score
2021-02-25_MIL_NOP,0022000503,2021-02-25,NOP,Kira Lewis Jr.,1630184,0,DNP - Coach's Decision,https://www.nba.com/game/0022000503/box-score
2021-02-27_SAS_NOP,0022000514,2021-02-27,NOP,Kira Lewis Jr.,1630184,0,DNP - Coach's Decision,https://www.nba.com/game/0022000514/box-score
2021-03-01_NOP_UTA,0022000533,2021-03-01,NOP,Kira Lewis Jr.,1630184,0,DNP - Coach's Decision,https://www.nba.com/game/0022000533/box-score
2021-03-03_NOP_CHI,0022000548,2021-03-03,NOP,Kira Lewis Jr.,1630184,0,DNP - Coach's Decision,https://www.nba.com/game/0022000548/box-score
2021-03-04_NOP_MIA,0022000557,2021-03-04,NOP,Kira Lewis Jr.,1630184,1029,,https://www.nba.com/game/0022000557/box-score
2021-03-11_NOP_MIN,0022000574,2021-03-11,NOP,Kira Lewis Jr.,1630184,1325,,https://www.nba.com/game/0022000574/box-score
2021-03-12_NOP_CLE,0022000581,2021-03-12,NOP,Kira Lewis Jr.,1630184,1372,,https://www.nba.com/game/0022000581/box-score
2021-03-14_NOP_LAC,0022000601,2021-03-14,NOP,Kira Lewis Jr.,1630184,1632,,https://www.nba.com/game/0022000601/box-score
2021-03-16_POR_NOP,0022000614,2021-03-16,NOP,Kira Lewis Jr.,1630184,558,,https://www.nba.com/game/0022000614/box-score
2021-03-18_POR_NOP,0022000629,2021-03-18,NOP,Kira Lewis Jr.,1630184,600,,https://www.nba.com/game/0022000629/box-score
2021-03-21_DEN_NOP,0022000646,2021-03-21,NOP,Kira Lewis Jr.,1630184,1001,,https://www.nba.com/game/0022000646/box-score
2021-03-23_NOP_LAL,0022000663,2021-03-23,NOP,Kira Lewis Jr.,1630184,1211,,https://www.nba.com/game/0022000663/box-score
2021-03-26_NOP_DEN,0022000689,2021-03-26,NOP,Kira Lewis Jr.,1630184,973,,https://www.nba.com/game/0022000689/box-score
2021-03-27_NOP_DAL,0022000698,2021-03-27,NOP,Kira Lewis Jr.,1630184,1484,,https://www.nba.com/game/0022000698/box-score
2021-03-29_BOS_NOP,0022000708,2021-03-29,NOP,Kira Lewis Jr.,1630184,1085,,https://www.nba.com/game/0022000708/box-score
2021-04-01_NOP_ORL,0022000734,2021-04-01,NOP,Kira Lewis Jr.,1630184,1958,,https://www.nba.com/game/0022000734/box-score
2021-04-02_NOP_ATL,0022000742,2021-04-02,NOP,Kira Lewis Jr.,1630184,1558,,https://www.nba.com/game/0022000742/box-score
2021-04-09_NOP_PHI,0022000795,2021-04-09,NOP,Kira Lewis Jr.,1630184,1235,,https://www.nba.com/game/0022000795/box-score
2021-04-11_CLE_NOP,0022000807,2021-04-11,NOP,Kira Lewis Jr.,1630184,1100,,https://www.nba.com/game/0022000807/box-score
2021-04-12_NOP_SAC,0022000819,2021-04-12,NOP,Kira Lewis Jr.,1630184,923,,https://www.nba.com/game/0022000819/box-score
2021-04-14_NOP_NYK,0022000835,2021-04-14,NOP,Kira Lewis Jr.,1630184,1251,,https://www.nba.com/game/0022000835/box-score
2021-04-16_WAS_NOP,0022000847,2021-04-16,NOP,Kira Lewis Jr.,1630184,1167,,https://www.nba.com/game/0022000847/box-score
2021-04-18_NYK_NOP,0022000862,2021-04-18,NOP,Kira Lewis Jr.,1630184,739,,https://www.nba.com/game/0022000862/box-score
2021-04-20_NOP_BKN,0022000878,2021-04-20,NOP,Kira Lewis Jr.,1630184,1127,,https://www.nba.com/game/0022000878/box-score
2021-04-22_ORL_NOP,0022000893,2021-04-22,NOP,Kira Lewis Jr.,1630184,1403,,https://www.nba.com/game/0022000893/box-score
2021-04-24_NOP_SAS,0022000264,2021-04-24,NOP,Kira Lewis Jr.,1630184,996,,https://www.nba.com/game/0022000264/box-score
2021-04-26_NOP_LAC,0022000924,2021-04-26,NOP,Kira Lewis Jr.,1630184,1344,,https://www.nba.com/game/0022000924/box-score
2021-04-28_DEN_NOP,0022000940,2021-04-28,NOP,Kira Lewis Jr.,1630184,1021,,https://www.nba.com/game/0022000940/box-score
2021-04-29_OKC_NOP,0022000947,2021-04-29,NOP,Kira Lewis Jr.,1630184,1098,,https://www.nba.com/game/0022000947/box-score
2021-05-01_MIN_NOP,0022000962,2021-05-01,NOP,Kira Lewis Jr.,1630184,998,,https://www.nba.com/game/0022000962/box-score
2021-05-03_NOP_GSW,0022000977,2021-05-03,NOP,Kira Lewis Jr.,1630184,425,,https://www.nba.com/game/0022000977/box-score
2021-05-04_NOP_GSW,0022000987,2021-05-04,NOP,Kira Lewis Jr.,1630184,400,,https://www.nba.com/game/0022000987/box-score
2021-05-07_PHI_NOP,0022001003,2021-05-07,NOP,Kira Lewis Jr.,1630184,1289,,https://www.nba.com/game/0022001003/box-score
2021-05-09_CHA_NOP,0022001020,2021-05-09,NOP,Kira Lewis Jr.,1630184,898,,https://www.nba.com/game/0022001020/box-score
2021-05-10_MEM_NOP,0022001028,2021-05-10,NOP,Kira Lewis Jr.,1630184,1130,,https://www.nba.com/game/0022001028/box-score
2021-05-12_DAL_NOP,0022000154,2021-05-12,NOP,Kira Lewis Jr.,1630184,1319,,https://www.nba.com/game/0022000154/box-score
2021-05-14_GSW_NOP,0022001059,2021-05-14,NOP,Kira Lewis Jr.,1630184,1724,,https://www.nba.com/game/0022001059/box-score
2021-05-16_NOP_LAL,0022001072,2021-05-16,NOP,Kira Lewis Jr.,1630184,1553,,https://www.nba.com/game/0022001072/box-score
2020-12-23_CLE_CHA,0022000010,2020-12-23,CHA,LaMelo Ball,1630163,948,,https://www.nba.com/game/0022000010/box-score
2020-12-26_CHA_OKC,0022000022,2020-12-26,CHA,LaMelo Ball,1630163,919,,https://www.nba.com/game/0022000022/box-score
2020-12-27_CHA_BKN,0022000032,2020-12-27,CHA,LaMelo Ball,1630163,1201,,https://www.nba.com/game/0022000032/box-score
2020-12-30_DAL_CHA,0022000059,2020-12-30,CHA,LaMelo Ball,1630163,1764,,https://www.nba.com/game/0022000059/box-score
2021-01-01_CHA_MEM,0022000069,2021-01-01,CHA,LaMelo Ball,1630163,1602,,https://www.nba.com/game/0022000069/box-score
2021-01-02_PHI_CHA,0022000082,2021-01-02,CHA,LaMelo Ball,1630163,1841,,https://www.nba.com/game/0022000082/box-score
2021-01-04_PHI_CHA,0022000094,2021-01-04,CHA,LaMelo Ball,1630163,1825,,https://www.nba.com/game/0022000094/box-score
2021-01-06_ATL_CHA,0022000110,2021-01-06,CHA,LaMelo Ball,1630163,1420,,https://www.nba.com/game/0022000110/box-score
2021-01-08_NOP_CHA,0022000126,2021-01-08,CHA,LaMelo Ball,1630163,1534,,https://www.nba.com/game/0022000126/box-score
2021-01-09_CHA_ATL,0022000134,2021-01-09,CHA,LaMelo Ball,1630163,1871,,https://www.nba.com/game/0022000134/box-score
2021-01-11_CHA_NYK,0022000149,2021-01-11,CHA,LaMelo Ball,1630163,1774,,https://www.nba.com/game/0022000149/box-score
2021-01-13_CHA_DAL,0022000164,2021-01-13,CHA,LaMelo Ball,1630163,1525,,https://www.nba.com/game/0022000164/box-score
2021-01-14_TOR_CHA,0022000175,2021-01-14,CHA,LaMelo Ball,1630163,1565,,https://www.nba.com/game/0022000175/box-score
2021-01-16_TOR_CHA,0022000191,2021-01-16,CHA,LaMelo Ball,1630163,1378,,https://www.nba.com/game/0022000191/box-score
2021-01-22_CHA_CHI,0022000229,2021-01-22,CHA,LaMelo Ball,1630163,994,,https://www.nba.com/game/0022000229/box-score
2021-01-24_ORL_CHA,0022000252,2021-01-24,CHA,LaMelo Ball,1630163,1664,,https://www.nba.com/game/0022000252/box-score
2021-01-25_ORL_CHA,0022000259,2021-01-25,CHA,LaMelo Ball,1630163,1266,,https://www.nba.com/game/0022000259/box-score
2021-01-27_CHA_IND,0022000271,2021-01-27,CHA,LaMelo Ball,1630163,1311,,https://www.nba.com/game/0022000271/box-score
2021-01-29_CHA_IND,0022000288,2021-01-29,CHA,LaMelo Ball,1630163,1788,,https://www.nba.com/game/0022000288/box-score
2021-01-30_CHA_MIL,0022000299,2021-01-30,CHA,LaMelo Ball,1630163,1860,,https://www.nba.com/game/0022000299/box-score
2021-02-01_MIA_CHA,0022000314,2021-02-01,CHA,LaMelo Ball,1630163,1886,,https://www.nba.com/game/0022000314/box-score
2021-02-03_CHA_PHI,0022000327,2021-02-03,CHA,LaMelo Ball,1630163,2298,,https://www.nba.com/game/0022000327/box-score
2021-02-05_CHA_UTA,0022000342,2021-02-05,CHA,LaMelo Ball,1630163,2363,,https://www.nba.com/game/0022000342/box-score
2021-02-07_CHA_WAS,0022000215,2021-02-07,CHA,LaMelo Ball,1630163,1829,,https://www.nba.com/game/0022000215/box-score
2021-02-08_CHA_HOU,0022000367,2021-02-08,CHA,LaMelo Ball,1630163,1912,,https://www.nba.com/game/0022000367/box-score
2021-02-10_MEM_CHA,0022000386,2021-02-10,CHA,LaMelo Ball,1630163,1694,,https://www.nba.com/game/0022000386/box-score
2021-02-12_CHA_MIN,0022000395,2021-02-12,CHA,LaMelo Ball,1630163,2205,,https://www.nba.com/game/0022000395/box-score
2021-02-14_CHA_SAS,0022000414,2021-02-14,CHA,LaMelo Ball,1630163,2340,,https://www.nba.com/game/0022000414/box-score
2021-02-20_CHA_GSW,0022000459,2021-02-20,CHA,LaMelo Ball,1630163,1907,,https://www.nba.com/game/0022000459/box-score
2021-02-22_UTA_CHA,0022000478,2021-02-22,CHA,LaMelo Ball,1630163,2291,,https://www.nba.com/game/0022000478/box-score
2021-02-24_PHX_CHA,0022000496,2021-02-24,CHA,LaMelo Ball,1630163,1808,,https://www.nba.com/game/0022000496/box-score
2021-02-26_GSW_CHA,0022000511,2021-02-26,CHA,LaMelo Ball,1630163,2230,,https://www.nba.com/game/0022000511/box-score
2021-02-28_SAC_CHA,0022000528,2021-02-28,CHA,LaMelo Ball,1630163,2311,,https://www.nba.com/game/0022000528/box-score
2021-03-01_POR_CHA,0022000535,2021-03-01,CHA,LaMelo Ball,1630163,1920,,https://www.nba.com/game/0022000535/box-score
2021-03-03_MIN_CHA,0022000547,2021-03-03,CHA,LaMelo Ball,1630163,1581,,https://www.nba.com/game/0022000547/box-score
2021-03-11_CHA_DET,0022000568,2021-03-11,CHA,LaMelo Ball,1630163,1762,,https://www.nba.com/game/0022000568/box-score
2021-03-13_CHA_TOR,0022000588,2021-03-13,CHA,LaMelo Ball,1630163,1869,,https://www.nba.com/game/0022000588/box-score
2021-03-15_CHA_SAC,0022000602,2021-03-15,CHA,LaMelo Ball,1630163,1529,,https://www.nba.com/game/0022000602/box-score
2021-03-17_DEN_CHA,0022000624,2021-03-17,CHA,LaMelo Ball,1630163,1348,,https://www.nba.com/game/0022000624/box-score
2021-03-18_LAL_CHA,0022000630,2021-03-18,CHA,LaMelo Ball,1630163,2003,,https://www.nba.com/game/0022000630/box-score
2021-03-20_LAC_CHA,0022000644,2021-03-20,CHA,LaMelo Ball,1630163,1307,,https://www.nba.com/game/0022000644/box-score
2021-05-01_CHA_DET,0022000957,2021-05-01,CHA,LaMelo Ball,1630163,1674,,https://www.nba.com/game/0022000957/box-score
2021-05-02_CHA_MIA,0022000969,2021-05-02,CHA,LaMelo Ball,1630163,1817,,https://www.nba.com/game/0022000969/box-score
2021-05-04_DET_CHA,0022000984,2021-05-04,CHA,LaMelo Ball,1630163,1837,,https://www.nba.com/game/0022000984/box-score
2021-05-06_CHA_CHI,0022000434,2021-05-06,CHA,LaMelo Ball,1630163,1422,,https://www.nba.com/game/0022000434/box-score
2021-05-07_CHA_ORL,0022001004,2021-05-07,CHA,LaMelo Ball,1630163,2017,,https://www.nba.com/game/0022001004/box-score
2021-05-09_CHA_NOP,0022001020,2021-05-09,CHA,LaMelo Ball,1630163,1885,,https://www.nba.com/game/0022001020/box-score
2021-05-11_CHA_DEN,0022000448,2021-05-11,CHA,LaMelo Ball,1630163,1884,,https://www.nba.com/game/0022000448/box-score
2021-05-13_CHA_LAC,0022001047,2021-05-13,CHA,LaMelo Ball,1630163,1883,,https://www.nba.com/game/0022001047/box-score
2021-05-15_NYK_CHA,0022001064,2021-05-15,CHA,LaMelo Ball,1630163,1247,,https://www.nba.com/game/0022001064/box-score
2021-05-16_WAS_CHA,0022001080,2021-05-16,CHA,LaMelo Ball,1630163,2009,,https://www.nba.com/game/0022001080/box-score
2020-12-23_ORL_MIA,0022000012,2020-12-23,ORL,Nikola Vucevic,202696,2013,,https://www.nba.com/game/0022000012/box-score
2020-12-26_WAS_ORL,0022000024,2020-12-26,ORL,Nikola Vucevic,202696,1865,,https://www.nba.com/game/0022000024/box-score
2020-12-27_WAS_ORL,0022000033,2020-12-27,ORL,Nikola Vucevic,202696,1683,,https://www.nba.com/game/0022000033/box-score
2020-12-29_OKC_ORL,0022000052,2020-12-29,ORL,Nikola Vucevic,202696,2065,,https://www.nba.com/game/0022000052/box-score
2020-12-31_ORL_PHI,0022000064,2020-12-31,ORL,Nikola Vucevic,202696,1427,,https://www.nba.com/game/0022000064/box-score
2021-01-02_ORL_OKC,0022000081,2021-01-02,ORL,Nikola Vucevic,202696,2098,,https://www.nba.com/game/0022000081/box-score
2021-01-04_ORL_CLE,0022000093,2021-01-04,ORL,Nikola Vucevic,202696,1869,,https://www.nba.com/game/0022000093/box-score
2021-01-06_ORL_CLE,0022000108,2021-01-06,ORL,Nikola Vucevic,202696,2048,,https://www.nba.com/game/0022000108/box-score
2021-01-08_HOU_ORL,0022000127,2021-01-08,ORL,Nikola Vucevic,202696,1777,,https://www.nba.com/game/0022000127/box-score
2021-01-09_DAL_ORL,0022000139,2021-01-09,ORL,Nikola Vucevic,202696,2007,,https://www.nba.com/game/0022000139/box-score
2021-01-11_ORL_MIL,0022000151,2021-01-11,ORL,Nikola Vucevic,202696,1912,,https://www.nba.com/game/0022000151/box-score
2021-01-15_BOS_ORL,0022000180,2021-01-15,ORL,Nikola Vucevic,202696,1558,,https://www.nba.com/game/0022000180/box-score
2021-01-16_BKN_ORL,0022000190,2021-01-16,ORL,Nikola Vucevic,202696,2142,,https://www.nba.com/game/0022000190/box-score
2021-01-18_NYK_ORL,0022000203,2021-01-18,ORL,Nikola Vucevic,202696,2187,,https://www.nba.com/game/0022000203/box-score
2021-01-20_MIN_ORL,0022000221,2021-01-20,ORL,Nikola Vucevic,202696,2574,,https://www.nba.com/game/0022000221/box-score
2021-01-22_IND_ORL,0022000231,2021-01-22,ORL,Nikola Vucevic,202696,2470,,https://www.nba.com/game/0022000231/box-score
2021-01-24_ORL_CHA,0022000252,2021-01-24,ORL,Nikola Vucevic,202696,2095,,https://www.nba.com/game/0022000252/box-score
2021-01-25_ORL_CHA,0022000259,2021-01-25,ORL,Nikola Vucevic,202696,2177,,https://www.nba.com/game/0022000259/box-score
2021-01-27_ORL_SAC,0022000273,2021-01-27,ORL,Nikola Vucevic,202696,1978,,https://www.nba.com/game/0022000273/box-score
2021-01-29_ORL_LAC,0022000289,2021-01-29,ORL,Nikola Vucevic,202696,1712,,https://www.nba.com/game/0022000289/box-score
2021-01-31_TOR_ORL,0022000309,2021-01-31,ORL,Nikola Vucevic,202696,2116,,https://www.nba.com/game/0022000309/box-score
2021-02-02_ORL_TOR,0022000323,2021-02-02,ORL,Nikola Vucevic,202696,2234,,https://www.nba.com/game/0022000323/box-score
2021-02-05_ORL_CHI,0022000344,2021-02-05,ORL,Nikola Vucevic,202696,2238,,https://www.nba.com/game/0022000344/box-score
2021-02-06_ORL_CHI,0022000353,2021-02-06,ORL,Nikola Vucevic,202696,1460,,https://www.nba.com/game/0022000353/box-score
2021-02-09_POR_ORL,0022000380,2021-02-09,ORL,Nikola Vucevic,202696,2466,,https://www.nba.com/game/0022000380/box-score
2021-02-11_GSW_ORL,0022000393,2021-02-11,ORL,Nikola Vucevic,202696,2271,,https://www.nba.com/game/0022000393/box-score
2021-02-12_SAC_ORL,0022000405,2021-02-12,ORL,Nikola Vucevic,202696,2049,,https://www.nba.com/game/0022000405/box-score
2021-02-14_PHX_ORL,0022000417,2021-02-14,ORL,Nikola Vucevic,202696,1661,,https://www.nba.com/game/0022000417/box-score
2021-02-17_ORL_NYK,0022000436,2021-02-17,ORL,Nikola Vucevic,202696,2258,,https://www.nba.com/game/0022000436/box-score
2021-02-19_ORL_GSW,0022000449,2021-02-19,ORL,Nikola Vucevic,202696,2338,,https://www.nba.com/game/0022000449/box-score
2021-02-21_ORL_DET,0022000467,2021-02-21,ORL,Nikola Vucevic,202696,2171,,https://www.nba.com/game/0022000467/box-score
2021-02-23_ORL_DET,0022000481,2021-02-23,ORL,Nikola Vucevic,202696,1968,,https://www.nba.com/game/0022000481/box-score
2021-02-25_BKN_ORL,0022000499,2021-02-25,ORL,Nikola Vucevic,202696,1919,,https://www.nba.com/game/0022000499/box-score
2021-02-27_ORL_UTA,0022000516,2021-02-27,ORL,Nikola Vucevic,202696,2078,,https://www.nba.com/game/0022000516/box-score
2021-03-01_ORL_DAL,0022000529,2021-03-01,ORL,Nikola Vucevic,202696,2129,,https://www.nba.com/game/0022000529/box-score
2021-03-03_ORL_ATL,0022000544,2021-03-03,ORL,Nikola Vucevic,202696,2181,,https://www.nba.com/game/0022000544/box-score
2021-03-11_MIA_ORL,0022000571,2021-03-11,ORL,Nikola Vucevic,202696,2048,,https://www.nba.com/game/0022000571/box-score
2021-03-12_SAS_ORL,0022000583,2021-03-12,ORL,Nikola Vucevic,202696,1743,,https://www.nba.com/game/0022000583/box-score
2021-03-14_ORL_MIA,0022000596,2021-03-14,ORL,Nikola Vucevic,202696,2294,,https://www.nba.com/game/0022000596/box-score
2021-03-18_NYK_ORL,0022000627,2021-03-18,ORL,Nikola Vucevic,202696,2156,,https://www.nba.com/game/0022000627/box-score
2021-03-19_ORL_BKN,0022000633,2021-03-19,ORL,Nikola Vucevic,202696,2309,,https://www.nba.com/game/0022000633/box-score
2021-03-21_BOS_ORL,0022000167,2021-03-21,ORL,Nikola Vucevic,202696,2210,,https://www.nba.com/game/0022000167/box-score
2021-03-23_ORL_DEN,0022000661,2021-03-23,ORL,Nikola Vucevic,202696,2039,,https://www.nba.com/game/0022000661/box-score
2021-03-24_ORL_PHX,0022000670,2021-03-24,ORL,Nikola Vucevic,202696,2032,,https://www.nba.com/game/0022000670/box-score
2021-03-27_SAS_CHI,0022000697,2021-03-27,CHI,Nikola Vucevic,202696,1906,,https://www.nba.com/game/0022000697/box-score
2021-03-29_GSW_CHI,0022000716,2021-03-29,CHI,Nikola Vucevic,202696,1593,,https://www.nba.com/game/0022000716/box-score
2021-03-31_PHX_CHI,0022000730,2021-03-31,CHI,Nikola Vucevic,202696,2064,,https://www.nba.com/game/0022000730/box-score
2021-04-02_UTA_CHI,0022000743,2021-04-02,CHI,Nikola Vucevic,202696,1734,,https://www.nba.com/game/0022000743/box-score
2021-04-04_CHI_BKN,0022000755,2021-04-04,CHI,Nikola Vucevic,202696,1942,,https://www.nba.com/game/0022000755/box-score
2021-04-06_IND_CHI,0022000769,2021-04-06,CHI,Nikola Vucevic,202696,2112,,https://www.nba.com/game/0022000769/box-score
2021-04-08_TOR_CHI,0022000523,2021-04-08,CHI,Nikola Vucevic,202696,1906,,https://www.nba.com/game/0022000523/box-score
2021-04-09_ATL_CHI,0022000791,2021-04-09,CHI,Nikola Vucevic,202696,2181,,https://www.nba.com/game/0022000791/box-score
2021-04-11_MIN_CHI,0022000812,2021-04-11,CHI,Nikola Vucevic,202696,1649,,https://www.nba.com/game/0022000812/box-score
2021-04-12_MEM_CHI,0022000278,2021-04-12,CHI,Nikola Vucevic,202696,1988,,https://www.nba.com/game/0022000278/box-score
2021-04-14_CHI_ORL,0022000833,2021-04-14,CHI,Nikola Vucevic,202696,2015,,https://www.nba.com/game/0022000833/box-score
2021-04-16_CHI_MEM,0022000850,2021-04-16,CHI,Nikola Vucevic,202696,1960,,https://www.nba.com/game/0022000850/box-score
2021-04-17_CHI_CLE,0022000857,2021-04-17,CHI,Nikola Vucevic,202696,1968,,https://www.nba.com/game/0022000857/box-score
2021-04-19_BOS_CHI,0022000869,2021-04-19,CHI,Nikola Vucevic,202696,1896,,https://www.nba.com/game/0022000869/box-score
2021-04-21_CLE_CHI,0022000881,2021-04-21,CHI,Nikola Vucevic,202696,1512,,https://www.nba.com/game/0022000881/box-score
2021-04-22_CHI_CHA,0022000896,2021-04-22,CHI,Nikola Vucevic,202696,1722,,https://www.nba.com/game/0022000896/box-score
2021-04-24_MIA_CHI,0022000907,2021-04-24,CHI,Nikola Vucevic,202696,2336,,https://www.nba.com/game/0022000907/box-score
2021-04-26_MIA_CHI,0022000922,2021-04-26,CHI,Nikola Vucevic,202696,2114,,https://www.nba.com/game/0022000922/box-score
2021-04-28_NYK_CHI,0022000937,2021-04-28,CHI,Nikola Vucevic,202696,2226,,https://www.nba.com/game/0022000937/box-score
2021-04-30_CHI_MIL,0022000954,2021-04-30,CHI,Nikola Vucevic,202696,2170,,https://www.nba.com/game/0022000954/box-score
2021-05-01_ATL_CHI,0022000959,2021-05-01,CHI,Nikola Vucevic,202696,0,DND - Injury/Illness,https://www.nba.com/game/0022000959/box-score
2021-05-06_CHA_CHI,0022000434,2021-05-06,CHI,Nikola Vucevic,202696,1839,,https://www.nba.com/game/0022000434/box-score
2021-05-07_CHI_BOS,0022000160,2021-05-07,CHI,Nikola Vucevic,202696,1925,,https://www.nba.com/game/0022000160/box-score
2021-05-09_DET_CHI,0022001023,2021-05-09,CHI,Nikola Vucevic,202696,2170,,https://www.nba.com/game/0022001023/box-score
2021-05-11_CHI_BKN,0022001036,2021-05-11,CHI,Nikola Vucevic,202696,2174,,https://www.nba.com/game/0022001036/box-score
2021-05-13_CHI_TOR,0022001051,2021-05-13,CHI,Nikola Vucevic,202696,1945,,https://www.nba.com/game/0022001051/box-score
2021-05-15_BKN_CHI,0022001060,2021-05-15,CHI,Nikola Vucevic,202696,1815,,https://www.nba.com/game/0022001060/box-score
2020-12-23_TOR_NOP,0022000014,2020-12-23,TOR,Norman Powell,1626181,1388,,https://www.nba.com/game/0022000014/box-score
2020-12-26_SAS_TOR,0022000027,2020-12-26,TOR,Norman Powell,1626181,1074,,https://www.nba.com/game/0022000027/box-score
2020-12-29_PHI_TOR,0022000049,2020-12-29,TOR,Norman Powell,1626181,1059,,https://www.nba.com/game/0022000049/box-score
2020-12-31_TOR_NYK,0022000066,2020-12-31,TOR,Norman Powell,1626181,2049,,https://www.nba.com/game/0022000066/box-score
2021-01-02_NOP_TOR,0022000084,2021-01-02,TOR,Norman Powell,1626181,1442,,https://www.nba.com/game/0022000084/box-score
2021-01-04_TOR_BOS,0022000097,2021-01-04,TOR,Norman Powell,1626181,986,,https://www.nba.com/game/0022000097/box-score
2021-01-06_PHX_TOR,0022000115,2021-01-06,TOR,Norman Powell,1626181,1566,,https://www.nba.com/game/0022000115/box-score
2021-01-08_SAC_TOR,0022000132,2021-01-08,TOR,Norman Powell,1626181,1602,,https://www.nba.com/game/0022000132/box-score
2021-01-10_GSW_TOR,0022000148,2021-01-10,TOR,Norman Powell,1626181,1347,,https://www.nba.com/game/0022000148/box-score
2021-01-11_POR_TOR,0022000155,2021-01-11,TOR,Norman Powell,1626181,1226,,https://www.nba.com/game/0022000155/box-score
2021-01-14_TOR_CHA,0022000175,2021-01-14,TOR,Norman Powell,1626181,1176,,https://www.nba.com/game/0022000175/box-score
2021-01-16_TOR_CHA,0022000191,2021-01-16,TOR,Norman Powell,1626181,1704,,https://www.nba.com/game/0022000191/box-score
2021-01-18_TOR_DAL,0022000210,2021-01-18,TOR,Norman Powell,1626181,1347,,https://www.nba.com/game/0022000210/box-score
2021-01-20_TOR_MIA,0022000220,2021-01-20,TOR,Norman Powell,1626181,1133,,https://www.nba.com/game/0022000220/box-score
2021-01-22_TOR_MIA,0022000234,2021-01-22,TOR,Norman Powell,1626181,1901,,https://www.nba.com/game/0022000234/box-score
2021-01-24_IND_TOR,0022000249,2021-01-24,TOR,Norman Powell,1626181,2198,,https://www.nba.com/game/0022000249/box-score
2021-01-25_IND_TOR,0022000258,2021-01-25,TOR,Norman Powell,1626181,2372,,https://www.nba.com/game/0022000258/box-score
2021-01-27_TOR_MIL,0022000277,2021-01-27,TOR,Norman Powell,1626181,2454,,https://www.nba.com/game/0022000277/box-score
2021-02-02_ORL_TOR,0022000323,2021-02-02,TOR,Norman Powell,1626181,1720,,https://www.nba.com/game/0022000323/box-score
2021-02-05_BKN_TOR,0022000345,2021-02-05,TOR,Norman Powell,1626181,2172,,https://www.nba.com/game/0022000345/box-score
2021-02-06_ATL_TOR,0022000356,2021-02-06,TOR,Norman Powell,1626181,1932,,https://www.nba.com/game/0022000356/box-score
2021-02-08_MEM_TOR,0022000369,2021-02-08,TOR,Norman Powell,1626181,2225,,https://www.nba.com/game/0022000369/box-score
2021-02-10_WAS_TOR,0022000382,2021-02-10,TOR,Norman Powell,1626181,1902,,https://www.nba.com/game/0022000382/box-score
2021-02-11_BOS_TOR,0022000398,2021-02-11,TOR,Norman Powell,1626181,1905,,https://www.nba.com/game/0022000398/box-score
2021-02-14_TOR_MIN,0022000413,2021-02-14,TOR,Norman Powell,1626181,2162,,https://www.nba.com/game/0022000413/box-score
2021-02-16_MIL_TOR,0022000430,2021-02-16,TOR,Norman Powell,1626181,2067,,https://www.nba.com/game/0022000430/box-score
2021-02-18_MIL_TOR,0022000445,2021-02-18,TOR,Norman Powell,1626181,1835,,https://www.nba.com/game/0022000445/box-score
2021-02-19_MIN_TOR,0022000454,2021-02-19,TOR,Norman Powell,1626181,2255,,https://www.nba.com/game/0022000454/box-score
2021-02-21_TOR_PHI,0022000468,2021-02-21,TOR,Norman Powell,1626181,1573,,https://www.nba.com/game/0022000468/box-score
2021-02-23_TOR_PHI,0022000484,2021-02-23,TOR,Norman Powell,1626181,2113,,https://www.nba.com/game/0022000484/box-score
2021-02-24_MIA_TOR,0022000492,2021-02-24,TOR,Norman Powell,1626181,1981,,https://www.nba.com/game/0022000492/box-score
2021-02-26_TOR_HOU,0022000506,2021-02-26,TOR,Norman Powell,1626181,1968,,https://www.nba.com/game/0022000506/box-score
2021-03-03_TOR_DET,0022000539,2021-03-03,TOR,Norman Powell,1626181,2298,,https://www.nba.com/game/0022000539/box-score
2021-03-04_BOS_TOR,0022000552,2021-03-04,TOR,Norman Powell,1626181,2212,,https://www.nba.com/game/0022000552/box-score
2021-03-11_TOR_ATL,0022000570,2021-03-11,TOR,Norman Powell,1626181,2335,,https://www.nba.com/game/0022000570/box-score
2021-03-13_CHA_TOR,0022000588,2021-03-13,TOR,Norman Powell,1626181,1657,,https://www.nba.com/game/0022000588/box-score
2021-03-14_CHI_TOR,0022000600,2021-03-14,TOR,Norman Powell,1626181,2220,,https://www.nba.com/game/0022000600/box-score
2021-03-17_DET_TOR,0022000616,2021-03-17,TOR,Norman Powell,1626181,2257,,https://www.nba.com/game/0022000616/box-score
2021-03-19_TOR_UTA,0022000634,2021-03-19,TOR,Norman Powell,1626181,2243,,https://www.nba.com/game/0022000634/box-score
2021-03-21_CLE_TOR,0022000648,2021-03-21,TOR,Norman Powell,1626181,1970,,https://www.nba.com/game/0022000648/box-score
2021-03-22_HOU_TOR,0022000657,2021-03-22,TOR,Norman Powell,1626181,2120,,https://www.nba.com/game/0022000657/box-score
2021-03-24_TOR_DEN,0022000668,2021-03-24,TOR,Norman Powell,1626181,1497,,https://www.nba.com/game/0022000668/box-score
2021-03-26_ORL_POR,0022000687,2021-03-26,POR,Norman Powell,1626181,2136,,https://www.nba.com/game/0022000687/box-score
2021-03-28_TOR_POR,0022000704,2021-03-28,POR,Norman Powell,1626181,1630,,https://www.nba.com/game/0022000704/box-score
2021-03-31_DET_POR,0022000721,2021-03-31,POR,Norman Powell,1626181,2019,,https://www.nba.com/game/0022000721/box-score
2021-04-02_POR_MIL,0022000745,2021-04-02,POR,Norman Powell,1626181,1913,,https://www.nba.com/game/0022000745/box-score
2021-04-03_POR_OKC,0022000753,2021-04-03,POR,Norman Powell,1626181,1445,,https://www.nba.com/game/0022000753/box-score
2021-04-06_LAC_POR,0022000775,2021-04-06,POR,Norman Powell,1626181,2246,,https://www.nba.com/game/0022000775/box-score
2021-04-08_UTA_POR,0022000787,2021-04-08,POR,Norman Powell,1626181,2029,,https://www.nba.com/game/0022000787/box-score
2021-04-10_POR_DET,0022000804,2021-04-10,POR,Norman Powell,1626181,1944,,https://www.nba.com/game/0022000804/box-score
2021-04-11_POR_MIA,0022000814,2021-04-11,POR,Norman Powell,1626181,1996,,https://www.nba.com/game/0022000814/box-score
2021-04-13_POR_BOS,0022000828,2021-04-13,POR,Norman Powell,1626181,2285,,https://www.nba.com/game/0022000828/box-score
2021-04-16_SAS_POR,0022000853,2021-04-16,POR,Norman Powell,1626181,2297,,https://www.nba.com/game/0022000853/box-score
2021-04-18_CHA_POR,0022000362,2021-04-18,POR,Norman Powell,1626181,2343,,https://www.nba.com/game/0022000362/box-score
2021-04-20_POR_LAC,0022000879,2021-04-20,POR,Norman Powell,1626181,2359,,https://www.nba.com/game/0022000879/box-score
2021-04-21_POR_DEN,0022000890,2021-04-21,POR,Norman Powell,1626181,2060,,https://www.nba.com/game/0022000890/box-score
2021-04-23_POR_MEM,0022000225,2021-04-23,POR,Norman Powell,1626181,2210,,https://www.nba.com/game/0022000225/box-score
2021-04-25_POR_MEM,0022000240,2021-04-25,POR,Norman Powell,1626181,2081,,https://www.nba.com/game/0022000240/box-score
2021-04-27_IND_POR,0022000929,2021-04-27,POR,Norman Powell,1626181,1199,,https://www.nba.com/game/0022000929/box-score
2021-04-28_MEM_POR,0022000939,2021-04-28,POR,Norman Powell,1626181,2197,,https://www.nba.com/game/0022000939/box-score
2021-04-30_BKN_POR,0022000952,2021-04-30,POR,Norman Powell,1626181,2036,,https://www.nba.com/game/0022000952/box-score
2021-05-02_BOS_POR,0022000968,2021-05-02,POR,Norman Powell,1626181,2339,,https://www.nba.com/game/0022000968/box-score
2021-05-03_ATL_POR,0022000978,2021-05-03,POR,Norman Powell,1626181,1942,,https://www.nba.com/game/0022000978/box-score
2021-05-05_CLE_POR,0022000991,2021-05-05,POR,Norman Powell,1626181,0,DND - Injury/Illness,https://www.nba.com/game/0022000991/box-score
2021-05-07_POR_LAL,0022001010,2021-05-07,POR,Norman Powell,1626181,2286,,https://www.nba.com/game/0022001010/box-score
2021-05-08_POR_SAS,0022001018,2021-05-08,POR,Norman Powell,1626181,1859,,https://www.nba.com/game/0022001018/box-score
2021-05-10_POR_HOU,0022001031,2021-05-10,POR,Norman Powell,1626181,2090,,https://www.nba.com/game/0022001031/box-score
2021-05-12_UTA_POR,0022001045,2021-05-12,POR,Norman Powell,1626181,2333,,https://www.nba.com/game/0022001045/box-score
2021-05-13_PHX_POR,0022001053,2021-05-13,POR,Norman Powell,1626181,2431,,https://www.nba.com/game/0022001053/box-score
2021-05-16_POR_DEN,0022001076,2021-05-16,POR,Norman Powell,1626181,1983,,https://www.nba.com/game/0022001076/box-score
2020-12-23_CHI_ATL,0022000015,2020-12-23,CHI,Otto Porter Jr.,203490,1402,,https://www.nba.com/game/0022000015/box-score
2020-12-26_CHI_IND,0022000026,2020-12-26,CHI,Otto Porter Jr.,203490,1147,,https://www.nba.com/game/0022000026/box-score
2020-12-27_CHI_GSW,0022000038,2020-12-27,CHI,Otto Porter Jr.,203490,1245,,https://www.nba.com/game/0022000038/box-score
2020-12-29_WAS_CHI,0022000050,2020-12-29,CHI,Otto Porter Jr.,203490,1761,,https://www.nba.com/game/0022000050/box-score
2020-12-31_WAS_CHI,0022000063,2020-12-31,CHI,Otto Porter Jr.,203490,1855,,https://www.nba.com/game/0022000063/box-score
2021-01-01_MIL_CHI,0022000073,2021-01-01,CHI,Otto Porter Jr.,203490,1327,,https://www.nba.com/game/0022000073/box-score
2021-01-03_CHI_DAL,0022000090,2021-01-03,CHI,Otto Porter Jr.,203490,1718,,https://www.nba.com/game/0022000090/box-score
2021-01-05_POR_CHI,0022000106,2021-01-05,CHI,Otto Porter Jr.,203490,1694,,https://www.nba.com/game/0022000106/box-score
2021-01-06_SAC_CHI,0022000117,2021-01-06,CHI,Otto Porter Jr.,203490,1583,,https://www.nba.com/game/0022000117/box-score
2021-01-08_LAL_CHI,0022000131,2021-01-08,CHI,Otto Porter Jr.,203490,385,,https://www.nba.com/game/0022000131/box-score
2021-01-15_OKC_CHI,0022000184,2021-01-15,CHI,Otto Porter Jr.,203490,1509,,https://www.nba.com/game/0022000184/box-score
2021-01-17_DAL_CHI,0022000198,2021-01-17,CHI,Otto Porter Jr.,203490,1382,,https://www.nba.com/game/0022000198/box-score
2021-01-22_CHA_CHI,0022000229,2021-01-22,CHI,Otto Porter Jr.,203490,1370,,https://www.nba.com/game/0022000229/box-score
2021-01-25_CHI_BOS,0022000262,2021-01-25,CHI,Otto Porter Jr.,203490,1375,,https://www.nba.com/game/0022000262/box-score
2021-01-30_CHI_POR,0022000298,2021-01-30,CHI,Otto Porter Jr.,203490,1449,,https://www.nba.com/game/0022000298/box-score
2021-02-01_CHI_NYK,0022000315,2021-02-01,CHI,Otto Porter Jr.,203490,1089,,https://www.nba.com/game/0022000315/box-score
2021-03-11_CHI_PHI,0022000572,2021-03-11,CHI,Otto Porter Jr.,203490,1060,,https://www.nba.com/game/0022000572/box-score
2021-03-12_CHI_MIA,0022000582,2021-03-12,CHI,Otto Porter Jr.,203490,748,,https://www.nba.com/game/0022000582/box-score
2021-03-14_CHI_TOR,0022000600,2021-03-14,CHI,Otto Porter Jr.,203490,1271,,https://www.nba.com/game/0022000600/box-score
2021-03-16_CHI_OKC,0022000612,2021-03-16,CHI,Otto Porter Jr.,203490,1170,,https://www.nba.com/game/0022000612/box-score
2021-03-17_CHI_SAS,0022000621,2021-03-17,CHI,Otto Porter Jr.,203490,915,,https://www.nba.com/game/0022000621/box-score
2021-03-19_DEN_CHI,0022000637,2021-03-19,CHI,Otto Porter Jr.,203490,1731,,https://www.nba.com/game/0022000637/box-score
2021-03-21_DET_CHI,0022000649,2021-03-21,CHI,Otto Porter Jr.,203490,1083,,https://www.nba.com/game/0022000649/box-score
2021-03-22_CHI_UTA,0022000656,2021-03-22,CHI,Otto Porter Jr.,203490,1172,,https://www.nba.com/game/0022000656/box-score
2021-03-24_CHI_CLE,0022000671,2021-03-24,CHI,Otto Porter Jr.,203490,978,,https://www.nba.com/game/0022000671/box-score
2021-03-28_LAL_ORL,0022000706,2021-03-28,ORL,Otto Porter Jr.,203490,1494,,https://www.nba.com/game/0022000706/box-score
2021-03-30_LAC_ORL,0022000720,2021-03-30,ORL,Otto Porter Jr.,203490,1260,,https://www.nba.com/game/0022000720/box-score
2021-04-01_NOP_ORL,0022000734,2021-04-01,ORL,Otto Porter Jr.,203490,1235,,https://www.nba.com/game/0022000734/box-score
2021-04-03_UTA_ORL,0022000752,2021-04-03,ORL,Otto Porter Jr.,203490,0,DND - Injury/Illness,https://www.nba.com/game/0022000752/box-score
2021-04-04_DEN_ORL,0022000761,2021-04-04,ORL,Otto Porter Jr.,203490,0,DND - Injury/Illness,https://www.nba.com/game/0022000761/box-score
2020-12-23_CHI_ATL,0022000015,2020-12-23,CHI,Patrick Williams,1630172,1983,,https://www.nba.com/game/0022000015/box-score
2020-12-26_CHI_IND,0022000026,2020-12-26,CHI,Patrick Williams,1630172,1324,,https://www.nba.com/game/0022000026/box-score
2020-12-27_CHI_GSW,0022000038,2020-12-27,CHI,Patrick Williams,1630172,1581,,https://www.nba.com/game/0022000038/box-score
2020-12-29_WAS_CHI,0022000050,2020-12-29,CHI,Patrick Williams,1630172,1221,,https://www.nba.com/game/0022000050/box-score
2020-12-31_WAS_CHI,0022000063,2020-12-31,CHI,Patrick Williams,1630172,1104,,https://www.nba.com/game/0022000063/box-score
2021-01-01_MIL_CHI,0022000073,2021-01-01,CHI,Patrick Williams,1630172,1526,,https://www.nba.com/game/0022000073/box-score
2021-01-03_CHI_DAL,0022000090,2021-01-03,CHI,Patrick Williams,1630172,1704,,https://www.nba.com/game/0022000090/box-score
2021-01-05_POR_CHI,0022000106,2021-01-05,CHI,Patrick Williams,1630172,1493,,https://www.nba.com/game/0022000106/box-score
2021-01-06_SAC_CHI,0022000117,2021-01-06,CHI,Patrick Williams,1630172,1331,,https://www.nba.com/game/0022000117/box-score
2021-01-08_LAL_CHI,0022000131,2021-01-08,CHI,Patrick Williams,1630172,2055,,https://www.nba.com/game/0022000131/box-score
2021-01-10_LAC_CHI,0022000142,2021-01-10,CHI,Patrick Williams,1630172,2146,,https://www.nba.com/game/0022000142/box-score
2021-01-15_OKC_CHI,0022000184,2021-01-15,CHI,Patrick Williams,1630172,2159,,https://www.nba.com/game/0022000184/box-score
2021-01-17_DAL_CHI,0022000198,2021-01-17,CHI,Patrick Williams,1630172,1355,,https://www.nba.com/game/0022000198/box-score
2021-01-22_CHA_CHI,0022000229,2021-01-22,CHI,Patrick Williams,1630172,964,,https://www.nba.com/game/0022000229/box-score
2021-01-23_CHI_LAL,0022000245,2021-01-23,CHI,Patrick Williams,1630172,1850,,https://www.nba.com/game/0022000245/box-score
2021-01-25_CHI_BOS,0022000262,2021-01-25,CHI,Patrick Williams,1630172,602,,https://www.nba.com/game/0022000262/box-score
2021-01-30_CHI_POR,0022000298,2021-01-30,CHI,Patrick Williams,1630172,1458,,https://www.nba.com/game/0022000298/box-score
2021-02-01_CHI_NYK,0022000315,2021-02-01,CHI,Patrick Williams,1630172,1681,,https://www.nba.com/game/0022000315/box-score
2021-02-03_CHI_NYK,0022000332,2021-02-03,CHI,Patrick Williams,1630172,1930,,https://www.nba.com/game/0022000332/box-score
2021-02-05_ORL_CHI,0022000344,2021-02-05,CHI,Patrick Williams,1630172,2032,,https://www.nba.com/game/0022000344/box-score
2021-02-06_ORL_CHI,0022000353,2021-02-06,CHI,Patrick Williams,1630172,2007,,https://www.nba.com/game/0022000353/box-score
2021-02-08_CHI_WAS,0022000368,2021-02-08,CHI,Patrick Williams,1630172,2122,,https://www.nba.com/game/0022000368/box-score
2021-02-10_CHI_NOP,0022000385,2021-02-10,CHI,Patrick Williams,1630172,2082,,https://www.nba.com/game/0022000385/box-score
2021-02-12_CHI_LAC,0022000400,2021-02-12,CHI,Patrick Williams,1630172,2099,,https://www.nba.com/game/0022000400/box-score
2021-02-15_IND_CHI,0022000420,2021-02-15,CHI,Patrick Williams,1630172,1592,,https://www.nba.com/game/0022000420/box-score
2021-02-17_CHI_DET,0022000564,2021-02-17,CHI,Patrick Williams,1630172,1770,,https://www.nba.com/game/0022000564/box-score
2021-02-19_PHI_CHI,0022000450,2021-02-19,CHI,Patrick Williams,1630172,1884,,https://www.nba.com/game/0022000450/box-score
2021-02-20_CHI_SAC,0022000460,2021-02-20,CHI,Patrick Williams,1630172,2120,,https://www.nba.com/game/0022000460/box-score
2021-02-22_HOU_CHI,0022000474,2021-02-22,CHI,Patrick Williams,1630172,2052,,https://www.nba.com/game/0022000474/box-score
2021-02-24_CHI_MIN,0022000493,2021-02-24,CHI,Patrick Williams,1630172,1640,,https://www.nba.com/game/0022000493/box-score
2021-02-26_CHI_PHX,0022000508,2021-02-26,CHI,Patrick Williams,1630172,2007,,https://www.nba.com/game/0022000508/box-score
2021-03-01_CHI_DEN,0022000531,2021-03-01,CHI,Patrick Williams,1630172,1918,,https://www.nba.com/game/0022000531/box-score
2021-03-03_NOP_CHI,0022000548,2021-03-03,CHI,Patrick Williams,1630172,1572,,https://www.nba.com/game/0022000548/box-score
2021-03-11_CHI_PHI,0022000572,2021-03-11,CHI,Patrick Williams,1630172,1908,,https://www.nba.com/game/0022000572/box-score
2021-03-12_CHI_MIA,0022000582,2021-03-12,CHI,Patrick Williams,1630172,1236,,https://www.nba.com/game/0022000582/box-score
2021-03-14_CHI_TOR,0022000600,2021-03-14,CHI,Patrick Williams,1630172,1594,,https://www.nba.com/game/0022000600/box-score
2021-03-16_CHI_OKC,0022000612,2021-03-16,CHI,Patrick Williams,1630172,1459,,https://www.nba.com/game/0022000612/box-score
2021-03-17_CHI_SAS,0022000621,2021-03-17,CHI,Patrick Williams,1630172,1925,,https://www.nba.com/game/0022000621/box-score
2021-03-19_DEN_CHI,0022000637,2021-03-19,CHI,Patrick Williams,1630172,1289,,https://www.nba.com/game/0022000637/box-score
2021-03-21_DET_CHI,0022000649,2021-03-21,CHI,Patrick Williams,1630172,2041,,https://www.nba.com/game/0022000649/box-score
2021-03-22_CHI_UTA,0022000656,2021-03-22,CHI,Patrick Williams,1630172,1835,,https://www.nba.com/game/0022000656/box-score
2021-03-24_CHI_CLE,0022000671,2021-03-24,CHI,Patrick Williams,1630172,1919,,https://www.nba.com/game/0022000671/box-score
2021-03-27_SAS_CHI,0022000697,2021-03-27,CHI,Patrick Williams,1630172,1143,,https://www.nba.com/game/0022000697/box-score
2021-03-29_GSW_CHI,0022000716,2021-03-29,CHI,Patrick Williams,1630172,1960,,https://www.nba.com/game/0022000716/box-score
2021-03-31_PHX_CHI,0022000730,2021-03-31,CHI,Patrick Williams,1630172,1890,,https://www.nba.com/game/0022000730/box-score
2021-04-02_UTA_CHI,0022000743,2021-04-02,CHI,Patrick Williams,1630172,1976,,https://www.nba.com/game/0022000743/box-score
2021-04-04_CHI_BKN,0022000755,2021-04-04,CHI,Patrick Williams,1630172,1839,,https://www.nba.com/game/0022000755/box-score
2021-04-06_IND_CHI,0022000769,2021-04-06,CHI,Patrick Williams,1630172,1841,,https://www.nba.com/game/0022000769/box-score
2021-04-08_TOR_CHI,0022000523,2021-04-08,CHI,Patrick Williams,1630172,1894,,https://www.nba.com/game/0022000523/box-score
2021-04-09_ATL_CHI,0022000791,2021-04-09,CHI,Patrick Williams,1630172,1548,,https://www.nba.com/game/0022000791/box-score
2021-04-11_MIN_CHI,0022000812,2021-04-11,CHI,Patrick Williams,1630172,1580,,https://www.nba.com/game/0022000812/box-score
2021-04-12_MEM_CHI,0022000278,2021-04-12,CHI,Patrick Williams,1630172,1638,,https://www.nba.com/game/0022000278/box-score
2021-04-14_CHI_ORL,0022000833,2021-04-14,CHI,Patrick Williams,1630172,1668,,https://www.nba.com/game/0022000833/box-score
2021-04-16_CHI_MEM,0022000850,2021-04-16,CHI,Patrick Williams,1630172,1791,,https://www.nba.com/game/0022000850/box-score
2021-04-17_CHI_CLE,0022000857,2021-04-17,CHI,Patrick Williams,1630172,1637,,https://www.nba.com/game/0022000857/box-score
2021-04-19_BOS_CHI,0022000869,2021-04-19,CHI,Patrick Williams,1630172,1966,,https://www.nba.com/game/0022000869/box-score
2021-04-21_CLE_CHI,0022000881,2021-04-21,CHI,Patrick Williams,1630172,1147,,https://www.nba.com/game/0022000881/box-score
2021-04-22_CHI_CHA,0022000896,2021-04-22,CHI,Patrick Williams,1630172,1392,,https://www.nba.com/game/0022000896/box-score
2021-04-24_MIA_CHI,0022000907,2021-04-24,CHI,Patrick Williams,1630172,1291,,https://www.nba.com/game/0022000907/box-score
2021-04-26_MIA_CHI,0022000922,2021-04-26,CHI,Patrick Williams,1630172,1342,,https://www.nba.com/game/0022000922/box-score
2021-04-28_NYK_CHI,0022000937,2021-04-28,CHI,Patrick Williams,1630172,1371,,https://www.nba.com/game/0022000937/box-score
2021-04-30_CHI_MIL,0022000954,2021-04-30,CHI,Patrick Williams,1630172,2106,,https://www.nba.com/game/0022000954/box-score
2021-05-01_ATL_CHI,0022000959,2021-05-01,CHI,Patrick Williams,1630172,1983,,https://www.nba.com/game/0022000959/box-score
2021-05-03_CHI_PHI,0022000979,2021-05-03,CHI,Patrick Williams,1630172,1660,,https://www.nba.com/game/0022000979/box-score
2021-05-06_CHA_CHI,0022000434,2021-05-06,CHI,Patrick Williams,1630172,1565,,https://www.nba.com/game/0022000434/box-score
2021-05-07_CHI_BOS,0022000160,2021-05-07,CHI,Patrick Williams,1630172,1605,,https://www.nba.com/game/0022000160/box-score
2021-05-09_DET_CHI,0022001023,2021-05-09,CHI,Patrick Williams,1630172,1380,,https://www.nba.com/game/0022001023/box-score
2021-05-11_CHI_BKN,0022001036,2021-05-11,CHI,Patrick Williams,1630172,1369,,https://www.nba.com/game/0022001036/box-score
2021-05-13_CHI_TOR,0022001051,2021-05-13,CHI,Patrick Williams,1630172,1099,,https://www.nba.com/game/0022001051/box-score
2021-05-15_BKN_CHI,0022001060,2021-05-15,CHI,Patrick Williams,1630172,1972,,https://www.nba.com/game/0022001060/box-score
2021-05-16_CHI_MIL,0022001068,2021-05-16,CHI,Patrick Williams,1630172,1778,,https://www.nba.com/game/0022001068/box-score
2020-12-23_DEN_SAC,0022000019,2020-12-23,DEN,R.J. Hampton,1630181,0,DNP - Coach's Decision,https://www.nba.com/game/0022000019/box-score
2020-12-25_DEN_LAC,0022000009,2020-12-25,DEN,R.J. Hampton,1630181,0,DNP - Coach's Decision,https://www.nba.com/game/0022000009/box-score
2020-12-28_DEN_HOU,0022000044,2020-12-28,DEN,R.J. Hampton,1630181,247,,https://www.nba.com/game/0022000044/box-score
2020-12-29_SAC_DEN,0022000055,2020-12-29,DEN,R.J. Hampton,1630181,25,,https://www.nba.com/game/0022000055/box-score
2021-01-01_DEN_PHX,0022000076,2021-01-01,DEN,R.J. Hampton,1630181,97,,https://www.nba.com/game/0022000076/box-score
2021-01-03_MIN_DEN,0022000088,2021-01-03,DEN,R.J. Hampton,1630181,56,,https://www.nba.com/game/0022000088/box-score
2021-01-05_DEN_MIN,0022000104,2021-01-05,DEN,R.J. Hampton,1630181,5,,https://www.nba.com/game/0022000104/box-score
2021-01-07_DEN_DAL,0022000120,2021-01-07,DEN,R.J. Hampton,1630181,0,DNP - Coach's Decision,https://www.nba.com/game/0022000120/box-score
2021-01-09_PHI_DEN,0022000133,2021-01-09,DEN,R.J. Hampton,1630181,322,,https://www.nba.com/game/0022000133/box-score
2021-01-10_NYK_DEN,0022000144,2021-01-10,DEN,R.J. Hampton,1630181,224,,https://www.nba.com/game/0022000144/box-score
2021-01-12_BKN_DEN,0022000158,2021-01-12,DEN,R.J. Hampton,1630181,1,,https://www.nba.com/game/0022000158/box-score
2021-01-14_DEN_GSW,0022000177,2021-01-14,DEN,R.J. Hampton,1630181,0,DNP - Coach's Decision,https://www.nba.com/game/0022000177/box-score
2021-01-17_DEN_UTA,0022000200,2021-01-17,DEN,R.J. Hampton,1630181,0,DNP - Coach's Decision,https://www.nba.com/game/0022000200/box-score
2021-01-19_DEN_OKC,0022000213,2021-01-19,DEN,R.J. Hampton,1630181,400,,https://www.nba.com/game/0022000213/box-score
2021-01-22_PHX_DEN,0022000238,2021-01-22,DEN,R.J. Hampton,1630181,0,DNP - Coach's Decision,https://www.nba.com/game/0022000238/box-score
2021-01-23_PHX_DEN,0022000248,2021-01-23,DEN,R.J. Hampton,1630181,0,DNP - Coach's Decision,https://www.nba.com/game/0022000248/box-score
2021-01-25_DAL_DEN,0022000265,2021-01-25,DEN,R.J. Hampton,1630181,345,,https://www.nba.com/game/0022000265/box-score
2021-01-27_MIA_DEN,0022000275,2021-01-27,DEN,R.J. Hampton,1630181,460,,https://www.nba.com/game/0022000275/box-score
2021-01-29_SAS_DEN,0022000296,2021-01-29,DEN,R.J. Hampton,1630181,34,,https://www.nba.com/game/0022000296/box-score
2021-01-31_DEN_UTA,0022000306,2021-01-31,DEN,R.J. Hampton,1630181,360,,https://www.nba.com/game/0022000306/box-score
2021-02-04_LAL_DEN,0022000341,2021-02-04,DEN,R.J. Hampton,1630181,173,,https://www.nba.com/game/0022000341/box-score
2021-02-06_SAC_DEN,0022000352,2021-02-06,DEN,R.J. Hampton,1630181,1650,,https://www.nba.com/game/0022000352/box-score
2021-02-08_DEN_MIL,0022000373,2021-02-08,DEN,R.J. Hampton,1630181,1005,,https://www.nba.com/game/0022000373/box-score
2021-02-10_DEN_CLE,0022000388,2021-02-10,DEN,R.J. Hampton,1630181,1145,,https://www.nba.com/game/0022000388/box-score
2021-02-12_DEN_OKC,0022000401,2021-02-12,DEN,R.J. Hampton,1630181,1133,,https://www.nba.com/game/0022000401/box-score
2021-02-14_DEN_LAL,0022000416,2021-02-14,DEN,R.J. Hampton,1630181,1223,,https://www.nba.com/game/0022000416/box-score
2021-02-16_BOS_DEN,0022000427,2021-02-16,DEN,R.J. Hampton,1630181,1435,,https://www.nba.com/game/0022000427/box-score
2021-02-17_WAS_DEN,0022000437,2021-02-17,DEN,R.J. Hampton,1630181,438,,https://www.nba.com/game/0022000437/box-score
2021-02-19_CLE_DEN,0022000563,2021-02-19,DEN,R.J. Hampton,1630181,1223,,https://www.nba.com/game/0022000563/box-score
2021-02-21_ATL_DEN,0022000470,2021-02-21,DEN,R.J. Hampton,1630181,644,,https://www.nba.com/game/0022000470/box-score
2021-02-23_DEN_POR,0022000487,2021-02-23,DEN,R.J. Hampton,1630181,0,DNP - Coach's Decision,https://www.nba.com/game/0022000487/box-score
2021-02-25_DEN_WAS,0022000502,2021-02-25,DEN,R.J. Hampton,1630181,0,DNP - Coach's Decision,https://www.nba.com/game/0022000502/box-score
2021-02-27_OKC_DEN,0022000518,2021-02-27,DEN,R.J. Hampton,1630181,554,,https://www.nba.com/game/0022000518/box-score
2021-03-19_DEN_CHI,0022000637,2021-03-19,DEN,R.J. Hampton,1630181,0,DNP - Coach's Decision,https://www.nba.com/game/0022000637/box-score
2021-03-21_DEN_NOP,0022000646,2021-03-21,DEN,R.J. Hampton,1630181,0,DNP - Coach's Decision,https://www.nba.com/game/0022000646/box-score
2021-03-23_ORL_DEN,0022000661,2021-03-23,DEN,R.J. Hampton,1630181,0,DNP - Coach's Decision,https://www.nba.com/game/0022000661/box-score
2021-03-24_TOR_DEN,0022000668,2021-03-24,DEN,R.J. Hampton,1630181,797,,https://www.nba.com/game/0022000668/box-score
2021-03-28_LAL_ORL,0022000706,2021-03-28,ORL,R.J. Hampton,1630181,1029,,https://www.nba.com/game/0022000706/box-score
2021-03-30_LAC_ORL,0022000720,2021-03-30,ORL,R.J. Hampton,1630181,821,,https://www.nba.com/game/0022000720/box-score
2021-04-01_NOP_ORL,0022000734,2021-04-01,ORL,R.J. Hampton,1630181,1050,,https://www.nba.com/game/0022000734/box-score
2021-04-03_UTA_ORL,0022000752,2021-04-03,ORL,R.J. Hampton,1630181,1848,,https://www.nba.com/game/0022000752/box-score
2021-04-04_DEN_ORL,0022000761,2021-04-04,ORL,R.J. Hampton,1630181,1964,,https://www.nba.com/game/0022000761/box-score
2021-04-07_ORL_WAS,0022000777,2021-04-07,ORL,R.J. Hampton,1630181,1650,,https://www.nba.com/game/0022000777/box-score
2021-04-09_ORL_IND,0022000790,2021-04-09,ORL,R.J. Hampton,1630181,1116,,https://www.nba.com/game/0022000790/box-score
2021-04-11_ORL_MIL,0022000808,2021-04-11,ORL,R.J. Hampton,1630181,1562,,https://www.nba.com/game/0022000808/box-score
2021-04-12_ORL_SAS,0022000816,2021-04-12,ORL,R.J. Hampton,1630181,1589,,https://www.nba.com/game/0022000816/box-score
2021-04-14_CHI_ORL,0022000833,2021-04-14,ORL,R.J. Hampton,1630181,1067,,https://www.nba.com/game/0022000833/box-score
2021-04-16_TOR_ORL,0022000849,2021-04-16,ORL,R.J. Hampton,1630181,1146,,https://www.nba.com/game/0022000849/box-score
2021-04-18_ORL_HOU,0022000864,2021-04-18,ORL,R.J. Hampton,1630181,1292,,https://www.nba.com/game/0022000864/box-score
2021-04-20_ATL_ORL,0022000876,2021-04-20,ORL,R.J. Hampton,1630181,1260,,https://www.nba.com/game/0022000876/box-score
2021-04-22_ORL_NOP,0022000893,2021-04-22,ORL,R.J. Hampton,1630181,1616,,https://www.nba.com/game/0022000893/box-score
2021-04-25_ORL_IND,0022000914,2021-04-25,ORL,R.J. Hampton,1630181,1738,,https://www.nba.com/game/0022000914/box-score
2021-04-26_ORL_LAL,0022000917,2021-04-26,ORL,R.J. Hampton,1630181,1478,,https://www.nba.com/game/0022000917/box-score
2021-04-28_CLE_ORL,0022000933,2021-04-28,ORL,R.J. Hampton,1630181,1221,,https://www.nba.com/game/0022000933/box-score
2021-04-30_MEM_ORL,0022000953,2021-04-30,ORL,R.J. Hampton,1630181,1371,,https://www.nba.com/game/0022000953/box-score
2021-05-01_ORL_MEM,0022000961,2021-05-01,ORL,R.J. Hampton,1630181,1816,,https://www.nba.com/game/0022000961/box-score
2021-05-03_DET_ORL,0022000975,2021-05-03,ORL,R.J. Hampton,1630181,2111,,https://www.nba.com/game/0022000975/box-score
2021-05-05_ORL_BOS,0022000990,2021-05-05,ORL,R.J. Hampton,1630181,1882,,https://www.nba.com/game/0022000990/box-score
2021-05-07_CHA_ORL,0022001004,2021-05-07,ORL,R.J. Hampton,1630181,1782,,https://www.nba.com/game/0022001004/box-score
2021-05-09_ORL_MIN,0022001022,2021-05-09,ORL,R.J. Hampton,1630181,1728,,https://www.nba.com/game/0022001022/box-score
2021-05-11_MIL_ORL,0022001038,2021-05-11,ORL,R.J. Hampton,1630181,1484,,https://www.nba.com/game/0022001038/box-score
2021-05-13_ATL_ORL,0022001049,2021-05-13,ORL,R.J. Hampton,1630181,1904,,https://www.nba.com/game/0022001049/box-score
2021-05-14_PHI_ORL,0022001055,2021-05-14,ORL,R.J. Hampton,1630181,1777,,https://www.nba.com/game/0022001055/box-score
2021-05-16_PHI_ORL,0022001075,2021-05-16,ORL,R.J. Hampton,1630181,0,DNP - Coach's Decision,https://www.nba.com/game/0022001075/box-score
2020-12-23_POR_UTA,0022000020,2020-12-23,POR,Rodney Hood,203918,830,,https://www.nba.com/game/0022000020/box-score
2020-12-26_POR_HOU,0022000029,2020-12-26,POR,Rodney Hood,203918,946,,https://www.nba.com/game/0022000029/box-score
2020-12-28_LAL_POR,0022000045,2020-12-28,POR,Rodney Hood,203918,932,,https://www.nba.com/game/0022000045/box-score
2020-12-30_LAC_POR,0022000061,2020-12-30,POR,Rodney Hood,203918,903,,https://www.nba.com/game/0022000061/box-score
2021-01-01_GSW_POR,0022000078,2021-01-01,POR,Rodney Hood,203918,322,,https://www.nba.com/game/0022000078/box-score
2021-01-07_POR_MIN,0022000122,2021-01-07,POR,Rodney Hood,203918,961,,https://www.nba.com/game/0022000122/box-score
2021-01-09_SAC_POR,0022000140,2021-01-09,POR,Rodney Hood,203918,897,,https://www.nba.com/game/0022000140/box-score
2021-01-11_POR_TOR,0022000155,2021-01-11,POR,Rodney Hood,203918,824,,https://www.nba.com/game/0022000155/box-score
2021-01-13_SAC_POR,0022000173,2021-01-13,POR,Rodney Hood,203918,610,,https://www.nba.com/game/0022000173/box-score
2021-01-14_POR_IND,0022000178,2021-01-14,POR,Rodney Hood,203918,628,,https://www.nba.com/game/0022000178/box-score
2021-01-16_POR_ATL,0022000195,2021-01-16,POR,Rodney Hood,203918,788,,https://www.nba.com/game/0022000195/box-score
2021-01-18_POR_SAS,0022000207,2021-01-18,POR,Rodney Hood,203918,1525,,https://www.nba.com/game/0022000207/box-score
2021-01-24_POR_NYK,0022000256,2021-01-24,POR,Rodney Hood,203918,1621,,https://www.nba.com/game/0022000256/box-score
2021-01-25_POR_OKC,0022000267,2021-01-25,POR,Rodney Hood,203918,0,DNP - Coach's Decision,https://www.nba.com/game/0022000267/box-score
2021-01-28_HOU_POR,0022000287,2021-01-28,POR,Rodney Hood,203918,1181,,https://www.nba.com/game/0022000287/box-score
2021-01-30_CHI_POR,0022000298,2021-01-30,POR,Rodney Hood,203918,1642,,https://www.nba.com/game/0022000298/box-score
2021-02-01_MIL_POR,0022000316,2021-02-01,POR,Rodney Hood,203918,1010,,https://www.nba.com/game/0022000316/box-score
2021-02-02_WAS_POR,0022000559,2021-02-02,POR,Rodney Hood,203918,2106,,https://www.nba.com/game/0022000559/box-score
2021-02-04_PHI_POR,0022000337,2021-02-04,POR,Rodney Hood,203918,2052,,https://www.nba.com/game/0022000337/box-score
2021-02-06_NYK_POR,0022000351,2021-02-06,POR,Rodney Hood,203918,2035,,https://www.nba.com/game/0022000351/box-score
2021-02-09_POR_ORL,0022000380,2021-02-09,POR,Rodney Hood,203918,1019,,https://www.nba.com/game/0022000380/box-score
2021-02-11_POR_PHI,0022000394,2021-02-11,POR,Rodney Hood,203918,1431,,https://www.nba.com/game/0022000394/box-score
2021-02-12_POR_CLE,0022000404,2021-02-12,POR,Rodney Hood,203918,748,,https://www.nba.com/game/0022000404/box-score
2021-02-17_NOP_POR,0022000441,2021-02-17,POR,Rodney Hood,203918,1124,,https://www.nba.com/game/0022000441/box-score
2021-02-20_POR_WAS,0022000464,2021-02-20,POR,Rodney Hood,203918,1019,,https://www.nba.com/game/0022000464/box-score
2021-02-22_PHX_POR,0022000477,2021-02-22,POR,Rodney Hood,203918,1187,,https://www.nba.com/game/0022000477/box-score
2021-02-23_DEN_POR,0022000487,2021-02-23,POR,Rodney Hood,203918,1044,,https://www.nba.com/game/0022000487/box-score
2021-02-26_LAL_POR,0022000512,2021-02-26,POR,Rodney Hood,203918,1083,,https://www.nba.com/game/0022000512/box-score
2021-03-01_POR_CHA,0022000535,2021-03-01,POR,Rodney Hood,203918,1442,,https://www.nba.com/game/0022000535/box-score
2021-03-03_POR_GSW,0022000550,2021-03-03,POR,Rodney Hood,203918,1642,,https://www.nba.com/game/0022000550/box-score
2021-03-04_POR_SAC,0022000558,2021-03-04,POR,Rodney Hood,203918,972,,https://www.nba.com/game/0022000558/box-score
2021-03-11_POR_PHX,0022000577,2021-03-11,POR,Rodney Hood,203918,1235,,https://www.nba.com/game/0022000577/box-score
2021-03-13_MIN_POR,0022000591,2021-03-13,POR,Rodney Hood,203918,1308,,https://www.nba.com/game/0022000591/box-score
2021-03-14_MIN_POR,0022000599,2021-03-14,POR,Rodney Hood,203918,1475,,https://www.nba.com/game/0022000599/box-score
2021-03-16_POR_NOP,0022000614,2021-03-16,POR,Rodney Hood,203918,657,,https://www.nba.com/game/0022000614/box-score
2021-03-18_POR_NOP,0022000629,2021-03-18,POR,Rodney Hood,203918,710,,https://www.nba.com/game/0022000629/box-score
2021-03-19_POR_DAL,0022000639,2021-03-19,POR,Rodney Hood,203918,1331,,https://www.nba.com/game/0022000639/box-score
2021-03-21_POR_DAL,0022000652,2021-03-21,POR,Rodney Hood,203918,1138,,https://www.nba.com/game/0022000652/box-score
2021-03-23_POR_BKN,0022000666,2021-03-23,POR,Rodney Hood,203918,1207,,https://www.nba.com/game/0022000666/box-score
2021-03-26_TOR_PHX,0022000684,2021-03-26,TOR,Rodney Hood,203918,1085,,https://www.nba.com/game/0022000684/box-score
2021-03-28_TOR_POR,0022000704,2021-03-28,TOR,Rodney Hood,203918,1633,,https://www.nba.com/game/0022000704/box-score
2021-03-29_DET_TOR,0022000711,2021-03-29,TOR,Rodney Hood,203918,1225,,https://www.nba.com/game/0022000711/box-score
2021-03-31_OKC_TOR,0022000727,2021-03-31,TOR,Rodney Hood,203918,337,,https://www.nba.com/game/0022000727/box-score
2021-04-05_TOR_WAS,0022000763,2021-04-05,TOR,Rodney Hood,203918,0,DND - Injury/Illness,https://www.nba.com/game/0022000763/box-score
2021-04-06_TOR_LAL,0022000772,2021-04-06,TOR,Rodney Hood,203918,0,DND - Injury/Illness,https://www.nba.com/game/0022000772/box-score
2021-04-08_TOR_CHI,0022000523,2021-04-08,TOR,Rodney Hood,203918,0,DND - Injury/Illness,https://www.nba.com/game/0022000523/box-score
2021-04-10_CLE_TOR,0022000794,2021-04-10,TOR,Rodney Hood,203918,1054,,https://www.nba.com/game/0022000794/box-score
2021-04-11_NYK_TOR,0022000809,2021-04-11,TOR,Rodney Hood,203918,676,,https://www.nba.com/game/0022000809/box-score
2021-04-13_TOR_ATL,0022000824,2021-04-13,TOR,Rodney Hood,203918,1078,,https://www.nba.com/game/0022000824/box-score
2021-04-14_TOR_SAS,0022000831,2021-04-14,TOR,Rodney Hood,203918,897,,https://www.nba.com/game/0022000831/box-score
2021-04-16_TOR_ORL,0022000849,2021-04-16,TOR,Rodney Hood,203918,1027,,https://www.nba.com/game/0022000849/box-score
2021-04-18_TOR_OKC,0022000865,2021-04-18,TOR,Rodney Hood,203918,424,,https://www.nba.com/game/0022000865/box-score
2021-04-24_NYK_TOR,0022000904,2021-04-24,TOR,Rodney Hood,203918,0,DND - Injury/Illness,https://www.nba.com/game/0022000904/box-score
2021-04-26_TOR_CLE,0022000921,2021-04-26,TOR,Rodney Hood,203918,399,,https://www.nba.com/game/0022000921/box-score
2021-04-27_TOR_BKN,0022000930,2021-04-27,TOR,Rodney Hood,203918,27,,https://www.nba.com/game/0022000930/box-score
2021-04-29_DEN_TOR,0022000948,2021-04-29,TOR,Rodney Hood,203918,723,,https://www.nba.com/game/0022000948/box-score
2021-05-01_UTA_TOR,0022000965,2021-05-01,TOR,Rodney Hood,203918,0,DNP - Coach's Decision,https://www.nba.com/game/0022000965/box-score
2021-05-02_LAL_TOR,0022000974,2021-05-02,TOR,Rodney Hood,203918,672,,https://www.nba.com/game/0022000974/box-score
2021-05-04_LAC_TOR,0022000989,2021-05-04,TOR,Rodney Hood,203918,208,,https://www.nba.com/game/0022000989/box-score
2021-05-06_TOR_WAS,0022000997,2021-05-06,TOR,Rodney Hood,203918,699,,https://www.nba.com/game/0022000997/box-score
2021-05-08_TOR_MEM,0022001014,2021-05-08,TOR,Rodney Hood,203918,815,,https://www.nba.com/game/0022001014/box-score
2021-05-11_TOR_LAC,0022001034,2021-05-11,TOR,Rodney Hood,203918,0,DND - Injury/Illness,https://www.nba.com/game/0022001034/box-score
2021-05-14_DAL_TOR,0022001057,2021-05-14,TOR,Rodney Hood,203918,0,NWT - Not With Team,https://www.nba.com/game/0022001057/box-score
2021-05-16_TOR_IND,0022001079,2021-05-16,TOR,Rodney Hood,203918,0,DND - Injury/Illness,https://www.nba.com/game/0022001079/box-score
2020-12-23_MIN_DET,0022000018,2020-12-23,DET,Saddiq Bey,1630180,0,DNP - Coach's Decision,https://www.nba.com/game/0022000018/box-score
2020-12-26_DET_CLE,0022000023,2020-12-26,DET,Saddiq Bey,1630180,361,,https://www.nba.com/game/0022000023/box-score
2020-12-28_ATL_DET,0022000041,2020-12-28,DET,Saddiq Bey,1630180,1815,,https://www.nba.com/game/0022000041/box-score
2020-12-29_DET_GSW,0022000047,2020-12-29,DET,Saddiq Bey,1630180,908,,https://www.nba.com/game/0022000047/box-score
2021-01-01_DET_BOS,0022000070,2021-01-01,DET,Saddiq Bey,1630180,1811,,https://www.nba.com/game/0022000070/box-score
2021-01-03_DET_BOS,0022000085,2021-01-03,DET,Saddiq Bey,1630180,1181,,https://www.nba.com/game/0022000085/box-score
2021-01-04_MIL_DET,0022000099,2021-01-04,DET,Saddiq Bey,1630180,1851,,https://www.nba.com/game/0022000099/box-score
2021-01-06_MIL_DET,0022000113,2021-01-06,DET,Saddiq Bey,1630180,1448,,https://www.nba.com/game/0022000113/box-score
2021-01-08_DET_PHX,0022000123,2021-01-08,DET,Saddiq Bey,1630180,1602,,https://www.nba.com/game/0022000123/box-score
2021-01-10_DET_UTA,0022000141,2021-01-10,DET,Saddiq Bey,1630180,1637,,https://www.nba.com/game/0022000141/box-score
2021-01-13_DET_MIL,0022000165,2021-01-13,DET,Saddiq Bey,1630180,1176,,https://www.nba.com/game/0022000165/box-score
2021-01-16_MIA_DET,0022000192,2021-01-16,DET,Saddiq Bey,1630180,663,,https://www.nba.com/game/0022000192/box-score
2021-01-18_MIA_DET,0022000206,2021-01-18,DET,Saddiq Bey,1630180,210,,https://www.nba.com/game/0022000206/box-score
2021-01-20_ATL_DET,0022000219,2021-01-20,DET,Saddiq Bey,1630180,481,,https://www.nba.com/game/0022000219/box-score
2021-01-22_DET_HOU,0022000230,2021-01-22,DET,Saddiq Bey,1630180,915,,https://www.nba.com/game/0022000230/box-score
2021-01-23_DET_PHI,0022000243,2021-01-23,DET,Saddiq Bey,1630180,1158,,https://www.nba.com/game/0022000243/box-score
2021-01-25_DET_PHI,0022000257,2021-01-25,DET,Saddiq Bey,1630180,518,,https://www.nba.com/game/0022000257/box-score
2021-01-27_CLE_DET,0022000272,2021-01-27,DET,Saddiq Bey,1630180,1170,,https://www.nba.com/game/0022000272/box-score
2021-01-28_DET_LAL,0022000284,2021-01-28,DET,Saddiq Bey,1630180,0,DNP - Coach's Decision,https://www.nba.com/game/0022000284/box-score
2021-01-30_GSW_DET,0022000305,2021-01-30,DET,Saddiq Bey,1630180,927,,https://www.nba.com/game/0022000305/box-score
2021-02-02_UTA_DET,0022000325,2021-02-02,DET,Saddiq Bey,1630180,649,,https://www.nba.com/game/0022000325/box-score
2021-02-05_PHX_DET,0022000349,2021-02-05,DET,Saddiq Bey,1630180,1547,,https://www.nba.com/game/0022000349/box-score
2021-02-06_LAL_DET,0022000361,2021-02-06,DET,Saddiq Bey,1630180,1544,,https://www.nba.com/game/0022000361/box-score
2021-02-09_DET_BKN,0022000375,2021-02-09,DET,Saddiq Bey,1630180,1276,,https://www.nba.com/game/0022000375/box-score
2021-02-11_DET_IND,0022000391,2021-02-11,DET,Saddiq Bey,1630180,1053,,https://www.nba.com/game/0022000391/box-score
2021-02-12_BOS_DET,0022000412,2021-02-12,DET,Saddiq Bey,1630180,1638,,https://www.nba.com/game/0022000412/box-score
2021-02-14_DET_NOP,0022000561,2021-02-14,DET,Saddiq Bey,1630180,2297,,https://www.nba.com/game/0022000561/box-score
2021-02-17_CHI_DET,0022000564,2021-02-17,DET,Saddiq Bey,1630180,1909,,https://www.nba.com/game/0022000564/box-score
2021-02-19_MEM_DET,0022000452,2021-02-19,DET,Saddiq Bey,1630180,1931,,https://www.nba.com/game/0022000452/box-score
2021-02-21_ORL_DET,0022000467,2021-02-21,DET,Saddiq Bey,1630180,1772,,https://www.nba.com/game/0022000467/box-score
2021-02-23_ORL_DET,0022000481,2021-02-23,DET,Saddiq Bey,1630180,1952,,https://www.nba.com/game/0022000481/box-score
2021-02-24_NOP_DET,0022000494,2021-02-24,DET,Saddiq Bey,1630180,1866,,https://www.nba.com/game/0022000494/box-score
2021-02-26_DET_SAC,0022000504,2021-02-26,DET,Saddiq Bey,1630180,1927,,https://www.nba.com/game/0022000504/box-score
2021-02-28_DET_NYK,0022000521,2021-02-28,DET,Saddiq Bey,1630180,1918,,https://www.nba.com/game/0022000521/box-score
2021-03-03_TOR_DET,0022000539,2021-03-03,DET,Saddiq Bey,1630180,1459,,https://www.nba.com/game/0022000539/box-score
2021-03-04_NYK_DET,0022000565,2021-03-04,DET,Saddiq Bey,1630180,2134,,https://www.nba.com/game/0022000565/box-score
2021-03-11_CHA_DET,0022000568,2021-03-11,DET,Saddiq Bey,1630180,1690,,https://www.nba.com/game/0022000568/box-score
2021-03-13_BKN_DET,0022000587,2021-03-13,DET,Saddiq Bey,1630180,1719,,https://www.nba.com/game/0022000587/box-score
2021-03-15_DET_SAS,0022000428,2021-03-15,DET,Saddiq Bey,1630180,1584,,https://www.nba.com/game/0022000428/box-score
2021-03-17_DET_TOR,0022000616,2021-03-17,DET,Saddiq Bey,1630180,2319,,https://www.nba.com/game/0022000616/box-score
2021-03-19_HOU_DET,0022000635,2021-03-19,DET,Saddiq Bey,1630180,1925,,https://www.nba.com/game/0022000635/box-score
2021-03-21_DET_CHI,0022000649,2021-03-21,DET,Saddiq Bey,1630180,2149,,https://www.nba.com/game/0022000649/box-score
2021-03-24_IND_DET,0022000667,2021-03-24,DET,Saddiq Bey,1630180,1851,,https://www.nba.com/game/0022000667/box-score
2021-03-26_DET_BKN,0022000683,2021-03-26,DET,Saddiq Bey,1630180,1964,,https://www.nba.com/game/0022000683/box-score
2021-03-27_WAS_DET,0022000694,2021-03-27,DET,Saddiq Bey,1630180,1905,,https://www.nba.com/game/0022000694/box-score
2021-03-29_DET_TOR,0022000711,2021-03-29,DET,Saddiq Bey,1630180,2004,,https://www.nba.com/game/0022000711/box-score
2021-03-31_DET_POR,0022000721,2021-03-31,DET,Saddiq Bey,1630180,1510,,https://www.nba.com/game/0022000721/box-score
2021-04-01_DET_WAS,0022000179,2021-04-01,DET,Saddiq Bey,1630180,1565,,https://www.nba.com/game/0022000179/box-score
2021-04-03_DET_NYK,0022000748,2021-04-03,DET,Saddiq Bey,1630180,1043,,https://www.nba.com/game/0022000748/box-score
2021-04-05_OKC_DET,0022000766,2021-04-05,DET,Saddiq Bey,1630180,1316,,https://www.nba.com/game/0022000766/box-score
2021-04-06_DEN_DET,0022000321,2021-04-06,DET,Saddiq Bey,1630180,1426,,https://www.nba.com/game/0022000321/box-score
2021-04-08_SAC_DET,0022000789,2021-04-08,DET,Saddiq Bey,1630180,2073,,https://www.nba.com/game/0022000789/box-score
2021-04-10_POR_DET,0022000804,2021-04-10,DET,Saddiq Bey,1630180,1726,,https://www.nba.com/game/0022000804/box-score
2021-04-11_LAC_DET,0022000813,2021-04-11,DET,Saddiq Bey,1630180,1878,,https://www.nba.com/game/0022000813/box-score
2021-04-14_DET_LAC,0022000832,2021-04-14,DET,Saddiq Bey,1630180,2119,,https://www.nba.com/game/0022000832/box-score
2021-04-16_DET_OKC,0022000845,2021-04-16,DET,Saddiq Bey,1630180,2353,,https://www.nba.com/game/0022000845/box-score
2021-04-17_WAS_DET,0022000856,2021-04-17,DET,Saddiq Bey,1630180,1451,,https://www.nba.com/game/0022000856/box-score
2021-04-19_DET_CLE,0022000868,2021-04-19,DET,Saddiq Bey,1630180,2154,,https://www.nba.com/game/0022000868/box-score
2021-04-21_DAL_DET,0022000442,2021-04-21,DET,Saddiq Bey,1630180,1616,,https://www.nba.com/game/0022000442/box-score
2021-04-22_SAS_DET,0022000895,2021-04-22,DET,Saddiq Bey,1630180,1946,,https://www.nba.com/game/0022000895/box-score
2021-04-24_IND_DET,0022000906,2021-04-24,DET,Saddiq Bey,1630180,1607,,https://www.nba.com/game/0022000906/box-score
2021-04-26_DET_ATL,0022000916,2021-04-26,DET,Saddiq Bey,1630180,1430,,https://www.nba.com/game/0022000916/box-score
2021-04-29_DET_DAL,0022000943,2021-04-29,DET,Saddiq Bey,1630180,2036,,https://www.nba.com/game/0022000943/box-score
2021-05-01_CHA_DET,0022000957,2021-05-01,DET,Saddiq Bey,1630180,2402,,https://www.nba.com/game/0022000957/box-score
2021-05-03_DET_ORL,0022000975,2021-05-03,DET,Saddiq Bey,1630180,1810,,https://www.nba.com/game/0022000975/box-score
2021-05-04_DET_CHA,0022000984,2021-05-04,DET,Saddiq Bey,1630180,2310,,https://www.nba.com/game/0022000984/box-score
2021-05-06_DET_MEM,0022000999,2021-05-06,DET,Saddiq Bey,1630180,2326,,https://www.nba.com/game/0022000999/box-score
2021-05-08_PHI_DET,0022001013,2021-05-08,DET,Saddiq Bey,1630180,1440,,https://www.nba.com/game/0022001013/box-score
2021-05-09_DET_CHI,0022001023,2021-05-09,DET,Saddiq Bey,1630180,2452,,https://www.nba.com/game/0022001023/box-score
2021-05-11_DET_MIN,0022001033,2021-05-11,DET,Saddiq Bey,1630180,2149,,https://www.nba.com/game/0022001033/box-score
2021-05-14_DET_DEN,0022001054,2021-05-14,DET,Saddiq Bey,1630180,2397,,https://www.nba.com/game/0022001054/box-score
2021-05-16_DET_MIA,0022001069,2021-05-16,DET,Saddiq Bey,1630180,2194,,https://www.nba.com/game/0022001069/box-score
2020-12-23_PHI_WAS,0022000013,2020-12-23,WAS,Troy Brown Jr.,1628972,1346,,https://www.nba.com/game/0022000013/box-score
2020-12-26_WAS_ORL,0022000024,2020-12-26,WAS,Troy Brown Jr.,1628972,794,,https://www.nba.com/game/0022000024/box-score
2020-12-27_WAS_ORL,0022000033,2020-12-27,WAS,Troy Brown Jr.,1628972,1439,,https://www.nba.com/game/0022000033/box-score
2020-12-29_WAS_CHI,0022000050,2020-12-29,WAS,Troy Brown Jr.,1628972,626,,https://www.nba.com/game/0022000050/box-score
2020-12-31_WAS_CHI,0022000063,2020-12-31,WAS,Troy Brown Jr.,1628972,1010,,https://www.nba.com/game/0022000063/box-score
2021-01-01_MIN_WAS,0022000074,2021-01-01,WAS,Troy Brown Jr.,1628972,831,,https://www.nba.com/game/0022000074/box-score
2021-01-03_BKN_WAS,0022000086,2021-01-03,WAS,Troy Brown Jr.,1628972,0,DNP - Coach's Decision,https://www.nba.com/game/0022000086/box-score
2021-01-06_PHI_WAS,0022000109,2021-01-06,WAS,Troy Brown Jr.,1628972,0,DNP - Coach's Decision,https://www.nba.com/game/0022000109/box-score
2021-01-08_BOS_WAS,0022000124,2021-01-08,WAS,Troy Brown Jr.,1628972,0,DNP - Coach's Decision,https://www.nba.com/game/0022000124/box-score
2021-01-09_WAS_MIA,0022000136,2021-01-09,WAS,Troy Brown Jr.,1628972,1349,,https://www.nba.com/game/0022000136/box-score
2021-01-11_WAS_PHX,0022000152,2021-01-11,WAS,Troy Brown Jr.,1628972,0,DNP - Coach's Decision,https://www.nba.com/game/0022000152/box-score
2021-01-31_WAS_BKN,0022000310,2021-01-31,WAS,Troy Brown Jr.,1628972,0,DNP - Coach's Decision,https://www.nba.com/game/0022000310/box-score
2021-02-02_WAS_POR,0022000559,2021-02-02,WAS,Troy Brown Jr.,1628972,0,DNP - Coach's Decision,https://www.nba.com/game/0022000559/box-score
2021-02-03_MIA_WAS,0022000331,2021-02-03,WAS,Troy Brown Jr.,1628972,1262,,https://www.nba.com/game/0022000331/box-score
2021-02-05_MIA_WAS,0022000347,2021-02-05,WAS,Troy Brown Jr.,1628972,946,,https://www.nba.com/game/0022000347/box-score
2021-02-07_CHA_WAS,0022000215,2021-02-07,WAS,Troy Brown Jr.,1628972,951,,https://www.nba.com/game/0022000215/box-score
2021-02-08_CHI_WAS,0022000368,2021-02-08,WAS,Troy Brown Jr.,1628972,0,DNP - Coach's Decision,https://www.nba.com/game/0022000368/box-score
2021-02-10_WAS_TOR,0022000382,2021-02-10,WAS,Troy Brown Jr.,1628972,147,,https://www.nba.com/game/0022000382/box-score
2021-02-12_WAS_NYK,0022000396,2021-02-12,WAS,Troy Brown Jr.,1628972,1284,,https://www.nba.com/game/0022000396/box-score
2021-02-14_WAS_BOS,0022000560,2021-02-14,WAS,Troy Brown Jr.,1628972,318,,https://www.nba.com/game/0022000560/box-score
2021-02-15_WAS_HOU,0022000421,2021-02-15,WAS,Troy Brown Jr.,1628972,0,DNP - Coach's Decision,https://www.nba.com/game/0022000421/box-score
2021-02-17_WAS_DEN,0022000437,2021-02-17,WAS,Troy Brown Jr.,1628972,0,DNP - Coach's Decision,https://www.nba.com/game/0022000437/box-score
2021-02-20_POR_WAS,0022000464,2021-02-20,WAS,Troy Brown Jr.,1628972,0,DNP - Coach's Decision,https://www.nba.com/game/0022000464/box-score
2021-02-22_LAL_WAS,0022000479,2021-02-22,WAS,Troy Brown Jr.,1628972,0,DNP - Coach's Decision,https://www.nba.com/game/0022000479/box-score
2021-02-23_LAC_WAS,0022000488,2021-02-23,WAS,Troy Brown Jr.,1628972,237,,https://www.nba.com/game/0022000488/box-score
2021-02-25_DEN_WAS,0022000502,2021-02-25,WAS,Troy Brown Jr.,1628972,963,,https://www.nba.com/game/0022000502/box-score
2021-02-27_WAS_MIN,0022000517,2021-02-27,WAS,Troy Brown Jr.,1628972,264,,https://www.nba.com/game/0022000517/box-score
2021-02-28_BOS_WAS,0022000524,2021-02-28,WAS,Troy Brown Jr.,1628972,0,DNP - Coach's Decision,https://www.nba.com/game/0022000524/box-score
2021-03-02_WAS_MEM,0022000536,2021-03-02,WAS,Troy Brown Jr.,1628972,75,,https://www.nba.com/game/0022000536/box-score
2021-03-04_WAS_LAC,0022000554,2021-03-04,WAS,Troy Brown Jr.,1628972,0,DNP - Coach's Decision,https://www.nba.com/game/0022000554/box-score
2021-03-10_MEM_WAS,0022000566,2021-03-10,WAS,Troy Brown Jr.,1628972,782,,https://www.nba.com/game/0022000566/box-score
2021-03-12_WAS_PHI,0022000579,2021-03-12,WAS,Troy Brown Jr.,1628972,891,,https://www.nba.com/game/0022000579/box-score
2021-03-13_WAS_MIL,0022000589,2021-03-13,WAS,Troy Brown Jr.,1628972,764,,https://www.nba.com/game/0022000589/box-score
2021-03-15_WAS_MIL,0022000603,2021-03-15,WAS,Troy Brown Jr.,1628972,0,DNP - Coach's Decision,https://www.nba.com/game/0022000603/box-score
2021-03-17_WAS_SAC,0022000619,2021-03-17,WAS,Troy Brown Jr.,1628972,0,DNP - Coach's Decision,https://www.nba.com/game/0022000619/box-score
2021-03-18_WAS_UTA,0022000166,2021-03-18,WAS,Troy Brown Jr.,1628972,0,DNP - Coach's Decision,https://www.nba.com/game/0022000166/box-score
2021-03-21_BKN_WAS,0022000647,2021-03-21,WAS,Troy Brown Jr.,1628972,0,DNP - Coach's Decision,https://www.nba.com/game/0022000647/box-score
2021-03-23_NYK_WAS,0022000662,2021-03-23,WAS,Troy Brown Jr.,1628972,928,,https://www.nba.com/game/0022000662/box-score
2021-03-27_SAS_CHI,0022000697,2021-03-27,CHI,Troy Brown Jr.,1628972,813,,https://www.nba.com/game/0022000697/box-score
2021-03-29_GSW_CHI,0022000716,2021-03-29,CHI,Troy Brown Jr.,1628972,1010,,https://www.nba.com/game/0022000716/box-score
2021-03-31_PHX_CHI,0022000730,2021-03-31,CHI,Troy Brown Jr.,1628972,990,,https://www.nba.com/game/0022000730/box-score
2021-04-02_UTA_CHI,0022000743,2021-04-02,CHI,Troy Brown Jr.,1628972,0,DNP - Coach's Decision,https://www.nba.com/game/0022000743/box-score
2021-04-04_CHI_BKN,0022000755,2021-04-04,CHI,Troy Brown Jr.,1628972,1692,,https://www.nba.com/game/0022000755/box-score
2021-04-06_IND_CHI,0022000769,2021-04-06,CHI,Troy Brown Jr.,1628972,904,,https://www.nba.com/game/0022000769/box-score
2021-04-08_TOR_CHI,0022000523,2021-04-08,CHI,Troy Brown Jr.,1628972,833,,https://www.nba.com/game/0022000523/box-score
2021-04-09_ATL_CHI,0022000791,2021-04-09,CHI,Troy Brown Jr.,1628972,904,,https://www.nba.com/game/0022000791/box-score
2021-04-11_MIN_CHI,0022000812,2021-04-11,CHI,Troy Brown Jr.,1628972,1293,,https://www.nba.com/game/0022000812/box-score
2021-04-12_MEM_CHI,0022000278,2021-04-12,CHI,Troy Brown Jr.,1628972,1535,,https://www.nba.com/game/0022000278/box-score
2021-04-14_CHI_ORL,0022000833,2021-04-14,CHI,Troy Brown Jr.,1628972,866,,https://www.nba.com/game/0022000833/box-score
2021-04-16_CHI_MEM,0022000850,2021-04-16,CHI,Troy Brown Jr.,1628972,1115,,https://www.nba.com/game/0022000850/box-score
2021-04-17_CHI_CLE,0022000857,2021-04-17,CHI,Troy Brown Jr.,1628972,1070,,https://www.nba.com/game/0022000857/box-score
2021-04-19_BOS_CHI,0022000869,2021-04-19,CHI,Troy Brown Jr.,1628972,1172,,https://www.nba.com/game/0022000869/box-score
2020-12-23_PHX_DAL,0022000004,2020-12-23,DAL,Tyrell Terry,1630179,0,DNP - Coach's Decision,https://www.nba.com/game/0022000004/box-score
2020-12-25_LAL_DAL,0022000008,2020-12-25,DAL,Tyrell Terry,1630179,102,,https://www.nba.com/game/0022000008/box-score
2020-12-27_LAC_DAL,0022000031,2020-12-27,DAL,Tyrell Terry,1630179,526,,https://www.nba.com/game/0022000031/box-score
2020-12-30_DAL_CHA,0022000059,2020-12-30,DAL,Tyrell Terry,1630179,220,,https://www.nba.com/game/0022000059/box-score
2021-01-01_DAL_MIA,0022000071,2021-01-01,DAL,Tyrell Terry,1630179,0,DNP - Coach's Decision,https://www.nba.com/game/0022000071/box-score
2021-01-03_CHI_DAL,0022000090,2021-01-03,DAL,Tyrell Terry,1630179,16,,https://www.nba.com/game/0022000090/box-score
2021-01-04_HOU_DAL,0022000098,2021-01-04,DAL,Tyrell Terry,1630179,0,DNP - Coach's Decision,https://www.nba.com/game/0022000098/box-score
2021-01-07_DEN_DAL,0022000120,2021-01-07,DAL,Tyrell Terry,1630179,0,DNP - Coach's Decision,https://www.nba.com/game/0022000120/box-score
2021-01-09_DAL_ORL,0022000139,2021-01-09,DAL,Tyrell Terry,1630179,0,DNP - Coach's Decision,https://www.nba.com/game/0022000139/box-score
2021-01-13_CHA_DAL,0022000164,2021-01-13,DAL,Tyrell Terry,1630179,75,,https://www.nba.com/game/0022000164/box-score
2021-01-15_MIL_DAL,0022000182,2021-01-15,DAL,Tyrell Terry,1630179,288,,https://www.nba.com/game/0022000182/box-score
2021-01-17_DAL_CHI,0022000198,2021-01-17,DAL,Tyrell Terry,1630179,921,,https://www.nba.com/game/0022000198/box-score
2021-01-18_TOR_DAL,0022000210,2021-01-18,DAL,Tyrell Terry,1630179,200,,https://www.nba.com/game/0022000210/box-score
2021-01-20_IND_DAL,0022000217,2021-01-20,DAL,Tyrell Terry,1630179,0,DNP - Coach's Decision,https://www.nba.com/game/0022000217/box-score
2021-01-22_SAS_DAL,0022000237,2021-01-22,DAL,Tyrell Terry,1630179,0,DNP - Coach's Decision,https://www.nba.com/game/0022000237/box-score
2021-01-23_DAL_HOU,0022000247,2021-01-23,DAL,Tyrell Terry,1630179,720,,https://www.nba.com/game/0022000247/box-score
2021-01-25_DAL_DEN,0022000265,2021-01-25,DAL,Tyrell Terry,1630179,0,DNP - Coach's Decision,https://www.nba.com/game/0022000265/box-score
2021-01-27_UTA_DAL,0022000282,2021-01-27,DAL,Tyrell Terry,1630179,94,,https://www.nba.com/game/0022000282/box-score
2021-01-29_UTA_DAL,0022000297,2021-01-29,DAL,Tyrell Terry,1630179,216,,https://www.nba.com/game/0022000297/box-score
2021-01-30_DAL_PHX,0022000303,2021-01-30,DAL,Tyrell Terry,1630179,0,DNP - Coach's Decision,https://www.nba.com/game/0022000303/box-score
2021-02-01_DAL_PHX,0022000319,2021-02-01,DAL,Tyrell Terry,1630179,0,DNP - Coach's Decision,https://www.nba.com/game/0022000319/box-score
2021-02-03_ATL_DAL,0022000330,2021-02-03,DAL,Tyrell Terry,1630179,0,DNP - Coach's Decision,https://www.nba.com/game/0022000330/box-score
2021-02-22_DAL_MEM,0022000476,2021-02-22,DAL,Tyrell Terry,1630179,0,DNP - Coach's Decision,https://www.nba.com/game/0022000476/box-score
2021-03-15_DAL_LAC,0022000605,2021-03-15,DAL,Tyrell Terry,1630179,0,DNP - Coach's Decision,https://www.nba.com/game/0022000605/box-score
2020-12-23_CHI_ATL,0022000015,2020-12-23,CHI,Wendell Carter Jr.,1628976,1546,,https://www.nba.com/game/0022000015/box-score
2020-12-26_CHI_IND,0022000026,2020-12-26,CHI,Wendell Carter Jr.,1628976,1641,,https://www.nba.com/game/0022000026/box-score
2020-12-27_CHI_GSW,0022000038,2020-12-27,CHI,Wendell Carter Jr.,1628976,1888,,https://www.nba.com/game/0022000038/box-score
2020-12-29_WAS_CHI,0022000050,2020-12-29,CHI,Wendell Carter Jr.,1628976,2051,,https://www.nba.com/game/0022000050/box-score
2020-12-31_WAS_CHI,0022000063,2020-12-31,CHI,Wendell Carter Jr.,1628976,1378,,https://www.nba.com/game/0022000063/box-score
2021-01-01_MIL_CHI,0022000073,2021-01-01,CHI,Wendell Carter Jr.,1628976,1508,,https://www.nba.com/game/0022000073/box-score
2021-01-03_CHI_DAL,0022000090,2021-01-03,CHI,Wendell Carter Jr.,1628976,1370,,https://www.nba.com/game/0022000090/box-score
2021-01-05_POR_CHI,0022000106,2021-01-05,CHI,Wendell Carter Jr.,1628976,1514,,https://www.nba.com/game/0022000106/box-score
2021-01-06_SAC_CHI,0022000117,2021-01-06,CHI,Wendell Carter Jr.,1628976,1797,,https://www.nba.com/game/0022000117/box-score
2021-01-08_LAL_CHI,0022000131,2021-01-08,CHI,Wendell Carter Jr.,1628976,1515,,https://www.nba.com/game/0022000131/box-score
2021-01-10_LAC_CHI,0022000142,2021-01-10,CHI,Wendell Carter Jr.,1628976,1608,,https://www.nba.com/game/0022000142/box-score
2021-01-15_OKC_CHI,0022000184,2021-01-15,CHI,Wendell Carter Jr.,1628976,1974,,https://www.nba.com/game/0022000184/box-score
2021-01-17_DAL_CHI,0022000198,2021-01-17,CHI,Wendell Carter Jr.,1628976,1593,,https://www.nba.com/game/0022000198/box-score
2021-01-18_CHI_HOU,0022000211,2021-01-18,CHI,Wendell Carter Jr.,1628976,1247,,https://www.nba.com/game/0022000211/box-score
2021-02-15_IND_CHI,0022000420,2021-02-15,CHI,Wendell Carter Jr.,1628976,1259,,https://www.nba.com/game/0022000420/box-score
2021-02-17_CHI_DET,0022000564,2021-02-17,CHI,Wendell Carter Jr.,1628976,1604,,https://www.nba.com/game/0022000564/box-score
2021-02-19_PHI_CHI,0022000450,2021-02-19,CHI,Wendell Carter Jr.,1628976,1495,,https://www.nba.com/game/0022000450/box-score
2021-02-20_CHI_SAC,0022000460,2021-02-20,CHI,Wendell Carter Jr.,1628976,1988,,https://www.nba.com/game/0022000460/box-score
2021-02-22_HOU_CHI,0022000474,2021-02-22,CHI,Wendell Carter Jr.,1628976,1729,,https://www.nba.com/game/0022000474/box-score
2021-02-24_CHI_MIN,0022000493,2021-02-24,CHI,Wendell Carter Jr.,1628976,1899,,https://www.nba.com/game/0022000493/box-score
2021-02-26_CHI_PHX,0022000508,2021-02-26,CHI,Wendell Carter Jr.,1628976,1474,,https://www.nba.com/game/0022000508/box-score
2021-03-01_CHI_DEN,0022000531,2021-03-01,CHI,Wendell Carter Jr.,1628976,1362,,https://www.nba.com/game/0022000531/box-score
2021-03-03_NOP_CHI,0022000548,2021-03-03,CHI,Wendell Carter Jr.,1628976,1645,,https://www.nba.com/game/0022000548/box-score
2021-03-11_CHI_PHI,0022000572,2021-03-11,CHI,Wendell Carter Jr.,1628976,906,,https://www.nba.com/game/0022000572/box-score
2021-03-12_CHI_MIA,0022000582,2021-03-12,CHI,Wendell Carter Jr.,1628976,1347,,https://www.nba.com/game/0022000582/box-score
2021-03-14_CHI_TOR,0022000600,2021-03-14,CHI,Wendell Carter Jr.,1628976,1131,,https://www.nba.com/game/0022000600/box-score
2021-03-16_CHI_OKC,0022000612,2021-03-16,CHI,Wendell Carter Jr.,1628976,1365,,https://www.nba.com/game/0022000612/box-score
2021-03-17_CHI_SAS,0022000621,2021-03-17,CHI,Wendell Carter Jr.,1628976,1036,,https://www.nba.com/game/0022000621/box-score
2021-03-19_DEN_CHI,0022000637,2021-03-19,CHI,Wendell Carter Jr.,1628976,1406,,https://www.nba.com/game/0022000637/box-score
2021-03-21_DET_CHI,0022000649,2021-03-21,CHI,Wendell Carter Jr.,1628976,817,,https://www.nba.com/game/0022000649/box-score
2021-03-22_CHI_UTA,0022000656,2021-03-22,CHI,Wendell Carter Jr.,1628976,1073,,https://www.nba.com/game/0022000656/box-score
2021-03-24_CHI_CLE,0022000671,2021-03-24,CHI,Wendell Carter Jr.,1628976,1343,,https://www.nba.com/game/0022000671/box-score
2021-03-28_LAL_ORL,0022000706,2021-03-28,ORL,Wendell Carter Jr.,1628976,1215,,https://www.nba.com/game/0022000706/box-score
2021-03-30_LAC_ORL,0022000720,2021-03-30,ORL,Wendell Carter Jr.,1628976,1083,,https://www.nba.com/game/0022000720/box-score
2021-04-01_NOP_ORL,0022000734,2021-04-01,ORL,Wendell Carter Jr.,1628976,1859,,https://www.nba.com/game/0022000734/box-score
2021-04-03_UTA_ORL,0022000752,2021-04-03,ORL,Wendell Carter Jr.,1628976,2051,,https://www.nba.com/game/0022000752/box-score
2021-04-04_DEN_ORL,0022000761,2021-04-04,ORL,Wendell Carter Jr.,1628976,2087,,https://www.nba.com/game/0022000761/box-score
2021-04-07_ORL_WAS,0022000777,2021-04-07,ORL,Wendell Carter Jr.,1628976,1393,,https://www.nba.com/game/0022000777/box-score
2021-04-09_ORL_IND,0022000790,2021-04-09,ORL,Wendell Carter Jr.,1628976,1548,,https://www.nba.com/game/0022000790/box-score
2021-04-11_ORL_MIL,0022000808,2021-04-11,ORL,Wendell Carter Jr.,1628976,1630,,https://www.nba.com/game/0022000808/box-score
2021-04-12_ORL_SAS,0022000816,2021-04-12,ORL,Wendell Carter Jr.,1628976,1796,,https://www.nba.com/game/0022000816/box-score
2021-04-14_CHI_ORL,0022000833,2021-04-14,ORL,Wendell Carter Jr.,1628976,1874,,https://www.nba.com/game/0022000833/box-score
2021-04-16_TOR_ORL,0022000849,2021-04-16,ORL,Wendell Carter Jr.,1628976,1893,,https://www.nba.com/game/0022000849/box-score
2021-04-18_ORL_HOU,0022000864,2021-04-18,ORL,Wendell Carter Jr.,1628976,1895,,https://www.nba.com/game/0022000864/box-score
2021-04-20_ATL_ORL,0022000876,2021-04-20,ORL,Wendell Carter Jr.,1628976,1550,,https://www.nba.com/game/0022000876/box-score
2021-04-22_ORL_NOP,0022000893,2021-04-22,ORL,Wendell Carter Jr.,1628976,0,DNP - Injury/Illness,https://www.nba.com/game/0022000893/box-score
2021-04-25_ORL_IND,0022000914,2021-04-25,ORL,Wendell Carter Jr.,1628976,1244,,https://www.nba.com/game/0022000914/box-score
2021-04-26_ORL_LAL,0022000917,2021-04-26,ORL,Wendell Carter Jr.,1628976,1737,,https://www.nba.com/game/0022000917/box-score
2021-04-28_CLE_ORL,0022000933,2021-04-28,ORL,Wendell Carter Jr.,1628976,1266,,https://www.nba.com/game/0022000933/box-score
2021-04-30_MEM_ORL,0022000953,2021-04-30,ORL,Wendell Carter Jr.,1628976,1322,,https://www.nba.com/game/0022000953/box-score
2021-05-01_ORL_MEM,0022000961,2021-05-01,ORL,Wendell Carter Jr.,1628976,1617,,https://www.nba.com/game/0022000961/box-score
2021-05-03_DET_ORL,0022000975,2021-05-03,ORL,Wendell Carter Jr.,1628976,1163,,https://www.nba.com/game/0022000975/box-score
2021-05-05_ORL_BOS,0022000990,2021-05-05,ORL,Wendell Carter Jr.,1628976,0,DND - Injury/Illness,https://www.nba.com/game/0022000990/box-score
2021-05-07_CHA_ORL,0022001004,2021-05-07,ORL,Wendell Carter Jr.,1628976,0,NWT - Injury/Illness,https://www.nba.com/game/0022001004/box-score
2021-05-09_ORL_MIN,0022001022,2021-05-09,ORL,Wendell Carter Jr.,1628976,0,DND - Injury/Illness,https://www.nba.com/game/0022001022/box-score
2021-05-11_MIL_ORL,0022001038,2021-05-11,ORL,Wendell Carter Jr.,1628976,1857,,https://www.nba.com/game/0022001038/box-score
2021-05-13_ATL_ORL,0022001049,2021-05-13,ORL,Wendell Carter Jr.,1628976,1640,,https://www.nba.com/game/0022001049/box-score
2021-05-14_PHI_ORL,0022001055,2021-05-14,ORL,Wendell Carter Jr.,1628976,1289,,https://www.nba.com/game/0022001055/box-score
2021-05-16_PHI_ORL,0022001075,2021-05-16,ORL,Wendell Carter Jr.,1628976,0,DND - Injury/Illness,https://www.nba.com/game/0022001075/box-score
2020-12-23_DEN_SAC,0022000019,2020-12-23,DEN,Zeke Nnaji,1630192,0,DNP - Coach's Decision,https://www.nba.com/game/0022000019/box-score
2020-12-25_DEN_LAC,0022000009,2020-12-25,DEN,Zeke Nnaji,1630192,0,DNP - Coach's Decision,https://www.nba.com/game/0022000009/box-score
2020-12-28_DEN_HOU,0022000044,2020-12-28,DEN,Zeke Nnaji,1630192,217,,https://www.nba.com/game/0022000044/box-score
2020-12-29_SAC_DEN,0022000055,2020-12-29,DEN,Zeke Nnaji,1630192,25,,https://www.nba.com/game/0022000055/box-score
2021-01-01_DEN_PHX,0022000076,2021-01-01,DEN,Zeke Nnaji,1630192,0,DNP - Coach's Decision,https://www.nba.com/game/0022000076/box-score
2021-01-03_MIN_DEN,0022000088,2021-01-03,DEN,Zeke Nnaji,1630192,56,,https://www.nba.com/game/0022000088/box-score
2021-01-05_DEN_MIN,0022000104,2021-01-05,DEN,Zeke Nnaji,1630192,0,DNP - Coach's Decision,https://www.nba.com/game/0022000104/box-score
2021-01-07_DEN_DAL,0022000120,2021-01-07,DEN,Zeke Nnaji,1630192,0,DNP - Coach's Decision,https://www.nba.com/game/0022000120/box-score
2021-01-09_PHI_DEN,0022000133,2021-01-09,DEN,Zeke Nnaji,1630192,126,,https://www.nba.com/game/0022000133/box-score
2021-01-10_NYK_DEN,0022000144,2021-01-10,DEN,Zeke Nnaji,1630192,224,,https://www.nba.com/game/0022000144/box-score
2021-01-12_BKN_DEN,0022000158,2021-01-12,DEN,Zeke Nnaji,1630192,0,DNP - Coach's Decision,https://www.nba.com/game/0022000158/box-score
2021-01-14_DEN_GSW,0022000177,2021-01-14,DEN,Zeke Nnaji,1630192,0,DNP - Coach's Decision,https://www.nba.com/game/0022000177/box-score
2021-01-17_DEN_UTA,0022000200,2021-01-17,DEN,Zeke Nnaji,1630192,0,DNP - Coach's Decision,https://www.nba.com/game/0022000200/box-score
2021-01-19_DEN_OKC,0022000213,2021-01-19,DEN,Zeke Nnaji,1630192,301,,https://www.nba.com/game/0022000213/box-score
2021-01-22_PHX_DEN,0022000238,2021-01-22,DEN,Zeke Nnaji,1630192,0,DNP - Coach's Decision,https://www.nba.com/game/0022000238/box-score
2021-01-23_PHX_DEN,0022000248,2021-01-23,DEN,Zeke Nnaji,1630192,0,DNP - Coach's Decision,https://www.nba.com/game/0022000248/box-score
2021-01-25_DAL_DEN,0022000265,2021-01-25,DEN,Zeke Nnaji,1630192,0,DNP - Coach's Decision,https://www.nba.com/game/0022000265/box-score
2021-01-27_MIA_DEN,0022000275,2021-01-27,DEN,Zeke Nnaji,1630192,147,,https://www.nba.com/game/0022000275/box-score
2021-01-29_SAS_DEN,0022000296,2021-01-29,DEN,Zeke Nnaji,1630192,34,,https://www.nba.com/game/0022000296/box-score
2021-01-31_DEN_UTA,0022000306,2021-01-31,DEN,Zeke Nnaji,1630192,99,,https://www.nba.com/game/0022000306/box-score
2021-02-04_LAL_DEN,0022000341,2021-02-04,DEN,Zeke Nnaji,1630192,173,,https://www.nba.com/game/0022000341/box-score
2021-02-06_SAC_DEN,0022000352,2021-02-06,DEN,Zeke Nnaji,1630192,0,DNP - Coach's Decision,https://www.nba.com/game/0022000352/box-score
2021-02-08_DEN_MIL,0022000373,2021-02-08,DEN,Zeke Nnaji,1630192,0,DNP - Coach's Decision,https://www.nba.com/game/0022000373/box-score
2021-02-10_DEN_CLE,0022000388,2021-02-10,DEN,Zeke Nnaji,1630192,1126,,https://www.nba.com/game/0022000388/box-score
2021-02-12_DEN_OKC,0022000401,2021-02-12,DEN,Zeke Nnaji,1630192,372,,https://www.nba.com/game/0022000401/box-score
2021-02-14_DEN_LAL,0022000416,2021-02-14,DEN,Zeke Nnaji,1630192,1430,,https://www.nba.com/game/0022000416/box-score
2021-02-16_BOS_DEN,0022000427,2021-02-16,DEN,Zeke Nnaji,1630192,1588,,https://www.nba.com/game/0022000427/box-score
2021-02-17_WAS_DEN,0022000437,2021-02-17,DEN,Zeke Nnaji,1630192,809,,https://www.nba.com/game/0022000437/box-score
2021-02-19_CLE_DEN,0022000563,2021-02-19,DEN,Zeke Nnaji,1630192,387,,https://www.nba.com/game/0022000563/box-score
2021-02-21_ATL_DEN,0022000470,2021-02-21,DEN,Zeke Nnaji,1630192,1795,,https://www.nba.com/game/0022000470/box-score
2021-02-23_DEN_POR,0022000487,2021-02-23,DEN,Zeke Nnaji,1630192,1415,,https://www.nba.com/game/0022000487/box-score
2021-02-25_DEN_WAS,0022000502,2021-02-25,DEN,Zeke Nnaji,1630192,873,,https://www.nba.com/game/0022000502/box-score
2021-02-27_OKC_DEN,0022000518,2021-02-27,DEN,Zeke Nnaji,1630192,929,,https://www.nba.com/game/0022000518/box-score
2021-03-01_CHI_DEN,0022000531,2021-03-01,DEN,Zeke Nnaji,1630192,807,,https://www.nba.com/game/0022000531/box-score
2021-03-02_MIL_DEN,0022000540,2021-03-02,DEN,Zeke Nnaji,1630192,940,,https://www.nba.com/game/0022000540/box-score
2021-03-04_IND_DEN,0022000553,2021-03-04,DEN,Zeke Nnaji,1630192,990,,https://www.nba.com/game/0022000553/box-score
2021-03-12_MEM_DEN,0022000580,2021-03-12,DEN,Zeke Nnaji,1630192,0,DNP - Injury/Illness,https://www.nba.com/game/0022000580/box-score
2021-03-13_DEN_DAL,0022000592,2021-03-13,DEN,Zeke Nnaji,1630192,283,,https://www.nba.com/game/0022000592/box-score
2021-03-15_DEN_IND,0022000606,2021-03-15,DEN,Zeke Nnaji,1630192,89,,https://www.nba.com/game/0022000606/box-score
2021-03-17_DEN_CHA,0022000624,2021-03-17,DEN,Zeke Nnaji,1630192,1163,,https://www.nba.com/game/0022000624/box-score
2021-03-19_DEN_CHI,0022000637,2021-03-19,DEN,Zeke Nnaji,1630192,659,,https://www.nba.com/game/0022000637/box-score
2021-03-21_DEN_NOP,0022000646,2021-03-21,DEN,Zeke Nnaji,1630192,0,DNP - Coach's Decision,https://www.nba.com/game/0022000646/box-score
2021-03-23_ORL_DEN,0022000661,2021-03-23,DEN,Zeke Nnaji,1630192,705,,https://www.nba.com/game/0022000661/box-score
2021-03-24_TOR_DEN,0022000668,2021-03-24,DEN,Zeke Nnaji,1630192,1141,,https://www.nba.com/game/0022000668/box-score
2021-03-26_NOP_DEN,0022000689,2021-03-26,DEN,Zeke Nnaji,1630192,215,,https://www.nba.com/game/0022000689/box-score
2021-03-28_DEN_ATL,0022000705,2021-03-28,DEN,Zeke Nnaji,1630192,363,,https://www.nba.com/game/0022000705/box-score
2021-03-30_DEN_PHI,0022000719,2021-03-30,DEN,Zeke Nnaji,1630192,0,DNP - Coach's Decision,https://www.nba.com/game/0022000719/box-score
2021-04-01_LAC_DEN,0022000736,2021-04-01,DEN,Zeke Nnaji,1630192,0,DNP - Coach's Decision,https://www.nba.com/game/0022000736/box-score
2021-04-04_DEN_ORL,0022000761,2021-04-04,DEN,Zeke Nnaji,1630192,0,DNP - Coach's Decision,https://www.nba.com/game/0022000761/box-score
2021-04-06_DEN_DET,0022000321,2021-04-06,DEN,Zeke Nnaji,1630192,242,,https://www.nba.com/game/0022000321/box-score
2021-04-07_DEN_SAS,0022000782,2021-04-07,DEN,Zeke Nnaji,1630192,227,,https://www.nba.com/game/0022000782/box-score
2021-04-09_DEN_SAS,0022000797,2021-04-09,DEN,Zeke Nnaji,1630192,0,DNP - Coach's Decision,https://www.nba.com/game/0022000797/box-score
2021-04-11_DEN_BOS,0022000806,2021-04-11,DEN,Zeke Nnaji,1630192,483,,https://www.nba.com/game/0022000806/box-score
2021-04-12_GSW_DEN,0022000821,2021-04-12,DEN,Zeke Nnaji,1630192,0,DNP - Coach's Decision,https://www.nba.com/game/0022000821/box-score
2021-04-14_DEN_MIA,0022000838,2021-04-14,DEN,Zeke Nnaji,1630192,156,,https://www.nba.com/game/0022000838/box-score
2021-04-16_HOU_DEN,0022000851,2021-04-16,DEN,Zeke Nnaji,1630192,467,,https://www.nba.com/game/0022000851/box-score
2021-04-19_DEN_MEM,0022000874,2021-04-19,DEN,Zeke Nnaji,1630192,0,DNP - Coach's Decision,https://www.nba.com/game/0022000874/box-score
2021-04-21_POR_DEN,0022000890,2021-04-21,DEN,Zeke Nnaji,1630192,0,DNP - Coach's Decision,https://www.nba.com/game/0022000890/box-score
2021-04-23_GSW_DEN,0022000903,2021-04-23,DEN,Zeke Nnaji,1630192,128,,https://www.nba.com/game/0022000903/box-score
2021-04-24_DEN_HOU,0022000910,2021-04-24,DEN,Zeke Nnaji,1630192,231,,https://www.nba.com/game/0022000910/box-score
2021-04-26_DEN_MEM,0022000925,2021-04-26,DEN,Zeke Nnaji,1630192,199,,https://www.nba.com/game/0022000925/box-score
2021-04-28_DEN_NOP,0022000940,2021-04-28,DEN,Zeke Nnaji,1630192,0,DNP - Coach's Decision,https://www.nba.com/game/0022000940/box-score
2021-04-29_DEN_TOR,0022000948,2021-04-29,DEN,Zeke Nnaji,1630192,182,,https://www.nba.com/game/0022000948/box-score
2021-05-08_DEN_BKN,0022001015,2021-05-08,DEN,Zeke Nnaji,1630192,0,DNP - Coach's Decision,https://www.nba.com/game/0022001015/box-score
2021-05-11_CHA_DEN,0022000448,2021-05-11,DEN,Zeke Nnaji,1630192,0,DNP - Coach's Decision,https://www.nba.com/game/0022000448/box-score
2021-05-13_MIN_DEN,0022001052,2021-05-13,DEN,Zeke Nnaji,1630192,0,DNP - Coach's Decision,https://www.nba.com/game/0022001052/box-score
2021-05-14_DET_DEN,0022001054,2021-05-14,DEN,Zeke Nnaji,1630192,1235,,https://www.nba.com/game/0022001054/box-score
2021-05-16_POR_DEN,0022001076,2021-05-16,DEN,Zeke Nnaji,1630192,806,,https://www.nba.com/game/0022001076/box-score
