id,date,home,away,winner,margin,contact_status,direct_reasons,dependency_reasons,impact_status,selected,changes_CHI_rank_in_one_flip_screen,review_priority
2020-12-22_BKN_GSW,2020-12-22,BKN,GSW,BKN,26,TRANSACTION_DEPENDENCY,,GSW: Wiggins core/Hutchison supplemental asset unresolved,NOT_CALCULATED,False,False,P3_REMAINDER
2020-12-22_LAL_LAC,2020-12-22,LAL,LAC,LAC,7,TRANSACTION_DEPENDENCY,,LAL: AD upstream asset chain retained conditionally,NOT_CALCULATED,False,False,P3_REMAINDER
2020-12-23_CLE_CHA,2020-12-23,CLE,CHA,CLE,7,DIRECT_ROSTER_CONTACT,CHA: 2020 Edwards/Terry/center cascade,,NOT_CALCULATED,False,True,P2_BOUNDARY
2020-12-23_IND_NYK,2020-12-23,IND,NYK,IND,14,NO_DIRECT_DELTA_IDENTIFIED,,,NOT_CALCULATED,False,True,P2_BOUNDARY
2020-12-23_PHI_WAS,2020-12-23,PHI,WAS,PHI,6,DIRECT_ROSTER_CONTACT,WAS: Trent replaces Bonga; Brown retained after deadline,,NOT_CALCULATED,False,False,P3_REMAINDER
2020-12-23_ORL_MIA,2020-12-23,ORL,MIA,ORL,6,NO_DIRECT_DELTA_IDENTIFIED,,,NOT_CALCULATED,False,False,P3_REMAINDER
2020-12-23_TOR_NOP,2020-12-23,TOR,NOP,NOP,14,DIRECT_ROSTER_CONTACT,NOP: 2020 Hayes replaces Kira,,NOT_CALCULATED,False,False,P3_REMAINDER
2020-12-23_BOS_MIL,2020-12-23,BOS,MIL,BOS,1,NO_DIRECT_DELTA_IDENTIFIED,,,NOT_CALCULATED,False,False,P3_REMAINDER
2020-12-23_MIN_DET,2020-12-23,MIN,DET,MIN,10,DIRECT_ROSTER_CONTACT,MIN: 2020 rival replaces Edwards|DET: 2020 Patrick/Kira replace Hayes/Bey,,NOT_CALCULATED,False,False,P3_REMAINDER
2020-12-23_MEM_SAS,2020-12-23,MEM,SAS,SAS,12,NO_DIRECT_DELTA_IDENTIFIED,,,NOT_CALCULATED,False,False,P3_REMAINDER
2020-12-23_DEN_SAC,2020-12-23,DEN,SAC,SAC,2,DIRECT_ROSTER_CONTACT,DEN: 2020 Bey/Nnaji replace Nnaji/Hampton; Gordon package conditional,,NOT_CALCULATED,False,False,P3_REMAINDER
2020-12-23_POR_UTA,2020-12-23,POR,UTA,UTA,20,DIRECT_ROSTER_CONTACT,POR: Trent absent; Powell absent and Hood retained in working path,,NOT_CALCULATED,False,False,P3_REMAINDER
2020-12-23_PHX_DAL,2020-12-23,PHX,DAL,PHX,4,DIRECT_ROSTER_CONTACT,DAL: 2020 Hampton replaces Terry,,NOT_CALCULATED,False,False,P3_REMAINDER
2020-12-25_MIA_NOP,2020-12-25,MIA,NOP,MIA,13,DIRECT_ROSTER_CONTACT,NOP: 2020 Hayes replaces Kira,,NOT_CALCULATED,False,False,P3_REMAINDER
2020-12-25_MIL_GSW,2020-12-25,MIL,GSW,MIL,39,TRANSACTION_DEPENDENCY,,GSW: Wiggins core/Hutchison supplemental asset unresolved,NOT_CALCULATED,False,False,P3_REMAINDER
2020-12-25_BOS_BKN,2020-12-25,BOS,BKN,BKN,28,NO_DIRECT_DELTA_IDENTIFIED,,,NOT_CALCULATED,False,False,P3_REMAINDER
2020-12-25_LAL_DAL,2020-12-25,LAL,DAL,LAL,23,DIRECT_ROSTER_CONTACT,DAL: 2020 Hampton replaces Terry,LAL: AD upstream asset chain retained conditionally,NOT_CALCULATED,False,False,P3_REMAINDER
2020-12-25_DEN_LAC,2020-12-25,DEN,LAC,LAC,13,DIRECT_ROSTER_CONTACT,DEN: 2020 Bey/Nnaji replace Nnaji/Hampton; Gordon package conditional,,NOT_CALCULATED,False,False,P3_REMAINDER
2020-12-26_MEM_ATL,2020-12-26,MEM,ATL,ATL,10,NO_DIRECT_DELTA_IDENTIFIED,,,NOT_CALCULATED,False,False,P3_REMAINDER
2020-12-26_DET_CLE,2020-12-26,DET,CLE,CLE,9,DIRECT_ROSTER_CONTACT,DET: 2020 Patrick/Kira replace Hayes/Bey,,NOT_CALCULATED,False,False,P3_REMAINDER
2020-12-26_WAS_ORL,2020-12-26,WAS,ORL,ORL,10,DIRECT_ROSTER_CONTACT,WAS: Trent replaces Bonga; Brown retained after deadline,,NOT_CALCULATED,False,False,P3_REMAINDER
2020-12-26_CHA_OKC,2020-12-26,CHA,OKC,OKC,2,DIRECT_ROSTER_CONTACT,CHA: 2020 Edwards/Terry/center cascade,,NOT_CALCULATED,False,True,P1_BOUNDARY
2020-12-26_NYK_PHI,2020-12-26,NYK,PHI,PHI,20,NO_DIRECT_DELTA_IDENTIFIED,,,NOT_CALCULATED,False,False,P3_REMAINDER
2020-12-26_SAS_TOR,2020-12-26,SAS,TOR,SAS,5,NO_DIRECT_DELTA_IDENTIFIED,,,NOT_CALCULATED,False,False,P3_REMAINDER
2020-12-26_UTA_MIN,2020-12-26,UTA,MIN,MIN,5,DIRECT_ROSTER_CONTACT,MIN: 2020 rival replaces Edwards,,NOT_CALCULATED,False,False,P3_REMAINDER
2020-12-26_SAC_PHX,2020-12-26,SAC,PHX,SAC,3,NO_DIRECT_DELTA_IDENTIFIED,,,NOT_CALCULATED,False,False,P3_REMAINDER
2020-12-26_POR_HOU,2020-12-26,POR,HOU,POR,2,DIRECT_ROSTER_CONTACT,POR: Trent absent; Powell absent and Hood retained in working path,,NOT_CALCULATED,False,False,P3_REMAINDER
2020-12-27_LAC_DAL,2020-12-27,LAC,DAL,DAL,51,DIRECT_ROSTER_CONTACT,DAL: 2020 Hampton replaces Terry,,NOT_CALCULATED,False,False,P3_REMAINDER
2020-12-27_WAS_ORL,2020-12-27,WAS,ORL,ORL,7,DIRECT_ROSTER_CONTACT,WAS: Trent replaces Bonga; Brown retained after deadline,,NOT_CALCULATED,False,False,P3_REMAINDER
2020-12-27_CHA_BKN,2020-12-27,CHA,BKN,CHA,2,DIRECT_ROSTER_CONTACT,CHA: 2020 Edwards/Terry/center cascade,,NOT_CALCULATED,False,True,P1_BOUNDARY
2020-12-27_NOP_SAS,2020-12-27,NOP,SAS,NOP,3,DIRECT_ROSTER_CONTACT,NOP: 2020 Hayes replaces Kira,,NOT_CALCULATED,False,False,P3_REMAINDER
2020-12-27_NYK_MIL,2020-12-27,NYK,MIL,NYK,20,NO_DIRECT_DELTA_IDENTIFIED,,,NOT_CALCULATED,False,False,P3_REMAINDER
2020-12-27_CLE_PHI,2020-12-27,CLE,PHI,CLE,24,NO_DIRECT_DELTA_IDENTIFIED,,,NOT_CALCULATED,False,False,P3_REMAINDER
2020-12-27_IND_BOS,2020-12-27,IND,BOS,IND,1,NO_DIRECT_DELTA_IDENTIFIED,,,NOT_CALCULATED,False,True,P1_BOUNDARY
2020-12-27_SAC_PHX,2020-12-27,SAC,PHX,PHX,16,NO_DIRECT_DELTA_IDENTIFIED,,,NOT_CALCULATED,False,False,P3_REMAINDER
2020-12-27_LAL_MIN,2020-12-27,LAL,MIN,LAL,36,DIRECT_ROSTER_CONTACT,MIN: 2020 rival replaces Edwards,LAL: AD upstream asset chain retained conditionally,NOT_CALCULATED,False,False,P3_REMAINDER
2020-12-28_BKN_MEM,2020-12-28,BKN,MEM,MEM,5,NO_DIRECT_DELTA_IDENTIFIED,,,NOT_CALCULATED,False,False,P3_REMAINDER
2020-12-28_ATL_DET,2020-12-28,ATL,DET,ATL,8,DIRECT_ROSTER_CONTACT,DET: 2020 Patrick/Kira replace Hayes/Bey,,NOT_CALCULATED,False,False,P3_REMAINDER
2020-12-28_OKC_UTA,2020-12-28,OKC,UTA,UTA,1,NO_DIRECT_DELTA_IDENTIFIED,,,NOT_CALCULATED,False,False,P3_REMAINDER
2020-12-28_DEN_HOU,2020-12-28,DEN,HOU,DEN,13,DIRECT_ROSTER_CONTACT,DEN: 2020 Bey/Nnaji replace Nnaji/Hampton; Gordon package conditional,,NOT_CALCULATED,False,False,P3_REMAINDER
2020-12-28_LAL_POR,2020-12-28,LAL,POR,POR,8,DIRECT_ROSTER_CONTACT,POR: Trent absent; Powell absent and Hood retained in working path,LAL: AD upstream asset chain retained conditionally,NOT_CALCULATED,False,False,P3_REMAINDER
2020-12-29_IND_BOS,2020-12-29,IND,BOS,BOS,5,NO_DIRECT_DELTA_IDENTIFIED,,,NOT_CALCULATED,False,False,P3_REMAINDER
2020-12-29_DET_GSW,2020-12-29,DET,GSW,GSW,10,DIRECT_ROSTER_CONTACT,DET: 2020 Patrick/Kira replace Hayes/Bey,GSW: Wiggins core/Hutchison supplemental asset unresolved,NOT_CALCULATED,False,False,P3_REMAINDER
2020-12-29_PHI_TOR,2020-12-29,PHI,TOR,PHI,7,NO_DIRECT_DELTA_IDENTIFIED,,,NOT_CALCULATED,False,False,P3_REMAINDER
2020-12-29_CLE_NYK,2020-12-29,CLE,NYK,NYK,9,NO_DIRECT_DELTA_IDENTIFIED,,,NOT_CALCULATED,False,False,P3_REMAINDER
2020-12-29_MIA_MIL,2020-12-29,MIA,MIL,MIL,47,NO_DIRECT_DELTA_IDENTIFIED,,,NOT_CALCULATED,False,False,P3_REMAINDER
2020-12-29_OKC_ORL,2020-12-29,OKC,ORL,ORL,11,NO_DIRECT_DELTA_IDENTIFIED,,,NOT_CALCULATED,False,False,P3_REMAINDER
2020-12-29_PHX_NOP,2020-12-29,PHX,NOP,PHX,25,DIRECT_ROSTER_CONTACT,NOP: 2020 Hayes replaces Kira,,NOT_CALCULATED,False,False,P3_REMAINDER
2020-12-29_SAC_DEN,2020-12-29,SAC,DEN,SAC,10,DIRECT_ROSTER_CONTACT,DEN: 2020 Bey/Nnaji replace Nnaji/Hampton; Gordon package conditional,,NOT_CALCULATED,False,False,P3_REMAINDER
2020-12-29_LAC_MIN,2020-12-29,LAC,MIN,LAC,23,DIRECT_ROSTER_CONTACT,MIN: 2020 rival replaces Edwards,,NOT_CALCULATED,False,False,P3_REMAINDER
2020-12-30_BKN_ATL,2020-12-30,BKN,ATL,BKN,4,NO_DIRECT_DELTA_IDENTIFIED,,,NOT_CALCULATED,False,False,P3_REMAINDER
2020-12-30_MIA_MIL,2020-12-30,MIA,MIL,MIA,11,NO_DIRECT_DELTA_IDENTIFIED,,,NOT_CALCULATED,False,False,P3_REMAINDER
2020-12-30_BOS_MEM,2020-12-30,BOS,MEM,BOS,19,NO_DIRECT_DELTA_IDENTIFIED,,,NOT_CALCULATED,False,False,P3_REMAINDER
2020-12-30_SAS_LAL,2020-12-30,SAS,LAL,LAL,14,TRANSACTION_DEPENDENCY,,LAL: AD upstream asset chain retained conditionally,NOT_CALCULATED,False,False,P3_REMAINDER
2020-12-30_DAL_CHA,2020-12-30,DAL,CHA,CHA,19,DIRECT_ROSTER_CONTACT,DAL: 2020 Hampton replaces Terry|CHA: 2020 Edwards/Terry/center cascade,,NOT_CALCULATED,False,True,P2_BOUNDARY
2020-12-30_LAC_POR,2020-12-30,LAC,POR,LAC,23,DIRECT_ROSTER_CONTACT,POR: Trent absent; Powell absent and Hood retained in working path,,NOT_CALCULATED,False,False,P3_REMAINDER
2020-12-31_IND_CLE,2020-12-31,IND,CLE,IND,20,NO_DIRECT_DELTA_IDENTIFIED,,,NOT_CALCULATED,False,True,P2_BOUNDARY
2020-12-31_ORL_PHI,2020-12-31,ORL,PHI,PHI,24,NO_DIRECT_DELTA_IDENTIFIED,,,NOT_CALCULATED,False,False,P3_REMAINDER
2020-12-31_HOU_SAC,2020-12-31,HOU,SAC,HOU,3,NO_DIRECT_DELTA_IDENTIFIED,,,NOT_CALCULATED,False,False,P3_REMAINDER
2020-12-31_TOR_NYK,2020-12-31,TOR,NYK,TOR,17,NO_DIRECT_DELTA_IDENTIFIED,,,NOT_CALCULATED,False,False,P3_REMAINDER
2020-12-31_OKC_NOP,2020-12-31,OKC,NOP,NOP,33,DIRECT_ROSTER_CONTACT,NOP: 2020 Hayes replaces Kira,,NOT_CALCULATED,False,False,P3_REMAINDER
2020-12-31_UTA_PHX,2020-12-31,UTA,PHX,PHX,11,NO_DIRECT_DELTA_IDENTIFIED,,,NOT_CALCULATED,False,False,P3_REMAINDER
2021-01-01_CHA_MEM,2021-01-01,CHA,MEM,MEM,15,DIRECT_ROSTER_CONTACT,CHA: 2020 Edwards/Terry/center cascade,,NOT_CALCULATED,False,True,P2_BOUNDARY
2021-01-01_DAL_MIA,2021-01-01,DAL,MIA,DAL,10,DIRECT_ROSTER_CONTACT,DAL: 2020 Hampton replaces Terry,,NOT_CALCULATED,False,False,P3_REMAINDER
2021-01-01_DET_BOS,2021-01-01,DET,BOS,DET,3,DIRECT_ROSTER_CONTACT,DET: 2020 Patrick/Kira replace Hayes/Bey,,NOT_CALCULATED,False,False,P3_REMAINDER
2021-01-01_BKN_ATL,2021-01-01,BKN,ATL,ATL,18,NO_DIRECT_DELTA_IDENTIFIED,,,NOT_CALCULATED,False,False,P3_REMAINDER
2021-01-01_SAS_LAL,2021-01-01,SAS,LAL,LAL,6,TRANSACTION_DEPENDENCY,,LAL: AD upstream asset chain retained conditionally,NOT_CALCULATED,False,False,P3_REMAINDER
2021-01-01_MIN_WAS,2021-01-01,MIN,WAS,WAS,21,DIRECT_ROSTER_CONTACT,MIN: 2020 rival replaces Edwards|WAS: Trent replaces Bonga; Brown retained after deadline,,NOT_CALCULATED,False,True,P2_BOUNDARY
2021-01-01_DEN_PHX,2021-01-01,DEN,PHX,PHX,3,DIRECT_ROSTER_CONTACT,DEN: 2020 Bey/Nnaji replace Nnaji/Hampton; Gordon package conditional,,NOT_CALCULATED,False,False,P3_REMAINDER
2021-01-01_UTA_LAC,2021-01-01,UTA,LAC,UTA,6,NO_DIRECT_DELTA_IDENTIFIED,,,NOT_CALCULATED,False,False,P3_REMAINDER
2021-01-01_GSW_POR,2021-01-01,GSW,POR,POR,25,DIRECT_ROSTER_CONTACT,POR: Trent absent; Powell absent and Hood retained in working path,GSW: Wiggins core/Hutchison supplemental asset unresolved,NOT_CALCULATED,False,False,P3_REMAINDER
2021-01-02_HOU_SAC,2021-01-02,HOU,SAC,HOU,8,NO_DIRECT_DELTA_IDENTIFIED,,,NOT_CALCULATED,False,False,P3_REMAINDER
2021-01-02_IND_NYK,2021-01-02,IND,NYK,NYK,4,NO_DIRECT_DELTA_IDENTIFIED,,,NOT_CALCULATED,False,False,P3_REMAINDER
2021-01-02_ORL_OKC,2021-01-02,ORL,OKC,OKC,9,NO_DIRECT_DELTA_IDENTIFIED,,,NOT_CALCULATED,False,False,P3_REMAINDER
2021-01-02_PHI_CHA,2021-01-02,PHI,CHA,PHI,15,DIRECT_ROSTER_CONTACT,CHA: 2020 Edwards/Terry/center cascade,,NOT_CALCULATED,False,True,P2_BOUNDARY
2021-01-02_ATL_CLE,2021-01-02,ATL,CLE,CLE,5,NO_DIRECT_DELTA_IDENTIFIED,,,NOT_CALCULATED,False,False,P3_REMAINDER
2021-01-02_NOP_TOR,2021-01-02,NOP,TOR,NOP,4,DIRECT_ROSTER_CONTACT,NOP: 2020 Hayes replaces Kira,,NOT_CALCULATED,False,False,P3_REMAINDER
2021-01-03_DET_BOS,2021-01-03,DET,BOS,BOS,2,DIRECT_ROSTER_CONTACT,DET: 2020 Patrick/Kira replace Hayes/Bey,,NOT_CALCULATED,False,False,P3_REMAINDER
2021-01-03_BKN_WAS,2021-01-03,BKN,WAS,WAS,1,DIRECT_ROSTER_CONTACT,WAS: Trent replaces Bonga; Brown retained after deadline,,NOT_CALCULATED,False,True,P1_BOUNDARY
2021-01-03_MEM_LAL,2021-01-03,MEM,LAL,LAL,14,TRANSACTION_DEPENDENCY,,LAL: AD upstream asset chain retained conditionally,NOT_CALCULATED,False,False,P3_REMAINDER
2021-01-03_MIN_DEN,2021-01-03,MIN,DEN,DEN,15,DIRECT_ROSTER_CONTACT,MIN: 2020 rival replaces Edwards|DEN: 2020 Bey/Nnaji replace Nnaji/Hampton; Gordon package conditional,,NOT_CALCULATED,False,False,P3_REMAINDER
2021-01-03_SAS_UTA,2021-01-03,SAS,UTA,UTA,21,NO_DIRECT_DELTA_IDENTIFIED,,,NOT_CALCULATED,False,False,P3_REMAINDER
2021-01-03_PHX_LAC,2021-01-03,PHX,LAC,LAC,5,NO_DIRECT_DELTA_IDENTIFIED,,,NOT_CALCULATED,False,False,P3_REMAINDER
2021-01-03_GSW_POR,2021-01-03,GSW,POR,GSW,15,DIRECT_ROSTER_CONTACT,POR: Trent absent; Powell absent and Hood retained in working path,GSW: Wiggins core/Hutchison supplemental asset unresolved,NOT_CALCULATED,False,False,P3_REMAINDER
2021-01-04_PHI_CHA,2021-01-04,PHI,CHA,PHI,17,DIRECT_ROSTER_CONTACT,CHA: 2020 Edwards/Terry/center cascade,,NOT_CALCULATED,False,True,P2_BOUNDARY
2021-01-04_ORL_CLE,2021-01-04,ORL,CLE,ORL,20,NO_DIRECT_DELTA_IDENTIFIED,,,NOT_CALCULATED,False,False,P3_REMAINDER
2021-01-04_MIA_OKC,2021-01-04,MIA,OKC,MIA,28,NO_DIRECT_DELTA_IDENTIFIED,,,NOT_CALCULATED,False,False,P3_REMAINDER
2021-01-04_ATL_NYK,2021-01-04,ATL,NYK,NYK,5,NO_DIRECT_DELTA_IDENTIFIED,,,NOT_CALCULATED,False,False,P3_REMAINDER
2021-01-04_TOR_BOS,2021-01-04,TOR,BOS,BOS,12,NO_DIRECT_DELTA_IDENTIFIED,,,NOT_CALCULATED,False,False,P3_REMAINDER
2021-01-04_HOU_DAL,2021-01-04,HOU,DAL,DAL,13,DIRECT_ROSTER_CONTACT,DAL: 2020 Hampton replaces Terry,,NOT_CALCULATED,False,False,P3_REMAINDER
2021-01-04_MIL_DET,2021-01-04,MIL,DET,MIL,10,DIRECT_ROSTER_CONTACT,DET: 2020 Patrick/Kira replace Hayes/Bey,,NOT_CALCULATED,False,False,P3_REMAINDER
2021-01-04_NOP_IND,2021-01-04,NOP,IND,IND,2,DIRECT_ROSTER_CONTACT,NOP: 2020 Hayes replaces Kira,,NOT_CALCULATED,False,True,P1_BOUNDARY
2021-01-04_GSW_SAC,2021-01-04,GSW,SAC,GSW,31,TRANSACTION_DEPENDENCY,,GSW: Wiggins core/Hutchison supplemental asset unresolved,NOT_CALCULATED,False,False,P3_REMAINDER
2021-01-05_BKN_UTA,2021-01-05,BKN,UTA,BKN,34,NO_DIRECT_DELTA_IDENTIFIED,,,NOT_CALCULATED,False,False,P3_REMAINDER
2021-01-05_MEM_LAL,2021-01-05,MEM,LAL,LAL,2,TRANSACTION_DEPENDENCY,,LAL: AD upstream asset chain retained conditionally,NOT_CALCULATED,False,False,P3_REMAINDER
2021-01-05_DEN_MIN,2021-01-05,DEN,MIN,DEN,7,DIRECT_ROSTER_CONTACT,DEN: 2020 Bey/Nnaji replace Nnaji/Hampton; Gordon package conditional|MIN: 2020 rival replaces Edwards,,NOT_CALCULATED,False,False,P3_REMAINDER
2021-01-05_LAC_SAS,2021-01-05,LAC,SAS,SAS,3,NO_DIRECT_DELTA_IDENTIFIED,,,NOT_CALCULATED,False,False,P3_REMAINDER
2021-01-06_IND_HOU,2021-01-06,IND,HOU,IND,7,NO_DIRECT_DELTA_IDENTIFIED,,,NOT_CALCULATED,False,True,P2_BOUNDARY
2021-01-06_ORL_CLE,2021-01-06,ORL,CLE,ORL,11,NO_DIRECT_DELTA_IDENTIFIED,,,NOT_CALCULATED,False,False,P3_REMAINDER
2021-01-06_PHI_WAS,2021-01-06,PHI,WAS,PHI,5,DIRECT_ROSTER_CONTACT,WAS: Trent replaces Bonga; Brown retained after deadline,,NOT_CALCULATED,False,False,P3_REMAINDER
2021-01-06_MIA_BOS,2021-01-06,MIA,BOS,BOS,2,NO_DIRECT_DELTA_IDENTIFIED,,,NOT_CALCULATED,False,False,P3_REMAINDER
2021-01-06_ATL_CHA,2021-01-06,ATL,CHA,CHA,8,DIRECT_ROSTER_CONTACT,CHA: 2020 Edwards/Terry/center cascade,,NOT_CALCULATED,False,True,P2_BOUNDARY
2021-01-06_NYK_UTA,2021-01-06,NYK,UTA,NYK,12,NO_DIRECT_DELTA_IDENTIFIED,,,NOT_CALCULATED,False,False,P3_REMAINDER
2021-01-06_MIL_DET,2021-01-06,MIL,DET,MIL,15,DIRECT_ROSTER_CONTACT,DET: 2020 Patrick/Kira replace Hayes/Bey,,NOT_CALCULATED,False,False,P3_REMAINDER
2021-01-06_NOP_OKC,2021-01-06,NOP,OKC,OKC,1,DIRECT_ROSTER_CONTACT,NOP: 2020 Hayes replaces Kira,,NOT_CALCULATED,False,False,P3_REMAINDER
2021-01-06_PHX_TOR,2021-01-06,PHX,TOR,PHX,8,NO_DIRECT_DELTA_IDENTIFIED,,,NOT_CALCULATED,False,False,P3_REMAINDER
2021-01-06_GSW_LAC,2021-01-06,GSW,LAC,LAC,7,TRANSACTION_DEPENDENCY,,GSW: Wiggins core/Hutchison supplemental asset unresolved,NOT_CALCULATED,False,False,P3_REMAINDER
2021-01-07_BKN_PHI,2021-01-07,BKN,PHI,BKN,13,NO_DIRECT_DELTA_IDENTIFIED,,,NOT_CALCULATED,False,False,P3_REMAINDER
2021-01-07_MEM_CLE,2021-01-07,MEM,CLE,CLE,4,NO_DIRECT_DELTA_IDENTIFIED,,,NOT_CALCULATED,False,False,P3_REMAINDER
2021-01-07_DEN_DAL,2021-01-07,DEN,DAL,DAL,7,DIRECT_ROSTER_CONTACT,DEN: 2020 Bey/Nnaji replace Nnaji/Hampton; Gordon package conditional|DAL: 2020 Hampton replaces Terry,,NOT_CALCULATED,False,False,P3_REMAINDER
2021-01-07_LAL_SAS,2021-01-07,LAL,SAS,SAS,9,TRANSACTION_DEPENDENCY,,LAL: AD upstream asset chain retained conditionally,NOT_CALCULATED,False,False,P3_REMAINDER
2021-01-07_POR_MIN,2021-01-07,POR,MIN,POR,18,DIRECT_ROSTER_CONTACT,POR: Trent absent; Powell absent and Hood retained in working path|MIN: 2020 rival replaces Edwards,,NOT_CALCULATED,False,False,P3_REMAINDER
2021-01-08_DET_PHX,2021-01-08,DET,PHX,DET,5,DIRECT_ROSTER_CONTACT,DET: 2020 Patrick/Kira replace Hayes/Bey,,NOT_CALCULATED,False,False,P3_REMAINDER
2021-01-08_BOS_WAS,2021-01-08,BOS,WAS,BOS,9,DIRECT_ROSTER_CONTACT,WAS: Trent replaces Bonga; Brown retained after deadline,,NOT_CALCULATED,False,False,P3_REMAINDER
2021-01-08_NYK_OKC,2021-01-08,NYK,OKC,OKC,12,NO_DIRECT_DELTA_IDENTIFIED,,,NOT_CALCULATED,False,False,P3_REMAINDER
2021-01-08_NOP_CHA,2021-01-08,NOP,CHA,CHA,8,DIRECT_ROSTER_CONTACT,NOP: 2020 Hayes replaces Kira|CHA: 2020 Edwards/Terry/center cascade,,NOT_CALCULATED,False,True,P2_BOUNDARY
2021-01-08_MEM_BKN,2021-01-08,MEM,BKN,MEM,5,NO_DIRECT_DELTA_IDENTIFIED,,,NOT_CALCULATED,False,False,P3_REMAINDER
2021-01-08_MIL_UTA,2021-01-08,MIL,UTA,UTA,13,NO_DIRECT_DELTA_IDENTIFIED,,,NOT_CALCULATED,False,False,P3_REMAINDER
2021-01-08_HOU_ORL,2021-01-08,HOU,ORL,HOU,42,NO_DIRECT_DELTA_IDENTIFIED,,,NOT_CALCULATED,False,False,P3_REMAINDER
2021-01-08_GSW_LAC,2021-01-08,GSW,LAC,GSW,10,TRANSACTION_DEPENDENCY,,GSW: Wiggins core/Hutchison supplemental asset unresolved,NOT_CALCULATED,False,False,P3_REMAINDER
2021-01-08_SAC_TOR,2021-01-08,SAC,TOR,TOR,21,NO_DIRECT_DELTA_IDENTIFIED,,,NOT_CALCULATED,False,False,P3_REMAINDER
2021-01-09_PHI_DEN,2021-01-09,PHI,DEN,DEN,12,DIRECT_ROSTER_CONTACT,DEN: 2020 Bey/Nnaji replace Nnaji/Hampton; Gordon package conditional,,NOT_CALCULATED,False,False,P3_REMAINDER
2021-01-09_CHA_ATL,2021-01-09,CHA,ATL,CHA,8,DIRECT_ROSTER_CONTACT,CHA: 2020 Edwards/Terry/center cascade,,NOT_CALCULATED,False,True,P2_BOUNDARY
2021-01-09_WAS_MIA,2021-01-09,WAS,MIA,MIA,4,DIRECT_ROSTER_CONTACT,WAS: Trent replaces Bonga; Brown retained after deadline,,NOT_CALCULATED,False,False,P3_REMAINDER
2021-01-09_IND_PHX,2021-01-09,IND,PHX,PHX,8,NO_DIRECT_DELTA_IDENTIFIED,,,NOT_CALCULATED,False,False,P3_REMAINDER
2021-01-09_MIL_CLE,2021-01-09,MIL,CLE,MIL,10,NO_DIRECT_DELTA_IDENTIFIED,,,NOT_CALCULATED,False,False,P3_REMAINDER
2021-01-09_MIN_SAS,2021-01-09,MIN,SAS,SAS,3,DIRECT_ROSTER_CONTACT,MIN: 2020 rival replaces Edwards,,NOT_CALCULATED,False,False,P3_REMAINDER
2021-01-09_DAL_ORL,2021-01-09,DAL,ORL,DAL,14,DIRECT_ROSTER_CONTACT,DAL: 2020 Hampton replaces Terry,,NOT_CALCULATED,False,False,P3_REMAINDER
2021-01-09_SAC_POR,2021-01-09,SAC,POR,POR,26,DIRECT_ROSTER_CONTACT,POR: Trent absent; Powell absent and Hood retained in working path,,NOT_CALCULATED,False,False,P3_REMAINDER
2021-01-10_DET_UTA,2021-01-10,DET,UTA,UTA,10,DIRECT_ROSTER_CONTACT,DET: 2020 Patrick/Kira replace Hayes/Bey,,NOT_CALCULATED,False,False,P3_REMAINDER
2021-01-10_BKN_OKC,2021-01-10,BKN,OKC,OKC,13,NO_DIRECT_DELTA_IDENTIFIED,,,NOT_CALCULATED,False,False,P3_REMAINDER
2021-01-10_NYK_DEN,2021-01-10,NYK,DEN,DEN,25,DIRECT_ROSTER_CONTACT,DEN: 2020 Bey/Nnaji replace Nnaji/Hampton; Gordon package conditional,,NOT_CALCULATED,False,False,P3_REMAINDER
2021-01-10_HOU_LAL,2021-01-10,HOU,LAL,LAL,18,TRANSACTION_DEPENDENCY,,LAL: AD upstream asset chain retained conditionally,NOT_CALCULATED,False,False,P3_REMAINDER
2021-01-10_MIN_SAS,2021-01-10,MIN,SAS,MIN,8,DIRECT_ROSTER_CONTACT,MIN: 2020 rival replaces Edwards,,NOT_CALCULATED,False,False,P3_REMAINDER
2021-01-10_GSW_TOR,2021-01-10,GSW,TOR,GSW,1,TRANSACTION_DEPENDENCY,,GSW: Wiggins core/Hutchison supplemental asset unresolved,NOT_CALCULATED,False,False,P3_REMAINDER
2021-01-11_WAS_PHX,2021-01-11,WAS,PHX,WAS,21,DIRECT_ROSTER_CONTACT,WAS: Trent replaces Bonga; Brown retained after deadline,,NOT_CALCULATED,False,True,P2_BOUNDARY
2021-01-11_CLE_MEM,2021-01-11,CLE,MEM,MEM,10,NO_DIRECT_DELTA_IDENTIFIED,,,NOT_CALCULATED,False,False,P3_REMAINDER
2021-01-11_CHA_NYK,2021-01-11,CHA,NYK,CHA,21,DIRECT_ROSTER_CONTACT,CHA: 2020 Edwards/Terry/center cascade,,NOT_CALCULATED,False,True,P2_BOUNDARY
2021-01-11_ORL_MIL,2021-01-11,ORL,MIL,MIL,22,NO_DIRECT_DELTA_IDENTIFIED,,,NOT_CALCULATED,False,False,P3_REMAINDER
2021-01-11_ATL_PHI,2021-01-11,ATL,PHI,ATL,18,NO_DIRECT_DELTA_IDENTIFIED,,,NOT_CALCULATED,False,False,P3_REMAINDER
2021-01-11_SAC_IND,2021-01-11,SAC,IND,SAC,5,NO_DIRECT_DELTA_IDENTIFIED,,,NOT_CALCULATED,False,False,P3_REMAINDER
2021-01-11_POR_TOR,2021-01-11,POR,TOR,POR,1,DIRECT_ROSTER_CONTACT,POR: Trent absent; Powell absent and Hood retained in working path,,NOT_CALCULATED,False,False,P3_REMAINDER
2021-01-12_PHI_MIA,2021-01-12,PHI,MIA,PHI,3,NO_DIRECT_DELTA_IDENTIFIED,,,NOT_CALCULATED,False,False,P3_REMAINDER
2021-01-12_CLE_UTA,2021-01-12,CLE,UTA,UTA,30,NO_DIRECT_DELTA_IDENTIFIED,,,NOT_CALCULATED,False,False,P3_REMAINDER
2021-01-12_BKN_DEN,2021-01-12,BKN,DEN,BKN,6,DIRECT_ROSTER_CONTACT,DEN: 2020 Bey/Nnaji replace Nnaji/Hampton; Gordon package conditional,,NOT_CALCULATED,False,False,P3_REMAINDER
2021-01-12_HOU_LAL,2021-01-12,HOU,LAL,LAL,17,TRANSACTION_DEPENDENCY,,LAL: AD upstream asset chain retained conditionally,NOT_CALCULATED,False,False,P3_REMAINDER
2021-01-12_OKC_SAS,2021-01-12,OKC,SAS,SAS,10,NO_DIRECT_DELTA_IDENTIFIED,,,NOT_CALCULATED,False,False,P3_REMAINDER
2021-01-12_GSW_IND,2021-01-12,GSW,IND,IND,9,TRANSACTION_DEPENDENCY,,GSW: Wiggins core/Hutchison supplemental asset unresolved,NOT_CALCULATED,False,True,P2_BOUNDARY
2021-01-13_CHA_DAL,2021-01-13,CHA,DAL,DAL,11,DIRECT_ROSTER_CONTACT,CHA: 2020 Edwards/Terry/center cascade|DAL: 2020 Hampton replaces Terry,,NOT_CALCULATED,False,True,P2_BOUNDARY
2021-01-13_DET_MIL,2021-01-13,DET,MIL,MIL,9,DIRECT_ROSTER_CONTACT,DET: 2020 Patrick/Kira replace Hayes/Bey,,NOT_CALCULATED,False,False,P3_REMAINDER
2021-01-13_NYK_BKN,2021-01-13,NYK,BKN,BKN,7,NO_DIRECT_DELTA_IDENTIFIED,,,NOT_CALCULATED,False,False,P3_REMAINDER
2021-01-13_MIN_MEM,2021-01-13,MIN,MEM,MEM,11,DIRECT_ROSTER_CONTACT,MIN: 2020 rival replaces Edwards,,NOT_CALCULATED,False,False,P3_REMAINDER
2021-01-13_OKC_LAL,2021-01-13,OKC,LAL,LAL,29,TRANSACTION_DEPENDENCY,,LAL: AD upstream asset chain retained conditionally,NOT_CALCULATED,False,False,P3_REMAINDER
2021-01-13_SAC_POR,2021-01-13,SAC,POR,POR,6,DIRECT_ROSTER_CONTACT,POR: Trent absent; Powell absent and Hood retained in working path,,NOT_CALCULATED,False,False,P3_REMAINDER
2021-01-13_LAC_NOP,2021-01-13,LAC,NOP,LAC,5,DIRECT_ROSTER_CONTACT,NOP: 2020 Hayes replaces Kira,,NOT_CALCULATED,False,False,P3_REMAINDER
2021-01-14_PHI_MIA,2021-01-14,PHI,MIA,PHI,17,NO_DIRECT_DELTA_IDENTIFIED,,,NOT_CALCULATED,False,False,P3_REMAINDER
2021-01-14_TOR_CHA,2021-01-14,TOR,CHA,TOR,3,DIRECT_ROSTER_CONTACT,CHA: 2020 Edwards/Terry/center cascade,,NOT_CALCULATED,False,True,P1_BOUNDARY
2021-01-14_SAS_HOU,2021-01-14,SAS,HOU,HOU,4,NO_DIRECT_DELTA_IDENTIFIED,,,NOT_CALCULATED,False,False,P3_REMAINDER
2021-01-14_DEN_GSW,2021-01-14,DEN,GSW,DEN,10,DIRECT_ROSTER_CONTACT,DEN: 2020 Bey/Nnaji replace Nnaji/Hampton; Gordon package conditional,GSW: Wiggins core/Hutchison supplemental asset unresolved,NOT_CALCULATED,False,False,P3_REMAINDER
2021-01-14_POR_IND,2021-01-14,POR,IND,IND,24,DIRECT_ROSTER_CONTACT,POR: Trent absent; Powell absent and Hood retained in working path,,NOT_CALCULATED,False,True,P2_BOUNDARY
2021-01-15_CLE_NYK,2021-01-15,CLE,NYK,CLE,3,NO_DIRECT_DELTA_IDENTIFIED,,,NOT_CALCULATED,False,False,P3_REMAINDER
2021-01-15_BOS_ORL,2021-01-15,BOS,ORL,BOS,27,NO_DIRECT_DELTA_IDENTIFIED,,,NOT_CALCULATED,False,False,P3_REMAINDER
2021-01-15_MIL_DAL,2021-01-15,MIL,DAL,MIL,3,DIRECT_ROSTER_CONTACT,DAL: 2020 Hampton replaces Terry,,NOT_CALCULATED,False,False,P3_REMAINDER
2021-01-15_UTA_ATL,2021-01-15,UTA,ATL,UTA,24,NO_DIRECT_DELTA_IDENTIFIED,,,NOT_CALCULATED,False,False,P3_REMAINDER
2021-01-15_SAC_LAC,2021-01-15,SAC,LAC,LAC,38,NO_DIRECT_DELTA_IDENTIFIED,,,NOT_CALCULATED,False,False,P3_REMAINDER
2021-01-15_LAL_NOP,2021-01-15,LAL,NOP,LAL,17,DIRECT_ROSTER_CONTACT,NOP: 2020 Hayes replaces Kira,LAL: AD upstream asset chain retained conditionally,NOT_CALCULATED,False,False,P3_REMAINDER
2021-01-16_SAS_HOU,2021-01-16,SAS,HOU,SAS,12,NO_DIRECT_DELTA_IDENTIFIED,,,NOT_CALCULATED,False,False,P3_REMAINDER
2021-01-16_BKN_ORL,2021-01-16,BKN,ORL,BKN,7,NO_DIRECT_DELTA_IDENTIFIED,,,NOT_CALCULATED,False,False,P3_REMAINDER
2021-01-16_TOR_CHA,2021-01-16,TOR,CHA,TOR,3,DIRECT_ROSTER_CONTACT,CHA: 2020 Edwards/Terry/center cascade,,NOT_CALCULATED,False,True,P1_BOUNDARY
2021-01-16_MEM_PHI,2021-01-16,MEM,PHI,MEM,2,NO_DIRECT_DELTA_IDENTIFIED,,,NOT_CALCULATED,False,False,P3_REMAINDER
2021-01-16_MIA_DET,2021-01-16,MIA,DET,DET,20,DIRECT_ROSTER_CONTACT,DET: 2020 Patrick/Kira replace Hayes/Bey,,NOT_CALCULATED,False,False,P3_REMAINDER
2021-01-16_POR_ATL,2021-01-16,POR,ATL,POR,6,DIRECT_ROSTER_CONTACT,POR: Trent absent; Powell absent and Hood retained in working path,,NOT_CALCULATED,False,False,P3_REMAINDER
2021-01-17_BOS_NYK,2021-01-17,BOS,NYK,NYK,30,NO_DIRECT_DELTA_IDENTIFIED,,,NOT_CALCULATED,False,False,P3_REMAINDER
2021-01-17_DEN_UTA,2021-01-17,DEN,UTA,UTA,4,DIRECT_ROSTER_CONTACT,DEN: 2020 Bey/Nnaji replace Nnaji/Hampton; Gordon package conditional,,NOT_CALCULATED,False,False,P3_REMAINDER
2021-01-17_SAC_NOP,2021-01-17,SAC,NOP,NOP,5,DIRECT_ROSTER_CONTACT,NOP: 2020 Hayes replaces Kira,,NOT_CALCULATED,False,False,P3_REMAINDER
2021-01-17_LAC_IND,2021-01-17,LAC,IND,LAC,33,NO_DIRECT_DELTA_IDENTIFIED,,,NOT_CALCULATED,False,False,P3_REMAINDER
2021-01-18_NYK_ORL,2021-01-18,NYK,ORL,NYK,7,NO_DIRECT_DELTA_IDENTIFIED,,,NOT_CALCULATED,False,False,P3_REMAINDER
2021-01-18_ATL_MIN,2021-01-18,ATL,MIN,ATL,11,DIRECT_ROSTER_CONTACT,MIN: 2020 rival replaces Edwards,,NOT_CALCULATED,False,False,P3_REMAINDER
2021-01-18_POR_SAS,2021-01-18,POR,SAS,SAS,21,DIRECT_ROSTER_CONTACT,POR: Trent absent; Powell absent and Hood retained in working path,,NOT_CALCULATED,False,False,P3_REMAINDER
2021-01-18_MEM_PHX,2021-01-18,MEM,PHX,MEM,4,NO_DIRECT_DELTA_IDENTIFIED,,,NOT_CALCULATED,False,False,P3_REMAINDER
2021-01-18_BKN_MIL,2021-01-18,BKN,MIL,BKN,2,NO_DIRECT_DELTA_IDENTIFIED,,,NOT_CALCULATED,False,False,P3_REMAINDER
2021-01-18_TOR_DAL,2021-01-18,TOR,DAL,TOR,23,DIRECT_ROSTER_CONTACT,DAL: 2020 Hampton replaces Terry,,NOT_CALCULATED,False,False,P3_REMAINDER
2021-01-18_MIA_DET,2021-01-18,MIA,DET,MIA,6,DIRECT_ROSTER_CONTACT,DET: 2020 Patrick/Kira replace Hayes/Bey,,NOT_CALCULATED,False,False,P3_REMAINDER
2021-01-18_LAL_GSW,2021-01-18,LAL,GSW,GSW,2,TRANSACTION_DEPENDENCY,,LAL: AD upstream asset chain retained conditionally|GSW: Wiggins core/Hutchison supplemental asset unresolved,NOT_CALCULATED,False,False,P3_REMAINDER
2021-01-19_UTA_NOP,2021-01-19,UTA,NOP,UTA,16,DIRECT_ROSTER_CONTACT,NOP: 2020 Hayes replaces Kira,,NOT_CALCULATED,False,False,P3_REMAINDER
2021-01-19_DEN_OKC,2021-01-19,DEN,OKC,DEN,18,DIRECT_ROSTER_CONTACT,DEN: 2020 Bey/Nnaji replace Nnaji/Hampton; Gordon package conditional,,NOT_CALCULATED,False,False,P3_REMAINDER
2021-01-20_CLE_BKN,2021-01-20,CLE,BKN,CLE,12,NO_DIRECT_DELTA_IDENTIFIED,,,NOT_CALCULATED,False,False,P3_REMAINDER
2021-01-20_PHI_BOS,2021-01-20,PHI,BOS,PHI,8,NO_DIRECT_DELTA_IDENTIFIED,,,NOT_CALCULATED,False,False,P3_REMAINDER
2021-01-20_IND_DAL,2021-01-20,IND,DAL,DAL,12,DIRECT_ROSTER_CONTACT,DAL: 2020 Hampton replaces Terry,,NOT_CALCULATED,False,False,P3_REMAINDER
2021-01-20_TOR_MIA,2021-01-20,TOR,MIA,MIA,9,NO_DIRECT_DELTA_IDENTIFIED,,,NOT_CALCULATED,False,False,P3_REMAINDER
2021-01-20_ATL_DET,2021-01-20,ATL,DET,ATL,8,DIRECT_ROSTER_CONTACT,DET: 2020 Patrick/Kira replace Hayes/Bey,,NOT_CALCULATED,False,False,P3_REMAINDER
2021-01-20_MIN_ORL,2021-01-20,MIN,ORL,ORL,1,DIRECT_ROSTER_CONTACT,MIN: 2020 rival replaces Edwards,,NOT_CALCULATED,False,False,P3_REMAINDER
2021-01-20_HOU_PHX,2021-01-20,HOU,PHX,PHX,6,NO_DIRECT_DELTA_IDENTIFIED,,,NOT_CALCULATED,False,False,P3_REMAINDER
2021-01-20_LAC_SAC,2021-01-20,LAC,SAC,LAC,19,NO_DIRECT_DELTA_IDENTIFIED,,,NOT_CALCULATED,False,False,P3_REMAINDER
2021-01-20_GSW_SAS,2021-01-20,GSW,SAS,GSW,22,TRANSACTION_DEPENDENCY,,GSW: Wiggins core/Hutchison supplemental asset unresolved,NOT_CALCULATED,False,False,P3_REMAINDER
2021-01-21_MIL_LAL,2021-01-21,MIL,LAL,LAL,7,TRANSACTION_DEPENDENCY,,LAL: AD upstream asset chain retained conditionally,NOT_CALCULATED,False,False,P3_REMAINDER
2021-01-21_GSW_NYK,2021-01-21,GSW,NYK,NYK,15,TRANSACTION_DEPENDENCY,,GSW: Wiggins core/Hutchison supplemental asset unresolved,NOT_CALCULATED,False,False,P3_REMAINDER
2021-01-21_UTA_NOP,2021-01-21,UTA,NOP,UTA,11,DIRECT_ROSTER_CONTACT,NOP: 2020 Hayes replaces Kira,,NOT_CALCULATED,False,False,P3_REMAINDER
2021-01-22_IND_ORL,2021-01-22,IND,ORL,IND,2,NO_DIRECT_DELTA_IDENTIFIED,,,NOT_CALCULATED,False,True,P1_BOUNDARY
2021-01-22_DET_HOU,2021-01-22,DET,HOU,HOU,1,DIRECT_ROSTER_CONTACT,DET: 2020 Patrick/Kira replace Hayes/Bey,,NOT_CALCULATED,False,False,P3_REMAINDER
2021-01-22_PHI_BOS,2021-01-22,PHI,BOS,PHI,12,NO_DIRECT_DELTA_IDENTIFIED,,,NOT_CALCULATED,False,False,P3_REMAINDER
2021-01-22_TOR_MIA,2021-01-22,TOR,MIA,TOR,20,NO_DIRECT_DELTA_IDENTIFIED,,,NOT_CALCULATED,False,False,P3_REMAINDER
2021-01-22_CLE_BKN,2021-01-22,CLE,BKN,CLE,12,NO_DIRECT_DELTA_IDENTIFIED,,,NOT_CALCULATED,False,False,P3_REMAINDER
2021-01-22_MIN_ATL,2021-01-22,MIN,ATL,ATL,18,DIRECT_ROSTER_CONTACT,MIN: 2020 rival replaces Edwards,,NOT_CALCULATED,False,False,P3_REMAINDER
2021-01-22_SAS_DAL,2021-01-22,SAS,DAL,DAL,5,DIRECT_ROSTER_CONTACT,DAL: 2020 Hampton replaces Terry,,NOT_CALCULATED,False,False,P3_REMAINDER
2021-01-22_SAC_NYK,2021-01-22,SAC,NYK,SAC,9,NO_DIRECT_DELTA_IDENTIFIED,,,NOT_CALCULATED,False,False,P3_REMAINDER
2021-01-22_PHX_DEN,2021-01-22,PHX,DEN,DEN,4,DIRECT_ROSTER_CONTACT,DEN: 2020 Bey/Nnaji replace Nnaji/Hampton; Gordon package conditional,,NOT_CALCULATED,False,False,P3_REMAINDER
2021-01-22_LAC_OKC,2021-01-22,LAC,OKC,LAC,14,NO_DIRECT_DELTA_IDENTIFIED,,,NOT_CALCULATED,False,False,P3_REMAINDER
2021-01-23_DET_PHI,2021-01-23,DET,PHI,PHI,4,DIRECT_ROSTER_CONTACT,DET: 2020 Patrick/Kira replace Hayes/Bey,,NOT_CALCULATED,False,False,P3_REMAINDER
2021-01-23_MIN_NOP,2021-01-23,MIN,NOP,MIN,10,DIRECT_ROSTER_CONTACT,MIN: 2020 rival replaces Edwards|NOP: 2020 Hayes replaces Kira,,NOT_CALCULATED,False,False,P3_REMAINDER
2021-01-23_BKN_MIA,2021-01-23,BKN,MIA,BKN,4,NO_DIRECT_DELTA_IDENTIFIED,,,NOT_CALCULATED,False,False,P3_REMAINDER
2021-01-23_PHX_DEN,2021-01-23,PHX,DEN,DEN,8,DIRECT_ROSTER_CONTACT,DEN: 2020 Bey/Nnaji replace Nnaji/Hampton; Gordon package conditional,,NOT_CALCULATED,False,False,P3_REMAINDER
2021-01-23_UTA_GSW,2021-01-23,UTA,GSW,UTA,19,TRANSACTION_DEPENDENCY,,GSW: Wiggins core/Hutchison supplemental asset unresolved,NOT_CALCULATED,False,False,P3_REMAINDER
2021-01-23_DAL_HOU,2021-01-23,DAL,HOU,HOU,25,DIRECT_ROSTER_CONTACT,DAL: 2020 Hampton replaces Terry,,NOT_CALCULATED,False,False,P3_REMAINDER
2021-01-24_IND_TOR,2021-01-24,IND,TOR,TOR,5,NO_DIRECT_DELTA_IDENTIFIED,,,NOT_CALCULATED,False,False,P3_REMAINDER
2021-01-24_LAC_OKC,2021-01-24,LAC,OKC,LAC,8,NO_DIRECT_DELTA_IDENTIFIED,,,NOT_CALCULATED,False,False,P3_REMAINDER
2021-01-24_BOS_CLE,2021-01-24,BOS,CLE,BOS,38,NO_DIRECT_DELTA_IDENTIFIED,,,NOT_CALCULATED,False,False,P3_REMAINDER
2021-01-24_ORL_CHA,2021-01-24,ORL,CHA,CHA,3,DIRECT_ROSTER_CONTACT,CHA: 2020 Edwards/Terry/center cascade,,NOT_CALCULATED,False,True,P1_BOUNDARY
2021-01-24_SAS_WAS,2021-01-24,SAS,WAS,SAS,20,DIRECT_ROSTER_CONTACT,WAS: Trent replaces Bonga; Brown retained after deadline,,NOT_CALCULATED,False,False,P3_REMAINDER
2021-01-24_MIL_ATL,2021-01-24,MIL,ATL,MIL,14,NO_DIRECT_DELTA_IDENTIFIED,,,NOT_CALCULATED,False,False,P3_REMAINDER
2021-01-24_POR_NYK,2021-01-24,POR,NYK,POR,3,DIRECT_ROSTER_CONTACT,POR: Trent absent; Powell absent and Hood retained in working path,,NOT_CALCULATED,False,False,P3_REMAINDER
2021-01-25_ORL_CHA,2021-01-25,ORL,CHA,ORL,9,DIRECT_ROSTER_CONTACT,CHA: 2020 Edwards/Terry/center cascade,,NOT_CALCULATED,False,True,P2_BOUNDARY
2021-01-25_IND_TOR,2021-01-25,IND,TOR,IND,15,NO_DIRECT_DELTA_IDENTIFIED,,,NOT_CALCULATED,False,True,P2_BOUNDARY
2021-01-25_DET_PHI,2021-01-25,DET,PHI,DET,15,DIRECT_ROSTER_CONTACT,DET: 2020 Patrick/Kira replace Hayes/Bey,,NOT_CALCULATED,False,False,P3_REMAINDER
2021-01-25_BKN_MIA,2021-01-25,BKN,MIA,BKN,13,NO_DIRECT_DELTA_IDENTIFIED,,,NOT_CALCULATED,False,False,P3_REMAINDER
2021-01-25_CLE_LAL,2021-01-25,CLE,LAL,LAL,7,TRANSACTION_DEPENDENCY,,LAL: AD upstream asset chain retained conditionally,NOT_CALCULATED,False,False,P3_REMAINDER
2021-01-25_DAL_DEN,2021-01-25,DAL,DEN,DEN,4,DIRECT_ROSTER_CONTACT,DAL: 2020 Hampton replaces Terry|DEN: 2020 Bey/Nnaji replace Nnaji/Hampton; Gordon package conditional,,NOT_CALCULATED,False,False,P3_REMAINDER
2021-01-25_GSW_MIN,2021-01-25,GSW,MIN,GSW,22,DIRECT_ROSTER_CONTACT,MIN: 2020 rival replaces Edwards,GSW: Wiggins core/Hutchison supplemental asset unresolved,NOT_CALCULATED,False,False,P3_REMAINDER
2021-01-25_POR_OKC,2021-01-25,POR,OKC,OKC,3,DIRECT_ROSTER_CONTACT,POR: Trent absent; Powell absent and Hood retained in working path,,NOT_CALCULATED,False,False,P3_REMAINDER
2021-01-26_ATL_LAC,2021-01-26,ATL,LAC,ATL,9,NO_DIRECT_DELTA_IDENTIFIED,,,NOT_CALCULATED,False,False,P3_REMAINDER
2021-01-26_HOU_WAS,2021-01-26,HOU,WAS,HOU,19,DIRECT_ROSTER_CONTACT,WAS: Trent replaces Bonga; Brown retained after deadline,,NOT_CALCULATED,False,False,P3_REMAINDER
2021-01-26_UTA_NYK,2021-01-26,UTA,NYK,UTA,14,NO_DIRECT_DELTA_IDENTIFIED,,,NOT_CALCULATED,False,False,P3_REMAINDER
2021-01-27_ORL_SAC,2021-01-27,ORL,SAC,SAC,14,NO_DIRECT_DELTA_IDENTIFIED,,,NOT_CALCULATED,False,False,P3_REMAINDER
2021-01-27_CLE_DET,2021-01-27,CLE,DET,CLE,15,DIRECT_ROSTER_CONTACT,DET: 2020 Patrick/Kira replace Hayes/Bey,,NOT_CALCULATED,False,False,P3_REMAINDER
2021-01-27_CHA_IND,2021-01-27,CHA,IND,IND,10,DIRECT_ROSTER_CONTACT,CHA: 2020 Edwards/Terry/center cascade,,NOT_CALCULATED,False,False,P3_REMAINDER
2021-01-27_ATL_BKN,2021-01-27,ATL,BKN,BKN,4,NO_DIRECT_DELTA_IDENTIFIED,,,NOT_CALCULATED,False,False,P3_REMAINDER
2021-01-27_TOR_MIL,2021-01-27,TOR,MIL,MIL,7,NO_DIRECT_DELTA_IDENTIFIED,,,NOT_CALCULATED,False,False,P3_REMAINDER
2021-01-27_PHI_LAL,2021-01-27,PHI,LAL,PHI,1,TRANSACTION_DEPENDENCY,,LAL: AD upstream asset chain retained conditionally,NOT_CALCULATED,False,False,P3_REMAINDER
2021-01-27_MIA_DEN,2021-01-27,MIA,DEN,DEN,27,DIRECT_ROSTER_CONTACT,DEN: 2020 Bey/Nnaji replace Nnaji/Hampton; Gordon package conditional,,NOT_CALCULATED,False,False,P3_REMAINDER
2021-01-27_SAS_BOS,2021-01-27,SAS,BOS,SAS,4,NO_DIRECT_DELTA_IDENTIFIED,,,NOT_CALCULATED,False,False,P3_REMAINDER
2021-01-27_NOP_WAS,2021-01-27,NOP,WAS,NOP,18,DIRECT_ROSTER_CONTACT,NOP: 2020 Hayes replaces Kira|WAS: Trent replaces Bonga; Brown retained after deadline,,NOT_CALCULATED,False,False,P3_REMAINDER
2021-01-27_UTA_DAL,2021-01-27,UTA,DAL,UTA,12,DIRECT_ROSTER_CONTACT,DAL: 2020 Hampton replaces Terry,,NOT_CALCULATED,False,False,P3_REMAINDER
2021-01-27_PHX_OKC,2021-01-27,PHX,OKC,OKC,5,NO_DIRECT_DELTA_IDENTIFIED,,,NOT_CALCULATED,False,False,P3_REMAINDER
2021-01-27_GSW_MIN,2021-01-27,GSW,MIN,GSW,12,DIRECT_ROSTER_CONTACT,MIN: 2020 rival replaces Edwards,GSW: Wiggins core/Hutchison supplemental asset unresolved,NOT_CALCULATED,False,False,P3_REMAINDER
2021-01-28_HOU_POR,2021-01-28,HOU,POR,HOU,3,DIRECT_ROSTER_CONTACT,POR: Trent absent; Powell absent and Hood retained in working path,,NOT_CALCULATED,False,False,P3_REMAINDER
2021-01-28_MIA_LAC,2021-01-28,MIA,LAC,LAC,4,NO_DIRECT_DELTA_IDENTIFIED,,,NOT_CALCULATED,False,False,P3_REMAINDER
2021-01-28_DET_LAL,2021-01-28,DET,LAL,DET,15,DIRECT_ROSTER_CONTACT,DET: 2020 Patrick/Kira replace Hayes/Bey,LAL: AD upstream asset chain retained conditionally,NOT_CALCULATED,False,False,P3_REMAINDER
2021-01-28_PHX_GSW,2021-01-28,PHX,GSW,PHX,21,TRANSACTION_DEPENDENCY,,GSW: Wiggins core/Hutchison supplemental asset unresolved,NOT_CALCULATED,False,False,P3_REMAINDER
2021-01-29_WAS_ATL,2021-01-29,WAS,ATL,ATL,16,DIRECT_ROSTER_CONTACT,WAS: Trent replaces Bonga; Brown retained after deadline,,NOT_CALCULATED,False,False,P3_REMAINDER
2021-01-29_CHA_IND,2021-01-29,CHA,IND,CHA,3,DIRECT_ROSTER_CONTACT,CHA: 2020 Edwards/Terry/center cascade,,NOT_CALCULATED,False,True,P1_BOUNDARY
2021-01-29_NOP_MIL,2021-01-29,NOP,MIL,NOP,5,DIRECT_ROSTER_CONTACT,NOP: 2020 Hayes replaces Kira,,NOT_CALCULATED,False,False,P3_REMAINDER
2021-01-29_NYK_CLE,2021-01-29,NYK,CLE,NYK,21,NO_DIRECT_DELTA_IDENTIFIED,,,NOT_CALCULATED,False,False,P3_REMAINDER
2021-01-29_TOR_SAC,2021-01-29,TOR,SAC,SAC,2,NO_DIRECT_DELTA_IDENTIFIED,,,NOT_CALCULATED,False,False,P3_REMAINDER
2021-01-29_MIN_PHI,2021-01-29,MIN,PHI,PHI,24,DIRECT_ROSTER_CONTACT,MIN: 2020 rival replaces Edwards,,NOT_CALCULATED,False,False,P3_REMAINDER
2021-01-29_ORL_LAC,2021-01-29,ORL,LAC,LAC,26,NO_DIRECT_DELTA_IDENTIFIED,,,NOT_CALCULATED,False,False,P3_REMAINDER
2021-01-29_OKC_BKN,2021-01-29,OKC,BKN,BKN,22,NO_DIRECT_DELTA_IDENTIFIED,,,NOT_CALCULATED,False,False,P3_REMAINDER
2021-01-29_SAS_DEN,2021-01-29,SAS,DEN,SAS,10,DIRECT_ROSTER_CONTACT,DEN: 2020 Bey/Nnaji replace Nnaji/Hampton; Gordon package conditional,,NOT_CALCULATED,False,False,P3_REMAINDER
2021-01-29_UTA_DAL,2021-01-29,UTA,DAL,UTA,19,DIRECT_ROSTER_CONTACT,DAL: 2020 Hampton replaces Terry,,NOT_CALCULATED,False,False,P3_REMAINDER
2021-01-30_NOP_HOU,2021-01-30,NOP,HOU,HOU,14,DIRECT_ROSTER_CONTACT,NOP: 2020 Hayes replaces Kira,,NOT_CALCULATED,False,False,P3_REMAINDER
2021-01-30_MIA_SAC,2021-01-30,MIA,SAC,MIA,1,NO_DIRECT_DELTA_IDENTIFIED,,,NOT_CALCULATED,False,False,P3_REMAINDER
2021-01-30_CHA_MIL,2021-01-30,CHA,MIL,CHA,12,DIRECT_ROSTER_CONTACT,CHA: 2020 Edwards/Terry/center cascade,,NOT_CALCULATED,False,True,P2_BOUNDARY
2021-01-30_BOS_LAL,2021-01-30,BOS,LAL,LAL,1,TRANSACTION_DEPENDENCY,,LAL: AD upstream asset chain retained conditionally,NOT_CALCULATED,False,False,P3_REMAINDER
2021-01-30_SAS_MEM,2021-01-30,SAS,MEM,MEM,17,NO_DIRECT_DELTA_IDENTIFIED,,,NOT_CALCULATED,False,False,P3_REMAINDER
2021-01-30_DAL_PHX,2021-01-30,DAL,PHX,PHX,6,DIRECT_ROSTER_CONTACT,DAL: 2020 Hampton replaces Terry,,NOT_CALCULATED,False,False,P3_REMAINDER
2021-01-30_GSW_DET,2021-01-30,GSW,DET,GSW,27,DIRECT_ROSTER_CONTACT,DET: 2020 Patrick/Kira replace Hayes/Bey,GSW: Wiggins core/Hutchison supplemental asset unresolved,NOT_CALCULATED,False,False,P3_REMAINDER
2021-01-31_NYK_LAC,2021-01-31,NYK,LAC,LAC,14,NO_DIRECT_DELTA_IDENTIFIED,,,NOT_CALCULATED,False,False,P3_REMAINDER
2021-01-31_DEN_UTA,2021-01-31,DEN,UTA,DEN,11,DIRECT_ROSTER_CONTACT,DEN: 2020 Bey/Nnaji replace Nnaji/Hampton; Gordon package conditional,,NOT_CALCULATED,False,False,P3_REMAINDER
2021-01-31_WAS_BKN,2021-01-31,WAS,BKN,WAS,3,DIRECT_ROSTER_CONTACT,WAS: Trent replaces Bonga; Brown retained after deadline,,NOT_CALCULATED,False,True,P1_BOUNDARY
2021-01-31_TOR_ORL,2021-01-31,TOR,ORL,TOR,13,NO_DIRECT_DELTA_IDENTIFIED,,,NOT_CALCULATED,False,False,P3_REMAINDER
2021-01-31_IND_PHI,2021-01-31,IND,PHI,PHI,9,NO_DIRECT_DELTA_IDENTIFIED,,,NOT_CALCULATED,False,False,P3_REMAINDER
2021-01-31_MIN_CLE,2021-01-31,MIN,CLE,MIN,5,DIRECT_ROSTER_CONTACT,MIN: 2020 rival replaces Edwards,,NOT_CALCULATED,False,False,P3_REMAINDER
2021-02-01_ATL_LAL,2021-02-01,ATL,LAL,LAL,8,TRANSACTION_DEPENDENCY,,LAL: AD upstream asset chain retained conditionally,NOT_CALCULATED,False,False,P3_REMAINDER
2021-02-01_MIA_CHA,2021-02-01,MIA,CHA,CHA,8,DIRECT_ROSTER_CONTACT,CHA: 2020 Edwards/Terry/center cascade,,NOT_CALCULATED,False,True,P2_BOUNDARY
2021-02-01_NOP_SAC,2021-02-01,NOP,SAC,SAC,9,DIRECT_ROSTER_CONTACT,NOP: 2020 Hayes replaces Kira,,NOT_CALCULATED,False,False,P3_REMAINDER
2021-02-01_MIL_POR,2021-02-01,MIL,POR,MIL,28,DIRECT_ROSTER_CONTACT,POR: Trent absent; Powell absent and Hood retained in working path,,NOT_CALCULATED,False,False,P3_REMAINDER
2021-02-01_OKC_HOU,2021-02-01,OKC,HOU,HOU,30,NO_DIRECT_DELTA_IDENTIFIED,,,NOT_CALCULATED,False,False,P3_REMAINDER
2021-02-01_CLE_MIN,2021-02-01,CLE,MIN,CLE,2,DIRECT_ROSTER_CONTACT,MIN: 2020 rival replaces Edwards,,NOT_CALCULATED,False,False,P3_REMAINDER
2021-02-01_SAS_MEM,2021-02-01,SAS,MEM,MEM,31,NO_DIRECT_DELTA_IDENTIFIED,,,NOT_CALCULATED,False,False,P3_REMAINDER
2021-02-01_DAL_PHX,2021-02-01,DAL,PHX,PHX,1,DIRECT_ROSTER_CONTACT,DAL: 2020 Hampton replaces Terry,,NOT_CALCULATED,False,False,P3_REMAINDER
2021-02-02_ORL_TOR,2021-02-02,ORL,TOR,TOR,15,NO_DIRECT_DELTA_IDENTIFIED,,,NOT_CALCULATED,False,False,P3_REMAINDER
2021-02-02_BKN_LAC,2021-02-02,BKN,LAC,BKN,4,NO_DIRECT_DELTA_IDENTIFIED,,,NOT_CALCULATED,False,False,P3_REMAINDER
2021-02-02_WAS_POR,2021-02-02,WAS,POR,POR,11,DIRECT_ROSTER_CONTACT,WAS: Trent replaces Bonga; Brown retained after deadline|POR: Trent absent; Powell absent and Hood retained in working path,,NOT_CALCULATED,False,False,P3_REMAINDER
2021-02-02_IND_MEM,2021-02-02,IND,MEM,IND,18,NO_DIRECT_DELTA_IDENTIFIED,,,NOT_CALCULATED,False,True,P2_BOUNDARY
2021-02-02_GSW_BOS,2021-02-02,GSW,BOS,BOS,4,TRANSACTION_DEPENDENCY,,GSW: Wiggins core/Hutchison supplemental asset unresolved,NOT_CALCULATED,False,False,P3_REMAINDER
2021-02-02_UTA_DET,2021-02-02,UTA,DET,UTA,12,DIRECT_ROSTER_CONTACT,DET: 2020 Patrick/Kira replace Hayes/Bey,,NOT_CALCULATED,False,False,P3_REMAINDER
2021-02-03_MIL_IND,2021-02-03,MIL,IND,MIL,20,NO_DIRECT_DELTA_IDENTIFIED,,,NOT_CALCULATED,False,False,P3_REMAINDER
2021-02-03_CHA_PHI,2021-02-03,CHA,PHI,PHI,7,DIRECT_ROSTER_CONTACT,CHA: 2020 Edwards/Terry/center cascade,,NOT_CALCULATED,False,True,P2_BOUNDARY
2021-02-03_ATL_DAL,2021-02-03,ATL,DAL,DAL,6,DIRECT_ROSTER_CONTACT,DAL: 2020 Hampton replaces Terry,,NOT_CALCULATED,False,False,P3_REMAINDER
2021-02-03_MIA_WAS,2021-02-03,MIA,WAS,WAS,3,DIRECT_ROSTER_CONTACT,WAS: Trent replaces Bonga; Brown retained after deadline,,NOT_CALCULATED,False,True,P1_BOUNDARY
2021-02-03_CLE_LAC,2021-02-03,CLE,LAC,LAC,22,NO_DIRECT_DELTA_IDENTIFIED,,,NOT_CALCULATED,False,False,P3_REMAINDER
2021-02-03_OKC_HOU,2021-02-03,OKC,HOU,OKC,17,NO_DIRECT_DELTA_IDENTIFIED,,,NOT_CALCULATED,False,False,P3_REMAINDER
2021-02-03_SAS_MIN,2021-02-03,SAS,MIN,SAS,3,DIRECT_ROSTER_CONTACT,MIN: 2020 rival replaces Edwards,,NOT_CALCULATED,False,False,P3_REMAINDER
2021-02-03_NOP_PHX,2021-02-03,NOP,PHX,NOP,22,DIRECT_ROSTER_CONTACT,NOP: 2020 Hayes replaces Kira,,NOT_CALCULATED,False,False,P3_REMAINDER
2021-02-03_SAC_BOS,2021-02-03,SAC,BOS,SAC,5,NO_DIRECT_DELTA_IDENTIFIED,,,NOT_CALCULATED,False,False,P3_REMAINDER
2021-02-04_ATL_UTA,2021-02-04,ATL,UTA,UTA,21,NO_DIRECT_DELTA_IDENTIFIED,,,NOT_CALCULATED,False,False,P3_REMAINDER
2021-02-04_DAL_GSW,2021-02-04,DAL,GSW,GSW,31,DIRECT_ROSTER_CONTACT,DAL: 2020 Hampton replaces Terry,GSW: Wiggins core/Hutchison supplemental asset unresolved,NOT_CALCULATED,False,False,P3_REMAINDER
2021-02-04_PHI_POR,2021-02-04,PHI,POR,POR,16,DIRECT_ROSTER_CONTACT,POR: Trent absent; Powell absent and Hood retained in working path,,NOT_CALCULATED,False,False,P3_REMAINDER
2021-02-04_MEM_HOU,2021-02-04,MEM,HOU,HOU,12,NO_DIRECT_DELTA_IDENTIFIED,,,NOT_CALCULATED,False,False,P3_REMAINDER
2021-02-04_LAL_DEN,2021-02-04,LAL,DEN,LAL,21,DIRECT_ROSTER_CONTACT,DEN: 2020 Bey/Nnaji replace Nnaji/Hampton; Gordon package conditional,LAL: AD upstream asset chain retained conditionally,NOT_CALCULATED,False,False,P3_REMAINDER
2021-02-05_IND_NOP,2021-02-05,IND,NOP,NOP,1,DIRECT_ROSTER_CONTACT,NOP: 2020 Hayes replaces Kira,,NOT_CALCULATED,False,False,P3_REMAINDER
2021-02-05_CLE_MIL,2021-02-05,CLE,MIL,MIL,18,NO_DIRECT_DELTA_IDENTIFIED,,,NOT_CALCULATED,False,False,P3_REMAINDER
2021-02-05_BKN_TOR,2021-02-05,BKN,TOR,TOR,6,NO_DIRECT_DELTA_IDENTIFIED,,,NOT_CALCULATED,False,False,P3_REMAINDER
2021-02-05_CHA_UTA,2021-02-05,CHA,UTA,UTA,17,DIRECT_ROSTER_CONTACT,CHA: 2020 Edwards/Terry/center cascade,,NOT_CALCULATED,False,True,P2_BOUNDARY
2021-02-05_MIA_WAS,2021-02-05,MIA,WAS,MIA,27,DIRECT_ROSTER_CONTACT,WAS: Trent replaces Bonga; Brown retained after deadline,,NOT_CALCULATED,False,False,P3_REMAINDER
2021-02-05_OKC_MIN,2021-02-05,OKC,MIN,MIN,3,DIRECT_ROSTER_CONTACT,MIN: 2020 rival replaces Edwards,,NOT_CALCULATED,False,False,P3_REMAINDER
2021-02-05_PHX_DET,2021-02-05,PHX,DET,PHX,17,DIRECT_ROSTER_CONTACT,DET: 2020 Patrick/Kira replace Hayes/Bey,,NOT_CALCULATED,False,False,P3_REMAINDER
2021-02-05_LAC_BOS,2021-02-05,LAC,BOS,BOS,4,NO_DIRECT_DELTA_IDENTIFIED,,,NOT_CALCULATED,False,False,P3_REMAINDER
2021-02-06_NYK_POR,2021-02-06,NYK,POR,NYK,11,DIRECT_ROSTER_CONTACT,POR: Trent absent; Powell absent and Hood retained in working path,,NOT_CALCULATED,False,False,P3_REMAINDER
2021-02-06_SAC_DEN,2021-02-06,SAC,DEN,SAC,5,DIRECT_ROSTER_CONTACT,DEN: 2020 Bey/Nnaji replace Nnaji/Hampton; Gordon package conditional,,NOT_CALCULATED,False,False,P3_REMAINDER
2021-02-06_HOU_SAS,2021-02-06,HOU,SAS,SAS,5,NO_DIRECT_DELTA_IDENTIFIED,,,NOT_CALCULATED,False,False,P3_REMAINDER
2021-02-06_CLE_MIL,2021-02-06,CLE,MIL,MIL,25,NO_DIRECT_DELTA_IDENTIFIED,,,NOT_CALCULATED,False,False,P3_REMAINDER
2021-02-06_ATL_TOR,2021-02-06,ATL,TOR,ATL,11,NO_DIRECT_DELTA_IDENTIFIED,,,NOT_CALCULATED,False,False,P3_REMAINDER
2021-02-06_PHI_BKN,2021-02-06,PHI,BKN,PHI,16,NO_DIRECT_DELTA_IDENTIFIED,,,NOT_CALCULATED,False,False,P3_REMAINDER
2021-02-06_OKC_MIN,2021-02-06,OKC,MIN,OKC,2,DIRECT_ROSTER_CONTACT,MIN: 2020 rival replaces Edwards,,NOT_CALCULATED,False,False,P3_REMAINDER
2021-02-06_DAL_GSW,2021-02-06,DAL,GSW,DAL,2,DIRECT_ROSTER_CONTACT,DAL: 2020 Hampton replaces Terry,GSW: Wiggins core/Hutchison supplemental asset unresolved,NOT_CALCULATED,False,False,P3_REMAINDER
2021-02-06_NOP_MEM,2021-02-06,NOP,MEM,NOP,9,DIRECT_ROSTER_CONTACT,NOP: 2020 Hayes replaces Kira,,NOT_CALCULATED,False,False,P3_REMAINDER
2021-02-06_LAL_DET,2021-02-06,LAL,DET,LAL,6,DIRECT_ROSTER_CONTACT,DET: 2020 Patrick/Kira replace Hayes/Bey,LAL: AD upstream asset chain retained conditionally,NOT_CALCULATED,False,False,P3_REMAINDER
2021-02-07_CHA_WAS,2021-02-07,CHA,WAS,CHA,22,DIRECT_ROSTER_CONTACT,CHA: 2020 Edwards/Terry/center cascade|WAS: Trent replaces Bonga; Brown retained after deadline,,NOT_CALCULATED,False,True,P2_BOUNDARY
2021-02-07_NYK_MIA,2021-02-07,NYK,MIA,MIA,6,NO_DIRECT_DELTA_IDENTIFIED,,,NOT_CALCULATED,False,False,P3_REMAINDER
2021-02-07_IND_UTA,2021-02-07,IND,UTA,UTA,8,NO_DIRECT_DELTA_IDENTIFIED,,,NOT_CALCULATED,False,False,P3_REMAINDER
2021-02-07_PHX_BOS,2021-02-07,PHX,BOS,PHX,9,NO_DIRECT_DELTA_IDENTIFIED,,,NOT_CALCULATED,False,False,P3_REMAINDER
2021-02-07_LAC_SAC,2021-02-07,LAC,SAC,SAC,3,NO_DIRECT_DELTA_IDENTIFIED,,,NOT_CALCULATED,False,False,P3_REMAINDER
2021-02-08_CHA_HOU,2021-02-08,CHA,HOU,CHA,25,DIRECT_ROSTER_CONTACT,CHA: 2020 Edwards/Terry/center cascade,,NOT_CALCULATED,False,True,P2_BOUNDARY
2021-02-08_MEM_TOR,2021-02-08,MEM,TOR,TOR,15,NO_DIRECT_DELTA_IDENTIFIED,,,NOT_CALCULATED,False,False,P3_REMAINDER
2021-02-08_SAS_GSW,2021-02-08,SAS,GSW,SAS,5,TRANSACTION_DEPENDENCY,,GSW: Wiggins core/Hutchison supplemental asset unresolved,NOT_CALCULATED,False,False,P3_REMAINDER
2021-02-08_DAL_MIN,2021-02-08,DAL,MIN,DAL,5,DIRECT_ROSTER_CONTACT,DAL: 2020 Hampton replaces Terry|MIN: 2020 rival replaces Edwards,,NOT_CALCULATED,False,False,P3_REMAINDER
2021-02-08_PHX_CLE,2021-02-08,PHX,CLE,PHX,6,NO_DIRECT_DELTA_IDENTIFIED,,,NOT_CALCULATED,False,False,P3_REMAINDER
2021-02-08_DEN_MIL,2021-02-08,DEN,MIL,MIL,13,DIRECT_ROSTER_CONTACT,DEN: 2020 Bey/Nnaji replace Nnaji/Hampton; Gordon package conditional,,NOT_CALCULATED,False,False,P3_REMAINDER
2021-02-08_LAL_OKC,2021-02-08,LAL,OKC,LAL,7,TRANSACTION_DEPENDENCY,,LAL: AD upstream asset chain retained conditionally,NOT_CALCULATED,False,False,P3_REMAINDER
2021-02-09_DET_BKN,2021-02-09,DET,BKN,DET,11,DIRECT_ROSTER_CONTACT,DET: 2020 Patrick/Kira replace Hayes/Bey,,NOT_CALCULATED,False,False,P3_REMAINDER
2021-02-09_NOP_HOU,2021-02-09,NOP,HOU,NOP,29,DIRECT_ROSTER_CONTACT,NOP: 2020 Hayes replaces Kira,,NOT_CALCULATED,False,False,P3_REMAINDER
2021-02-09_MIA_NYK,2021-02-09,MIA,NYK,MIA,2,NO_DIRECT_DELTA_IDENTIFIED,,,NOT_CALCULATED,False,False,P3_REMAINDER
2021-02-09_SAS_GSW,2021-02-09,SAS,GSW,GSW,23,TRANSACTION_DEPENDENCY,,GSW: Wiggins core/Hutchison supplemental asset unresolved,NOT_CALCULATED,False,False,P3_REMAINDER
2021-02-09_SAC_PHI,2021-02-09,SAC,PHI,PHI,8,NO_DIRECT_DELTA_IDENTIFIED,,,NOT_CALCULATED,False,False,P3_REMAINDER
2021-02-09_UTA_BOS,2021-02-09,UTA,BOS,UTA,14,NO_DIRECT_DELTA_IDENTIFIED,,,NOT_CALCULATED,False,False,P3_REMAINDER
2021-02-09_POR_ORL,2021-02-09,POR,ORL,POR,9,DIRECT_ROSTER_CONTACT,POR: Trent absent; Powell absent and Hood retained in working path,,NOT_CALCULATED,False,False,P3_REMAINDER
2021-02-10_WAS_TOR,2021-02-10,WAS,TOR,TOR,22,DIRECT_ROSTER_CONTACT,WAS: Trent replaces Bonga; Brown retained after deadline,,NOT_CALCULATED,False,False,P3_REMAINDER
2021-02-10_DAL_ATL,2021-02-10,DAL,ATL,DAL,1,DIRECT_ROSTER_CONTACT,DAL: 2020 Hampton replaces Terry,,NOT_CALCULATED,False,False,P3_REMAINDER
2021-02-10_MIN_LAC,2021-02-10,MIN,LAC,LAC,7,DIRECT_ROSTER_CONTACT,MIN: 2020 rival replaces Edwards,,NOT_CALCULATED,False,False,P3_REMAINDER
2021-02-10_BKN_IND,2021-02-10,BKN,IND,BKN,10,NO_DIRECT_DELTA_IDENTIFIED,,,NOT_CALCULATED,False,False,P3_REMAINDER
2021-02-10_MEM_CHA,2021-02-10,MEM,CHA,MEM,16,DIRECT_ROSTER_CONTACT,CHA: 2020 Edwards/Terry/center cascade,,NOT_CALCULATED,False,True,P2_BOUNDARY
2021-02-10_DEN_CLE,2021-02-10,DEN,CLE,DEN,38,DIRECT_ROSTER_CONTACT,DEN: 2020 Bey/Nnaji replace Nnaji/Hampton; Gordon package conditional,,NOT_CALCULATED,False,False,P3_REMAINDER
2021-02-10_PHX_MIL,2021-02-10,PHX,MIL,PHX,1,NO_DIRECT_DELTA_IDENTIFIED,,,NOT_CALCULATED,False,False,P3_REMAINDER
2021-02-10_LAL_OKC,2021-02-10,LAL,OKC,LAL,1,TRANSACTION_DEPENDENCY,,LAL: AD upstream asset chain retained conditionally,NOT_CALCULATED,False,False,P3_REMAINDER
2021-02-11_HOU_MIA,2021-02-11,HOU,MIA,MIA,7,NO_DIRECT_DELTA_IDENTIFIED,,,NOT_CALCULATED,False,False,P3_REMAINDER
2021-02-11_BOS_TOR,2021-02-11,BOS,TOR,BOS,14,NO_DIRECT_DELTA_IDENTIFIED,,,NOT_CALCULATED,False,False,P3_REMAINDER
2021-02-11_DET_IND,2021-02-11,DET,IND,IND,16,DIRECT_ROSTER_CONTACT,DET: 2020 Patrick/Kira replace Hayes/Bey,,NOT_CALCULATED,False,True,P2_BOUNDARY
2021-02-11_POR_PHI,2021-02-11,POR,PHI,POR,4,DIRECT_ROSTER_CONTACT,POR: Trent absent; Powell absent and Hood retained in working path,,NOT_CALCULATED,False,False,P3_REMAINDER
2021-02-11_GSW_ORL,2021-02-11,GSW,ORL,GSW,6,TRANSACTION_DEPENDENCY,,GSW: Wiggins core/Hutchison supplemental asset unresolved,NOT_CALCULATED,False,False,P3_REMAINDER
2021-02-12_CHA_MIN,2021-02-12,CHA,MIN,CHA,6,DIRECT_ROSTER_CONTACT,CHA: 2020 Edwards/Terry/center cascade|MIN: 2020 rival replaces Edwards,,NOT_CALCULATED,False,True,P2_BOUNDARY
2021-02-12_WAS_NYK,2021-02-12,WAS,NYK,NYK,18,DIRECT_ROSTER_CONTACT,WAS: Trent replaces Bonga; Brown retained after deadline,,NOT_CALCULATED,False,False,P3_REMAINDER
2021-02-12_ATL_SAS,2021-02-12,ATL,SAS,SAS,11,NO_DIRECT_DELTA_IDENTIFIED,,,NOT_CALCULATED,False,False,P3_REMAINDER
2021-02-12_DAL_NOP,2021-02-12,DAL,NOP,DAL,13,DIRECT_ROSTER_CONTACT,DAL: 2020 Hampton replaces Terry|NOP: 2020 Hayes replaces Kira,,NOT_CALCULATED,False,False,P3_REMAINDER
2021-02-12_BOS_DET,2021-02-12,BOS,DET,DET,6,DIRECT_ROSTER_CONTACT,DET: 2020 Patrick/Kira replace Hayes/Bey,,NOT_CALCULATED,False,False,P3_REMAINDER
2021-02-12_UTA_MIL,2021-02-12,UTA,MIL,UTA,14,NO_DIRECT_DELTA_IDENTIFIED,,,NOT_CALCULATED,False,False,P3_REMAINDER
2021-02-12_DEN_OKC,2021-02-12,DEN,OKC,DEN,2,DIRECT_ROSTER_CONTACT,DEN: 2020 Bey/Nnaji replace Nnaji/Hampton; Gordon package conditional,,NOT_CALCULATED,False,False,P3_REMAINDER
2021-02-12_LAL_MEM,2021-02-12,LAL,MEM,LAL,10,TRANSACTION_DEPENDENCY,,LAL: AD upstream asset chain retained conditionally,NOT_CALCULATED,False,False,P3_REMAINDER
2021-02-12_POR_CLE,2021-02-12,POR,CLE,POR,19,DIRECT_ROSTER_CONTACT,POR: Trent absent; Powell absent and Hood retained in working path,,NOT_CALCULATED,False,False,P3_REMAINDER
2021-02-12_SAC_ORL,2021-02-12,SAC,ORL,ORL,11,NO_DIRECT_DELTA_IDENTIFIED,,,NOT_CALCULATED,False,False,P3_REMAINDER
2021-02-13_PHX_PHI,2021-02-13,PHX,PHI,PHX,9,NO_DIRECT_DELTA_IDENTIFIED,,,NOT_CALCULATED,False,False,P3_REMAINDER
2021-02-13_ATL_IND,2021-02-13,ATL,IND,IND,12,NO_DIRECT_DELTA_IDENTIFIED,,,NOT_CALCULATED,False,True,P2_BOUNDARY
2021-02-13_NYK_HOU,2021-02-13,NYK,HOU,NYK,22,NO_DIRECT_DELTA_IDENTIFIED,,,NOT_CALCULATED,False,False,P3_REMAINDER
2021-02-13_GSW_BKN,2021-02-13,GSW,BKN,BKN,17,TRANSACTION_DEPENDENCY,,GSW: Wiggins core/Hutchison supplemental asset unresolved,NOT_CALCULATED,False,False,P3_REMAINDER
2021-02-13_UTA_MIA,2021-02-13,UTA,MIA,UTA,18,NO_DIRECT_DELTA_IDENTIFIED,,,NOT_CALCULATED,False,False,P3_REMAINDER
2021-02-14_WAS_BOS,2021-02-14,WAS,BOS,WAS,13,DIRECT_ROSTER_CONTACT,WAS: Trent replaces Bonga; Brown retained after deadline,,NOT_CALCULATED,False,True,P2_BOUNDARY
2021-02-14_CHA_SAS,2021-02-14,CHA,SAS,SAS,12,DIRECT_ROSTER_CONTACT,CHA: 2020 Edwards/Terry/center cascade,,NOT_CALCULATED,False,True,P2_BOUNDARY
2021-02-14_DET_NOP,2021-02-14,DET,NOP,DET,11,DIRECT_ROSTER_CONTACT,DET: 2020 Patrick/Kira replace Hayes/Bey|NOP: 2020 Hayes replaces Kira,,NOT_CALCULATED,False,False,P3_REMAINDER
2021-02-14_TOR_MIN,2021-02-14,TOR,MIN,MIN,4,DIRECT_ROSTER_CONTACT,MIN: 2020 rival replaces Edwards,,NOT_CALCULATED,False,False,P3_REMAINDER
2021-02-14_DAL_POR,2021-02-14,DAL,POR,POR,3,DIRECT_ROSTER_CONTACT,DAL: 2020 Hampton replaces Terry|POR: Trent absent; Powell absent and Hood retained in working path,,NOT_CALCULATED,False,False,P3_REMAINDER
2021-02-14_OKC_MIL,2021-02-14,OKC,MIL,OKC,5,NO_DIRECT_DELTA_IDENTIFIED,,,NOT_CALCULATED,False,False,P3_REMAINDER
2021-02-14_PHX_ORL,2021-02-14,PHX,ORL,PHX,19,NO_DIRECT_DELTA_IDENTIFIED,,,NOT_CALCULATED,False,False,P3_REMAINDER
2021-02-14_DEN_LAL,2021-02-14,DEN,LAL,DEN,17,DIRECT_ROSTER_CONTACT,DEN: 2020 Bey/Nnaji replace Nnaji/Hampton; Gordon package conditional,LAL: AD upstream asset chain retained conditionally,NOT_CALCULATED,False,False,P3_REMAINDER
2021-02-14_SAC_MEM,2021-02-14,SAC,MEM,MEM,14,NO_DIRECT_DELTA_IDENTIFIED,,,NOT_CALCULATED,False,False,P3_REMAINDER
2021-02-14_LAC_CLE,2021-02-14,LAC,CLE,LAC,17,NO_DIRECT_DELTA_IDENTIFIED,,,NOT_CALCULATED,False,False,P3_REMAINDER
2021-02-15_WAS_HOU,2021-02-15,WAS,HOU,WAS,12,DIRECT_ROSTER_CONTACT,WAS: Trent replaces Bonga; Brown retained after deadline,,NOT_CALCULATED,False,True,P2_BOUNDARY
2021-02-15_NYK_ATL,2021-02-15,NYK,ATL,NYK,11,NO_DIRECT_DELTA_IDENTIFIED,,,NOT_CALCULATED,False,False,P3_REMAINDER
2021-02-15_UTA_PHI,2021-02-15,UTA,PHI,UTA,11,NO_DIRECT_DELTA_IDENTIFIED,,,NOT_CALCULATED,False,False,P3_REMAINDER
2021-02-15_GSW_CLE,2021-02-15,GSW,CLE,GSW,31,TRANSACTION_DEPENDENCY,,GSW: Wiggins core/Hutchison supplemental asset unresolved,NOT_CALCULATED,False,False,P3_REMAINDER
2021-02-15_SAC_BKN,2021-02-15,SAC,BKN,BKN,11,NO_DIRECT_DELTA_IDENTIFIED,,,NOT_CALCULATED,False,False,P3_REMAINDER
2021-02-15_LAC_MIA,2021-02-15,LAC,MIA,LAC,7,NO_DIRECT_DELTA_IDENTIFIED,,,NOT_CALCULATED,False,False,P3_REMAINDER
2021-02-16_BOS_DEN,2021-02-16,BOS,DEN,BOS,13,DIRECT_ROSTER_CONTACT,DEN: 2020 Bey/Nnaji replace Nnaji/Hampton; Gordon package conditional,,NOT_CALCULATED,False,False,P3_REMAINDER
2021-02-16_MIL_TOR,2021-02-16,MIL,TOR,TOR,11,NO_DIRECT_DELTA_IDENTIFIED,,,NOT_CALCULATED,False,False,P3_REMAINDER
2021-02-16_OKC_POR,2021-02-16,OKC,POR,POR,11,DIRECT_ROSTER_CONTACT,POR: Trent absent; Powell absent and Hood retained in working path,,NOT_CALCULATED,False,False,P3_REMAINDER
2021-02-16_MIN_LAL,2021-02-16,MIN,LAL,LAL,8,DIRECT_ROSTER_CONTACT,MIN: 2020 rival replaces Edwards,LAL: AD upstream asset chain retained conditionally,NOT_CALCULATED,False,False,P3_REMAINDER
2021-02-16_MEM_NOP,2021-02-16,MEM,NOP,NOP,31,DIRECT_ROSTER_CONTACT,NOP: 2020 Hayes replaces Kira,,NOT_CALCULATED,False,False,P3_REMAINDER
2021-02-16_PHX_BKN,2021-02-16,PHX,BKN,BKN,4,NO_DIRECT_DELTA_IDENTIFIED,,,NOT_CALCULATED,False,False,P3_REMAINDER
2021-02-17_ORL_NYK,2021-02-17,ORL,NYK,ORL,18,NO_DIRECT_DELTA_IDENTIFIED,,,NOT_CALCULATED,False,False,P3_REMAINDER
2021-02-17_PHI_HOU,2021-02-17,PHI,HOU,PHI,5,NO_DIRECT_DELTA_IDENTIFIED,,,NOT_CALCULATED,False,False,P3_REMAINDER
2021-02-17_BOS_ATL,2021-02-17,BOS,ATL,ATL,8,NO_DIRECT_DELTA_IDENTIFIED,,,NOT_CALCULATED,False,False,P3_REMAINDER
2021-02-17_WAS_DEN,2021-02-17,WAS,DEN,WAS,2,DIRECT_ROSTER_CONTACT,WAS: Trent replaces Bonga; Brown retained after deadline|DEN: 2020 Bey/Nnaji replace Nnaji/Hampton; Gordon package conditional,,NOT_CALCULATED,False,True,P1_BOUNDARY
2021-02-17_MIN_IND,2021-02-17,MIN,IND,IND,6,DIRECT_ROSTER_CONTACT,MIN: 2020 rival replaces Edwards,,NOT_CALCULATED,False,True,P2_BOUNDARY
2021-02-17_NOP_POR,2021-02-17,NOP,POR,POR,2,DIRECT_ROSTER_CONTACT,NOP: 2020 Hayes replaces Kira|POR: Trent absent; Powell absent and Hood retained in working path,,NOT_CALCULATED,False,False,P3_REMAINDER
2021-02-17_MEM_OKC,2021-02-17,MEM,OKC,MEM,9,NO_DIRECT_DELTA_IDENTIFIED,,,NOT_CALCULATED,False,False,P3_REMAINDER
2021-02-17_GSW_MIA,2021-02-17,GSW,MIA,GSW,8,TRANSACTION_DEPENDENCY,,GSW: Wiggins core/Hutchison supplemental asset unresolved,NOT_CALCULATED,False,False,P3_REMAINDER
2021-02-17_LAC_UTA,2021-02-17,LAC,UTA,UTA,18,NO_DIRECT_DELTA_IDENTIFIED,,,NOT_CALCULATED,False,False,P3_REMAINDER
2021-02-18_MIL_TOR,2021-02-18,MIL,TOR,TOR,14,NO_DIRECT_DELTA_IDENTIFIED,,,NOT_CALCULATED,False,False,P3_REMAINDER
2021-02-18_LAL_BKN,2021-02-18,LAL,BKN,BKN,11,TRANSACTION_DEPENDENCY,,LAL: AD upstream asset chain retained conditionally,NOT_CALCULATED,False,False,P3_REMAINDER
2021-02-18_SAC_MIA,2021-02-18,SAC,MIA,MIA,8,NO_DIRECT_DELTA_IDENTIFIED,,,NOT_CALCULATED,False,False,P3_REMAINDER
2021-02-19_CLE_DEN,2021-02-19,CLE,DEN,DEN,17,DIRECT_ROSTER_CONTACT,DEN: 2020 Bey/Nnaji replace Nnaji/Hampton; Gordon package conditional,,NOT_CALCULATED,False,False,P3_REMAINDER
2021-02-19_ORL_GSW,2021-02-19,ORL,GSW,ORL,4,TRANSACTION_DEPENDENCY,,GSW: Wiggins core/Hutchison supplemental asset unresolved,NOT_CALCULATED,False,False,P3_REMAINDER
2021-02-19_BOS_ATL,2021-02-19,BOS,ATL,BOS,12,NO_DIRECT_DELTA_IDENTIFIED,,,NOT_CALCULATED,False,False,P3_REMAINDER
2021-02-19_NOP_PHX,2021-02-19,NOP,PHX,PHX,18,DIRECT_ROSTER_CONTACT,NOP: 2020 Hayes replaces Kira,,NOT_CALCULATED,False,False,P3_REMAINDER
2021-02-19_MEM_DET,2021-02-19,MEM,DET,MEM,14,DIRECT_ROSTER_CONTACT,DET: 2020 Patrick/Kira replace Hayes/Bey,,NOT_CALCULATED,False,False,P3_REMAINDER
2021-02-19_MIL_OKC,2021-02-19,MIL,OKC,MIL,13,NO_DIRECT_DELTA_IDENTIFIED,,,NOT_CALCULATED,False,False,P3_REMAINDER
2021-02-19_MIN_TOR,2021-02-19,MIN,TOR,TOR,5,DIRECT_ROSTER_CONTACT,MIN: 2020 rival replaces Edwards,,NOT_CALCULATED,False,False,P3_REMAINDER
2021-02-19_LAC_UTA,2021-02-19,LAC,UTA,LAC,4,NO_DIRECT_DELTA_IDENTIFIED,,,NOT_CALCULATED,False,False,P3_REMAINDER
2021-02-20_CHA_GSW,2021-02-20,CHA,GSW,CHA,2,DIRECT_ROSTER_CONTACT,CHA: 2020 Edwards/Terry/center cascade,GSW: Wiggins core/Hutchison supplemental asset unresolved,NOT_CALCULATED,False,True,P1_BOUNDARY
2021-02-20_LAL_MIA,2021-02-20,LAL,MIA,MIA,2,TRANSACTION_DEPENDENCY,,LAL: AD upstream asset chain retained conditionally,NOT_CALCULATED,False,False,P3_REMAINDER
2021-02-20_MEM_PHX,2021-02-20,MEM,PHX,PHX,31,NO_DIRECT_DELTA_IDENTIFIED,,,NOT_CALCULATED,False,False,P3_REMAINDER
2021-02-20_POR_WAS,2021-02-20,POR,WAS,WAS,7,DIRECT_ROSTER_CONTACT,POR: Trent absent; Powell absent and Hood retained in working path|WAS: Trent replaces Bonga; Brown retained after deadline,,NOT_CALCULATED,False,True,P2_BOUNDARY
2021-02-21_NOP_BOS,2021-02-21,NOP,BOS,NOP,5,DIRECT_ROSTER_CONTACT,NOP: 2020 Hayes replaces Kira,,NOT_CALCULATED,False,False,P3_REMAINDER
2021-02-21_TOR_PHI,2021-02-21,TOR,PHI,TOR,7,NO_DIRECT_DELTA_IDENTIFIED,,,NOT_CALCULATED,False,False,P3_REMAINDER
2021-02-21_NYK_MIN,2021-02-21,NYK,MIN,NYK,4,DIRECT_ROSTER_CONTACT,MIN: 2020 rival replaces Edwards,,NOT_CALCULATED,False,False,P3_REMAINDER
2021-02-21_CLE_OKC,2021-02-21,CLE,OKC,OKC,16,NO_DIRECT_DELTA_IDENTIFIED,,,NOT_CALCULATED,False,False,P3_REMAINDER
2021-02-21_ORL_DET,2021-02-21,ORL,DET,ORL,9,DIRECT_ROSTER_CONTACT,DET: 2020 Patrick/Kira replace Hayes/Bey,,NOT_CALCULATED,False,False,P3_REMAINDER
2021-02-21_ATL_DEN,2021-02-21,ATL,DEN,ATL,8,DIRECT_ROSTER_CONTACT,DEN: 2020 Bey/Nnaji replace Nnaji/Hampton; Gordon package conditional,,NOT_CALCULATED,False,False,P3_REMAINDER
2021-02-21_LAC_BKN,2021-02-21,LAC,BKN,BKN,4,NO_DIRECT_DELTA_IDENTIFIED,,,NOT_CALCULATED,False,False,P3_REMAINDER
2021-02-21_MIL_SAC,2021-02-21,MIL,SAC,MIL,13,NO_DIRECT_DELTA_IDENTIFIED,,,NOT_CALCULATED,False,False,P3_REMAINDER
2021-02-22_DAL_MEM,2021-02-22,DAL,MEM,DAL,10,DIRECT_ROSTER_CONTACT,DAL: 2020 Hampton replaces Terry,,NOT_CALCULATED,False,False,P3_REMAINDER
2021-02-22_UTA_CHA,2021-02-22,UTA,CHA,UTA,22,DIRECT_ROSTER_CONTACT,CHA: 2020 Edwards/Terry/center cascade,,NOT_CALCULATED,False,True,P2_BOUNDARY
2021-02-22_PHX_POR,2021-02-22,PHX,POR,PHX,32,DIRECT_ROSTER_CONTACT,POR: Trent absent; Powell absent and Hood retained in working path,,NOT_CALCULATED,False,False,P3_REMAINDER
2021-02-22_OKC_MIA,2021-02-22,OKC,MIA,MIA,14,NO_DIRECT_DELTA_IDENTIFIED,,,NOT_CALCULATED,False,False,P3_REMAINDER
2021-02-22_LAL_WAS,2021-02-22,LAL,WAS,WAS,3,DIRECT_ROSTER_CONTACT,WAS: Trent replaces Bonga; Brown retained after deadline,LAL: AD upstream asset chain retained conditionally,NOT_CALCULATED,False,True,P1_BOUNDARY
2021-02-23_ORL_DET,2021-02-23,ORL,DET,DET,12,DIRECT_ROSTER_CONTACT,DET: 2020 Patrick/Kira replace Hayes/Bey,,NOT_CALCULATED,False,False,P3_REMAINDER
2021-02-23_CLE_ATL,2021-02-23,CLE,ATL,CLE,1,NO_DIRECT_DELTA_IDENTIFIED,,,NOT_CALCULATED,False,False,P3_REMAINDER
2021-02-23_BKN_SAC,2021-02-23,BKN,SAC,BKN,9,NO_DIRECT_DELTA_IDENTIFIED,,,NOT_CALCULATED,False,False,P3_REMAINDER
2021-02-23_NYK_GSW,2021-02-23,NYK,GSW,GSW,8,TRANSACTION_DEPENDENCY,,GSW: Wiggins core/Hutchison supplemental asset unresolved,NOT_CALCULATED,False,False,P3_REMAINDER
2021-02-23_DAL_BOS,2021-02-23,DAL,BOS,DAL,3,DIRECT_ROSTER_CONTACT,DAL: 2020 Hampton replaces Terry,,NOT_CALCULATED,False,False,P3_REMAINDER
2021-02-23_TOR_PHI,2021-02-23,TOR,PHI,PHI,7,NO_DIRECT_DELTA_IDENTIFIED,,,NOT_CALCULATED,False,False,P3_REMAINDER
2021-02-23_MIL_MIN,2021-02-23,MIL,MIN,MIL,27,DIRECT_ROSTER_CONTACT,MIN: 2020 rival replaces Edwards,,NOT_CALCULATED,False,False,P3_REMAINDER
2021-02-23_LAC_WAS,2021-02-23,LAC,WAS,LAC,19,DIRECT_ROSTER_CONTACT,WAS: Trent replaces Bonga; Brown retained after deadline,,NOT_CALCULATED,False,False,P3_REMAINDER
2021-02-23_DEN_POR,2021-02-23,DEN,POR,DEN,5,DIRECT_ROSTER_CONTACT,DEN: 2020 Bey/Nnaji replace Nnaji/Hampton; Gordon package conditional|POR: Trent absent; Powell absent and Hood retained in working path,,NOT_CALCULATED,False,False,P3_REMAINDER
2021-02-24_IND_GSW,2021-02-24,IND,GSW,GSW,4,TRANSACTION_DEPENDENCY,,GSW: Wiggins core/Hutchison supplemental asset unresolved,NOT_CALCULATED,False,False,P3_REMAINDER
2021-02-24_CLE_HOU,2021-02-24,CLE,HOU,CLE,16,NO_DIRECT_DELTA_IDENTIFIED,,,NOT_CALCULATED,False,False,P3_REMAINDER
2021-02-24_ATL_BOS,2021-02-24,ATL,BOS,ATL,15,NO_DIRECT_DELTA_IDENTIFIED,,,NOT_CALCULATED,False,False,P3_REMAINDER
2021-02-24_MIA_TOR,2021-02-24,MIA,TOR,MIA,8,NO_DIRECT_DELTA_IDENTIFIED,,,NOT_CALCULATED,False,False,P3_REMAINDER
2021-02-24_OKC_SAS,2021-02-24,OKC,SAS,OKC,3,NO_DIRECT_DELTA_IDENTIFIED,,,NOT_CALCULATED,False,False,P3_REMAINDER
2021-02-24_NOP_DET,2021-02-24,NOP,DET,NOP,10,DIRECT_ROSTER_CONTACT,NOP: 2020 Hayes replaces Kira|DET: 2020 Patrick/Kira replace Hayes/Bey,,NOT_CALCULATED,False,False,P3_REMAINDER
2021-02-24_PHX_CHA,2021-02-24,PHX,CHA,CHA,3,DIRECT_ROSTER_CONTACT,CHA: 2020 Edwards/Terry/center cascade,,NOT_CALCULATED,False,True,P1_BOUNDARY
2021-02-24_UTA_LAL,2021-02-24,UTA,LAL,UTA,25,TRANSACTION_DEPENDENCY,,LAL: AD upstream asset chain retained conditionally,NOT_CALCULATED,False,False,P3_REMAINDER
2021-02-25_PHI_DAL,2021-02-25,PHI,DAL,PHI,14,DIRECT_ROSTER_CONTACT,DAL: 2020 Hampton replaces Terry,,NOT_CALCULATED,False,False,P3_REMAINDER
2021-02-25_BKN_ORL,2021-02-25,BKN,ORL,BKN,37,NO_DIRECT_DELTA_IDENTIFIED,,,NOT_CALCULATED,False,False,P3_REMAINDER
2021-02-25_NYK_SAC,2021-02-25,NYK,SAC,NYK,19,NO_DIRECT_DELTA_IDENTIFIED,,,NOT_CALCULATED,False,False,P3_REMAINDER
2021-02-25_MEM_LAC,2021-02-25,MEM,LAC,MEM,28,NO_DIRECT_DELTA_IDENTIFIED,,,NOT_CALCULATED,False,False,P3_REMAINDER
2021-02-25_DEN_WAS,2021-02-25,DEN,WAS,WAS,2,DIRECT_ROSTER_CONTACT,DEN: 2020 Bey/Nnaji replace Nnaji/Hampton; Gordon package conditional|WAS: Trent replaces Bonga; Brown retained after deadline,,NOT_CALCULATED,False,True,P1_BOUNDARY
2021-02-25_MIL_NOP,2021-02-25,MIL,NOP,MIL,4,DIRECT_ROSTER_CONTACT,NOP: 2020 Hayes replaces Kira,,NOT_CALCULATED,False,False,P3_REMAINDER
2021-02-26_TOR_HOU,2021-02-26,TOR,HOU,TOR,11,NO_DIRECT_DELTA_IDENTIFIED,,,NOT_CALCULATED,False,False,P3_REMAINDER
2021-02-26_BOS_IND,2021-02-26,BOS,IND,BOS,6,NO_DIRECT_DELTA_IDENTIFIED,,,NOT_CALCULATED,False,False,P3_REMAINDER
2021-02-26_MEM_LAC,2021-02-26,MEM,LAC,LAC,20,NO_DIRECT_DELTA_IDENTIFIED,,,NOT_CALCULATED,False,False,P3_REMAINDER
2021-02-26_DET_SAC,2021-02-26,DET,SAC,SAC,3,DIRECT_ROSTER_CONTACT,DET: 2020 Patrick/Kira replace Hayes/Bey,,NOT_CALCULATED,False,False,P3_REMAINDER
2021-02-26_MIA_UTA,2021-02-26,MIA,UTA,MIA,8,NO_DIRECT_DELTA_IDENTIFIED,,,NOT_CALCULATED,False,False,P3_REMAINDER
2021-02-26_OKC_ATL,2021-02-26,OKC,ATL,OKC,9,NO_DIRECT_DELTA_IDENTIFIED,,,NOT_CALCULATED,False,False,P3_REMAINDER
2021-02-26_LAL_POR,2021-02-26,LAL,POR,LAL,9,DIRECT_ROSTER_CONTACT,POR: Trent absent; Powell absent and Hood retained in working path,LAL: AD upstream asset chain retained conditionally,NOT_CALCULATED,False,False,P3_REMAINDER
2021-02-26_GSW_CHA,2021-02-26,GSW,CHA,GSW,9,DIRECT_ROSTER_CONTACT,CHA: 2020 Edwards/Terry/center cascade,GSW: Wiggins core/Hutchison supplemental asset unresolved,NOT_CALCULATED,False,True,P2_BOUNDARY
2021-02-27_PHI_CLE,2021-02-27,PHI,CLE,CLE,3,NO_DIRECT_DELTA_IDENTIFIED,,,NOT_CALCULATED,False,False,P3_REMAINDER
2021-02-27_WAS_MIN,2021-02-27,WAS,MIN,WAS,16,DIRECT_ROSTER_CONTACT,WAS: Trent replaces Bonga; Brown retained after deadline|MIN: 2020 rival replaces Edwards,,NOT_CALCULATED,False,True,P2_BOUNDARY
2021-02-27_OKC_DEN,2021-02-27,OKC,DEN,DEN,30,DIRECT_ROSTER_CONTACT,DEN: 2020 Bey/Nnaji replace Nnaji/Hampton; Gordon package conditional,,NOT_CALCULATED,False,False,P3_REMAINDER
2021-02-27_NYK_IND,2021-02-27,NYK,IND,NYK,3,NO_DIRECT_DELTA_IDENTIFIED,,,NOT_CALCULATED,False,False,P3_REMAINDER
2021-02-27_SAS_NOP,2021-02-27,SAS,NOP,SAS,3,DIRECT_ROSTER_CONTACT,NOP: 2020 Hayes replaces Kira,,NOT_CALCULATED,False,False,P3_REMAINDER
2021-02-27_ORL_UTA,2021-02-27,ORL,UTA,UTA,15,NO_DIRECT_DELTA_IDENTIFIED,,,NOT_CALCULATED,False,False,P3_REMAINDER
2021-02-27_BKN_DAL,2021-02-27,BKN,DAL,DAL,17,DIRECT_ROSTER_CONTACT,DAL: 2020 Hampton replaces Terry,,NOT_CALCULATED,False,False,P3_REMAINDER
2021-02-28_MIL_LAC,2021-02-28,MIL,LAC,MIL,5,NO_DIRECT_DELTA_IDENTIFIED,,,NOT_CALCULATED,False,False,P3_REMAINDER
2021-02-28_BOS_WAS,2021-02-28,BOS,WAS,BOS,1,DIRECT_ROSTER_CONTACT,WAS: Trent replaces Bonga; Brown retained after deadline,,NOT_CALCULATED,False,False,P3_REMAINDER
2021-02-28_HOU_MEM,2021-02-28,HOU,MEM,MEM,49,NO_DIRECT_DELTA_IDENTIFIED,,,NOT_CALCULATED,False,False,P3_REMAINDER
2021-02-28_DET_NYK,2021-02-28,DET,NYK,NYK,19,DIRECT_ROSTER_CONTACT,DET: 2020 Patrick/Kira replace Hayes/Bey,,NOT_CALCULATED,False,False,P3_REMAINDER
2021-02-28_LAL_GSW,2021-02-28,LAL,GSW,LAL,26,TRANSACTION_DEPENDENCY,,LAL: AD upstream asset chain retained conditionally|GSW: Wiggins core/Hutchison supplemental asset unresolved,NOT_CALCULATED,False,False,P3_REMAINDER
2021-02-28_MIA_ATL,2021-02-28,MIA,ATL,MIA,10,NO_DIRECT_DELTA_IDENTIFIED,,,NOT_CALCULATED,False,False,P3_REMAINDER
2021-02-28_MIN_PHX,2021-02-28,MIN,PHX,PHX,19,DIRECT_ROSTER_CONTACT,MIN: 2020 rival replaces Edwards,,NOT_CALCULATED,False,False,P3_REMAINDER
2021-02-28_SAC_CHA,2021-02-28,SAC,CHA,CHA,1,DIRECT_ROSTER_CONTACT,CHA: 2020 Edwards/Terry/center cascade,,NOT_CALCULATED,False,True,P1_BOUNDARY
2021-03-01_PHI_IND,2021-03-01,PHI,IND,PHI,16,NO_DIRECT_DELTA_IDENTIFIED,,,NOT_CALCULATED,False,False,P3_REMAINDER
2021-03-01_ORL_DAL,2021-03-01,ORL,DAL,DAL,6,DIRECT_ROSTER_CONTACT,DAL: 2020 Hampton replaces Terry,,NOT_CALCULATED,False,False,P3_REMAINDER
2021-03-01_NOP_UTA,2021-03-01,NOP,UTA,NOP,5,DIRECT_ROSTER_CONTACT,NOP: 2020 Hayes replaces Kira,,NOT_CALCULATED,False,False,P3_REMAINDER
2021-03-01_SAS_BKN,2021-03-01,SAS,BKN,BKN,11,NO_DIRECT_DELTA_IDENTIFIED,,,NOT_CALCULATED,False,False,P3_REMAINDER
2021-03-01_HOU_CLE,2021-03-01,HOU,CLE,CLE,11,NO_DIRECT_DELTA_IDENTIFIED,,,NOT_CALCULATED,False,False,P3_REMAINDER
2021-03-01_POR_CHA,2021-03-01,POR,CHA,POR,12,DIRECT_ROSTER_CONTACT,POR: Trent absent; Powell absent and Hood retained in working path|CHA: 2020 Edwards/Terry/center cascade,,NOT_CALCULATED,False,True,P2_BOUNDARY
2021-03-02_WAS_MEM,2021-03-02,WAS,MEM,MEM,14,DIRECT_ROSTER_CONTACT,WAS: Trent replaces Bonga; Brown retained after deadline,,NOT_CALCULATED,False,False,P3_REMAINDER
2021-03-02_BOS_LAC,2021-03-02,BOS,LAC,BOS,5,NO_DIRECT_DELTA_IDENTIFIED,,,NOT_CALCULATED,False,False,P3_REMAINDER
2021-03-02_MIA_ATL,2021-03-02,MIA,ATL,ATL,14,NO_DIRECT_DELTA_IDENTIFIED,,,NOT_CALCULATED,False,False,P3_REMAINDER
2021-03-02_SAS_NYK,2021-03-02,SAS,NYK,SAS,26,NO_DIRECT_DELTA_IDENTIFIED,,,NOT_CALCULATED,False,False,P3_REMAINDER
2021-03-02_MIL_DEN,2021-03-02,MIL,DEN,DEN,31,DIRECT_ROSTER_CONTACT,DEN: 2020 Bey/Nnaji replace Nnaji/Hampton; Gordon package conditional,,NOT_CALCULATED,False,False,P3_REMAINDER
2021-03-02_LAL_PHX,2021-03-02,LAL,PHX,PHX,10,TRANSACTION_DEPENDENCY,,LAL: AD upstream asset chain retained conditionally,NOT_CALCULATED,False,False,P3_REMAINDER
2021-03-03_CLE_IND,2021-03-03,CLE,IND,IND,3,NO_DIRECT_DELTA_IDENTIFIED,,,NOT_CALCULATED,False,True,P1_BOUNDARY
2021-03-03_TOR_DET,2021-03-03,TOR,DET,DET,24,DIRECT_ROSTER_CONTACT,DET: 2020 Patrick/Kira replace Hayes/Bey,,NOT_CALCULATED,False,False,P3_REMAINDER
2021-03-03_PHI_UTA,2021-03-03,PHI,UTA,PHI,8,NO_DIRECT_DELTA_IDENTIFIED,,,NOT_CALCULATED,False,False,P3_REMAINDER
2021-03-03_HOU_BKN,2021-03-03,HOU,BKN,BKN,18,NO_DIRECT_DELTA_IDENTIFIED,,,NOT_CALCULATED,False,False,P3_REMAINDER
2021-03-03_ORL_ATL,2021-03-03,ORL,ATL,ATL,3,NO_DIRECT_DELTA_IDENTIFIED,,,NOT_CALCULATED,False,False,P3_REMAINDER
2021-03-03_MIN_CHA,2021-03-03,MIN,CHA,CHA,33,DIRECT_ROSTER_CONTACT,MIN: 2020 rival replaces Edwards|CHA: 2020 Edwards/Terry/center cascade,,NOT_CALCULATED,False,True,P2_BOUNDARY
2021-03-03_DAL_OKC,2021-03-03,DAL,OKC,DAL,9,DIRECT_ROSTER_CONTACT,DAL: 2020 Hampton replaces Terry,,NOT_CALCULATED,False,False,P3_REMAINDER
2021-03-03_POR_GSW,2021-03-03,POR,GSW,POR,2,DIRECT_ROSTER_CONTACT,POR: Trent absent; Powell absent and Hood retained in working path,GSW: Wiggins core/Hutchison supplemental asset unresolved,NOT_CALCULATED,False,False,P3_REMAINDER
2021-03-03_SAC_LAL,2021-03-03,SAC,LAL,SAC,3,TRANSACTION_DEPENDENCY,,LAL: AD upstream asset chain retained conditionally,NOT_CALCULATED,False,False,P3_REMAINDER
2021-03-04_WAS_LAC,2021-03-04,WAS,LAC,WAS,2,DIRECT_ROSTER_CONTACT,WAS: Trent replaces Bonga; Brown retained after deadline,,NOT_CALCULATED,False,True,P1_BOUNDARY
2021-03-04_BOS_TOR,2021-03-04,BOS,TOR,BOS,7,NO_DIRECT_DELTA_IDENTIFIED,,,NOT_CALCULATED,False,False,P3_REMAINDER
2021-03-04_NYK_DET,2021-03-04,NYK,DET,NYK,10,DIRECT_ROSTER_CONTACT,DET: 2020 Patrick/Kira replace Hayes/Bey,,NOT_CALCULATED,False,False,P3_REMAINDER
2021-03-04_IND_DEN,2021-03-04,IND,DEN,DEN,10,DIRECT_ROSTER_CONTACT,DEN: 2020 Bey/Nnaji replace Nnaji/Hampton; Gordon package conditional,,NOT_CALCULATED,False,False,P3_REMAINDER
2021-03-04_MEM_MIL,2021-03-04,MEM,MIL,MIL,1,NO_DIRECT_DELTA_IDENTIFIED,,,NOT_CALCULATED,False,False,P3_REMAINDER
2021-03-04_NOP_MIA,2021-03-04,NOP,MIA,MIA,10,DIRECT_ROSTER_CONTACT,NOP: 2020 Hayes replaces Kira,,NOT_CALCULATED,False,False,P3_REMAINDER
2021-03-04_SAS_OKC,2021-03-04,SAS,OKC,OKC,5,NO_DIRECT_DELTA_IDENTIFIED,,,NOT_CALCULATED,False,False,P3_REMAINDER
2021-03-04_PHX_GSW,2021-03-04,PHX,GSW,PHX,22,TRANSACTION_DEPENDENCY,,GSW: Wiggins core/Hutchison supplemental asset unresolved,NOT_CALCULATED,False,False,P3_REMAINDER
2021-03-04_POR_SAC,2021-03-04,POR,SAC,POR,4,DIRECT_ROSTER_CONTACT,POR: Trent absent; Powell absent and Hood retained in working path,,NOT_CALCULATED,False,False,P3_REMAINDER
2021-03-10_MEM_WAS,2021-03-10,MEM,WAS,MEM,15,DIRECT_ROSTER_CONTACT,WAS: Trent replaces Bonga; Brown retained after deadline,,NOT_CALCULATED,False,False,P3_REMAINDER
2021-03-10_DAL_SAS,2021-03-10,DAL,SAS,DAL,11,DIRECT_ROSTER_CONTACT,DAL: 2020 Hampton replaces Terry,,NOT_CALCULATED,False,False,P3_REMAINDER
2021-03-11_CHA_DET,2021-03-11,CHA,DET,CHA,3,DIRECT_ROSTER_CONTACT,CHA: 2020 Edwards/Terry/center cascade|DET: 2020 Patrick/Kira replace Hayes/Bey,,NOT_CALCULATED,False,True,P1_BOUNDARY
2021-03-11_BKN_BOS,2021-03-11,BKN,BOS,BKN,12,NO_DIRECT_DELTA_IDENTIFIED,,,NOT_CALCULATED,False,False,P3_REMAINDER
2021-03-11_TOR_ATL,2021-03-11,TOR,ATL,ATL,1,NO_DIRECT_DELTA_IDENTIFIED,,,NOT_CALCULATED,False,False,P3_REMAINDER
2021-03-11_MIL_NYK,2021-03-11,MIL,NYK,MIL,33,NO_DIRECT_DELTA_IDENTIFIED,,,NOT_CALCULATED,False,False,P3_REMAINDER
2021-03-11_MIA_ORL,2021-03-11,MIA,ORL,MIA,8,NO_DIRECT_DELTA_IDENTIFIED,,,NOT_CALCULATED,False,False,P3_REMAINDER
2021-03-11_NOP_MIN,2021-03-11,NOP,MIN,MIN,30,DIRECT_ROSTER_CONTACT,NOP: 2020 Hayes replaces Kira|MIN: 2020 rival replaces Edwards,,NOT_CALCULATED,False,False,P3_REMAINDER
2021-03-11_OKC_DAL,2021-03-11,OKC,DAL,OKC,8,DIRECT_ROSTER_CONTACT,DAL: 2020 Hampton replaces Terry,,NOT_CALCULATED,False,False,P3_REMAINDER
2021-03-11_LAC_GSW,2021-03-11,LAC,GSW,LAC,26,TRANSACTION_DEPENDENCY,,GSW: Wiggins core/Hutchison supplemental asset unresolved,NOT_CALCULATED,False,False,P3_REMAINDER
2021-03-11_SAC_HOU,2021-03-11,SAC,HOU,SAC,20,NO_DIRECT_DELTA_IDENTIFIED,,,NOT_CALCULATED,False,False,P3_REMAINDER
2021-03-11_POR_PHX,2021-03-11,POR,PHX,PHX,6,DIRECT_ROSTER_CONTACT,POR: Trent absent; Powell absent and Hood retained in working path,,NOT_CALCULATED,False,False,P3_REMAINDER
2021-03-12_WAS_PHI,2021-03-12,WAS,PHI,PHI,26,DIRECT_ROSTER_CONTACT,WAS: Trent replaces Bonga; Brown retained after deadline,,NOT_CALCULATED,False,False,P3_REMAINDER
2021-03-12_MEM_DEN,2021-03-12,MEM,DEN,DEN,1,DIRECT_ROSTER_CONTACT,DEN: 2020 Bey/Nnaji replace Nnaji/Hampton; Gordon package conditional,,NOT_CALCULATED,False,False,P3_REMAINDER
2021-03-12_NOP_CLE,2021-03-12,NOP,CLE,NOP,34,DIRECT_ROSTER_CONTACT,NOP: 2020 Hayes replaces Kira,,NOT_CALCULATED,False,False,P3_REMAINDER
2021-03-12_SAS_ORL,2021-03-12,SAS,ORL,SAS,27,NO_DIRECT_DELTA_IDENTIFIED,,,NOT_CALCULATED,False,False,P3_REMAINDER
2021-03-12_UTA_HOU,2021-03-12,UTA,HOU,UTA,15,NO_DIRECT_DELTA_IDENTIFIED,,,NOT_CALCULATED,False,False,P3_REMAINDER
2021-03-12_LAL_IND,2021-03-12,LAL,IND,LAL,5,TRANSACTION_DEPENDENCY,,LAL: AD upstream asset chain retained conditionally,NOT_CALCULATED,False,False,P3_REMAINDER
2021-03-13_OKC_NYK,2021-03-13,OKC,NYK,NYK,22,NO_DIRECT_DELTA_IDENTIFIED,,,NOT_CALCULATED,False,False,P3_REMAINDER
2021-03-13_CHA_TOR,2021-03-13,CHA,TOR,CHA,10,DIRECT_ROSTER_CONTACT,CHA: 2020 Edwards/Terry/center cascade,,NOT_CALCULATED,False,True,P2_BOUNDARY
2021-03-13_BKN_DET,2021-03-13,BKN,DET,BKN,5,DIRECT_ROSTER_CONTACT,DET: 2020 Patrick/Kira replace Hayes/Bey,,NOT_CALCULATED,False,False,P3_REMAINDER
2021-03-13_WAS_MIL,2021-03-13,WAS,MIL,MIL,6,DIRECT_ROSTER_CONTACT,WAS: Trent replaces Bonga; Brown retained after deadline,,NOT_CALCULATED,False,False,P3_REMAINDER
2021-03-13_ATL_SAC,2021-03-13,ATL,SAC,ATL,15,NO_DIRECT_DELTA_IDENTIFIED,,,NOT_CALCULATED,False,False,P3_REMAINDER
2021-03-13_MIN_POR,2021-03-13,MIN,POR,POR,4,DIRECT_ROSTER_CONTACT,MIN: 2020 rival replaces Edwards|POR: Trent absent; Powell absent and Hood retained in working path,,NOT_CALCULATED,False,False,P3_REMAINDER
2021-03-13_DEN_DAL,2021-03-13,DEN,DAL,DAL,13,DIRECT_ROSTER_CONTACT,DEN: 2020 Bey/Nnaji replace Nnaji/Hampton; Gordon package conditional|DAL: 2020 Hampton replaces Terry,,NOT_CALCULATED,False,False,P3_REMAINDER
2021-03-13_PHX_IND,2021-03-13,PHX,IND,IND,11,NO_DIRECT_DELTA_IDENTIFIED,,,NOT_CALCULATED,False,True,P2_BOUNDARY
2021-03-14_OKC_MEM,2021-03-14,OKC,MEM,OKC,6,NO_DIRECT_DELTA_IDENTIFIED,,,NOT_CALCULATED,False,False,P3_REMAINDER
2021-03-14_GSW_UTA,2021-03-14,GSW,UTA,GSW,12,TRANSACTION_DEPENDENCY,,GSW: Wiggins core/Hutchison supplemental asset unresolved,NOT_CALCULATED,False,False,P3_REMAINDER
2021-03-14_PHI_SAS,2021-03-14,PHI,SAS,PHI,35,NO_DIRECT_DELTA_IDENTIFIED,,,NOT_CALCULATED,False,False,P3_REMAINDER
2021-03-14_ORL_MIA,2021-03-14,ORL,MIA,MIA,5,NO_DIRECT_DELTA_IDENTIFIED,,,NOT_CALCULATED,False,False,P3_REMAINDER
2021-03-14_ATL_CLE,2021-03-14,ATL,CLE,ATL,18,NO_DIRECT_DELTA_IDENTIFIED,,,NOT_CALCULATED,False,False,P3_REMAINDER
2021-03-14_HOU_BOS,2021-03-14,HOU,BOS,BOS,27,NO_DIRECT_DELTA_IDENTIFIED,,,NOT_CALCULATED,False,False,P3_REMAINDER
2021-03-14_MIN_POR,2021-03-14,MIN,POR,MIN,2,DIRECT_ROSTER_CONTACT,MIN: 2020 rival replaces Edwards|POR: Trent absent; Powell absent and Hood retained in working path,,NOT_CALCULATED,False,False,P3_REMAINDER
2021-03-14_NOP_LAC,2021-03-14,NOP,LAC,NOP,20,DIRECT_ROSTER_CONTACT,NOP: 2020 Hayes replaces Kira,,NOT_CALCULATED,False,False,P3_REMAINDER
2021-03-15_CHA_SAC,2021-03-15,CHA,SAC,CHA,6,DIRECT_ROSTER_CONTACT,CHA: 2020 Edwards/Terry/center cascade,,NOT_CALCULATED,False,True,P2_BOUNDARY
2021-03-15_WAS_MIL,2021-03-15,WAS,MIL,MIL,11,DIRECT_ROSTER_CONTACT,WAS: Trent replaces Bonga; Brown retained after deadline,,NOT_CALCULATED,False,False,P3_REMAINDER
2021-03-15_DET_SAS,2021-03-15,DET,SAS,SAS,10,DIRECT_ROSTER_CONTACT,DET: 2020 Patrick/Kira replace Hayes/Bey,,NOT_CALCULATED,False,False,P3_REMAINDER
2021-03-15_BKN_NYK,2021-03-15,BKN,NYK,BKN,5,NO_DIRECT_DELTA_IDENTIFIED,,,NOT_CALCULATED,False,False,P3_REMAINDER
2021-03-15_DAL_LAC,2021-03-15,DAL,LAC,LAC,10,DIRECT_ROSTER_CONTACT,DAL: 2020 Hampton replaces Terry,,NOT_CALCULATED,False,False,P3_REMAINDER
2021-03-15_PHX_MEM,2021-03-15,PHX,MEM,PHX,23,NO_DIRECT_DELTA_IDENTIFIED,,,NOT_CALCULATED,False,False,P3_REMAINDER
2021-03-15_DEN_IND,2021-03-15,DEN,IND,DEN,15,DIRECT_ROSTER_CONTACT,DEN: 2020 Bey/Nnaji replace Nnaji/Hampton; Gordon package conditional,,NOT_CALCULATED,False,False,P3_REMAINDER
2021-03-15_GSW_LAL,2021-03-15,GSW,LAL,LAL,31,TRANSACTION_DEPENDENCY,,GSW: Wiggins core/Hutchison supplemental asset unresolved|LAL: AD upstream asset chain retained conditionally,NOT_CALCULATED,False,False,P3_REMAINDER
2021-03-16_BOS_UTA,2021-03-16,BOS,UTA,UTA,8,NO_DIRECT_DELTA_IDENTIFIED,,,NOT_CALCULATED,False,False,P3_REMAINDER
2021-03-16_MIA_CLE,2021-03-16,MIA,CLE,MIA,15,NO_DIRECT_DELTA_IDENTIFIED,,,NOT_CALCULATED,False,False,P3_REMAINDER
2021-03-16_HOU_ATL,2021-03-16,HOU,ATL,ATL,12,NO_DIRECT_DELTA_IDENTIFIED,,,NOT_CALCULATED,False,False,P3_REMAINDER
2021-03-16_PHI_NYK,2021-03-16,PHI,NYK,PHI,3,NO_DIRECT_DELTA_IDENTIFIED,,,NOT_CALCULATED,False,False,P3_REMAINDER
2021-03-16_POR_NOP,2021-03-16,POR,NOP,POR,1,DIRECT_ROSTER_CONTACT,POR: Trent absent; Powell absent and Hood retained in working path|NOP: 2020 Hayes replaces Kira,,NOT_CALCULATED,False,False,P3_REMAINDER
2021-03-16_LAL_MIN,2021-03-16,LAL,MIN,LAL,16,DIRECT_ROSTER_CONTACT,MIN: 2020 rival replaces Edwards,LAL: AD upstream asset chain retained conditionally,NOT_CALCULATED,False,False,P3_REMAINDER
2021-03-17_WAS_SAC,2021-03-17,WAS,SAC,SAC,2,DIRECT_ROSTER_CONTACT,WAS: Trent replaces Bonga; Brown retained after deadline,,NOT_CALCULATED,False,False,P3_REMAINDER
2021-03-17_DET_TOR,2021-03-17,DET,TOR,DET,4,DIRECT_ROSTER_CONTACT,DET: 2020 Patrick/Kira replace Hayes/Bey,,NOT_CALCULATED,False,False,P3_REMAINDER
2021-03-17_IND_BKN,2021-03-17,IND,BKN,BKN,9,NO_DIRECT_DELTA_IDENTIFIED,,,NOT_CALCULATED,False,False,P3_REMAINDER
2021-03-17_PHI_MIL,2021-03-17,PHI,MIL,MIL,4,NO_DIRECT_DELTA_IDENTIFIED,,,NOT_CALCULATED,False,False,P3_REMAINDER
2021-03-17_HOU_GSW,2021-03-17,HOU,GSW,GSW,14,TRANSACTION_DEPENDENCY,,GSW: Wiggins core/Hutchison supplemental asset unresolved,NOT_CALCULATED,False,False,P3_REMAINDER
2021-03-17_CLE_BOS,2021-03-17,CLE,BOS,CLE,7,NO_DIRECT_DELTA_IDENTIFIED,,,NOT_CALCULATED,False,False,P3_REMAINDER
2021-03-17_DEN_CHA,2021-03-17,DEN,CHA,DEN,25,DIRECT_ROSTER_CONTACT,DEN: 2020 Bey/Nnaji replace Nnaji/Hampton; Gordon package conditional|CHA: 2020 Edwards/Terry/center cascade,,NOT_CALCULATED,False,True,P2_BOUNDARY
2021-03-17_MEM_MIA,2021-03-17,MEM,MIA,MEM,4,NO_DIRECT_DELTA_IDENTIFIED,,,NOT_CALCULATED,False,False,P3_REMAINDER
2021-03-17_DAL_LAC,2021-03-17,DAL,LAC,DAL,16,DIRECT_ROSTER_CONTACT,DAL: 2020 Hampton replaces Terry,,NOT_CALCULATED,False,False,P3_REMAINDER
2021-03-18_WAS_UTA,2021-03-18,WAS,UTA,WAS,9,DIRECT_ROSTER_CONTACT,WAS: Trent replaces Bonga; Brown retained after deadline,,NOT_CALCULATED,False,True,P2_BOUNDARY
2021-03-18_ATL_OKC,2021-03-18,ATL,OKC,ATL,23,NO_DIRECT_DELTA_IDENTIFIED,,,NOT_CALCULATED,False,False,P3_REMAINDER
2021-03-18_NYK_ORL,2021-03-18,NYK,ORL,NYK,1,NO_DIRECT_DELTA_IDENTIFIED,,,NOT_CALCULATED,False,False,P3_REMAINDER
2021-03-18_POR_NOP,2021-03-18,POR,NOP,POR,8,DIRECT_ROSTER_CONTACT,POR: Trent absent; Powell absent and Hood retained in working path|NOP: 2020 Hayes replaces Kira,,NOT_CALCULATED,False,False,P3_REMAINDER
2021-03-18_PHX_MIN,2021-03-18,PHX,MIN,MIN,4,DIRECT_ROSTER_CONTACT,MIN: 2020 rival replaces Edwards,,NOT_CALCULATED,False,False,P3_REMAINDER
2021-03-18_LAL_CHA,2021-03-18,LAL,CHA,LAL,11,DIRECT_ROSTER_CONTACT,CHA: 2020 Edwards/Terry/center cascade,LAL: AD upstream asset chain retained conditionally,NOT_CALCULATED,False,True,P2_BOUNDARY
2021-03-19_BOS_SAC,2021-03-19,BOS,SAC,SAC,11,NO_DIRECT_DELTA_IDENTIFIED,,,NOT_CALCULATED,False,False,P3_REMAINDER
2021-03-19_CLE_SAS,2021-03-19,CLE,SAS,SAS,6,NO_DIRECT_DELTA_IDENTIFIED,,,NOT_CALCULATED,False,False,P3_REMAINDER
2021-03-19_TOR_UTA,2021-03-19,TOR,UTA,UTA,3,NO_DIRECT_DELTA_IDENTIFIED,,,NOT_CALCULATED,False,False,P3_REMAINDER
2021-03-19_MIA_IND,2021-03-19,MIA,IND,IND,27,NO_DIRECT_DELTA_IDENTIFIED,,,NOT_CALCULATED,False,True,P2_BOUNDARY
2021-03-19_MEM_GSW,2021-03-19,MEM,GSW,GSW,13,TRANSACTION_DEPENDENCY,,GSW: Wiggins core/Hutchison supplemental asset unresolved,NOT_CALCULATED,False,False,P3_REMAINDER
2021-03-19_HOU_DET,2021-03-19,HOU,DET,DET,13,DIRECT_ROSTER_CONTACT,DET: 2020 Patrick/Kira replace Hayes/Bey,,NOT_CALCULATED,False,False,P3_REMAINDER
2021-03-19_ORL_BKN,2021-03-19,ORL,BKN,ORL,8,NO_DIRECT_DELTA_IDENTIFIED,,,NOT_CALCULATED,False,False,P3_REMAINDER
2021-03-19_POR_DAL,2021-03-19,POR,DAL,POR,6,DIRECT_ROSTER_CONTACT,POR: Trent absent; Powell absent and Hood retained in working path|DAL: 2020 Hampton replaces Terry,,NOT_CALCULATED,False,False,P3_REMAINDER
2021-03-19_PHX_MIN,2021-03-19,PHX,MIN,PHX,12,DIRECT_ROSTER_CONTACT,MIN: 2020 rival replaces Edwards,,NOT_CALCULATED,False,False,P3_REMAINDER
2021-03-20_LAL_ATL,2021-03-20,LAL,ATL,ATL,5,TRANSACTION_DEPENDENCY,,LAL: AD upstream asset chain retained conditionally,NOT_CALCULATED,False,False,P3_REMAINDER
2021-03-20_PHI_SAC,2021-03-20,PHI,SAC,PHI,24,NO_DIRECT_DELTA_IDENTIFIED,,,NOT_CALCULATED,False,False,P3_REMAINDER
2021-03-20_MEM_GSW,2021-03-20,MEM,GSW,MEM,8,TRANSACTION_DEPENDENCY,,GSW: Wiggins core/Hutchison supplemental asset unresolved,NOT_CALCULATED,False,False,P3_REMAINDER
2021-03-20_MIL_SAS,2021-03-20,MIL,SAS,MIL,7,NO_DIRECT_DELTA_IDENTIFIED,,,NOT_CALCULATED,False,False,P3_REMAINDER
2021-03-20_LAC_CHA,2021-03-20,LAC,CHA,LAC,27,DIRECT_ROSTER_CONTACT,CHA: 2020 Edwards/Terry/center cascade,,NOT_CALCULATED,False,True,P2_BOUNDARY
2021-03-21_MIA_IND,2021-03-21,MIA,IND,IND,3,NO_DIRECT_DELTA_IDENTIFIED,,,NOT_CALCULATED,False,True,P1_BOUNDARY
2021-03-21_HOU_OKC,2021-03-21,HOU,OKC,OKC,2,NO_DIRECT_DELTA_IDENTIFIED,,,NOT_CALCULATED,False,False,P3_REMAINDER
2021-03-21_DEN_NOP,2021-03-21,DEN,NOP,NOP,5,DIRECT_ROSTER_CONTACT,DEN: 2020 Bey/Nnaji replace Nnaji/Hampton; Gordon package conditional|NOP: 2020 Hayes replaces Kira,,NOT_CALCULATED,False,False,P3_REMAINDER
2021-03-21_BOS_ORL,2021-03-21,BOS,ORL,BOS,16,NO_DIRECT_DELTA_IDENTIFIED,,,NOT_CALCULATED,False,False,P3_REMAINDER
2021-03-21_BKN_WAS,2021-03-21,BKN,WAS,BKN,7,DIRECT_ROSTER_CONTACT,WAS: Trent replaces Bonga; Brown retained after deadline,,NOT_CALCULATED,False,False,P3_REMAINDER
2021-03-21_CLE_TOR,2021-03-21,CLE,TOR,CLE,11,NO_DIRECT_DELTA_IDENTIFIED,,,NOT_CALCULATED,False,False,P3_REMAINDER
2021-03-21_NYK_PHI,2021-03-21,NYK,PHI,PHI,1,NO_DIRECT_DELTA_IDENTIFIED,,,NOT_CALCULATED,False,False,P3_REMAINDER
2021-03-21_POR_DAL,2021-03-21,POR,DAL,DAL,40,DIRECT_ROSTER_CONTACT,POR: Trent absent; Powell absent and Hood retained in working path|DAL: 2020 Hampton replaces Terry,,NOT_CALCULATED,False,False,P3_REMAINDER
2021-03-21_PHX_LAL,2021-03-21,PHX,LAL,PHX,17,TRANSACTION_DEPENDENCY,,LAL: AD upstream asset chain retained conditionally,NOT_CALCULATED,False,False,P3_REMAINDER
2021-03-22_CLE_SAC,2021-03-22,CLE,SAC,SAC,14,NO_DIRECT_DELTA_IDENTIFIED,,,NOT_CALCULATED,False,False,P3_REMAINDER
2021-03-22_MIN_OKC,2021-03-22,MIN,OKC,OKC,9,DIRECT_ROSTER_CONTACT,MIN: 2020 rival replaces Edwards,,NOT_CALCULATED,False,False,P3_REMAINDER
2021-03-22_SAS_CHA,2021-03-22,SAS,CHA,CHA,3,DIRECT_ROSTER_CONTACT,CHA: 2020 Edwards/Terry/center cascade,,NOT_CALCULATED,False,True,P1_BOUNDARY
2021-03-22_MIL_IND,2021-03-22,MIL,IND,MIL,27,NO_DIRECT_DELTA_IDENTIFIED,,,NOT_CALCULATED,False,False,P3_REMAINDER
2021-03-22_MEM_BOS,2021-03-22,MEM,BOS,MEM,6,NO_DIRECT_DELTA_IDENTIFIED,,,NOT_CALCULATED,False,False,P3_REMAINDER
2021-03-22_HOU_TOR,2021-03-22,HOU,TOR,HOU,18,NO_DIRECT_DELTA_IDENTIFIED,,,NOT_CALCULATED,False,False,P3_REMAINDER
2021-03-22_LAC_ATL,2021-03-22,LAC,ATL,LAC,9,NO_DIRECT_DELTA_IDENTIFIED,,,NOT_CALCULATED,False,False,P3_REMAINDER
2021-03-23_ORL_DEN,2021-03-23,ORL,DEN,DEN,11,DIRECT_ROSTER_CONTACT,DEN: 2020 Bey/Nnaji replace Nnaji/Hampton; Gordon package conditional,,NOT_CALCULATED,False,False,P3_REMAINDER
2021-03-23_NYK_WAS,2021-03-23,NYK,WAS,NYK,18,DIRECT_ROSTER_CONTACT,WAS: Trent replaces Bonga; Brown retained after deadline,,NOT_CALCULATED,False,False,P3_REMAINDER
2021-03-23_NOP_LAL,2021-03-23,NOP,LAL,NOP,17,DIRECT_ROSTER_CONTACT,NOP: 2020 Hayes replaces Kira,LAL: AD upstream asset chain retained conditionally,NOT_CALCULATED,False,False,P3_REMAINDER
2021-03-23_MIA_PHX,2021-03-23,MIA,PHX,PHX,10,NO_DIRECT_DELTA_IDENTIFIED,,,NOT_CALCULATED,False,False,P3_REMAINDER
2021-03-23_POR_BKN,2021-03-23,POR,BKN,BKN,4,DIRECT_ROSTER_CONTACT,POR: Trent absent; Powell absent and Hood retained in working path,,NOT_CALCULATED,False,False,P3_REMAINDER
2021-03-23_GSW_PHI,2021-03-23,GSW,PHI,PHI,10,TRANSACTION_DEPENDENCY,,GSW: Wiggins core/Hutchison supplemental asset unresolved,NOT_CALCULATED,False,False,P3_REMAINDER
2021-03-24_IND_DET,2021-03-24,IND,DET,IND,5,DIRECT_ROSTER_CONTACT,DET: 2020 Patrick/Kira replace Hayes/Bey,,NOT_CALCULATED,False,True,P2_BOUNDARY
2021-03-24_TOR_DEN,2021-03-24,TOR,DEN,TOR,24,DIRECT_ROSTER_CONTACT,DEN: 2020 Bey/Nnaji replace Nnaji/Hampton; Gordon package conditional,,NOT_CALCULATED,False,False,P3_REMAINDER
2021-03-24_MIL_BOS,2021-03-24,MIL,BOS,MIL,2,NO_DIRECT_DELTA_IDENTIFIED,,,NOT_CALCULATED,False,False,P3_REMAINDER
2021-03-24_ORL_PHX,2021-03-24,ORL,PHX,ORL,1,NO_DIRECT_DELTA_IDENTIFIED,,,NOT_CALCULATED,False,False,P3_REMAINDER
2021-03-24_OKC_MEM,2021-03-24,OKC,MEM,MEM,9,NO_DIRECT_DELTA_IDENTIFIED,,,NOT_CALCULATED,False,False,P3_REMAINDER
2021-03-24_MIN_DAL,2021-03-24,MIN,DAL,DAL,20,DIRECT_ROSTER_CONTACT,MIN: 2020 rival replaces Edwards|DAL: 2020 Hampton replaces Terry,,NOT_CALCULATED,False,False,P3_REMAINDER
2021-03-24_HOU_CHA,2021-03-24,HOU,CHA,CHA,25,DIRECT_ROSTER_CONTACT,CHA: 2020 Edwards/Terry/center cascade,,NOT_CALCULATED,False,True,P2_BOUNDARY
2021-03-24_SAS_LAC,2021-03-24,SAS,LAC,LAC,33,NO_DIRECT_DELTA_IDENTIFIED,,,NOT_CALCULATED,False,False,P3_REMAINDER
2021-03-24_UTA_BKN,2021-03-24,UTA,BKN,UTA,30,NO_DIRECT_DELTA_IDENTIFIED,,,NOT_CALCULATED,False,False,P3_REMAINDER
2021-03-24_SAC_ATL,2021-03-24,SAC,ATL,SAC,2,NO_DIRECT_DELTA_IDENTIFIED,,,NOT_CALCULATED,False,False,P3_REMAINDER
2021-03-25_MIA_POR,2021-03-25,MIA,POR,POR,3,DIRECT_ROSTER_CONTACT,POR: Trent absent; Powell absent and Hood retained in working path,,NOT_CALCULATED,False,False,P3_REMAINDER
2021-03-25_NYK_WAS,2021-03-25,NYK,WAS,NYK,4,DIRECT_ROSTER_CONTACT,WAS: Trent replaces Bonga; Brown retained after deadline,,NOT_CALCULATED,False,False,P3_REMAINDER
2021-03-25_SAS_LAC,2021-03-25,SAS,LAC,LAC,13,NO_DIRECT_DELTA_IDENTIFIED,,,NOT_CALCULATED,False,False,P3_REMAINDER
2021-03-25_LAL_PHI,2021-03-25,LAL,PHI,PHI,8,TRANSACTION_DEPENDENCY,,LAL: AD upstream asset chain retained conditionally,NOT_CALCULATED,False,False,P3_REMAINDER
2021-03-25_SAC_GSW,2021-03-25,SAC,GSW,SAC,22,TRANSACTION_DEPENDENCY,,GSW: Wiggins core/Hutchison supplemental asset unresolved,NOT_CALCULATED,False,False,P3_REMAINDER
2021-03-26_DET_BKN,2021-03-26,DET,BKN,BKN,2,DIRECT_ROSTER_CONTACT,DET: 2020 Patrick/Kira replace Hayes/Bey,,NOT_CALCULATED,False,False,P3_REMAINDER
2021-03-26_MIL_BOS,2021-03-26,MIL,BOS,BOS,8,TRANSACTION_DEPENDENCY,,BOS: Fournier/Wagner/Parker path conditional; observed roster can match,NOT_CALCULATED,False,False,P3_REMAINDER
2021-03-26_TOR_PHX,2021-03-26,TOR,PHX,PHX,4,DIRECT_ROSTER_CONTACT,TOR: Powell retained; Trent/Hood not acquired in working path,,NOT_CALCULATED,False,False,P3_REMAINDER
2021-03-26_CHA_MIA,2021-03-26,CHA,MIA,CHA,5,DIRECT_ROSTER_CONTACT,CHA: 2020 Edwards/Terry/center cascade,,NOT_CALCULATED,False,True,P2_BOUNDARY
2021-03-26_ORL_POR,2021-03-26,ORL,POR,POR,7,DIRECT_ROSTER_CONTACT,ORL: Vucevic/Aminu retained; Harris/Nnaji conditional|POR: Trent absent; Powell absent and Hood retained in working path,,NOT_CALCULATED,False,False,P3_REMAINDER
2021-03-26_MIN_HOU,2021-03-26,MIN,HOU,MIN,6,DIRECT_ROSTER_CONTACT,MIN: 2020 rival replaces Edwards,,NOT_CALCULATED,False,False,P3_REMAINDER
2021-03-26_NOP_DEN,2021-03-26,NOP,DEN,DEN,5,DIRECT_ROSTER_CONTACT,NOP: 2020 Hayes replaces Kira|DEN: 2020 Bey/Nnaji replace Nnaji/Hampton; Gordon package conditional,,NOT_CALCULATED,False,False,P3_REMAINDER
2021-03-26_DAL_IND,2021-03-26,DAL,IND,IND,15,DIRECT_ROSTER_CONTACT,DAL: 2020 Hampton replaces Terry,,NOT_CALCULATED,False,True,P2_BOUNDARY
2021-03-26_UTA_MEM,2021-03-26,UTA,MEM,UTA,3,NO_DIRECT_DELTA_IDENTIFIED,,,NOT_CALCULATED,False,False,P3_REMAINDER
2021-03-26_GSW_ATL,2021-03-26,GSW,ATL,ATL,16,TRANSACTION_DEPENDENCY,,GSW: Wiggins core/Hutchison supplemental asset unresolved,NOT_CALCULATED,False,False,P3_REMAINDER
2021-03-26_LAL_CLE,2021-03-26,LAL,CLE,LAL,14,TRANSACTION_DEPENDENCY,,LAL: AD upstream asset chain retained conditionally,NOT_CALCULATED,False,False,P3_REMAINDER
2021-03-27_MIN_HOU,2021-03-27,MIN,HOU,HOU,22,DIRECT_ROSTER_CONTACT,MIN: 2020 rival replaces Edwards,,NOT_CALCULATED,False,False,P3_REMAINDER
2021-03-27_WAS_DET,2021-03-27,WAS,DET,WAS,14,DIRECT_ROSTER_CONTACT,WAS: Trent replaces Bonga; Brown retained after deadline|DET: 2020 Patrick/Kira replace Hayes/Bey,,NOT_CALCULATED,False,True,P2_BOUNDARY
2021-03-27_MIL_NYK,2021-03-27,MIL,NYK,NYK,6,NO_DIRECT_DELTA_IDENTIFIED,,,NOT_CALCULATED,False,False,P3_REMAINDER
2021-03-27_OKC_BOS,2021-03-27,OKC,BOS,BOS,17,TRANSACTION_DEPENDENCY,,BOS: Fournier/Wagner/Parker path conditional; observed roster can match,NOT_CALCULATED,False,False,P3_REMAINDER
2021-03-27_NOP_DAL,2021-03-27,NOP,DAL,NOP,9,DIRECT_ROSTER_CONTACT,NOP: 2020 Hayes replaces Kira|DAL: 2020 Hampton replaces Terry,,NOT_CALCULATED,False,False,P3_REMAINDER
2021-03-27_UTA_MEM,2021-03-27,UTA,MEM,UTA,16,NO_DIRECT_DELTA_IDENTIFIED,,,NOT_CALCULATED,False,False,P3_REMAINDER
2021-03-27_SAC_CLE,2021-03-27,SAC,CLE,SAC,2,NO_DIRECT_DELTA_IDENTIFIED,,,NOT_CALCULATED,False,False,P3_REMAINDER
2021-03-27_LAC_PHI,2021-03-27,LAC,PHI,LAC,10,NO_DIRECT_DELTA_IDENTIFIED,,,NOT_CALCULATED,False,False,P3_REMAINDER
2021-03-28_CHA_PHX,2021-03-28,CHA,PHX,PHX,4,DIRECT_ROSTER_CONTACT,CHA: 2020 Edwards/Terry/center cascade,,NOT_CALCULATED,False,True,P2_BOUNDARY
2021-03-28_TOR_POR,2021-03-28,TOR,POR,POR,5,DIRECT_ROSTER_CONTACT,TOR: Powell retained; Trent/Hood not acquired in working path|POR: Trent absent; Powell absent and Hood retained in working path,,NOT_CALCULATED,False,False,P3_REMAINDER
2021-03-28_DEN_ATL,2021-03-28,DEN,ATL,DEN,24,DIRECT_ROSTER_CONTACT,DEN: 2020 Bey/Nnaji replace Nnaji/Hampton; Gordon package conditional,,NOT_CALCULATED,False,False,P3_REMAINDER
2021-03-28_LAL_ORL,2021-03-28,LAL,ORL,LAL,3,DIRECT_ROSTER_CONTACT,ORL: Vucevic/Aminu retained; Harris/Nnaji conditional,LAL: AD upstream asset chain retained conditionally,NOT_CALCULATED,False,False,P3_REMAINDER
2021-03-29_WAS_IND,2021-03-29,WAS,IND,WAS,8,DIRECT_ROSTER_CONTACT,WAS: Trent replaces Bonga; Brown retained after deadline,,NOT_CALCULATED,False,True,P2_BOUNDARY
2021-03-29_BKN_MIN,2021-03-29,BKN,MIN,BKN,5,DIRECT_ROSTER_CONTACT,MIN: 2020 rival replaces Edwards,,NOT_CALCULATED,False,False,P3_REMAINDER
2021-03-29_BOS_NOP,2021-03-29,BOS,NOP,NOP,6,DIRECT_ROSTER_CONTACT,NOP: 2020 Hayes replaces Kira,BOS: Fournier/Wagner/Parker path conditional; observed roster can match,NOT_CALCULATED,False,False,P3_REMAINDER
2021-03-29_NYK_MIA,2021-03-29,NYK,MIA,MIA,10,NO_DIRECT_DELTA_IDENTIFIED,,,NOT_CALCULATED,False,False,P3_REMAINDER
2021-03-29_HOU_MEM,2021-03-29,HOU,MEM,MEM,10,NO_DIRECT_DELTA_IDENTIFIED,,,NOT_CALCULATED,False,False,P3_REMAINDER
2021-03-29_DET_TOR,2021-03-29,DET,TOR,DET,14,DIRECT_ROSTER_CONTACT,DET: 2020 Patrick/Kira replace Hayes/Bey|TOR: Powell retained; Trent/Hood not acquired in working path,,NOT_CALCULATED,False,False,P3_REMAINDER
2021-03-29_OKC_DAL,2021-03-29,OKC,DAL,DAL,21,DIRECT_ROSTER_CONTACT,DAL: 2020 Hampton replaces Terry,,NOT_CALCULATED,False,False,P3_REMAINDER
2021-03-29_SAS_SAC,2021-03-29,SAS,SAC,SAC,17,NO_DIRECT_DELTA_IDENTIFIED,,,NOT_CALCULATED,False,False,P3_REMAINDER
2021-03-29_UTA_CLE,2021-03-29,UTA,CLE,UTA,39,NO_DIRECT_DELTA_IDENTIFIED,,,NOT_CALCULATED,False,False,P3_REMAINDER
2021-03-29_LAC_MIL,2021-03-29,LAC,MIL,LAC,24,NO_DIRECT_DELTA_IDENTIFIED,,,NOT_CALCULATED,False,False,P3_REMAINDER
2021-03-30_WAS_CHA,2021-03-30,WAS,CHA,CHA,10,DIRECT_ROSTER_CONTACT,WAS: Trent replaces Bonga; Brown retained after deadline|CHA: 2020 Edwards/Terry/center cascade,,NOT_CALCULATED,False,True,P2_BOUNDARY
2021-03-30_DEN_PHI,2021-03-30,DEN,PHI,DEN,9,DIRECT_ROSTER_CONTACT,DEN: 2020 Bey/Nnaji replace Nnaji/Hampton; Gordon package conditional,,NOT_CALCULATED,False,False,P3_REMAINDER
2021-03-30_LAC_ORL,2021-03-30,LAC,ORL,ORL,7,DIRECT_ROSTER_CONTACT,ORL: Vucevic/Aminu retained; Harris/Nnaji conditional,,NOT_CALCULATED,False,False,P3_REMAINDER
2021-03-30_PHX_ATL,2021-03-30,PHX,ATL,PHX,7,NO_DIRECT_DELTA_IDENTIFIED,,,NOT_CALCULATED,False,False,P3_REMAINDER
2021-03-31_IND_MIA,2021-03-31,IND,MIA,MIA,5,NO_DIRECT_DELTA_IDENTIFIED,,,NOT_CALCULATED,False,False,P3_REMAINDER
2021-03-31_DET_POR,2021-03-31,DET,POR,POR,23,DIRECT_ROSTER_CONTACT,DET: 2020 Patrick/Kira replace Hayes/Bey|POR: Trent absent; Powell absent and Hood retained in working path,,NOT_CALCULATED,False,False,P3_REMAINDER
2021-03-31_BOS_DAL,2021-03-31,BOS,DAL,DAL,5,DIRECT_ROSTER_CONTACT,DAL: 2020 Hampton replaces Terry,BOS: Fournier/Wagner/Parker path conditional; observed roster can match,NOT_CALCULATED,False,False,P3_REMAINDER
2021-03-31_BKN_HOU,2021-03-31,BKN,HOU,BKN,12,NO_DIRECT_DELTA_IDENTIFIED,,,NOT_CALCULATED,False,False,P3_REMAINDER
2021-03-31_MEM_UTA,2021-03-31,MEM,UTA,UTA,4,NO_DIRECT_DELTA_IDENTIFIED,,,NOT_CALCULATED,False,False,P3_REMAINDER
2021-03-31_MIN_NYK,2021-03-31,MIN,NYK,MIN,1,DIRECT_ROSTER_CONTACT,MIN: 2020 rival replaces Edwards,,NOT_CALCULATED,False,False,P3_REMAINDER
2021-03-31_OKC_TOR,2021-03-31,OKC,TOR,OKC,10,DIRECT_ROSTER_CONTACT,TOR: Powell retained; Trent/Hood not acquired in working path,,NOT_CALCULATED,False,False,P3_REMAINDER
2021-03-31_SAS_SAC,2021-03-31,SAS,SAC,SAS,14,NO_DIRECT_DELTA_IDENTIFIED,,,NOT_CALCULATED,False,False,P3_REMAINDER
2021-03-31_LAL_MIL,2021-03-31,LAL,MIL,MIL,15,TRANSACTION_DEPENDENCY,,LAL: AD upstream asset chain retained conditionally,NOT_CALCULATED,False,False,P3_REMAINDER
2021-04-01_DET_WAS,2021-04-01,DET,WAS,DET,29,DIRECT_ROSTER_CONTACT,DET: 2020 Patrick/Kira replace Hayes/Bey|WAS: Trent replaces Bonga; Brown retained after deadline,,NOT_CALCULATED,False,False,P3_REMAINDER
2021-04-01_CLE_PHI,2021-04-01,CLE,PHI,PHI,20,NO_DIRECT_DELTA_IDENTIFIED,,,NOT_CALCULATED,False,False,P3_REMAINDER
2021-04-01_BKN_CHA,2021-04-01,BKN,CHA,BKN,22,DIRECT_ROSTER_CONTACT,CHA: 2020 Edwards/Terry/center cascade,,NOT_CALCULATED,False,True,P2_BOUNDARY
2021-04-01_NOP_ORL,2021-04-01,NOP,ORL,ORL,5,DIRECT_ROSTER_CONTACT,NOP: 2020 Hayes replaces Kira|ORL: Vucevic/Aminu retained; Harris/Nnaji conditional,,NOT_CALCULATED,False,False,P3_REMAINDER
2021-04-01_MIA_GSW,2021-04-01,MIA,GSW,MIA,7,TRANSACTION_DEPENDENCY,,GSW: Wiggins core/Hutchison supplemental asset unresolved,NOT_CALCULATED,False,False,P3_REMAINDER
2021-04-01_SAS_ATL,2021-04-01,SAS,ATL,ATL,5,NO_DIRECT_DELTA_IDENTIFIED,,,NOT_CALCULATED,False,False,P3_REMAINDER
2021-04-01_LAC_DEN,2021-04-01,LAC,DEN,DEN,7,DIRECT_ROSTER_CONTACT,DEN: 2020 Bey/Nnaji replace Nnaji/Hampton; Gordon package conditional,,NOT_CALCULATED,False,False,P3_REMAINDER
2021-04-02_TOR_GSW,2021-04-02,TOR,GSW,TOR,53,DIRECT_ROSTER_CONTACT,TOR: Powell retained; Trent/Hood not acquired in working path,GSW: Wiggins core/Hutchison supplemental asset unresolved,NOT_CALCULATED,False,False,P3_REMAINDER
2021-04-02_BOS_HOU,2021-04-02,BOS,HOU,BOS,16,TRANSACTION_DEPENDENCY,,BOS: Fournier/Wagner/Parker path conditional; observed roster can match,NOT_CALCULATED,False,False,P3_REMAINDER
2021-04-02_NYK_DAL,2021-04-02,NYK,DAL,DAL,13,DIRECT_ROSTER_CONTACT,DAL: 2020 Hampton replaces Terry,,NOT_CALCULATED,False,False,P3_REMAINDER
2021-04-02_IND_CHA,2021-04-02,IND,CHA,CHA,17,DIRECT_ROSTER_CONTACT,CHA: 2020 Edwards/Terry/center cascade,,NOT_CALCULATED,False,True,P2_BOUNDARY
2021-04-02_MEM_MIN,2021-04-02,MEM,MIN,MEM,12,DIRECT_ROSTER_CONTACT,MIN: 2020 rival replaces Edwards,,NOT_CALCULATED,False,False,P3_REMAINDER
2021-04-02_NOP_ATL,2021-04-02,NOP,ATL,ATL,23,DIRECT_ROSTER_CONTACT,NOP: 2020 Hayes replaces Kira,,NOT_CALCULATED,False,False,P3_REMAINDER
2021-04-02_SAC_LAL,2021-04-02,SAC,LAL,LAL,21,TRANSACTION_DEPENDENCY,,LAL: AD upstream asset chain retained conditionally,NOT_CALCULATED,False,False,P3_REMAINDER
2021-04-02_PHX_OKC,2021-04-02,PHX,OKC,PHX,37,NO_DIRECT_DELTA_IDENTIFIED,,,NOT_CALCULATED,False,False,P3_REMAINDER
2021-04-02_POR_MIL,2021-04-02,POR,MIL,MIL,18,DIRECT_ROSTER_CONTACT,POR: Trent absent; Powell absent and Hood retained in working path,,NOT_CALCULATED,False,False,P3_REMAINDER
2021-04-03_WAS_DAL,2021-04-03,WAS,DAL,DAL,22,DIRECT_ROSTER_CONTACT,WAS: Trent replaces Bonga; Brown retained after deadline|DAL: 2020 Hampton replaces Terry,,NOT_CALCULATED,False,False,P3_REMAINDER
2021-04-03_DET_NYK,2021-04-03,DET,NYK,NYK,44,DIRECT_ROSTER_CONTACT,DET: 2020 Patrick/Kira replace Hayes/Bey,,NOT_CALCULATED,False,False,P3_REMAINDER
2021-04-03_PHI_MIN,2021-04-03,PHI,MIN,PHI,9,DIRECT_ROSTER_CONTACT,MIN: 2020 rival replaces Edwards,,NOT_CALCULATED,False,False,P3_REMAINDER
2021-04-03_MIA_CLE,2021-04-03,MIA,CLE,MIA,14,NO_DIRECT_DELTA_IDENTIFIED,,,NOT_CALCULATED,False,False,P3_REMAINDER
2021-04-03_SAS_IND,2021-04-03,SAS,IND,IND,6,NO_DIRECT_DELTA_IDENTIFIED,,,NOT_CALCULATED,False,True,P2_BOUNDARY
2021-04-03_UTA_ORL,2021-04-03,UTA,ORL,UTA,46,DIRECT_ROSTER_CONTACT,ORL: Vucevic/Aminu retained; Harris/Nnaji conditional,,NOT_CALCULATED,False,False,P3_REMAINDER
2021-04-03_SAC_MIL,2021-04-03,SAC,MIL,MIL,1,NO_DIRECT_DELTA_IDENTIFIED,,,NOT_CALCULATED,False,False,P3_REMAINDER
2021-04-03_POR_OKC,2021-04-03,POR,OKC,POR,48,DIRECT_ROSTER_CONTACT,POR: Trent absent; Powell absent and Hood retained in working path,,NOT_CALCULATED,False,False,P3_REMAINDER
2021-04-04_LAC_LAL,2021-04-04,LAC,LAL,LAC,18,TRANSACTION_DEPENDENCY,,LAL: AD upstream asset chain retained conditionally,NOT_CALCULATED,False,False,P3_REMAINDER
2021-04-04_BOS_CHA,2021-04-04,BOS,CHA,BOS,30,DIRECT_ROSTER_CONTACT,CHA: 2020 Edwards/Terry/center cascade,BOS: Fournier/Wagner/Parker path conditional; observed roster can match,NOT_CALCULATED,False,True,P2_BOUNDARY
2021-04-04_PHI_MEM,2021-04-04,PHI,MEM,MEM,16,NO_DIRECT_DELTA_IDENTIFIED,,,NOT_CALCULATED,False,False,P3_REMAINDER
2021-04-04_ATL_GSW,2021-04-04,ATL,GSW,ATL,6,TRANSACTION_DEPENDENCY,,GSW: Wiggins core/Hutchison supplemental asset unresolved,NOT_CALCULATED,False,False,P3_REMAINDER
2021-04-04_HOU_NOP,2021-04-04,HOU,NOP,NOP,7,DIRECT_ROSTER_CONTACT,NOP: 2020 Hayes replaces Kira,,NOT_CALCULATED,False,False,P3_REMAINDER
2021-04-04_DEN_ORL,2021-04-04,DEN,ORL,DEN,10,DIRECT_ROSTER_CONTACT,DEN: 2020 Bey/Nnaji replace Nnaji/Hampton; Gordon package conditional|ORL: Vucevic/Aminu retained; Harris/Nnaji conditional,,NOT_CALCULATED,False,False,P3_REMAINDER
2021-04-05_MIN_SAC,2021-04-05,MIN,SAC,MIN,10,DIRECT_ROSTER_CONTACT,MIN: 2020 rival replaces Edwards,,NOT_CALCULATED,False,False,P3_REMAINDER
2021-04-05_TOR_WAS,2021-04-05,TOR,WAS,TOR,2,DIRECT_ROSTER_CONTACT,TOR: Powell retained; Trent/Hood not acquired in working path|WAS: Trent replaces Bonga; Brown retained after deadline,,NOT_CALCULATED,False,False,P3_REMAINDER
2021-04-05_BKN_NYK,2021-04-05,BKN,NYK,BKN,2,NO_DIRECT_DELTA_IDENTIFIED,,,NOT_CALCULATED,False,False,P3_REMAINDER
2021-04-05_DAL_UTA,2021-04-05,DAL,UTA,DAL,8,DIRECT_ROSTER_CONTACT,DAL: 2020 Hampton replaces Terry,,NOT_CALCULATED,False,False,P3_REMAINDER
2021-04-05_OKC_DET,2021-04-05,OKC,DET,DET,24,DIRECT_ROSTER_CONTACT,DET: 2020 Patrick/Kira replace Hayes/Bey,,NOT_CALCULATED,False,False,P3_REMAINDER
2021-04-05_SAS_CLE,2021-04-05,SAS,CLE,CLE,24,NO_DIRECT_DELTA_IDENTIFIED,,,NOT_CALCULATED,False,False,P3_REMAINDER
2021-04-05_HOU_PHX,2021-04-05,HOU,PHX,PHX,3,NO_DIRECT_DELTA_IDENTIFIED,,,NOT_CALCULATED,False,False,P3_REMAINDER
2021-04-06_TOR_LAL,2021-04-06,TOR,LAL,LAL,9,DIRECT_ROSTER_CONTACT,TOR: Powell retained; Trent/Hood not acquired in working path,LAL: AD upstream asset chain retained conditionally,NOT_CALCULATED,False,False,P3_REMAINDER
2021-04-06_ATL_NOP,2021-04-06,ATL,NOP,ATL,16,DIRECT_ROSTER_CONTACT,NOP: 2020 Hayes replaces Kira,,NOT_CALCULATED,False,False,P3_REMAINDER
2021-04-06_BOS_PHI,2021-04-06,BOS,PHI,PHI,10,TRANSACTION_DEPENDENCY,,BOS: Fournier/Wagner/Parker path conditional; observed roster can match,NOT_CALCULATED,False,False,P3_REMAINDER
2021-04-06_MIA_MEM,2021-04-06,MIA,MEM,MEM,12,NO_DIRECT_DELTA_IDENTIFIED,,,NOT_CALCULATED,False,False,P3_REMAINDER
2021-04-06_DEN_DET,2021-04-06,DEN,DET,DEN,15,DIRECT_ROSTER_CONTACT,DEN: 2020 Bey/Nnaji replace Nnaji/Hampton; Gordon package conditional|DET: 2020 Patrick/Kira replace Hayes/Bey,,NOT_CALCULATED,False,False,P3_REMAINDER
2021-04-06_LAC_POR,2021-04-06,LAC,POR,LAC,17,DIRECT_ROSTER_CONTACT,POR: Trent absent; Powell absent and Hood retained in working path,,NOT_CALCULATED,False,False,P3_REMAINDER
2021-04-06_GSW_MIL,2021-04-06,GSW,MIL,GSW,1,TRANSACTION_DEPENDENCY,,GSW: Wiggins core/Hutchison supplemental asset unresolved,NOT_CALCULATED,False,False,P3_REMAINDER
2021-04-07_IND_MIN,2021-04-07,IND,MIN,IND,4,DIRECT_ROSTER_CONTACT,MIN: 2020 rival replaces Edwards,,NOT_CALCULATED,False,True,P2_BOUNDARY
2021-04-07_ORL_WAS,2021-04-07,ORL,WAS,WAS,15,DIRECT_ROSTER_CONTACT,ORL: Vucevic/Aminu retained; Harris/Nnaji conditional|WAS: Trent replaces Bonga; Brown retained after deadline,,NOT_CALCULATED,False,True,P2_BOUNDARY
2021-04-07_BKN_NOP,2021-04-07,BKN,NOP,BKN,28,DIRECT_ROSTER_CONTACT,NOP: 2020 Hayes replaces Kira,,NOT_CALCULATED,False,False,P3_REMAINDER
2021-04-07_BOS_NYK,2021-04-07,BOS,NYK,BOS,2,TRANSACTION_DEPENDENCY,,BOS: Fournier/Wagner/Parker path conditional; observed roster can match,NOT_CALCULATED,False,False,P3_REMAINDER
2021-04-07_ATL_MEM,2021-04-07,ATL,MEM,MEM,18,NO_DIRECT_DELTA_IDENTIFIED,,,NOT_CALCULATED,False,False,P3_REMAINDER
2021-04-07_HOU_DAL,2021-04-07,HOU,DAL,HOU,9,DIRECT_ROSTER_CONTACT,DAL: 2020 Hampton replaces Terry,,NOT_CALCULATED,False,False,P3_REMAINDER
2021-04-07_OKC_CHA,2021-04-07,OKC,CHA,CHA,11,DIRECT_ROSTER_CONTACT,CHA: 2020 Edwards/Terry/center cascade,,NOT_CALCULATED,False,True,P2_BOUNDARY
2021-04-07_DEN_SAS,2021-04-07,DEN,SAS,DEN,10,DIRECT_ROSTER_CONTACT,DEN: 2020 Bey/Nnaji replace Nnaji/Hampton; Gordon package conditional,,NOT_CALCULATED,False,False,P3_REMAINDER
2021-04-07_PHX_UTA,2021-04-07,PHX,UTA,PHX,4,NO_DIRECT_DELTA_IDENTIFIED,,,NOT_CALCULATED,False,False,P3_REMAINDER
2021-04-08_MIA_LAL,2021-04-08,MIA,LAL,MIA,6,TRANSACTION_DEPENDENCY,,LAL: AD upstream asset chain retained conditionally,NOT_CALCULATED,False,False,P3_REMAINDER
2021-04-08_OKC_CLE,2021-04-08,OKC,CLE,CLE,27,NO_DIRECT_DELTA_IDENTIFIED,,,NOT_CALCULATED,False,False,P3_REMAINDER
2021-04-08_DAL_MIL,2021-04-08,DAL,MIL,DAL,15,DIRECT_ROSTER_CONTACT,DAL: 2020 Hampton replaces Terry,,NOT_CALCULATED,False,False,P3_REMAINDER
2021-04-08_UTA_POR,2021-04-08,UTA,POR,UTA,19,DIRECT_ROSTER_CONTACT,POR: Trent absent; Powell absent and Hood retained in working path,,NOT_CALCULATED,False,False,P3_REMAINDER
2021-04-08_LAC_PHX,2021-04-08,LAC,PHX,LAC,10,NO_DIRECT_DELTA_IDENTIFIED,,,NOT_CALCULATED,False,False,P3_REMAINDER
2021-04-08_SAC_DET,2021-04-08,SAC,DET,DET,12,DIRECT_ROSTER_CONTACT,DET: 2020 Patrick/Kira replace Hayes/Bey,,NOT_CALCULATED,False,False,P3_REMAINDER
2021-04-09_ORL_IND,2021-04-09,ORL,IND,IND,5,DIRECT_ROSTER_CONTACT,ORL: Vucevic/Aminu retained; Harris/Nnaji conditional,,NOT_CALCULATED,False,True,P2_BOUNDARY
2021-04-09_NYK_MEM,2021-04-09,NYK,MEM,NYK,4,NO_DIRECT_DELTA_IDENTIFIED,,,NOT_CALCULATED,False,False,P3_REMAINDER
2021-04-09_BOS_MIN,2021-04-09,BOS,MIN,BOS,9,DIRECT_ROSTER_CONTACT,MIN: 2020 rival replaces Edwards,BOS: Fournier/Wagner/Parker path conditional; observed roster can match,NOT_CALCULATED,False,False,P3_REMAINDER
2021-04-09_NOP_PHI,2021-04-09,NOP,PHI,NOP,7,DIRECT_ROSTER_CONTACT,NOP: 2020 Hayes replaces Kira,,NOT_CALCULATED,False,False,P3_REMAINDER
2021-04-09_DEN_SAS,2021-04-09,DEN,SAS,DEN,2,DIRECT_ROSTER_CONTACT,DEN: 2020 Bey/Nnaji replace Nnaji/Hampton; Gordon package conditional,,NOT_CALCULATED,False,False,P3_REMAINDER
2021-04-09_MIL_CHA,2021-04-09,MIL,CHA,CHA,8,DIRECT_ROSTER_CONTACT,CHA: 2020 Edwards/Terry/center cascade,,NOT_CALCULATED,False,True,P2_BOUNDARY
2021-04-09_LAC_HOU,2021-04-09,LAC,HOU,LAC,17,NO_DIRECT_DELTA_IDENTIFIED,,,NOT_CALCULATED,False,False,P3_REMAINDER
2021-04-09_GSW_WAS,2021-04-09,GSW,WAS,WAS,3,DIRECT_ROSTER_CONTACT,WAS: Trent replaces Bonga; Brown retained after deadline,GSW: Wiggins core/Hutchison supplemental asset unresolved,NOT_CALCULATED,False,True,P1_BOUNDARY
2021-04-10_CLE_TOR,2021-04-10,CLE,TOR,TOR,20,DIRECT_ROSTER_CONTACT,TOR: Powell retained; Trent/Hood not acquired in working path,,NOT_CALCULATED,False,False,P3_REMAINDER
2021-04-10_BKN_LAL,2021-04-10,BKN,LAL,LAL,25,TRANSACTION_DEPENDENCY,,LAL: AD upstream asset chain retained conditionally,NOT_CALCULATED,False,False,P3_REMAINDER
2021-04-10_OKC_PHI,2021-04-10,OKC,PHI,PHI,24,NO_DIRECT_DELTA_IDENTIFIED,,,NOT_CALCULATED,False,False,P3_REMAINDER
2021-04-10_UTA_SAC,2021-04-10,UTA,SAC,UTA,16,NO_DIRECT_DELTA_IDENTIFIED,,,NOT_CALCULATED,False,False,P3_REMAINDER
2021-04-10_PHX_WAS,2021-04-10,PHX,WAS,PHX,28,DIRECT_ROSTER_CONTACT,WAS: Trent replaces Bonga; Brown retained after deadline,,NOT_CALCULATED,False,False,P3_REMAINDER
2021-04-10_POR_DET,2021-04-10,POR,DET,POR,15,DIRECT_ROSTER_CONTACT,POR: Trent absent; Powell absent and Hood retained in working path|DET: 2020 Patrick/Kira replace Hayes/Bey,,NOT_CALCULATED,False,False,P3_REMAINDER
2021-04-10_GSW_HOU,2021-04-10,GSW,HOU,GSW,16,TRANSACTION_DEPENDENCY,,GSW: Wiggins core/Hutchison supplemental asset unresolved,NOT_CALCULATED,False,False,P3_REMAINDER
2021-04-11_CHA_ATL,2021-04-11,CHA,ATL,ATL,4,DIRECT_ROSTER_CONTACT,CHA: 2020 Edwards/Terry/center cascade,,NOT_CALCULATED,False,True,P2_BOUNDARY
2021-04-11_DEN_BOS,2021-04-11,DEN,BOS,BOS,18,DIRECT_ROSTER_CONTACT,DEN: 2020 Bey/Nnaji replace Nnaji/Hampton; Gordon package conditional,BOS: Fournier/Wagner/Parker path conditional; observed roster can match,NOT_CALCULATED,False,False,P3_REMAINDER
2021-04-11_CLE_NOP,2021-04-11,CLE,NOP,NOP,7,DIRECT_ROSTER_CONTACT,NOP: 2020 Hayes replaces Kira,,NOT_CALCULATED,False,False,P3_REMAINDER
2021-04-11_ORL_MIL,2021-04-11,ORL,MIL,MIL,37,DIRECT_ROSTER_CONTACT,ORL: Vucevic/Aminu retained; Harris/Nnaji conditional,,NOT_CALCULATED,False,False,P3_REMAINDER
2021-04-11_DAL_SAS,2021-04-11,DAL,SAS,SAS,2,DIRECT_ROSTER_CONTACT,DAL: 2020 Hampton replaces Terry,,NOT_CALCULATED,False,False,P3_REMAINDER
2021-04-11_NYK_TOR,2021-04-11,NYK,TOR,NYK,6,DIRECT_ROSTER_CONTACT,TOR: Powell retained; Trent/Hood not acquired in working path,,NOT_CALCULATED,False,False,P3_REMAINDER
2021-04-11_MEM_IND,2021-04-11,MEM,IND,IND,7,NO_DIRECT_DELTA_IDENTIFIED,,,NOT_CALCULATED,False,True,P2_BOUNDARY
2021-04-11_POR_MIA,2021-04-11,POR,MIA,MIA,9,DIRECT_ROSTER_CONTACT,POR: Trent absent; Powell absent and Hood retained in working path,,NOT_CALCULATED,False,False,P3_REMAINDER
2021-04-11_LAC_DET,2021-04-11,LAC,DET,LAC,7,DIRECT_ROSTER_CONTACT,DET: 2020 Patrick/Kira replace Hayes/Bey,,NOT_CALCULATED,False,False,P3_REMAINDER
2021-04-12_DAL_PHI,2021-04-12,DAL,PHI,PHI,18,DIRECT_ROSTER_CONTACT,DAL: 2020 Hampton replaces Terry,,NOT_CALCULATED,False,False,P3_REMAINDER
2021-04-12_NYK_LAL,2021-04-12,NYK,LAL,NYK,15,TRANSACTION_DEPENDENCY,,LAL: AD upstream asset chain retained conditionally,NOT_CALCULATED,False,False,P3_REMAINDER
2021-04-12_ORL_SAS,2021-04-12,ORL,SAS,SAS,23,DIRECT_ROSTER_CONTACT,ORL: Vucevic/Aminu retained; Harris/Nnaji conditional,,NOT_CALCULATED,False,False,P3_REMAINDER
2021-04-12_UTA_WAS,2021-04-12,UTA,WAS,WAS,4,DIRECT_ROSTER_CONTACT,WAS: Trent replaces Bonga; Brown retained after deadline,,NOT_CALCULATED,False,True,P2_BOUNDARY
2021-04-12_NOP_SAC,2021-04-12,NOP,SAC,NOP,7,DIRECT_ROSTER_CONTACT,NOP: 2020 Hayes replaces Kira,,NOT_CALCULATED,False,False,P3_REMAINDER
2021-04-12_GSW_DEN,2021-04-12,GSW,DEN,GSW,9,DIRECT_ROSTER_CONTACT,DEN: 2020 Bey/Nnaji replace Nnaji/Hampton; Gordon package conditional,GSW: Wiggins core/Hutchison supplemental asset unresolved,NOT_CALCULATED,False,False,P3_REMAINDER
2021-04-12_PHX_HOU,2021-04-12,PHX,HOU,PHX,6,NO_DIRECT_DELTA_IDENTIFIED,,,NOT_CALCULATED,False,False,P3_REMAINDER
2021-04-13_MIN_BKN,2021-04-13,MIN,BKN,BKN,30,DIRECT_ROSTER_CONTACT,MIN: 2020 rival replaces Edwards,,NOT_CALCULATED,False,False,P3_REMAINDER
2021-04-13_TOR_ATL,2021-04-13,TOR,ATL,ATL,5,DIRECT_ROSTER_CONTACT,TOR: Powell retained; Trent/Hood not acquired in working path,,NOT_CALCULATED,False,False,P3_REMAINDER
2021-04-13_IND_LAC,2021-04-13,IND,LAC,LAC,11,NO_DIRECT_DELTA_IDENTIFIED,,,NOT_CALCULATED,False,False,P3_REMAINDER
2021-04-13_CHA_LAL,2021-04-13,CHA,LAL,LAL,8,DIRECT_ROSTER_CONTACT,CHA: 2020 Edwards/Terry/center cascade,LAL: AD upstream asset chain retained conditionally,NOT_CALCULATED,False,True,P2_BOUNDARY
2021-04-13_UTA_OKC,2021-04-13,UTA,OKC,UTA,10,NO_DIRECT_DELTA_IDENTIFIED,,,NOT_CALCULATED,False,False,P3_REMAINDER
2021-04-13_PHX_MIA,2021-04-13,PHX,MIA,PHX,20,NO_DIRECT_DELTA_IDENTIFIED,,,NOT_CALCULATED,False,False,P3_REMAINDER
2021-04-13_POR_BOS,2021-04-13,POR,BOS,BOS,1,DIRECT_ROSTER_CONTACT,POR: Trent absent; Powell absent and Hood retained in working path,BOS: Fournier/Wagner/Parker path conditional; observed roster can match,NOT_CALCULATED,False,False,P3_REMAINDER
2021-04-14_MIN_MIL,2021-04-14,MIN,MIL,MIL,25,DIRECT_ROSTER_CONTACT,MIN: 2020 rival replaces Edwards,,NOT_CALCULATED,False,False,P3_REMAINDER
2021-04-14_CHA_CLE,2021-04-14,CHA,CLE,CLE,13,DIRECT_ROSTER_CONTACT,CHA: 2020 Edwards/Terry/center cascade,,NOT_CALCULATED,False,True,P2_BOUNDARY
2021-04-14_PHI_BKN,2021-04-14,PHI,BKN,PHI,6,NO_DIRECT_DELTA_IDENTIFIED,,,NOT_CALCULATED,False,False,P3_REMAINDER
2021-04-14_TOR_SAS,2021-04-14,TOR,SAS,TOR,5,DIRECT_ROSTER_CONTACT,TOR: Powell retained; Trent/Hood not acquired in working path,,NOT_CALCULATED,False,False,P3_REMAINDER
2021-04-14_DET_LAC,2021-04-14,DET,LAC,LAC,2,DIRECT_ROSTER_CONTACT,DET: 2020 Patrick/Kira replace Hayes/Bey,,NOT_CALCULATED,False,False,P3_REMAINDER
2021-04-14_NOP_NYK,2021-04-14,NOP,NYK,NYK,10,DIRECT_ROSTER_CONTACT,NOP: 2020 Hayes replaces Kira,,NOT_CALCULATED,False,False,P3_REMAINDER
2021-04-14_OKC_GSW,2021-04-14,OKC,GSW,GSW,38,TRANSACTION_DEPENDENCY,,GSW: Wiggins core/Hutchison supplemental asset unresolved,NOT_CALCULATED,False,False,P3_REMAINDER
2021-04-14_HOU_IND,2021-04-14,HOU,IND,IND,8,NO_DIRECT_DELTA_IDENTIFIED,,,NOT_CALCULATED,False,True,P2_BOUNDARY
2021-04-14_MEM_DAL,2021-04-14,MEM,DAL,DAL,1,DIRECT_ROSTER_CONTACT,DAL: 2020 Hampton replaces Terry,,NOT_CALCULATED,False,False,P3_REMAINDER
2021-04-14_DEN_MIA,2021-04-14,DEN,MIA,DEN,17,DIRECT_ROSTER_CONTACT,DEN: 2020 Bey/Nnaji replace Nnaji/Hampton; Gordon package conditional,,NOT_CALCULATED,False,False,P3_REMAINDER
2021-04-14_SAC_WAS,2021-04-14,SAC,WAS,WAS,12,DIRECT_ROSTER_CONTACT,WAS: Trent replaces Bonga; Brown retained after deadline,,NOT_CALCULATED,False,True,P2_BOUNDARY
2021-04-15_ATL_MIL,2021-04-15,ATL,MIL,MIL,11,NO_DIRECT_DELTA_IDENTIFIED,,,NOT_CALCULATED,False,False,P3_REMAINDER
2021-04-15_CLE_GSW,2021-04-15,CLE,GSW,GSW,18,TRANSACTION_DEPENDENCY,,GSW: Wiggins core/Hutchison supplemental asset unresolved,NOT_CALCULATED,False,False,P3_REMAINDER
2021-04-15_LAL_BOS,2021-04-15,LAL,BOS,BOS,8,TRANSACTION_DEPENDENCY,,LAL: AD upstream asset chain retained conditionally|BOS: Fournier/Wagner/Parker path conditional; observed roster can match,NOT_CALCULATED,False,False,P3_REMAINDER
2021-04-15_PHX_SAC,2021-04-15,PHX,SAC,PHX,8,NO_DIRECT_DELTA_IDENTIFIED,,,NOT_CALCULATED,False,False,P3_REMAINDER
2021-04-16_UTA_IND,2021-04-16,UTA,IND,UTA,8,NO_DIRECT_DELTA_IDENTIFIED,,,NOT_CALCULATED,False,False,P3_REMAINDER
2021-04-16_DET_OKC,2021-04-16,DET,OKC,DET,6,DIRECT_ROSTER_CONTACT,DET: 2020 Patrick/Kira replace Hayes/Bey,,NOT_CALCULATED,False,False,P3_REMAINDER
2021-04-16_WAS_NOP,2021-04-16,WAS,NOP,WAS,2,DIRECT_ROSTER_CONTACT,WAS: Trent replaces Bonga; Brown retained after deadline|NOP: 2020 Hayes replaces Kira,,NOT_CALCULATED,False,True,P1_BOUNDARY
2021-04-16_PHI_LAC,2021-04-16,PHI,LAC,PHI,3,NO_DIRECT_DELTA_IDENTIFIED,,,NOT_CALCULATED,False,False,P3_REMAINDER
2021-04-16_BKN_CHA,2021-04-16,BKN,CHA,BKN,15,DIRECT_ROSTER_CONTACT,CHA: 2020 Edwards/Terry/center cascade,,NOT_CALCULATED,False,True,P2_BOUNDARY
2021-04-16_TOR_ORL,2021-04-16,TOR,ORL,TOR,11,DIRECT_ROSTER_CONTACT,TOR: Powell retained; Trent/Hood not acquired in working path|ORL: Vucevic/Aminu retained; Harris/Nnaji conditional,,NOT_CALCULATED,False,False,P3_REMAINDER
2021-04-16_MIN_MIA,2021-04-16,MIN,MIA,MIN,8,DIRECT_ROSTER_CONTACT,MIN: 2020 rival replaces Edwards,,NOT_CALCULATED,False,False,P3_REMAINDER
2021-04-16_HOU_DEN,2021-04-16,HOU,DEN,DEN,29,DIRECT_ROSTER_CONTACT,DEN: 2020 Bey/Nnaji replace Nnaji/Hampton; Gordon package conditional,,NOT_CALCULATED,False,False,P3_REMAINDER
2021-04-16_SAS_POR,2021-04-16,SAS,POR,POR,1,DIRECT_ROSTER_CONTACT,POR: Trent absent; Powell absent and Hood retained in working path,,NOT_CALCULATED,False,False,P3_REMAINDER
2021-04-16_DAL_NYK,2021-04-16,DAL,NYK,NYK,8,DIRECT_ROSTER_CONTACT,DAL: 2020 Hampton replaces Terry,,NOT_CALCULATED,False,False,P3_REMAINDER
2021-04-17_LAL_UTA,2021-04-17,LAL,UTA,LAL,12,TRANSACTION_DEPENDENCY,,LAL: AD upstream asset chain retained conditionally,NOT_CALCULATED,False,False,P3_REMAINDER
2021-04-17_WAS_DET,2021-04-17,WAS,DET,WAS,21,DIRECT_ROSTER_CONTACT,WAS: Trent replaces Bonga; Brown retained after deadline|DET: 2020 Patrick/Kira replace Hayes/Bey,,NOT_CALCULATED,False,True,P2_BOUNDARY
2021-04-17_BOS_GSW,2021-04-17,BOS,GSW,BOS,5,TRANSACTION_DEPENDENCY,,BOS: Fournier/Wagner/Parker path conditional; observed roster can match|GSW: Wiggins core/Hutchison supplemental asset unresolved,NOT_CALCULATED,False,False,P3_REMAINDER
2021-04-17_MIL_MEM,2021-04-17,MIL,MEM,MEM,13,NO_DIRECT_DELTA_IDENTIFIED,,,NOT_CALCULATED,False,False,P3_REMAINDER
2021-04-17_PHX_SAS,2021-04-17,PHX,SAS,SAS,26,NO_DIRECT_DELTA_IDENTIFIED,,,NOT_CALCULATED,False,False,P3_REMAINDER
2021-04-18_NYK_NOP,2021-04-18,NYK,NOP,NYK,10,DIRECT_ROSTER_CONTACT,NOP: 2020 Hayes replaces Kira,,NOT_CALCULATED,False,False,P3_REMAINDER
2021-04-18_ATL_IND,2021-04-18,ATL,IND,ATL,12,NO_DIRECT_DELTA_IDENTIFIED,,,NOT_CALCULATED,False,False,P3_REMAINDER
2021-04-18_MIA_BKN,2021-04-18,MIA,BKN,MIA,2,NO_DIRECT_DELTA_IDENTIFIED,,,NOT_CALCULATED,False,False,P3_REMAINDER
2021-04-18_ORL_HOU,2021-04-18,ORL,HOU,HOU,4,DIRECT_ROSTER_CONTACT,ORL: Vucevic/Aminu retained; Harris/Nnaji conditional,,NOT_CALCULATED,False,False,P3_REMAINDER
2021-04-18_CHA_POR,2021-04-18,CHA,POR,CHA,8,DIRECT_ROSTER_CONTACT,CHA: 2020 Edwards/Terry/center cascade|POR: Trent absent; Powell absent and Hood retained in working path,,NOT_CALCULATED,False,True,P2_BOUNDARY
2021-04-18_TOR_OKC,2021-04-18,TOR,OKC,TOR,6,DIRECT_ROSTER_CONTACT,TOR: Powell retained; Trent/Hood not acquired in working path,,NOT_CALCULATED,False,False,P3_REMAINDER
2021-04-18_DAL_SAC,2021-04-18,DAL,SAC,SAC,14,DIRECT_ROSTER_CONTACT,DAL: 2020 Hampton replaces Terry,,NOT_CALCULATED,False,False,P3_REMAINDER
2021-04-18_LAC_MIN,2021-04-18,LAC,MIN,LAC,19,DIRECT_ROSTER_CONTACT,MIN: 2020 rival replaces Edwards,,NOT_CALCULATED,False,False,P3_REMAINDER
2021-04-19_DET_CLE,2021-04-19,DET,CLE,DET,4,DIRECT_ROSTER_CONTACT,DET: 2020 Patrick/Kira replace Hayes/Bey,,NOT_CALCULATED,False,False,P3_REMAINDER
2021-04-19_PHI_GSW,2021-04-19,PHI,GSW,GSW,11,TRANSACTION_DEPENDENCY,,GSW: Wiggins core/Hutchison supplemental asset unresolved,NOT_CALCULATED,False,False,P3_REMAINDER
2021-04-19_IND_SAS,2021-04-19,IND,SAS,SAS,15,NO_DIRECT_DELTA_IDENTIFIED,,,NOT_CALCULATED,False,False,P3_REMAINDER
2021-04-19_WAS_OKC,2021-04-19,WAS,OKC,WAS,12,DIRECT_ROSTER_CONTACT,WAS: Trent replaces Bonga; Brown retained after deadline,,NOT_CALCULATED,False,True,P2_BOUNDARY
2021-04-19_MIL_PHX,2021-04-19,MIL,PHX,PHX,1,NO_DIRECT_DELTA_IDENTIFIED,,,NOT_CALCULATED,False,False,P3_REMAINDER
2021-04-19_MIA_HOU,2021-04-19,MIA,HOU,MIA,22,NO_DIRECT_DELTA_IDENTIFIED,,,NOT_CALCULATED,False,False,P3_REMAINDER
2021-04-19_DEN_MEM,2021-04-19,DEN,MEM,DEN,2,DIRECT_ROSTER_CONTACT,DEN: 2020 Bey/Nnaji replace Nnaji/Hampton; Gordon package conditional,,NOT_CALCULATED,False,False,P3_REMAINDER
2021-04-19_LAL_UTA,2021-04-19,LAL,UTA,UTA,14,TRANSACTION_DEPENDENCY,,LAL: AD upstream asset chain retained conditionally,NOT_CALCULATED,False,False,P3_REMAINDER
2021-04-20_NYK_CHA,2021-04-20,NYK,CHA,NYK,12,DIRECT_ROSTER_CONTACT,CHA: 2020 Edwards/Terry/center cascade,,NOT_CALCULATED,False,True,P2_BOUNDARY
2021-04-20_NOP_BKN,2021-04-20,NOP,BKN,BKN,5,DIRECT_ROSTER_CONTACT,NOP: 2020 Hayes replaces Kira,,NOT_CALCULATED,False,False,P3_REMAINDER
2021-04-20_ATL_ORL,2021-04-20,ATL,ORL,ATL,16,DIRECT_ROSTER_CONTACT,ORL: Vucevic/Aminu retained; Harris/Nnaji conditional,,NOT_CALCULATED,False,False,P3_REMAINDER
2021-04-20_SAC_MIN,2021-04-20,SAC,MIN,MIN,14,DIRECT_ROSTER_CONTACT,MIN: 2020 rival replaces Edwards,,NOT_CALCULATED,False,False,P3_REMAINDER
2021-04-20_POR_LAC,2021-04-20,POR,LAC,LAC,1,DIRECT_ROSTER_CONTACT,POR: Trent absent; Powell absent and Hood retained in working path,,NOT_CALCULATED,False,False,P3_REMAINDER
2021-04-21_WAS_GSW,2021-04-21,WAS,GSW,WAS,4,DIRECT_ROSTER_CONTACT,WAS: Trent replaces Bonga; Brown retained after deadline,GSW: Wiggins core/Hutchison supplemental asset unresolved,NOT_CALCULATED,False,True,P2_BOUNDARY
2021-04-21_TOR_BKN,2021-04-21,TOR,BKN,TOR,11,DIRECT_ROSTER_CONTACT,TOR: Powell retained; Trent/Hood not acquired in working path,,NOT_CALCULATED,False,False,P3_REMAINDER
2021-04-21_PHI_PHX,2021-04-21,PHI,PHX,PHX,3,NO_DIRECT_DELTA_IDENTIFIED,,,NOT_CALCULATED,False,False,P3_REMAINDER
2021-04-21_IND_OKC,2021-04-21,IND,OKC,IND,6,NO_DIRECT_DELTA_IDENTIFIED,,,NOT_CALCULATED,False,True,P2_BOUNDARY
2021-04-21_NYK_ATL,2021-04-21,NYK,ATL,NYK,10,NO_DIRECT_DELTA_IDENTIFIED,,,NOT_CALCULATED,False,False,P3_REMAINDER
2021-04-21_HOU_UTA,2021-04-21,HOU,UTA,UTA,23,NO_DIRECT_DELTA_IDENTIFIED,,,NOT_CALCULATED,False,False,P3_REMAINDER
2021-04-21_DAL_DET,2021-04-21,DAL,DET,DAL,10,DIRECT_ROSTER_CONTACT,DAL: 2020 Hampton replaces Terry|DET: 2020 Patrick/Kira replace Hayes/Bey,,NOT_CALCULATED,False,False,P3_REMAINDER
2021-04-21_SAS_MIA,2021-04-21,SAS,MIA,MIA,20,NO_DIRECT_DELTA_IDENTIFIED,,,NOT_CALCULATED,False,False,P3_REMAINDER
2021-04-21_LAC_MEM,2021-04-21,LAC,MEM,LAC,12,NO_DIRECT_DELTA_IDENTIFIED,,,NOT_CALCULATED,False,False,P3_REMAINDER
2021-04-21_SAC_MIN,2021-04-21,SAC,MIN,SAC,3,DIRECT_ROSTER_CONTACT,MIN: 2020 rival replaces Edwards,,NOT_CALCULATED,False,False,P3_REMAINDER
2021-04-21_POR_DEN,2021-04-21,POR,DEN,DEN,1,DIRECT_ROSTER_CONTACT,POR: Trent absent; Powell absent and Hood retained in working path|DEN: 2020 Bey/Nnaji replace Nnaji/Hampton; Gordon package conditional,,NOT_CALCULATED,False,False,P3_REMAINDER
2021-04-22_BOS_PHX,2021-04-22,BOS,PHX,BOS,13,TRANSACTION_DEPENDENCY,,BOS: Fournier/Wagner/Parker path conditional; observed roster can match,NOT_CALCULATED,False,False,P3_REMAINDER
2021-04-22_ORL_NOP,2021-04-22,ORL,NOP,NOP,35,DIRECT_ROSTER_CONTACT,ORL: Vucevic/Aminu retained; Harris/Nnaji conditional|NOP: 2020 Hayes replaces Kira,,NOT_CALCULATED,False,False,P3_REMAINDER
2021-04-22_MIL_PHI,2021-04-22,MIL,PHI,MIL,7,NO_DIRECT_DELTA_IDENTIFIED,,,NOT_CALCULATED,False,False,P3_REMAINDER
2021-04-22_SAS_DET,2021-04-22,SAS,DET,SAS,15,DIRECT_ROSTER_CONTACT,DET: 2020 Patrick/Kira replace Hayes/Bey,,NOT_CALCULATED,False,False,P3_REMAINDER
2021-04-22_DAL_LAL,2021-04-22,DAL,LAL,DAL,5,DIRECT_ROSTER_CONTACT,DAL: 2020 Hampton replaces Terry,LAL: AD upstream asset chain retained conditionally,NOT_CALCULATED,False,False,P3_REMAINDER
2021-04-23_BKN_BOS,2021-04-23,BKN,BOS,BKN,5,TRANSACTION_DEPENDENCY,,BOS: Fournier/Wagner/Parker path conditional; observed roster can match,NOT_CALCULATED,False,False,P3_REMAINDER
2021-04-23_ATL_MIA,2021-04-23,ATL,MIA,ATL,15,NO_DIRECT_DELTA_IDENTIFIED,,,NOT_CALCULATED,False,False,P3_REMAINDER
2021-04-23_HOU_LAC,2021-04-23,HOU,LAC,LAC,5,NO_DIRECT_DELTA_IDENTIFIED,,,NOT_CALCULATED,False,False,P3_REMAINDER
2021-04-23_CHA_CLE,2021-04-23,CHA,CLE,CHA,6,DIRECT_ROSTER_CONTACT,CHA: 2020 Edwards/Terry/center cascade,,NOT_CALCULATED,False,True,P2_BOUNDARY
2021-04-23_OKC_WAS,2021-04-23,OKC,WAS,WAS,20,DIRECT_ROSTER_CONTACT,WAS: Trent replaces Bonga; Brown retained after deadline,,NOT_CALCULATED,False,True,P2_BOUNDARY
2021-04-23_GSW_DEN,2021-04-23,GSW,DEN,GSW,21,DIRECT_ROSTER_CONTACT,DEN: 2020 Bey/Nnaji replace Nnaji/Hampton; Gordon package conditional,GSW: Wiggins core/Hutchison supplemental asset unresolved,NOT_CALCULATED,False,False,P3_REMAINDER
2021-04-23_POR_MEM,2021-04-23,POR,MEM,MEM,2,DIRECT_ROSTER_CONTACT,POR: Trent absent; Powell absent and Hood retained in working path,,NOT_CALCULATED,False,False,P3_REMAINDER
2021-04-24_NYK_TOR,2021-04-24,NYK,TOR,NYK,17,DIRECT_ROSTER_CONTACT,TOR: Powell retained; Trent/Hood not acquired in working path,,NOT_CALCULATED,False,False,P3_REMAINDER
2021-04-24_MIL_PHI,2021-04-24,MIL,PHI,MIL,38,NO_DIRECT_DELTA_IDENTIFIED,,,NOT_CALCULATED,False,False,P3_REMAINDER
2021-04-24_IND_DET,2021-04-24,IND,DET,IND,6,DIRECT_ROSTER_CONTACT,DET: 2020 Patrick/Kira replace Hayes/Bey,,NOT_CALCULATED,False,True,P2_BOUNDARY
2021-04-24_NOP_SAS,2021-04-24,NOP,SAS,SAS,2,DIRECT_ROSTER_CONTACT,NOP: 2020 Hayes replaces Kira,,NOT_CALCULATED,False,False,P3_REMAINDER
2021-04-24_DAL_LAL,2021-04-24,DAL,LAL,DAL,15,DIRECT_ROSTER_CONTACT,DAL: 2020 Hampton replaces Terry,LAL: AD upstream asset chain retained conditionally,NOT_CALCULATED,False,False,P3_REMAINDER
2021-04-24_UTA_MIN,2021-04-24,UTA,MIN,MIN,5,DIRECT_ROSTER_CONTACT,MIN: 2020 rival replaces Edwards,,NOT_CALCULATED,False,False,P3_REMAINDER
2021-04-24_DEN_HOU,2021-04-24,DEN,HOU,DEN,13,DIRECT_ROSTER_CONTACT,DEN: 2020 Bey/Nnaji replace Nnaji/Hampton; Gordon package conditional,,NOT_CALCULATED,False,False,P3_REMAINDER
2021-04-25_CHA_BOS,2021-04-25,CHA,BOS,CHA,21,DIRECT_ROSTER_CONTACT,CHA: 2020 Edwards/Terry/center cascade,BOS: Fournier/Wagner/Parker path conditional; observed roster can match,NOT_CALCULATED,False,True,P2_BOUNDARY
2021-04-25_BKN_PHX,2021-04-25,BKN,PHX,BKN,9,NO_DIRECT_DELTA_IDENTIFIED,,,NOT_CALCULATED,False,False,P3_REMAINDER
2021-04-25_POR_MEM,2021-04-25,POR,MEM,MEM,7,DIRECT_ROSTER_CONTACT,POR: Trent absent; Powell absent and Hood retained in working path,,NOT_CALCULATED,False,False,P3_REMAINDER
2021-04-25_WAS_CLE,2021-04-25,WAS,CLE,WAS,9,DIRECT_ROSTER_CONTACT,WAS: Trent replaces Bonga; Brown retained after deadline,,NOT_CALCULATED,False,True,P2_BOUNDARY
2021-04-25_ATL_MIL,2021-04-25,ATL,MIL,ATL,7,NO_DIRECT_DELTA_IDENTIFIED,,,NOT_CALCULATED,False,False,P3_REMAINDER
2021-04-25_ORL_IND,2021-04-25,ORL,IND,IND,19,DIRECT_ROSTER_CONTACT,ORL: Vucevic/Aminu retained; Harris/Nnaji conditional,,NOT_CALCULATED,False,True,P2_BOUNDARY
2021-04-25_GSW_SAC,2021-04-25,GSW,SAC,GSW,4,TRANSACTION_DEPENDENCY,,GSW: Wiggins core/Hutchison supplemental asset unresolved,NOT_CALCULATED,False,False,P3_REMAINDER
2021-04-26_WAS_SAS,2021-04-26,WAS,SAS,SAS,3,DIRECT_ROSTER_CONTACT,WAS: Trent replaces Bonga; Brown retained after deadline,,NOT_CALCULATED,False,False,P3_REMAINDER
2021-04-26_PHI_OKC,2021-04-26,PHI,OKC,PHI,31,NO_DIRECT_DELTA_IDENTIFIED,,,NOT_CALCULATED,False,False,P3_REMAINDER
2021-04-26_ORL_LAL,2021-04-26,ORL,LAL,LAL,11,DIRECT_ROSTER_CONTACT,ORL: Vucevic/Aminu retained; Harris/Nnaji conditional,LAL: AD upstream asset chain retained conditionally,NOT_CALCULATED,False,False,P3_REMAINDER
2021-04-26_DET_ATL,2021-04-26,DET,ATL,DET,14,DIRECT_ROSTER_CONTACT,DET: 2020 Patrick/Kira replace Hayes/Bey,,NOT_CALCULATED,False,False,P3_REMAINDER
2021-04-26_NYK_PHX,2021-04-26,NYK,PHX,PHX,8,NO_DIRECT_DELTA_IDENTIFIED,,,NOT_CALCULATED,False,False,P3_REMAINDER
2021-04-26_TOR_CLE,2021-04-26,TOR,CLE,TOR,16,DIRECT_ROSTER_CONTACT,TOR: Powell retained; Trent/Hood not acquired in working path,,NOT_CALCULATED,False,False,P3_REMAINDER
2021-04-26_NOP_LAC,2021-04-26,NOP,LAC,NOP,17,DIRECT_ROSTER_CONTACT,NOP: 2020 Hayes replaces Kira,,NOT_CALCULATED,False,False,P3_REMAINDER
2021-04-26_MIN_UTA,2021-04-26,MIN,UTA,MIN,1,DIRECT_ROSTER_CONTACT,MIN: 2020 rival replaces Edwards,,NOT_CALCULATED,False,False,P3_REMAINDER
2021-04-26_DEN_MEM,2021-04-26,DEN,MEM,DEN,24,DIRECT_ROSTER_CONTACT,DEN: 2020 Bey/Nnaji replace Nnaji/Hampton; Gordon package conditional,,NOT_CALCULATED,False,False,P3_REMAINDER
2021-04-26_SAC_DAL,2021-04-26,SAC,DAL,SAC,7,DIRECT_ROSTER_CONTACT,DAL: 2020 Hampton replaces Terry,,NOT_CALCULATED,False,False,P3_REMAINDER
2021-04-27_CHA_MIL,2021-04-27,CHA,MIL,MIL,10,DIRECT_ROSTER_CONTACT,CHA: 2020 Edwards/Terry/center cascade,,NOT_CALCULATED,False,True,P2_BOUNDARY
2021-04-27_IND_POR,2021-04-27,IND,POR,POR,21,DIRECT_ROSTER_CONTACT,POR: Trent absent; Powell absent and Hood retained in working path,,NOT_CALCULATED,False,False,P3_REMAINDER
2021-04-27_BOS_OKC,2021-04-27,BOS,OKC,OKC,4,TRANSACTION_DEPENDENCY,,BOS: Fournier/Wagner/Parker path conditional; observed roster can match,NOT_CALCULATED,False,False,P3_REMAINDER
2021-04-27_TOR_BKN,2021-04-27,TOR,BKN,BKN,13,DIRECT_ROSTER_CONTACT,TOR: Powell retained; Trent/Hood not acquired in working path,,NOT_CALCULATED,False,False,P3_REMAINDER
2021-04-27_HOU_MIN,2021-04-27,HOU,MIN,MIN,7,DIRECT_ROSTER_CONTACT,MIN: 2020 rival replaces Edwards,,NOT_CALCULATED,False,False,P3_REMAINDER
2021-04-27_GSW_DAL,2021-04-27,GSW,DAL,DAL,30,DIRECT_ROSTER_CONTACT,DAL: 2020 Hampton replaces Terry,GSW: Wiggins core/Hutchison supplemental asset unresolved,NOT_CALCULATED,False,False,P3_REMAINDER
2021-04-28_CLE_ORL,2021-04-28,CLE,ORL,ORL,5,DIRECT_ROSTER_CONTACT,ORL: Vucevic/Aminu retained; Harris/Nnaji conditional,,NOT_CALCULATED,False,False,P3_REMAINDER
2021-04-28_PHI_ATL,2021-04-28,PHI,ATL,PHI,44,NO_DIRECT_DELTA_IDENTIFIED,,,NOT_CALCULATED,False,False,P3_REMAINDER
2021-04-28_WAS_LAL,2021-04-28,WAS,LAL,WAS,9,DIRECT_ROSTER_CONTACT,WAS: Trent replaces Bonga; Brown retained after deadline,LAL: AD upstream asset chain retained conditionally,NOT_CALCULATED,False,True,P2_BOUNDARY
2021-04-28_BOS_CHA,2021-04-28,BOS,CHA,BOS,9,DIRECT_ROSTER_CONTACT,CHA: 2020 Edwards/Terry/center cascade,BOS: Fournier/Wagner/Parker path conditional; observed roster can match,NOT_CALCULATED,False,True,P2_BOUNDARY
2021-04-28_MIA_SAS,2021-04-28,MIA,SAS,MIA,5,NO_DIRECT_DELTA_IDENTIFIED,,,NOT_CALCULATED,False,False,P3_REMAINDER
2021-04-28_MEM_POR,2021-04-28,MEM,POR,POR,21,DIRECT_ROSTER_CONTACT,POR: Trent absent; Powell absent and Hood retained in working path,,NOT_CALCULATED,False,False,P3_REMAINDER
2021-04-28_DEN_NOP,2021-04-28,DEN,NOP,DEN,2,DIRECT_ROSTER_CONTACT,DEN: 2020 Bey/Nnaji replace Nnaji/Hampton; Gordon package conditional|NOP: 2020 Hayes replaces Kira,,NOT_CALCULATED,False,False,P3_REMAINDER
2021-04-28_SAC_UTA,2021-04-28,SAC,UTA,UTA,49,NO_DIRECT_DELTA_IDENTIFIED,,,NOT_CALCULATED,False,False,P3_REMAINDER
2021-04-28_PHX_LAC,2021-04-28,PHX,LAC,PHX,8,NO_DIRECT_DELTA_IDENTIFIED,,,NOT_CALCULATED,False,False,P3_REMAINDER
2021-04-29_DET_DAL,2021-04-29,DET,DAL,DAL,10,DIRECT_ROSTER_CONTACT,DET: 2020 Patrick/Kira replace Hayes/Bey|DAL: 2020 Hampton replaces Terry,,NOT_CALCULATED,False,False,P3_REMAINDER
2021-04-29_IND_BKN,2021-04-29,IND,BKN,BKN,17,NO_DIRECT_DELTA_IDENTIFIED,,,NOT_CALCULATED,False,False,P3_REMAINDER
2021-04-29_MIN_GSW,2021-04-29,MIN,GSW,MIN,12,DIRECT_ROSTER_CONTACT,MIN: 2020 rival replaces Edwards,GSW: Wiggins core/Hutchison supplemental asset unresolved,NOT_CALCULATED,False,False,P3_REMAINDER
2021-04-29_HOU_MIL,2021-04-29,HOU,MIL,HOU,7,NO_DIRECT_DELTA_IDENTIFIED,,,NOT_CALCULATED,False,False,P3_REMAINDER
2021-04-29_OKC_NOP,2021-04-29,OKC,NOP,NOP,14,DIRECT_ROSTER_CONTACT,NOP: 2020 Hayes replaces Kira,,NOT_CALCULATED,False,False,P3_REMAINDER
2021-04-29_DEN_TOR,2021-04-29,DEN,TOR,DEN,10,DIRECT_ROSTER_CONTACT,DEN: 2020 Bey/Nnaji replace Nnaji/Hampton; Gordon package conditional|TOR: Powell retained; Trent/Hood not acquired in working path,,NOT_CALCULATED,False,False,P3_REMAINDER
2021-04-30_PHI_ATL,2021-04-30,PHI,ATL,PHI,22,NO_DIRECT_DELTA_IDENTIFIED,,,NOT_CALCULATED,False,False,P3_REMAINDER
2021-04-30_CLE_WAS,2021-04-30,CLE,WAS,WAS,29,DIRECT_ROSTER_CONTACT,WAS: Trent replaces Bonga; Brown retained after deadline,,NOT_CALCULATED,False,True,P2_BOUNDARY
2021-04-30_BOS_SAS,2021-04-30,BOS,SAS,BOS,3,TRANSACTION_DEPENDENCY,,BOS: Fournier/Wagner/Parker path conditional; observed roster can match,NOT_CALCULATED,False,False,P3_REMAINDER
2021-04-30_BKN_POR,2021-04-30,BKN,POR,POR,19,DIRECT_ROSTER_CONTACT,POR: Trent absent; Powell absent and Hood retained in working path,,NOT_CALCULATED,False,False,P3_REMAINDER
2021-04-30_MEM_ORL,2021-04-30,MEM,ORL,MEM,17,DIRECT_ROSTER_CONTACT,ORL: Vucevic/Aminu retained; Harris/Nnaji conditional,,NOT_CALCULATED,False,False,P3_REMAINDER
2021-04-30_PHX_UTA,2021-04-30,PHX,UTA,PHX,21,NO_DIRECT_DELTA_IDENTIFIED,,,NOT_CALCULATED,False,False,P3_REMAINDER
2021-04-30_LAL_SAC,2021-04-30,LAL,SAC,SAC,4,TRANSACTION_DEPENDENCY,,LAL: AD upstream asset chain retained conditionally,NOT_CALCULATED,False,False,P3_REMAINDER
2021-05-01_CHA_DET,2021-05-01,CHA,DET,CHA,13,DIRECT_ROSTER_CONTACT,CHA: 2020 Edwards/Terry/center cascade|DET: 2020 Patrick/Kira replace Hayes/Bey,,NOT_CALCULATED,False,True,P2_BOUNDARY
2021-05-01_HOU_GSW,2021-05-01,HOU,GSW,GSW,26,TRANSACTION_DEPENDENCY,,GSW: Wiggins core/Hutchison supplemental asset unresolved,NOT_CALCULATED,False,False,P3_REMAINDER
2021-05-01_CLE_MIA,2021-05-01,CLE,MIA,MIA,17,NO_DIRECT_DELTA_IDENTIFIED,,,NOT_CALCULATED,False,False,P3_REMAINDER
2021-05-01_OKC_IND,2021-05-01,OKC,IND,IND,57,NO_DIRECT_DELTA_IDENTIFIED,,,NOT_CALCULATED,False,True,P2_BOUNDARY
2021-05-01_MIN_NOP,2021-05-01,MIN,NOP,NOP,4,DIRECT_ROSTER_CONTACT,MIN: 2020 rival replaces Edwards|NOP: 2020 Hayes replaces Kira,,NOT_CALCULATED,False,False,P3_REMAINDER
2021-05-01_ORL_MEM,2021-05-01,ORL,MEM,ORL,1,DIRECT_ROSTER_CONTACT,ORL: Vucevic/Aminu retained; Harris/Nnaji conditional,,NOT_CALCULATED,False,False,P3_REMAINDER
2021-05-01_DAL_WAS,2021-05-01,DAL,WAS,DAL,1,DIRECT_ROSTER_CONTACT,DAL: 2020 Hampton replaces Terry|WAS: Trent replaces Bonga; Brown retained after deadline,,NOT_CALCULATED,False,False,P3_REMAINDER
2021-05-01_LAC_DEN,2021-05-01,LAC,DEN,DEN,6,DIRECT_ROSTER_CONTACT,DEN: 2020 Bey/Nnaji replace Nnaji/Hampton; Gordon package conditional,,NOT_CALCULATED,False,False,P3_REMAINDER
2021-05-01_UTA_TOR,2021-05-01,UTA,TOR,UTA,4,DIRECT_ROSTER_CONTACT,TOR: Powell retained; Trent/Hood not acquired in working path,,NOT_CALCULATED,False,False,P3_REMAINDER
2021-05-02_MIL_BKN,2021-05-02,MIL,BKN,MIL,3,NO_DIRECT_DELTA_IDENTIFIED,,,NOT_CALCULATED,False,False,P3_REMAINDER
2021-05-02_BOS_POR,2021-05-02,BOS,POR,POR,10,DIRECT_ROSTER_CONTACT,POR: Trent absent; Powell absent and Hood retained in working path,BOS: Fournier/Wagner/Parker path conditional; observed roster can match,NOT_CALCULATED,False,False,P3_REMAINDER
2021-05-02_CHA_MIA,2021-05-02,CHA,MIA,MIA,10,DIRECT_ROSTER_CONTACT,CHA: 2020 Edwards/Terry/center cascade,,NOT_CALCULATED,False,True,P2_BOUNDARY
2021-05-02_SAS_PHI,2021-05-02,SAS,PHI,PHI,2,NO_DIRECT_DELTA_IDENTIFIED,,,NOT_CALCULATED,False,False,P3_REMAINDER
2021-05-02_OKC_PHX,2021-05-02,OKC,PHX,PHX,3,NO_DIRECT_DELTA_IDENTIFIED,,,NOT_CALCULATED,False,False,P3_REMAINDER
2021-05-02_DAL_SAC,2021-05-02,DAL,SAC,SAC,12,DIRECT_ROSTER_CONTACT,DAL: 2020 Hampton replaces Terry,,NOT_CALCULATED,False,False,P3_REMAINDER
2021-05-02_HOU_NYK,2021-05-02,HOU,NYK,NYK,25,NO_DIRECT_DELTA_IDENTIFIED,,,NOT_CALCULATED,False,False,P3_REMAINDER
2021-05-02_LAL_TOR,2021-05-02,LAL,TOR,TOR,7,DIRECT_ROSTER_CONTACT,TOR: Powell retained; Trent/Hood not acquired in working path,LAL: AD upstream asset chain retained conditionally,NOT_CALCULATED,False,False,P3_REMAINDER
2021-05-03_WAS_IND,2021-05-03,WAS,IND,WAS,13,DIRECT_ROSTER_CONTACT,WAS: Trent replaces Bonga; Brown retained after deadline,,NOT_CALCULATED,False,True,P2_BOUNDARY
2021-05-03_DET_ORL,2021-05-03,DET,ORL,ORL,7,DIRECT_ROSTER_CONTACT,DET: 2020 Patrick/Kira replace Hayes/Bey|ORL: Vucevic/Aminu retained; Harris/Nnaji conditional,,NOT_CALCULATED,False,False,P3_REMAINDER
2021-05-03_NOP_GSW,2021-05-03,NOP,GSW,GSW,15,DIRECT_ROSTER_CONTACT,NOP: 2020 Hayes replaces Kira,GSW: Wiggins core/Hutchison supplemental asset unresolved,NOT_CALCULATED,False,False,P3_REMAINDER
2021-05-03_ATL_POR,2021-05-03,ATL,POR,ATL,9,DIRECT_ROSTER_CONTACT,POR: Trent absent; Powell absent and Hood retained in working path,,NOT_CALCULATED,False,False,P3_REMAINDER
2021-05-03_MEM_NYK,2021-05-03,MEM,NYK,NYK,14,NO_DIRECT_DELTA_IDENTIFIED,,,NOT_CALCULATED,False,False,P3_REMAINDER
2021-05-03_UTA_SAS,2021-05-03,UTA,SAS,UTA,11,NO_DIRECT_DELTA_IDENTIFIED,,,NOT_CALCULATED,False,False,P3_REMAINDER
2021-05-03_LAL_DEN,2021-05-03,LAL,DEN,LAL,4,DIRECT_ROSTER_CONTACT,DEN: 2020 Bey/Nnaji replace Nnaji/Hampton; Gordon package conditional,LAL: AD upstream asset chain retained conditionally,NOT_CALCULATED,False,False,P3_REMAINDER
2021-05-04_DET_CHA,2021-05-04,DET,CHA,CHA,3,DIRECT_ROSTER_CONTACT,DET: 2020 Patrick/Kira replace Hayes/Bey|CHA: 2020 Edwards/Terry/center cascade,,NOT_CALCULATED,False,True,P1_BOUNDARY
2021-05-04_CLE_PHX,2021-05-04,CLE,PHX,PHX,16,NO_DIRECT_DELTA_IDENTIFIED,,,NOT_CALCULATED,False,False,P3_REMAINDER
2021-05-04_MIL_BKN,2021-05-04,MIL,BKN,MIL,6,NO_DIRECT_DELTA_IDENTIFIED,,,NOT_CALCULATED,False,False,P3_REMAINDER
2021-05-04_MIA_DAL,2021-05-04,MIA,DAL,DAL,14,DIRECT_ROSTER_CONTACT,DAL: 2020 Hampton replaces Terry,,NOT_CALCULATED,False,False,P3_REMAINDER
2021-05-04_NOP_GSW,2021-05-04,NOP,GSW,NOP,5,DIRECT_ROSTER_CONTACT,NOP: 2020 Hayes replaces Kira,GSW: Wiggins core/Hutchison supplemental asset unresolved,NOT_CALCULATED,False,False,P3_REMAINDER
2021-05-04_OKC_SAC,2021-05-04,OKC,SAC,SAC,4,NO_DIRECT_DELTA_IDENTIFIED,,,NOT_CALCULATED,False,False,P3_REMAINDER
2021-05-04_LAC_TOR,2021-05-04,LAC,TOR,LAC,5,DIRECT_ROSTER_CONTACT,TOR: Powell retained; Trent/Hood not acquired in working path,,NOT_CALCULATED,False,False,P3_REMAINDER
2021-05-05_ORL_BOS,2021-05-05,ORL,BOS,BOS,36,DIRECT_ROSTER_CONTACT,ORL: Vucevic/Aminu retained; Harris/Nnaji conditional,BOS: Fournier/Wagner/Parker path conditional; observed roster can match,NOT_CALCULATED,False,False,P3_REMAINDER
2021-05-05_CLE_POR,2021-05-05,CLE,POR,POR,36,DIRECT_ROSTER_CONTACT,POR: Trent absent; Powell absent and Hood retained in working path,,NOT_CALCULATED,False,False,P3_REMAINDER
2021-05-05_ATL_PHX,2021-05-05,ATL,PHX,ATL,32,NO_DIRECT_DELTA_IDENTIFIED,,,NOT_CALCULATED,False,False,P3_REMAINDER
2021-05-05_IND_SAC,2021-05-05,IND,SAC,SAC,11,NO_DIRECT_DELTA_IDENTIFIED,,,NOT_CALCULATED,False,False,P3_REMAINDER
2021-05-05_HOU_PHI,2021-05-05,HOU,PHI,PHI,20,NO_DIRECT_DELTA_IDENTIFIED,,,NOT_CALCULATED,False,False,P3_REMAINDER
2021-05-05_MIL_WAS,2021-05-05,MIL,WAS,MIL,1,DIRECT_ROSTER_CONTACT,WAS: Trent replaces Bonga; Brown retained after deadline,,NOT_CALCULATED,False,False,P3_REMAINDER
2021-05-05_MIN_MEM,2021-05-05,MIN,MEM,MEM,4,DIRECT_ROSTER_CONTACT,MIN: 2020 rival replaces Edwards,,NOT_CALCULATED,False,False,P3_REMAINDER
2021-05-05_UTA_SAS,2021-05-05,UTA,SAS,UTA,32,NO_DIRECT_DELTA_IDENTIFIED,,,NOT_CALCULATED,False,False,P3_REMAINDER
2021-05-05_DEN_NYK,2021-05-05,DEN,NYK,DEN,16,DIRECT_ROSTER_CONTACT,DEN: 2020 Bey/Nnaji replace Nnaji/Hampton; Gordon package conditional,,NOT_CALCULATED,False,False,P3_REMAINDER
2021-05-06_DAL_BKN,2021-05-06,DAL,BKN,DAL,4,DIRECT_ROSTER_CONTACT,DAL: 2020 Hampton replaces Terry,,NOT_CALCULATED,False,False,P3_REMAINDER
2021-05-06_TOR_WAS,2021-05-06,TOR,WAS,WAS,2,DIRECT_ROSTER_CONTACT,TOR: Powell retained; Trent/Hood not acquired in working path|WAS: Trent replaces Bonga; Brown retained after deadline,,NOT_CALCULATED,False,True,P1_BOUNDARY
2021-05-06_IND_ATL,2021-05-06,IND,ATL,IND,7,NO_DIRECT_DELTA_IDENTIFIED,,,NOT_CALCULATED,False,True,P2_BOUNDARY
2021-05-06_DET_MEM,2021-05-06,DET,MEM,DET,14,DIRECT_ROSTER_CONTACT,DET: 2020 Patrick/Kira replace Hayes/Bey,,NOT_CALCULATED,False,False,P3_REMAINDER
2021-05-06_LAC_LAL,2021-05-06,LAC,LAL,LAC,24,TRANSACTION_DEPENDENCY,,LAL: AD upstream asset chain retained conditionally,NOT_CALCULATED,False,False,P3_REMAINDER
2021-05-06_GSW_OKC,2021-05-06,GSW,OKC,GSW,21,TRANSACTION_DEPENDENCY,,GSW: Wiggins core/Hutchison supplemental asset unresolved,NOT_CALCULATED,False,False,P3_REMAINDER
2021-05-07_PHI_NOP,2021-05-07,PHI,NOP,PHI,2,DIRECT_ROSTER_CONTACT,NOP: 2020 Hayes replaces Kira,,NOT_CALCULATED,False,False,P3_REMAINDER
2021-05-07_MIA_MIN,2021-05-07,MIA,MIN,MIA,9,DIRECT_ROSTER_CONTACT,MIN: 2020 rival replaces Edwards,,NOT_CALCULATED,False,False,P3_REMAINDER
2021-05-07_CHA_ORL,2021-05-07,CHA,ORL,CHA,10,DIRECT_ROSTER_CONTACT,CHA: 2020 Edwards/Terry/center cascade|ORL: Vucevic/Aminu retained; Harris/Nnaji conditional,,NOT_CALCULATED,False,True,P2_BOUNDARY
2021-05-07_MIL_HOU,2021-05-07,MIL,HOU,MIL,8,NO_DIRECT_DELTA_IDENTIFIED,,,NOT_CALCULATED,False,False,P3_REMAINDER
2021-05-07_DAL_CLE,2021-05-07,DAL,CLE,DAL,20,DIRECT_ROSTER_CONTACT,DAL: 2020 Hampton replaces Terry,,NOT_CALCULATED,False,False,P3_REMAINDER
2021-05-07_UTA_DEN,2021-05-07,UTA,DEN,UTA,7,DIRECT_ROSTER_CONTACT,DEN: 2020 Bey/Nnaji replace Nnaji/Hampton; Gordon package conditional,,NOT_CALCULATED,False,False,P3_REMAINDER
2021-05-07_SAC_SAS,2021-05-07,SAC,SAS,SAS,9,NO_DIRECT_DELTA_IDENTIFIED,,,NOT_CALCULATED,False,False,P3_REMAINDER
2021-05-07_PHX_NYK,2021-05-07,PHX,NYK,PHX,23,NO_DIRECT_DELTA_IDENTIFIED,,,NOT_CALCULATED,False,False,P3_REMAINDER
2021-05-07_POR_LAL,2021-05-07,POR,LAL,POR,5,DIRECT_ROSTER_CONTACT,POR: Trent absent; Powell absent and Hood retained in working path,LAL: AD upstream asset chain retained conditionally,NOT_CALCULATED,False,False,P3_REMAINDER
2021-05-08_PHI_DET,2021-05-08,PHI,DET,PHI,14,DIRECT_ROSTER_CONTACT,DET: 2020 Patrick/Kira replace Hayes/Bey,,NOT_CALCULATED,False,False,P3_REMAINDER
2021-05-08_IND_WAS,2021-05-08,IND,WAS,WAS,1,DIRECT_ROSTER_CONTACT,WAS: Trent replaces Bonga; Brown retained after deadline,,NOT_CALCULATED,False,True,P1_BOUNDARY
2021-05-08_TOR_MEM,2021-05-08,TOR,MEM,MEM,10,DIRECT_ROSTER_CONTACT,TOR: Powell retained; Trent/Hood not acquired in working path,,NOT_CALCULATED,False,False,P3_REMAINDER
2021-05-08_POR_SAS,2021-05-08,POR,SAS,POR,22,DIRECT_ROSTER_CONTACT,POR: Trent absent; Powell absent and Hood retained in working path,,NOT_CALCULATED,False,False,P3_REMAINDER
2021-05-08_UTA_HOU,2021-05-08,UTA,HOU,UTA,8,NO_DIRECT_DELTA_IDENTIFIED,,,NOT_CALCULATED,False,False,P3_REMAINDER
2021-05-08_GSW_OKC,2021-05-08,GSW,OKC,GSW,39,TRANSACTION_DEPENDENCY,,GSW: Wiggins core/Hutchison supplemental asset unresolved,NOT_CALCULATED,False,False,P3_REMAINDER
2021-05-08_DEN_BKN,2021-05-08,DEN,BKN,BKN,6,DIRECT_ROSTER_CONTACT,DEN: 2020 Bey/Nnaji replace Nnaji/Hampton; Gordon package conditional,,NOT_CALCULATED,False,False,P3_REMAINDER
2021-05-09_BOS_MIA,2021-05-09,BOS,MIA,MIA,6,TRANSACTION_DEPENDENCY,,BOS: Fournier/Wagner/Parker path conditional; observed roster can match,NOT_CALCULATED,False,False,P3_REMAINDER
2021-05-09_LAC_NYK,2021-05-09,LAC,NYK,NYK,6,NO_DIRECT_DELTA_IDENTIFIED,,,NOT_CALCULATED,False,False,P3_REMAINDER
2021-05-09_CHA_NOP,2021-05-09,CHA,NOP,NOP,2,DIRECT_ROSTER_CONTACT,CHA: 2020 Edwards/Terry/center cascade|NOP: 2020 Hayes replaces Kira,,NOT_CALCULATED,False,True,P1_BOUNDARY
2021-05-09_ORL_MIN,2021-05-09,ORL,MIN,MIN,32,DIRECT_ROSTER_CONTACT,ORL: Vucevic/Aminu retained; Harris/Nnaji conditional|MIN: 2020 rival replaces Edwards,,NOT_CALCULATED,False,False,P3_REMAINDER
2021-05-09_CLE_DAL,2021-05-09,CLE,DAL,DAL,27,DIRECT_ROSTER_CONTACT,DAL: 2020 Hampton replaces Terry,,NOT_CALCULATED,False,False,P3_REMAINDER
2021-05-09_LAL_PHX,2021-05-09,LAL,PHX,LAL,13,TRANSACTION_DEPENDENCY,,LAL: AD upstream asset chain retained conditionally,NOT_CALCULATED,False,False,P3_REMAINDER
2021-05-09_SAC_OKC,2021-05-09,SAC,OKC,SAC,28,NO_DIRECT_DELTA_IDENTIFIED,,,NOT_CALCULATED,False,False,P3_REMAINDER
2021-05-10_CLE_IND,2021-05-10,CLE,IND,IND,9,NO_DIRECT_DELTA_IDENTIFIED,,,NOT_CALCULATED,False,True,P2_BOUNDARY
2021-05-10_ATL_WAS,2021-05-10,ATL,WAS,ATL,1,DIRECT_ROSTER_CONTACT,WAS: Trent replaces Bonga; Brown retained after deadline,,NOT_CALCULATED,False,False,P3_REMAINDER
2021-05-10_MEM_NOP,2021-05-10,MEM,NOP,MEM,5,DIRECT_ROSTER_CONTACT,NOP: 2020 Hayes replaces Kira,,NOT_CALCULATED,False,False,P3_REMAINDER
2021-05-10_SAS_MIL,2021-05-10,SAS,MIL,SAS,21,NO_DIRECT_DELTA_IDENTIFIED,,,NOT_CALCULATED,False,False,P3_REMAINDER
2021-05-10_GSW_UTA,2021-05-10,GSW,UTA,GSW,3,TRANSACTION_DEPENDENCY,,GSW: Wiggins core/Hutchison supplemental asset unresolved,NOT_CALCULATED,False,False,P3_REMAINDER
2021-05-10_POR_HOU,2021-05-10,POR,HOU,POR,11,DIRECT_ROSTER_CONTACT,POR: Trent absent; Powell absent and Hood retained in working path,,NOT_CALCULATED,False,False,P3_REMAINDER
2021-05-11_CHA_DEN,2021-05-11,CHA,DEN,DEN,5,DIRECT_ROSTER_CONTACT,CHA: 2020 Edwards/Terry/center cascade|DEN: 2020 Bey/Nnaji replace Nnaji/Hampton; Gordon package conditional,,NOT_CALCULATED,False,True,P2_BOUNDARY
2021-05-11_DET_MIN,2021-05-11,DET,MIN,MIN,19,DIRECT_ROSTER_CONTACT,DET: 2020 Patrick/Kira replace Hayes/Bey|MIN: 2020 rival replaces Edwards,,NOT_CALCULATED,False,False,P3_REMAINDER
2021-05-11_TOR_LAC,2021-05-11,TOR,LAC,LAC,19,DIRECT_ROSTER_CONTACT,TOR: Powell retained; Trent/Hood not acquired in working path,,NOT_CALCULATED,False,False,P3_REMAINDER
2021-05-11_BOS_MIA,2021-05-11,BOS,MIA,MIA,8,TRANSACTION_DEPENDENCY,,BOS: Fournier/Wagner/Parker path conditional; observed roster can match,NOT_CALCULATED,False,False,P3_REMAINDER
2021-05-11_MEM_DAL,2021-05-11,MEM,DAL,MEM,29,DIRECT_ROSTER_CONTACT,DAL: 2020 Hampton replaces Terry,,NOT_CALCULATED,False,False,P3_REMAINDER
2021-05-11_IND_PHI,2021-05-11,IND,PHI,IND,9,NO_DIRECT_DELTA_IDENTIFIED,,,NOT_CALCULATED,False,True,P2_BOUNDARY
2021-05-11_MIL_ORL,2021-05-11,MIL,ORL,MIL,12,DIRECT_ROSTER_CONTACT,ORL: Vucevic/Aminu retained; Harris/Nnaji conditional,,NOT_CALCULATED,False,False,P3_REMAINDER
2021-05-11_LAL_NYK,2021-05-11,LAL,NYK,LAL,2,TRANSACTION_DEPENDENCY,,LAL: AD upstream asset chain retained conditionally,NOT_CALCULATED,False,False,P3_REMAINDER
2021-05-11_SAC_OKC,2021-05-11,SAC,OKC,SAC,16,NO_DIRECT_DELTA_IDENTIFIED,,,NOT_CALCULATED,False,False,P3_REMAINDER
2021-05-11_GSW_PHX,2021-05-11,GSW,PHX,GSW,6,TRANSACTION_DEPENDENCY,,GSW: Wiggins core/Hutchison supplemental asset unresolved,NOT_CALCULATED,False,False,P3_REMAINDER
2021-05-12_ATL_WAS,2021-05-12,ATL,WAS,ATL,4,DIRECT_ROSTER_CONTACT,WAS: Trent replaces Bonga; Brown retained after deadline,,NOT_CALCULATED,False,False,P3_REMAINDER
2021-05-12_BKN_SAS,2021-05-12,BKN,SAS,BKN,12,NO_DIRECT_DELTA_IDENTIFIED,,,NOT_CALCULATED,False,False,P3_REMAINDER
2021-05-12_CLE_BOS,2021-05-12,CLE,BOS,CLE,8,TRANSACTION_DEPENDENCY,,BOS: Fournier/Wagner/Parker path conditional; observed roster can match,NOT_CALCULATED,False,False,P3_REMAINDER
2021-05-12_DAL_NOP,2021-05-12,DAL,NOP,DAL,18,DIRECT_ROSTER_CONTACT,DAL: 2020 Hampton replaces Terry|NOP: 2020 Hayes replaces Kira,,NOT_CALCULATED,False,False,P3_REMAINDER
2021-05-12_UTA_POR,2021-05-12,UTA,POR,POR,7,DIRECT_ROSTER_CONTACT,POR: Trent absent; Powell absent and Hood retained in working path,,NOT_CALCULATED,False,False,P3_REMAINDER
2021-05-12_LAL_HOU,2021-05-12,LAL,HOU,LAL,2,TRANSACTION_DEPENDENCY,,LAL: AD upstream asset chain retained conditionally,NOT_CALCULATED,False,False,P3_REMAINDER
2021-05-13_IND_MIL,2021-05-13,IND,MIL,MIL,9,NO_DIRECT_DELTA_IDENTIFIED,,,NOT_CALCULATED,False,False,P3_REMAINDER
2021-05-13_CHA_LAC,2021-05-13,CHA,LAC,LAC,23,DIRECT_ROSTER_CONTACT,CHA: 2020 Edwards/Terry/center cascade,,NOT_CALCULATED,False,True,P2_BOUNDARY
2021-05-13_ATL_ORL,2021-05-13,ATL,ORL,ATL,23,DIRECT_ROSTER_CONTACT,ORL: Vucevic/Aminu retained; Harris/Nnaji conditional,,NOT_CALCULATED,False,False,P3_REMAINDER
2021-05-13_MIA_PHI,2021-05-13,MIA,PHI,MIA,12,NO_DIRECT_DELTA_IDENTIFIED,,,NOT_CALCULATED,False,False,P3_REMAINDER
2021-05-13_NYK_SAS,2021-05-13,NYK,SAS,NYK,4,NO_DIRECT_DELTA_IDENTIFIED,,,NOT_CALCULATED,False,False,P3_REMAINDER
2021-05-13_MEM_SAC,2021-05-13,MEM,SAC,MEM,6,NO_DIRECT_DELTA_IDENTIFIED,,,NOT_CALCULATED,False,False,P3_REMAINDER
2021-05-13_MIN_DEN,2021-05-13,MIN,DEN,DEN,11,DIRECT_ROSTER_CONTACT,MIN: 2020 rival replaces Edwards|DEN: 2020 Bey/Nnaji replace Nnaji/Hampton; Gordon package conditional,,NOT_CALCULATED,False,False,P3_REMAINDER
2021-05-13_PHX_POR,2021-05-13,PHX,POR,PHX,1,DIRECT_ROSTER_CONTACT,POR: Trent absent; Powell absent and Hood retained in working path,,NOT_CALCULATED,False,False,P3_REMAINDER
2021-05-14_WAS_CLE,2021-05-14,WAS,CLE,WAS,15,DIRECT_ROSTER_CONTACT,WAS: Trent replaces Bonga; Brown retained after deadline,,NOT_CALCULATED,False,True,P2_BOUNDARY
2021-05-14_PHI_ORL,2021-05-14,PHI,ORL,PHI,25,DIRECT_ROSTER_CONTACT,ORL: Vucevic/Aminu retained; Harris/Nnaji conditional,,NOT_CALCULATED,False,False,P3_REMAINDER
2021-05-14_DET_DEN,2021-05-14,DET,DEN,DEN,13,DIRECT_ROSTER_CONTACT,DET: 2020 Patrick/Kira replace Hayes/Bey|DEN: 2020 Bey/Nnaji replace Nnaji/Hampton; Gordon package conditional,,NOT_CALCULATED,False,False,P3_REMAINDER
2021-05-14_OKC_UTA,2021-05-14,OKC,UTA,UTA,16,NO_DIRECT_DELTA_IDENTIFIED,,,NOT_CALCULATED,False,False,P3_REMAINDER
2021-05-14_DAL_TOR,2021-05-14,DAL,TOR,DAL,4,DIRECT_ROSTER_CONTACT,DAL: 2020 Hampton replaces Terry|TOR: Powell retained; Trent/Hood not acquired in working path,,NOT_CALCULATED,False,False,P3_REMAINDER
2021-05-14_HOU_LAC,2021-05-14,HOU,LAC,HOU,7,NO_DIRECT_DELTA_IDENTIFIED,,,NOT_CALCULATED,False,False,P3_REMAINDER
2021-05-14_MEM_SAC,2021-05-14,MEM,SAC,MEM,1,NO_DIRECT_DELTA_IDENTIFIED,,,NOT_CALCULATED,False,False,P3_REMAINDER
2021-05-14_GSW_NOP,2021-05-14,GSW,NOP,GSW,3,DIRECT_ROSTER_CONTACT,NOP: 2020 Hayes replaces Kira,GSW: Wiggins core/Hutchison supplemental asset unresolved,NOT_CALCULATED,False,False,P3_REMAINDER
2021-05-15_NYK_CHA,2021-05-15,NYK,CHA,NYK,9,DIRECT_ROSTER_CONTACT,CHA: 2020 Edwards/Terry/center cascade,,NOT_CALCULATED,False,True,P2_BOUNDARY
2021-05-15_IND_LAL,2021-05-15,IND,LAL,LAL,7,TRANSACTION_DEPENDENCY,,LAL: AD upstream asset chain retained conditionally,NOT_CALCULATED,False,False,P3_REMAINDER
2021-05-15_MIN_BOS,2021-05-15,MIN,BOS,BOS,16,DIRECT_ROSTER_CONTACT,MIN: 2020 rival replaces Edwards,BOS: Fournier/Wagner/Parker path conditional; observed roster can match,NOT_CALCULATED,False,False,P3_REMAINDER
2021-05-15_SAS_PHX,2021-05-15,SAS,PHX,PHX,37,NO_DIRECT_DELTA_IDENTIFIED,,,NOT_CALCULATED,False,False,P3_REMAINDER
2021-05-15_MIL_MIA,2021-05-15,MIL,MIA,MIL,14,NO_DIRECT_DELTA_IDENTIFIED,,,NOT_CALCULATED,False,False,P3_REMAINDER
2021-05-16_TOR_IND,2021-05-16,TOR,IND,IND,12,DIRECT_ROSTER_CONTACT,TOR: Powell retained; Trent/Hood not acquired in working path,,NOT_CALCULATED,False,True,P2_BOUNDARY
2021-05-16_WAS_CHA,2021-05-16,WAS,CHA,WAS,5,DIRECT_ROSTER_CONTACT,WAS: Trent replaces Bonga; Brown retained after deadline|CHA: 2020 Edwards/Terry/center cascade,,NOT_CALCULATED,False,False,P3_REMAINDER
2021-05-16_NYK_BOS,2021-05-16,NYK,BOS,NYK,4,TRANSACTION_DEPENDENCY,,BOS: Fournier/Wagner/Parker path conditional; observed roster can match,NOT_CALCULATED,False,False,P3_REMAINDER
2021-05-16_SAS_PHX,2021-05-16,SAS,PHX,PHX,2,NO_DIRECT_DELTA_IDENTIFIED,,,NOT_CALCULATED,False,False,P3_REMAINDER
2021-05-16_GSW_MEM,2021-05-16,GSW,MEM,GSW,12,TRANSACTION_DEPENDENCY,,GSW: Wiggins core/Hutchison supplemental asset unresolved,NOT_CALCULATED,False,False,P3_REMAINDER
2021-05-16_PHI_ORL,2021-05-16,PHI,ORL,PHI,11,DIRECT_ROSTER_CONTACT,ORL: Vucevic/Aminu retained; Harris/Nnaji conditional,,NOT_CALCULATED,False,False,P3_REMAINDER
2021-05-16_BKN_CLE,2021-05-16,BKN,CLE,BKN,14,NO_DIRECT_DELTA_IDENTIFIED,,,NOT_CALCULATED,False,False,P3_REMAINDER
2021-05-16_ATL_HOU,2021-05-16,ATL,HOU,ATL,29,NO_DIRECT_DELTA_IDENTIFIED,,,NOT_CALCULATED,False,False,P3_REMAINDER
2021-05-16_DET_MIA,2021-05-16,DET,MIA,MIA,13,DIRECT_ROSTER_CONTACT,DET: 2020 Patrick/Kira replace Hayes/Bey,,NOT_CALCULATED,False,False,P3_REMAINDER
2021-05-16_NOP_LAL,2021-05-16,NOP,LAL,LAL,12,DIRECT_ROSTER_CONTACT,NOP: 2020 Hayes replaces Kira,LAL: AD upstream asset chain retained conditionally,NOT_CALCULATED,False,False,P3_REMAINDER
2021-05-16_MIN_DAL,2021-05-16,MIN,DAL,MIN,15,DIRECT_ROSTER_CONTACT,MIN: 2020 rival replaces Edwards|DAL: 2020 Hampton replaces Terry,,NOT_CALCULATED,False,False,P3_REMAINDER
2021-05-16_POR_DEN,2021-05-16,POR,DEN,POR,16,DIRECT_ROSTER_CONTACT,POR: Trent absent; Powell absent and Hood retained in working path|DEN: 2020 Bey/Nnaji replace Nnaji/Hampton; Gordon package conditional,,NOT_CALCULATED,False,False,P3_REMAINDER
2021-05-16_SAC_UTA,2021-05-16,SAC,UTA,UTA,22,NO_DIRECT_DELTA_IDENTIFIED,,,NOT_CALCULATED,False,False,P3_REMAINDER
2021-05-16_OKC_LAC,2021-05-16,OKC,LAC,OKC,5,NO_DIRECT_DELTA_IDENTIFIED,,,NOT_CALCULATED,False,False,P3_REMAINDER
