event_id,date,home,away,actual_margin,home_policy,away_policy,contact_status,direct_seed_cases,playin_field_cases,chicago_rank_cases,seed_order_cases,draft_record_group_cases,later_tie_cases,priority,impact_status,selected
2020-12-22_BKN_GSW,2020-12-22,BKN,GSW,26,INCUMBENT_CONDITIONAL,GSW_WIGGINS_HUTCHISON_INACTIVE,TRANSACTION_DEPENDENCY,D01;D05,,,D01;D03;D05,D01;D02;D03;D04;D05;D06;D07,,LARGE_MARGIN_BOUNDARY,NOT_CALCULATED,False
2020-12-22_LAL_LAC,2020-12-22,LAL,LAC,7,LAL_AD_CORE,INCUMBENT_CONDITIONAL,TRANSACTION_DEPENDENCY,,,,D02;D04;D06;D07,D01;D02;D03;D04;D05;D06;D07,,REMAINING_SEASON_POLICY,NOT_CALCULATED,False
2020-12-23_CLE_CHA,2020-12-23,CLE,CHA,7,INCUMBENT_CONDITIONAL,CHA_EDWARDS_TERRY,DIRECT_ROSTER_CONTACT,,D01;D07,D05;D06;D07,D01;D02;D03;D04;D05;D06;D07,D01;D02;D03;D04;D05;D06;D07,,LARGE_MARGIN_BOUNDARY,NOT_CALCULATED,False
2020-12-23_IND_NYK,2020-12-23,IND,NYK,14,INCUMBENT_CONDITIONAL,INCUMBENT_CONDITIONAL,NO_DIRECT_DELTA_IDENTIFIED,,,,D01;D02;D03;D05;D07,D01;D02;D03;D04;D05;D06;D07,,REMAINING_SEASON_POLICY,NOT_CALCULATED,False
2020-12-23_PHI_WAS,2020-12-23,PHI,WAS,6,INCUMBENT_CONDITIONAL,WAS_TRENT,DIRECT_ROSTER_CONTACT,,D03;D04;D05;D06,D01;D05;D06,D01;D02;D03;D04;D05;D06;D07,D01;D02;D03;D04;D05;D06;D07,,LARGE_MARGIN_BOUNDARY,NOT_CALCULATED,False
2020-12-23_ORL_MIA,2020-12-23,ORL,MIA,6,INCUMBENT_CONDITIONAL,INCUMBENT_CONDITIONAL,NO_DIRECT_DELTA_IDENTIFIED,,,,D01;D02;D03;D04;D05;D06;D07,D01;D02;D03;D04;D05;D06;D07,,REMAINING_SEASON_POLICY,NOT_CALCULATED,False
2020-12-23_TOR_NOP,2020-12-23,TOR,NOP,14,INCUMBENT_CONDITIONAL,NOP_HAYES,DIRECT_ROSTER_CONTACT,,,,,D01;D02;D07,,REMAINING_SEASON_POLICY,NOT_CALCULATED,False
2020-12-23_BOS_MIL,2020-12-23,BOS,MIL,1,INCUMBENT_CONDITIONAL,INCUMBENT_CONDITIONAL,NO_DIRECT_DELTA_IDENTIFIED,,,,,D01;D02;D03;D04;D05;D06;D07,,CLOSE80_PAIRED_INPUT,NOT_CALCULATED,False
2020-12-23_MIN_DET,2020-12-23,MIN,DET,10,MIN_RIVAL,DET_PATRICK_KIRA,DIRECT_ROSTER_CONTACT,,,,D01;D02;D03;D04;D05;D06;D07,D01;D02;D03;D04;D05;D06;D07,,REMAINING_SEASON_POLICY,NOT_CALCULATED,False
2020-12-23_MEM_SAS,2020-12-23,MEM,SAS,12,INCUMBENT_CONDITIONAL,INCUMBENT_CONDITIONAL,NO_DIRECT_DELTA_IDENTIFIED,D01;D03;D05,,,D01;D03;D04;D05,D01;D02;D03;D04;D05;D06;D07,,LARGE_MARGIN_BOUNDARY,NOT_CALCULATED,False
2020-12-23_DEN_SAC,2020-12-23,DEN,SAC,2,DEN_BEY_NNAJI,INCUMBENT_CONDITIONAL,DIRECT_ROSTER_CONTACT,,,,D01;D02;D03;D04;D05;D06;D07,D01;D02;D03;D04;D05;D06;D07,,CLOSE80_PAIRED_INPUT,NOT_CALCULATED,False
2020-12-23_POR_UTA,2020-12-23,POR,UTA,20,POR_NO_TRENT,INCUMBENT_CONDITIONAL,DIRECT_ROSTER_CONTACT,D02;D07,,,D01;D02;D03;D04;D05;D06;D07,D01;D02;D03;D04;D05;D06;D07,,LARGE_MARGIN_BOUNDARY,NOT_CALCULATED,False
2020-12-23_PHX_DAL,2020-12-23,PHX,DAL,4,INCUMBENT_CONDITIONAL,DAL_HAMPTON,DIRECT_ROSTER_CONTACT,D01;D03;D05,,,D01;D03;D05,D01;D02;D03;D04;D05;D06;D07,,LARGE_MARGIN_BOUNDARY,NOT_CALCULATED,False
2020-12-25_MIA_NOP,2020-12-25,MIA,NOP,13,INCUMBENT_CONDITIONAL,NOP_HAYES,DIRECT_ROSTER_CONTACT,,,,D01;D02;D03;D04;D05;D06;D07,D01;D02;D03;D04;D05;D06;D07,,REMAINING_SEASON_POLICY,NOT_CALCULATED,False
2020-12-25_MIL_GSW,2020-12-25,MIL,GSW,39,INCUMBENT_CONDITIONAL,GSW_WIGGINS_HUTCHISON_INACTIVE,TRANSACTION_DEPENDENCY,D01;D05,,,D01;D03;D05,D01;D02;D03;D04;D05;D06;D07,,LARGE_MARGIN_BOUNDARY,NOT_CALCULATED,False
2020-12-25_BOS_BKN,2020-12-25,BOS,BKN,28,INCUMBENT_CONDITIONAL,INCUMBENT_CONDITIONAL,NO_DIRECT_DELTA_IDENTIFIED,,,,,D01;D02;D03;D04;D05;D06;D07,,REMAINING_SEASON_POLICY,NOT_CALCULATED,False
2020-12-25_LAL_DAL,2020-12-25,LAL,DAL,23,LAL_AD_CORE,DAL_HAMPTON,DIRECT_ROSTER_CONTACT,D01;D02;D03;D05;D07,,,D01;D02;D03;D05;D07,D01;D02;D03;D04;D05;D06;D07,,LARGE_MARGIN_BOUNDARY,NOT_CALCULATED,False
2020-12-25_DEN_LAC,2020-12-25,DEN,LAC,13,DEN_BEY_NNAJI,INCUMBENT_CONDITIONAL,DIRECT_ROSTER_CONTACT,,,,,D01;D02;D03;D04;D05;D06;D07,,REMAINING_SEASON_POLICY,NOT_CALCULATED,False
2020-12-26_MEM_ATL,2020-12-26,MEM,ATL,10,INCUMBENT_CONDITIONAL,INCUMBENT_CONDITIONAL,NO_DIRECT_DELTA_IDENTIFIED,D01;D03;D05,,,D01;D03;D04;D05,D01;D02;D03;D04;D05;D06;D07,,LARGE_MARGIN_BOUNDARY,NOT_CALCULATED,False
2020-12-26_DET_CLE,2020-12-26,DET,CLE,9,DET_PATRICK_KIRA,INCUMBENT_CONDITIONAL,DIRECT_ROSTER_CONTACT,,,,D01;D02;D03;D04;D05;D06;D07,D01;D02;D03;D04;D05;D06;D07,,REMAINING_SEASON_POLICY,NOT_CALCULATED,False
2020-12-26_WAS_ORL,2020-12-26,WAS,ORL,10,WAS_TRENT,INCUMBENT_CONDITIONAL,DIRECT_ROSTER_CONTACT,,D03;D04;D05;D06,D01;D05;D06,D01;D02;D03;D04;D05;D06;D07,D01;D02;D03;D04;D05;D06;D07,,LARGE_MARGIN_BOUNDARY,NOT_CALCULATED,False
2020-12-26_NYK_PHI,2020-12-26,NYK,PHI,20,INCUMBENT_CONDITIONAL,INCUMBENT_CONDITIONAL,NO_DIRECT_DELTA_IDENTIFIED,,,,D01;D02;D03;D05,D01;D02;D03;D04;D05;D06;D07,,REMAINING_SEASON_POLICY,NOT_CALCULATED,False
2020-12-26_SAS_TOR,2020-12-26,SAS,TOR,5,INCUMBENT_CONDITIONAL,INCUMBENT_CONDITIONAL,NO_DIRECT_DELTA_IDENTIFIED,,,,,D02;D03;D04;D07,,REMAINING_SEASON_POLICY,NOT_CALCULATED,False
2020-12-26_UTA_MIN,2020-12-26,UTA,MIN,5,INCUMBENT_CONDITIONAL,MIN_RIVAL,DIRECT_ROSTER_CONTACT,,,,D01;D02;D03;D04;D05;D06;D07,D01;D02;D03;D04;D05;D06;D07,,REMAINING_SEASON_POLICY,NOT_CALCULATED,False
2020-12-26_SAC_PHX,2020-12-26,SAC,PHX,3,INCUMBENT_CONDITIONAL,INCUMBENT_CONDITIONAL,NO_DIRECT_DELTA_IDENTIFIED,,,,D01;D02;D03;D04;D05;D06;D07,D01;D02;D03;D04;D05;D06;D07,,CLOSE80_PAIRED_INPUT,NOT_CALCULATED,False
2020-12-27_LAC_DAL,2020-12-27,LAC,DAL,51,INCUMBENT_CONDITIONAL,DAL_HAMPTON,DIRECT_ROSTER_CONTACT,D02;D07,,,D01;D02;D03;D04;D05;D06;D07,D01;D02;D03;D04;D05;D06;D07,,LARGE_MARGIN_BOUNDARY,NOT_CALCULATED,False
2020-12-27_WAS_ORL,2020-12-27,WAS,ORL,7,WAS_TRENT,INCUMBENT_CONDITIONAL,DIRECT_ROSTER_CONTACT,,D03;D04;D05;D06,D01;D05;D06,D01;D02;D03;D04;D05;D06;D07,D01;D02;D03;D04;D05;D06;D07,,LARGE_MARGIN_BOUNDARY,NOT_CALCULATED,False
2020-12-27_NOP_SAS,2020-12-27,NOP,SAS,3,NOP_HAYES,INCUMBENT_CONDITIONAL,DIRECT_ROSTER_CONTACT,,,,,D01;D02;D03;D04;D05;D06;D07,,CLOSE80_PAIRED_INPUT,NOT_CALCULATED,False
2020-12-27_NYK_MIL,2020-12-27,NYK,MIL,20,INCUMBENT_CONDITIONAL,INCUMBENT_CONDITIONAL,NO_DIRECT_DELTA_IDENTIFIED,,,,D01;D02;D03;D04;D05;D06;D07,D01;D02;D03;D04;D05;D06;D07,,REMAINING_SEASON_POLICY,NOT_CALCULATED,False
2020-12-27_CLE_PHI,2020-12-27,CLE,PHI,24,INCUMBENT_CONDITIONAL,INCUMBENT_CONDITIONAL,NO_DIRECT_DELTA_IDENTIFIED,,,,D01;D02;D03;D04;D05;D06;D07,D01;D02;D03;D04;D05;D06;D07,,REMAINING_SEASON_POLICY,NOT_CALCULATED,False
2020-12-27_SAC_PHX,2020-12-27,SAC,PHX,16,INCUMBENT_CONDITIONAL,INCUMBENT_CONDITIONAL,NO_DIRECT_DELTA_IDENTIFIED,,,,,D01;D02;D03;D04;D05;D06;D07,,REMAINING_SEASON_POLICY,NOT_CALCULATED,False
2020-12-27_LAL_MIN,2020-12-27,LAL,MIN,36,LAL_AD_CORE,MIN_RIVAL,DIRECT_ROSTER_CONTACT,D02;D07,,,D02;D07,D01;D02;D03;D04;D05;D06;D07,,LARGE_MARGIN_BOUNDARY,NOT_CALCULATED,False
2020-12-28_BKN_MEM,2020-12-28,BKN,MEM,5,INCUMBENT_CONDITIONAL,INCUMBENT_CONDITIONAL,NO_DIRECT_DELTA_IDENTIFIED,,,,D01;D02;D03,D01;D02;D03;D04;D05;D06;D07,,REMAINING_SEASON_POLICY,NOT_CALCULATED,False
2020-12-28_ATL_DET,2020-12-28,ATL,DET,8,INCUMBENT_CONDITIONAL,DET_PATRICK_KIRA,DIRECT_ROSTER_CONTACT,,,,D01;D03;D05,D01;D02;D03;D04;D05;D06;D07,,REMAINING_SEASON_POLICY,NOT_CALCULATED,False
2020-12-28_OKC_UTA,2020-12-28,OKC,UTA,1,INCUMBENT_CONDITIONAL,INCUMBENT_CONDITIONAL,NO_DIRECT_DELTA_IDENTIFIED,,,,D01;D02;D03;D04;D05;D06;D07,D01;D02;D03;D04;D05;D06;D07,,CLOSE80_PAIRED_INPUT,NOT_CALCULATED,False
2020-12-28_DEN_HOU,2020-12-28,DEN,HOU,13,DEN_BEY_NNAJI,INCUMBENT_CONDITIONAL,DIRECT_ROSTER_CONTACT,,,,D01;D02;D03;D04;D05;D06;D07,D01;D02;D03;D04;D05;D06;D07,,REMAINING_SEASON_POLICY,NOT_CALCULATED,False
2020-12-28_LAL_POR,2020-12-28,LAL,POR,8,LAL_AD_CORE,POR_NO_TRENT,DIRECT_ROSTER_CONTACT,D01;D03;D05,,,D01;D02;D03;D04;D05;D06;D07,D01;D02;D03;D04;D05;D06;D07,,LARGE_MARGIN_BOUNDARY,NOT_CALCULATED,False
2020-12-29_IND_BOS,2020-12-29,IND,BOS,5,INCUMBENT_CONDITIONAL,INCUMBENT_CONDITIONAL,NO_DIRECT_DELTA_IDENTIFIED,,,,D01;D02;D03;D04;D05;D06;D07,D01;D02;D03;D04;D05;D06;D07,,REMAINING_SEASON_POLICY,NOT_CALCULATED,False
2020-12-29_DET_GSW,2020-12-29,DET,GSW,10,DET_PATRICK_KIRA,GSW_WIGGINS_HUTCHISON_INACTIVE,DIRECT_ROSTER_CONTACT,,,,D01;D04;D05,D01;D02;D03;D04;D05;D06;D07,,REMAINING_SEASON_POLICY,NOT_CALCULATED,False
2020-12-29_PHI_TOR,2020-12-29,PHI,TOR,7,INCUMBENT_CONDITIONAL,INCUMBENT_CONDITIONAL,NO_DIRECT_DELTA_IDENTIFIED,,,,D01;D02,D01;D02;D03;D04;D05;D06;D07,,REMAINING_SEASON_POLICY,NOT_CALCULATED,False
2020-12-29_CLE_NYK,2020-12-29,CLE,NYK,9,INCUMBENT_CONDITIONAL,INCUMBENT_CONDITIONAL,NO_DIRECT_DELTA_IDENTIFIED,,,,D01;D02;D03;D04;D05;D06;D07,D01;D02;D03;D04;D05;D06;D07,,REMAINING_SEASON_POLICY,NOT_CALCULATED,False
2020-12-29_MIA_MIL,2020-12-29,MIA,MIL,47,INCUMBENT_CONDITIONAL,INCUMBENT_CONDITIONAL,NO_DIRECT_DELTA_IDENTIFIED,,,,D01;D02;D03;D04;D05;D06;D07,D01;D02;D03;D04;D05;D06;D07,,REMAINING_SEASON_POLICY,NOT_CALCULATED,False
2020-12-29_OKC_ORL,2020-12-29,OKC,ORL,11,INCUMBENT_CONDITIONAL,INCUMBENT_CONDITIONAL,NO_DIRECT_DELTA_IDENTIFIED,,,,D01;D02;D03;D04;D05;D06;D07,D01;D02;D03;D04;D05;D06;D07,,REMAINING_SEASON_POLICY,NOT_CALCULATED,False
2020-12-29_PHX_NOP,2020-12-29,PHX,NOP,25,INCUMBENT_CONDITIONAL,NOP_HAYES,DIRECT_ROSTER_CONTACT,,,,D01;D02;D03;D04;D05;D06;D07,D01;D02;D03;D04;D05;D06;D07,,REMAINING_SEASON_POLICY,NOT_CALCULATED,False
2020-12-29_SAC_DEN,2020-12-29,SAC,DEN,10,INCUMBENT_CONDITIONAL,DEN_BEY_NNAJI,DIRECT_ROSTER_CONTACT,,,,D01;D02;D03;D04;D05;D06;D07,D01;D02;D03;D04;D05;D06;D07,,REMAINING_SEASON_POLICY,NOT_CALCULATED,False
2020-12-29_LAC_MIN,2020-12-29,LAC,MIN,23,INCUMBENT_CONDITIONAL,MIN_RIVAL,DIRECT_ROSTER_CONTACT,,,,,D01;D02;D03;D04;D05;D06;D07,,REMAINING_SEASON_POLICY,NOT_CALCULATED,False
2020-12-30_BKN_ATL,2020-12-30,BKN,ATL,4,INCUMBENT_CONDITIONAL,INCUMBENT_CONDITIONAL,NO_DIRECT_DELTA_IDENTIFIED,,,,D02;D04;D06;D07,D01;D02;D03;D04;D05;D06;D07,,REMAINING_SEASON_POLICY,NOT_CALCULATED,False
2020-12-30_MIA_MIL,2020-12-30,MIA,MIL,11,INCUMBENT_CONDITIONAL,INCUMBENT_CONDITIONAL,NO_DIRECT_DELTA_IDENTIFIED,,,,,D01;D02;D03;D04;D05;D06;D07,,REMAINING_SEASON_POLICY,NOT_CALCULATED,False
2020-12-30_BOS_MEM,2020-12-30,BOS,MEM,19,INCUMBENT_CONDITIONAL,INCUMBENT_CONDITIONAL,NO_DIRECT_DELTA_IDENTIFIED,D01;D03;D05,,,D01;D03;D04;D05,D01;D03;D04;D05;D06,,LARGE_MARGIN_BOUNDARY,NOT_CALCULATED,False
2020-12-30_SAS_LAL,2020-12-30,SAS,LAL,14,INCUMBENT_CONDITIONAL,LAL_AD_CORE,TRANSACTION_DEPENDENCY,D02;D07,,,D02;D07,D01;D02;D03;D04;D05;D06;D07,,LARGE_MARGIN_BOUNDARY,NOT_CALCULATED,False
2020-12-30_DAL_CHA,2020-12-30,DAL,CHA,19,DAL_HAMPTON,CHA_EDWARDS_TERRY,DIRECT_ROSTER_CONTACT,D01;D03;D05,D03;D04;D05;D06,,D01;D03;D04;D05;D06,D01;D02;D03;D04;D05;D06;D07,,LARGE_MARGIN_BOUNDARY,NOT_CALCULATED,False
2020-12-30_LAC_POR,2020-12-30,LAC,POR,23,INCUMBENT_CONDITIONAL,POR_NO_TRENT,DIRECT_ROSTER_CONTACT,D02;D07,,,D02;D07,D01;D02;D03;D04;D05;D06;D07,,LARGE_MARGIN_BOUNDARY,NOT_CALCULATED,False
2020-12-31_IND_CLE,2020-12-31,IND,CLE,20,INCUMBENT_CONDITIONAL,INCUMBENT_CONDITIONAL,NO_DIRECT_DELTA_IDENTIFIED,,,,D02;D07,D01;D02;D03;D04;D05;D06;D07,,REMAINING_SEASON_POLICY,NOT_CALCULATED,False
2020-12-31_ORL_PHI,2020-12-31,ORL,PHI,24,INCUMBENT_CONDITIONAL,INCUMBENT_CONDITIONAL,NO_DIRECT_DELTA_IDENTIFIED,,,,D01;D02;D03;D04;D05;D06;D07,D01;D02;D03;D04;D05;D06;D07,,REMAINING_SEASON_POLICY,NOT_CALCULATED,False
2020-12-31_HOU_SAC,2020-12-31,HOU,SAC,3,INCUMBENT_CONDITIONAL,INCUMBENT_CONDITIONAL,NO_DIRECT_DELTA_IDENTIFIED,,,,,D01;D02;D03;D04;D05;D06;D07,,CLOSE80_PAIRED_INPUT,NOT_CALCULATED,False
2020-12-31_TOR_NYK,2020-12-31,TOR,NYK,17,INCUMBENT_CONDITIONAL,INCUMBENT_CONDITIONAL,NO_DIRECT_DELTA_IDENTIFIED,,,,D01;D03;D05,D01;D02;D03;D04;D05;D06;D07,,REMAINING_SEASON_POLICY,NOT_CALCULATED,False
2020-12-31_OKC_NOP,2020-12-31,OKC,NOP,33,INCUMBENT_CONDITIONAL,NOP_HAYES,DIRECT_ROSTER_CONTACT,,,,D01;D02;D03;D04;D05;D06;D07,D01;D02;D03;D04;D05;D06;D07,,REMAINING_SEASON_POLICY,NOT_CALCULATED,False
2020-12-31_UTA_PHX,2020-12-31,UTA,PHX,11,INCUMBENT_CONDITIONAL,INCUMBENT_CONDITIONAL,NO_DIRECT_DELTA_IDENTIFIED,,,,,,,REMAINING_SEASON_POLICY,NOT_CALCULATED,False
2021-01-01_CHA_MEM,2021-01-01,CHA,MEM,15,CHA_EDWARDS_TERRY,INCUMBENT_CONDITIONAL,DIRECT_ROSTER_CONTACT,,D01;D07,D05;D06;D07,D01;D03;D05;D06;D07,D01;D02;D03;D04;D05;D06;D07,,LARGE_MARGIN_BOUNDARY,NOT_CALCULATED,False
2021-01-01_DAL_MIA,2021-01-01,DAL,MIA,10,DAL_HAMPTON,INCUMBENT_CONDITIONAL,DIRECT_ROSTER_CONTACT,D02;D07,,,D01;D02;D03;D04;D05;D06;D07,D01;D02;D03;D04;D05;D06;D07,,LARGE_MARGIN_BOUNDARY,NOT_CALCULATED,False
2021-01-01_DET_BOS,2021-01-01,DET,BOS,3,DET_PATRICK_KIRA,INCUMBENT_CONDITIONAL,DIRECT_ROSTER_CONTACT,,,,,,,CLOSE80_PAIRED_INPUT,NOT_CALCULATED,False
2021-01-01_BKN_ATL,2021-01-01,BKN,ATL,18,INCUMBENT_CONDITIONAL,INCUMBENT_CONDITIONAL,NO_DIRECT_DELTA_IDENTIFIED,,,,D01;D02;D03;D05,D01;D02;D03;D04;D05;D06;D07,,REMAINING_SEASON_POLICY,NOT_CALCULATED,False
2021-01-01_SAS_LAL,2021-01-01,SAS,LAL,6,INCUMBENT_CONDITIONAL,LAL_AD_CORE,TRANSACTION_DEPENDENCY,D02;D07,,,D02;D07,D01;D02;D03;D04;D05;D06;D07,,LARGE_MARGIN_BOUNDARY,NOT_CALCULATED,False
2021-01-01_MIN_WAS,2021-01-01,MIN,WAS,21,MIN_RIVAL,WAS_TRENT,DIRECT_ROSTER_CONTACT,,D01,,D01,D01;D02;D03;D04;D05;D06;D07,,LARGE_MARGIN_BOUNDARY,NOT_CALCULATED,False
2021-01-01_DEN_PHX,2021-01-01,DEN,PHX,3,DEN_BEY_NNAJI,INCUMBENT_CONDITIONAL,DIRECT_ROSTER_CONTACT,,,,,D01;D02;D03;D04;D05;D06;D07,,CLOSE80_PAIRED_INPUT,NOT_CALCULATED,False
2021-01-01_UTA_LAC,2021-01-01,UTA,LAC,6,INCUMBENT_CONDITIONAL,INCUMBENT_CONDITIONAL,NO_DIRECT_DELTA_IDENTIFIED,,,,D01;D02;D03;D04;D05;D06;D07,D01;D02;D03;D04;D05;D06;D07,,REMAINING_SEASON_POLICY,NOT_CALCULATED,False
2021-01-01_GSW_POR,2021-01-01,GSW,POR,25,GSW_WIGGINS_HUTCHISON_INACTIVE,POR_NO_TRENT,DIRECT_ROSTER_CONTACT,D01;D03;D05,,,D01;D02;D03;D04;D05;D06;D07,D01;D02;D03;D04;D05;D06;D07,,LARGE_MARGIN_BOUNDARY,NOT_CALCULATED,False
2021-01-02_HOU_SAC,2021-01-02,HOU,SAC,8,INCUMBENT_CONDITIONAL,INCUMBENT_CONDITIONAL,NO_DIRECT_DELTA_IDENTIFIED,,,,,D01;D02;D03;D04;D05;D06;D07,,REMAINING_SEASON_POLICY,NOT_CALCULATED,False
2021-01-02_IND_NYK,2021-01-02,IND,NYK,4,INCUMBENT_CONDITIONAL,INCUMBENT_CONDITIONAL,NO_DIRECT_DELTA_IDENTIFIED,,,,D01;D02;D03;D04;D05;D06;D07,D01;D02;D03;D04;D05;D06;D07,,REMAINING_SEASON_POLICY,NOT_CALCULATED,False
2021-01-02_ORL_OKC,2021-01-02,ORL,OKC,9,INCUMBENT_CONDITIONAL,INCUMBENT_CONDITIONAL,NO_DIRECT_DELTA_IDENTIFIED,,,,D01;D02;D03;D04;D05;D06;D07,D01;D02;D03;D04;D05;D06;D07,,REMAINING_SEASON_POLICY,NOT_CALCULATED,False
2021-01-02_PHI_CHA,2021-01-02,PHI,CHA,15,INCUMBENT_CONDITIONAL,CHA_EDWARDS_TERRY,DIRECT_ROSTER_CONTACT,,D01;D07,D05;D06;D07,D01;D02;D05;D06;D07,D01;D02;D03;D04;D05;D06;D07,,LARGE_MARGIN_BOUNDARY,NOT_CALCULATED,False
2021-01-02_ATL_CLE,2021-01-02,ATL,CLE,5,INCUMBENT_CONDITIONAL,INCUMBENT_CONDITIONAL,NO_DIRECT_DELTA_IDENTIFIED,,,,D01;D02;D03;D04;D05;D06;D07,D01;D02;D03;D04;D05;D06;D07,,REMAINING_SEASON_POLICY,NOT_CALCULATED,False
2021-01-02_NOP_TOR,2021-01-02,NOP,TOR,4,NOP_HAYES,INCUMBENT_CONDITIONAL,DIRECT_ROSTER_CONTACT,,,,,D01;D02;D07,,REMAINING_SEASON_POLICY,NOT_CALCULATED,False
2021-01-03_DET_BOS,2021-01-03,DET,BOS,2,DET_PATRICK_KIRA,INCUMBENT_CONDITIONAL,DIRECT_ROSTER_CONTACT,,,,,D01;D02;D03;D04;D05;D06;D07,,CLOSE80_PAIRED_INPUT,NOT_CALCULATED,False
2021-01-03_MEM_LAL,2021-01-03,MEM,LAL,14,INCUMBENT_CONDITIONAL,LAL_AD_CORE,TRANSACTION_DEPENDENCY,D01;D02;D03;D05;D07,,,D01;D02;D03;D04;D05;D07,D01;D02;D03;D04;D05;D06;D07,,LARGE_MARGIN_BOUNDARY,NOT_CALCULATED,False
2021-01-03_MIN_DEN,2021-01-03,MIN,DEN,15,MIN_RIVAL,DEN_BEY_NNAJI,DIRECT_ROSTER_CONTACT,,,,D01;D02;D03;D04;D05;D06;D07,D01;D02;D03;D04;D05;D06;D07,,REMAINING_SEASON_POLICY,NOT_CALCULATED,False
2021-01-03_SAS_UTA,2021-01-03,SAS,UTA,21,INCUMBENT_CONDITIONAL,INCUMBENT_CONDITIONAL,NO_DIRECT_DELTA_IDENTIFIED,,,,D01;D02;D03;D04;D05;D06;D07,D01;D02;D03;D04;D05;D06;D07,,REMAINING_SEASON_POLICY,NOT_CALCULATED,False
2021-01-03_PHX_LAC,2021-01-03,PHX,LAC,5,INCUMBENT_CONDITIONAL,INCUMBENT_CONDITIONAL,NO_DIRECT_DELTA_IDENTIFIED,,,,D01;D02;D03;D04;D05;D06;D07,D01;D02;D03;D04;D05;D06;D07,,REMAINING_SEASON_POLICY,NOT_CALCULATED,False
2021-01-03_GSW_POR,2021-01-03,GSW,POR,15,GSW_WIGGINS_HUTCHISON_INACTIVE,POR_NO_TRENT,DIRECT_ROSTER_CONTACT,D02;D07,,,D01;D02;D04;D05;D07,D01;D02;D03;D04;D05;D06;D07,,LARGE_MARGIN_BOUNDARY,NOT_CALCULATED,False
2021-01-04_PHI_CHA,2021-01-04,PHI,CHA,17,INCUMBENT_CONDITIONAL,CHA_EDWARDS_TERRY,DIRECT_ROSTER_CONTACT,,D01;D07,D05;D06;D07,D01;D02;D05;D06;D07,D01;D02;D03;D04;D05;D06;D07,,LARGE_MARGIN_BOUNDARY,NOT_CALCULATED,False
2021-01-04_ORL_CLE,2021-01-04,ORL,CLE,20,INCUMBENT_CONDITIONAL,INCUMBENT_CONDITIONAL,NO_DIRECT_DELTA_IDENTIFIED,,,,,D01;D02;D03;D04;D05;D06;D07,,REMAINING_SEASON_POLICY,NOT_CALCULATED,False
2021-01-04_MIA_OKC,2021-01-04,MIA,OKC,28,INCUMBENT_CONDITIONAL,INCUMBENT_CONDITIONAL,NO_DIRECT_DELTA_IDENTIFIED,,,,D01;D02;D03;D04;D05;D06;D07,D01;D02;D03;D04;D05;D06;D07,,REMAINING_SEASON_POLICY,NOT_CALCULATED,False
2021-01-04_ATL_NYK,2021-01-04,ATL,NYK,5,INCUMBENT_CONDITIONAL,INCUMBENT_CONDITIONAL,NO_DIRECT_DELTA_IDENTIFIED,,,,D01;D02;D03;D04;D05;D06;D07,D01;D02;D03;D04;D05;D06;D07,,REMAINING_SEASON_POLICY,NOT_CALCULATED,False
2021-01-04_TOR_BOS,2021-01-04,TOR,BOS,12,INCUMBENT_CONDITIONAL,INCUMBENT_CONDITIONAL,NO_DIRECT_DELTA_IDENTIFIED,,,,,D01;D03;D04;D05;D06,,REMAINING_SEASON_POLICY,NOT_CALCULATED,False
2021-01-04_HOU_DAL,2021-01-04,HOU,DAL,13,INCUMBENT_CONDITIONAL,DAL_HAMPTON,DIRECT_ROSTER_CONTACT,D02;D07,,,D01;D02;D03;D04;D05;D06;D07,D01;D02;D03;D04;D05;D06;D07,,LARGE_MARGIN_BOUNDARY,NOT_CALCULATED,False
2021-01-04_MIL_DET,2021-01-04,MIL,DET,10,INCUMBENT_CONDITIONAL,DET_PATRICK_KIRA,DIRECT_ROSTER_CONTACT,,,,,D01;D02;D03;D04;D05;D06;D07,,REMAINING_SEASON_POLICY,NOT_CALCULATED,False
2021-01-04_GSW_SAC,2021-01-04,GSW,SAC,31,GSW_WIGGINS_HUTCHISON_INACTIVE,INCUMBENT_CONDITIONAL,TRANSACTION_DEPENDENCY,,,,D01;D04;D05,D01;D02;D03;D04;D05;D06;D07,,REMAINING_SEASON_POLICY,NOT_CALCULATED,False
2021-01-05_BKN_UTA,2021-01-05,BKN,UTA,34,INCUMBENT_CONDITIONAL,INCUMBENT_CONDITIONAL,NO_DIRECT_DELTA_IDENTIFIED,,,,,D01;D02;D03;D04;D05;D06;D07,,REMAINING_SEASON_POLICY,NOT_CALCULATED,False
2021-01-05_DEN_MIN,2021-01-05,DEN,MIN,7,DEN_BEY_NNAJI,MIN_RIVAL,DIRECT_ROSTER_CONTACT,,,,D01;D02;D03;D04;D05;D06;D07,D01;D02;D03;D04;D05;D06;D07,,REMAINING_SEASON_POLICY,NOT_CALCULATED,False
2021-01-05_LAC_SAS,2021-01-05,LAC,SAS,3,INCUMBENT_CONDITIONAL,INCUMBENT_CONDITIONAL,NO_DIRECT_DELTA_IDENTIFIED,,,,D01;D02;D03;D04;D05;D06;D07,D01;D02;D03;D04;D05;D06;D07,,CLOSE80_PAIRED_INPUT,NOT_CALCULATED,False
2021-01-06_IND_HOU,2021-01-06,IND,HOU,7,INCUMBENT_CONDITIONAL,INCUMBENT_CONDITIONAL,NO_DIRECT_DELTA_IDENTIFIED,,,,D02;D07,D01;D02;D03;D04;D05;D06;D07,,REMAINING_SEASON_POLICY,NOT_CALCULATED,False
2021-01-06_ORL_CLE,2021-01-06,ORL,CLE,11,INCUMBENT_CONDITIONAL,INCUMBENT_CONDITIONAL,NO_DIRECT_DELTA_IDENTIFIED,,,,,D01;D02;D03;D04;D05;D06;D07,,REMAINING_SEASON_POLICY,NOT_CALCULATED,False
2021-01-06_PHI_WAS,2021-01-06,PHI,WAS,5,INCUMBENT_CONDITIONAL,WAS_TRENT,DIRECT_ROSTER_CONTACT,,D03;D04;D05;D06,D01;D05;D06,D01;D02;D03;D04;D05;D06;D07,D01;D02;D03;D04;D05;D06;D07,,LARGE_MARGIN_BOUNDARY,NOT_CALCULATED,False
2021-01-06_MIA_BOS,2021-01-06,MIA,BOS,2,INCUMBENT_CONDITIONAL,INCUMBENT_CONDITIONAL,NO_DIRECT_DELTA_IDENTIFIED,,,,D01;D02;D03;D04;D05;D06;D07,D01;D02;D03;D04;D05;D06;D07,,CLOSE80_PAIRED_INPUT,NOT_CALCULATED,False
2021-01-06_ATL_CHA,2021-01-06,ATL,CHA,8,INCUMBENT_CONDITIONAL,CHA_EDWARDS_TERRY,DIRECT_ROSTER_CONTACT,,D03;D04;D05;D06,,D02;D03;D04;D05;D06;D07,D01;D02;D03;D04;D05;D06;D07,,LARGE_MARGIN_BOUNDARY,NOT_CALCULATED,False
2021-01-06_NYK_UTA,2021-01-06,NYK,UTA,12,INCUMBENT_CONDITIONAL,INCUMBENT_CONDITIONAL,NO_DIRECT_DELTA_IDENTIFIED,,,,D01;D02;D03;D04;D05;D06;D07,D01;D02;D03;D04;D05;D06;D07,,REMAINING_SEASON_POLICY,NOT_CALCULATED,False
2021-01-06_MIL_DET,2021-01-06,MIL,DET,15,INCUMBENT_CONDITIONAL,DET_PATRICK_KIRA,DIRECT_ROSTER_CONTACT,,,,,D01;D02;D03;D04;D05;D06;D07,,REMAINING_SEASON_POLICY,NOT_CALCULATED,False
2021-01-06_NOP_OKC,2021-01-06,NOP,OKC,1,NOP_HAYES,INCUMBENT_CONDITIONAL,DIRECT_ROSTER_CONTACT,,,,D01;D02;D03;D04;D05;D06;D07,D01;D02;D03;D04;D05;D06;D07,,CLOSE80_PAIRED_INPUT,NOT_CALCULATED,False
2021-01-06_PHX_TOR,2021-01-06,PHX,TOR,8,INCUMBENT_CONDITIONAL,INCUMBENT_CONDITIONAL,NO_DIRECT_DELTA_IDENTIFIED,,,,,,,REMAINING_SEASON_POLICY,NOT_CALCULATED,False
2021-01-06_GSW_LAC,2021-01-06,GSW,LAC,7,GSW_WIGGINS_HUTCHISON_INACTIVE,INCUMBENT_CONDITIONAL,TRANSACTION_DEPENDENCY,D01;D05,,,D01;D03;D05,D01;D02;D03;D04;D05;D06;D07,,LARGE_MARGIN_BOUNDARY,NOT_CALCULATED,False
2021-01-07_BKN_PHI,2021-01-07,BKN,PHI,13,INCUMBENT_CONDITIONAL,INCUMBENT_CONDITIONAL,NO_DIRECT_DELTA_IDENTIFIED,,,,,D01;D02;D03;D04;D05;D06;D07,,REMAINING_SEASON_POLICY,NOT_CALCULATED,False
2021-01-07_MEM_CLE,2021-01-07,MEM,CLE,4,INCUMBENT_CONDITIONAL,INCUMBENT_CONDITIONAL,NO_DIRECT_DELTA_IDENTIFIED,D01;D03;D05,,,D01;D02;D03;D04;D05;D06;D07,D01;D02;D03;D04;D05;D06;D07,,LARGE_MARGIN_BOUNDARY,NOT_CALCULATED,False
2021-01-07_DEN_DAL,2021-01-07,DEN,DAL,7,DEN_BEY_NNAJI,DAL_HAMPTON,DIRECT_ROSTER_CONTACT,D02;D07,,,D01;D02;D03;D04;D05;D06;D07,D01;D02;D03;D04;D05;D06;D07,,LARGE_MARGIN_BOUNDARY,NOT_CALCULATED,False
2021-01-07_LAL_SAS,2021-01-07,LAL,SAS,9,LAL_AD_CORE,INCUMBENT_CONDITIONAL,TRANSACTION_DEPENDENCY,,,,D02;D04;D06;D07,D01;D02;D03;D04;D05;D06;D07,,REMAINING_SEASON_POLICY,NOT_CALCULATED,False
2021-01-07_POR_MIN,2021-01-07,POR,MIN,18,POR_NO_TRENT,MIN_RIVAL,DIRECT_ROSTER_CONTACT,D01;D03;D05,,,D01;D03;D05,D01;D02;D03;D04;D05;D06;D07,,LARGE_MARGIN_BOUNDARY,NOT_CALCULATED,False
2021-01-08_DET_PHX,2021-01-08,DET,PHX,5,DET_PATRICK_KIRA,INCUMBENT_CONDITIONAL,DIRECT_ROSTER_CONTACT,,,,D01;D02;D03;D04;D05;D06;D07,D01;D02;D03;D04;D05;D06;D07,,REMAINING_SEASON_POLICY,NOT_CALCULATED,False
2021-01-08_BOS_WAS,2021-01-08,BOS,WAS,9,INCUMBENT_CONDITIONAL,WAS_TRENT,DIRECT_ROSTER_CONTACT,,D03;D04;D05;D06,D01;D05;D06,D01;D02;D03;D04;D05;D06;D07,D01;D02;D03;D04;D05;D06;D07,,LARGE_MARGIN_BOUNDARY,NOT_CALCULATED,False
2021-01-08_NYK_OKC,2021-01-08,NYK,OKC,12,INCUMBENT_CONDITIONAL,INCUMBENT_CONDITIONAL,NO_DIRECT_DELTA_IDENTIFIED,,,,D01;D03;D05,D01;D02;D03;D04;D05;D06;D07,,REMAINING_SEASON_POLICY,NOT_CALCULATED,False
2021-01-08_NOP_CHA,2021-01-08,NOP,CHA,8,NOP_HAYES,CHA_EDWARDS_TERRY,DIRECT_ROSTER_CONTACT,,D03;D04;D05;D06,,D01;D02;D03;D04;D05;D06;D07,D01;D02;D03;D04;D05;D06;D07,,LARGE_MARGIN_BOUNDARY,NOT_CALCULATED,False
2021-01-08_MEM_BKN,2021-01-08,MEM,BKN,5,INCUMBENT_CONDITIONAL,INCUMBENT_CONDITIONAL,NO_DIRECT_DELTA_IDENTIFIED,,,,D01;D02;D03,D01;D02;D03;D04;D05;D06;D07,,REMAINING_SEASON_POLICY,NOT_CALCULATED,False
2021-01-08_MIL_UTA,2021-01-08,MIL,UTA,13,INCUMBENT_CONDITIONAL,INCUMBENT_CONDITIONAL,NO_DIRECT_DELTA_IDENTIFIED,,,,D01;D02;D03;D04;D05;D06;D07,D01;D02;D03;D04;D05;D06;D07,,REMAINING_SEASON_POLICY,NOT_CALCULATED,False
2021-01-08_HOU_ORL,2021-01-08,HOU,ORL,42,INCUMBENT_CONDITIONAL,INCUMBENT_CONDITIONAL,NO_DIRECT_DELTA_IDENTIFIED,,,,D01;D02;D03;D04;D05;D06;D07,D01;D02;D03;D04;D05;D06;D07,,REMAINING_SEASON_POLICY,NOT_CALCULATED,False
2021-01-08_GSW_LAC,2021-01-08,GSW,LAC,10,GSW_WIGGINS_HUTCHISON_INACTIVE,INCUMBENT_CONDITIONAL,TRANSACTION_DEPENDENCY,,,,D01;D02;D03;D04;D05;D06;D07,D01;D02;D03;D04;D05;D06;D07,,REMAINING_SEASON_POLICY,NOT_CALCULATED,False
2021-01-08_SAC_TOR,2021-01-08,SAC,TOR,21,INCUMBENT_CONDITIONAL,INCUMBENT_CONDITIONAL,NO_DIRECT_DELTA_IDENTIFIED,,,,,D01;D02;D03;D04;D05;D06;D07,,REMAINING_SEASON_POLICY,NOT_CALCULATED,False
2021-01-09_PHI_DEN,2021-01-09,PHI,DEN,12,INCUMBENT_CONDITIONAL,DEN_BEY_NNAJI,DIRECT_ROSTER_CONTACT,,,,D01;D02;D03;D04;D05;D06;D07,D01;D02;D03;D04;D05;D06;D07,,REMAINING_SEASON_POLICY,NOT_CALCULATED,False
2021-01-09_CHA_ATL,2021-01-09,CHA,ATL,8,CHA_EDWARDS_TERRY,INCUMBENT_CONDITIONAL,DIRECT_ROSTER_CONTACT,,D03;D04;D05;D06,,D02;D03;D04;D05;D06;D07,D01;D02;D03;D04;D05;D06;D07,,LARGE_MARGIN_BOUNDARY,NOT_CALCULATED,False
2021-01-09_WAS_MIA,2021-01-09,WAS,MIA,4,WAS_TRENT,INCUMBENT_CONDITIONAL,DIRECT_ROSTER_CONTACT,,D03;D04;D05;D06,D01;D05;D06,D01;D02;D03;D04;D05;D06;D07,D01;D02;D03;D04;D05;D06;D07,,LARGE_MARGIN_BOUNDARY,NOT_CALCULATED,False
2021-01-09_IND_PHX,2021-01-09,IND,PHX,8,INCUMBENT_CONDITIONAL,INCUMBENT_CONDITIONAL,NO_DIRECT_DELTA_IDENTIFIED,,,,,D01;D02;D03;D04;D05;D06;D07,,REMAINING_SEASON_POLICY,NOT_CALCULATED,False
2021-01-09_MIL_CLE,2021-01-09,MIL,CLE,10,INCUMBENT_CONDITIONAL,INCUMBENT_CONDITIONAL,NO_DIRECT_DELTA_IDENTIFIED,,,,,D01;D02;D03;D04;D05;D06;D07,,REMAINING_SEASON_POLICY,NOT_CALCULATED,False
2021-01-09_MIN_SAS,2021-01-09,MIN,SAS,3,MIN_RIVAL,INCUMBENT_CONDITIONAL,DIRECT_ROSTER_CONTACT,,,,,D02;D03;D04;D07,,CLOSE80_PAIRED_INPUT,NOT_CALCULATED,False
2021-01-09_DAL_ORL,2021-01-09,DAL,ORL,14,DAL_HAMPTON,INCUMBENT_CONDITIONAL,DIRECT_ROSTER_CONTACT,D02;D07,,,D01;D02;D03;D04;D05;D06;D07,D01;D02;D03;D04;D05;D06;D07,,LARGE_MARGIN_BOUNDARY,NOT_CALCULATED,False
2021-01-09_SAC_POR,2021-01-09,SAC,POR,26,INCUMBENT_CONDITIONAL,POR_NO_TRENT,DIRECT_ROSTER_CONTACT,D01;D03;D05,,,D01;D03;D05,D01;D02;D03;D04;D05;D06;D07,,LARGE_MARGIN_BOUNDARY,NOT_CALCULATED,False
2021-01-10_DET_UTA,2021-01-10,DET,UTA,10,DET_PATRICK_KIRA,INCUMBENT_CONDITIONAL,DIRECT_ROSTER_CONTACT,,,,D01;D02;D03;D04;D05;D06;D07,D01;D02;D03;D04;D05;D06;D07,,REMAINING_SEASON_POLICY,NOT_CALCULATED,False
2021-01-10_BKN_OKC,2021-01-10,BKN,OKC,13,INCUMBENT_CONDITIONAL,INCUMBENT_CONDITIONAL,NO_DIRECT_DELTA_IDENTIFIED,,,,D01;D02,D01;D02;D03;D04;D05;D06;D07,,REMAINING_SEASON_POLICY,NOT_CALCULATED,False
2021-01-10_NYK_DEN,2021-01-10,NYK,DEN,25,INCUMBENT_CONDITIONAL,DEN_BEY_NNAJI,DIRECT_ROSTER_CONTACT,,,,D01;D02;D03;D04;D05;D06;D07,D01;D02;D03;D04;D05;D06;D07,,REMAINING_SEASON_POLICY,NOT_CALCULATED,False
2021-01-10_HOU_LAL,2021-01-10,HOU,LAL,18,INCUMBENT_CONDITIONAL,LAL_AD_CORE,TRANSACTION_DEPENDENCY,D02;D07,,,D02;D07,D01;D02;D03;D04;D05;D06;D07,,LARGE_MARGIN_BOUNDARY,NOT_CALCULATED,False
2021-01-10_MIN_SAS,2021-01-10,MIN,SAS,8,MIN_RIVAL,INCUMBENT_CONDITIONAL,DIRECT_ROSTER_CONTACT,,,,D01;D02;D03;D04;D05;D06;D07,D01;D02;D03;D04;D05;D06;D07,,REMAINING_SEASON_POLICY,NOT_CALCULATED,False
2021-01-10_GSW_TOR,2021-01-10,GSW,TOR,1,GSW_WIGGINS_HUTCHISON_INACTIVE,INCUMBENT_CONDITIONAL,TRANSACTION_DEPENDENCY,,,,D01;D04;D05,D01;D02;D04;D05;D06;D07,,CLOSE80_PAIRED_INPUT,NOT_CALCULATED,False
2021-01-11_WAS_PHX,2021-01-11,WAS,PHX,21,WAS_TRENT,INCUMBENT_CONDITIONAL,DIRECT_ROSTER_CONTACT,,D01,,D01;D02;D03;D04;D05;D06;D07,D01;D02;D03;D04;D05;D06;D07,,LARGE_MARGIN_BOUNDARY,NOT_CALCULATED,False
2021-01-11_CLE_MEM,2021-01-11,CLE,MEM,10,INCUMBENT_CONDITIONAL,INCUMBENT_CONDITIONAL,NO_DIRECT_DELTA_IDENTIFIED,,,,D03,D01;D02;D03;D04;D05;D06;D07,,REMAINING_SEASON_POLICY,NOT_CALCULATED,False
2021-01-11_CHA_NYK,2021-01-11,CHA,NYK,21,CHA_EDWARDS_TERRY,INCUMBENT_CONDITIONAL,DIRECT_ROSTER_CONTACT,,D03;D04;D05;D06,,D01;D03;D04;D05;D06,D01;D02;D03;D04;D05;D06;D07,,LARGE_MARGIN_BOUNDARY,NOT_CALCULATED,False
2021-01-11_ORL_MIL,2021-01-11,ORL,MIL,22,INCUMBENT_CONDITIONAL,INCUMBENT_CONDITIONAL,NO_DIRECT_DELTA_IDENTIFIED,,,,D01;D02;D03;D04;D05;D06;D07,D01;D02;D03;D04;D05;D06;D07,,REMAINING_SEASON_POLICY,NOT_CALCULATED,False
2021-01-11_ATL_PHI,2021-01-11,ATL,PHI,18,INCUMBENT_CONDITIONAL,INCUMBENT_CONDITIONAL,NO_DIRECT_DELTA_IDENTIFIED,,,,D01;D03;D05,D01;D02;D03;D04;D05;D06;D07,,REMAINING_SEASON_POLICY,NOT_CALCULATED,False
2021-01-11_SAC_IND,2021-01-11,SAC,IND,5,INCUMBENT_CONDITIONAL,INCUMBENT_CONDITIONAL,NO_DIRECT_DELTA_IDENTIFIED,,,,D01;D02;D03;D04;D05;D06;D07,D01;D02;D03;D04;D05;D06;D07,,REMAINING_SEASON_POLICY,NOT_CALCULATED,False
2021-01-12_PHI_MIA,2021-01-12,PHI,MIA,3,INCUMBENT_CONDITIONAL,INCUMBENT_CONDITIONAL,NO_DIRECT_DELTA_IDENTIFIED,,,,D01;D02;D03;D04;D05;D06;D07,D01;D02;D03;D04;D05;D06;D07,,CLOSE80_PAIRED_INPUT,NOT_CALCULATED,False
2021-01-12_CLE_UTA,2021-01-12,CLE,UTA,30,INCUMBENT_CONDITIONAL,INCUMBENT_CONDITIONAL,NO_DIRECT_DELTA_IDENTIFIED,,,,D01;D02;D03;D04;D05;D06;D07,D01;D02;D03;D04;D05;D06;D07,,REMAINING_SEASON_POLICY,NOT_CALCULATED,False
2021-01-12_BKN_DEN,2021-01-12,BKN,DEN,6,INCUMBENT_CONDITIONAL,DEN_BEY_NNAJI,DIRECT_ROSTER_CONTACT,,,,,D01;D02;D03;D04;D05;D06;D07,,REMAINING_SEASON_POLICY,NOT_CALCULATED,False
2021-01-12_HOU_LAL,2021-01-12,HOU,LAL,17,INCUMBENT_CONDITIONAL,LAL_AD_CORE,TRANSACTION_DEPENDENCY,D02;D07,,,D02;D07,D01;D02;D03;D04;D05;D06;D07,,LARGE_MARGIN_BOUNDARY,NOT_CALCULATED,False
2021-01-12_OKC_SAS,2021-01-12,OKC,SAS,10,INCUMBENT_CONDITIONAL,INCUMBENT_CONDITIONAL,NO_DIRECT_DELTA_IDENTIFIED,,,,D01;D02;D03;D04;D05;D06;D07,D01;D02;D03;D04;D05;D06;D07,,REMAINING_SEASON_POLICY,NOT_CALCULATED,False
2021-01-12_GSW_IND,2021-01-12,GSW,IND,9,GSW_WIGGINS_HUTCHISON_INACTIVE,INCUMBENT_CONDITIONAL,TRANSACTION_DEPENDENCY,D01;D05,,,D01;D02;D03;D05;D07,D01;D02;D03;D04;D05;D06;D07,,LARGE_MARGIN_BOUNDARY,NOT_CALCULATED,False
2021-01-13_CHA_DAL,2021-01-13,CHA,DAL,11,CHA_EDWARDS_TERRY,DAL_HAMPTON,DIRECT_ROSTER_CONTACT,D02;D07,D01;D07,D05;D06;D07,D01;D02;D03;D04;D05;D06;D07,D01;D02;D03;D04;D05;D06;D07,,LARGE_MARGIN_BOUNDARY,NOT_CALCULATED,False
2021-01-13_DET_MIL,2021-01-13,DET,MIL,9,DET_PATRICK_KIRA,INCUMBENT_CONDITIONAL,DIRECT_ROSTER_CONTACT,,,,,D01;D02;D03;D04;D05;D06;D07,,REMAINING_SEASON_POLICY,NOT_CALCULATED,False
2021-01-13_NYK_BKN,2021-01-13,NYK,BKN,7,INCUMBENT_CONDITIONAL,INCUMBENT_CONDITIONAL,NO_DIRECT_DELTA_IDENTIFIED,,,,D01;D03;D05,D01;D02;D03;D04;D05;D06;D07,,REMAINING_SEASON_POLICY,NOT_CALCULATED,False
2021-01-13_MIN_MEM,2021-01-13,MIN,MEM,11,MIN_RIVAL,INCUMBENT_CONDITIONAL,DIRECT_ROSTER_CONTACT,,,,D03,D01;D03;D04;D05,,REMAINING_SEASON_POLICY,NOT_CALCULATED,False
2021-01-13_OKC_LAL,2021-01-13,OKC,LAL,29,INCUMBENT_CONDITIONAL,LAL_AD_CORE,TRANSACTION_DEPENDENCY,D02;D07,,,D01;D02;D03;D04;D05;D06;D07,D01;D02;D03;D04;D05;D06;D07,,LARGE_MARGIN_BOUNDARY,NOT_CALCULATED,False
2021-01-13_SAC_POR,2021-01-13,SAC,POR,6,INCUMBENT_CONDITIONAL,POR_NO_TRENT,DIRECT_ROSTER_CONTACT,D01;D03;D05,,,D01;D03;D05,D01;D02;D03;D04;D05;D06;D07,,LARGE_MARGIN_BOUNDARY,NOT_CALCULATED,False
2021-01-13_LAC_NOP,2021-01-13,LAC,NOP,5,INCUMBENT_CONDITIONAL,NOP_HAYES,DIRECT_ROSTER_CONTACT,,,,D01;D02;D03;D04;D05;D06;D07,D01;D02;D03;D04;D05;D06;D07,,REMAINING_SEASON_POLICY,NOT_CALCULATED,False
2021-01-14_PHI_MIA,2021-01-14,PHI,MIA,17,INCUMBENT_CONDITIONAL,INCUMBENT_CONDITIONAL,NO_DIRECT_DELTA_IDENTIFIED,,,,D01;D02;D03;D04;D05;D06;D07,D01;D02;D03;D04;D05;D06;D07,,REMAINING_SEASON_POLICY,NOT_CALCULATED,False
2021-01-14_SAS_HOU,2021-01-14,SAS,HOU,4,INCUMBENT_CONDITIONAL,INCUMBENT_CONDITIONAL,NO_DIRECT_DELTA_IDENTIFIED,,,,,D01;D02;D03;D04;D05;D06;D07,,REMAINING_SEASON_POLICY,NOT_CALCULATED,False
2021-01-14_DEN_GSW,2021-01-14,DEN,GSW,10,DEN_BEY_NNAJI,GSW_WIGGINS_HUTCHISON_INACTIVE,DIRECT_ROSTER_CONTACT,D01;D05,,,D01;D02;D03;D04;D05;D06;D07,D01;D02;D03;D04;D05;D06;D07,,LARGE_MARGIN_BOUNDARY,NOT_CALCULATED,False
2021-01-14_POR_IND,2021-01-14,POR,IND,24,POR_NO_TRENT,INCUMBENT_CONDITIONAL,DIRECT_ROSTER_CONTACT,D02;D07,,,D02;D07,D01;D02;D03;D04;D05;D06;D07,,LARGE_MARGIN_BOUNDARY,NOT_CALCULATED,False
2021-01-15_CLE_NYK,2021-01-15,CLE,NYK,3,INCUMBENT_CONDITIONAL,INCUMBENT_CONDITIONAL,NO_DIRECT_DELTA_IDENTIFIED,,,,D01;D02;D03;D04;D05;D06;D07,D01;D02;D03;D04;D05;D06;D07,,CLOSE80_PAIRED_INPUT,NOT_CALCULATED,False
2021-01-15_BOS_ORL,2021-01-15,BOS,ORL,27,INCUMBENT_CONDITIONAL,INCUMBENT_CONDITIONAL,NO_DIRECT_DELTA_IDENTIFIED,,,,D01;D02;D03;D04;D05;D06;D07,D01;D02;D03;D04;D05;D06;D07,,REMAINING_SEASON_POLICY,NOT_CALCULATED,False
2021-01-15_MIL_DAL,2021-01-15,MIL,DAL,3,INCUMBENT_CONDITIONAL,DAL_HAMPTON,DIRECT_ROSTER_CONTACT,D01;D03;D05,,,D01;D03;D05,D01;D02;D03;D04;D05;D06;D07,,CLOSE80_PAIRED_INPUT,NOT_CALCULATED,False
2021-01-15_UTA_ATL,2021-01-15,UTA,ATL,24,INCUMBENT_CONDITIONAL,INCUMBENT_CONDITIONAL,NO_DIRECT_DELTA_IDENTIFIED,,,,D01;D02;D03;D04;D05;D06;D07,D01;D02;D03;D04;D05;D06;D07,,REMAINING_SEASON_POLICY,NOT_CALCULATED,False
2021-01-15_SAC_LAC,2021-01-15,SAC,LAC,38,INCUMBENT_CONDITIONAL,INCUMBENT_CONDITIONAL,NO_DIRECT_DELTA_IDENTIFIED,,,,,D01;D02;D03;D04;D05;D06;D07,,REMAINING_SEASON_POLICY,NOT_CALCULATED,False
2021-01-15_LAL_NOP,2021-01-15,LAL,NOP,17,LAL_AD_CORE,NOP_HAYES,DIRECT_ROSTER_CONTACT,D02;D07,,,D01;D02;D03;D04;D05;D06;D07,D01;D02;D03;D04;D05;D06;D07,,LARGE_MARGIN_BOUNDARY,NOT_CALCULATED,False
2021-01-16_SAS_HOU,2021-01-16,SAS,HOU,12,INCUMBENT_CONDITIONAL,INCUMBENT_CONDITIONAL,NO_DIRECT_DELTA_IDENTIFIED,,,,,D02;D03;D04;D07,,REMAINING_SEASON_POLICY,NOT_CALCULATED,False
2021-01-16_BKN_ORL,2021-01-16,BKN,ORL,7,INCUMBENT_CONDITIONAL,INCUMBENT_CONDITIONAL,NO_DIRECT_DELTA_IDENTIFIED,,,,D01;D02;D03;D04;D05;D06;D07,D01;D02;D03;D04;D05;D06;D07,,REMAINING_SEASON_POLICY,NOT_CALCULATED,False
2021-01-16_MEM_PHI,2021-01-16,MEM,PHI,2,INCUMBENT_CONDITIONAL,INCUMBENT_CONDITIONAL,NO_DIRECT_DELTA_IDENTIFIED,,,,D03,D01;D02;D03;D04;D05,,CLOSE80_PAIRED_INPUT,NOT_CALCULATED,False
2021-01-16_MIA_DET,2021-01-16,MIA,DET,20,INCUMBENT_CONDITIONAL,DET_PATRICK_KIRA,DIRECT_ROSTER_CONTACT,,,,D01;D02;D03;D04;D05;D06;D07,D01;D02;D03;D04;D05;D06;D07,,REMAINING_SEASON_POLICY,NOT_CALCULATED,False
2021-01-16_POR_ATL,2021-01-16,POR,ATL,6,POR_NO_TRENT,INCUMBENT_CONDITIONAL,DIRECT_ROSTER_CONTACT,D01;D03;D05,,,D01;D02;D03;D04;D05;D06;D07,D01;D02;D03;D04;D05;D06;D07,,LARGE_MARGIN_BOUNDARY,NOT_CALCULATED,False
2021-01-17_BOS_NYK,2021-01-17,BOS,NYK,30,INCUMBENT_CONDITIONAL,INCUMBENT_CONDITIONAL,NO_DIRECT_DELTA_IDENTIFIED,,,,D01;D02;D03;D04;D05;D06;D07,D01;D02;D03;D04;D05;D06;D07,,REMAINING_SEASON_POLICY,NOT_CALCULATED,False
2021-01-17_DEN_UTA,2021-01-17,DEN,UTA,4,DEN_BEY_NNAJI,INCUMBENT_CONDITIONAL,DIRECT_ROSTER_CONTACT,,,,D01;D02;D03;D04;D05;D06;D07,D01;D02;D03;D04;D05;D06;D07,,REMAINING_SEASON_POLICY,NOT_CALCULATED,False
2021-01-17_SAC_NOP,2021-01-17,SAC,NOP,5,INCUMBENT_CONDITIONAL,NOP_HAYES,DIRECT_ROSTER_CONTACT,,,,,D01;D02;D03;D04;D05;D06;D07,,REMAINING_SEASON_POLICY,NOT_CALCULATED,False
2021-01-17_LAC_IND,2021-01-17,LAC,IND,33,INCUMBENT_CONDITIONAL,INCUMBENT_CONDITIONAL,NO_DIRECT_DELTA_IDENTIFIED,,,,,D01;D02;D03;D04;D05;D06;D07,,REMAINING_SEASON_POLICY,NOT_CALCULATED,False
2021-01-18_NYK_ORL,2021-01-18,NYK,ORL,7,INCUMBENT_CONDITIONAL,INCUMBENT_CONDITIONAL,NO_DIRECT_DELTA_IDENTIFIED,,,,D01;D02;D03;D04;D05;D06;D07,D01;D02;D03;D04;D05;D06;D07,,REMAINING_SEASON_POLICY,NOT_CALCULATED,False
2021-01-18_ATL_MIN,2021-01-18,ATL,MIN,11,INCUMBENT_CONDITIONAL,MIN_RIVAL,DIRECT_ROSTER_CONTACT,,,,D01;D03;D05,D01;D02;D03;D04;D05;D06;D07,,REMAINING_SEASON_POLICY,NOT_CALCULATED,False
2021-01-18_POR_SAS,2021-01-18,POR,SAS,21,POR_NO_TRENT,INCUMBENT_CONDITIONAL,DIRECT_ROSTER_CONTACT,D02;D07,,,D02;D07,D01;D02;D03;D04;D05;D06;D07,,LARGE_MARGIN_BOUNDARY,NOT_CALCULATED,False
2021-01-18_MEM_PHX,2021-01-18,MEM,PHX,4,INCUMBENT_CONDITIONAL,INCUMBENT_CONDITIONAL,NO_DIRECT_DELTA_IDENTIFIED,,,,D01;D02;D03;D04;D05;D06;D07,D01;D02;D03;D04;D05;D06;D07,,REMAINING_SEASON_POLICY,NOT_CALCULATED,False
2021-01-18_BKN_MIL,2021-01-18,BKN,MIL,2,INCUMBENT_CONDITIONAL,INCUMBENT_CONDITIONAL,NO_DIRECT_DELTA_IDENTIFIED,,,,D03;D04;D05;D06;D07,D01;D02;D03;D04;D05;D06;D07,,CLOSE80_PAIRED_INPUT,NOT_CALCULATED,False
2021-01-18_TOR_DAL,2021-01-18,TOR,DAL,23,INCUMBENT_CONDITIONAL,DAL_HAMPTON,DIRECT_ROSTER_CONTACT,D01;D03;D05,,,D01;D03;D05,D01;D02;D03;D04;D05;D06;D07,,LARGE_MARGIN_BOUNDARY,NOT_CALCULATED,False
2021-01-18_MIA_DET,2021-01-18,MIA,DET,6,INCUMBENT_CONDITIONAL,DET_PATRICK_KIRA,DIRECT_ROSTER_CONTACT,,,,,D01;D02;D03;D04;D05;D06;D07,,REMAINING_SEASON_POLICY,NOT_CALCULATED,False
2021-01-19_UTA_NOP,2021-01-19,UTA,NOP,16,INCUMBENT_CONDITIONAL,NOP_HAYES,DIRECT_ROSTER_CONTACT,,,,D01;D02;D03;D04;D05;D06;D07,D01;D02;D03;D04;D05;D06;D07,,REMAINING_SEASON_POLICY,NOT_CALCULATED,False
2021-01-19_DEN_OKC,2021-01-19,DEN,OKC,18,DEN_BEY_NNAJI,INCUMBENT_CONDITIONAL,DIRECT_ROSTER_CONTACT,,,,D01;D02;D03;D04;D05;D06;D07,D01;D02;D03;D04;D05;D06;D07,,REMAINING_SEASON_POLICY,NOT_CALCULATED,False
2021-01-20_CLE_BKN,2021-01-20,CLE,BKN,12,INCUMBENT_CONDITIONAL,INCUMBENT_CONDITIONAL,NO_DIRECT_DELTA_IDENTIFIED,,,,D01;D02;D03;D04;D05;D06;D07,D01;D02;D03;D04;D05;D06;D07,,REMAINING_SEASON_POLICY,NOT_CALCULATED,False
2021-01-20_PHI_BOS,2021-01-20,PHI,BOS,8,INCUMBENT_CONDITIONAL,INCUMBENT_CONDITIONAL,NO_DIRECT_DELTA_IDENTIFIED,,,,D01;D02,D01;D02;D03;D04;D05;D06;D07,,REMAINING_SEASON_POLICY,NOT_CALCULATED,False
2021-01-20_IND_DAL,2021-01-20,IND,DAL,12,INCUMBENT_CONDITIONAL,DAL_HAMPTON,DIRECT_ROSTER_CONTACT,D02;D07,,,D01;D02;D03;D04;D05;D06;D07,D01;D02;D03;D04;D05;D06;D07,,LARGE_MARGIN_BOUNDARY,NOT_CALCULATED,False
2021-01-20_TOR_MIA,2021-01-20,TOR,MIA,9,INCUMBENT_CONDITIONAL,INCUMBENT_CONDITIONAL,NO_DIRECT_DELTA_IDENTIFIED,,,,,D01;D02;D03;D04;D05;D06;D07,,REMAINING_SEASON_POLICY,NOT_CALCULATED,False
2021-01-20_ATL_DET,2021-01-20,ATL,DET,8,INCUMBENT_CONDITIONAL,DET_PATRICK_KIRA,DIRECT_ROSTER_CONTACT,,,,D01;D03;D05,D01;D02;D03;D04;D05;D06;D07,,REMAINING_SEASON_POLICY,NOT_CALCULATED,False
2021-01-20_MIN_ORL,2021-01-20,MIN,ORL,1,MIN_RIVAL,INCUMBENT_CONDITIONAL,DIRECT_ROSTER_CONTACT,,,,,D01;D02;D03;D04;D05;D06;D07,,CLOSE80_PAIRED_INPUT,NOT_CALCULATED,False
2021-01-20_HOU_PHX,2021-01-20,HOU,PHX,6,INCUMBENT_CONDITIONAL,INCUMBENT_CONDITIONAL,NO_DIRECT_DELTA_IDENTIFIED,,,,,,,REMAINING_SEASON_POLICY,NOT_CALCULATED,False
2021-01-20_LAC_SAC,2021-01-20,LAC,SAC,19,INCUMBENT_CONDITIONAL,INCUMBENT_CONDITIONAL,NO_DIRECT_DELTA_IDENTIFIED,,,,,D01;D02;D03;D04;D05;D06;D07,,REMAINING_SEASON_POLICY,NOT_CALCULATED,False
2021-01-20_GSW_SAS,2021-01-20,GSW,SAS,22,GSW_WIGGINS_HUTCHISON_INACTIVE,INCUMBENT_CONDITIONAL,TRANSACTION_DEPENDENCY,,,,D01;D04;D05,D01;D02;D03;D04;D05;D06;D07,,REMAINING_SEASON_POLICY,NOT_CALCULATED,False
2021-01-21_MIL_LAL,2021-01-21,MIL,LAL,7,INCUMBENT_CONDITIONAL,LAL_AD_CORE,TRANSACTION_DEPENDENCY,D02;D07,,,D02;D07,D01;D02;D03;D04;D05;D06;D07,,LARGE_MARGIN_BOUNDARY,NOT_CALCULATED,False
2021-01-21_GSW_NYK,2021-01-21,GSW,NYK,15,GSW_WIGGINS_HUTCHISON_INACTIVE,INCUMBENT_CONDITIONAL,TRANSACTION_DEPENDENCY,D01;D05,,,D01;D02;D03;D04;D05;D06;D07,D01;D02;D03;D04;D05;D06;D07,,LARGE_MARGIN_BOUNDARY,NOT_CALCULATED,False
2021-01-21_UTA_NOP,2021-01-21,UTA,NOP,11,INCUMBENT_CONDITIONAL,NOP_HAYES,DIRECT_ROSTER_CONTACT,,,,D01;D02;D03;D04;D05;D06;D07,D01;D02;D03;D04;D05;D06;D07,,REMAINING_SEASON_POLICY,NOT_CALCULATED,False
2021-01-22_DET_HOU,2021-01-22,DET,HOU,1,DET_PATRICK_KIRA,INCUMBENT_CONDITIONAL,DIRECT_ROSTER_CONTACT,,,,,D01;D02;D03;D04;D05;D06;D07,,CLOSE80_PAIRED_INPUT,NOT_CALCULATED,False
2021-01-22_PHI_BOS,2021-01-22,PHI,BOS,12,INCUMBENT_CONDITIONAL,INCUMBENT_CONDITIONAL,NO_DIRECT_DELTA_IDENTIFIED,,,,D01;D02,D01;D02;D03;D04;D05;D06;D07,,REMAINING_SEASON_POLICY,NOT_CALCULATED,False
2021-01-22_TOR_MIA,2021-01-22,TOR,MIA,20,INCUMBENT_CONDITIONAL,INCUMBENT_CONDITIONAL,NO_DIRECT_DELTA_IDENTIFIED,,,,D01;D02;D03;D04;D05;D06;D07,D01;D02;D03;D04;D05;D06;D07,,REMAINING_SEASON_POLICY,NOT_CALCULATED,False
2021-01-22_CLE_BKN,2021-01-22,CLE,BKN,12,INCUMBENT_CONDITIONAL,INCUMBENT_CONDITIONAL,NO_DIRECT_DELTA_IDENTIFIED,,,,D01;D02;D03;D04;D05;D06;D07,D01;D02;D03;D04;D05;D06;D07,,REMAINING_SEASON_POLICY,NOT_CALCULATED,False
2021-01-22_MIN_ATL,2021-01-22,MIN,ATL,18,MIN_RIVAL,INCUMBENT_CONDITIONAL,DIRECT_ROSTER_CONTACT,,,,D01;D03;D05,D01;D02;D03;D04;D05;D06;D07,,REMAINING_SEASON_POLICY,NOT_CALCULATED,False
2021-01-22_SAS_DAL,2021-01-22,SAS,DAL,5,INCUMBENT_CONDITIONAL,DAL_HAMPTON,DIRECT_ROSTER_CONTACT,D02;D07,,,D01;D02;D03;D04;D05;D06;D07,D01;D02;D03;D04;D05;D06;D07,,LARGE_MARGIN_BOUNDARY,NOT_CALCULATED,False
2021-01-22_SAC_NYK,2021-01-22,SAC,NYK,9,INCUMBENT_CONDITIONAL,INCUMBENT_CONDITIONAL,NO_DIRECT_DELTA_IDENTIFIED,,,,D01;D02;D03;D04;D05;D06;D07,D01;D02;D03;D04;D05;D06;D07,,REMAINING_SEASON_POLICY,NOT_CALCULATED,False
2021-01-22_PHX_DEN,2021-01-22,PHX,DEN,4,INCUMBENT_CONDITIONAL,DEN_BEY_NNAJI,DIRECT_ROSTER_CONTACT,,,,D01;D02;D03;D04;D05;D06;D07,D01;D02;D03;D04;D05;D06;D07,,REMAINING_SEASON_POLICY,NOT_CALCULATED,False
2021-01-22_LAC_OKC,2021-01-22,LAC,OKC,14,INCUMBENT_CONDITIONAL,INCUMBENT_CONDITIONAL,NO_DIRECT_DELTA_IDENTIFIED,,,,D01;D02;D03;D04;D05;D06;D07,D01;D02;D03;D04;D05;D06;D07,,REMAINING_SEASON_POLICY,NOT_CALCULATED,False
2021-01-23_DET_PHI,2021-01-23,DET,PHI,4,DET_PATRICK_KIRA,INCUMBENT_CONDITIONAL,DIRECT_ROSTER_CONTACT,,,,D01;D02,D01;D02;D03;D04;D05;D06;D07,,REMAINING_SEASON_POLICY,NOT_CALCULATED,False
2021-01-23_MIN_NOP,2021-01-23,MIN,NOP,10,MIN_RIVAL,NOP_HAYES,DIRECT_ROSTER_CONTACT,,,,D01;D02;D03;D04;D05;D06;D07,D01;D02;D03;D04;D05;D06;D07,,REMAINING_SEASON_POLICY,NOT_CALCULATED,False
2021-01-23_BKN_MIA,2021-01-23,BKN,MIA,4,INCUMBENT_CONDITIONAL,INCUMBENT_CONDITIONAL,NO_DIRECT_DELTA_IDENTIFIED,,,,D01;D02;D03;D04;D05;D06;D07,D01;D02;D03;D04;D05;D06;D07,,REMAINING_SEASON_POLICY,NOT_CALCULATED,False
2021-01-23_PHX_DEN,2021-01-23,PHX,DEN,8,INCUMBENT_CONDITIONAL,DEN_BEY_NNAJI,DIRECT_ROSTER_CONTACT,,,,D01;D02;D03;D04;D05;D06;D07,D01;D02;D03;D04;D05;D06;D07,,REMAINING_SEASON_POLICY,NOT_CALCULATED,False
2021-01-23_UTA_GSW,2021-01-23,UTA,GSW,19,INCUMBENT_CONDITIONAL,GSW_WIGGINS_HUTCHISON_INACTIVE,TRANSACTION_DEPENDENCY,D01;D05,,,D01;D02;D03;D04;D05;D06;D07,D01;D02;D03;D04;D05;D06;D07,,LARGE_MARGIN_BOUNDARY,NOT_CALCULATED,False
2021-01-23_DAL_HOU,2021-01-23,DAL,HOU,25,DAL_HAMPTON,INCUMBENT_CONDITIONAL,DIRECT_ROSTER_CONTACT,D01;D03;D05,,,D01;D03;D05,D01;D02;D03;D04;D05;D06;D07,,LARGE_MARGIN_BOUNDARY,NOT_CALCULATED,False
2021-01-24_IND_TOR,2021-01-24,IND,TOR,5,INCUMBENT_CONDITIONAL,INCUMBENT_CONDITIONAL,NO_DIRECT_DELTA_IDENTIFIED,,,,,D01;D02;D03;D04;D05;D06;D07,,REMAINING_SEASON_POLICY,NOT_CALCULATED,False
2021-01-24_LAC_OKC,2021-01-24,LAC,OKC,8,INCUMBENT_CONDITIONAL,INCUMBENT_CONDITIONAL,NO_DIRECT_DELTA_IDENTIFIED,,,,D01;D02;D03;D04;D05;D06;D07,D01;D02;D03;D04;D05;D06;D07,,REMAINING_SEASON_POLICY,NOT_CALCULATED,False
2021-01-24_BOS_CLE,2021-01-24,BOS,CLE,38,INCUMBENT_CONDITIONAL,INCUMBENT_CONDITIONAL,NO_DIRECT_DELTA_IDENTIFIED,,,,,D01;D02;D03;D04;D05;D06;D07,,REMAINING_SEASON_POLICY,NOT_CALCULATED,False
2021-01-24_SAS_WAS,2021-01-24,SAS,WAS,20,INCUMBENT_CONDITIONAL,WAS_TRENT,DIRECT_ROSTER_CONTACT,,D03;D04;D05;D06,D01;D05;D06,D01;D02;D03;D04;D05;D06;D07,D01;D02;D03;D04;D05;D06;D07,,LARGE_MARGIN_BOUNDARY,NOT_CALCULATED,False
2021-01-24_MIL_ATL,2021-01-24,MIL,ATL,14,INCUMBENT_CONDITIONAL,INCUMBENT_CONDITIONAL,NO_DIRECT_DELTA_IDENTIFIED,,,,D02;D04;D06;D07,D01;D02;D03;D04;D05;D06;D07,,REMAINING_SEASON_POLICY,NOT_CALCULATED,False
2021-01-25_ORL_CHA,2021-01-25,ORL,CHA,9,INCUMBENT_CONDITIONAL,CHA_EDWARDS_TERRY,DIRECT_ROSTER_CONTACT,,D01;D07,D05;D06;D07,D01;D05;D06;D07,D01;D02;D03;D04;D05;D06;D07,,LARGE_MARGIN_BOUNDARY,NOT_CALCULATED,False
2021-01-25_IND_TOR,2021-01-25,IND,TOR,15,INCUMBENT_CONDITIONAL,INCUMBENT_CONDITIONAL,NO_DIRECT_DELTA_IDENTIFIED,,,,D02;D07,D01;D02;D03;D04;D05;D06;D07,,REMAINING_SEASON_POLICY,NOT_CALCULATED,False
2021-01-25_DET_PHI,2021-01-25,DET,PHI,15,DET_PATRICK_KIRA,INCUMBENT_CONDITIONAL,DIRECT_ROSTER_CONTACT,,,,,D01;D02,,REMAINING_SEASON_POLICY,NOT_CALCULATED,False
2021-01-25_BKN_MIA,2021-01-25,BKN,MIA,13,INCUMBENT_CONDITIONAL,INCUMBENT_CONDITIONAL,NO_DIRECT_DELTA_IDENTIFIED,,,,D01;D02;D03;D04;D05;D06;D07,D01;D02;D03;D04;D05;D06;D07,,REMAINING_SEASON_POLICY,NOT_CALCULATED,False
2021-01-25_CLE_LAL,2021-01-25,CLE,LAL,7,INCUMBENT_CONDITIONAL,LAL_AD_CORE,TRANSACTION_DEPENDENCY,D02;D07,,,D02;D07,D01;D02;D03;D04;D05;D06;D07,,LARGE_MARGIN_BOUNDARY,NOT_CALCULATED,False
2021-01-25_DAL_DEN,2021-01-25,DAL,DEN,4,DAL_HAMPTON,DEN_BEY_NNAJI,DIRECT_ROSTER_CONTACT,D01;D03;D05,,,D01;D02;D03;D04;D05;D06;D07,D01;D02;D03;D04;D05;D06;D07,,LARGE_MARGIN_BOUNDARY,NOT_CALCULATED,False
2021-01-25_GSW_MIN,2021-01-25,GSW,MIN,22,GSW_WIGGINS_HUTCHISON_INACTIVE,MIN_RIVAL,DIRECT_ROSTER_CONTACT,,,,D01;D04;D05,D01;D02;D04;D05;D06;D07,,REMAINING_SEASON_POLICY,NOT_CALCULATED,False
2021-01-26_ATL_LAC,2021-01-26,ATL,LAC,9,INCUMBENT_CONDITIONAL,INCUMBENT_CONDITIONAL,NO_DIRECT_DELTA_IDENTIFIED,,,,D01;D02;D03;D04;D05;D06;D07,D01;D02;D03;D04;D05;D06;D07,,REMAINING_SEASON_POLICY,NOT_CALCULATED,False
2021-01-26_HOU_WAS,2021-01-26,HOU,WAS,19,INCUMBENT_CONDITIONAL,WAS_TRENT,DIRECT_ROSTER_CONTACT,,D03;D04;D05;D06,D01;D05;D06,D01;D02;D03;D04;D05;D06;D07,D01;D02;D03;D04;D05;D06;D07,,LARGE_MARGIN_BOUNDARY,NOT_CALCULATED,False
2021-01-26_UTA_NYK,2021-01-26,UTA,NYK,14,INCUMBENT_CONDITIONAL,INCUMBENT_CONDITIONAL,NO_DIRECT_DELTA_IDENTIFIED,,,,D01;D02;D03;D04;D05;D06;D07,D01;D02;D03;D04;D05;D06;D07,,REMAINING_SEASON_POLICY,NOT_CALCULATED,False
2021-01-27_ORL_SAC,2021-01-27,ORL,SAC,14,INCUMBENT_CONDITIONAL,INCUMBENT_CONDITIONAL,NO_DIRECT_DELTA_IDENTIFIED,,,,D01;D02;D03;D04;D05;D06;D07,D01;D02;D03;D04;D05;D06;D07,,REMAINING_SEASON_POLICY,NOT_CALCULATED,False
2021-01-27_CLE_DET,2021-01-27,CLE,DET,15,INCUMBENT_CONDITIONAL,DET_PATRICK_KIRA,DIRECT_ROSTER_CONTACT,,,,D01;D02;D03;D04;D05;D06;D07,D01;D02;D03;D04;D05;D06;D07,,REMAINING_SEASON_POLICY,NOT_CALCULATED,False
2021-01-27_CHA_IND,2021-01-27,CHA,IND,10,CHA_EDWARDS_TERRY,INCUMBENT_CONDITIONAL,DIRECT_ROSTER_CONTACT,,D01;D07,D05;D06;D07,D01;D02;D05;D06;D07,D01;D02;D03;D04;D05;D06;D07,,LARGE_MARGIN_BOUNDARY,NOT_CALCULATED,False
2021-01-27_ATL_BKN,2021-01-27,ATL,BKN,4,INCUMBENT_CONDITIONAL,INCUMBENT_CONDITIONAL,NO_DIRECT_DELTA_IDENTIFIED,,,,D02;D04;D06;D07,D01;D02;D03;D04;D05;D06;D07,,REMAINING_SEASON_POLICY,NOT_CALCULATED,False
2021-01-27_TOR_MIL,2021-01-27,TOR,MIL,7,INCUMBENT_CONDITIONAL,INCUMBENT_CONDITIONAL,NO_DIRECT_DELTA_IDENTIFIED,,,,,,,REMAINING_SEASON_POLICY,NOT_CALCULATED,False
2021-01-27_MIA_DEN,2021-01-27,MIA,DEN,27,INCUMBENT_CONDITIONAL,DEN_BEY_NNAJI,DIRECT_ROSTER_CONTACT,,,,D01;D02;D03;D04;D05;D06;D07,D01;D02;D03;D04;D05;D06;D07,,REMAINING_SEASON_POLICY,NOT_CALCULATED,False
2021-01-27_SAS_BOS,2021-01-27,SAS,BOS,4,INCUMBENT_CONDITIONAL,INCUMBENT_CONDITIONAL,NO_DIRECT_DELTA_IDENTIFIED,,,,,D02;D03;D04;D07,,REMAINING_SEASON_POLICY,NOT_CALCULATED,False
2021-01-27_NOP_WAS,2021-01-27,NOP,WAS,18,NOP_HAYES,WAS_TRENT,DIRECT_ROSTER_CONTACT,,D03;D04;D05;D06,D01;D05;D06,D01;D02;D03;D04;D05;D06;D07,D01;D02;D03;D04;D05;D06;D07,,LARGE_MARGIN_BOUNDARY,NOT_CALCULATED,False
2021-01-27_UTA_DAL,2021-01-27,UTA,DAL,12,INCUMBENT_CONDITIONAL,DAL_HAMPTON,DIRECT_ROSTER_CONTACT,D01;D03;D05,,,D01;D02;D03;D04;D05;D06;D07,D01;D02;D03;D04;D05;D06;D07,,LARGE_MARGIN_BOUNDARY,NOT_CALCULATED,False
2021-01-27_PHX_OKC,2021-01-27,PHX,OKC,5,INCUMBENT_CONDITIONAL,INCUMBENT_CONDITIONAL,NO_DIRECT_DELTA_IDENTIFIED,,,,D01;D02;D03;D04;D05;D06;D07,D01;D02;D03;D04;D05;D06;D07,,REMAINING_SEASON_POLICY,NOT_CALCULATED,False
2021-01-27_GSW_MIN,2021-01-27,GSW,MIN,12,GSW_WIGGINS_HUTCHISON_INACTIVE,MIN_RIVAL,DIRECT_ROSTER_CONTACT,,,,D01;D04;D05,D01;D02;D04;D05;D06;D07,,REMAINING_SEASON_POLICY,NOT_CALCULATED,False
2021-01-28_MIA_LAC,2021-01-28,MIA,LAC,4,INCUMBENT_CONDITIONAL,INCUMBENT_CONDITIONAL,NO_DIRECT_DELTA_IDENTIFIED,,,,D01;D02;D03;D04;D05;D06;D07,D01;D02;D03;D04;D05;D06;D07,,REMAINING_SEASON_POLICY,NOT_CALCULATED,False
2021-01-28_DET_LAL,2021-01-28,DET,LAL,15,DET_PATRICK_KIRA,LAL_AD_CORE,DIRECT_ROSTER_CONTACT,,,,D02;D04;D06;D07,D01;D02;D03;D04;D05;D06;D07,,REMAINING_SEASON_POLICY,NOT_CALCULATED,False
2021-01-28_PHX_GSW,2021-01-28,PHX,GSW,21,INCUMBENT_CONDITIONAL,GSW_WIGGINS_HUTCHISON_INACTIVE,TRANSACTION_DEPENDENCY,D01;D05,,,D01;D03;D05,D01;D02;D03;D04;D05;D06;D07,,LARGE_MARGIN_BOUNDARY,NOT_CALCULATED,False
2021-01-29_WAS_ATL,2021-01-29,WAS,ATL,16,WAS_TRENT,INCUMBENT_CONDITIONAL,DIRECT_ROSTER_CONTACT,,D03;D04;D05;D06,D01;D05;D06,D01;D02;D03;D04;D05;D06;D07,D01;D02;D03;D04;D05;D06;D07,,LARGE_MARGIN_BOUNDARY,NOT_CALCULATED,False
2021-01-29_NOP_MIL,2021-01-29,NOP,MIL,5,NOP_HAYES,INCUMBENT_CONDITIONAL,DIRECT_ROSTER_CONTACT,,,,,D01;D02;D03;D04;D05;D06;D07,,REMAINING_SEASON_POLICY,NOT_CALCULATED,False
2021-01-29_NYK_CLE,2021-01-29,NYK,CLE,21,INCUMBENT_CONDITIONAL,INCUMBENT_CONDITIONAL,NO_DIRECT_DELTA_IDENTIFIED,,,,D01;D02;D03;D04;D05;D06;D07,D01;D02;D03;D04;D05;D06;D07,,REMAINING_SEASON_POLICY,NOT_CALCULATED,False
2021-01-29_TOR_SAC,2021-01-29,TOR,SAC,2,INCUMBENT_CONDITIONAL,INCUMBENT_CONDITIONAL,NO_DIRECT_DELTA_IDENTIFIED,,,,D01;D02;D03;D04;D05;D06;D07,D01;D02;D03;D04;D05;D06;D07,,CLOSE80_PAIRED_INPUT,NOT_CALCULATED,False
2021-01-29_MIN_PHI,2021-01-29,MIN,PHI,24,MIN_RIVAL,INCUMBENT_CONDITIONAL,DIRECT_ROSTER_CONTACT,,,,D01;D02,D01;D02;D03;D04;D05;D06;D07,,REMAINING_SEASON_POLICY,NOT_CALCULATED,False
2021-01-29_ORL_LAC,2021-01-29,ORL,LAC,26,INCUMBENT_CONDITIONAL,INCUMBENT_CONDITIONAL,NO_DIRECT_DELTA_IDENTIFIED,,,,D01;D02;D03;D04;D05;D06;D07,D01;D02;D03;D04;D05;D06;D07,,REMAINING_SEASON_POLICY,NOT_CALCULATED,False
2021-01-29_OKC_BKN,2021-01-29,OKC,BKN,22,INCUMBENT_CONDITIONAL,INCUMBENT_CONDITIONAL,NO_DIRECT_DELTA_IDENTIFIED,,,,D01;D02;D03;D04;D05;D06;D07,D01;D02;D03;D04;D05;D06;D07,,REMAINING_SEASON_POLICY,NOT_CALCULATED,False
2021-01-29_SAS_DEN,2021-01-29,SAS,DEN,10,INCUMBENT_CONDITIONAL,DEN_BEY_NNAJI,DIRECT_ROSTER_CONTACT,,,,,D01;D02;D03;D04;D05;D06;D07,,REMAINING_SEASON_POLICY,NOT_CALCULATED,False
2021-01-29_UTA_DAL,2021-01-29,UTA,DAL,19,INCUMBENT_CONDITIONAL,DAL_HAMPTON,DIRECT_ROSTER_CONTACT,D01;D03;D05,,,D01;D02;D03;D04;D05;D06;D07,D01;D02;D03;D04;D05;D06;D07,,LARGE_MARGIN_BOUNDARY,NOT_CALCULATED,False
2021-01-30_NOP_HOU,2021-01-30,NOP,HOU,14,NOP_HAYES,INCUMBENT_CONDITIONAL,DIRECT_ROSTER_CONTACT,,,,D01;D02;D03;D04;D05;D06;D07,D01;D02;D03;D04;D05;D06;D07,,REMAINING_SEASON_POLICY,NOT_CALCULATED,False
2021-01-30_MIA_SAC,2021-01-30,MIA,SAC,1,INCUMBENT_CONDITIONAL,INCUMBENT_CONDITIONAL,NO_DIRECT_DELTA_IDENTIFIED,,,,,D01;D02;D03;D04;D05;D06;D07,,CLOSE80_PAIRED_INPUT,NOT_CALCULATED,False
2021-01-30_CHA_MIL,2021-01-30,CHA,MIL,12,CHA_EDWARDS_TERRY,INCUMBENT_CONDITIONAL,DIRECT_ROSTER_CONTACT,,D03;D04;D05;D06,,D03;D04;D05;D06,D01;D02;D03;D04;D05;D06;D07,,LARGE_MARGIN_BOUNDARY,NOT_CALCULATED,False
2021-01-30_SAS_MEM,2021-01-30,SAS,MEM,17,INCUMBENT_CONDITIONAL,INCUMBENT_CONDITIONAL,NO_DIRECT_DELTA_IDENTIFIED,,,,D03,D01;D02;D03;D04;D05;D06;D07,,REMAINING_SEASON_POLICY,NOT_CALCULATED,False
2021-01-30_DAL_PHX,2021-01-30,DAL,PHX,6,DAL_HAMPTON,INCUMBENT_CONDITIONAL,DIRECT_ROSTER_CONTACT,D01;D03;D05,,,D01;D03;D05,D01;D02;D03;D04;D05;D06;D07,,LARGE_MARGIN_BOUNDARY,NOT_CALCULATED,False
2021-01-30_GSW_DET,2021-01-30,GSW,DET,27,GSW_WIGGINS_HUTCHISON_INACTIVE,DET_PATRICK_KIRA,DIRECT_ROSTER_CONTACT,,,,D01;D04;D05,D01;D02;D03;D04;D05;D06;D07,,REMAINING_SEASON_POLICY,NOT_CALCULATED,False
2021-01-31_NYK_LAC,2021-01-31,NYK,LAC,14,INCUMBENT_CONDITIONAL,INCUMBENT_CONDITIONAL,NO_DIRECT_DELTA_IDENTIFIED,,,,D01;D03;D05,D01;D02;D03;D04;D05;D06;D07,,REMAINING_SEASON_POLICY,NOT_CALCULATED,False
2021-01-31_DEN_UTA,2021-01-31,DEN,UTA,11,DEN_BEY_NNAJI,INCUMBENT_CONDITIONAL,DIRECT_ROSTER_CONTACT,,,,D01;D02;D03;D04;D05;D06;D07,D01;D02;D03;D04;D05;D06;D07,,REMAINING_SEASON_POLICY,NOT_CALCULATED,False
2021-01-31_TOR_ORL,2021-01-31,TOR,ORL,13,INCUMBENT_CONDITIONAL,INCUMBENT_CONDITIONAL,NO_DIRECT_DELTA_IDENTIFIED,,,,D01;D02;D03;D04;D05;D06;D07,D01;D02;D03;D04;D05;D06;D07,,REMAINING_SEASON_POLICY,NOT_CALCULATED,False
2021-01-31_IND_PHI,2021-01-31,IND,PHI,9,INCUMBENT_CONDITIONAL,INCUMBENT_CONDITIONAL,NO_DIRECT_DELTA_IDENTIFIED,,,,D01;D02,D01;D02;D03;D04;D05;D06;D07,,REMAINING_SEASON_POLICY,NOT_CALCULATED,False
2021-01-31_MIN_CLE,2021-01-31,MIN,CLE,5,MIN_RIVAL,INCUMBENT_CONDITIONAL,DIRECT_ROSTER_CONTACT,,,,D01;D02;D03;D04;D05;D06;D07,D01;D02;D03;D04;D05;D06;D07,,REMAINING_SEASON_POLICY,NOT_CALCULATED,False
2021-02-01_ATL_LAL,2021-02-01,ATL,LAL,8,INCUMBENT_CONDITIONAL,LAL_AD_CORE,TRANSACTION_DEPENDENCY,D02;D07,,,D02;D04;D06;D07,D01;D02;D03;D04;D05;D06;D07,,LARGE_MARGIN_BOUNDARY,NOT_CALCULATED,False
2021-02-01_MIA_CHA,2021-02-01,MIA,CHA,8,INCUMBENT_CONDITIONAL,CHA_EDWARDS_TERRY,DIRECT_ROSTER_CONTACT,,D03;D04;D05;D06,,D01;D02;D03;D04;D05;D06;D07,D01;D02;D03;D04;D05;D06;D07,,LARGE_MARGIN_BOUNDARY,NOT_CALCULATED,False
2021-02-01_NOP_SAC,2021-02-01,NOP,SAC,9,NOP_HAYES,INCUMBENT_CONDITIONAL,DIRECT_ROSTER_CONTACT,,,,D01;D02;D03;D04;D05;D06;D07,D01;D02;D03;D04;D05;D06;D07,,REMAINING_SEASON_POLICY,NOT_CALCULATED,False
2021-02-01_MIL_POR,2021-02-01,MIL,POR,28,INCUMBENT_CONDITIONAL,POR_NO_TRENT,DIRECT_ROSTER_CONTACT,D02;D07,,,D02;D07,D01;D02;D03;D04;D05;D06;D07,,LARGE_MARGIN_BOUNDARY,NOT_CALCULATED,False
2021-02-01_OKC_HOU,2021-02-01,OKC,HOU,30,INCUMBENT_CONDITIONAL,INCUMBENT_CONDITIONAL,NO_DIRECT_DELTA_IDENTIFIED,,,,D01;D02;D03;D04;D05;D06;D07,D01;D02;D03;D04;D05;D06;D07,,REMAINING_SEASON_POLICY,NOT_CALCULATED,False
2021-02-01_CLE_MIN,2021-02-01,CLE,MIN,2,INCUMBENT_CONDITIONAL,MIN_RIVAL,DIRECT_ROSTER_CONTACT,,,,D01;D02;D03;D04;D05;D06;D07,D01;D02;D03;D04;D05;D06;D07,,CLOSE80_PAIRED_INPUT,NOT_CALCULATED,False
2021-02-01_SAS_MEM,2021-02-01,SAS,MEM,31,INCUMBENT_CONDITIONAL,INCUMBENT_CONDITIONAL,NO_DIRECT_DELTA_IDENTIFIED,,,,D03,D01;D02;D03;D04;D05;D06;D07,,REMAINING_SEASON_POLICY,NOT_CALCULATED,False
2021-02-01_DAL_PHX,2021-02-01,DAL,PHX,1,DAL_HAMPTON,INCUMBENT_CONDITIONAL,DIRECT_ROSTER_CONTACT,D01;D03;D05,,,D01;D03;D05,D01;D02;D03;D04;D05;D06;D07,,CLOSE80_PAIRED_INPUT,NOT_CALCULATED,False
2021-02-02_ORL_TOR,2021-02-02,ORL,TOR,15,INCUMBENT_CONDITIONAL,INCUMBENT_CONDITIONAL,NO_DIRECT_DELTA_IDENTIFIED,,,,D01;D02;D03;D04;D05;D06;D07,D01;D02;D03;D04;D05;D06;D07,,REMAINING_SEASON_POLICY,NOT_CALCULATED,False
2021-02-02_BKN_LAC,2021-02-02,BKN,LAC,4,INCUMBENT_CONDITIONAL,INCUMBENT_CONDITIONAL,NO_DIRECT_DELTA_IDENTIFIED,,,,D01;D02;D03;D04;D05;D06;D07,D01;D02;D03;D04;D05;D06;D07,,REMAINING_SEASON_POLICY,NOT_CALCULATED,False
2021-02-02_WAS_POR,2021-02-02,WAS,POR,11,WAS_TRENT,POR_NO_TRENT,DIRECT_ROSTER_CONTACT,D01;D03;D05,D03;D04;D05;D06,D01;D05;D06,D01;D02;D03;D04;D05;D06;D07,D01;D02;D03;D04;D05;D06;D07,,LARGE_MARGIN_BOUNDARY,NOT_CALCULATED,False
2021-02-02_IND_MEM,2021-02-02,IND,MEM,18,INCUMBENT_CONDITIONAL,INCUMBENT_CONDITIONAL,NO_DIRECT_DELTA_IDENTIFIED,D01;D03;D05,,,D01;D02;D03;D04;D05;D07,D01;D02;D03;D04;D05;D06;D07,,LARGE_MARGIN_BOUNDARY,NOT_CALCULATED,False
2021-02-02_GSW_BOS,2021-02-02,GSW,BOS,4,GSW_WIGGINS_HUTCHISON_INACTIVE,INCUMBENT_CONDITIONAL,TRANSACTION_DEPENDENCY,D01;D05,,,D01;D03;D05,D01;D02;D03;D04;D05;D06;D07,,LARGE_MARGIN_BOUNDARY,NOT_CALCULATED,False
2021-02-02_UTA_DET,2021-02-02,UTA,DET,12,INCUMBENT_CONDITIONAL,DET_PATRICK_KIRA,DIRECT_ROSTER_CONTACT,,,,D01;D02;D03;D04;D05;D06;D07,D01;D02;D03;D04;D05;D06;D07,,REMAINING_SEASON_POLICY,NOT_CALCULATED,False
2021-02-03_MIL_IND,2021-02-03,MIL,IND,20,INCUMBENT_CONDITIONAL,INCUMBENT_CONDITIONAL,NO_DIRECT_DELTA_IDENTIFIED,,,,,D01;D02;D03;D04;D05;D06;D07,,REMAINING_SEASON_POLICY,NOT_CALCULATED,False
2021-02-03_CHA_PHI,2021-02-03,CHA,PHI,7,CHA_EDWARDS_TERRY,INCUMBENT_CONDITIONAL,DIRECT_ROSTER_CONTACT,,D01;D07,D05;D06;D07,D01;D02;D05;D06;D07,D01;D02;D03;D04;D05;D06;D07,,LARGE_MARGIN_BOUNDARY,NOT_CALCULATED,False
2021-02-03_ATL_DAL,2021-02-03,ATL,DAL,6,INCUMBENT_CONDITIONAL,DAL_HAMPTON,DIRECT_ROSTER_CONTACT,D02;D07,,,D01;D02;D03;D04;D05;D06;D07,D01;D02;D03;D04;D05;D06;D07,,LARGE_MARGIN_BOUNDARY,NOT_CALCULATED,False
2021-02-03_CLE_LAC,2021-02-03,CLE,LAC,22,INCUMBENT_CONDITIONAL,INCUMBENT_CONDITIONAL,NO_DIRECT_DELTA_IDENTIFIED,,,,,D01;D02;D03;D04;D05;D06;D07,,REMAINING_SEASON_POLICY,NOT_CALCULATED,False
2021-02-03_OKC_HOU,2021-02-03,OKC,HOU,17,INCUMBENT_CONDITIONAL,INCUMBENT_CONDITIONAL,NO_DIRECT_DELTA_IDENTIFIED,,,,,D01;D02;D03;D04;D05;D06;D07,,REMAINING_SEASON_POLICY,NOT_CALCULATED,False
2021-02-03_SAS_MIN,2021-02-03,SAS,MIN,3,INCUMBENT_CONDITIONAL,MIN_RIVAL,DIRECT_ROSTER_CONTACT,,,,,D02;D03;D04;D07,,CLOSE80_PAIRED_INPUT,NOT_CALCULATED,False
2021-02-03_NOP_PHX,2021-02-03,NOP,PHX,22,NOP_HAYES,INCUMBENT_CONDITIONAL,DIRECT_ROSTER_CONTACT,,,,D01;D02;D03;D04;D05;D06;D07,D01;D02;D03;D04;D05;D06;D07,,REMAINING_SEASON_POLICY,NOT_CALCULATED,False
2021-02-03_SAC_BOS,2021-02-03,SAC,BOS,5,INCUMBENT_CONDITIONAL,INCUMBENT_CONDITIONAL,NO_DIRECT_DELTA_IDENTIFIED,,,,D01;D02;D03;D04;D05;D06;D07,D01;D02;D03;D04;D05;D06;D07,,REMAINING_SEASON_POLICY,NOT_CALCULATED,False
2021-02-04_ATL_UTA,2021-02-04,ATL,UTA,21,INCUMBENT_CONDITIONAL,INCUMBENT_CONDITIONAL,NO_DIRECT_DELTA_IDENTIFIED,,,,D01;D02;D03;D04;D05;D06;D07,D01;D02;D03;D04;D05;D06;D07,,REMAINING_SEASON_POLICY,NOT_CALCULATED,False
2021-02-04_DAL_GSW,2021-02-04,DAL,GSW,31,DAL_HAMPTON,GSW_WIGGINS_HUTCHISON_INACTIVE,DIRECT_ROSTER_CONTACT,D01;D03;D05,,,D01;D03;D04;D05,D01;D02;D03;D04;D05;D06;D07,,LARGE_MARGIN_BOUNDARY,NOT_CALCULATED,False
2021-02-04_PHI_POR,2021-02-04,PHI,POR,16,INCUMBENT_CONDITIONAL,POR_NO_TRENT,DIRECT_ROSTER_CONTACT,D01;D03;D05,,,D01;D03;D05,D01;D02;D03;D04;D05;D06;D07,,LARGE_MARGIN_BOUNDARY,NOT_CALCULATED,False
2021-02-04_MEM_HOU,2021-02-04,MEM,HOU,12,INCUMBENT_CONDITIONAL,INCUMBENT_CONDITIONAL,NO_DIRECT_DELTA_IDENTIFIED,D01;D03;D05,,,D01;D03;D04;D05,D01;D03;D04;D05;D06,,LARGE_MARGIN_BOUNDARY,NOT_CALCULATED,False
2021-02-04_LAL_DEN,2021-02-04,LAL,DEN,21,LAL_AD_CORE,DEN_BEY_NNAJI,DIRECT_ROSTER_CONTACT,D02;D07,,,D02;D07,D01;D02;D03;D04;D05;D06;D07,,LARGE_MARGIN_BOUNDARY,NOT_CALCULATED,False
2021-02-05_IND_NOP,2021-02-05,IND,NOP,1,INCUMBENT_CONDITIONAL,NOP_HAYES,DIRECT_ROSTER_CONTACT,,,,,D01;D02;D03;D04;D05;D06;D07,,CLOSE80_PAIRED_INPUT,NOT_CALCULATED,False
2021-02-05_CLE_MIL,2021-02-05,CLE,MIL,18,INCUMBENT_CONDITIONAL,INCUMBENT_CONDITIONAL,NO_DIRECT_DELTA_IDENTIFIED,,,,,D01;D02;D03;D04;D05;D06;D07,,REMAINING_SEASON_POLICY,NOT_CALCULATED,False
2021-02-05_BKN_TOR,2021-02-05,BKN,TOR,6,INCUMBENT_CONDITIONAL,INCUMBENT_CONDITIONAL,NO_DIRECT_DELTA_IDENTIFIED,,,,D01;D02,D01;D02;D03;D04;D05;D06;D07,,REMAINING_SEASON_POLICY,NOT_CALCULATED,False
2021-02-05_CHA_UTA,2021-02-05,CHA,UTA,17,CHA_EDWARDS_TERRY,INCUMBENT_CONDITIONAL,DIRECT_ROSTER_CONTACT,,D01;D07,D05;D06;D07,D01;D02;D03;D04;D05;D06;D07,D01;D02;D03;D04;D05;D06;D07,,LARGE_MARGIN_BOUNDARY,NOT_CALCULATED,False
2021-02-05_MIA_WAS,2021-02-05,MIA,WAS,27,INCUMBENT_CONDITIONAL,WAS_TRENT,DIRECT_ROSTER_CONTACT,,D03;D04;D05;D06,D01;D05;D06,D01;D02;D03;D04;D05;D06;D07,D01;D02;D03;D04;D05;D06;D07,,LARGE_MARGIN_BOUNDARY,NOT_CALCULATED,False
2021-02-05_OKC_MIN,2021-02-05,OKC,MIN,3,INCUMBENT_CONDITIONAL,MIN_RIVAL,DIRECT_ROSTER_CONTACT,,,,D01;D02;D03;D04;D05;D06;D07,D01;D02;D03;D04;D05;D06;D07,,CLOSE80_PAIRED_INPUT,NOT_CALCULATED,False
2021-02-05_PHX_DET,2021-02-05,PHX,DET,17,INCUMBENT_CONDITIONAL,DET_PATRICK_KIRA,DIRECT_ROSTER_CONTACT,,,,,D01;D02;D03;D04;D05;D06;D07,,REMAINING_SEASON_POLICY,NOT_CALCULATED,False
2021-02-05_LAC_BOS,2021-02-05,LAC,BOS,4,INCUMBENT_CONDITIONAL,INCUMBENT_CONDITIONAL,NO_DIRECT_DELTA_IDENTIFIED,,,,D01;D02;D03;D04;D05;D06;D07,D01;D02;D03;D04;D05;D06;D07,,REMAINING_SEASON_POLICY,NOT_CALCULATED,False
2021-02-06_NYK_POR,2021-02-06,NYK,POR,11,INCUMBENT_CONDITIONAL,POR_NO_TRENT,DIRECT_ROSTER_CONTACT,D02;D07,,,D01;D02;D03;D04;D05;D06;D07,D01;D02;D03;D04;D05;D06;D07,,LARGE_MARGIN_BOUNDARY,NOT_CALCULATED,False
2021-02-06_SAC_DEN,2021-02-06,SAC,DEN,5,INCUMBENT_CONDITIONAL,DEN_BEY_NNAJI,DIRECT_ROSTER_CONTACT,,,,D01;D02;D03;D04;D05;D06;D07,D01;D02;D03;D04;D05;D06;D07,,REMAINING_SEASON_POLICY,NOT_CALCULATED,False
2021-02-06_HOU_SAS,2021-02-06,HOU,SAS,5,INCUMBENT_CONDITIONAL,INCUMBENT_CONDITIONAL,NO_DIRECT_DELTA_IDENTIFIED,,,,,D02;D03;D04;D07,,REMAINING_SEASON_POLICY,NOT_CALCULATED,False
2021-02-06_CLE_MIL,2021-02-06,CLE,MIL,25,INCUMBENT_CONDITIONAL,INCUMBENT_CONDITIONAL,NO_DIRECT_DELTA_IDENTIFIED,,,,,D01;D02;D03;D04;D05;D06;D07,,REMAINING_SEASON_POLICY,NOT_CALCULATED,False
2021-02-06_ATL_TOR,2021-02-06,ATL,TOR,11,INCUMBENT_CONDITIONAL,INCUMBENT_CONDITIONAL,NO_DIRECT_DELTA_IDENTIFIED,,,,D01;D03;D05,D01;D02;D03;D04;D05;D06;D07,,REMAINING_SEASON_POLICY,NOT_CALCULATED,False
2021-02-06_PHI_BKN,2021-02-06,PHI,BKN,16,INCUMBENT_CONDITIONAL,INCUMBENT_CONDITIONAL,NO_DIRECT_DELTA_IDENTIFIED,,,,D01;D02;D03;D04;D05;D06;D07,D01;D02;D03;D04;D05;D06;D07,,REMAINING_SEASON_POLICY,NOT_CALCULATED,False
2021-02-06_OKC_MIN,2021-02-06,OKC,MIN,2,INCUMBENT_CONDITIONAL,MIN_RIVAL,DIRECT_ROSTER_CONTACT,,,,,D01;D02;D03;D04;D05;D06;D07,,CLOSE80_PAIRED_INPUT,NOT_CALCULATED,False
2021-02-06_NOP_MEM,2021-02-06,NOP,MEM,9,NOP_HAYES,INCUMBENT_CONDITIONAL,DIRECT_ROSTER_CONTACT,D01;D03;D05,,,D01;D03;D04;D05,D01;D02;D03;D04;D05;D06;D07,,LARGE_MARGIN_BOUNDARY,NOT_CALCULATED,False
2021-02-06_LAL_DET,2021-02-06,LAL,DET,6,LAL_AD_CORE,DET_PATRICK_KIRA,DIRECT_ROSTER_CONTACT,D02;D07,,,D02;D07,D01;D02;D03;D04;D05;D06;D07,,LARGE_MARGIN_BOUNDARY,NOT_CALCULATED,False
2021-02-07_CHA_WAS,2021-02-07,CHA,WAS,22,CHA_EDWARDS_TERRY,WAS_TRENT,DIRECT_ROSTER_CONTACT,,D03;D04;D05;D06,D01;D05;D06,D01;D02;D03;D04;D05;D06;D07,D01;D02;D03;D04;D05;D06;D07,,LARGE_MARGIN_BOUNDARY,NOT_CALCULATED,False
2021-02-07_NYK_MIA,2021-02-07,NYK,MIA,6,INCUMBENT_CONDITIONAL,INCUMBENT_CONDITIONAL,NO_DIRECT_DELTA_IDENTIFIED,,,,D01;D03;D05,D01;D02;D03;D04;D05;D06;D07,,REMAINING_SEASON_POLICY,NOT_CALCULATED,False
2021-02-07_IND_UTA,2021-02-07,IND,UTA,8,INCUMBENT_CONDITIONAL,INCUMBENT_CONDITIONAL,NO_DIRECT_DELTA_IDENTIFIED,,,,D01;D02;D03;D04;D05;D06;D07,D01;D02;D03;D04;D05;D06;D07,,REMAINING_SEASON_POLICY,NOT_CALCULATED,False
2021-02-07_PHX_BOS,2021-02-07,PHX,BOS,9,INCUMBENT_CONDITIONAL,INCUMBENT_CONDITIONAL,NO_DIRECT_DELTA_IDENTIFIED,,,,,,,REMAINING_SEASON_POLICY,NOT_CALCULATED,False
2021-02-07_LAC_SAC,2021-02-07,LAC,SAC,3,INCUMBENT_CONDITIONAL,INCUMBENT_CONDITIONAL,NO_DIRECT_DELTA_IDENTIFIED,,,,D01;D02;D03;D04;D05;D06;D07,D01;D02;D03;D04;D05;D06;D07,,CLOSE80_PAIRED_INPUT,NOT_CALCULATED,False
2021-02-08_CHA_HOU,2021-02-08,CHA,HOU,25,CHA_EDWARDS_TERRY,INCUMBENT_CONDITIONAL,DIRECT_ROSTER_CONTACT,,D03;D04;D05;D06,,D03;D04;D05;D06,D01;D03;D04;D05;D06;D07,,LARGE_MARGIN_BOUNDARY,NOT_CALCULATED,False
2021-02-08_MEM_TOR,2021-02-08,MEM,TOR,15,INCUMBENT_CONDITIONAL,INCUMBENT_CONDITIONAL,NO_DIRECT_DELTA_IDENTIFIED,D01;D03;D05,,,D01;D03;D04;D05,D01;D03;D04;D05;D06,,LARGE_MARGIN_BOUNDARY,NOT_CALCULATED,False
2021-02-08_SAS_GSW,2021-02-08,SAS,GSW,5,INCUMBENT_CONDITIONAL,GSW_WIGGINS_HUTCHISON_INACTIVE,TRANSACTION_DEPENDENCY,D01;D05,,,D01;D03;D05,D01;D02;D03;D04;D05;D06;D07,,LARGE_MARGIN_BOUNDARY,NOT_CALCULATED,False
2021-02-08_DAL_MIN,2021-02-08,DAL,MIN,5,DAL_HAMPTON,MIN_RIVAL,DIRECT_ROSTER_CONTACT,D02;D07,,,D01;D02;D03;D04;D05;D06;D07,D01;D02;D03;D04;D05;D06;D07,,LARGE_MARGIN_BOUNDARY,NOT_CALCULATED,False
2021-02-08_PHX_CLE,2021-02-08,PHX,CLE,6,INCUMBENT_CONDITIONAL,INCUMBENT_CONDITIONAL,NO_DIRECT_DELTA_IDENTIFIED,,,,,D01;D02;D03;D04;D05;D06;D07,,REMAINING_SEASON_POLICY,NOT_CALCULATED,False
2021-02-08_DEN_MIL,2021-02-08,DEN,MIL,13,DEN_BEY_NNAJI,INCUMBENT_CONDITIONAL,DIRECT_ROSTER_CONTACT,,,,,D01;D02;D03;D04;D05;D06;D07,,REMAINING_SEASON_POLICY,NOT_CALCULATED,False
2021-02-08_LAL_OKC,2021-02-08,LAL,OKC,7,LAL_AD_CORE,INCUMBENT_CONDITIONAL,TRANSACTION_DEPENDENCY,D02;D07,,,D01;D02;D03;D04;D05;D06;D07,D01;D02;D03;D04;D05;D06;D07,,LARGE_MARGIN_BOUNDARY,NOT_CALCULATED,False
2021-02-09_DET_BKN,2021-02-09,DET,BKN,11,DET_PATRICK_KIRA,INCUMBENT_CONDITIONAL,DIRECT_ROSTER_CONTACT,,,,D01;D02,D01;D02;D03;D04;D05;D06;D07,,REMAINING_SEASON_POLICY,NOT_CALCULATED,False
2021-02-09_NOP_HOU,2021-02-09,NOP,HOU,29,NOP_HAYES,INCUMBENT_CONDITIONAL,DIRECT_ROSTER_CONTACT,,,,,D01;D02;D07,,REMAINING_SEASON_POLICY,NOT_CALCULATED,False
2021-02-09_MIA_NYK,2021-02-09,MIA,NYK,2,INCUMBENT_CONDITIONAL,INCUMBENT_CONDITIONAL,NO_DIRECT_DELTA_IDENTIFIED,,,,D01;D03;D05,D01;D02;D03;D04;D05;D06;D07,,CLOSE80_PAIRED_INPUT,NOT_CALCULATED,False
2021-02-09_SAS_GSW,2021-02-09,SAS,GSW,23,INCUMBENT_CONDITIONAL,GSW_WIGGINS_HUTCHISON_INACTIVE,TRANSACTION_DEPENDENCY,,,,D01;D04;D05,D01;D02;D03;D04;D05;D06;D07,,REMAINING_SEASON_POLICY,NOT_CALCULATED,False
2021-02-09_SAC_PHI,2021-02-09,SAC,PHI,8,INCUMBENT_CONDITIONAL,INCUMBENT_CONDITIONAL,NO_DIRECT_DELTA_IDENTIFIED,,,,D01;D02,D01;D02;D03;D04;D05;D06;D07,,REMAINING_SEASON_POLICY,NOT_CALCULATED,False
2021-02-09_UTA_BOS,2021-02-09,UTA,BOS,14,INCUMBENT_CONDITIONAL,INCUMBENT_CONDITIONAL,NO_DIRECT_DELTA_IDENTIFIED,,,,D01;D02;D03;D04;D05;D06;D07,D01;D02;D03;D04;D05;D06;D07,,REMAINING_SEASON_POLICY,NOT_CALCULATED,False
2021-02-09_POR_ORL,2021-02-09,POR,ORL,9,POR_NO_TRENT,INCUMBENT_CONDITIONAL,DIRECT_ROSTER_CONTACT,D01;D03;D05,,,D01;D02;D03;D04;D05;D06;D07,D01;D02;D03;D04;D05;D06;D07,,LARGE_MARGIN_BOUNDARY,NOT_CALCULATED,False
2021-02-10_WAS_TOR,2021-02-10,WAS,TOR,22,WAS_TRENT,INCUMBENT_CONDITIONAL,DIRECT_ROSTER_CONTACT,,D03;D04;D05;D06,D01;D05;D06,D01;D02;D03;D04;D05;D06;D07,D01;D02;D03;D04;D05;D06;D07,,LARGE_MARGIN_BOUNDARY,NOT_CALCULATED,False
2021-02-10_MIN_LAC,2021-02-10,MIN,LAC,7,MIN_RIVAL,INCUMBENT_CONDITIONAL,DIRECT_ROSTER_CONTACT,,,,,D01;D02;D03;D04;D05;D06;D07,,REMAINING_SEASON_POLICY,NOT_CALCULATED,False
2021-02-10_BKN_IND,2021-02-10,BKN,IND,10,INCUMBENT_CONDITIONAL,INCUMBENT_CONDITIONAL,NO_DIRECT_DELTA_IDENTIFIED,,,,,D01;D02;D03;D04;D05;D06;D07,,REMAINING_SEASON_POLICY,NOT_CALCULATED,False
2021-02-10_MEM_CHA,2021-02-10,MEM,CHA,16,INCUMBENT_CONDITIONAL,CHA_EDWARDS_TERRY,DIRECT_ROSTER_CONTACT,,D01;D07,D05;D06;D07,D01;D03;D05;D06;D07,D01;D02;D03;D04;D05;D06;D07,,LARGE_MARGIN_BOUNDARY,NOT_CALCULATED,False
2021-02-10_DEN_CLE,2021-02-10,DEN,CLE,38,DEN_BEY_NNAJI,INCUMBENT_CONDITIONAL,DIRECT_ROSTER_CONTACT,,,,D01;D02;D03;D04;D05;D06;D07,D01;D02;D03;D04;D05;D06;D07,,REMAINING_SEASON_POLICY,NOT_CALCULATED,False
2021-02-10_PHX_MIL,2021-02-10,PHX,MIL,1,INCUMBENT_CONDITIONAL,INCUMBENT_CONDITIONAL,NO_DIRECT_DELTA_IDENTIFIED,,,,,D01;D02;D03;D04;D05;D06;D07,,CLOSE80_PAIRED_INPUT,NOT_CALCULATED,False
2021-02-11_HOU_MIA,2021-02-11,HOU,MIA,7,INCUMBENT_CONDITIONAL,INCUMBENT_CONDITIONAL,NO_DIRECT_DELTA_IDENTIFIED,,,,,D01;D02;D03;D04;D05;D06;D07,,REMAINING_SEASON_POLICY,NOT_CALCULATED,False
2021-02-11_BOS_TOR,2021-02-11,BOS,TOR,14,INCUMBENT_CONDITIONAL,INCUMBENT_CONDITIONAL,NO_DIRECT_DELTA_IDENTIFIED,,,,,D01;D03;D04;D05;D06,,REMAINING_SEASON_POLICY,NOT_CALCULATED,False
2021-02-11_DET_IND,2021-02-11,DET,IND,16,DET_PATRICK_KIRA,INCUMBENT_CONDITIONAL,DIRECT_ROSTER_CONTACT,,,,D02;D07,D01;D02;D03;D04;D05;D06;D07,,REMAINING_SEASON_POLICY,NOT_CALCULATED,False
2021-02-11_POR_PHI,2021-02-11,POR,PHI,4,POR_NO_TRENT,INCUMBENT_CONDITIONAL,DIRECT_ROSTER_CONTACT,D01;D03;D05,,,D01;D03;D05,D01;D02;D03;D04;D05;D06;D07,,LARGE_MARGIN_BOUNDARY,NOT_CALCULATED,False
2021-02-11_GSW_ORL,2021-02-11,GSW,ORL,6,GSW_WIGGINS_HUTCHISON_INACTIVE,INCUMBENT_CONDITIONAL,TRANSACTION_DEPENDENCY,,,,D01;D02;D03;D04;D05;D06;D07,D01;D02;D03;D04;D05;D06;D07,,REMAINING_SEASON_POLICY,NOT_CALCULATED,False
2021-02-12_CHA_MIN,2021-02-12,CHA,MIN,6,CHA_EDWARDS_TERRY,MIN_RIVAL,DIRECT_ROSTER_CONTACT,,D03;D04;D05;D06,,D03;D04;D05;D06,D01;D03;D04;D05;D06;D07,,LARGE_MARGIN_BOUNDARY,NOT_CALCULATED,False
2021-02-12_WAS_NYK,2021-02-12,WAS,NYK,18,WAS_TRENT,INCUMBENT_CONDITIONAL,DIRECT_ROSTER_CONTACT,,D03;D04;D05;D06,D01;D05;D06,D01;D02;D03;D04;D05;D06;D07,D01;D02;D03;D04;D05;D06;D07,,LARGE_MARGIN_BOUNDARY,NOT_CALCULATED,False
2021-02-12_ATL_SAS,2021-02-12,ATL,SAS,11,INCUMBENT_CONDITIONAL,INCUMBENT_CONDITIONAL,NO_DIRECT_DELTA_IDENTIFIED,,,,D02;D04;D06;D07,D01;D02;D03;D04;D05;D06;D07,,REMAINING_SEASON_POLICY,NOT_CALCULATED,False
2021-02-12_DAL_NOP,2021-02-12,DAL,NOP,13,DAL_HAMPTON,NOP_HAYES,DIRECT_ROSTER_CONTACT,D02;D07,,,D01;D02;D03;D04;D05;D06;D07,D01;D02;D03;D04;D05;D06;D07,,LARGE_MARGIN_BOUNDARY,NOT_CALCULATED,False
2021-02-12_BOS_DET,2021-02-12,BOS,DET,6,INCUMBENT_CONDITIONAL,DET_PATRICK_KIRA,DIRECT_ROSTER_CONTACT,,,,,,,REMAINING_SEASON_POLICY,NOT_CALCULATED,False
2021-02-12_UTA_MIL,2021-02-12,UTA,MIL,14,INCUMBENT_CONDITIONAL,INCUMBENT_CONDITIONAL,NO_DIRECT_DELTA_IDENTIFIED,,,,D01;D02;D03;D04;D05;D06;D07,D01;D02;D03;D04;D05;D06;D07,,REMAINING_SEASON_POLICY,NOT_CALCULATED,False
2021-02-12_DEN_OKC,2021-02-12,DEN,OKC,2,DEN_BEY_NNAJI,INCUMBENT_CONDITIONAL,DIRECT_ROSTER_CONTACT,,,,D01;D02;D03;D04;D05;D06;D07,D01;D02;D03;D04;D05;D06;D07,,CLOSE80_PAIRED_INPUT,NOT_CALCULATED,False
2021-02-12_LAL_MEM,2021-02-12,LAL,MEM,10,LAL_AD_CORE,INCUMBENT_CONDITIONAL,TRANSACTION_DEPENDENCY,D01;D02;D03;D05;D07,,,D01;D02;D03;D04;D05;D07,D01;D02;D03;D04;D05;D06;D07,,LARGE_MARGIN_BOUNDARY,NOT_CALCULATED,False
2021-02-12_POR_CLE,2021-02-12,POR,CLE,19,POR_NO_TRENT,INCUMBENT_CONDITIONAL,DIRECT_ROSTER_CONTACT,D01;D03;D05,,,D01;D03;D05,D01;D02;D03;D04;D05;D06;D07,,LARGE_MARGIN_BOUNDARY,NOT_CALCULATED,False
2021-02-12_SAC_ORL,2021-02-12,SAC,ORL,11,INCUMBENT_CONDITIONAL,INCUMBENT_CONDITIONAL,NO_DIRECT_DELTA_IDENTIFIED,,,,,D01;D02;D03;D04;D05;D06;D07,,REMAINING_SEASON_POLICY,NOT_CALCULATED,False
2021-02-13_PHX_PHI,2021-02-13,PHX,PHI,9,INCUMBENT_CONDITIONAL,INCUMBENT_CONDITIONAL,NO_DIRECT_DELTA_IDENTIFIED,,,,,D01;D02;D03;D04;D05;D06;D07,,REMAINING_SEASON_POLICY,NOT_CALCULATED,False
2021-02-13_ATL_IND,2021-02-13,ATL,IND,12,INCUMBENT_CONDITIONAL,INCUMBENT_CONDITIONAL,NO_DIRECT_DELTA_IDENTIFIED,,,,D02;D04;D06;D07,D01;D02;D03;D04;D05;D06;D07,,REMAINING_SEASON_POLICY,NOT_CALCULATED,False
2021-02-13_NYK_HOU,2021-02-13,NYK,HOU,22,INCUMBENT_CONDITIONAL,INCUMBENT_CONDITIONAL,NO_DIRECT_DELTA_IDENTIFIED,,,,D01;D02;D03;D04;D05;D06;D07,D01;D02;D03;D04;D05;D06;D07,,REMAINING_SEASON_POLICY,NOT_CALCULATED,False
2021-02-13_GSW_BKN,2021-02-13,GSW,BKN,17,GSW_WIGGINS_HUTCHISON_INACTIVE,INCUMBENT_CONDITIONAL,TRANSACTION_DEPENDENCY,D01;D05,,,D01;D03;D05,D01;D02;D03;D04;D05;D06;D07,,LARGE_MARGIN_BOUNDARY,NOT_CALCULATED,False
2021-02-13_UTA_MIA,2021-02-13,UTA,MIA,18,INCUMBENT_CONDITIONAL,INCUMBENT_CONDITIONAL,NO_DIRECT_DELTA_IDENTIFIED,,,,D01;D02;D03;D04;D05;D06;D07,D01;D02;D03;D04;D05;D06;D07,,REMAINING_SEASON_POLICY,NOT_CALCULATED,False
2021-02-14_WAS_BOS,2021-02-14,WAS,BOS,13,WAS_TRENT,INCUMBENT_CONDITIONAL,DIRECT_ROSTER_CONTACT,,D01,,D01,D01;D02;D03;D04;D05;D06;D07,,LARGE_MARGIN_BOUNDARY,NOT_CALCULATED,False
2021-02-14_CHA_SAS,2021-02-14,CHA,SAS,12,CHA_EDWARDS_TERRY,INCUMBENT_CONDITIONAL,DIRECT_ROSTER_CONTACT,,D01;D07,D05;D06;D07,D01;D05;D06;D07,D01;D02;D03;D04;D05;D06;D07,,LARGE_MARGIN_BOUNDARY,NOT_CALCULATED,False
2021-02-14_DET_NOP,2021-02-14,DET,NOP,11,DET_PATRICK_KIRA,NOP_HAYES,DIRECT_ROSTER_CONTACT,,,,D01;D02;D03;D04;D05;D06;D07,D01;D02;D03;D04;D05;D06;D07,,REMAINING_SEASON_POLICY,NOT_CALCULATED,False
2021-02-14_TOR_MIN,2021-02-14,TOR,MIN,4,INCUMBENT_CONDITIONAL,MIN_RIVAL,DIRECT_ROSTER_CONTACT,,,,D01;D02;D03;D04;D05;D06;D07,D01;D02;D03;D04;D05;D06;D07,,REMAINING_SEASON_POLICY,NOT_CALCULATED,False
2021-02-14_OKC_MIL,2021-02-14,OKC,MIL,5,INCUMBENT_CONDITIONAL,INCUMBENT_CONDITIONAL,NO_DIRECT_DELTA_IDENTIFIED,,,,,D01;D02;D03;D04;D05;D06;D07,,REMAINING_SEASON_POLICY,NOT_CALCULATED,False
2021-02-14_PHX_ORL,2021-02-14,PHX,ORL,19,INCUMBENT_CONDITIONAL,INCUMBENT_CONDITIONAL,NO_DIRECT_DELTA_IDENTIFIED,,,,D01;D02;D03;D04;D05;D06;D07,D01;D02;D03;D04;D05;D06;D07,,REMAINING_SEASON_POLICY,NOT_CALCULATED,False
2021-02-14_DEN_LAL,2021-02-14,DEN,LAL,17,DEN_BEY_NNAJI,LAL_AD_CORE,DIRECT_ROSTER_CONTACT,,,,D01;D02;D03;D04;D05;D06;D07,D01;D02;D03;D04;D05;D06;D07,,REMAINING_SEASON_POLICY,NOT_CALCULATED,False
2021-02-14_SAC_MEM,2021-02-14,SAC,MEM,14,INCUMBENT_CONDITIONAL,INCUMBENT_CONDITIONAL,NO_DIRECT_DELTA_IDENTIFIED,,,,D03,D01;D02;D03;D04;D05;D06;D07,,REMAINING_SEASON_POLICY,NOT_CALCULATED,False
2021-02-14_LAC_CLE,2021-02-14,LAC,CLE,17,INCUMBENT_CONDITIONAL,INCUMBENT_CONDITIONAL,NO_DIRECT_DELTA_IDENTIFIED,,,,,D01;D02;D03;D04;D05;D06;D07,,REMAINING_SEASON_POLICY,NOT_CALCULATED,False
2021-02-15_WAS_HOU,2021-02-15,WAS,HOU,12,WAS_TRENT,INCUMBENT_CONDITIONAL,DIRECT_ROSTER_CONTACT,,D01,,D01,D01;D02;D03;D04;D05;D06;D07,,LARGE_MARGIN_BOUNDARY,NOT_CALCULATED,False
2021-02-15_NYK_ATL,2021-02-15,NYK,ATL,11,INCUMBENT_CONDITIONAL,INCUMBENT_CONDITIONAL,NO_DIRECT_DELTA_IDENTIFIED,,,,D01;D02;D03;D04;D05;D06;D07,D01;D02;D03;D04;D05;D06;D07,,REMAINING_SEASON_POLICY,NOT_CALCULATED,False
2021-02-15_UTA_PHI,2021-02-15,UTA,PHI,11,INCUMBENT_CONDITIONAL,INCUMBENT_CONDITIONAL,NO_DIRECT_DELTA_IDENTIFIED,,,,D01;D02;D03;D04;D05;D06;D07,D01;D02;D03;D04;D05;D06;D07,,REMAINING_SEASON_POLICY,NOT_CALCULATED,False
2021-02-15_GSW_CLE,2021-02-15,GSW,CLE,31,GSW_WIGGINS_HUTCHISON_INACTIVE,INCUMBENT_CONDITIONAL,TRANSACTION_DEPENDENCY,,,,D01;D04;D05,D01;D02;D03;D04;D05;D06;D07,,REMAINING_SEASON_POLICY,NOT_CALCULATED,False
2021-02-15_SAC_BKN,2021-02-15,SAC,BKN,11,INCUMBENT_CONDITIONAL,INCUMBENT_CONDITIONAL,NO_DIRECT_DELTA_IDENTIFIED,,,,,D01;D02;D03;D04;D05;D06;D07,,REMAINING_SEASON_POLICY,NOT_CALCULATED,False
2021-02-15_LAC_MIA,2021-02-15,LAC,MIA,7,INCUMBENT_CONDITIONAL,INCUMBENT_CONDITIONAL,NO_DIRECT_DELTA_IDENTIFIED,,,,D01;D02;D03;D04;D05;D06;D07,D01;D02;D03;D04;D05;D06;D07,,REMAINING_SEASON_POLICY,NOT_CALCULATED,False
2021-02-16_BOS_DEN,2021-02-16,BOS,DEN,13,INCUMBENT_CONDITIONAL,DEN_BEY_NNAJI,DIRECT_ROSTER_CONTACT,,,,,D01;D02;D03;D04;D05;D06;D07,,REMAINING_SEASON_POLICY,NOT_CALCULATED,False
2021-02-16_MIL_TOR,2021-02-16,MIL,TOR,11,INCUMBENT_CONDITIONAL,INCUMBENT_CONDITIONAL,NO_DIRECT_DELTA_IDENTIFIED,,,,,D01;D02;D03;D04;D05;D06;D07,,REMAINING_SEASON_POLICY,NOT_CALCULATED,False
2021-02-16_OKC_POR,2021-02-16,OKC,POR,11,INCUMBENT_CONDITIONAL,POR_NO_TRENT,DIRECT_ROSTER_CONTACT,D01;D03;D05,,,D01;D02;D03;D04;D05;D06;D07,D01;D02;D03;D04;D05;D06;D07,,LARGE_MARGIN_BOUNDARY,NOT_CALCULATED,False
2021-02-16_MIN_LAL,2021-02-16,MIN,LAL,8,MIN_RIVAL,LAL_AD_CORE,DIRECT_ROSTER_CONTACT,D02;D07,,,D02;D07,D01;D02;D03;D04;D05;D06;D07,,LARGE_MARGIN_BOUNDARY,NOT_CALCULATED,False
2021-02-16_MEM_NOP,2021-02-16,MEM,NOP,31,INCUMBENT_CONDITIONAL,NOP_HAYES,DIRECT_ROSTER_CONTACT,D01;D03;D05,,,D01;D03;D04;D05,D01;D02;D03;D04;D05;D06;D07,,LARGE_MARGIN_BOUNDARY,NOT_CALCULATED,False
2021-02-16_PHX_BKN,2021-02-16,PHX,BKN,4,INCUMBENT_CONDITIONAL,INCUMBENT_CONDITIONAL,NO_DIRECT_DELTA_IDENTIFIED,,,,D01;D02;D03;D04;D05;D06;D07,D01;D02;D03;D04;D05;D06;D07,,REMAINING_SEASON_POLICY,NOT_CALCULATED,False
2021-02-17_ORL_NYK,2021-02-17,ORL,NYK,18,INCUMBENT_CONDITIONAL,INCUMBENT_CONDITIONAL,NO_DIRECT_DELTA_IDENTIFIED,,,,D01;D03;D05,D01;D02;D03;D04;D05;D06;D07,,REMAINING_SEASON_POLICY,NOT_CALCULATED,False
2021-02-17_PHI_HOU,2021-02-17,PHI,HOU,5,INCUMBENT_CONDITIONAL,INCUMBENT_CONDITIONAL,NO_DIRECT_DELTA_IDENTIFIED,,,,D01;D02,D01;D02;D03;D04;D05;D06;D07,,REMAINING_SEASON_POLICY,NOT_CALCULATED,False
2021-02-17_BOS_ATL,2021-02-17,BOS,ATL,8,INCUMBENT_CONDITIONAL,INCUMBENT_CONDITIONAL,NO_DIRECT_DELTA_IDENTIFIED,,,,D01;D03;D05,D01;D02;D03;D04;D05;D06;D07,,REMAINING_SEASON_POLICY,NOT_CALCULATED,False
2021-02-17_MIN_IND,2021-02-17,MIN,IND,6,MIN_RIVAL,INCUMBENT_CONDITIONAL,DIRECT_ROSTER_CONTACT,,,,D02;D07,D01;D02;D03;D04;D05;D06;D07,,REMAINING_SEASON_POLICY,NOT_CALCULATED,False
2021-02-17_MEM_OKC,2021-02-17,MEM,OKC,9,INCUMBENT_CONDITIONAL,INCUMBENT_CONDITIONAL,NO_DIRECT_DELTA_IDENTIFIED,,,,D01;D02;D03;D04;D05;D06;D07,D01;D02;D03;D04;D05;D06;D07,,REMAINING_SEASON_POLICY,NOT_CALCULATED,False
2021-02-17_GSW_MIA,2021-02-17,GSW,MIA,8,GSW_WIGGINS_HUTCHISON_INACTIVE,INCUMBENT_CONDITIONAL,TRANSACTION_DEPENDENCY,,,,D01;D02;D03;D04;D05;D06;D07,D01;D02;D03;D04;D05;D06;D07,,REMAINING_SEASON_POLICY,NOT_CALCULATED,False
2021-02-17_LAC_UTA,2021-02-17,LAC,UTA,18,INCUMBENT_CONDITIONAL,INCUMBENT_CONDITIONAL,NO_DIRECT_DELTA_IDENTIFIED,,,,D01;D02;D03;D04;D05;D06;D07,D01;D02;D03;D04;D05;D06;D07,,REMAINING_SEASON_POLICY,NOT_CALCULATED,False
2021-02-18_MIL_TOR,2021-02-18,MIL,TOR,14,INCUMBENT_CONDITIONAL,INCUMBENT_CONDITIONAL,NO_DIRECT_DELTA_IDENTIFIED,,,,,D01;D02;D03;D04;D05;D06;D07,,REMAINING_SEASON_POLICY,NOT_CALCULATED,False
2021-02-18_LAL_BKN,2021-02-18,LAL,BKN,11,LAL_AD_CORE,INCUMBENT_CONDITIONAL,TRANSACTION_DEPENDENCY,,,,D02;D04;D06;D07,D01;D02;D03;D04;D05;D06;D07,,REMAINING_SEASON_POLICY,NOT_CALCULATED,False
2021-02-18_SAC_MIA,2021-02-18,SAC,MIA,8,INCUMBENT_CONDITIONAL,INCUMBENT_CONDITIONAL,NO_DIRECT_DELTA_IDENTIFIED,,,,,D01;D02;D03;D04;D05;D06;D07,,REMAINING_SEASON_POLICY,NOT_CALCULATED,False
2021-02-19_CLE_DEN,2021-02-19,CLE,DEN,17,INCUMBENT_CONDITIONAL,DEN_BEY_NNAJI,DIRECT_ROSTER_CONTACT,,,,D01;D02;D03;D04;D05;D06;D07,D01;D02;D03;D04;D05;D06;D07,,REMAINING_SEASON_POLICY,NOT_CALCULATED,False
2021-02-19_ORL_GSW,2021-02-19,ORL,GSW,4,INCUMBENT_CONDITIONAL,GSW_WIGGINS_HUTCHISON_INACTIVE,TRANSACTION_DEPENDENCY,D01;D05,,,D01;D03;D05,D01;D02;D03;D04;D05;D06;D07,,LARGE_MARGIN_BOUNDARY,NOT_CALCULATED,False
2021-02-19_BOS_ATL,2021-02-19,BOS,ATL,12,INCUMBENT_CONDITIONAL,INCUMBENT_CONDITIONAL,NO_DIRECT_DELTA_IDENTIFIED,,,,D02;D04;D06;D07,D01;D02;D03;D04;D05;D06;D07,,REMAINING_SEASON_POLICY,NOT_CALCULATED,False
2021-02-19_NOP_PHX,2021-02-19,NOP,PHX,18,NOP_HAYES,INCUMBENT_CONDITIONAL,DIRECT_ROSTER_CONTACT,,,,D01;D02;D03;D04;D05;D06;D07,D01;D02;D03;D04;D05;D06;D07,,REMAINING_SEASON_POLICY,NOT_CALCULATED,False
2021-02-19_MEM_DET,2021-02-19,MEM,DET,14,INCUMBENT_CONDITIONAL,DET_PATRICK_KIRA,DIRECT_ROSTER_CONTACT,,,,D03,D01;D02;D03;D04;D05;D06;D07,,REMAINING_SEASON_POLICY,NOT_CALCULATED,False
2021-02-19_MIL_OKC,2021-02-19,MIL,OKC,13,INCUMBENT_CONDITIONAL,INCUMBENT_CONDITIONAL,NO_DIRECT_DELTA_IDENTIFIED,,,,D01;D02;D03;D04;D05;D06;D07,D01;D02;D03;D04;D05;D06;D07,,REMAINING_SEASON_POLICY,NOT_CALCULATED,False
2021-02-19_MIN_TOR,2021-02-19,MIN,TOR,5,MIN_RIVAL,INCUMBENT_CONDITIONAL,DIRECT_ROSTER_CONTACT,,,,,,,REMAINING_SEASON_POLICY,NOT_CALCULATED,False
2021-02-19_LAC_UTA,2021-02-19,LAC,UTA,4,INCUMBENT_CONDITIONAL,INCUMBENT_CONDITIONAL,NO_DIRECT_DELTA_IDENTIFIED,,,,,D01;D02;D03;D04;D05;D06;D07,,REMAINING_SEASON_POLICY,NOT_CALCULATED,False
2021-02-20_MEM_PHX,2021-02-20,MEM,PHX,31,INCUMBENT_CONDITIONAL,INCUMBENT_CONDITIONAL,NO_DIRECT_DELTA_IDENTIFIED,D01;D03;D05,,,D01;D03;D04;D05,D01;D03;D04;D05;D06,,LARGE_MARGIN_BOUNDARY,NOT_CALCULATED,False
2021-02-20_POR_WAS,2021-02-20,POR,WAS,7,POR_NO_TRENT,WAS_TRENT,DIRECT_ROSTER_CONTACT,D02;D07,D01,,D01;D02;D07,D01;D02;D03;D04;D05;D06;D07,,LARGE_MARGIN_BOUNDARY,NOT_CALCULATED,False
2021-02-21_NOP_BOS,2021-02-21,NOP,BOS,5,NOP_HAYES,INCUMBENT_CONDITIONAL,DIRECT_ROSTER_CONTACT,,,,,D01;D02;D07,,REMAINING_SEASON_POLICY,NOT_CALCULATED,False
2021-02-21_TOR_PHI,2021-02-21,TOR,PHI,7,INCUMBENT_CONDITIONAL,INCUMBENT_CONDITIONAL,NO_DIRECT_DELTA_IDENTIFIED,,,,,D01;D02,,REMAINING_SEASON_POLICY,NOT_CALCULATED,False
2021-02-21_NYK_MIN,2021-02-21,NYK,MIN,4,INCUMBENT_CONDITIONAL,MIN_RIVAL,DIRECT_ROSTER_CONTACT,,,,D01;D02;D03;D04;D05;D06;D07,D01;D02;D03;D04;D05;D06;D07,,REMAINING_SEASON_POLICY,NOT_CALCULATED,False
2021-02-21_CLE_OKC,2021-02-21,CLE,OKC,16,INCUMBENT_CONDITIONAL,INCUMBENT_CONDITIONAL,NO_DIRECT_DELTA_IDENTIFIED,,,,,D01;D02;D03;D04;D05;D06;D07,,REMAINING_SEASON_POLICY,NOT_CALCULATED,False
2021-02-21_ORL_DET,2021-02-21,ORL,DET,9,INCUMBENT_CONDITIONAL,DET_PATRICK_KIRA,DIRECT_ROSTER_CONTACT,,,,D01;D02;D03;D04;D05;D06;D07,D01;D02;D03;D04;D05;D06;D07,,REMAINING_SEASON_POLICY,NOT_CALCULATED,False
2021-02-21_ATL_DEN,2021-02-21,ATL,DEN,8,INCUMBENT_CONDITIONAL,DEN_BEY_NNAJI,DIRECT_ROSTER_CONTACT,,,,D01;D03;D05,D01;D02;D03;D04;D05;D06;D07,,REMAINING_SEASON_POLICY,NOT_CALCULATED,False
2021-02-21_LAC_BKN,2021-02-21,LAC,BKN,4,INCUMBENT_CONDITIONAL,INCUMBENT_CONDITIONAL,NO_DIRECT_DELTA_IDENTIFIED,,,,D01;D02;D03;D04;D05;D06;D07,D01;D02;D03;D04;D05;D06;D07,,REMAINING_SEASON_POLICY,NOT_CALCULATED,False
2021-02-21_MIL_SAC,2021-02-21,MIL,SAC,13,INCUMBENT_CONDITIONAL,INCUMBENT_CONDITIONAL,NO_DIRECT_DELTA_IDENTIFIED,,,,,D01;D02;D03;D04;D05;D06;D07,,REMAINING_SEASON_POLICY,NOT_CALCULATED,False
2021-02-22_DAL_MEM,2021-02-22,DAL,MEM,10,DAL_HAMPTON,INCUMBENT_CONDITIONAL,DIRECT_ROSTER_CONTACT,D01;D02;D03;D05;D07,,,D01;D02;D03;D04;D05;D06;D07,D01;D02;D03;D04;D05;D06;D07,,LARGE_MARGIN_BOUNDARY,NOT_CALCULATED,False
2021-02-22_UTA_CHA,2021-02-22,UTA,CHA,22,INCUMBENT_CONDITIONAL,CHA_EDWARDS_TERRY,DIRECT_ROSTER_CONTACT,,D01;D07,D05;D06;D07,D01;D02;D03;D04;D05;D06;D07,D01;D02;D03;D04;D05;D06;D07,,LARGE_MARGIN_BOUNDARY,NOT_CALCULATED,False
2021-02-22_PHX_POR,2021-02-22,PHX,POR,32,INCUMBENT_CONDITIONAL,POR_NO_TRENT,DIRECT_ROSTER_CONTACT,D02;D07,,,D02;D07,D01;D02;D03;D04;D05;D06;D07,,LARGE_MARGIN_BOUNDARY,NOT_CALCULATED,False
2021-02-22_OKC_MIA,2021-02-22,OKC,MIA,14,INCUMBENT_CONDITIONAL,INCUMBENT_CONDITIONAL,NO_DIRECT_DELTA_IDENTIFIED,,,,D01;D02;D03;D04;D05;D06;D07,D01;D02;D03;D04;D05;D06;D07,,REMAINING_SEASON_POLICY,NOT_CALCULATED,False
2021-02-23_ORL_DET,2021-02-23,ORL,DET,12,INCUMBENT_CONDITIONAL,DET_PATRICK_KIRA,DIRECT_ROSTER_CONTACT,,,,D01;D02;D03;D04;D05;D06;D07,D01;D02;D03;D04;D05;D06;D07,,REMAINING_SEASON_POLICY,NOT_CALCULATED,False
2021-02-23_CLE_ATL,2021-02-23,CLE,ATL,1,INCUMBENT_CONDITIONAL,INCUMBENT_CONDITIONAL,NO_DIRECT_DELTA_IDENTIFIED,,,,D01;D02;D03;D04;D05;D06;D07,D01;D02;D03;D04;D05;D06;D07,,CLOSE80_PAIRED_INPUT,NOT_CALCULATED,False
2021-02-23_BKN_SAC,2021-02-23,BKN,SAC,9,INCUMBENT_CONDITIONAL,INCUMBENT_CONDITIONAL,NO_DIRECT_DELTA_IDENTIFIED,,,,,D01;D02;D03;D04;D05;D06;D07,,REMAINING_SEASON_POLICY,NOT_CALCULATED,False
2021-02-23_NYK_GSW,2021-02-23,NYK,GSW,8,INCUMBENT_CONDITIONAL,GSW_WIGGINS_HUTCHISON_INACTIVE,TRANSACTION_DEPENDENCY,,,,D01;D03;D04;D05,D01;D02;D03;D04;D05;D06;D07,,REMAINING_SEASON_POLICY,NOT_CALCULATED,False
2021-02-23_TOR_PHI,2021-02-23,TOR,PHI,7,INCUMBENT_CONDITIONAL,INCUMBENT_CONDITIONAL,NO_DIRECT_DELTA_IDENTIFIED,,,,D01;D02,D01;D02;D03;D04;D05;D06;D07,,REMAINING_SEASON_POLICY,NOT_CALCULATED,False
2021-02-23_MIL_MIN,2021-02-23,MIL,MIN,27,INCUMBENT_CONDITIONAL,MIN_RIVAL,DIRECT_ROSTER_CONTACT,,,,,,,REMAINING_SEASON_POLICY,NOT_CALCULATED,False
2021-02-23_LAC_WAS,2021-02-23,LAC,WAS,19,INCUMBENT_CONDITIONAL,WAS_TRENT,DIRECT_ROSTER_CONTACT,,D03;D04;D05;D06,D01;D05;D06,D01;D02;D03;D04;D05;D06;D07,D01;D02;D03;D04;D05;D06;D07,,LARGE_MARGIN_BOUNDARY,NOT_CALCULATED,False
2021-02-23_DEN_POR,2021-02-23,DEN,POR,5,DEN_BEY_NNAJI,POR_NO_TRENT,DIRECT_ROSTER_CONTACT,D02;D07,,,D01;D02;D03;D04;D05;D06;D07,D01;D02;D03;D04;D05;D06;D07,,LARGE_MARGIN_BOUNDARY,NOT_CALCULATED,False
2021-02-24_IND_GSW,2021-02-24,IND,GSW,4,INCUMBENT_CONDITIONAL,GSW_WIGGINS_HUTCHISON_INACTIVE,TRANSACTION_DEPENDENCY,,,,D01;D04;D05,D01;D02;D03;D04;D05;D06;D07,,REMAINING_SEASON_POLICY,NOT_CALCULATED,False
2021-02-24_CLE_HOU,2021-02-24,CLE,HOU,16,INCUMBENT_CONDITIONAL,INCUMBENT_CONDITIONAL,NO_DIRECT_DELTA_IDENTIFIED,,,,D01;D02;D03;D04;D05;D06;D07,D01;D02;D03;D04;D05;D06;D07,,REMAINING_SEASON_POLICY,NOT_CALCULATED,False
2021-02-24_ATL_BOS,2021-02-24,ATL,BOS,15,INCUMBENT_CONDITIONAL,INCUMBENT_CONDITIONAL,NO_DIRECT_DELTA_IDENTIFIED,,,,D01;D03;D05,D01;D02;D03;D04;D05;D06;D07,,REMAINING_SEASON_POLICY,NOT_CALCULATED,False
2021-02-24_MIA_TOR,2021-02-24,MIA,TOR,8,INCUMBENT_CONDITIONAL,INCUMBENT_CONDITIONAL,NO_DIRECT_DELTA_IDENTIFIED,,,,,D01;D02;D03;D04;D05;D06;D07,,REMAINING_SEASON_POLICY,NOT_CALCULATED,False
2021-02-24_OKC_SAS,2021-02-24,OKC,SAS,3,INCUMBENT_CONDITIONAL,INCUMBENT_CONDITIONAL,NO_DIRECT_DELTA_IDENTIFIED,,,,,D01;D02;D03;D04;D05;D06;D07,,CLOSE80_PAIRED_INPUT,NOT_CALCULATED,False
2021-02-24_NOP_DET,2021-02-24,NOP,DET,10,NOP_HAYES,DET_PATRICK_KIRA,DIRECT_ROSTER_CONTACT,,,,,D01;D02;D03;D04;D05;D06;D07,,REMAINING_SEASON_POLICY,NOT_CALCULATED,False
2021-02-24_UTA_LAL,2021-02-24,UTA,LAL,25,INCUMBENT_CONDITIONAL,LAL_AD_CORE,TRANSACTION_DEPENDENCY,,,,D01;D02;D03;D04;D05;D06;D07,D01;D02;D03;D04;D05;D06;D07,,REMAINING_SEASON_POLICY,NOT_CALCULATED,False
2021-02-25_PHI_DAL,2021-02-25,PHI,DAL,14,INCUMBENT_CONDITIONAL,DAL_HAMPTON,DIRECT_ROSTER_CONTACT,D01;D03;D05,,,D01;D02;D03;D05,D01;D02;D03;D04;D05;D06;D07,,LARGE_MARGIN_BOUNDARY,NOT_CALCULATED,False
2021-02-25_BKN_ORL,2021-02-25,BKN,ORL,37,INCUMBENT_CONDITIONAL,INCUMBENT_CONDITIONAL,NO_DIRECT_DELTA_IDENTIFIED,,,,D01;D02;D03;D04;D05;D06;D07,D01;D02;D03;D04;D05;D06;D07,,REMAINING_SEASON_POLICY,NOT_CALCULATED,False
2021-02-25_NYK_SAC,2021-02-25,NYK,SAC,19,INCUMBENT_CONDITIONAL,INCUMBENT_CONDITIONAL,NO_DIRECT_DELTA_IDENTIFIED,,,,D01;D02;D03;D04;D05;D06;D07,D01;D02;D03;D04;D05;D06;D07,,REMAINING_SEASON_POLICY,NOT_CALCULATED,False
2021-02-25_MEM_LAC,2021-02-25,MEM,LAC,28,INCUMBENT_CONDITIONAL,INCUMBENT_CONDITIONAL,NO_DIRECT_DELTA_IDENTIFIED,,,,D01;D02;D03;D04;D05;D06;D07,D01;D02;D03;D04;D05;D06;D07,,REMAINING_SEASON_POLICY,NOT_CALCULATED,False
2021-02-25_MIL_NOP,2021-02-25,MIL,NOP,4,INCUMBENT_CONDITIONAL,NOP_HAYES,DIRECT_ROSTER_CONTACT,,,,D01;D02;D03;D04;D05;D06;D07,D01;D02;D03;D04;D05;D06;D07,,REMAINING_SEASON_POLICY,NOT_CALCULATED,False
2021-02-26_TOR_HOU,2021-02-26,TOR,HOU,11,INCUMBENT_CONDITIONAL,INCUMBENT_CONDITIONAL,NO_DIRECT_DELTA_IDENTIFIED,,,,,,,REMAINING_SEASON_POLICY,NOT_CALCULATED,False
2021-02-26_BOS_IND,2021-02-26,BOS,IND,6,INCUMBENT_CONDITIONAL,INCUMBENT_CONDITIONAL,NO_DIRECT_DELTA_IDENTIFIED,,,,D01;D02;D03;D04;D05;D06;D07,D01;D02;D03;D04;D05;D06;D07,,REMAINING_SEASON_POLICY,NOT_CALCULATED,False
2021-02-26_MEM_LAC,2021-02-26,MEM,LAC,20,INCUMBENT_CONDITIONAL,INCUMBENT_CONDITIONAL,NO_DIRECT_DELTA_IDENTIFIED,D01;D03;D05,,,D01;D03;D04;D05,D01;D02;D03;D04;D05;D06;D07,,LARGE_MARGIN_BOUNDARY,NOT_CALCULATED,False
2021-02-26_DET_SAC,2021-02-26,DET,SAC,3,DET_PATRICK_KIRA,INCUMBENT_CONDITIONAL,DIRECT_ROSTER_CONTACT,,,,D01;D02;D03;D04;D05;D06;D07,D01;D02;D03;D04;D05;D06;D07,,CLOSE80_PAIRED_INPUT,NOT_CALCULATED,False
2021-02-26_MIA_UTA,2021-02-26,MIA,UTA,8,INCUMBENT_CONDITIONAL,INCUMBENT_CONDITIONAL,NO_DIRECT_DELTA_IDENTIFIED,,,,,D01;D02;D03;D04;D05;D06;D07,,REMAINING_SEASON_POLICY,NOT_CALCULATED,False
2021-02-26_OKC_ATL,2021-02-26,OKC,ATL,9,INCUMBENT_CONDITIONAL,INCUMBENT_CONDITIONAL,NO_DIRECT_DELTA_IDENTIFIED,,,,D02;D04;D06;D07,D01;D02;D03;D04;D05;D06;D07,,REMAINING_SEASON_POLICY,NOT_CALCULATED,False
2021-02-26_LAL_POR,2021-02-26,LAL,POR,9,LAL_AD_CORE,POR_NO_TRENT,DIRECT_ROSTER_CONTACT,D02;D04;D06;D07,,,D01;D02;D03;D04;D05;D06;D07,D01;D02;D03;D04;D05;D06;D07,,LARGE_MARGIN_BOUNDARY,NOT_CALCULATED,False
2021-02-26_GSW_CHA,2021-02-26,GSW,CHA,9,GSW_WIGGINS_HUTCHISON_INACTIVE,CHA_EDWARDS_TERRY,DIRECT_ROSTER_CONTACT,,D01;D07,D05;D06;D07,D01;D04;D05;D06;D07,D01;D02;D03;D04;D05;D06;D07,,LARGE_MARGIN_BOUNDARY,NOT_CALCULATED,False
2021-02-27_PHI_CLE,2021-02-27,PHI,CLE,3,INCUMBENT_CONDITIONAL,INCUMBENT_CONDITIONAL,NO_DIRECT_DELTA_IDENTIFIED,,,,D01;D02;D03;D04;D05;D06;D07,D01;D02;D03;D04;D05;D06;D07,,CLOSE80_PAIRED_INPUT,NOT_CALCULATED,False
2021-02-27_WAS_MIN,2021-02-27,WAS,MIN,16,WAS_TRENT,MIN_RIVAL,DIRECT_ROSTER_CONTACT,,D01,,D01,D01;D02;D03;D04;D05;D06;D07,,LARGE_MARGIN_BOUNDARY,NOT_CALCULATED,False
2021-02-27_OKC_DEN,2021-02-27,OKC,DEN,30,INCUMBENT_CONDITIONAL,DEN_BEY_NNAJI,DIRECT_ROSTER_CONTACT,,,,D01;D02;D03;D04;D05;D06;D07,D01;D02;D03;D04;D05;D06;D07,,REMAINING_SEASON_POLICY,NOT_CALCULATED,False
2021-02-27_NYK_IND,2021-02-27,NYK,IND,3,INCUMBENT_CONDITIONAL,INCUMBENT_CONDITIONAL,NO_DIRECT_DELTA_IDENTIFIED,,,,D01;D02;D03;D04;D05;D06;D07,D01;D02;D03;D04;D05;D06;D07,,CLOSE80_PAIRED_INPUT,NOT_CALCULATED,False
2021-02-27_ORL_UTA,2021-02-27,ORL,UTA,15,INCUMBENT_CONDITIONAL,INCUMBENT_CONDITIONAL,NO_DIRECT_DELTA_IDENTIFIED,,,,D01;D02;D03;D04;D05;D06;D07,D01;D02;D03;D04;D05;D06;D07,,REMAINING_SEASON_POLICY,NOT_CALCULATED,False
2021-02-27_BKN_DAL,2021-02-27,BKN,DAL,17,INCUMBENT_CONDITIONAL,DAL_HAMPTON,DIRECT_ROSTER_CONTACT,D02;D07,,,D01;D02;D03;D04;D05;D06;D07,D01;D02;D03;D04;D05;D06;D07,,LARGE_MARGIN_BOUNDARY,NOT_CALCULATED,False
2021-02-28_MIL_LAC,2021-02-28,MIL,LAC,5,INCUMBENT_CONDITIONAL,INCUMBENT_CONDITIONAL,NO_DIRECT_DELTA_IDENTIFIED,,,,D01;D02;D03;D04;D05;D06;D07,D01;D02;D03;D04;D05;D06;D07,,REMAINING_SEASON_POLICY,NOT_CALCULATED,False
2021-02-28_HOU_MEM,2021-02-28,HOU,MEM,49,INCUMBENT_CONDITIONAL,INCUMBENT_CONDITIONAL,NO_DIRECT_DELTA_IDENTIFIED,,,,D03,D01;D03;D04;D05,,REMAINING_SEASON_POLICY,NOT_CALCULATED,False
2021-02-28_DET_NYK,2021-02-28,DET,NYK,19,DET_PATRICK_KIRA,INCUMBENT_CONDITIONAL,DIRECT_ROSTER_CONTACT,,,,D01;D02;D03;D04;D05;D06;D07,D01;D02;D03;D04;D05;D06;D07,,REMAINING_SEASON_POLICY,NOT_CALCULATED,False
2021-02-28_LAL_GSW,2021-02-28,LAL,GSW,26,LAL_AD_CORE,GSW_WIGGINS_HUTCHISON_INACTIVE,TRANSACTION_DEPENDENCY,D01;D02;D05;D07,,,D01;D02;D03;D05;D07,D01;D02;D03;D04;D05;D06;D07,,LARGE_MARGIN_BOUNDARY,NOT_CALCULATED,False
2021-02-28_MIA_ATL,2021-02-28,MIA,ATL,10,INCUMBENT_CONDITIONAL,INCUMBENT_CONDITIONAL,NO_DIRECT_DELTA_IDENTIFIED,,,,D02;D04;D06;D07,D01;D02;D03;D04;D05;D06;D07,,REMAINING_SEASON_POLICY,NOT_CALCULATED,False
2021-02-28_MIN_PHX,2021-02-28,MIN,PHX,19,MIN_RIVAL,INCUMBENT_CONDITIONAL,DIRECT_ROSTER_CONTACT,,,,,,,REMAINING_SEASON_POLICY,NOT_CALCULATED,False
2021-03-01_PHI_IND,2021-03-01,PHI,IND,16,INCUMBENT_CONDITIONAL,INCUMBENT_CONDITIONAL,NO_DIRECT_DELTA_IDENTIFIED,,,,D01;D02,D01;D02;D03;D04;D05;D06;D07,,REMAINING_SEASON_POLICY,NOT_CALCULATED,False
2021-03-01_ORL_DAL,2021-03-01,ORL,DAL,6,INCUMBENT_CONDITIONAL,DAL_HAMPTON,DIRECT_ROSTER_CONTACT,D02;D07,,,D01;D02;D03;D04;D05;D06;D07,D01;D02;D03;D04;D05;D06;D07,,LARGE_MARGIN_BOUNDARY,NOT_CALCULATED,False
2021-03-01_NOP_UTA,2021-03-01,NOP,UTA,5,NOP_HAYES,INCUMBENT_CONDITIONAL,DIRECT_ROSTER_CONTACT,,,,,D01;D02;D07,,REMAINING_SEASON_POLICY,NOT_CALCULATED,False
2021-03-01_SAS_BKN,2021-03-01,SAS,BKN,11,INCUMBENT_CONDITIONAL,INCUMBENT_CONDITIONAL,NO_DIRECT_DELTA_IDENTIFIED,,,,,D01;D02;D03;D04;D05;D06;D07,,REMAINING_SEASON_POLICY,NOT_CALCULATED,False
2021-03-01_HOU_CLE,2021-03-01,HOU,CLE,11,INCUMBENT_CONDITIONAL,INCUMBENT_CONDITIONAL,NO_DIRECT_DELTA_IDENTIFIED,,,,D01;D02;D03;D04;D05;D06;D07,D01;D02;D03;D04;D05;D06;D07,,REMAINING_SEASON_POLICY,NOT_CALCULATED,False
2021-03-01_POR_CHA,2021-03-01,POR,CHA,12,POR_NO_TRENT,CHA_EDWARDS_TERRY,DIRECT_ROSTER_CONTACT,D01;D03;D05,D01;D07,D05;D06;D07,D01;D03;D05;D06;D07,D01;D02;D03;D04;D05;D06;D07,,LARGE_MARGIN_BOUNDARY,NOT_CALCULATED,False
2021-03-02_WAS_MEM,2021-03-02,WAS,MEM,14,WAS_TRENT,INCUMBENT_CONDITIONAL,DIRECT_ROSTER_CONTACT,,D03;D04;D05;D06,D01;D05;D06,D01;D02;D03;D04;D05;D06;D07,D01;D02;D03;D04;D05;D06;D07,,LARGE_MARGIN_BOUNDARY,NOT_CALCULATED,False
2021-03-02_BOS_LAC,2021-03-02,BOS,LAC,5,INCUMBENT_CONDITIONAL,INCUMBENT_CONDITIONAL,NO_DIRECT_DELTA_IDENTIFIED,,,,D01;D02;D03;D04;D05;D06;D07,D01;D02;D03;D04;D05;D06;D07,,REMAINING_SEASON_POLICY,NOT_CALCULATED,False
2021-03-02_MIA_ATL,2021-03-02,MIA,ATL,14,INCUMBENT_CONDITIONAL,INCUMBENT_CONDITIONAL,NO_DIRECT_DELTA_IDENTIFIED,,,,D01;D02;D03;D04;D05;D06;D07,D01;D02;D03;D04;D05;D06;D07,,REMAINING_SEASON_POLICY,NOT_CALCULATED,False
2021-03-02_SAS_NYK,2021-03-02,SAS,NYK,26,INCUMBENT_CONDITIONAL,INCUMBENT_CONDITIONAL,NO_DIRECT_DELTA_IDENTIFIED,,,,D01;D03;D05,D01;D02;D03;D04;D05;D06;D07,,REMAINING_SEASON_POLICY,NOT_CALCULATED,False
2021-03-02_MIL_DEN,2021-03-02,MIL,DEN,31,INCUMBENT_CONDITIONAL,DEN_BEY_NNAJI,DIRECT_ROSTER_CONTACT,,,,D01;D02;D03;D04;D05;D06;D07,D01;D02;D03;D04;D05;D06;D07,,REMAINING_SEASON_POLICY,NOT_CALCULATED,False
2021-03-02_LAL_PHX,2021-03-02,LAL,PHX,10,LAL_AD_CORE,INCUMBENT_CONDITIONAL,TRANSACTION_DEPENDENCY,,,,D02;D04;D06;D07,D01;D02;D03;D04;D05;D06;D07,,REMAINING_SEASON_POLICY,NOT_CALCULATED,False
2021-03-03_TOR_DET,2021-03-03,TOR,DET,24,INCUMBENT_CONDITIONAL,DET_PATRICK_KIRA,DIRECT_ROSTER_CONTACT,,,,,,,REMAINING_SEASON_POLICY,NOT_CALCULATED,False
2021-03-03_PHI_UTA,2021-03-03,PHI,UTA,8,INCUMBENT_CONDITIONAL,INCUMBENT_CONDITIONAL,NO_DIRECT_DELTA_IDENTIFIED,,,,D01;D02,D01;D02;D03;D04;D05;D06;D07,,REMAINING_SEASON_POLICY,NOT_CALCULATED,False
2021-03-03_HOU_BKN,2021-03-03,HOU,BKN,18,INCUMBENT_CONDITIONAL,INCUMBENT_CONDITIONAL,NO_DIRECT_DELTA_IDENTIFIED,,,,,D01;D02;D03;D04;D05;D06;D07,,REMAINING_SEASON_POLICY,NOT_CALCULATED,False
2021-03-03_ORL_ATL,2021-03-03,ORL,ATL,3,INCUMBENT_CONDITIONAL,INCUMBENT_CONDITIONAL,NO_DIRECT_DELTA_IDENTIFIED,,,,D01;D02;D03;D04;D05;D06;D07,D01;D02;D03;D04;D05;D06;D07,,CLOSE80_PAIRED_INPUT,NOT_CALCULATED,False
2021-03-03_MIN_CHA,2021-03-03,MIN,CHA,33,MIN_RIVAL,CHA_EDWARDS_TERRY,DIRECT_ROSTER_CONTACT,,D03;D04;D05;D06,,D03;D04;D05;D06,D01;D03;D04;D05;D06;D07,,LARGE_MARGIN_BOUNDARY,NOT_CALCULATED,False
2021-03-03_DAL_OKC,2021-03-03,DAL,OKC,9,DAL_HAMPTON,INCUMBENT_CONDITIONAL,DIRECT_ROSTER_CONTACT,D02;D07,,,D01;D02;D03;D04;D05;D06;D07,D01;D02;D03;D04;D05;D06;D07,,LARGE_MARGIN_BOUNDARY,NOT_CALCULATED,False
2021-03-04_BOS_TOR,2021-03-04,BOS,TOR,7,INCUMBENT_CONDITIONAL,INCUMBENT_CONDITIONAL,NO_DIRECT_DELTA_IDENTIFIED,,,,,D01;D03;D04;D05;D06,,REMAINING_SEASON_POLICY,NOT_CALCULATED,False
2021-03-04_NYK_DET,2021-03-04,NYK,DET,10,INCUMBENT_CONDITIONAL,DET_PATRICK_KIRA,DIRECT_ROSTER_CONTACT,,,,D01;D02;D03;D04;D05;D06;D07,D01;D02;D03;D04;D05;D06;D07,,REMAINING_SEASON_POLICY,NOT_CALCULATED,False
2021-03-04_IND_DEN,2021-03-04,IND,DEN,10,INCUMBENT_CONDITIONAL,DEN_BEY_NNAJI,DIRECT_ROSTER_CONTACT,,,,D01;D02;D03;D04;D05;D06;D07,D01;D02;D03;D04;D05;D06;D07,,REMAINING_SEASON_POLICY,NOT_CALCULATED,False
2021-03-04_MEM_MIL,2021-03-04,MEM,MIL,1,INCUMBENT_CONDITIONAL,INCUMBENT_CONDITIONAL,NO_DIRECT_DELTA_IDENTIFIED,D01;D03;D05,,,D01;D03;D04;D05,D01;D03;D04;D05;D06,,CLOSE80_PAIRED_INPUT,NOT_CALCULATED,False
2021-03-04_NOP_MIA,2021-03-04,NOP,MIA,10,NOP_HAYES,INCUMBENT_CONDITIONAL,DIRECT_ROSTER_CONTACT,,,,D01;D02;D03;D04;D05;D06;D07,D01;D02;D03;D04;D05;D06;D07,,REMAINING_SEASON_POLICY,NOT_CALCULATED,False
2021-03-04_SAS_OKC,2021-03-04,SAS,OKC,5,INCUMBENT_CONDITIONAL,INCUMBENT_CONDITIONAL,NO_DIRECT_DELTA_IDENTIFIED,,,,,D01;D02;D03;D04;D05;D06;D07,,REMAINING_SEASON_POLICY,NOT_CALCULATED,False
2021-03-04_PHX_GSW,2021-03-04,PHX,GSW,22,INCUMBENT_CONDITIONAL,GSW_WIGGINS_HUTCHISON_INACTIVE,TRANSACTION_DEPENDENCY,D01;D05,,,D01;D03;D05,D01;D02;D03;D04;D05;D06;D07,,LARGE_MARGIN_BOUNDARY,NOT_CALCULATED,False
2021-03-04_POR_SAC,2021-03-04,POR,SAC,4,POR_NO_TRENT,INCUMBENT_CONDITIONAL,DIRECT_ROSTER_CONTACT,D01;D03;D05,,,D01;D03;D05,D01;D02;D03;D04;D05;D06;D07,,LARGE_MARGIN_BOUNDARY,NOT_CALCULATED,False
2021-03-10_MEM_WAS,2021-03-10,MEM,WAS,15,INCUMBENT_CONDITIONAL,WAS_TRENT,DIRECT_ROSTER_CONTACT,,D03;D04;D05;D06,D01;D05;D06,D01;D02;D03;D04;D05;D06;D07,D01;D02;D03;D04;D05;D06;D07,,LARGE_MARGIN_BOUNDARY,NOT_CALCULATED,False
2021-03-10_DAL_SAS,2021-03-10,DAL,SAS,11,DAL_HAMPTON,INCUMBENT_CONDITIONAL,DIRECT_ROSTER_CONTACT,D02;D07,,,D01;D02;D03;D04;D05;D06;D07,D01;D02;D03;D04;D05;D06;D07,,LARGE_MARGIN_BOUNDARY,NOT_CALCULATED,False
2021-03-11_BKN_BOS,2021-03-11,BKN,BOS,12,INCUMBENT_CONDITIONAL,INCUMBENT_CONDITIONAL,NO_DIRECT_DELTA_IDENTIFIED,,,,,D01;D02;D03;D04;D05;D06;D07,,REMAINING_SEASON_POLICY,NOT_CALCULATED,False
2021-03-11_TOR_ATL,2021-03-11,TOR,ATL,1,INCUMBENT_CONDITIONAL,INCUMBENT_CONDITIONAL,NO_DIRECT_DELTA_IDENTIFIED,,,,D01;D03;D05,D01;D02;D03;D04;D05;D06;D07,,CLOSE80_PAIRED_INPUT,NOT_CALCULATED,False
2021-03-11_MIL_NYK,2021-03-11,MIL,NYK,33,INCUMBENT_CONDITIONAL,INCUMBENT_CONDITIONAL,NO_DIRECT_DELTA_IDENTIFIED,,,,D01;D03;D05,D01;D02;D03;D04;D05;D06;D07,,REMAINING_SEASON_POLICY,NOT_CALCULATED,False
2021-03-11_MIA_ORL,2021-03-11,MIA,ORL,8,INCUMBENT_CONDITIONAL,INCUMBENT_CONDITIONAL,NO_DIRECT_DELTA_IDENTIFIED,,,,D01;D02;D03;D04;D05;D06;D07,D01;D02;D03;D04;D05;D06;D07,,REMAINING_SEASON_POLICY,NOT_CALCULATED,False
2021-03-11_NOP_MIN,2021-03-11,NOP,MIN,30,NOP_HAYES,MIN_RIVAL,DIRECT_ROSTER_CONTACT,,,,D01;D02;D03;D04;D05;D06;D07,D01;D02;D03;D04;D05;D06;D07,,REMAINING_SEASON_POLICY,NOT_CALCULATED,False
2021-03-11_OKC_DAL,2021-03-11,OKC,DAL,8,INCUMBENT_CONDITIONAL,DAL_HAMPTON,DIRECT_ROSTER_CONTACT,D01;D03;D05,,,D01;D03;D05,D01;D02;D03;D04;D05;D06;D07,,LARGE_MARGIN_BOUNDARY,NOT_CALCULATED,False
2021-03-11_LAC_GSW,2021-03-11,LAC,GSW,26,INCUMBENT_CONDITIONAL,GSW_WIGGINS_HUTCHISON_INACTIVE,TRANSACTION_DEPENDENCY,D01;D05,,,D01;D03;D05,D01;D02;D03;D04;D05;D06;D07,,LARGE_MARGIN_BOUNDARY,NOT_CALCULATED,False
2021-03-11_SAC_HOU,2021-03-11,SAC,HOU,20,INCUMBENT_CONDITIONAL,INCUMBENT_CONDITIONAL,NO_DIRECT_DELTA_IDENTIFIED,,,,D01;D02;D03;D04;D05;D06;D07,D01;D02;D03;D04;D05;D06;D07,,REMAINING_SEASON_POLICY,NOT_CALCULATED,False
2021-03-11_POR_PHX,2021-03-11,POR,PHX,6,POR_NO_TRENT,INCUMBENT_CONDITIONAL,DIRECT_ROSTER_CONTACT,D02;D07,,,D02;D07,D01;D02;D03;D04;D05;D06;D07,,LARGE_MARGIN_BOUNDARY,NOT_CALCULATED,False
2021-03-12_WAS_PHI,2021-03-12,WAS,PHI,26,WAS_TRENT,INCUMBENT_CONDITIONAL,DIRECT_ROSTER_CONTACT,,D03;D04;D05;D06,D01;D05;D06,D01;D02;D03;D04;D05;D06;D07,D01;D02;D03;D04;D05;D06;D07,,LARGE_MARGIN_BOUNDARY,NOT_CALCULATED,False
2021-03-12_MEM_DEN,2021-03-12,MEM,DEN,1,INCUMBENT_CONDITIONAL,DEN_BEY_NNAJI,DIRECT_ROSTER_CONTACT,D01;D03;D05,,,D01;D02;D03;D04;D05;D06;D07,D01;D02;D03;D04;D05;D06;D07,,CLOSE80_PAIRED_INPUT,NOT_CALCULATED,False
2021-03-12_NOP_CLE,2021-03-12,NOP,CLE,34,NOP_HAYES,INCUMBENT_CONDITIONAL,DIRECT_ROSTER_CONTACT,,,,,D01;D02;D03;D04;D05;D06;D07,,REMAINING_SEASON_POLICY,NOT_CALCULATED,False
2021-03-12_SAS_ORL,2021-03-12,SAS,ORL,27,INCUMBENT_CONDITIONAL,INCUMBENT_CONDITIONAL,NO_DIRECT_DELTA_IDENTIFIED,,,,D01;D02;D03;D04;D05;D06;D07,D01;D02;D03;D04;D05;D06;D07,,REMAINING_SEASON_POLICY,NOT_CALCULATED,False
2021-03-12_UTA_HOU,2021-03-12,UTA,HOU,15,INCUMBENT_CONDITIONAL,INCUMBENT_CONDITIONAL,NO_DIRECT_DELTA_IDENTIFIED,,,,D01;D02;D03;D04;D05;D06;D07,D01;D02;D03;D04;D05;D06;D07,,REMAINING_SEASON_POLICY,NOT_CALCULATED,False
2021-03-12_LAL_IND,2021-03-12,LAL,IND,5,LAL_AD_CORE,INCUMBENT_CONDITIONAL,TRANSACTION_DEPENDENCY,D02;D07,,,D02;D07,D01;D02;D03;D04;D05;D06;D07,,LARGE_MARGIN_BOUNDARY,NOT_CALCULATED,False
2021-03-13_OKC_NYK,2021-03-13,OKC,NYK,22,INCUMBENT_CONDITIONAL,INCUMBENT_CONDITIONAL,NO_DIRECT_DELTA_IDENTIFIED,,,,D01;D02;D03;D04;D05;D06;D07,D01;D02;D03;D04;D05;D06;D07,,REMAINING_SEASON_POLICY,NOT_CALCULATED,False
2021-03-13_CHA_TOR,2021-03-13,CHA,TOR,10,CHA_EDWARDS_TERRY,INCUMBENT_CONDITIONAL,DIRECT_ROSTER_CONTACT,,D03;D04;D05;D06,,D02;D03;D04;D05;D06,D01;D02;D03;D04;D05;D06;D07,,LARGE_MARGIN_BOUNDARY,NOT_CALCULATED,False
2021-03-13_BKN_DET,2021-03-13,BKN,DET,5,INCUMBENT_CONDITIONAL,DET_PATRICK_KIRA,DIRECT_ROSTER_CONTACT,,,,,D01;D02;D03;D04;D05;D06;D07,,REMAINING_SEASON_POLICY,NOT_CALCULATED,False
2021-03-13_WAS_MIL,2021-03-13,WAS,MIL,6,WAS_TRENT,INCUMBENT_CONDITIONAL,DIRECT_ROSTER_CONTACT,,D03;D04;D05;D06,D01;D05;D06,D01;D02;D03;D04;D05;D06;D07,D01;D02;D03;D04;D05;D06;D07,,LARGE_MARGIN_BOUNDARY,NOT_CALCULATED,False
2021-03-13_ATL_SAC,2021-03-13,ATL,SAC,15,INCUMBENT_CONDITIONAL,INCUMBENT_CONDITIONAL,NO_DIRECT_DELTA_IDENTIFIED,,,,D01;D03;D05,D01;D02;D03;D04;D05;D06;D07,,REMAINING_SEASON_POLICY,NOT_CALCULATED,False
2021-03-13_MIN_POR,2021-03-13,MIN,POR,4,MIN_RIVAL,POR_NO_TRENT,DIRECT_ROSTER_CONTACT,D01;D03;D05,,,D01;D03;D05,D01;D02;D03;D04;D05;D06;D07,,LARGE_MARGIN_BOUNDARY,NOT_CALCULATED,False
2021-03-13_DEN_DAL,2021-03-13,DEN,DAL,13,DEN_BEY_NNAJI,DAL_HAMPTON,DIRECT_ROSTER_CONTACT,D02;D07,,,D01;D02;D03;D04;D05;D06;D07,D01;D02;D03;D04;D05;D06;D07,,LARGE_MARGIN_BOUNDARY,NOT_CALCULATED,False
2021-03-13_PHX_IND,2021-03-13,PHX,IND,11,INCUMBENT_CONDITIONAL,INCUMBENT_CONDITIONAL,NO_DIRECT_DELTA_IDENTIFIED,,,,D01;D02;D03;D04;D05;D06;D07,D01;D02;D03;D04;D05;D06;D07,,REMAINING_SEASON_POLICY,NOT_CALCULATED,False
2021-03-14_OKC_MEM,2021-03-14,OKC,MEM,6,INCUMBENT_CONDITIONAL,INCUMBENT_CONDITIONAL,NO_DIRECT_DELTA_IDENTIFIED,D01;D03;D05,,,D01;D03;D04;D05,D01;D02;D03;D04;D05;D06;D07,,LARGE_MARGIN_BOUNDARY,NOT_CALCULATED,False
2021-03-14_GSW_UTA,2021-03-14,GSW,UTA,12,GSW_WIGGINS_HUTCHISON_INACTIVE,INCUMBENT_CONDITIONAL,TRANSACTION_DEPENDENCY,,,,D01;D04;D05,D01;D02;D04;D05;D06;D07,,REMAINING_SEASON_POLICY,NOT_CALCULATED,False
2021-03-14_PHI_SAS,2021-03-14,PHI,SAS,35,INCUMBENT_CONDITIONAL,INCUMBENT_CONDITIONAL,NO_DIRECT_DELTA_IDENTIFIED,,,,D01;D02,D01;D02;D03;D04;D05;D06;D07,,REMAINING_SEASON_POLICY,NOT_CALCULATED,False
2021-03-14_ORL_MIA,2021-03-14,ORL,MIA,5,INCUMBENT_CONDITIONAL,INCUMBENT_CONDITIONAL,NO_DIRECT_DELTA_IDENTIFIED,,,,D01;D02;D03;D04;D05;D06;D07,D01;D02;D03;D04;D05;D06;D07,,REMAINING_SEASON_POLICY,NOT_CALCULATED,False
2021-03-14_ATL_CLE,2021-03-14,ATL,CLE,18,INCUMBENT_CONDITIONAL,INCUMBENT_CONDITIONAL,NO_DIRECT_DELTA_IDENTIFIED,,,,D01;D03;D05,D01;D02;D03;D04;D05;D06;D07,,REMAINING_SEASON_POLICY,NOT_CALCULATED,False
2021-03-14_HOU_BOS,2021-03-14,HOU,BOS,27,INCUMBENT_CONDITIONAL,INCUMBENT_CONDITIONAL,NO_DIRECT_DELTA_IDENTIFIED,,,,,D01;D03;D04;D05;D06,,REMAINING_SEASON_POLICY,NOT_CALCULATED,False
2021-03-14_NOP_LAC,2021-03-14,NOP,LAC,20,NOP_HAYES,INCUMBENT_CONDITIONAL,DIRECT_ROSTER_CONTACT,,,,D01;D02;D03;D04;D05;D06;D07,D01;D02;D03;D04;D05;D06;D07,,REMAINING_SEASON_POLICY,NOT_CALCULATED,False
2021-03-15_CHA_SAC,2021-03-15,CHA,SAC,6,CHA_EDWARDS_TERRY,INCUMBENT_CONDITIONAL,DIRECT_ROSTER_CONTACT,,D03;D04;D05;D06,,D03;D04;D05;D06,D01;D02;D03;D04;D05;D06;D07,,LARGE_MARGIN_BOUNDARY,NOT_CALCULATED,False
2021-03-15_WAS_MIL,2021-03-15,WAS,MIL,11,WAS_TRENT,INCUMBENT_CONDITIONAL,DIRECT_ROSTER_CONTACT,,D03;D04;D05;D06,D01;D05;D06,D01;D02;D03;D04;D05;D06;D07,D01;D02;D03;D04;D05;D06;D07,,LARGE_MARGIN_BOUNDARY,NOT_CALCULATED,False
2021-03-15_DET_SAS,2021-03-15,DET,SAS,10,DET_PATRICK_KIRA,INCUMBENT_CONDITIONAL,DIRECT_ROSTER_CONTACT,,,,,D01;D02;D03;D04;D05;D06;D07,,REMAINING_SEASON_POLICY,NOT_CALCULATED,False
2021-03-15_BKN_NYK,2021-03-15,BKN,NYK,5,INCUMBENT_CONDITIONAL,INCUMBENT_CONDITIONAL,NO_DIRECT_DELTA_IDENTIFIED,,,,D01;D03;D05,D01;D02;D03;D04;D05;D06;D07,,REMAINING_SEASON_POLICY,NOT_CALCULATED,False
2021-03-15_DAL_LAC,2021-03-15,DAL,LAC,10,DAL_HAMPTON,INCUMBENT_CONDITIONAL,DIRECT_ROSTER_CONTACT,D01;D03;D05,,,D01;D03;D05,D01;D02;D03;D04;D05;D06;D07,,LARGE_MARGIN_BOUNDARY,NOT_CALCULATED,False
2021-03-15_PHX_MEM,2021-03-15,PHX,MEM,23,INCUMBENT_CONDITIONAL,INCUMBENT_CONDITIONAL,NO_DIRECT_DELTA_IDENTIFIED,D01;D03;D05,,,D01;D03;D04;D05,D01;D03;D04;D05;D06,,LARGE_MARGIN_BOUNDARY,NOT_CALCULATED,False
2021-03-15_DEN_IND,2021-03-15,DEN,IND,15,DEN_BEY_NNAJI,INCUMBENT_CONDITIONAL,DIRECT_ROSTER_CONTACT,,,,D01;D02;D03;D04;D05;D06;D07,D01;D02;D03;D04;D05;D06;D07,,REMAINING_SEASON_POLICY,NOT_CALCULATED,False
2021-03-15_GSW_LAL,2021-03-15,GSW,LAL,31,GSW_WIGGINS_HUTCHISON_INACTIVE,LAL_AD_CORE,TRANSACTION_DEPENDENCY,D01;D02;D05;D07,,,D01;D02;D03;D05;D07,D01;D02;D03;D04;D05;D06;D07,,LARGE_MARGIN_BOUNDARY,NOT_CALCULATED,False
2021-03-16_BOS_UTA,2021-03-16,BOS,UTA,8,INCUMBENT_CONDITIONAL,INCUMBENT_CONDITIONAL,NO_DIRECT_DELTA_IDENTIFIED,,,,D01;D02;D03;D04;D05;D06;D07,D01;D02;D03;D04;D05;D06;D07,,REMAINING_SEASON_POLICY,NOT_CALCULATED,False
2021-03-16_MIA_CLE,2021-03-16,MIA,CLE,15,INCUMBENT_CONDITIONAL,INCUMBENT_CONDITIONAL,NO_DIRECT_DELTA_IDENTIFIED,,,,,D01;D02;D03;D04;D05;D06;D07,,REMAINING_SEASON_POLICY,NOT_CALCULATED,False
2021-03-16_HOU_ATL,2021-03-16,HOU,ATL,12,INCUMBENT_CONDITIONAL,INCUMBENT_CONDITIONAL,NO_DIRECT_DELTA_IDENTIFIED,,,,D01;D03;D05,D01;D02;D03;D04;D05;D06;D07,,REMAINING_SEASON_POLICY,NOT_CALCULATED,False
2021-03-16_PHI_NYK,2021-03-16,PHI,NYK,3,INCUMBENT_CONDITIONAL,INCUMBENT_CONDITIONAL,NO_DIRECT_DELTA_IDENTIFIED,,,,D01;D02;D03;D05,D01;D02;D03;D04;D05;D06;D07,,CLOSE80_PAIRED_INPUT,NOT_CALCULATED,False
2021-03-16_LAL_MIN,2021-03-16,LAL,MIN,16,LAL_AD_CORE,MIN_RIVAL,DIRECT_ROSTER_CONTACT,D02;D07,,,D02;D07,D01;D02;D03;D04;D05;D06;D07,,LARGE_MARGIN_BOUNDARY,NOT_CALCULATED,False
2021-03-17_DET_TOR,2021-03-17,DET,TOR,4,DET_PATRICK_KIRA,INCUMBENT_CONDITIONAL,DIRECT_ROSTER_CONTACT,,,,,,,REMAINING_SEASON_POLICY,NOT_CALCULATED,False
2021-03-17_IND_BKN,2021-03-17,IND,BKN,9,INCUMBENT_CONDITIONAL,INCUMBENT_CONDITIONAL,NO_DIRECT_DELTA_IDENTIFIED,,,,,D01;D02;D03;D04;D05;D06;D07,,REMAINING_SEASON_POLICY,NOT_CALCULATED,False
2021-03-17_PHI_MIL,2021-03-17,PHI,MIL,4,INCUMBENT_CONDITIONAL,INCUMBENT_CONDITIONAL,NO_DIRECT_DELTA_IDENTIFIED,,,,,D01;D02,,REMAINING_SEASON_POLICY,NOT_CALCULATED,False
2021-03-17_HOU_GSW,2021-03-17,HOU,GSW,14,INCUMBENT_CONDITIONAL,GSW_WIGGINS_HUTCHISON_INACTIVE,TRANSACTION_DEPENDENCY,,,,D01;D04;D05,D01;D02;D04;D05;D06;D07,,REMAINING_SEASON_POLICY,NOT_CALCULATED,False
2021-03-17_CLE_BOS,2021-03-17,CLE,BOS,7,INCUMBENT_CONDITIONAL,INCUMBENT_CONDITIONAL,NO_DIRECT_DELTA_IDENTIFIED,,,,D01;D02;D03;D04;D05;D06;D07,D01;D02;D03;D04;D05;D06;D07,,REMAINING_SEASON_POLICY,NOT_CALCULATED,False
2021-03-17_DEN_CHA,2021-03-17,DEN,CHA,25,DEN_BEY_NNAJI,CHA_EDWARDS_TERRY,DIRECT_ROSTER_CONTACT,,D01;D07,D05;D06;D07,D01;D02;D03;D04;D05;D06;D07,D01;D02;D03;D04;D05;D06;D07,,LARGE_MARGIN_BOUNDARY,NOT_CALCULATED,False
2021-03-17_MEM_MIA,2021-03-17,MEM,MIA,4,INCUMBENT_CONDITIONAL,INCUMBENT_CONDITIONAL,NO_DIRECT_DELTA_IDENTIFIED,,,,D01;D02;D03;D04;D05;D06;D07,D01;D02;D03;D04;D05;D06;D07,,REMAINING_SEASON_POLICY,NOT_CALCULATED,False
2021-03-17_DAL_LAC,2021-03-17,DAL,LAC,16,DAL_HAMPTON,INCUMBENT_CONDITIONAL,DIRECT_ROSTER_CONTACT,D02;D07,,,D01;D02;D03;D04;D05;D06;D07,D01;D02;D03;D04;D05;D06;D07,,LARGE_MARGIN_BOUNDARY,NOT_CALCULATED,False
2021-03-18_WAS_UTA,2021-03-18,WAS,UTA,9,WAS_TRENT,INCUMBENT_CONDITIONAL,DIRECT_ROSTER_CONTACT,,D01,,D01,D01;D02;D03;D04;D05;D06;D07,,LARGE_MARGIN_BOUNDARY,NOT_CALCULATED,False
2021-03-18_ATL_OKC,2021-03-18,ATL,OKC,23,INCUMBENT_CONDITIONAL,INCUMBENT_CONDITIONAL,NO_DIRECT_DELTA_IDENTIFIED,,,,D01;D02;D03;D04;D05;D06;D07,D01;D02;D03;D04;D05;D06;D07,,REMAINING_SEASON_POLICY,NOT_CALCULATED,False
2021-03-18_NYK_ORL,2021-03-18,NYK,ORL,1,INCUMBENT_CONDITIONAL,INCUMBENT_CONDITIONAL,NO_DIRECT_DELTA_IDENTIFIED,,,,D01;D02;D03;D04;D05;D06;D07,D01;D02;D03;D04;D05;D06;D07,,CLOSE80_PAIRED_INPUT,NOT_CALCULATED,False
2021-03-18_POR_NOP,2021-03-18,POR,NOP,8,POR_NO_TRENT,NOP_HAYES,DIRECT_ROSTER_CONTACT,D01;D03;D05,,,D01;D02;D03;D04;D05;D06;D07,D01;D02;D03;D04;D05;D06;D07,,LARGE_MARGIN_BOUNDARY,NOT_CALCULATED,False
2021-03-18_PHX_MIN,2021-03-18,PHX,MIN,4,INCUMBENT_CONDITIONAL,MIN_RIVAL,DIRECT_ROSTER_CONTACT,,,,D01;D02;D03;D04;D05;D06;D07,D01;D02;D03;D04;D05;D06;D07,,REMAINING_SEASON_POLICY,NOT_CALCULATED,False
2021-03-18_LAL_CHA,2021-03-18,LAL,CHA,11,LAL_AD_CORE,CHA_EDWARDS_TERRY,DIRECT_ROSTER_CONTACT,D02;D07,D01;D07,D05;D06;D07,D01;D02;D05;D06;D07,D01;D02;D03;D04;D05;D06;D07,,LARGE_MARGIN_BOUNDARY,NOT_CALCULATED,False
2021-03-19_BOS_SAC,2021-03-19,BOS,SAC,11,INCUMBENT_CONDITIONAL,INCUMBENT_CONDITIONAL,NO_DIRECT_DELTA_IDENTIFIED,,,,D01;D02;D03;D04;D05;D06;D07,D01;D02;D03;D04;D05;D06;D07,,REMAINING_SEASON_POLICY,NOT_CALCULATED,False
2021-03-19_CLE_SAS,2021-03-19,CLE,SAS,6,INCUMBENT_CONDITIONAL,INCUMBENT_CONDITIONAL,NO_DIRECT_DELTA_IDENTIFIED,,,,,D01;D02;D03;D04;D05;D06;D07,,REMAINING_SEASON_POLICY,NOT_CALCULATED,False
2021-03-19_TOR_UTA,2021-03-19,TOR,UTA,3,INCUMBENT_CONDITIONAL,INCUMBENT_CONDITIONAL,NO_DIRECT_DELTA_IDENTIFIED,,,,D01;D02;D03;D04;D05;D06;D07,D01;D02;D03;D04;D05;D06;D07,,CLOSE80_PAIRED_INPUT,NOT_CALCULATED,False
2021-03-19_MIA_IND,2021-03-19,MIA,IND,27,INCUMBENT_CONDITIONAL,INCUMBENT_CONDITIONAL,NO_DIRECT_DELTA_IDENTIFIED,,,,D01;D02;D03;D04;D05;D06;D07,D01;D02;D03;D04;D05;D06;D07,,REMAINING_SEASON_POLICY,NOT_CALCULATED,False
2021-03-19_MEM_GSW,2021-03-19,MEM,GSW,13,INCUMBENT_CONDITIONAL,GSW_WIGGINS_HUTCHISON_INACTIVE,TRANSACTION_DEPENDENCY,D01;D03;D05,,,D01;D02;D03;D04;D05;D06;D07,D01;D02;D03;D04;D05;D06;D07,,LARGE_MARGIN_BOUNDARY,NOT_CALCULATED,False
2021-03-19_HOU_DET,2021-03-19,HOU,DET,13,INCUMBENT_CONDITIONAL,DET_PATRICK_KIRA,DIRECT_ROSTER_CONTACT,,,,,,,REMAINING_SEASON_POLICY,NOT_CALCULATED,False
2021-03-19_ORL_BKN,2021-03-19,ORL,BKN,8,INCUMBENT_CONDITIONAL,INCUMBENT_CONDITIONAL,NO_DIRECT_DELTA_IDENTIFIED,,,,D01;D02,D01;D02;D03;D04;D05;D06;D07,,REMAINING_SEASON_POLICY,NOT_CALCULATED,False
2021-03-19_POR_DAL,2021-03-19,POR,DAL,6,POR_NO_TRENT,DAL_HAMPTON,DIRECT_ROSTER_CONTACT,D01;D03;D05,,,D01;D03;D05,D01;D02;D03;D04;D05;D06;D07,,LARGE_MARGIN_BOUNDARY,NOT_CALCULATED,False
2021-03-19_PHX_MIN,2021-03-19,PHX,MIN,12,INCUMBENT_CONDITIONAL,MIN_RIVAL,DIRECT_ROSTER_CONTACT,,,,,,,REMAINING_SEASON_POLICY,NOT_CALCULATED,False
2021-03-20_LAL_ATL,2021-03-20,LAL,ATL,5,LAL_AD_CORE,INCUMBENT_CONDITIONAL,TRANSACTION_DEPENDENCY,,,,D01;D02;D03;D04;D05;D06;D07,D01;D02;D03;D04;D05;D06;D07,,REMAINING_SEASON_POLICY,NOT_CALCULATED,False
2021-03-20_PHI_SAC,2021-03-20,PHI,SAC,24,INCUMBENT_CONDITIONAL,INCUMBENT_CONDITIONAL,NO_DIRECT_DELTA_IDENTIFIED,,,,D01;D02,D01;D02;D03;D04;D05;D06;D07,,REMAINING_SEASON_POLICY,NOT_CALCULATED,False
2021-03-20_MEM_GSW,2021-03-20,MEM,GSW,8,INCUMBENT_CONDITIONAL,GSW_WIGGINS_HUTCHISON_INACTIVE,TRANSACTION_DEPENDENCY,D01;D05,,,D01;D03;D05,D01;D02;D03;D04;D05;D06;D07,,LARGE_MARGIN_BOUNDARY,NOT_CALCULATED,False
2021-03-20_MIL_SAS,2021-03-20,MIL,SAS,7,INCUMBENT_CONDITIONAL,INCUMBENT_CONDITIONAL,NO_DIRECT_DELTA_IDENTIFIED,,,,,D01;D02;D03;D04;D05;D06;D07,,REMAINING_SEASON_POLICY,NOT_CALCULATED,False
2021-03-20_LAC_CHA,2021-03-20,LAC,CHA,27,INCUMBENT_CONDITIONAL,CHA_EDWARDS_TERRY,DIRECT_ROSTER_CONTACT,,D01;D07,D05;D06;D07,D01;D05;D06;D07,D01;D02;D03;D04;D05;D06;D07,,LARGE_MARGIN_BOUNDARY,NOT_CALCULATED,False
2021-03-21_HOU_OKC,2021-03-21,HOU,OKC,2,INCUMBENT_CONDITIONAL,INCUMBENT_CONDITIONAL,NO_DIRECT_DELTA_IDENTIFIED,,,,,D01;D02;D03;D04;D05;D06;D07,,CLOSE80_PAIRED_INPUT,NOT_CALCULATED,False
2021-03-21_DEN_NOP,2021-03-21,DEN,NOP,5,DEN_BEY_NNAJI,NOP_HAYES,DIRECT_ROSTER_CONTACT,,,,,D01;D02;D03;D04;D05;D06;D07,,REMAINING_SEASON_POLICY,NOT_CALCULATED,False
2021-03-21_BOS_ORL,2021-03-21,BOS,ORL,16,INCUMBENT_CONDITIONAL,INCUMBENT_CONDITIONAL,NO_DIRECT_DELTA_IDENTIFIED,,,,D01;D02;D03;D04;D05;D06;D07,D01;D02;D03;D04;D05;D06;D07,,REMAINING_SEASON_POLICY,NOT_CALCULATED,False
2021-03-21_BKN_WAS,2021-03-21,BKN,WAS,7,INCUMBENT_CONDITIONAL,WAS_TRENT,DIRECT_ROSTER_CONTACT,,D03;D04;D05;D06,D01;D05;D06,D01;D02;D03;D04;D05;D06;D07,D01;D02;D03;D04;D05;D06;D07,,LARGE_MARGIN_BOUNDARY,NOT_CALCULATED,False
2021-03-21_CLE_TOR,2021-03-21,CLE,TOR,11,INCUMBENT_CONDITIONAL,INCUMBENT_CONDITIONAL,NO_DIRECT_DELTA_IDENTIFIED,,,,D01;D02;D03;D04;D05;D06;D07,D01;D02;D03;D04;D05;D06;D07,,REMAINING_SEASON_POLICY,NOT_CALCULATED,False
2021-03-21_NYK_PHI,2021-03-21,NYK,PHI,1,INCUMBENT_CONDITIONAL,INCUMBENT_CONDITIONAL,NO_DIRECT_DELTA_IDENTIFIED,,,,D01;D02;D03;D05,D01;D02;D03;D04;D05;D06;D07,,CLOSE80_PAIRED_INPUT,NOT_CALCULATED,False
2021-03-21_POR_DAL,2021-03-21,POR,DAL,40,POR_NO_TRENT,DAL_HAMPTON,DIRECT_ROSTER_CONTACT,D02;D04;D06;D07,,,D01;D02;D03;D04;D05;D06;D07,D01;D02;D03;D04;D05;D06;D07,,LARGE_MARGIN_BOUNDARY,NOT_CALCULATED,False
2021-03-21_PHX_LAL,2021-03-21,PHX,LAL,17,INCUMBENT_CONDITIONAL,LAL_AD_CORE,TRANSACTION_DEPENDENCY,,,,D02;D04;D06;D07,D01;D02;D03;D04;D05;D06;D07,,REMAINING_SEASON_POLICY,NOT_CALCULATED,False
2021-03-22_CLE_SAC,2021-03-22,CLE,SAC,14,INCUMBENT_CONDITIONAL,INCUMBENT_CONDITIONAL,NO_DIRECT_DELTA_IDENTIFIED,,,,D01;D02;D03;D04;D05;D06;D07,D01;D02;D03;D04;D05;D06;D07,,REMAINING_SEASON_POLICY,NOT_CALCULATED,False
2021-03-22_MIN_OKC,2021-03-22,MIN,OKC,9,MIN_RIVAL,INCUMBENT_CONDITIONAL,DIRECT_ROSTER_CONTACT,,,,,D01;D02;D03;D04;D05;D06;D07,,REMAINING_SEASON_POLICY,NOT_CALCULATED,False
2021-03-22_MIL_IND,2021-03-22,MIL,IND,27,INCUMBENT_CONDITIONAL,INCUMBENT_CONDITIONAL,NO_DIRECT_DELTA_IDENTIFIED,,,,,D01;D02;D03;D04;D05;D06;D07,,REMAINING_SEASON_POLICY,NOT_CALCULATED,False
2021-03-22_MEM_BOS,2021-03-22,MEM,BOS,6,INCUMBENT_CONDITIONAL,INCUMBENT_CONDITIONAL,NO_DIRECT_DELTA_IDENTIFIED,,,,D03,D01;D02;D03;D04;D05;D06;D07,,REMAINING_SEASON_POLICY,NOT_CALCULATED,False
2021-03-22_HOU_TOR,2021-03-22,HOU,TOR,18,INCUMBENT_CONDITIONAL,INCUMBENT_CONDITIONAL,NO_DIRECT_DELTA_IDENTIFIED,,,,,,,REMAINING_SEASON_POLICY,NOT_CALCULATED,False
2021-03-22_LAC_ATL,2021-03-22,LAC,ATL,9,INCUMBENT_CONDITIONAL,INCUMBENT_CONDITIONAL,NO_DIRECT_DELTA_IDENTIFIED,,,,D02;D04;D06;D07,D01;D02;D03;D04;D05;D06;D07,,REMAINING_SEASON_POLICY,NOT_CALCULATED,False
2021-03-23_ORL_DEN,2021-03-23,ORL,DEN,11,INCUMBENT_CONDITIONAL,DEN_BEY_NNAJI,DIRECT_ROSTER_CONTACT,,,,D01;D02;D03;D04;D05;D06;D07,D01;D02;D03;D04;D05;D06;D07,,REMAINING_SEASON_POLICY,NOT_CALCULATED,False
2021-03-23_NYK_WAS,2021-03-23,NYK,WAS,18,INCUMBENT_CONDITIONAL,WAS_TRENT,DIRECT_ROSTER_CONTACT,,D03;D04;D05;D06,D01;D05;D06,D01;D02;D03;D04;D05;D06;D07,D01;D02;D03;D04;D05;D06;D07,,LARGE_MARGIN_BOUNDARY,NOT_CALCULATED,False
2021-03-23_NOP_LAL,2021-03-23,NOP,LAL,17,NOP_HAYES,LAL_AD_CORE,DIRECT_ROSTER_CONTACT,,,,D02;D04;D06;D07,D01;D02;D03;D04;D05;D06;D07,,REMAINING_SEASON_POLICY,NOT_CALCULATED,False
2021-03-23_MIA_PHX,2021-03-23,MIA,PHX,10,INCUMBENT_CONDITIONAL,INCUMBENT_CONDITIONAL,NO_DIRECT_DELTA_IDENTIFIED,,,,D01;D02;D03;D04;D05;D06;D07,D01;D02;D03;D04;D05;D06;D07,,REMAINING_SEASON_POLICY,NOT_CALCULATED,False
2021-03-23_POR_BKN,2021-03-23,POR,BKN,4,POR_NO_TRENT,INCUMBENT_CONDITIONAL,DIRECT_ROSTER_CONTACT,D02;D07,,,D02;D07,D01;D02;D03;D04;D05;D06;D07,,LARGE_MARGIN_BOUNDARY,NOT_CALCULATED,False
2021-03-23_GSW_PHI,2021-03-23,GSW,PHI,10,GSW_WIGGINS_HUTCHISON_INACTIVE,INCUMBENT_CONDITIONAL,TRANSACTION_DEPENDENCY,D01;D05,,,D01;D02;D03;D05,D01;D02;D03;D04;D05;D06;D07,,LARGE_MARGIN_BOUNDARY,NOT_CALCULATED,False
2021-03-24_IND_DET,2021-03-24,IND,DET,5,INCUMBENT_CONDITIONAL,DET_PATRICK_KIRA,DIRECT_ROSTER_CONTACT,,,,D02;D07,D01;D02;D03;D04;D05;D06;D07,,REMAINING_SEASON_POLICY,NOT_CALCULATED,False
2021-03-24_TOR_DEN,2021-03-24,TOR,DEN,24,INCUMBENT_CONDITIONAL,DEN_BEY_NNAJI,DIRECT_ROSTER_CONTACT,,,,,D01;D02;D03;D04;D05;D06;D07,,REMAINING_SEASON_POLICY,NOT_CALCULATED,False
2021-03-24_MIL_BOS,2021-03-24,MIL,BOS,2,INCUMBENT_CONDITIONAL,INCUMBENT_CONDITIONAL,NO_DIRECT_DELTA_IDENTIFIED,,,,,,,CLOSE80_PAIRED_INPUT,NOT_CALCULATED,False
2021-03-24_ORL_PHX,2021-03-24,ORL,PHX,1,INCUMBENT_CONDITIONAL,INCUMBENT_CONDITIONAL,NO_DIRECT_DELTA_IDENTIFIED,,,,D01;D02;D03;D04;D05;D06;D07,D01;D02;D03;D04;D05;D06;D07,,CLOSE80_PAIRED_INPUT,NOT_CALCULATED,False
2021-03-24_OKC_MEM,2021-03-24,OKC,MEM,9,INCUMBENT_CONDITIONAL,INCUMBENT_CONDITIONAL,NO_DIRECT_DELTA_IDENTIFIED,,,,D01;D02;D03;D04;D05;D06;D07,D01;D02;D03;D04;D05;D06;D07,,REMAINING_SEASON_POLICY,NOT_CALCULATED,False
2021-03-24_MIN_DAL,2021-03-24,MIN,DAL,20,MIN_RIVAL,DAL_HAMPTON,DIRECT_ROSTER_CONTACT,D02;D07,,,D01;D02;D03;D04;D05;D06;D07,D01;D02;D03;D04;D05;D06;D07,,LARGE_MARGIN_BOUNDARY,NOT_CALCULATED,False
2021-03-24_HOU_CHA,2021-03-24,HOU,CHA,25,INCUMBENT_CONDITIONAL,CHA_EDWARDS_TERRY,DIRECT_ROSTER_CONTACT,,D03;D04;D05;D06,,D03;D04;D05;D06,D01;D03;D04;D05;D06;D07,,LARGE_MARGIN_BOUNDARY,NOT_CALCULATED,False
2021-03-24_SAS_LAC,2021-03-24,SAS,LAC,33,INCUMBENT_CONDITIONAL,INCUMBENT_CONDITIONAL,NO_DIRECT_DELTA_IDENTIFIED,,,,,D01;D02;D03;D04;D05;D06;D07,,REMAINING_SEASON_POLICY,NOT_CALCULATED,False
2021-03-24_UTA_BKN,2021-03-24,UTA,BKN,30,INCUMBENT_CONDITIONAL,INCUMBENT_CONDITIONAL,NO_DIRECT_DELTA_IDENTIFIED,,,,D01;D02;D03;D04;D05;D06;D07,D01;D02;D03;D04;D05;D06;D07,,REMAINING_SEASON_POLICY,NOT_CALCULATED,False
2021-03-24_SAC_ATL,2021-03-24,SAC,ATL,2,INCUMBENT_CONDITIONAL,INCUMBENT_CONDITIONAL,NO_DIRECT_DELTA_IDENTIFIED,,,,D01;D02;D03;D04;D05;D06;D07,D01;D02;D03;D04;D05;D06;D07,,CLOSE80_PAIRED_INPUT,NOT_CALCULATED,False
2021-03-25_NYK_WAS,2021-03-25,NYK,WAS,4,INCUMBENT_CONDITIONAL,WAS_TRENT_BROWN,DIRECT_ROSTER_CONTACT,,D03;D04;D05;D06,D01;D05;D06,D01;D02;D03;D04;D05;D06;D07,D01;D02;D03;D04;D05;D06;D07,,LARGE_MARGIN_BOUNDARY,NOT_CALCULATED,False
2021-03-25_SAS_LAC,2021-03-25,SAS,LAC,13,INCUMBENT_CONDITIONAL,INCUMBENT_CONDITIONAL,NO_DIRECT_DELTA_IDENTIFIED,,,,,D01;D02;D03;D04;D05;D06;D07,,REMAINING_SEASON_POLICY,NOT_CALCULATED,False
2021-03-25_LAL_PHI,2021-03-25,LAL,PHI,8,LAL_AD_CORE,INCUMBENT_CONDITIONAL,TRANSACTION_DEPENDENCY,,,,D01;D02;D04;D06;D07,D01;D02;D03;D04;D05;D06;D07,,REMAINING_SEASON_POLICY,NOT_CALCULATED,False
2021-03-25_SAC_GSW,2021-03-25,SAC,GSW,22,INCUMBENT_CONDITIONAL,GSW_WIGGINS_HUTCHISON_INACTIVE,TRANSACTION_DEPENDENCY,D01;D05,,,D01;D02;D03;D04;D05;D06;D07,D01;D02;D03;D04;D05;D06;D07,,LARGE_MARGIN_BOUNDARY,NOT_CALCULATED,False
2021-03-26_DET_BKN,2021-03-26,DET,BKN,2,DET_PATRICK_KIRA,INCUMBENT_CONDITIONAL,DIRECT_ROSTER_CONTACT,,,,,D01;D02;D03;D04;D05;D06;D07,,CLOSE80_PAIRED_INPUT,NOT_CALCULATED,False
2021-03-26_MIL_BOS,2021-03-26,MIL,BOS,8,INCUMBENT_CONDITIONAL,BOS_FOURNIER_PATH,TRANSACTION_DEPENDENCY,,,,,D01;D02;D03;D04;D05;D06;D07,,REMAINING_SEASON_POLICY,NOT_CALCULATED,False
2021-03-26_TOR_PHX,2021-03-26,TOR,PHX,4,TOR_POWELL,INCUMBENT_CONDITIONAL,DIRECT_ROSTER_CONTACT,,,,,,,REMAINING_SEASON_POLICY,NOT_CALCULATED,False
2021-03-26_CHA_MIA,2021-03-26,CHA,MIA,5,CHA_EDWARDS_TERRY,INCUMBENT_CONDITIONAL,DIRECT_ROSTER_CONTACT,,D03;D04;D05;D06,,D01;D02;D03;D04;D05;D06;D07,D01;D02;D03;D04;D05;D06;D07,,LARGE_MARGIN_BOUNDARY,NOT_CALCULATED,False
2021-03-26_ORL_POR,2021-03-26,ORL,POR,7,ORL_VUCEVIC_GORDON_A,POR_NO_POWELL_HOOD,DIRECT_ROSTER_CONTACT,D01;D03;D05,,,D01;D02;D03;D04;D05;D06;D07,D01;D02;D03;D04;D05;D06;D07,,LARGE_MARGIN_BOUNDARY,NOT_CALCULATED,False
2021-03-26_MIN_HOU,2021-03-26,MIN,HOU,6,MIN_RIVAL,INCUMBENT_CONDITIONAL,DIRECT_ROSTER_CONTACT,,,,D01;D02;D03;D04;D05;D06;D07,D01;D02;D03;D04;D05;D06;D07,,REMAINING_SEASON_POLICY,NOT_CALCULATED,False
2021-03-26_NOP_DEN,2021-03-26,NOP,DEN,5,NOP_HAYES,DEN_GORDON_A,DIRECT_ROSTER_CONTACT,,,,D01;D02;D03;D04;D05;D06;D07,D01;D02;D03;D04;D05;D06;D07,,REMAINING_SEASON_POLICY,NOT_CALCULATED,False
2021-03-26_DAL_IND,2021-03-26,DAL,IND,15,DAL_HAMPTON,INCUMBENT_CONDITIONAL,DIRECT_ROSTER_CONTACT,D01;D03;D05,,,D01;D02;D03;D05;D07,D01;D02;D03;D04;D05;D06;D07,,LARGE_MARGIN_BOUNDARY,NOT_CALCULATED,False
2021-03-26_UTA_MEM,2021-03-26,UTA,MEM,3,INCUMBENT_CONDITIONAL,INCUMBENT_CONDITIONAL,NO_DIRECT_DELTA_IDENTIFIED,D01;D03;D05,,,D01;D02;D03;D04;D05;D06;D07,D01;D02;D03;D04;D05;D06;D07,,CLOSE80_PAIRED_INPUT,NOT_CALCULATED,False
2021-03-26_GSW_ATL,2021-03-26,GSW,ATL,16,GSW_WIGGINS_HUTCHISON_INACTIVE,INCUMBENT_CONDITIONAL,TRANSACTION_DEPENDENCY,D01;D05,,,D01;D03;D05,D01;D02;D03;D04;D05;D06;D07,,LARGE_MARGIN_BOUNDARY,NOT_CALCULATED,False
2021-03-26_LAL_CLE,2021-03-26,LAL,CLE,14,LAL_AD_CORE,INCUMBENT_CONDITIONAL,TRANSACTION_DEPENDENCY,D02;D07,,,D02;D07,D01;D02;D03;D04;D05;D06;D07,,LARGE_MARGIN_BOUNDARY,NOT_CALCULATED,False
2021-03-27_MIN_HOU,2021-03-27,MIN,HOU,22,MIN_RIVAL,INCUMBENT_CONDITIONAL,DIRECT_ROSTER_CONTACT,,,,,,,REMAINING_SEASON_POLICY,NOT_CALCULATED,False
2021-03-27_WAS_DET,2021-03-27,WAS,DET,14,WAS_TRENT_BROWN,DET_PATRICK_KIRA,DIRECT_ROSTER_CONTACT,,D01,,D01,D01;D02;D03;D04;D05;D06;D07,,LARGE_MARGIN_BOUNDARY,NOT_CALCULATED,False
2021-03-27_MIL_NYK,2021-03-27,MIL,NYK,6,INCUMBENT_CONDITIONAL,INCUMBENT_CONDITIONAL,NO_DIRECT_DELTA_IDENTIFIED,,,,D01;D02;D03;D04;D05;D06;D07,D01;D02;D03;D04;D05;D06;D07,,REMAINING_SEASON_POLICY,NOT_CALCULATED,False
2021-03-27_OKC_BOS,2021-03-27,OKC,BOS,17,INCUMBENT_CONDITIONAL,BOS_FOURNIER_PATH,TRANSACTION_DEPENDENCY,,,,D01;D02;D03;D04;D05;D06;D07,D01;D02;D03;D04;D05;D06;D07,,REMAINING_SEASON_POLICY,NOT_CALCULATED,False
2021-03-27_NOP_DAL,2021-03-27,NOP,DAL,9,NOP_HAYES,DAL_HAMPTON,DIRECT_ROSTER_CONTACT,D01;D03;D05,,,D01;D03;D05,D01;D02;D03;D04;D05;D06;D07,,LARGE_MARGIN_BOUNDARY,NOT_CALCULATED,False
2021-03-27_UTA_MEM,2021-03-27,UTA,MEM,16,INCUMBENT_CONDITIONAL,INCUMBENT_CONDITIONAL,NO_DIRECT_DELTA_IDENTIFIED,D01;D03;D05,,,D01;D02;D03;D04;D05;D06;D07,D01;D02;D03;D04;D05;D06;D07,,LARGE_MARGIN_BOUNDARY,NOT_CALCULATED,False
2021-03-27_SAC_CLE,2021-03-27,SAC,CLE,2,INCUMBENT_CONDITIONAL,INCUMBENT_CONDITIONAL,NO_DIRECT_DELTA_IDENTIFIED,,,,D01;D02;D03;D04;D05;D06;D07,D01;D02;D03;D04;D05;D06;D07,,CLOSE80_PAIRED_INPUT,NOT_CALCULATED,False
2021-03-27_LAC_PHI,2021-03-27,LAC,PHI,10,INCUMBENT_CONDITIONAL,INCUMBENT_CONDITIONAL,NO_DIRECT_DELTA_IDENTIFIED,,,,,D01;D02;D03;D04;D05;D06;D07,,REMAINING_SEASON_POLICY,NOT_CALCULATED,False
2021-03-28_CHA_PHX,2021-03-28,CHA,PHX,4,CHA_EDWARDS_TERRY,INCUMBENT_CONDITIONAL,DIRECT_ROSTER_CONTACT,,D01;D07,D05;D06;D07,D01;D05;D06;D07,D01;D02;D03;D04;D05;D06;D07,,LARGE_MARGIN_BOUNDARY,NOT_CALCULATED,False
2021-03-28_TOR_POR,2021-03-28,TOR,POR,5,TOR_POWELL,POR_NO_POWELL_HOOD,DIRECT_ROSTER_CONTACT,D01;D03;D05,,,D01;D03;D05,D01;D02;D03;D04;D05;D06;D07,,LARGE_MARGIN_BOUNDARY,NOT_CALCULATED,False
2021-03-28_DEN_ATL,2021-03-28,DEN,ATL,24,DEN_GORDON_A,INCUMBENT_CONDITIONAL,DIRECT_ROSTER_CONTACT,,,,D01;D02;D03;D04;D05;D06;D07,D01;D02;D03;D04;D05;D06;D07,,REMAINING_SEASON_POLICY,NOT_CALCULATED,False
2021-03-29_WAS_IND,2021-03-29,WAS,IND,8,WAS_TRENT_BROWN,INCUMBENT_CONDITIONAL,DIRECT_ROSTER_CONTACT,,D01,,D01,D01;D02;D03;D04;D05;D06;D07,,LARGE_MARGIN_BOUNDARY,NOT_CALCULATED,False
2021-03-29_BKN_MIN,2021-03-29,BKN,MIN,5,INCUMBENT_CONDITIONAL,MIN_RIVAL,DIRECT_ROSTER_CONTACT,,,,,D01;D02;D03;D04;D05;D06;D07,,REMAINING_SEASON_POLICY,NOT_CALCULATED,False
2021-03-29_BOS_NOP,2021-03-29,BOS,NOP,6,BOS_FOURNIER_PATH,NOP_HAYES,DIRECT_ROSTER_CONTACT,,,,,D01;D02;D07,,REMAINING_SEASON_POLICY,NOT_CALCULATED,False
2021-03-29_NYK_MIA,2021-03-29,NYK,MIA,10,INCUMBENT_CONDITIONAL,INCUMBENT_CONDITIONAL,NO_DIRECT_DELTA_IDENTIFIED,,,,D01;D03;D05,D01;D02;D03;D04;D05;D06;D07,,REMAINING_SEASON_POLICY,NOT_CALCULATED,False
2021-03-29_HOU_MEM,2021-03-29,HOU,MEM,10,INCUMBENT_CONDITIONAL,INCUMBENT_CONDITIONAL,NO_DIRECT_DELTA_IDENTIFIED,,,,D03,D01;D03;D04;D05,,REMAINING_SEASON_POLICY,NOT_CALCULATED,False
2021-03-29_DET_TOR,2021-03-29,DET,TOR,14,DET_PATRICK_KIRA,TOR_POWELL,DIRECT_ROSTER_CONTACT,,,,,,,REMAINING_SEASON_POLICY,NOT_CALCULATED,False
2021-03-29_OKC_DAL,2021-03-29,OKC,DAL,21,INCUMBENT_CONDITIONAL,DAL_HAMPTON,DIRECT_ROSTER_CONTACT,D02;D07,,,D01;D02;D03;D04;D05;D06;D07,D01;D02;D03;D04;D05;D06;D07,,LARGE_MARGIN_BOUNDARY,NOT_CALCULATED,False
2021-03-29_SAS_SAC,2021-03-29,SAS,SAC,17,INCUMBENT_CONDITIONAL,INCUMBENT_CONDITIONAL,NO_DIRECT_DELTA_IDENTIFIED,,,,D01;D02;D03;D04;D05;D06;D07,D01;D02;D03;D04;D05;D06;D07,,REMAINING_SEASON_POLICY,NOT_CALCULATED,False
2021-03-29_UTA_CLE,2021-03-29,UTA,CLE,39,INCUMBENT_CONDITIONAL,INCUMBENT_CONDITIONAL,NO_DIRECT_DELTA_IDENTIFIED,,,,D01;D02;D03;D04;D05;D06;D07,D01;D02;D03;D04;D05;D06;D07,,REMAINING_SEASON_POLICY,NOT_CALCULATED,False
2021-03-29_LAC_MIL,2021-03-29,LAC,MIL,24,INCUMBENT_CONDITIONAL,INCUMBENT_CONDITIONAL,NO_DIRECT_DELTA_IDENTIFIED,,,,,D01;D02;D03;D04;D05;D06;D07,,REMAINING_SEASON_POLICY,NOT_CALCULATED,False
2021-03-30_WAS_CHA,2021-03-30,WAS,CHA,10,WAS_TRENT_BROWN,CHA_EDWARDS_TERRY,DIRECT_ROSTER_CONTACT,,D03;D04;D05;D06,D01;D05;D06,D01;D02;D03;D04;D05;D06;D07,D01;D02;D03;D04;D05;D06;D07,,LARGE_MARGIN_BOUNDARY,NOT_CALCULATED,False
2021-03-30_DEN_PHI,2021-03-30,DEN,PHI,9,DEN_GORDON_A,INCUMBENT_CONDITIONAL,DIRECT_ROSTER_CONTACT,,,,D01;D02;D03;D04;D05;D06;D07,D01;D02;D03;D04;D05;D06;D07,,REMAINING_SEASON_POLICY,NOT_CALCULATED,False
2021-03-30_LAC_ORL,2021-03-30,LAC,ORL,7,INCUMBENT_CONDITIONAL,ORL_VUCEVIC_GORDON_A,DIRECT_ROSTER_CONTACT,,,,D01;D02;D03;D04;D05;D06;D07,D01;D02;D03;D04;D05;D06;D07,,REMAINING_SEASON_POLICY,NOT_CALCULATED,False
2021-03-30_PHX_ATL,2021-03-30,PHX,ATL,7,INCUMBENT_CONDITIONAL,INCUMBENT_CONDITIONAL,NO_DIRECT_DELTA_IDENTIFIED,,,,D02;D04;D06;D07,D01;D02;D03;D04;D05;D06;D07,,REMAINING_SEASON_POLICY,NOT_CALCULATED,False
2021-03-31_IND_MIA,2021-03-31,IND,MIA,5,INCUMBENT_CONDITIONAL,INCUMBENT_CONDITIONAL,NO_DIRECT_DELTA_IDENTIFIED,,,,,D01;D02;D03;D04;D05;D06;D07,,REMAINING_SEASON_POLICY,NOT_CALCULATED,False
2021-03-31_DET_POR,2021-03-31,DET,POR,23,DET_PATRICK_KIRA,POR_NO_POWELL_HOOD,DIRECT_ROSTER_CONTACT,D01;D03;D05,,,D01;D03;D05,D01;D02;D03;D04;D05;D06;D07,,LARGE_MARGIN_BOUNDARY,NOT_CALCULATED,False
2021-03-31_BOS_DAL,2021-03-31,BOS,DAL,5,BOS_FOURNIER_PATH,DAL_HAMPTON,DIRECT_ROSTER_CONTACT,D02;D07,,,D01;D02;D03;D04;D05;D06;D07,D01;D02;D03;D04;D05;D06;D07,,LARGE_MARGIN_BOUNDARY,NOT_CALCULATED,False
2021-03-31_BKN_HOU,2021-03-31,BKN,HOU,12,INCUMBENT_CONDITIONAL,INCUMBENT_CONDITIONAL,NO_DIRECT_DELTA_IDENTIFIED,,,,,D01;D02;D03;D04;D05;D06;D07,,REMAINING_SEASON_POLICY,NOT_CALCULATED,False
2021-03-31_MEM_UTA,2021-03-31,MEM,UTA,4,INCUMBENT_CONDITIONAL,INCUMBENT_CONDITIONAL,NO_DIRECT_DELTA_IDENTIFIED,D01;D03;D05,,,D01;D02;D03;D04;D05;D06;D07,D01;D02;D03;D04;D05;D06;D07,,LARGE_MARGIN_BOUNDARY,NOT_CALCULATED,False
2021-03-31_MIN_NYK,2021-03-31,MIN,NYK,1,MIN_RIVAL,INCUMBENT_CONDITIONAL,DIRECT_ROSTER_CONTACT,,,,D01;D02;D03;D04;D05;D06;D07,D01;D02;D03;D04;D05;D06;D07,,CLOSE80_PAIRED_INPUT,NOT_CALCULATED,False
2021-03-31_OKC_TOR,2021-03-31,OKC,TOR,10,INCUMBENT_CONDITIONAL,TOR_POWELL,DIRECT_ROSTER_CONTACT,,,,,D01;D02;D03;D04;D05;D06;D07,,REMAINING_SEASON_POLICY,NOT_CALCULATED,False
2021-03-31_SAS_SAC,2021-03-31,SAS,SAC,14,INCUMBENT_CONDITIONAL,INCUMBENT_CONDITIONAL,NO_DIRECT_DELTA_IDENTIFIED,,D01;D02;D03;D04;D05;D06;D07,,D01;D02;D03;D04;D05;D06;D07,D01;D02;D03;D04;D05;D06;D07,,LARGE_MARGIN_BOUNDARY,NOT_CALCULATED,False
2021-03-31_LAL_MIL,2021-03-31,LAL,MIL,15,LAL_AD_CORE,INCUMBENT_CONDITIONAL,TRANSACTION_DEPENDENCY,,,,D02;D04;D06;D07,D01;D02;D03;D04;D05;D06;D07,,REMAINING_SEASON_POLICY,NOT_CALCULATED,False
2021-04-01_DET_WAS,2021-04-01,DET,WAS,29,DET_PATRICK_KIRA,WAS_TRENT_BROWN,DIRECT_ROSTER_CONTACT,,D03;D04;D05;D06,D01;D05;D06,D01;D02;D03;D04;D05;D06;D07,D01;D02;D03;D04;D05;D06;D07,,LARGE_MARGIN_BOUNDARY,NOT_CALCULATED,False
2021-04-01_CLE_PHI,2021-04-01,CLE,PHI,20,INCUMBENT_CONDITIONAL,INCUMBENT_CONDITIONAL,NO_DIRECT_DELTA_IDENTIFIED,,,,D01;D02,D01;D02;D03;D04;D05;D06;D07,,REMAINING_SEASON_POLICY,NOT_CALCULATED,False
2021-04-01_BKN_CHA,2021-04-01,BKN,CHA,22,INCUMBENT_CONDITIONAL,CHA_EDWARDS_TERRY,DIRECT_ROSTER_CONTACT,,D01;D07,D05;D06;D07,D01;D05;D06;D07,D01;D02;D03;D04;D05;D06;D07,,LARGE_MARGIN_BOUNDARY,NOT_CALCULATED,False
2021-04-01_NOP_ORL,2021-04-01,NOP,ORL,5,NOP_HAYES,ORL_VUCEVIC_GORDON_A,DIRECT_ROSTER_CONTACT,,,,D01;D02;D03;D04;D05;D06;D07,D01;D02;D03;D04;D05;D06;D07,,REMAINING_SEASON_POLICY,NOT_CALCULATED,False
2021-04-01_MIA_GSW,2021-04-01,MIA,GSW,7,INCUMBENT_CONDITIONAL,GSW_WIGGINS_HUTCHISON_INACTIVE,TRANSACTION_DEPENDENCY,D01;D05,,,D01;D03;D05,D01;D02;D03;D04;D05;D06;D07,,LARGE_MARGIN_BOUNDARY,NOT_CALCULATED,False
2021-04-01_SAS_ATL,2021-04-01,SAS,ATL,5,INCUMBENT_CONDITIONAL,INCUMBENT_CONDITIONAL,NO_DIRECT_DELTA_IDENTIFIED,,,,D01;D03;D05,D01;D02;D03;D04;D05;D06;D07,,REMAINING_SEASON_POLICY,NOT_CALCULATED,False
2021-04-01_LAC_DEN,2021-04-01,LAC,DEN,7,INCUMBENT_CONDITIONAL,DEN_GORDON_A,DIRECT_ROSTER_CONTACT,,,,D01;D02;D03;D04;D05;D06;D07,D01;D02;D03;D04;D05;D06;D07,,REMAINING_SEASON_POLICY,NOT_CALCULATED,False
2021-04-02_TOR_GSW,2021-04-02,TOR,GSW,53,TOR_POWELL,GSW_WIGGINS_HUTCHISON_INACTIVE,DIRECT_ROSTER_CONTACT,D01;D05,,,D01;D03;D05,D01;D02;D03;D04;D05;D06;D07,,LARGE_MARGIN_BOUNDARY,NOT_CALCULATED,False
2021-04-02_BOS_HOU,2021-04-02,BOS,HOU,16,BOS_FOURNIER_PATH,INCUMBENT_CONDITIONAL,TRANSACTION_DEPENDENCY,,,,,D01;D03;D04;D05;D06,,REMAINING_SEASON_POLICY,NOT_CALCULATED,False
2021-04-02_NYK_DAL,2021-04-02,NYK,DAL,13,INCUMBENT_CONDITIONAL,DAL_HAMPTON,DIRECT_ROSTER_CONTACT,D02;D07,,,D01;D02;D03;D04;D05;D06;D07,D01;D02;D03;D04;D05;D06;D07,,LARGE_MARGIN_BOUNDARY,NOT_CALCULATED,False
2021-04-02_IND_CHA,2021-04-02,IND,CHA,17,INCUMBENT_CONDITIONAL,CHA_EDWARDS_TERRY,DIRECT_ROSTER_CONTACT,,D03;D04;D05;D06,,D03;D04;D05;D06,D01;D02;D03;D04;D05;D06;D07,,LARGE_MARGIN_BOUNDARY,NOT_CALCULATED,False
2021-04-02_MEM_MIN,2021-04-02,MEM,MIN,12,INCUMBENT_CONDITIONAL,MIN_RIVAL,DIRECT_ROSTER_CONTACT,,,,D03,D01;D03;D04;D05,,REMAINING_SEASON_POLICY,NOT_CALCULATED,False
2021-04-02_NOP_ATL,2021-04-02,NOP,ATL,23,NOP_HAYES,INCUMBENT_CONDITIONAL,DIRECT_ROSTER_CONTACT,,,,D01;D02;D03;D04;D05;D06;D07,D01;D02;D03;D04;D05;D06;D07,,REMAINING_SEASON_POLICY,NOT_CALCULATED,False
2021-04-02_SAC_LAL,2021-04-02,SAC,LAL,21,INCUMBENT_CONDITIONAL,LAL_AD_CORE,TRANSACTION_DEPENDENCY,D02;D07,,,D02;D07,D01;D02;D03;D04;D05;D06;D07,,LARGE_MARGIN_BOUNDARY,NOT_CALCULATED,False
2021-04-02_PHX_OKC,2021-04-02,PHX,OKC,37,INCUMBENT_CONDITIONAL,INCUMBENT_CONDITIONAL,NO_DIRECT_DELTA_IDENTIFIED,,,,D01;D02;D03;D04;D05;D06;D07,D01;D02;D03;D04;D05;D06;D07,,REMAINING_SEASON_POLICY,NOT_CALCULATED,False
2021-04-02_POR_MIL,2021-04-02,POR,MIL,18,POR_NO_POWELL_HOOD,INCUMBENT_CONDITIONAL,DIRECT_ROSTER_CONTACT,D02;D07,,,D02;D07,D01;D02;D03;D04;D05;D06;D07,,LARGE_MARGIN_BOUNDARY,NOT_CALCULATED,False
2021-04-03_WAS_DAL,2021-04-03,WAS,DAL,22,WAS_TRENT_BROWN,DAL_HAMPTON,DIRECT_ROSTER_CONTACT,D02;D07,D03;D04;D05;D06,D01;D05;D06,D01;D02;D03;D04;D05;D06;D07,D01;D02;D03;D04;D05;D06;D07,,LARGE_MARGIN_BOUNDARY,NOT_CALCULATED,False
2021-04-03_DET_NYK,2021-04-03,DET,NYK,44,DET_PATRICK_KIRA,INCUMBENT_CONDITIONAL,DIRECT_ROSTER_CONTACT,,,,D01;D02;D03;D04;D05;D06;D07,D01;D02;D03;D04;D05;D06;D07,,REMAINING_SEASON_POLICY,NOT_CALCULATED,False
2021-04-03_PHI_MIN,2021-04-03,PHI,MIN,9,INCUMBENT_CONDITIONAL,MIN_RIVAL,DIRECT_ROSTER_CONTACT,,,,D01;D02,D01;D02;D03;D04;D05;D06;D07,,REMAINING_SEASON_POLICY,NOT_CALCULATED,False
2021-04-03_MIA_CLE,2021-04-03,MIA,CLE,14,INCUMBENT_CONDITIONAL,INCUMBENT_CONDITIONAL,NO_DIRECT_DELTA_IDENTIFIED,,,,,D01;D02;D03;D04;D05;D06;D07,,REMAINING_SEASON_POLICY,NOT_CALCULATED,False
2021-04-03_SAS_IND,2021-04-03,SAS,IND,6,INCUMBENT_CONDITIONAL,INCUMBENT_CONDITIONAL,NO_DIRECT_DELTA_IDENTIFIED,,,,D02;D07,D01;D02;D03;D04;D05;D06;D07,,REMAINING_SEASON_POLICY,NOT_CALCULATED,False
2021-04-03_UTA_ORL,2021-04-03,UTA,ORL,46,INCUMBENT_CONDITIONAL,ORL_VUCEVIC_GORDON_A,DIRECT_ROSTER_CONTACT,,,,D01;D02;D03;D04;D05;D06;D07,D01;D02;D03;D04;D05;D06;D07,,REMAINING_SEASON_POLICY,NOT_CALCULATED,False
2021-04-03_SAC_MIL,2021-04-03,SAC,MIL,1,INCUMBENT_CONDITIONAL,INCUMBENT_CONDITIONAL,NO_DIRECT_DELTA_IDENTIFIED,,,,,D01;D02;D03;D04;D05;D06;D07,,CLOSE80_PAIRED_INPUT,NOT_CALCULATED,False
2021-04-03_POR_OKC,2021-04-03,POR,OKC,48,POR_NO_POWELL_HOOD,INCUMBENT_CONDITIONAL,DIRECT_ROSTER_CONTACT,D01;D03;D05,,,D01;D02;D03;D04;D05;D06;D07,D01;D02;D03;D04;D05;D06;D07,,LARGE_MARGIN_BOUNDARY,NOT_CALCULATED,False
2021-04-04_LAC_LAL,2021-04-04,LAC,LAL,18,INCUMBENT_CONDITIONAL,LAL_AD_CORE,TRANSACTION_DEPENDENCY,,,,D02;D04;D06;D07,D01;D02;D03;D04;D05;D06;D07,,REMAINING_SEASON_POLICY,NOT_CALCULATED,False
2021-04-04_BOS_CHA,2021-04-04,BOS,CHA,30,BOS_FOURNIER_PATH,CHA_EDWARDS_TERRY,DIRECT_ROSTER_CONTACT,,D01;D07,D05;D06;D07,D01;D05;D06;D07,D01;D02;D03;D04;D05;D06;D07,,LARGE_MARGIN_BOUNDARY,NOT_CALCULATED,False
2021-04-04_PHI_MEM,2021-04-04,PHI,MEM,16,INCUMBENT_CONDITIONAL,INCUMBENT_CONDITIONAL,NO_DIRECT_DELTA_IDENTIFIED,,,,D03,D01;D02;D03;D04;D05,,REMAINING_SEASON_POLICY,NOT_CALCULATED,False
2021-04-04_ATL_GSW,2021-04-04,ATL,GSW,6,INCUMBENT_CONDITIONAL,GSW_WIGGINS_HUTCHISON_INACTIVE,TRANSACTION_DEPENDENCY,D01;D05,,,D01;D03;D05,D01;D02;D03;D04;D05;D06;D07,,LARGE_MARGIN_BOUNDARY,NOT_CALCULATED,False
2021-04-04_HOU_NOP,2021-04-04,HOU,NOP,7,INCUMBENT_CONDITIONAL,NOP_HAYES,DIRECT_ROSTER_CONTACT,,,,,D01;D02;D07,,REMAINING_SEASON_POLICY,NOT_CALCULATED,False
2021-04-04_DEN_ORL,2021-04-04,DEN,ORL,10,DEN_GORDON_A,ORL_VUCEVIC_GORDON_A,DIRECT_ROSTER_CONTACT,,,,D01;D02;D03;D04;D05;D06;D07,D01;D02;D03;D04;D05;D06;D07,,REMAINING_SEASON_POLICY,NOT_CALCULATED,False
2021-04-05_MIN_SAC,2021-04-05,MIN,SAC,10,MIN_RIVAL,INCUMBENT_CONDITIONAL,DIRECT_ROSTER_CONTACT,,,,D01;D02;D03;D04;D05;D06;D07,D01;D02;D03;D04;D05;D06;D07,,REMAINING_SEASON_POLICY,NOT_CALCULATED,False
2021-04-05_BKN_NYK,2021-04-05,BKN,NYK,2,INCUMBENT_CONDITIONAL,INCUMBENT_CONDITIONAL,NO_DIRECT_DELTA_IDENTIFIED,,,,D01;D03;D05,D01;D02;D03;D04;D05;D06;D07,,CLOSE80_PAIRED_INPUT,NOT_CALCULATED,False
2021-04-05_DAL_UTA,2021-04-05,DAL,UTA,8,DAL_HAMPTON,INCUMBENT_CONDITIONAL,DIRECT_ROSTER_CONTACT,D02;D07,,,D01;D02;D03;D04;D05;D06;D07,D01;D02;D03;D04;D05;D06;D07,,LARGE_MARGIN_BOUNDARY,NOT_CALCULATED,False
2021-04-05_OKC_DET,2021-04-05,OKC,DET,24,INCUMBENT_CONDITIONAL,DET_PATRICK_KIRA,DIRECT_ROSTER_CONTACT,,,,D01;D02;D03;D04;D05;D06;D07,D01;D02;D03;D04;D05;D06;D07,,REMAINING_SEASON_POLICY,NOT_CALCULATED,False
2021-04-05_SAS_CLE,2021-04-05,SAS,CLE,24,INCUMBENT_CONDITIONAL,INCUMBENT_CONDITIONAL,NO_DIRECT_DELTA_IDENTIFIED,,,,D01;D02;D03;D04;D05;D06;D07,D01;D02;D03;D04;D05;D06;D07,,REMAINING_SEASON_POLICY,NOT_CALCULATED,False
2021-04-05_HOU_PHX,2021-04-05,HOU,PHX,3,INCUMBENT_CONDITIONAL,INCUMBENT_CONDITIONAL,NO_DIRECT_DELTA_IDENTIFIED,,,,,,,CLOSE80_PAIRED_INPUT,NOT_CALCULATED,False
2021-04-06_TOR_LAL,2021-04-06,TOR,LAL,9,TOR_POWELL,LAL_AD_CORE,DIRECT_ROSTER_CONTACT,D02;D07,,,D02;D07,D01;D02;D03;D04;D05;D06;D07,,LARGE_MARGIN_BOUNDARY,NOT_CALCULATED,False
2021-04-06_ATL_NOP,2021-04-06,ATL,NOP,16,INCUMBENT_CONDITIONAL,NOP_HAYES,DIRECT_ROSTER_CONTACT,,,,D01;D02;D03;D04;D05;D06;D07,D01;D02;D03;D04;D05;D06;D07,,REMAINING_SEASON_POLICY,NOT_CALCULATED,False
2021-04-06_BOS_PHI,2021-04-06,BOS,PHI,10,BOS_FOURNIER_PATH,INCUMBENT_CONDITIONAL,TRANSACTION_DEPENDENCY,,,,D01;D02,D01;D02;D03;D04;D05;D06;D07,,REMAINING_SEASON_POLICY,NOT_CALCULATED,False
2021-04-06_MIA_MEM,2021-04-06,MIA,MEM,12,INCUMBENT_CONDITIONAL,INCUMBENT_CONDITIONAL,NO_DIRECT_DELTA_IDENTIFIED,,,,D01;D02;D03;D04;D05;D06;D07,D01;D02;D03;D04;D05;D06;D07,,REMAINING_SEASON_POLICY,NOT_CALCULATED,False
2021-04-06_DEN_DET,2021-04-06,DEN,DET,15,DEN_GORDON_A,DET_PATRICK_KIRA,DIRECT_ROSTER_CONTACT,,,,D01;D02;D03;D04;D05;D06;D07,D01;D02;D03;D04;D05;D06;D07,,REMAINING_SEASON_POLICY,NOT_CALCULATED,False
2021-04-06_LAC_POR,2021-04-06,LAC,POR,17,INCUMBENT_CONDITIONAL,POR_NO_POWELL_HOOD,DIRECT_ROSTER_CONTACT,D02;D07,,,D02;D07,D01;D02;D03;D04;D05;D06;D07,,LARGE_MARGIN_BOUNDARY,NOT_CALCULATED,False
2021-04-06_GSW_MIL,2021-04-06,GSW,MIL,1,GSW_WIGGINS_HUTCHISON_INACTIVE,INCUMBENT_CONDITIONAL,TRANSACTION_DEPENDENCY,,,,D01;D04;D05,D01;D02;D03;D04;D05;D06;D07,,CLOSE80_PAIRED_INPUT,NOT_CALCULATED,False
2021-04-07_IND_MIN,2021-04-07,IND,MIN,4,INCUMBENT_CONDITIONAL,MIN_RIVAL,DIRECT_ROSTER_CONTACT,,,,D02;D07,D01;D02;D03;D04;D05;D06;D07,,REMAINING_SEASON_POLICY,NOT_CALCULATED,False
2021-04-07_ORL_WAS,2021-04-07,ORL,WAS,15,ORL_VUCEVIC_GORDON_A,WAS_TRENT_BROWN,DIRECT_ROSTER_CONTACT,,D01,,D01;D02;D03;D04;D05;D06;D07,D01;D02;D03;D04;D05;D06;D07,,LARGE_MARGIN_BOUNDARY,NOT_CALCULATED,False
2021-04-07_BKN_NOP,2021-04-07,BKN,NOP,28,INCUMBENT_CONDITIONAL,NOP_HAYES,DIRECT_ROSTER_CONTACT,,,,D01;D02;D03;D04;D05;D06;D07,D01;D02;D03;D04;D05;D06;D07,,REMAINING_SEASON_POLICY,NOT_CALCULATED,False
2021-04-07_BOS_NYK,2021-04-07,BOS,NYK,2,BOS_FOURNIER_PATH,INCUMBENT_CONDITIONAL,TRANSACTION_DEPENDENCY,,,,D01;D03;D05,D01;D02;D03;D04;D05;D06;D07,,CLOSE80_PAIRED_INPUT,NOT_CALCULATED,False
2021-04-07_ATL_MEM,2021-04-07,ATL,MEM,18,INCUMBENT_CONDITIONAL,INCUMBENT_CONDITIONAL,NO_DIRECT_DELTA_IDENTIFIED,,,,D02;D03;D04;D06;D07,D01;D02;D03;D04;D05;D06;D07,,REMAINING_SEASON_POLICY,NOT_CALCULATED,False
2021-04-07_HOU_DAL,2021-04-07,HOU,DAL,9,INCUMBENT_CONDITIONAL,DAL_HAMPTON,DIRECT_ROSTER_CONTACT,D01;D03;D05,,,D01;D03;D05,D01;D02;D03;D04;D05;D06;D07,,LARGE_MARGIN_BOUNDARY,NOT_CALCULATED,False
2021-04-07_OKC_CHA,2021-04-07,OKC,CHA,11,INCUMBENT_CONDITIONAL,CHA_EDWARDS_TERRY,DIRECT_ROSTER_CONTACT,,D03;D04;D05;D06,,D01;D02;D03;D04;D05;D06;D07,D01;D02;D03;D04;D05;D06;D07,,LARGE_MARGIN_BOUNDARY,NOT_CALCULATED,False
2021-04-07_DEN_SAS,2021-04-07,DEN,SAS,10,DEN_GORDON_A,INCUMBENT_CONDITIONAL,DIRECT_ROSTER_CONTACT,,,,D01;D02;D03;D04;D05;D06;D07,D01;D02;D03;D04;D05;D06;D07,,REMAINING_SEASON_POLICY,NOT_CALCULATED,False
2021-04-07_PHX_UTA,2021-04-07,PHX,UTA,4,INCUMBENT_CONDITIONAL,INCUMBENT_CONDITIONAL,NO_DIRECT_DELTA_IDENTIFIED,,,,,,,REMAINING_SEASON_POLICY,NOT_CALCULATED,False
2021-04-08_MIA_LAL,2021-04-08,MIA,LAL,6,INCUMBENT_CONDITIONAL,LAL_AD_CORE,TRANSACTION_DEPENDENCY,,,,D02;D04;D06;D07,D01;D02;D03;D04;D05;D06;D07,,REMAINING_SEASON_POLICY,NOT_CALCULATED,False
2021-04-08_OKC_CLE,2021-04-08,OKC,CLE,27,INCUMBENT_CONDITIONAL,INCUMBENT_CONDITIONAL,NO_DIRECT_DELTA_IDENTIFIED,,,,D01;D02;D03;D04;D05;D06;D07,D01;D02;D03;D04;D05;D06;D07,,REMAINING_SEASON_POLICY,NOT_CALCULATED,False
2021-04-08_DAL_MIL,2021-04-08,DAL,MIL,15,DAL_HAMPTON,INCUMBENT_CONDITIONAL,DIRECT_ROSTER_CONTACT,D02;D07,,,D01;D02;D03;D04;D05;D06;D07,D01;D02;D03;D04;D05;D06;D07,,LARGE_MARGIN_BOUNDARY,NOT_CALCULATED,False
2021-04-08_UTA_POR,2021-04-08,UTA,POR,19,INCUMBENT_CONDITIONAL,POR_NO_POWELL_HOOD,DIRECT_ROSTER_CONTACT,D02;D07,,,D01;D02;D03;D04;D05;D06;D07,D01;D02;D03;D04;D05;D06;D07,,LARGE_MARGIN_BOUNDARY,NOT_CALCULATED,False
2021-04-08_LAC_PHX,2021-04-08,LAC,PHX,10,INCUMBENT_CONDITIONAL,INCUMBENT_CONDITIONAL,NO_DIRECT_DELTA_IDENTIFIED,,,,D01;D02;D03;D04;D05;D06;D07,D01;D02;D03;D04;D05;D06;D07,,REMAINING_SEASON_POLICY,NOT_CALCULATED,False
2021-04-08_SAC_DET,2021-04-08,SAC,DET,12,INCUMBENT_CONDITIONAL,DET_PATRICK_KIRA,DIRECT_ROSTER_CONTACT,,,,,D01;D02;D03;D04;D05;D06;D07,,REMAINING_SEASON_POLICY,NOT_CALCULATED,False
2021-04-09_ORL_IND,2021-04-09,ORL,IND,5,ORL_VUCEVIC_GORDON_A,INCUMBENT_CONDITIONAL,DIRECT_ROSTER_CONTACT,,,,D01;D02;D03;D04;D05;D06;D07,D01;D02;D03;D04;D05;D06;D07,,REMAINING_SEASON_POLICY,NOT_CALCULATED,False
2021-04-09_NYK_MEM,2021-04-09,NYK,MEM,4,INCUMBENT_CONDITIONAL,INCUMBENT_CONDITIONAL,NO_DIRECT_DELTA_IDENTIFIED,D01;D03;D05,,,D01;D02;D03;D04;D05;D06;D07,D01;D02;D03;D04;D05;D06;D07,,LARGE_MARGIN_BOUNDARY,NOT_CALCULATED,False
2021-04-09_BOS_MIN,2021-04-09,BOS,MIN,9,BOS_FOURNIER_PATH,MIN_RIVAL,DIRECT_ROSTER_CONTACT,,,,,D01;D03;D04;D05;D06,,REMAINING_SEASON_POLICY,NOT_CALCULATED,False
2021-04-09_NOP_PHI,2021-04-09,NOP,PHI,7,NOP_HAYES,INCUMBENT_CONDITIONAL,DIRECT_ROSTER_CONTACT,,,,,D01;D02;D07,,REMAINING_SEASON_POLICY,NOT_CALCULATED,False
2021-04-09_DEN_SAS,2021-04-09,DEN,SAS,2,DEN_GORDON_A,INCUMBENT_CONDITIONAL,DIRECT_ROSTER_CONTACT,,,,D01;D02;D03;D04;D05;D06;D07,D01;D02;D03;D04;D05;D06;D07,,CLOSE80_PAIRED_INPUT,NOT_CALCULATED,False
2021-04-09_MIL_CHA,2021-04-09,MIL,CHA,8,INCUMBENT_CONDITIONAL,CHA_EDWARDS_TERRY,DIRECT_ROSTER_CONTACT,,D03;D04;D05;D06,,D03;D04;D05;D06,D01;D02;D03;D04;D05;D06;D07,,LARGE_MARGIN_BOUNDARY,NOT_CALCULATED,False
2021-04-09_LAC_HOU,2021-04-09,LAC,HOU,17,INCUMBENT_CONDITIONAL,INCUMBENT_CONDITIONAL,NO_DIRECT_DELTA_IDENTIFIED,,,,,D01;D02;D03;D04;D05;D06;D07,,REMAINING_SEASON_POLICY,NOT_CALCULATED,False
2021-04-10_CLE_TOR,2021-04-10,CLE,TOR,20,INCUMBENT_CONDITIONAL,TOR_POWELL,DIRECT_ROSTER_CONTACT,,,,,D01;D02;D03;D04;D05;D06;D07,,REMAINING_SEASON_POLICY,NOT_CALCULATED,False
2021-04-10_BKN_LAL,2021-04-10,BKN,LAL,25,INCUMBENT_CONDITIONAL,LAL_AD_CORE,TRANSACTION_DEPENDENCY,D02;D07,,,D01;D02;D07,D01;D02;D03;D04;D05;D06;D07,,LARGE_MARGIN_BOUNDARY,NOT_CALCULATED,False
2021-04-10_OKC_PHI,2021-04-10,OKC,PHI,24,INCUMBENT_CONDITIONAL,INCUMBENT_CONDITIONAL,NO_DIRECT_DELTA_IDENTIFIED,,,,D01;D02;D03;D04;D05;D06;D07,D01;D02;D03;D04;D05;D06;D07,,REMAINING_SEASON_POLICY,NOT_CALCULATED,False
2021-04-10_UTA_SAC,2021-04-10,UTA,SAC,16,INCUMBENT_CONDITIONAL,INCUMBENT_CONDITIONAL,NO_DIRECT_DELTA_IDENTIFIED,,,,D01;D02;D03;D04;D05;D06;D07,D01;D02;D03;D04;D05;D06;D07,,REMAINING_SEASON_POLICY,NOT_CALCULATED,False
2021-04-10_PHX_WAS,2021-04-10,PHX,WAS,28,INCUMBENT_CONDITIONAL,WAS_TRENT_BROWN,DIRECT_ROSTER_CONTACT,,D03;D04;D05;D06,D01;D05;D06,D01;D02;D03;D04;D05;D06;D07,D01;D02;D03;D04;D05;D06;D07,,LARGE_MARGIN_BOUNDARY,NOT_CALCULATED,False
2021-04-10_POR_DET,2021-04-10,POR,DET,15,POR_NO_POWELL_HOOD,DET_PATRICK_KIRA,DIRECT_ROSTER_CONTACT,D01;D03;D05,,,D01;D03;D05,D01;D02;D03;D04;D05;D06;D07,,LARGE_MARGIN_BOUNDARY,NOT_CALCULATED,False
2021-04-10_GSW_HOU,2021-04-10,GSW,HOU,16,GSW_WIGGINS_HUTCHISON_INACTIVE,INCUMBENT_CONDITIONAL,TRANSACTION_DEPENDENCY,,,,D01;D04;D05,D01;D02;D04;D05;D06;D07,,REMAINING_SEASON_POLICY,NOT_CALCULATED,False
2021-04-11_CHA_ATL,2021-04-11,CHA,ATL,4,CHA_EDWARDS_TERRY,INCUMBENT_CONDITIONAL,DIRECT_ROSTER_CONTACT,,D01;D07,D05;D06;D07,D01;D03;D05;D06;D07,D01;D02;D03;D04;D05;D06;D07,,LARGE_MARGIN_BOUNDARY,NOT_CALCULATED,False
2021-04-11_DEN_BOS,2021-04-11,DEN,BOS,18,DEN_GORDON_A,BOS_FOURNIER_PATH,DIRECT_ROSTER_CONTACT,,,,,D01;D02;D03;D04;D05;D06;D07,,REMAINING_SEASON_POLICY,NOT_CALCULATED,False
2021-04-11_CLE_NOP,2021-04-11,CLE,NOP,7,INCUMBENT_CONDITIONAL,NOP_HAYES,DIRECT_ROSTER_CONTACT,,,,,D01;D02;D03;D04;D05;D06;D07,,REMAINING_SEASON_POLICY,NOT_CALCULATED,False
2021-04-11_ORL_MIL,2021-04-11,ORL,MIL,37,ORL_VUCEVIC_GORDON_A,INCUMBENT_CONDITIONAL,DIRECT_ROSTER_CONTACT,,,,D01;D02;D03;D04;D05;D06;D07,D01;D02;D03;D04;D05;D06;D07,,REMAINING_SEASON_POLICY,NOT_CALCULATED,False
2021-04-11_DAL_SAS,2021-04-11,DAL,SAS,2,DAL_HAMPTON,INCUMBENT_CONDITIONAL,DIRECT_ROSTER_CONTACT,D01;D03;D05,,,D01;D03;D05,D01;D02;D03;D04;D05;D06;D07,,CLOSE80_PAIRED_INPUT,NOT_CALCULATED,False
2021-04-11_NYK_TOR,2021-04-11,NYK,TOR,6,INCUMBENT_CONDITIONAL,TOR_POWELL,DIRECT_ROSTER_CONTACT,,,,D01;D02;D03;D04;D05;D06;D07,D01;D02;D03;D04;D05;D06;D07,,REMAINING_SEASON_POLICY,NOT_CALCULATED,False
2021-04-11_MEM_IND,2021-04-11,MEM,IND,7,INCUMBENT_CONDITIONAL,INCUMBENT_CONDITIONAL,NO_DIRECT_DELTA_IDENTIFIED,D01;D03;D05,,,D01;D02;D03;D04;D05;D07,D01;D02;D03;D04;D05;D06;D07,,LARGE_MARGIN_BOUNDARY,NOT_CALCULATED,False
2021-04-11_POR_MIA,2021-04-11,POR,MIA,9,POR_NO_POWELL_HOOD,INCUMBENT_CONDITIONAL,DIRECT_ROSTER_CONTACT,D02;D07,,,D02;D07,D01;D02;D03;D04;D05;D06;D07,,LARGE_MARGIN_BOUNDARY,NOT_CALCULATED,False
2021-04-11_LAC_DET,2021-04-11,LAC,DET,7,INCUMBENT_CONDITIONAL,DET_PATRICK_KIRA,DIRECT_ROSTER_CONTACT,,,,,D01;D02;D03;D04;D05;D06;D07,,REMAINING_SEASON_POLICY,NOT_CALCULATED,False
2021-04-12_DAL_PHI,2021-04-12,DAL,PHI,18,DAL_HAMPTON,INCUMBENT_CONDITIONAL,DIRECT_ROSTER_CONTACT,D01;D03;D05,,,D01;D02;D03;D05,D01;D02;D03;D04;D05;D06;D07,,LARGE_MARGIN_BOUNDARY,NOT_CALCULATED,False
2021-04-12_NYK_LAL,2021-04-12,NYK,LAL,15,INCUMBENT_CONDITIONAL,LAL_AD_CORE,TRANSACTION_DEPENDENCY,,,,D01;D02;D03;D04;D05;D06;D07,D01;D02;D03;D04;D05;D06;D07,,REMAINING_SEASON_POLICY,NOT_CALCULATED,False
2021-04-12_ORL_SAS,2021-04-12,ORL,SAS,23,ORL_VUCEVIC_GORDON_A,INCUMBENT_CONDITIONAL,DIRECT_ROSTER_CONTACT,,,,D01;D02;D03;D04;D05;D06;D07,D01;D02;D03;D04;D05;D06;D07,,REMAINING_SEASON_POLICY,NOT_CALCULATED,False
2021-04-12_UTA_WAS,2021-04-12,UTA,WAS,4,INCUMBENT_CONDITIONAL,WAS_TRENT_BROWN,DIRECT_ROSTER_CONTACT,,D01,,D01,D01;D02;D03;D04;D05;D06;D07,,LARGE_MARGIN_BOUNDARY,NOT_CALCULATED,False
2021-04-12_NOP_SAC,2021-04-12,NOP,SAC,7,NOP_HAYES,INCUMBENT_CONDITIONAL,DIRECT_ROSTER_CONTACT,,,,,D01;D02;D03;D04;D05;D06;D07,,REMAINING_SEASON_POLICY,NOT_CALCULATED,False
2021-04-12_GSW_DEN,2021-04-12,GSW,DEN,9,GSW_WIGGINS_HUTCHISON_INACTIVE,DEN_GORDON_A,DIRECT_ROSTER_CONTACT,,,,D01;D04;D05,D01;D02;D03;D04;D05;D06;D07,,REMAINING_SEASON_POLICY,NOT_CALCULATED,False
2021-04-12_PHX_HOU,2021-04-12,PHX,HOU,6,INCUMBENT_CONDITIONAL,INCUMBENT_CONDITIONAL,NO_DIRECT_DELTA_IDENTIFIED,,,,,,,REMAINING_SEASON_POLICY,NOT_CALCULATED,False
2021-04-13_MIN_BKN,2021-04-13,MIN,BKN,30,MIN_RIVAL,INCUMBENT_CONDITIONAL,DIRECT_ROSTER_CONTACT,,,,,D01;D02;D03;D04;D05;D06;D07,,REMAINING_SEASON_POLICY,NOT_CALCULATED,False
2021-04-13_TOR_ATL,2021-04-13,TOR,ATL,5,TOR_POWELL,INCUMBENT_CONDITIONAL,DIRECT_ROSTER_CONTACT,,,,D01;D03;D05,D01;D02;D03;D04;D05;D06;D07,,REMAINING_SEASON_POLICY,NOT_CALCULATED,False
2021-04-13_IND_LAC,2021-04-13,IND,LAC,11,INCUMBENT_CONDITIONAL,INCUMBENT_CONDITIONAL,NO_DIRECT_DELTA_IDENTIFIED,,,,,D01;D02;D03;D04;D05;D06;D07,,REMAINING_SEASON_POLICY,NOT_CALCULATED,False
2021-04-13_CHA_LAL,2021-04-13,CHA,LAL,8,CHA_EDWARDS_TERRY,LAL_AD_CORE,DIRECT_ROSTER_CONTACT,D02;D07,D01;D07,D05;D06;D07,D01;D02;D05;D06;D07,D01;D02;D03;D04;D05;D06;D07,,LARGE_MARGIN_BOUNDARY,NOT_CALCULATED,False
2021-04-13_UTA_OKC,2021-04-13,UTA,OKC,10,INCUMBENT_CONDITIONAL,INCUMBENT_CONDITIONAL,NO_DIRECT_DELTA_IDENTIFIED,,,,D01;D02;D03;D04;D05;D06;D07,D01;D02;D03;D04;D05;D06;D07,,REMAINING_SEASON_POLICY,NOT_CALCULATED,False
2021-04-13_PHX_MIA,2021-04-13,PHX,MIA,20,INCUMBENT_CONDITIONAL,INCUMBENT_CONDITIONAL,NO_DIRECT_DELTA_IDENTIFIED,,,,D01;D02;D03;D04;D05;D06;D07,D01;D02;D03;D04;D05;D06;D07,,REMAINING_SEASON_POLICY,NOT_CALCULATED,False
2021-04-14_MIN_MIL,2021-04-14,MIN,MIL,25,MIN_RIVAL,INCUMBENT_CONDITIONAL,DIRECT_ROSTER_CONTACT,,,,,,,REMAINING_SEASON_POLICY,NOT_CALCULATED,False
2021-04-14_CHA_CLE,2021-04-14,CHA,CLE,13,CHA_EDWARDS_TERRY,INCUMBENT_CONDITIONAL,DIRECT_ROSTER_CONTACT,,D01;D07,D05;D06;D07,D01;D02;D03;D04;D05;D06;D07,D01;D02;D03;D04;D05;D06;D07,,LARGE_MARGIN_BOUNDARY,NOT_CALCULATED,False
2021-04-14_PHI_BKN,2021-04-14,PHI,BKN,6,INCUMBENT_CONDITIONAL,INCUMBENT_CONDITIONAL,NO_DIRECT_DELTA_IDENTIFIED,,,,D01;D02;D03;D04;D05;D06;D07,D01;D02;D03;D04;D05;D06;D07,,REMAINING_SEASON_POLICY,NOT_CALCULATED,False
2021-04-14_TOR_SAS,2021-04-14,TOR,SAS,5,TOR_POWELL,INCUMBENT_CONDITIONAL,DIRECT_ROSTER_CONTACT,,,,,D01;D02;D03;D04;D05;D06;D07,,REMAINING_SEASON_POLICY,NOT_CALCULATED,False
2021-04-14_DET_LAC,2021-04-14,DET,LAC,2,DET_PATRICK_KIRA,INCUMBENT_CONDITIONAL,DIRECT_ROSTER_CONTACT,,,,,D01;D02;D03;D04;D05;D06;D07,,CLOSE80_PAIRED_INPUT,NOT_CALCULATED,False
2021-04-14_NOP_NYK,2021-04-14,NOP,NYK,10,NOP_HAYES,INCUMBENT_CONDITIONAL,DIRECT_ROSTER_CONTACT,,,,D01;D02;D03;D04;D05;D06;D07,D01;D02;D03;D04;D05;D06;D07,,REMAINING_SEASON_POLICY,NOT_CALCULATED,False
2021-04-14_OKC_GSW,2021-04-14,OKC,GSW,38,INCUMBENT_CONDITIONAL,GSW_WIGGINS_HUTCHISON_INACTIVE,TRANSACTION_DEPENDENCY,,,,D01;D02;D03;D04;D05;D06;D07,D01;D02;D03;D04;D05;D06;D07,,REMAINING_SEASON_POLICY,NOT_CALCULATED,False
2021-04-14_HOU_IND,2021-04-14,HOU,IND,8,INCUMBENT_CONDITIONAL,INCUMBENT_CONDITIONAL,NO_DIRECT_DELTA_IDENTIFIED,,,,D02;D07,D01;D02;D03;D04;D05;D06;D07,,REMAINING_SEASON_POLICY,NOT_CALCULATED,False
2021-04-14_DEN_MIA,2021-04-14,DEN,MIA,17,DEN_GORDON_A,INCUMBENT_CONDITIONAL,DIRECT_ROSTER_CONTACT,,,,D01;D02;D03;D04;D05;D06;D07,D01;D02;D03;D04;D05;D06;D07,,REMAINING_SEASON_POLICY,NOT_CALCULATED,False
2021-04-14_SAC_WAS,2021-04-14,SAC,WAS,12,INCUMBENT_CONDITIONAL,WAS_TRENT_BROWN,DIRECT_ROSTER_CONTACT,,D01,,D01,D01;D02;D03;D04;D05;D06;D07,,LARGE_MARGIN_BOUNDARY,NOT_CALCULATED,False
2021-04-15_ATL_MIL,2021-04-15,ATL,MIL,11,INCUMBENT_CONDITIONAL,INCUMBENT_CONDITIONAL,NO_DIRECT_DELTA_IDENTIFIED,,,,D02;D04;D06;D07,D01;D02;D03;D04;D05;D06;D07,,REMAINING_SEASON_POLICY,NOT_CALCULATED,False
2021-04-15_CLE_GSW,2021-04-15,CLE,GSW,18,INCUMBENT_CONDITIONAL,GSW_WIGGINS_HUTCHISON_INACTIVE,TRANSACTION_DEPENDENCY,,,,D01;D04;D05,D01;D02;D03;D04;D05;D06;D07,,REMAINING_SEASON_POLICY,NOT_CALCULATED,False
2021-04-15_LAL_BOS,2021-04-15,LAL,BOS,8,LAL_AD_CORE,BOS_FOURNIER_PATH,TRANSACTION_DEPENDENCY,,,,D02;D04;D06;D07,D01;D02;D03;D04;D05;D06;D07,,REMAINING_SEASON_POLICY,NOT_CALCULATED,False
2021-04-15_PHX_SAC,2021-04-15,PHX,SAC,8,INCUMBENT_CONDITIONAL,INCUMBENT_CONDITIONAL,NO_DIRECT_DELTA_IDENTIFIED,,,,,D01;D02;D03;D04;D05;D06;D07,,REMAINING_SEASON_POLICY,NOT_CALCULATED,False
2021-04-16_UTA_IND,2021-04-16,UTA,IND,8,INCUMBENT_CONDITIONAL,INCUMBENT_CONDITIONAL,NO_DIRECT_DELTA_IDENTIFIED,,,,D01;D02;D03;D04;D05;D06;D07,D01;D02;D03;D04;D05;D06;D07,,REMAINING_SEASON_POLICY,NOT_CALCULATED,False
2021-04-16_DET_OKC,2021-04-16,DET,OKC,6,DET_PATRICK_KIRA,INCUMBENT_CONDITIONAL,DIRECT_ROSTER_CONTACT,,,,D01;D02;D03;D04;D05;D06;D07,D01;D02;D03;D04;D05;D06;D07,,REMAINING_SEASON_POLICY,NOT_CALCULATED,False
2021-04-16_PHI_LAC,2021-04-16,PHI,LAC,3,INCUMBENT_CONDITIONAL,INCUMBENT_CONDITIONAL,NO_DIRECT_DELTA_IDENTIFIED,,,,D01;D02;D03;D04;D05;D06;D07,D01;D02;D03;D04;D05;D06;D07,,CLOSE80_PAIRED_INPUT,NOT_CALCULATED,False
2021-04-16_BKN_CHA,2021-04-16,BKN,CHA,15,INCUMBENT_CONDITIONAL,CHA_EDWARDS_TERRY,DIRECT_ROSTER_CONTACT,,D01;D07,D05;D06;D07,D01;D05;D06;D07,D01;D02;D03;D04;D05;D06;D07,,LARGE_MARGIN_BOUNDARY,NOT_CALCULATED,False
2021-04-16_TOR_ORL,2021-04-16,TOR,ORL,11,TOR_POWELL,ORL_VUCEVIC_GORDON_A,DIRECT_ROSTER_CONTACT,,,,D01;D02;D03;D04;D05;D06;D07,D01;D02;D03;D04;D05;D06;D07,,REMAINING_SEASON_POLICY,NOT_CALCULATED,False
2021-04-16_MIN_MIA,2021-04-16,MIN,MIA,8,MIN_RIVAL,INCUMBENT_CONDITIONAL,DIRECT_ROSTER_CONTACT,,,,D01;D02;D03;D04;D05;D06;D07,D01;D02;D03;D04;D05;D06;D07,,REMAINING_SEASON_POLICY,NOT_CALCULATED,False
2021-04-16_HOU_DEN,2021-04-16,HOU,DEN,29,INCUMBENT_CONDITIONAL,DEN_GORDON_A,DIRECT_ROSTER_CONTACT,,,,D01;D02;D03;D04;D05;D06;D07,D01;D02;D03;D04;D05;D06;D07,,REMAINING_SEASON_POLICY,NOT_CALCULATED,False
2021-04-16_DAL_NYK,2021-04-16,DAL,NYK,8,DAL_HAMPTON,INCUMBENT_CONDITIONAL,DIRECT_ROSTER_CONTACT,D01;D03;D05,,,D01;D02;D03;D04;D05;D06;D07,D01;D02;D03;D04;D05;D06;D07,,LARGE_MARGIN_BOUNDARY,NOT_CALCULATED,False
2021-04-17_LAL_UTA,2021-04-17,LAL,UTA,12,LAL_AD_CORE,INCUMBENT_CONDITIONAL,TRANSACTION_DEPENDENCY,D02;D07,,,D02;D07,D01;D02;D03;D04;D05;D06;D07,,LARGE_MARGIN_BOUNDARY,NOT_CALCULATED,False
2021-04-17_WAS_DET,2021-04-17,WAS,DET,21,WAS_TRENT_BROWN,DET_PATRICK_KIRA,DIRECT_ROSTER_CONTACT,,D01,,D01,D01;D02;D03;D04;D05;D06;D07,,LARGE_MARGIN_BOUNDARY,NOT_CALCULATED,False
2021-04-17_BOS_GSW,2021-04-17,BOS,GSW,5,BOS_FOURNIER_PATH,GSW_WIGGINS_HUTCHISON_INACTIVE,TRANSACTION_DEPENDENCY,D01;D05,,,D01;D03;D05,D01;D02;D03;D04;D05;D06;D07,,LARGE_MARGIN_BOUNDARY,NOT_CALCULATED,False
2021-04-17_MIL_MEM,2021-04-17,MIL,MEM,13,INCUMBENT_CONDITIONAL,INCUMBENT_CONDITIONAL,NO_DIRECT_DELTA_IDENTIFIED,,,,D03,D01;D02;D03;D04;D05;D06;D07,,REMAINING_SEASON_POLICY,NOT_CALCULATED,False
2021-04-17_PHX_SAS,2021-04-17,PHX,SAS,26,INCUMBENT_CONDITIONAL,INCUMBENT_CONDITIONAL,NO_DIRECT_DELTA_IDENTIFIED,,,,D01;D02;D03;D04;D05;D06;D07,D01;D02;D03;D04;D05;D06;D07,,REMAINING_SEASON_POLICY,NOT_CALCULATED,False
2021-04-18_NYK_NOP,2021-04-18,NYK,NOP,10,INCUMBENT_CONDITIONAL,NOP_HAYES,DIRECT_ROSTER_CONTACT,,,,D01;D02;D03;D04;D05;D06;D07,D01;D02;D03;D04;D05;D06;D07,,REMAINING_SEASON_POLICY,NOT_CALCULATED,False
2021-04-18_ATL_IND,2021-04-18,ATL,IND,12,INCUMBENT_CONDITIONAL,INCUMBENT_CONDITIONAL,NO_DIRECT_DELTA_IDENTIFIED,,,,D01;D03;D05,D01;D02;D03;D04;D05;D06;D07,,REMAINING_SEASON_POLICY,NOT_CALCULATED,False
2021-04-18_MIA_BKN,2021-04-18,MIA,BKN,2,INCUMBENT_CONDITIONAL,INCUMBENT_CONDITIONAL,NO_DIRECT_DELTA_IDENTIFIED,,,,D01;D02,D01;D02;D03;D04;D05;D06;D07,,CLOSE80_PAIRED_INPUT,NOT_CALCULATED,False
2021-04-18_ORL_HOU,2021-04-18,ORL,HOU,4,ORL_VUCEVIC_GORDON_A,INCUMBENT_CONDITIONAL,DIRECT_ROSTER_CONTACT,,,,D01;D02;D03;D04;D05;D06;D07,D01;D02;D03;D04;D05;D06;D07,,REMAINING_SEASON_POLICY,NOT_CALCULATED,False
2021-04-18_CHA_POR,2021-04-18,CHA,POR,8,CHA_EDWARDS_TERRY,POR_NO_POWELL_HOOD,DIRECT_ROSTER_CONTACT,D02;D07,D03;D04;D05;D06,,D02;D03;D04;D05;D06;D07,D01;D02;D03;D04;D05;D06;D07,,LARGE_MARGIN_BOUNDARY,NOT_CALCULATED,False
2021-04-18_TOR_OKC,2021-04-18,TOR,OKC,6,TOR_POWELL,INCUMBENT_CONDITIONAL,DIRECT_ROSTER_CONTACT,,,,D01;D02;D03;D04;D05;D06;D07,D01;D02;D03;D04;D05;D06;D07,,REMAINING_SEASON_POLICY,NOT_CALCULATED,False
2021-04-18_DAL_SAC,2021-04-18,DAL,SAC,14,DAL_HAMPTON,INCUMBENT_CONDITIONAL,DIRECT_ROSTER_CONTACT,D01;D03;D05,,,D01;D02;D03;D04;D05;D06;D07,D01;D02;D03;D04;D05;D06;D07,,LARGE_MARGIN_BOUNDARY,NOT_CALCULATED,False
2021-04-18_LAC_MIN,2021-04-18,LAC,MIN,19,INCUMBENT_CONDITIONAL,MIN_RIVAL,DIRECT_ROSTER_CONTACT,,,,,D01;D02;D03;D04;D05;D06;D07,,REMAINING_SEASON_POLICY,NOT_CALCULATED,False
2021-04-19_DET_CLE,2021-04-19,DET,CLE,4,DET_PATRICK_KIRA,INCUMBENT_CONDITIONAL,DIRECT_ROSTER_CONTACT,,,,,D01;D02;D03;D04;D05;D06;D07,,REMAINING_SEASON_POLICY,NOT_CALCULATED,False
2021-04-19_PHI_GSW,2021-04-19,PHI,GSW,11,INCUMBENT_CONDITIONAL,GSW_WIGGINS_HUTCHISON_INACTIVE,TRANSACTION_DEPENDENCY,,,,D01;D04;D05,D01;D02;D04;D05;D06;D07,,REMAINING_SEASON_POLICY,NOT_CALCULATED,False
2021-04-19_IND_SAS,2021-04-19,IND,SAS,15,INCUMBENT_CONDITIONAL,INCUMBENT_CONDITIONAL,NO_DIRECT_DELTA_IDENTIFIED,,,,,D01;D02;D03;D04;D05;D06;D07,,REMAINING_SEASON_POLICY,NOT_CALCULATED,False
2021-04-19_WAS_OKC,2021-04-19,WAS,OKC,12,WAS_TRENT_BROWN,INCUMBENT_CONDITIONAL,DIRECT_ROSTER_CONTACT,,D01,,D01;D02;D03;D04;D05;D06;D07,D01;D02;D03;D04;D05;D06;D07,,LARGE_MARGIN_BOUNDARY,NOT_CALCULATED,False
2021-04-19_MIL_PHX,2021-04-19,MIL,PHX,1,INCUMBENT_CONDITIONAL,INCUMBENT_CONDITIONAL,NO_DIRECT_DELTA_IDENTIFIED,,,,,D01;D02;D03;D04;D05;D06;D07,,CLOSE80_PAIRED_INPUT,NOT_CALCULATED,False
2021-04-19_MIA_HOU,2021-04-19,MIA,HOU,22,INCUMBENT_CONDITIONAL,INCUMBENT_CONDITIONAL,NO_DIRECT_DELTA_IDENTIFIED,,,,,D01;D02;D03;D04;D05;D06;D07,,REMAINING_SEASON_POLICY,NOT_CALCULATED,False
2021-04-19_DEN_MEM,2021-04-19,DEN,MEM,2,DEN_GORDON_A,INCUMBENT_CONDITIONAL,DIRECT_ROSTER_CONTACT,D01;D03;D05,,,D01;D02;D03;D04;D05;D06;D07,D01;D02;D03;D04;D05;D06;D07,,CLOSE80_PAIRED_INPUT,NOT_CALCULATED,False
2021-04-19_LAL_UTA,2021-04-19,LAL,UTA,14,LAL_AD_CORE,INCUMBENT_CONDITIONAL,TRANSACTION_DEPENDENCY,,,,D01;D02;D03;D04;D05;D06;D07,D01;D02;D03;D04;D05;D06;D07,,REMAINING_SEASON_POLICY,NOT_CALCULATED,False
2021-04-20_NYK_CHA,2021-04-20,NYK,CHA,12,INCUMBENT_CONDITIONAL,CHA_EDWARDS_TERRY,DIRECT_ROSTER_CONTACT,,D01;D07,D05;D06;D07,D01;D02;D03;D04;D05;D06;D07,D01;D02;D03;D04;D05;D06;D07,,LARGE_MARGIN_BOUNDARY,NOT_CALCULATED,False
2021-04-20_NOP_BKN,2021-04-20,NOP,BKN,5,NOP_HAYES,INCUMBENT_CONDITIONAL,DIRECT_ROSTER_CONTACT,,,,D01;D02;D03;D04;D05;D06;D07,D01;D02;D03;D04;D05;D06;D07,,REMAINING_SEASON_POLICY,NOT_CALCULATED,False
2021-04-20_ATL_ORL,2021-04-20,ATL,ORL,16,INCUMBENT_CONDITIONAL,ORL_VUCEVIC_GORDON_A,DIRECT_ROSTER_CONTACT,,,,D01;D02;D03;D04;D05;D06;D07,D01;D02;D03;D04;D05;D06;D07,,REMAINING_SEASON_POLICY,NOT_CALCULATED,False
2021-04-20_SAC_MIN,2021-04-20,SAC,MIN,14,INCUMBENT_CONDITIONAL,MIN_RIVAL,DIRECT_ROSTER_CONTACT,,,,D01;D02;D03;D04;D05;D06;D07,D01;D02;D03;D04;D05;D06;D07,,REMAINING_SEASON_POLICY,NOT_CALCULATED,False
2021-04-21_WAS_GSW,2021-04-21,WAS,GSW,4,WAS_TRENT_BROWN,GSW_WIGGINS_HUTCHISON_INACTIVE,DIRECT_ROSTER_CONTACT,D01;D05,D01,,D01;D03;D05,D01;D02;D03;D04;D05;D06;D07,,LARGE_MARGIN_BOUNDARY,NOT_CALCULATED,False
2021-04-21_TOR_BKN,2021-04-21,TOR,BKN,11,TOR_POWELL,INCUMBENT_CONDITIONAL,DIRECT_ROSTER_CONTACT,,,,D01;D02,D01;D02;D03;D04;D05;D06;D07,,REMAINING_SEASON_POLICY,NOT_CALCULATED,False
2021-04-21_PHI_PHX,2021-04-21,PHI,PHX,3,INCUMBENT_CONDITIONAL,INCUMBENT_CONDITIONAL,NO_DIRECT_DELTA_IDENTIFIED,,,,,D01;D02;D03;D04;D05;D06;D07,,CLOSE80_PAIRED_INPUT,NOT_CALCULATED,False
2021-04-21_IND_OKC,2021-04-21,IND,OKC,6,INCUMBENT_CONDITIONAL,INCUMBENT_CONDITIONAL,NO_DIRECT_DELTA_IDENTIFIED,,,,D01;D02;D03;D04;D05;D06;D07,D01;D02;D03;D04;D05;D06;D07,,REMAINING_SEASON_POLICY,NOT_CALCULATED,False
2021-04-21_NYK_ATL,2021-04-21,NYK,ATL,10,INCUMBENT_CONDITIONAL,INCUMBENT_CONDITIONAL,NO_DIRECT_DELTA_IDENTIFIED,,,,D01;D02;D03;D04;D05;D06;D07,D01;D02;D03;D04;D05;D06;D07,,REMAINING_SEASON_POLICY,NOT_CALCULATED,False
2021-04-21_HOU_UTA,2021-04-21,HOU,UTA,23,INCUMBENT_CONDITIONAL,INCUMBENT_CONDITIONAL,NO_DIRECT_DELTA_IDENTIFIED,,,,D01;D02;D03;D04;D05;D06;D07,D01;D02;D03;D04;D05;D06;D07,,REMAINING_SEASON_POLICY,NOT_CALCULATED,False
2021-04-21_DAL_DET,2021-04-21,DAL,DET,10,DAL_HAMPTON,DET_PATRICK_KIRA,DIRECT_ROSTER_CONTACT,D02;D07,,,D01;D02;D03;D04;D05;D06;D07,D01;D02;D03;D04;D05;D06;D07,,LARGE_MARGIN_BOUNDARY,NOT_CALCULATED,False
2021-04-21_SAS_MIA,2021-04-21,SAS,MIA,20,INCUMBENT_CONDITIONAL,INCUMBENT_CONDITIONAL,NO_DIRECT_DELTA_IDENTIFIED,,,,,D01;D02;D03;D04;D05;D06;D07,,REMAINING_SEASON_POLICY,NOT_CALCULATED,False
2021-04-21_LAC_MEM,2021-04-21,LAC,MEM,12,INCUMBENT_CONDITIONAL,INCUMBENT_CONDITIONAL,NO_DIRECT_DELTA_IDENTIFIED,D01;D03;D05,,,D01;D03;D04;D05,D01;D02;D03;D04;D05;D06;D07,,LARGE_MARGIN_BOUNDARY,NOT_CALCULATED,False
2021-04-21_SAC_MIN,2021-04-21,SAC,MIN,3,INCUMBENT_CONDITIONAL,MIN_RIVAL,DIRECT_ROSTER_CONTACT,,,,D01;D02;D03;D04;D05;D06;D07,D01;D02;D03;D04;D05;D06;D07,,CLOSE80_PAIRED_INPUT,NOT_CALCULATED,False
2021-04-22_BOS_PHX,2021-04-22,BOS,PHX,13,BOS_FOURNIER_PATH,INCUMBENT_CONDITIONAL,TRANSACTION_DEPENDENCY,,,,D01;D02;D03;D04;D05;D06;D07,D01;D02;D03;D04;D05;D06;D07,,REMAINING_SEASON_POLICY,NOT_CALCULATED,False
2021-04-22_ORL_NOP,2021-04-22,ORL,NOP,35,ORL_VUCEVIC_GORDON_A,NOP_HAYES,DIRECT_ROSTER_CONTACT,,,,D01;D02;D03;D04;D05;D06;D07,D01;D02;D03;D04;D05;D06;D07,,REMAINING_SEASON_POLICY,NOT_CALCULATED,False
2021-04-22_MIL_PHI,2021-04-22,MIL,PHI,7,INCUMBENT_CONDITIONAL,INCUMBENT_CONDITIONAL,NO_DIRECT_DELTA_IDENTIFIED,,,,,D01;D02,,REMAINING_SEASON_POLICY,NOT_CALCULATED,False
2021-04-22_SAS_DET,2021-04-22,SAS,DET,15,INCUMBENT_CONDITIONAL,DET_PATRICK_KIRA,DIRECT_ROSTER_CONTACT,,,,,D01;D02;D03;D04;D05;D06;D07,,REMAINING_SEASON_POLICY,NOT_CALCULATED,False
2021-04-22_DAL_LAL,2021-04-22,DAL,LAL,5,DAL_HAMPTON,LAL_AD_CORE,DIRECT_ROSTER_CONTACT,D02;D07,,,D01;D02;D03;D04;D05;D06;D07,D01;D02;D03;D04;D05;D06;D07,,LARGE_MARGIN_BOUNDARY,NOT_CALCULATED,False
2021-04-23_BKN_BOS,2021-04-23,BKN,BOS,5,INCUMBENT_CONDITIONAL,BOS_FOURNIER_PATH,TRANSACTION_DEPENDENCY,,,,,D01;D02;D03;D04;D05;D06;D07,,REMAINING_SEASON_POLICY,NOT_CALCULATED,False
2021-04-23_ATL_MIA,2021-04-23,ATL,MIA,15,INCUMBENT_CONDITIONAL,INCUMBENT_CONDITIONAL,NO_DIRECT_DELTA_IDENTIFIED,,,,D01;D02;D03;D04;D05;D06;D07,D01;D02;D03;D04;D05;D06;D07,,REMAINING_SEASON_POLICY,NOT_CALCULATED,False
2021-04-23_HOU_LAC,2021-04-23,HOU,LAC,5,INCUMBENT_CONDITIONAL,INCUMBENT_CONDITIONAL,NO_DIRECT_DELTA_IDENTIFIED,,,,,D01;D02;D03;D04;D05;D06;D07,,REMAINING_SEASON_POLICY,NOT_CALCULATED,False
2021-04-23_CHA_CLE,2021-04-23,CHA,CLE,6,CHA_EDWARDS_TERRY,INCUMBENT_CONDITIONAL,DIRECT_ROSTER_CONTACT,,D03;D04;D05;D06,,D03;D04;D05;D06,D01;D02;D03;D04;D05;D06;D07,,LARGE_MARGIN_BOUNDARY,NOT_CALCULATED,False
2021-04-23_OKC_WAS,2021-04-23,OKC,WAS,20,INCUMBENT_CONDITIONAL,WAS_TRENT_BROWN,DIRECT_ROSTER_CONTACT,,D01,,D01;D02;D03;D04;D05;D06;D07,D01;D02;D03;D04;D05;D06;D07,,LARGE_MARGIN_BOUNDARY,NOT_CALCULATED,False
2021-04-23_GSW_DEN,2021-04-23,GSW,DEN,21,GSW_WIGGINS_HUTCHISON_INACTIVE,DEN_GORDON_A,DIRECT_ROSTER_CONTACT,,,,D01;D04;D05,D01;D02;D03;D04;D05;D06;D07,,REMAINING_SEASON_POLICY,NOT_CALCULATED,False
2021-04-24_NYK_TOR,2021-04-24,NYK,TOR,17,INCUMBENT_CONDITIONAL,TOR_POWELL,DIRECT_ROSTER_CONTACT,,,,D01;D02;D03;D04;D05;D06;D07,D01;D02;D03;D04;D05;D06;D07,,REMAINING_SEASON_POLICY,NOT_CALCULATED,False
2021-04-24_MIL_PHI,2021-04-24,MIL,PHI,38,INCUMBENT_CONDITIONAL,INCUMBENT_CONDITIONAL,NO_DIRECT_DELTA_IDENTIFIED,,,,,D01;D02,,REMAINING_SEASON_POLICY,NOT_CALCULATED,False
2021-04-24_IND_DET,2021-04-24,IND,DET,6,INCUMBENT_CONDITIONAL,DET_PATRICK_KIRA,DIRECT_ROSTER_CONTACT,,,,D02;D07,D01;D02;D03;D04;D05;D06;D07,,REMAINING_SEASON_POLICY,NOT_CALCULATED,False
2021-04-24_DAL_LAL,2021-04-24,DAL,LAL,15,DAL_HAMPTON,LAL_AD_CORE,DIRECT_ROSTER_CONTACT,D02;D07,,,D01;D02;D03;D04;D05;D06;D07,D01;D02;D03;D04;D05;D06;D07,,LARGE_MARGIN_BOUNDARY,NOT_CALCULATED,False
2021-04-24_UTA_MIN,2021-04-24,UTA,MIN,5,INCUMBENT_CONDITIONAL,MIN_RIVAL,DIRECT_ROSTER_CONTACT,,,,D01;D02;D03;D04;D05;D06;D07,D01;D02;D03;D04;D05;D06;D07,,REMAINING_SEASON_POLICY,NOT_CALCULATED,False
2021-04-24_DEN_HOU,2021-04-24,DEN,HOU,13,DEN_GORDON_A,INCUMBENT_CONDITIONAL,DIRECT_ROSTER_CONTACT,,,,D01;D02;D03;D04;D05;D06;D07,D01;D02;D03;D04;D05;D06;D07,,REMAINING_SEASON_POLICY,NOT_CALCULATED,False
2021-04-25_CHA_BOS,2021-04-25,CHA,BOS,21,CHA_EDWARDS_TERRY,BOS_FOURNIER_PATH,DIRECT_ROSTER_CONTACT,,D03;D04;D05;D06,,D03;D04;D05;D06,D01;D03;D04;D05;D06;D07,,LARGE_MARGIN_BOUNDARY,NOT_CALCULATED,False
2021-04-25_BKN_PHX,2021-04-25,BKN,PHX,9,INCUMBENT_CONDITIONAL,INCUMBENT_CONDITIONAL,NO_DIRECT_DELTA_IDENTIFIED,,,,D01;D02;D03;D04;D05;D06;D07,D01;D02;D03;D04;D05;D06;D07,,REMAINING_SEASON_POLICY,NOT_CALCULATED,False
2021-04-25_POR_MEM,2021-04-25,POR,MEM,7,POR_NO_POWELL_HOOD,INCUMBENT_CONDITIONAL,DIRECT_ROSTER_CONTACT,D02;D07,,,D02;D03;D07,D01;D02;D03;D04;D05;D06;D07,,LARGE_MARGIN_BOUNDARY,NOT_CALCULATED,False
2021-04-25_WAS_CLE,2021-04-25,WAS,CLE,9,WAS_TRENT_BROWN,INCUMBENT_CONDITIONAL,DIRECT_ROSTER_CONTACT,,D01,,D01,D01;D02;D03;D04;D05;D06;D07,,LARGE_MARGIN_BOUNDARY,NOT_CALCULATED,False
2021-04-25_ATL_MIL,2021-04-25,ATL,MIL,7,INCUMBENT_CONDITIONAL,INCUMBENT_CONDITIONAL,NO_DIRECT_DELTA_IDENTIFIED,,,,D01;D03;D05,D01;D02;D03;D04;D05;D06;D07,,REMAINING_SEASON_POLICY,NOT_CALCULATED,False
2021-04-25_ORL_IND,2021-04-25,ORL,IND,19,ORL_VUCEVIC_GORDON_A,INCUMBENT_CONDITIONAL,DIRECT_ROSTER_CONTACT,,,,D01;D02;D03;D04;D05;D06;D07,D01;D02;D03;D04;D05;D06;D07,,REMAINING_SEASON_POLICY,NOT_CALCULATED,False
2021-04-25_GSW_SAC,2021-04-25,GSW,SAC,4,GSW_WIGGINS_HUTCHISON_INACTIVE,INCUMBENT_CONDITIONAL,TRANSACTION_DEPENDENCY,,,,D01;D04;D05,D01;D02;D03;D04;D05;D06;D07,,REMAINING_SEASON_POLICY,NOT_CALCULATED,False
2021-04-26_PHI_OKC,2021-04-26,PHI,OKC,31,INCUMBENT_CONDITIONAL,INCUMBENT_CONDITIONAL,NO_DIRECT_DELTA_IDENTIFIED,,,,D01;D02;D03;D04;D05;D06;D07,D01;D02;D03;D04;D05;D06;D07,,REMAINING_SEASON_POLICY,NOT_CALCULATED,False
2021-04-26_ORL_LAL,2021-04-26,ORL,LAL,11,ORL_VUCEVIC_GORDON_A,LAL_AD_CORE,DIRECT_ROSTER_CONTACT,D02;D07,,,D01;D02;D03;D04;D05;D06;D07,D01;D02;D03;D04;D05;D06;D07,,LARGE_MARGIN_BOUNDARY,NOT_CALCULATED,False
2021-04-26_DET_ATL,2021-04-26,DET,ATL,14,DET_PATRICK_KIRA,INCUMBENT_CONDITIONAL,DIRECT_ROSTER_CONTACT,,,,D02;D04;D06;D07,D01;D02;D03;D04;D05;D06;D07,,REMAINING_SEASON_POLICY,NOT_CALCULATED,False
2021-04-26_NYK_PHX,2021-04-26,NYK,PHX,8,INCUMBENT_CONDITIONAL,INCUMBENT_CONDITIONAL,NO_DIRECT_DELTA_IDENTIFIED,,,,D01;D03;D05,D01;D02;D03;D04;D05;D06;D07,,REMAINING_SEASON_POLICY,NOT_CALCULATED,False
2021-04-26_TOR_CLE,2021-04-26,TOR,CLE,16,TOR_POWELL,INCUMBENT_CONDITIONAL,DIRECT_ROSTER_CONTACT,,,,,D01;D02;D03;D04;D05;D06;D07,,REMAINING_SEASON_POLICY,NOT_CALCULATED,False
2021-04-26_NOP_LAC,2021-04-26,NOP,LAC,17,NOP_HAYES,INCUMBENT_CONDITIONAL,DIRECT_ROSTER_CONTACT,,,,D01;D02;D03;D04;D05;D06;D07,D01;D02;D03;D04;D05;D06;D07,,REMAINING_SEASON_POLICY,NOT_CALCULATED,False
2021-04-26_MIN_UTA,2021-04-26,MIN,UTA,1,MIN_RIVAL,INCUMBENT_CONDITIONAL,DIRECT_ROSTER_CONTACT,,,,D01;D02;D03;D04;D05;D06;D07,D01;D02;D03;D04;D05;D06;D07,,CLOSE80_PAIRED_INPUT,NOT_CALCULATED,False
2021-04-26_DEN_MEM,2021-04-26,DEN,MEM,24,DEN_GORDON_A,INCUMBENT_CONDITIONAL,DIRECT_ROSTER_CONTACT,D01;D03;D05,,,D01;D02;D03;D04;D05;D06;D07,D01;D02;D03;D04;D05;D06;D07,,LARGE_MARGIN_BOUNDARY,NOT_CALCULATED,False
2021-04-26_SAC_DAL,2021-04-26,SAC,DAL,7,INCUMBENT_CONDITIONAL,DAL_HAMPTON,DIRECT_ROSTER_CONTACT,D01;D03;D05,,,D01;D02;D03;D04;D05;D06;D07,D01;D02;D03;D04;D05;D06;D07,,LARGE_MARGIN_BOUNDARY,NOT_CALCULATED,False
2021-04-27_CHA_MIL,2021-04-27,CHA,MIL,10,CHA_EDWARDS_TERRY,INCUMBENT_CONDITIONAL,DIRECT_ROSTER_CONTACT,,D01;D07,D05;D06;D07,D01;D05;D06;D07,D01;D02;D03;D04;D05;D06;D07,,LARGE_MARGIN_BOUNDARY,NOT_CALCULATED,False
2021-04-27_IND_POR,2021-04-27,IND,POR,21,INCUMBENT_CONDITIONAL,POR_NO_POWELL_HOOD,DIRECT_ROSTER_CONTACT,D01;D03;D05,,,D01;D03;D05,D01;D02;D03;D04;D05;D06;D07,,LARGE_MARGIN_BOUNDARY,NOT_CALCULATED,False
2021-04-27_BOS_OKC,2021-04-27,BOS,OKC,4,BOS_FOURNIER_PATH,INCUMBENT_CONDITIONAL,TRANSACTION_DEPENDENCY,,,,,D01;D02;D03;D04;D05;D06;D07,,REMAINING_SEASON_POLICY,NOT_CALCULATED,False
2021-04-27_TOR_BKN,2021-04-27,TOR,BKN,13,TOR_POWELL,INCUMBENT_CONDITIONAL,DIRECT_ROSTER_CONTACT,,,,,D01;D02;D03;D04;D05;D06;D07,,REMAINING_SEASON_POLICY,NOT_CALCULATED,False
2021-04-27_HOU_MIN,2021-04-27,HOU,MIN,7,INCUMBENT_CONDITIONAL,MIN_RIVAL,DIRECT_ROSTER_CONTACT,,,,D01;D02;D03;D04;D05;D06;D07,D01;D02;D03;D04;D05;D06;D07,,REMAINING_SEASON_POLICY,NOT_CALCULATED,False
2021-04-27_GSW_DAL,2021-04-27,GSW,DAL,30,GSW_WIGGINS_HUTCHISON_INACTIVE,DAL_HAMPTON,DIRECT_ROSTER_CONTACT,,,,D01;D02;D03;D04;D05;D06;D07,D01;D02;D03;D04;D05;D06;D07,,REMAINING_SEASON_POLICY,NOT_CALCULATED,False
2021-04-28_CLE_ORL,2021-04-28,CLE,ORL,5,INCUMBENT_CONDITIONAL,ORL_VUCEVIC_GORDON_A,DIRECT_ROSTER_CONTACT,,,,,D01;D02;D03;D04;D05;D06;D07,,REMAINING_SEASON_POLICY,NOT_CALCULATED,False
2021-04-28_PHI_ATL,2021-04-28,PHI,ATL,44,INCUMBENT_CONDITIONAL,INCUMBENT_CONDITIONAL,NO_DIRECT_DELTA_IDENTIFIED,,,,D01;D02;D04;D06;D07,D01;D02;D03;D04;D05;D06;D07,,REMAINING_SEASON_POLICY,NOT_CALCULATED,False
2021-04-28_WAS_LAL,2021-04-28,WAS,LAL,9,WAS_TRENT_BROWN,LAL_AD_CORE,DIRECT_ROSTER_CONTACT,,D01,,D01;D02;D04;D06;D07,D01;D02;D03;D04;D05;D06;D07,,LARGE_MARGIN_BOUNDARY,NOT_CALCULATED,False
2021-04-28_BOS_CHA,2021-04-28,BOS,CHA,9,BOS_FOURNIER_PATH,CHA_EDWARDS_TERRY,DIRECT_ROSTER_CONTACT,,D01;D07,D05;D06;D07,D01;D05;D06;D07,D01;D02;D03;D04;D05;D06;D07,,LARGE_MARGIN_BOUNDARY,NOT_CALCULATED,False
2021-04-28_MIA_SAS,2021-04-28,MIA,SAS,5,INCUMBENT_CONDITIONAL,INCUMBENT_CONDITIONAL,NO_DIRECT_DELTA_IDENTIFIED,,,,,D01;D02;D03;D04;D05;D06;D07,,REMAINING_SEASON_POLICY,NOT_CALCULATED,False
2021-04-28_MEM_POR,2021-04-28,MEM,POR,21,INCUMBENT_CONDITIONAL,POR_NO_POWELL_HOOD,DIRECT_ROSTER_CONTACT,D01;D03;D05,,,D01;D03;D04;D05;D06,D01;D02;D03;D04;D05;D06;D07,,LARGE_MARGIN_BOUNDARY,NOT_CALCULATED,False
2021-04-28_DEN_NOP,2021-04-28,DEN,NOP,2,DEN_GORDON_A,NOP_HAYES,DIRECT_ROSTER_CONTACT,,,,D01;D02;D03;D04;D05;D06;D07,D01;D02;D03;D04;D05;D06;D07,,CLOSE80_PAIRED_INPUT,NOT_CALCULATED,False
2021-04-28_SAC_UTA,2021-04-28,SAC,UTA,49,INCUMBENT_CONDITIONAL,INCUMBENT_CONDITIONAL,NO_DIRECT_DELTA_IDENTIFIED,,,,D01;D02;D03;D04;D05;D06;D07,D01;D02;D03;D04;D05;D06;D07,,REMAINING_SEASON_POLICY,NOT_CALCULATED,False
2021-04-28_PHX_LAC,2021-04-28,PHX,LAC,8,INCUMBENT_CONDITIONAL,INCUMBENT_CONDITIONAL,NO_DIRECT_DELTA_IDENTIFIED,,,,D01;D02;D03;D04;D05;D06;D07,D01;D02;D03;D04;D05;D06;D07,,REMAINING_SEASON_POLICY,NOT_CALCULATED,False
2021-04-29_DET_DAL,2021-04-29,DET,DAL,10,DET_PATRICK_KIRA,DAL_HAMPTON,DIRECT_ROSTER_CONTACT,D02;D07,,,D01;D02;D03;D04;D05;D06;D07,D01;D02;D03;D04;D05;D06;D07,,LARGE_MARGIN_BOUNDARY,NOT_CALCULATED,False
2021-04-29_IND_BKN,2021-04-29,IND,BKN,17,INCUMBENT_CONDITIONAL,INCUMBENT_CONDITIONAL,NO_DIRECT_DELTA_IDENTIFIED,,,,,D01;D02;D03;D04;D05;D06;D07,,REMAINING_SEASON_POLICY,NOT_CALCULATED,False
2021-04-29_MIN_GSW,2021-04-29,MIN,GSW,12,MIN_RIVAL,GSW_WIGGINS_HUTCHISON_INACTIVE,DIRECT_ROSTER_CONTACT,D01;D05,,,D01;D02;D03;D04;D05;D06;D07,D01;D02;D03;D04;D05;D06;D07,,LARGE_MARGIN_BOUNDARY,NOT_CALCULATED,False
2021-04-29_HOU_MIL,2021-04-29,HOU,MIL,7,INCUMBENT_CONDITIONAL,INCUMBENT_CONDITIONAL,NO_DIRECT_DELTA_IDENTIFIED,,,,,D01;D02;D03;D04;D05;D06;D07,,REMAINING_SEASON_POLICY,NOT_CALCULATED,False
2021-04-29_OKC_NOP,2021-04-29,OKC,NOP,14,INCUMBENT_CONDITIONAL,NOP_HAYES,DIRECT_ROSTER_CONTACT,,,,D01;D02;D03;D04;D05;D06;D07,D01;D02;D03;D04;D05;D06;D07,,REMAINING_SEASON_POLICY,NOT_CALCULATED,False
2021-04-29_DEN_TOR,2021-04-29,DEN,TOR,10,DEN_GORDON_A,TOR_POWELL,DIRECT_ROSTER_CONTACT,,,,D01;D02;D03;D04;D05;D06;D07,D01;D02;D03;D04;D05;D06;D07,,REMAINING_SEASON_POLICY,NOT_CALCULATED,False
2021-04-30_PHI_ATL,2021-04-30,PHI,ATL,22,INCUMBENT_CONDITIONAL,INCUMBENT_CONDITIONAL,NO_DIRECT_DELTA_IDENTIFIED,,,,D01;D02;D04;D06;D07,D01;D02;D03;D04;D05;D06;D07,,REMAINING_SEASON_POLICY,NOT_CALCULATED,False
2021-04-30_CLE_WAS,2021-04-30,CLE,WAS,29,INCUMBENT_CONDITIONAL,WAS_TRENT_BROWN,DIRECT_ROSTER_CONTACT,,D01,,D01,D01;D02;D03;D04;D05;D06;D07,,LARGE_MARGIN_BOUNDARY,NOT_CALCULATED,False
2021-04-30_BOS_SAS,2021-04-30,BOS,SAS,3,BOS_FOURNIER_PATH,INCUMBENT_CONDITIONAL,TRANSACTION_DEPENDENCY,,,,,D01;D02;D03;D04;D05;D06;D07,,CLOSE80_PAIRED_INPUT,NOT_CALCULATED,False
2021-04-30_BKN_POR,2021-04-30,BKN,POR,19,INCUMBENT_CONDITIONAL,POR_NO_POWELL_HOOD,DIRECT_ROSTER_CONTACT,D01;D03;D05,,,D01;D02;D03;D05,D01;D02;D03;D04;D05;D06;D07,,LARGE_MARGIN_BOUNDARY,NOT_CALCULATED,False
2021-04-30_MEM_ORL,2021-04-30,MEM,ORL,17,INCUMBENT_CONDITIONAL,ORL_VUCEVIC_GORDON_A,DIRECT_ROSTER_CONTACT,,,,D01;D02;D03;D04;D05;D06;D07,D01;D02;D03;D04;D05;D06;D07,,REMAINING_SEASON_POLICY,NOT_CALCULATED,False
2021-04-30_PHX_UTA,2021-04-30,PHX,UTA,21,INCUMBENT_CONDITIONAL,INCUMBENT_CONDITIONAL,NO_DIRECT_DELTA_IDENTIFIED,,,,,,,REMAINING_SEASON_POLICY,NOT_CALCULATED,False
2021-04-30_LAL_SAC,2021-04-30,LAL,SAC,4,LAL_AD_CORE,INCUMBENT_CONDITIONAL,TRANSACTION_DEPENDENCY,,,,D01;D02;D03;D04;D05;D06;D07,D01;D02;D03;D04;D05;D06;D07,,REMAINING_SEASON_POLICY,NOT_CALCULATED,False
2021-05-01_CHA_DET,2021-05-01,CHA,DET,13,CHA_EDWARDS_TERRY,DET_PATRICK_KIRA,DIRECT_ROSTER_CONTACT,,D03;D04;D05;D06,,D03;D04;D05;D06,D01;D02;D03;D04;D05;D06;D07,,LARGE_MARGIN_BOUNDARY,NOT_CALCULATED,False
2021-05-01_HOU_GSW,2021-05-01,HOU,GSW,26,INCUMBENT_CONDITIONAL,GSW_WIGGINS_HUTCHISON_INACTIVE,TRANSACTION_DEPENDENCY,,,,D01;D04;D05,D01;D02;D04;D05;D06;D07,,REMAINING_SEASON_POLICY,NOT_CALCULATED,False
2021-05-01_CLE_MIA,2021-05-01,CLE,MIA,17,INCUMBENT_CONDITIONAL,INCUMBENT_CONDITIONAL,NO_DIRECT_DELTA_IDENTIFIED,,,,,D01;D02;D03;D04;D05;D06;D07,,REMAINING_SEASON_POLICY,NOT_CALCULATED,False
2021-05-01_OKC_IND,2021-05-01,OKC,IND,57,INCUMBENT_CONDITIONAL,INCUMBENT_CONDITIONAL,NO_DIRECT_DELTA_IDENTIFIED,,,,D01;D02;D03;D04;D05;D06;D07,D01;D02;D03;D04;D05;D06;D07,,REMAINING_SEASON_POLICY,NOT_CALCULATED,False
2021-05-01_MIN_NOP,2021-05-01,MIN,NOP,4,MIN_RIVAL,NOP_HAYES,DIRECT_ROSTER_CONTACT,,,,,D01;D02;D07,,REMAINING_SEASON_POLICY,NOT_CALCULATED,False
2021-05-01_ORL_MEM,2021-05-01,ORL,MEM,1,ORL_VUCEVIC_GORDON_A,INCUMBENT_CONDITIONAL,DIRECT_ROSTER_CONTACT,D01;D03;D05,,,D01;D03;D04;D05,D01;D02;D03;D04;D05;D06;D07,,CLOSE80_PAIRED_INPUT,NOT_CALCULATED,False
2021-05-01_LAC_DEN,2021-05-01,LAC,DEN,6,INCUMBENT_CONDITIONAL,DEN_GORDON_A,DIRECT_ROSTER_CONTACT,,,,D01;D02;D03;D04;D05;D06;D07,D01;D02;D03;D04;D05;D06;D07,,REMAINING_SEASON_POLICY,NOT_CALCULATED,False
2021-05-01_UTA_TOR,2021-05-01,UTA,TOR,4,INCUMBENT_CONDITIONAL,TOR_POWELL,DIRECT_ROSTER_CONTACT,,,,D01;D02;D03;D04;D05;D06;D07,D01;D02;D03;D04;D05;D06;D07,,REMAINING_SEASON_POLICY,NOT_CALCULATED,False
2021-05-02_MIL_BKN,2021-05-02,MIL,BKN,3,INCUMBENT_CONDITIONAL,INCUMBENT_CONDITIONAL,NO_DIRECT_DELTA_IDENTIFIED,,,,D01;D02,D01;D02;D03;D04;D05;D06;D07,,CLOSE80_PAIRED_INPUT,NOT_CALCULATED,False
2021-05-02_BOS_POR,2021-05-02,BOS,POR,10,BOS_FOURNIER_PATH,POR_NO_POWELL_HOOD,DIRECT_ROSTER_CONTACT,D01;D03;D05,,,D01;D03;D05,D01;D02;D03;D04;D05;D06;D07,,LARGE_MARGIN_BOUNDARY,NOT_CALCULATED,False
2021-05-02_CHA_MIA,2021-05-02,CHA,MIA,10,CHA_EDWARDS_TERRY,INCUMBENT_CONDITIONAL,DIRECT_ROSTER_CONTACT,,D01;D07,D05;D06;D07,D01;D05;D06;D07,D01;D02;D03;D04;D05;D06;D07,,LARGE_MARGIN_BOUNDARY,NOT_CALCULATED,False
2021-05-02_SAS_PHI,2021-05-02,SAS,PHI,2,INCUMBENT_CONDITIONAL,INCUMBENT_CONDITIONAL,NO_DIRECT_DELTA_IDENTIFIED,,,,D01;D02,D01;D02;D03;D04;D05;D06;D07,,CLOSE80_PAIRED_INPUT,NOT_CALCULATED,False
2021-05-02_OKC_PHX,2021-05-02,OKC,PHX,3,INCUMBENT_CONDITIONAL,INCUMBENT_CONDITIONAL,NO_DIRECT_DELTA_IDENTIFIED,,,,D01;D02;D03;D04;D05;D06;D07,D01;D02;D03;D04;D05;D06;D07,,CLOSE80_PAIRED_INPUT,NOT_CALCULATED,False
2021-05-02_DAL_SAC,2021-05-02,DAL,SAC,12,DAL_HAMPTON,INCUMBENT_CONDITIONAL,DIRECT_ROSTER_CONTACT,D01;D03;D05,,,D01;D02;D03;D04;D05;D06;D07,D01;D02;D03;D04;D05;D06;D07,,LARGE_MARGIN_BOUNDARY,NOT_CALCULATED,False
2021-05-02_HOU_NYK,2021-05-02,HOU,NYK,25,INCUMBENT_CONDITIONAL,INCUMBENT_CONDITIONAL,NO_DIRECT_DELTA_IDENTIFIED,,,,D01;D02;D03;D04;D05;D06;D07,D01;D02;D03;D04;D05;D06;D07,,REMAINING_SEASON_POLICY,NOT_CALCULATED,False
2021-05-02_LAL_TOR,2021-05-02,LAL,TOR,7,LAL_AD_CORE,TOR_POWELL,DIRECT_ROSTER_CONTACT,,,,D02;D04;D06;D07,D01;D02;D03;D04;D05;D06;D07,,REMAINING_SEASON_POLICY,NOT_CALCULATED,False
2021-05-03_WAS_IND,2021-05-03,WAS,IND,13,WAS_TRENT_BROWN,INCUMBENT_CONDITIONAL,DIRECT_ROSTER_CONTACT,,D01,,D01,D01;D02;D03;D04;D05;D06;D07,,LARGE_MARGIN_BOUNDARY,NOT_CALCULATED,False
2021-05-03_DET_ORL,2021-05-03,DET,ORL,7,DET_PATRICK_KIRA,ORL_VUCEVIC_GORDON_A,DIRECT_ROSTER_CONTACT,,,,D01;D02;D03;D04;D05;D06;D07,D01;D02;D03;D04;D05;D06;D07,,REMAINING_SEASON_POLICY,NOT_CALCULATED,False
2021-05-03_NOP_GSW,2021-05-03,NOP,GSW,15,NOP_HAYES,GSW_WIGGINS_HUTCHISON_INACTIVE,DIRECT_ROSTER_CONTACT,,,,D01;D02;D03;D04;D05;D06;D07,D01;D02;D03;D04;D05;D06;D07,,REMAINING_SEASON_POLICY,NOT_CALCULATED,False
2021-05-03_ATL_POR,2021-05-03,ATL,POR,9,INCUMBENT_CONDITIONAL,POR_NO_POWELL_HOOD,DIRECT_ROSTER_CONTACT,D02;D07,,,D01;D02;D03;D05;D07,D01;D02;D03;D04;D05;D06;D07,,LARGE_MARGIN_BOUNDARY,NOT_CALCULATED,False
2021-05-03_MEM_NYK,2021-05-03,MEM,NYK,14,INCUMBENT_CONDITIONAL,INCUMBENT_CONDITIONAL,NO_DIRECT_DELTA_IDENTIFIED,D01;D03;D05,,,D01;D02;D03;D04;D05;D06;D07,D01;D02;D03;D04;D05;D06;D07,,LARGE_MARGIN_BOUNDARY,NOT_CALCULATED,False
2021-05-03_UTA_SAS,2021-05-03,UTA,SAS,11,INCUMBENT_CONDITIONAL,INCUMBENT_CONDITIONAL,NO_DIRECT_DELTA_IDENTIFIED,,,,D01;D02;D03;D04;D05;D06;D07,D01;D02;D03;D04;D05;D06;D07,,REMAINING_SEASON_POLICY,NOT_CALCULATED,False
2021-05-03_LAL_DEN,2021-05-03,LAL,DEN,4,LAL_AD_CORE,DEN_GORDON_A,DIRECT_ROSTER_CONTACT,D02;D07,,,D02;D07,D01;D02;D03;D04;D05;D06;D07,,LARGE_MARGIN_BOUNDARY,NOT_CALCULATED,False
2021-05-04_CLE_PHX,2021-05-04,CLE,PHX,16,INCUMBENT_CONDITIONAL,INCUMBENT_CONDITIONAL,NO_DIRECT_DELTA_IDENTIFIED,,,,,D01;D02;D03;D04;D05;D06;D07,,REMAINING_SEASON_POLICY,NOT_CALCULATED,False
2021-05-04_MIL_BKN,2021-05-04,MIL,BKN,6,INCUMBENT_CONDITIONAL,INCUMBENT_CONDITIONAL,NO_DIRECT_DELTA_IDENTIFIED,,,,D01;D02,D01;D02;D03;D04;D05;D06;D07,,REMAINING_SEASON_POLICY,NOT_CALCULATED,False
2021-05-04_MIA_DAL,2021-05-04,MIA,DAL,14,INCUMBENT_CONDITIONAL,DAL_HAMPTON,DIRECT_ROSTER_CONTACT,D02;D07,,,D01;D02;D03;D04;D05;D06;D07,D01;D02;D03;D04;D05;D06;D07,,LARGE_MARGIN_BOUNDARY,NOT_CALCULATED,False
2021-05-04_NOP_GSW,2021-05-04,NOP,GSW,5,NOP_HAYES,GSW_WIGGINS_HUTCHISON_INACTIVE,DIRECT_ROSTER_CONTACT,D01;D05,,,D01;D03;D05,D01;D02;D03;D04;D05;D06;D07,,LARGE_MARGIN_BOUNDARY,NOT_CALCULATED,False
2021-05-04_OKC_SAC,2021-05-04,OKC,SAC,4,INCUMBENT_CONDITIONAL,INCUMBENT_CONDITIONAL,NO_DIRECT_DELTA_IDENTIFIED,,,,D01;D02;D03;D04;D05;D06;D07,D01;D02;D03;D04;D05;D06;D07,,REMAINING_SEASON_POLICY,NOT_CALCULATED,False
2021-05-04_LAC_TOR,2021-05-04,LAC,TOR,5,INCUMBENT_CONDITIONAL,TOR_POWELL,DIRECT_ROSTER_CONTACT,,,,,D01;D02;D03;D04;D05;D06;D07,,REMAINING_SEASON_POLICY,NOT_CALCULATED,False
2021-05-05_ORL_BOS,2021-05-05,ORL,BOS,36,ORL_VUCEVIC_GORDON_A,BOS_FOURNIER_PATH,DIRECT_ROSTER_CONTACT,,,,D01;D02;D03;D04;D05;D06;D07,D01;D02;D03;D04;D05;D06;D07,,REMAINING_SEASON_POLICY,NOT_CALCULATED,False
2021-05-05_CLE_POR,2021-05-05,CLE,POR,36,INCUMBENT_CONDITIONAL,POR_NO_POWELL_HOOD,DIRECT_ROSTER_CONTACT,D01;D03;D05,,,D01;D03;D05,D01;D02;D03;D04;D05;D06;D07,,LARGE_MARGIN_BOUNDARY,NOT_CALCULATED,False
2021-05-05_ATL_PHX,2021-05-05,ATL,PHX,32,INCUMBENT_CONDITIONAL,INCUMBENT_CONDITIONAL,NO_DIRECT_DELTA_IDENTIFIED,,,,D01;D02;D03;D04;D05;D06;D07,D01;D02;D03;D04;D05;D06;D07,,REMAINING_SEASON_POLICY,NOT_CALCULATED,False
2021-05-05_IND_SAC,2021-05-05,IND,SAC,11,INCUMBENT_CONDITIONAL,INCUMBENT_CONDITIONAL,NO_DIRECT_DELTA_IDENTIFIED,,,,D01;D02;D03;D04;D05;D06;D07,D01;D02;D03;D04;D05;D06;D07,,REMAINING_SEASON_POLICY,NOT_CALCULATED,False
2021-05-05_HOU_PHI,2021-05-05,HOU,PHI,20,INCUMBENT_CONDITIONAL,INCUMBENT_CONDITIONAL,NO_DIRECT_DELTA_IDENTIFIED,,,,D01;D02,D01;D02;D03;D04;D05;D06;D07,,REMAINING_SEASON_POLICY,NOT_CALCULATED,False
2021-05-05_MIN_MEM,2021-05-05,MIN,MEM,4,MIN_RIVAL,INCUMBENT_CONDITIONAL,DIRECT_ROSTER_CONTACT,,,,D03,D01;D03;D04;D05,,REMAINING_SEASON_POLICY,NOT_CALCULATED,False
2021-05-05_UTA_SAS,2021-05-05,UTA,SAS,32,INCUMBENT_CONDITIONAL,INCUMBENT_CONDITIONAL,NO_DIRECT_DELTA_IDENTIFIED,,,,D01;D02;D03;D04;D05;D06;D07,D01;D02;D03;D04;D05;D06;D07,,REMAINING_SEASON_POLICY,NOT_CALCULATED,False
2021-05-05_DEN_NYK,2021-05-05,DEN,NYK,16,DEN_GORDON_A,INCUMBENT_CONDITIONAL,DIRECT_ROSTER_CONTACT,,,,D01;D02;D03;D04;D05;D06;D07,D01;D02;D03;D04;D05;D06;D07,,REMAINING_SEASON_POLICY,NOT_CALCULATED,False
2021-05-06_DAL_BKN,2021-05-06,DAL,BKN,4,DAL_HAMPTON,INCUMBENT_CONDITIONAL,DIRECT_ROSTER_CONTACT,D02;D07,,,D01;D02;D03;D04;D05;D06;D07,D01;D02;D03;D04;D05;D06;D07,,LARGE_MARGIN_BOUNDARY,NOT_CALCULATED,False
2021-05-06_IND_ATL,2021-05-06,IND,ATL,7,INCUMBENT_CONDITIONAL,INCUMBENT_CONDITIONAL,NO_DIRECT_DELTA_IDENTIFIED,,,,D02;D04;D06;D07,D01;D02;D03;D04;D05;D06;D07,,REMAINING_SEASON_POLICY,NOT_CALCULATED,False
2021-05-06_DET_MEM,2021-05-06,DET,MEM,14,DET_PATRICK_KIRA,INCUMBENT_CONDITIONAL,DIRECT_ROSTER_CONTACT,D01;D03;D05,,,D01;D03;D04;D05,D01;D03;D04;D05;D06,,LARGE_MARGIN_BOUNDARY,NOT_CALCULATED,False
2021-05-06_LAC_LAL,2021-05-06,LAC,LAL,24,INCUMBENT_CONDITIONAL,LAL_AD_CORE,TRANSACTION_DEPENDENCY,,,,D02;D04;D06;D07,D01;D02;D03;D04;D05;D06;D07,,REMAINING_SEASON_POLICY,NOT_CALCULATED,False
2021-05-06_GSW_OKC,2021-05-06,GSW,OKC,21,GSW_WIGGINS_HUTCHISON_INACTIVE,INCUMBENT_CONDITIONAL,TRANSACTION_DEPENDENCY,,,,D01;D02;D03;D04;D05;D06;D07,D01;D02;D03;D04;D05;D06;D07,,REMAINING_SEASON_POLICY,NOT_CALCULATED,False
2021-05-07_PHI_NOP,2021-05-07,PHI,NOP,2,INCUMBENT_CONDITIONAL,NOP_HAYES,DIRECT_ROSTER_CONTACT,,,,D01;D02;D03;D04;D05;D06;D07,D01;D02;D03;D04;D05;D06;D07,,CLOSE80_PAIRED_INPUT,NOT_CALCULATED,False
2021-05-07_MIA_MIN,2021-05-07,MIA,MIN,9,INCUMBENT_CONDITIONAL,MIN_RIVAL,DIRECT_ROSTER_CONTACT,,,,,D01;D02;D03;D04;D05;D06;D07,,REMAINING_SEASON_POLICY,NOT_CALCULATED,False
2021-05-07_CHA_ORL,2021-05-07,CHA,ORL,10,CHA_EDWARDS_TERRY,ORL_VUCEVIC_GORDON_A,DIRECT_ROSTER_CONTACT,,D03;D04;D05;D06,,D01;D02;D03;D04;D05;D06;D07,D01;D02;D03;D04;D05;D06;D07,,LARGE_MARGIN_BOUNDARY,NOT_CALCULATED,False
2021-05-07_MIL_HOU,2021-05-07,MIL,HOU,8,INCUMBENT_CONDITIONAL,INCUMBENT_CONDITIONAL,NO_DIRECT_DELTA_IDENTIFIED,,,,,,,REMAINING_SEASON_POLICY,NOT_CALCULATED,False
2021-05-07_DAL_CLE,2021-05-07,DAL,CLE,20,DAL_HAMPTON,INCUMBENT_CONDITIONAL,DIRECT_ROSTER_CONTACT,D02;D07,,,D01;D02;D03;D04;D05;D06;D07,D01;D02;D03;D04;D05;D06;D07,,LARGE_MARGIN_BOUNDARY,NOT_CALCULATED,False
2021-05-07_UTA_DEN,2021-05-07,UTA,DEN,7,INCUMBENT_CONDITIONAL,DEN_GORDON_A,DIRECT_ROSTER_CONTACT,,,,D01;D02;D03;D04;D05;D06;D07,D01;D02;D03;D04;D05;D06;D07,,REMAINING_SEASON_POLICY,NOT_CALCULATED,False
2021-05-07_SAC_SAS,2021-05-07,SAC,SAS,9,INCUMBENT_CONDITIONAL,INCUMBENT_CONDITIONAL,NO_DIRECT_DELTA_IDENTIFIED,,D01;D02;D03;D04;D05;D06;D07,,D01;D02;D03;D04;D05;D06;D07,D01;D02;D03;D04;D05;D06;D07,,LARGE_MARGIN_BOUNDARY,NOT_CALCULATED,False
2021-05-07_PHX_NYK,2021-05-07,PHX,NYK,23,INCUMBENT_CONDITIONAL,INCUMBENT_CONDITIONAL,NO_DIRECT_DELTA_IDENTIFIED,,,,D01;D03;D05,D01;D02;D03;D04;D05;D06;D07,,REMAINING_SEASON_POLICY,NOT_CALCULATED,False
2021-05-07_POR_LAL,2021-05-07,POR,LAL,5,POR_NO_POWELL_HOOD,LAL_AD_CORE,DIRECT_ROSTER_CONTACT,D01;D03;D05,,,D01;D02;D03;D04;D05;D06;D07,D01;D02;D03;D04;D05;D06;D07,,LARGE_MARGIN_BOUNDARY,NOT_CALCULATED,False
2021-05-08_PHI_DET,2021-05-08,PHI,DET,14,INCUMBENT_CONDITIONAL,DET_PATRICK_KIRA,DIRECT_ROSTER_CONTACT,,,,D01;D02,D01;D02;D03;D04;D05;D06;D07,,REMAINING_SEASON_POLICY,NOT_CALCULATED,False
2021-05-08_TOR_MEM,2021-05-08,TOR,MEM,10,TOR_POWELL,INCUMBENT_CONDITIONAL,DIRECT_ROSTER_CONTACT,,,,D03,D01;D03;D04;D05,,REMAINING_SEASON_POLICY,NOT_CALCULATED,False
2021-05-08_POR_SAS,2021-05-08,POR,SAS,22,POR_NO_POWELL_HOOD,INCUMBENT_CONDITIONAL,DIRECT_ROSTER_CONTACT,D01;D03;D05,,,D01;D03;D05,D01;D02;D03;D04;D05;D06;D07,,LARGE_MARGIN_BOUNDARY,NOT_CALCULATED,False
2021-05-08_UTA_HOU,2021-05-08,UTA,HOU,8,INCUMBENT_CONDITIONAL,INCUMBENT_CONDITIONAL,NO_DIRECT_DELTA_IDENTIFIED,,,,D01;D02;D03;D04;D05;D06;D07,D01;D02;D03;D04;D05;D06;D07,,REMAINING_SEASON_POLICY,NOT_CALCULATED,False
2021-05-08_GSW_OKC,2021-05-08,GSW,OKC,39,GSW_WIGGINS_HUTCHISON_INACTIVE,INCUMBENT_CONDITIONAL,TRANSACTION_DEPENDENCY,,,,D01;D02;D03;D04;D05;D06;D07,D01;D02;D03;D04;D05;D06;D07,,REMAINING_SEASON_POLICY,NOT_CALCULATED,False
2021-05-08_DEN_BKN,2021-05-08,DEN,BKN,6,DEN_GORDON_A,INCUMBENT_CONDITIONAL,DIRECT_ROSTER_CONTACT,,,,,D01;D02;D03;D04;D05;D06;D07,,REMAINING_SEASON_POLICY,NOT_CALCULATED,False
2021-05-09_BOS_MIA,2021-05-09,BOS,MIA,6,BOS_FOURNIER_PATH,INCUMBENT_CONDITIONAL,TRANSACTION_DEPENDENCY,,,,,D01;D02;D03;D04;D05;D06;D07,,REMAINING_SEASON_POLICY,NOT_CALCULATED,False
2021-05-09_LAC_NYK,2021-05-09,LAC,NYK,6,INCUMBENT_CONDITIONAL,INCUMBENT_CONDITIONAL,NO_DIRECT_DELTA_IDENTIFIED,,,,D01;D02;D03;D04;D05;D06;D07,D01;D02;D03;D04;D05;D06;D07,,REMAINING_SEASON_POLICY,NOT_CALCULATED,False
2021-05-09_ORL_MIN,2021-05-09,ORL,MIN,32,ORL_VUCEVIC_GORDON_A,MIN_RIVAL,DIRECT_ROSTER_CONTACT,,,,D01;D02;D03;D04;D05;D06;D07,D01;D02;D03;D04;D05;D06;D07,,REMAINING_SEASON_POLICY,NOT_CALCULATED,False
2021-05-09_CLE_DAL,2021-05-09,CLE,DAL,27,INCUMBENT_CONDITIONAL,DAL_HAMPTON,DIRECT_ROSTER_CONTACT,D02;D07,,,D01;D02;D03;D04;D05;D06;D07,D01;D02;D03;D04;D05;D06;D07,,LARGE_MARGIN_BOUNDARY,NOT_CALCULATED,False
2021-05-09_LAL_PHX,2021-05-09,LAL,PHX,13,LAL_AD_CORE,INCUMBENT_CONDITIONAL,TRANSACTION_DEPENDENCY,D02;D07,,,D01;D02;D03;D04;D05;D06;D07,D01;D02;D03;D04;D05;D06;D07,,LARGE_MARGIN_BOUNDARY,NOT_CALCULATED,False
2021-05-09_SAC_OKC,2021-05-09,SAC,OKC,28,INCUMBENT_CONDITIONAL,INCUMBENT_CONDITIONAL,NO_DIRECT_DELTA_IDENTIFIED,,,,D01;D02;D03;D04;D05;D06;D07,D01;D02;D03;D04;D05;D06;D07,,REMAINING_SEASON_POLICY,NOT_CALCULATED,False
2021-05-10_CLE_IND,2021-05-10,CLE,IND,9,INCUMBENT_CONDITIONAL,INCUMBENT_CONDITIONAL,NO_DIRECT_DELTA_IDENTIFIED,,,,D02;D07,D01;D02;D03;D04;D05;D06;D07,,REMAINING_SEASON_POLICY,NOT_CALCULATED,False
2021-05-10_MEM_NOP,2021-05-10,MEM,NOP,5,INCUMBENT_CONDITIONAL,NOP_HAYES,DIRECT_ROSTER_CONTACT,,,,D01;D02;D03;D04;D05;D06;D07,D01;D02;D03;D04;D05;D06;D07,,REMAINING_SEASON_POLICY,NOT_CALCULATED,False
2021-05-10_SAS_MIL,2021-05-10,SAS,MIL,21,INCUMBENT_CONDITIONAL,INCUMBENT_CONDITIONAL,NO_DIRECT_DELTA_IDENTIFIED,,,,,D01;D02;D03;D04;D05;D06;D07,,REMAINING_SEASON_POLICY,NOT_CALCULATED,False
2021-05-10_GSW_UTA,2021-05-10,GSW,UTA,3,GSW_WIGGINS_HUTCHISON_INACTIVE,INCUMBENT_CONDITIONAL,TRANSACTION_DEPENDENCY,,,,D01;D04;D05,D01;D02;D04;D05;D06;D07,,CLOSE80_PAIRED_INPUT,NOT_CALCULATED,False
2021-05-10_POR_HOU,2021-05-10,POR,HOU,11,POR_NO_POWELL_HOOD,INCUMBENT_CONDITIONAL,DIRECT_ROSTER_CONTACT,D01;D03;D05,,,D01;D03;D05,D01;D02;D03;D04;D05;D06;D07,,LARGE_MARGIN_BOUNDARY,NOT_CALCULATED,False
2021-05-11_CHA_DEN,2021-05-11,CHA,DEN,5,CHA_EDWARDS_TERRY,DEN_GORDON_A,DIRECT_ROSTER_CONTACT,,D01;D07,D05;D06;D07,D01;D02;D03;D04;D05;D06;D07,D01;D02;D03;D04;D05;D06;D07,,LARGE_MARGIN_BOUNDARY,NOT_CALCULATED,False
2021-05-11_DET_MIN,2021-05-11,DET,MIN,19,DET_PATRICK_KIRA,MIN_RIVAL,DIRECT_ROSTER_CONTACT,,,,D01;D02;D03;D04;D05;D06;D07,D01;D02;D03;D04;D05;D06;D07,,REMAINING_SEASON_POLICY,NOT_CALCULATED,False
2021-05-11_TOR_LAC,2021-05-11,TOR,LAC,19,TOR_POWELL,INCUMBENT_CONDITIONAL,DIRECT_ROSTER_CONTACT,,,,,D01;D02;D03;D04;D05;D06;D07,,REMAINING_SEASON_POLICY,NOT_CALCULATED,False
2021-05-11_BOS_MIA,2021-05-11,BOS,MIA,8,BOS_FOURNIER_PATH,INCUMBENT_CONDITIONAL,TRANSACTION_DEPENDENCY,,,,,D01;D02;D03;D04;D05;D06;D07,,REMAINING_SEASON_POLICY,NOT_CALCULATED,False
2021-05-11_MEM_DAL,2021-05-11,MEM,DAL,29,INCUMBENT_CONDITIONAL,DAL_HAMPTON,DIRECT_ROSTER_CONTACT,D01;D03;D05,,,D01;D03;D05,D01;D02;D03;D04;D05;D06;D07,,LARGE_MARGIN_BOUNDARY,NOT_CALCULATED,False
2021-05-11_IND_PHI,2021-05-11,IND,PHI,9,INCUMBENT_CONDITIONAL,INCUMBENT_CONDITIONAL,NO_DIRECT_DELTA_IDENTIFIED,,,,D02;D07,D01;D02;D03;D04;D05;D06;D07,,REMAINING_SEASON_POLICY,NOT_CALCULATED,False
2021-05-11_MIL_ORL,2021-05-11,MIL,ORL,12,INCUMBENT_CONDITIONAL,ORL_VUCEVIC_GORDON_A,DIRECT_ROSTER_CONTACT,,,,D01;D02;D03;D04;D05;D06;D07,D01;D02;D03;D04;D05;D06;D07,,REMAINING_SEASON_POLICY,NOT_CALCULATED,False
2021-05-11_SAC_OKC,2021-05-11,SAC,OKC,16,INCUMBENT_CONDITIONAL,INCUMBENT_CONDITIONAL,NO_DIRECT_DELTA_IDENTIFIED,,,,D01;D02;D03;D04;D05;D06;D07,D01;D02;D03;D04;D05;D06;D07,,REMAINING_SEASON_POLICY,NOT_CALCULATED,False
2021-05-11_GSW_PHX,2021-05-11,GSW,PHX,6,GSW_WIGGINS_HUTCHISON_INACTIVE,INCUMBENT_CONDITIONAL,TRANSACTION_DEPENDENCY,,,,D01;D02;D03;D04;D05;D06;D07,D01;D02;D03;D04;D05;D06;D07,,REMAINING_SEASON_POLICY,NOT_CALCULATED,False
2021-05-12_ATL_WAS,2021-05-12,ATL,WAS,4,INCUMBENT_CONDITIONAL,WAS_TRENT_BROWN,DIRECT_ROSTER_CONTACT,,D03;D04;D05;D06,D01;D05;D06,D01;D02;D03;D04;D05;D06;D07,D01;D02;D03;D04;D05;D06;D07,,LARGE_MARGIN_BOUNDARY,NOT_CALCULATED,False
2021-05-12_BKN_SAS,2021-05-12,BKN,SAS,12,INCUMBENT_CONDITIONAL,INCUMBENT_CONDITIONAL,NO_DIRECT_DELTA_IDENTIFIED,,,,,D01;D02;D03;D04;D05;D06;D07,,REMAINING_SEASON_POLICY,NOT_CALCULATED,False
2021-05-12_CLE_BOS,2021-05-12,CLE,BOS,8,INCUMBENT_CONDITIONAL,BOS_FOURNIER_PATH,TRANSACTION_DEPENDENCY,,,,D01;D02;D03;D04;D05;D06;D07,D01;D02;D03;D04;D05;D06;D07,,REMAINING_SEASON_POLICY,NOT_CALCULATED,False
2021-05-12_DAL_NOP,2021-05-12,DAL,NOP,18,DAL_HAMPTON,NOP_HAYES,DIRECT_ROSTER_CONTACT,D02;D07,,,D01;D02;D03;D04;D05;D06;D07,D01;D02;D03;D04;D05;D06;D07,,LARGE_MARGIN_BOUNDARY,NOT_CALCULATED,False
2021-05-12_UTA_POR,2021-05-12,UTA,POR,7,INCUMBENT_CONDITIONAL,POR_NO_POWELL_HOOD,DIRECT_ROSTER_CONTACT,D01;D03;D05,,,D01;D03;D05,D01;D02;D03;D04;D05;D06;D07,,LARGE_MARGIN_BOUNDARY,NOT_CALCULATED,False
2021-05-13_IND_MIL,2021-05-13,IND,MIL,9,INCUMBENT_CONDITIONAL,INCUMBENT_CONDITIONAL,NO_DIRECT_DELTA_IDENTIFIED,,,,,D01;D02;D03;D04;D05;D06;D07,,REMAINING_SEASON_POLICY,NOT_CALCULATED,False
2021-05-13_CHA_LAC,2021-05-13,CHA,LAC,23,CHA_EDWARDS_TERRY,INCUMBENT_CONDITIONAL,DIRECT_ROSTER_CONTACT,,D01;D07,D05;D06;D07,D01;D05;D06;D07,D01;D02;D03;D04;D05;D06;D07,,LARGE_MARGIN_BOUNDARY,NOT_CALCULATED,False
2021-05-13_ATL_ORL,2021-05-13,ATL,ORL,23,INCUMBENT_CONDITIONAL,ORL_VUCEVIC_GORDON_A,DIRECT_ROSTER_CONTACT,,,,D01;D02;D03;D04;D05;D06;D07,D01;D02;D03;D04;D05;D06;D07,,REMAINING_SEASON_POLICY,NOT_CALCULATED,False
2021-05-13_MIA_PHI,2021-05-13,MIA,PHI,12,INCUMBENT_CONDITIONAL,INCUMBENT_CONDITIONAL,NO_DIRECT_DELTA_IDENTIFIED,,,,,D01;D02;D03;D04;D05;D06;D07,,REMAINING_SEASON_POLICY,NOT_CALCULATED,False
2021-05-13_NYK_SAS,2021-05-13,NYK,SAS,4,INCUMBENT_CONDITIONAL,INCUMBENT_CONDITIONAL,NO_DIRECT_DELTA_IDENTIFIED,,,,D01;D02;D03;D04;D05;D06;D07,D01;D02;D03;D04;D05;D06;D07,,REMAINING_SEASON_POLICY,NOT_CALCULATED,False
2021-05-13_MEM_SAC,2021-05-13,MEM,SAC,6,INCUMBENT_CONDITIONAL,INCUMBENT_CONDITIONAL,NO_DIRECT_DELTA_IDENTIFIED,,,,D03,D01;D02;D03;D04;D05;D06;D07,,REMAINING_SEASON_POLICY,NOT_CALCULATED,False
2021-05-13_MIN_DEN,2021-05-13,MIN,DEN,11,MIN_RIVAL,DEN_GORDON_A,DIRECT_ROSTER_CONTACT,,,,D01;D02;D03;D04;D05;D06;D07,D01;D02;D03;D04;D05;D06;D07,,REMAINING_SEASON_POLICY,NOT_CALCULATED,False
2021-05-14_WAS_CLE,2021-05-14,WAS,CLE,15,WAS_TRENT_BROWN,INCUMBENT_CONDITIONAL,DIRECT_ROSTER_CONTACT,,D01,,D01,D01;D02;D03;D04;D05;D06;D07,,LARGE_MARGIN_BOUNDARY,NOT_CALCULATED,False
2021-05-14_PHI_ORL,2021-05-14,PHI,ORL,25,INCUMBENT_CONDITIONAL,ORL_VUCEVIC_GORDON_A,DIRECT_ROSTER_CONTACT,,,,D01;D02;D03;D04;D05;D06;D07,D01;D02;D03;D04;D05;D06;D07,,REMAINING_SEASON_POLICY,NOT_CALCULATED,False
2021-05-14_DET_DEN,2021-05-14,DET,DEN,13,DET_PATRICK_KIRA,DEN_GORDON_A,DIRECT_ROSTER_CONTACT,,,,D01;D02;D03;D04;D05;D06;D07,D01;D02;D03;D04;D05;D06;D07,,REMAINING_SEASON_POLICY,NOT_CALCULATED,False
2021-05-14_OKC_UTA,2021-05-14,OKC,UTA,16,INCUMBENT_CONDITIONAL,INCUMBENT_CONDITIONAL,NO_DIRECT_DELTA_IDENTIFIED,,,,D01;D02;D03;D04;D05;D06;D07,D01;D02;D03;D04;D05;D06;D07,,REMAINING_SEASON_POLICY,NOT_CALCULATED,False
2021-05-14_DAL_TOR,2021-05-14,DAL,TOR,4,DAL_HAMPTON,TOR_POWELL,DIRECT_ROSTER_CONTACT,D02;D07,,,D01;D02;D03;D04;D05;D06;D07,D01;D02;D03;D04;D05;D06;D07,,LARGE_MARGIN_BOUNDARY,NOT_CALCULATED,False
2021-05-14_HOU_LAC,2021-05-14,HOU,LAC,7,INCUMBENT_CONDITIONAL,INCUMBENT_CONDITIONAL,NO_DIRECT_DELTA_IDENTIFIED,,,,D01;D02;D03;D04;D05;D06;D07,D01;D02;D03;D04;D05;D06;D07,,REMAINING_SEASON_POLICY,NOT_CALCULATED,False
2021-05-14_MEM_SAC,2021-05-14,MEM,SAC,1,INCUMBENT_CONDITIONAL,INCUMBENT_CONDITIONAL,NO_DIRECT_DELTA_IDENTIFIED,,,,D03,D01;D02;D03;D04;D05;D06;D07,,CLOSE80_PAIRED_INPUT,NOT_CALCULATED,False
2021-05-14_GSW_NOP,2021-05-14,GSW,NOP,3,GSW_WIGGINS_HUTCHISON_INACTIVE,NOP_HAYES,DIRECT_ROSTER_CONTACT,,,,D01;D02;D03;D04;D05;D06;D07,D01;D02;D03;D04;D05;D06;D07,,CLOSE80_PAIRED_INPUT,NOT_CALCULATED,False
2021-05-15_NYK_CHA,2021-05-15,NYK,CHA,9,INCUMBENT_CONDITIONAL,CHA_EDWARDS_TERRY,DIRECT_ROSTER_CONTACT,,D01;D07,D05;D06;D07,D01;D02;D03;D04;D05;D06;D07,D01;D02;D03;D04;D05;D06;D07,,LARGE_MARGIN_BOUNDARY,NOT_CALCULATED,False
2021-05-15_IND_LAL,2021-05-15,IND,LAL,7,INCUMBENT_CONDITIONAL,LAL_AD_CORE,TRANSACTION_DEPENDENCY,D02;D07,,,D02;D07,D01;D02;D03;D04;D05;D06;D07,,LARGE_MARGIN_BOUNDARY,NOT_CALCULATED,False
2021-05-15_MIN_BOS,2021-05-15,MIN,BOS,16,MIN_RIVAL,BOS_FOURNIER_PATH,DIRECT_ROSTER_CONTACT,,,,,D01;D03;D04;D05;D06,,REMAINING_SEASON_POLICY,NOT_CALCULATED,False
2021-05-15_SAS_PHX,2021-05-15,SAS,PHX,37,INCUMBENT_CONDITIONAL,INCUMBENT_CONDITIONAL,NO_DIRECT_DELTA_IDENTIFIED,,,,,D01;D02;D03;D04;D05;D06;D07,,REMAINING_SEASON_POLICY,NOT_CALCULATED,False
2021-05-15_MIL_MIA,2021-05-15,MIL,MIA,14,INCUMBENT_CONDITIONAL,INCUMBENT_CONDITIONAL,NO_DIRECT_DELTA_IDENTIFIED,,,,D01;D02;D03;D04;D05;D06;D07,D01;D02;D03;D04;D05;D06;D07,,REMAINING_SEASON_POLICY,NOT_CALCULATED,False
2021-05-16_TOR_IND,2021-05-16,TOR,IND,12,TOR_POWELL,INCUMBENT_CONDITIONAL,DIRECT_ROSTER_CONTACT,,,,D02;D07,D01;D02;D03;D04;D05;D06;D07,,REMAINING_SEASON_POLICY,NOT_CALCULATED,False
2021-05-16_WAS_CHA,2021-05-16,WAS,CHA,5,WAS_TRENT_BROWN,CHA_EDWARDS_TERRY,DIRECT_ROSTER_CONTACT,,D01;D07,D05;D06;D07,D01;D05;D06;D07,D01;D02;D03;D04;D05;D06;D07,,LARGE_MARGIN_BOUNDARY,NOT_CALCULATED,False
2021-05-16_NYK_BOS,2021-05-16,NYK,BOS,4,INCUMBENT_CONDITIONAL,BOS_FOURNIER_PATH,TRANSACTION_DEPENDENCY,,,,D01;D02;D03;D04;D05;D06;D07,D01;D02;D03;D04;D05;D06;D07,,REMAINING_SEASON_POLICY,NOT_CALCULATED,False
2021-05-16_SAS_PHX,2021-05-16,SAS,PHX,2,INCUMBENT_CONDITIONAL,INCUMBENT_CONDITIONAL,NO_DIRECT_DELTA_IDENTIFIED,,,,,D01;D02;D03;D04;D05;D06;D07,,CLOSE80_PAIRED_INPUT,NOT_CALCULATED,False
2021-05-16_GSW_MEM,2021-05-16,GSW,MEM,12,GSW_WIGGINS_HUTCHISON_INACTIVE,INCUMBENT_CONDITIONAL,TRANSACTION_DEPENDENCY,D01;D03;D05,,,D01;D02;D03;D04;D05;D06;D07,D01;D02;D03;D04;D05;D06;D07,,LARGE_MARGIN_BOUNDARY,NOT_CALCULATED,False
2021-05-16_PHI_ORL,2021-05-16,PHI,ORL,11,INCUMBENT_CONDITIONAL,ORL_VUCEVIC_GORDON_A,DIRECT_ROSTER_CONTACT,,,,D01;D02;D03;D04;D05;D06;D07,D01;D02;D03;D04;D05;D06;D07,,REMAINING_SEASON_POLICY,NOT_CALCULATED,False
2021-05-16_BKN_CLE,2021-05-16,BKN,CLE,14,INCUMBENT_CONDITIONAL,INCUMBENT_CONDITIONAL,NO_DIRECT_DELTA_IDENTIFIED,,,,,D01;D02;D03;D04;D05;D06;D07,,REMAINING_SEASON_POLICY,NOT_CALCULATED,False
2021-05-16_ATL_HOU,2021-05-16,ATL,HOU,29,INCUMBENT_CONDITIONAL,INCUMBENT_CONDITIONAL,NO_DIRECT_DELTA_IDENTIFIED,,,,D01;D03;D05,D01;D02;D03;D04;D05;D06;D07,,REMAINING_SEASON_POLICY,NOT_CALCULATED,False
2021-05-16_DET_MIA,2021-05-16,DET,MIA,13,DET_PATRICK_KIRA,INCUMBENT_CONDITIONAL,DIRECT_ROSTER_CONTACT,,,,,D01;D02;D03;D04;D05;D06;D07,,REMAINING_SEASON_POLICY,NOT_CALCULATED,False
2021-05-16_NOP_LAL,2021-05-16,NOP,LAL,12,NOP_HAYES,LAL_AD_CORE,DIRECT_ROSTER_CONTACT,D02;D07,,,D01;D02;D03;D04;D05;D06;D07,D01;D02;D03;D04;D05;D06;D07,,LARGE_MARGIN_BOUNDARY,NOT_CALCULATED,False
2021-05-16_MIN_DAL,2021-05-16,MIN,DAL,15,MIN_RIVAL,DAL_HAMPTON,DIRECT_ROSTER_CONTACT,D01;D03;D05,,,D01;D02;D03;D04;D05;D06;D07,D01;D02;D03;D04;D05;D06;D07,,LARGE_MARGIN_BOUNDARY,NOT_CALCULATED,False
2021-05-16_POR_DEN,2021-05-16,POR,DEN,16,POR_NO_POWELL_HOOD,DEN_GORDON_A,DIRECT_ROSTER_CONTACT,D01;D03;D05,,,D01;D03;D05,D01;D02;D03;D04;D05;D06;D07,,LARGE_MARGIN_BOUNDARY,NOT_CALCULATED,False
2021-05-16_SAC_UTA,2021-05-16,SAC,UTA,22,INCUMBENT_CONDITIONAL,INCUMBENT_CONDITIONAL,NO_DIRECT_DELTA_IDENTIFIED,,,,D01;D02;D03;D04;D05;D06;D07,D01;D02;D03;D04;D05;D06;D07,,REMAINING_SEASON_POLICY,NOT_CALCULATED,False
2021-05-16_OKC_LAC,2021-05-16,OKC,LAC,5,INCUMBENT_CONDITIONAL,INCUMBENT_CONDITIONAL,NO_DIRECT_DELTA_IDENTIFIED,,,,D01;D02;D03;D04;D05;D06;D07,D01;D02;D03;D04;D05;D06;D07,,REMAINING_SEASON_POLICY,NOT_CALCULATED,False
