event_id,game_id,date,home,away,team,player,person_id,seconds,start,comment,pts,plus_minus,official_url
2020-12-26_CHA_OKC,0022000022,2020-12-26,CHA,OKC,CHA,Bismack Biyombo,202687,1819,1,,5,-5,https://www.nba.com/game/0022000022/box-score
2020-12-26_CHA_OKC,0022000022,2020-12-26,CHA,OKC,CHA,Caleb Martin,1628997,923,0,,10,7,https://www.nba.com/game/0022000022/box-score
2020-12-26_CHA_OKC,0022000022,2020-12-26,CHA,OKC,CHA,Cody Martin,1628998,971,0,,0,3,https://www.nba.com/game/0022000022/box-score
2020-12-26_CHA_OKC,0022000022,2020-12-26,CHA,OKC,CHA,Devonte' Graham,1628984,2030,1,,14,14,https://www.nba.com/game/0022000022/box-score
2020-12-26_CHA_OKC,0022000022,2020-12-26,CHA,OKC,CHA,Gordon Hayward,202330,2081,1,,12,-2,https://www.nba.com/game/0022000022/box-score
2020-12-26_CHA_OKC,0022000022,2020-12-26,CHA,OKC,CHA,Jalen McDaniels,1629667,643,0,,2,13,https://www.nba.com/game/0022000022/box-score
2020-12-26_CHA_OKC,0022000022,2020-12-26,CHA,OKC,CHA,LaMelo Ball,1630163,919,0,,13,-11,https://www.nba.com/game/0022000022/box-score
2020-12-26_CHA_OKC,0022000022,2020-12-26,CHA,OKC,CHA,Malik Monk,1628370,0,0,DNP - Coach's Decision,0,0,https://www.nba.com/game/0022000022/box-score
2020-12-26_CHA_OKC,0022000022,2020-12-26,CHA,OKC,CHA,Miles Bridges,1628970,1387,0,,14,-4,https://www.nba.com/game/0022000022/box-score
2020-12-26_CHA_OKC,0022000022,2020-12-26,CHA,OKC,CHA,Nick Richards,1630208,0,0,DNP - Coach's Decision,0,0,https://www.nba.com/game/0022000022/box-score
2020-12-26_CHA_OKC,0022000022,2020-12-26,CHA,OKC,CHA,P.J. Washington,1629023,1749,1,,18,-7,https://www.nba.com/game/0022000022/box-score
2020-12-26_CHA_OKC,0022000022,2020-12-26,CHA,OKC,CHA,Terry Rozier,1626179,1878,1,,19,-18,https://www.nba.com/game/0022000022/box-score
2020-12-26_CHA_OKC,0022000022,2020-12-26,CHA,OKC,CHA,Vernon Carey Jr.,1630176,0,0,DNP - Coach's Decision,0,0,https://www.nba.com/game/0022000022/box-score
2020-12-26_CHA_OKC,0022000022,2020-12-26,CHA,OKC,OKC,Al Horford,201143,1713,1,,3,3,https://www.nba.com/game/0022000022/box-score
2020-12-26_CHA_OKC,0022000022,2020-12-26,CHA,OKC,OKC,Aleksej Pokusevski,1630197,656,0,,0,-13,https://www.nba.com/game/0022000022/box-score
2020-12-26_CHA_OKC,0022000022,2020-12-26,CHA,OKC,OKC,Darius Bazley,1629647,1976,1,,15,9,https://www.nba.com/game/0022000022/box-score
2020-12-26_CHA_OKC,0022000022,2020-12-26,CHA,OKC,OKC,Darius Miller,203121,0,0,DNP - Coach's Decision,0,0,https://www.nba.com/game/0022000022/box-score
2020-12-26_CHA_OKC,0022000022,2020-12-26,CHA,OKC,OKC,George Hill,201588,1443,1,,21,10,https://www.nba.com/game/0022000022/box-score
2020-12-26_CHA_OKC,0022000022,2020-12-26,CHA,OKC,OKC,Hamidou Diallo,1628977,1180,0,,8,-9,https://www.nba.com/game/0022000022/box-score
2020-12-26_CHA_OKC,0022000022,2020-12-26,CHA,OKC,OKC,Isaiah Roby,1629676,0,0,DNP - Coach's Decision,0,0,https://www.nba.com/game/0022000022/box-score
2020-12-26_CHA_OKC,0022000022,2020-12-26,CHA,OKC,OKC,Josh Hall,1630221,0,0,DNP - Coach's Decision,0,0,https://www.nba.com/game/0022000022/box-score
2020-12-26_CHA_OKC,0022000022,2020-12-26,CHA,OKC,OKC,Justin Jackson,1628382,0,0,DNP - Coach's Decision,0,0,https://www.nba.com/game/0022000022/box-score
2020-12-26_CHA_OKC,0022000022,2020-12-26,CHA,OKC,OKC,Kenrich Williams,1629026,980,0,,5,-6,https://www.nba.com/game/0022000022/box-score
2020-12-26_CHA_OKC,0022000022,2020-12-26,CHA,OKC,OKC,Luguentz Dort,1629652,2074,1,,15,16,https://www.nba.com/game/0022000022/box-score
2020-12-26_CHA_OKC,0022000022,2020-12-26,CHA,OKC,OKC,Mike Muscala,203488,1090,0,,14,2,https://www.nba.com/game/0022000022/box-score
2020-12-26_CHA_OKC,0022000022,2020-12-26,CHA,OKC,OKC,Moses Brown,1629650,0,0,DNP - Coach's Decision,0,0,https://www.nba.com/game/0022000022/box-score
2020-12-26_CHA_OKC,0022000022,2020-12-26,CHA,OKC,OKC,Shai Gilgeous-Alexander,1628983,2062,1,,24,14,https://www.nba.com/game/0022000022/box-score
2020-12-26_CHA_OKC,0022000022,2020-12-26,CHA,OKC,OKC,Theo Maledon,1630177,1226,0,,4,-16,https://www.nba.com/game/0022000022/box-score
2020-12-27_CHA_BKN,0022000032,2020-12-27,CHA,BKN,BKN,Bruce Brown,1628971,0,0,DNP - Coach's Decision,0,0,https://www.nba.com/game/0022000032/box-score
2020-12-27_CHA_BKN,0022000032,2020-12-27,CHA,BKN,BKN,Caris LeVert,1627747,1549,0,,10,-12,https://www.nba.com/game/0022000032/box-score
2020-12-27_CHA_BKN,0022000032,2020-12-27,CHA,BKN,BKN,DeAndre Jordan,201599,1138,1,,1,2,https://www.nba.com/game/0022000032/box-score
2020-12-27_CHA_BKN,0022000032,2020-12-27,CHA,BKN,BKN,Jarrett Allen,1628386,1521,0,,8,-3,https://www.nba.com/game/0022000032/box-score
2020-12-27_CHA_BKN,0022000032,2020-12-27,CHA,BKN,BKN,Jeff Green,201145,763,0,,0,-5,https://www.nba.com/game/0022000032/box-score
2020-12-27_CHA_BKN,0022000032,2020-12-27,CHA,BKN,BKN,Joe Harris,203925,1939,1,,13,2,https://www.nba.com/game/0022000032/box-score
2020-12-27_CHA_BKN,0022000032,2020-12-27,CHA,BKN,BKN,Kevin Durant,201142,2181,1,,29,7,https://www.nba.com/game/0022000032/box-score
2020-12-27_CHA_BKN,0022000032,2020-12-27,CHA,BKN,BKN,Kyrie Irving,202681,2181,1,,25,7,https://www.nba.com/game/0022000032/box-score
2020-12-27_CHA_BKN,0022000032,2020-12-27,CHA,BKN,BKN,Landry Shamet,1629013,798,0,,0,-4,https://www.nba.com/game/0022000032/box-score
2020-12-27_CHA_BKN,0022000032,2020-12-27,CHA,BKN,BKN,Reggie Perry,1629617,0,0,DNP - Coach's Decision,0,0,https://www.nba.com/game/0022000032/box-score
2020-12-27_CHA_BKN,0022000032,2020-12-27,CHA,BKN,BKN,Rodions Kurucs,1629066,0,0,DNP - Coach's Decision,0,0,https://www.nba.com/game/0022000032/box-score
2020-12-27_CHA_BKN,0022000032,2020-12-27,CHA,BKN,BKN,Spencer Dinwiddie,203915,911,1,,5,2,https://www.nba.com/game/0022000032/box-score
2020-12-27_CHA_BKN,0022000032,2020-12-27,CHA,BKN,BKN,Taurean Prince,1627752,699,0,,2,-9,https://www.nba.com/game/0022000032/box-score
2020-12-27_CHA_BKN,0022000032,2020-12-27,CHA,BKN,BKN,Timothe Luwawu-Cabarrot,1627789,720,0,,11,3,https://www.nba.com/game/0022000032/box-score
2020-12-27_CHA_BKN,0022000032,2020-12-27,CHA,BKN,BKN,Tyler Johnson,204020,0,0,DNP - Coach's Decision,0,0,https://www.nba.com/game/0022000032/box-score
2020-12-27_IND_BOS,0022000037,2020-12-27,IND,BOS,BOS,Aaron Nesmith,1630174,0,0,DNP - Coach's Decision,0,0,https://www.nba.com/game/0022000037/box-score
2020-12-27_IND_BOS,0022000037,2020-12-27,IND,BOS,BOS,Carsen Edwards,1629035,0,0,DNP - Coach's Decision,0,0,https://www.nba.com/game/0022000037/box-score
2020-12-27_IND_BOS,0022000037,2020-12-27,IND,BOS,BOS,Daniel Theis,1628464,896,1,,4,-5,https://www.nba.com/game/0022000037/box-score
2020-12-27_IND_BOS,0022000037,2020-12-27,IND,BOS,BOS,Grant Williams,1629684,1374,0,,6,3,https://www.nba.com/game/0022000037/box-score
2020-12-27_IND_BOS,0022000037,2020-12-27,IND,BOS,BOS,Javonte Green,1629750,0,0,DNP - Coach's Decision,0,0,https://www.nba.com/game/0022000037/box-score
2020-12-27_IND_BOS,0022000037,2020-12-27,IND,BOS,BOS,Jaylen Brown,1627759,2017,1,,18,1,https://www.nba.com/game/0022000037/box-score
2020-12-27_IND_BOS,0022000037,2020-12-27,IND,BOS,BOS,Jayson Tatum,1628369,2147,1,,25,-6,https://www.nba.com/game/0022000037/box-score
2020-12-27_IND_BOS,0022000037,2020-12-27,IND,BOS,BOS,Jeff Teague,201952,1311,0,,9,0,https://www.nba.com/game/0022000037/box-score
2020-12-27_IND_BOS,0022000037,2020-12-27,IND,BOS,BOS,Marcus Smart,203935,1898,1,,11,-4,https://www.nba.com/game/0022000037/box-score
2020-12-27_IND_BOS,0022000037,2020-12-27,IND,BOS,BOS,Payton Pritchard,1630202,1381,0,,13,9,https://www.nba.com/game/0022000037/box-score
2020-12-27_IND_BOS,0022000037,2020-12-27,IND,BOS,BOS,Robert Williams III,1629057,1294,0,,12,-4,https://www.nba.com/game/0022000037/box-score
2020-12-27_IND_BOS,0022000037,2020-12-27,IND,BOS,BOS,Semi Ojeleye,1628400,745,0,,2,0,https://www.nba.com/game/0022000037/box-score
2020-12-27_IND_BOS,0022000037,2020-12-27,IND,BOS,BOS,Tremont Waters,1629682,0,0,DNP - Coach's Decision,0,0,https://www.nba.com/game/0022000037/box-score
2020-12-27_IND_BOS,0022000037,2020-12-27,IND,BOS,BOS,Tristan Thompson,202684,1337,1,,7,1,https://www.nba.com/game/0022000037/box-score
2020-12-27_CHA_BKN,0022000032,2020-12-27,CHA,BKN,CHA,Bismack Biyombo,202687,1778,1,,12,-3,https://www.nba.com/game/0022000032/box-score
2020-12-27_CHA_BKN,0022000032,2020-12-27,CHA,BKN,CHA,Caleb Martin,1628997,285,0,,0,-2,https://www.nba.com/game/0022000032/box-score
2020-12-27_CHA_BKN,0022000032,2020-12-27,CHA,BKN,CHA,Cody Martin,1628998,1063,0,,4,5,https://www.nba.com/game/0022000032/box-score
2020-12-27_CHA_BKN,0022000032,2020-12-27,CHA,BKN,CHA,Devonte' Graham,1628984,2129,1,,13,14,https://www.nba.com/game/0022000032/box-score
2020-12-27_CHA_BKN,0022000032,2020-12-27,CHA,BKN,CHA,Gordon Hayward,202330,2135,1,,28,1,https://www.nba.com/game/0022000032/box-score
2020-12-27_CHA_BKN,0022000032,2020-12-27,CHA,BKN,CHA,Jalen McDaniels,1629667,245,0,,0,-2,https://www.nba.com/game/0022000032/box-score
2020-12-27_CHA_BKN,0022000032,2020-12-27,CHA,BKN,CHA,LaMelo Ball,1630163,1201,0,,6,-4,https://www.nba.com/game/0022000032/box-score
2020-12-27_CHA_BKN,0022000032,2020-12-27,CHA,BKN,CHA,Malik Monk,1628370,0,0,DNP - Coach's Decision,0,0,https://www.nba.com/game/0022000032/box-score
2020-12-27_CHA_BKN,0022000032,2020-12-27,CHA,BKN,CHA,Miles Bridges,1628970,1662,0,,10,2,https://www.nba.com/game/0022000032/box-score
2020-12-27_CHA_BKN,0022000032,2020-12-27,CHA,BKN,CHA,Nick Richards,1630208,0,0,DNP - Coach's Decision,0,0,https://www.nba.com/game/0022000032/box-score
2020-12-27_CHA_BKN,0022000032,2020-12-27,CHA,BKN,CHA,P.J. Washington,1629023,2075,1,,14,7,https://www.nba.com/game/0022000032/box-score
2020-12-27_CHA_BKN,0022000032,2020-12-27,CHA,BKN,CHA,Terry Rozier,1626179,1827,1,,19,-8,https://www.nba.com/game/0022000032/box-score
2020-12-27_CHA_BKN,0022000032,2020-12-27,CHA,BKN,CHA,Vernon Carey Jr.,1630176,0,0,DNP - Coach's Decision,0,0,https://www.nba.com/game/0022000032/box-score
2020-12-27_IND_BOS,0022000037,2020-12-27,IND,BOS,IND,Aaron Holiday,1628988,1314,1,,6,14,https://www.nba.com/game/0022000037/box-score
2020-12-27_IND_BOS,0022000037,2020-12-27,IND,BOS,IND,Cassius Stanley,1630199,0,0,DNP - Coach's Decision,0,0,https://www.nba.com/game/0022000037/box-score
2020-12-27_IND_BOS,0022000037,2020-12-27,IND,BOS,IND,Domantas Sabonis,1627734,2435,1,,19,3,https://www.nba.com/game/0022000037/box-score
2020-12-27_IND_BOS,0022000037,2020-12-27,IND,BOS,IND,Doug McDermott,203926,1630,0,,16,-9,https://www.nba.com/game/0022000037/box-score
2020-12-27_IND_BOS,0022000037,2020-12-27,IND,BOS,IND,JaKarr Sampson,203960,0,0,DNP - Coach's Decision,0,0,https://www.nba.com/game/0022000037/box-score
2020-12-27_IND_BOS,0022000037,2020-12-27,IND,BOS,IND,Jalen Lecque,1629665,0,0,DNP - Coach's Decision,0,0,https://www.nba.com/game/0022000037/box-score
2020-12-27_IND_BOS,0022000037,2020-12-27,IND,BOS,IND,Justin Holiday,203200,1686,0,,13,-2,https://www.nba.com/game/0022000037/box-score
2020-12-27_IND_BOS,0022000037,2020-12-27,IND,BOS,IND,Kelan Martin,1629103,0,0,DNP - Coach's Decision,0,0,https://www.nba.com/game/0022000037/box-score
2020-12-27_IND_BOS,0022000037,2020-12-27,IND,BOS,IND,Malcolm Brogdon,1627763,2180,1,,25,-4,https://www.nba.com/game/0022000037/box-score
2020-12-27_IND_BOS,0022000037,2020-12-27,IND,BOS,IND,Myles Turner,1626167,1757,1,,10,3,https://www.nba.com/game/0022000037/box-score
2020-12-27_IND_BOS,0022000037,2020-12-27,IND,BOS,IND,T.J. McConnell,204456,1148,0,,2,2,https://www.nba.com/game/0022000037/box-score
2020-12-27_IND_BOS,0022000037,2020-12-27,IND,BOS,IND,T.J. Warren,203933,2250,1,,17,-2,https://www.nba.com/game/0022000037/box-score
2021-01-03_BKN_WAS,0022000086,2021-01-03,BKN,WAS,BKN,Bruce Brown,1628971,0,0,DNP - Coach's Decision,0,0,https://www.nba.com/game/0022000086/box-score
2021-01-03_BKN_WAS,0022000086,2021-01-03,BKN,WAS,BKN,Caris LeVert,1627747,1484,0,,6,-5,https://www.nba.com/game/0022000086/box-score
2021-01-03_BKN_WAS,0022000086,2021-01-03,BKN,WAS,BKN,Chris Chiozza,1629185,0,0,DNP - Coach's Decision,0,0,https://www.nba.com/game/0022000086/box-score
2021-01-03_BKN_WAS,0022000086,2021-01-03,BKN,WAS,BKN,DeAndre Jordan,201599,882,1,,4,1,https://www.nba.com/game/0022000086/box-score
2021-01-03_BKN_WAS,0022000086,2021-01-03,BKN,WAS,BKN,Jarrett Allen,1628386,1483,0,,14,-5,https://www.nba.com/game/0022000086/box-score
2021-01-03_BKN_WAS,0022000086,2021-01-03,BKN,WAS,BKN,Jeff Green,201145,982,0,,2,-8,https://www.nba.com/game/0022000086/box-score
2021-01-03_BKN_WAS,0022000086,2021-01-03,BKN,WAS,BKN,Joe Harris,203925,1606,1,,16,11,https://www.nba.com/game/0022000086/box-score
2021-01-03_BKN_WAS,0022000086,2021-01-03,BKN,WAS,BKN,Kevin Durant,201142,2257,1,,28,11,https://www.nba.com/game/0022000086/box-score
2021-01-03_BKN_WAS,0022000086,2021-01-03,BKN,WAS,BKN,Kyrie Irving,202681,2343,1,,30,11,https://www.nba.com/game/0022000086/box-score
2021-01-03_BKN_WAS,0022000086,2021-01-03,BKN,WAS,BKN,Landry Shamet,1629013,1024,0,,0,-17,https://www.nba.com/game/0022000086/box-score
2021-01-03_BKN_WAS,0022000086,2021-01-03,BKN,WAS,BKN,Reggie Perry,1629617,0,0,DNP - Coach's Decision,0,0,https://www.nba.com/game/0022000086/box-score
2021-01-03_BKN_WAS,0022000086,2021-01-03,BKN,WAS,BKN,Rodions Kurucs,1629066,0,0,DNP - Coach's Decision,0,0,https://www.nba.com/game/0022000086/box-score
2021-01-03_BKN_WAS,0022000086,2021-01-03,BKN,WAS,BKN,Taurean Prince,1627752,909,0,,8,-14,https://www.nba.com/game/0022000086/box-score
2021-01-03_BKN_WAS,0022000086,2021-01-03,BKN,WAS,BKN,Timothe Luwawu-Cabarrot,1627789,1430,1,,14,10,https://www.nba.com/game/0022000086/box-score
2021-01-03_BKN_WAS,0022000086,2021-01-03,BKN,WAS,BKN,Tyler Johnson,204020,0,0,DNP - Coach's Decision,0,0,https://www.nba.com/game/0022000086/box-score
2021-01-03_BKN_WAS,0022000086,2021-01-03,BKN,WAS,WAS,Anthony Gill,1630264,0,0,DNP - Coach's Decision,0,0,https://www.nba.com/game/0022000086/box-score
2021-01-03_BKN_WAS,0022000086,2021-01-03,BKN,WAS,WAS,Bradley Beal,203078,2189,1,,27,-2,https://www.nba.com/game/0022000086/box-score
2021-01-03_BKN_WAS,0022000086,2021-01-03,BKN,WAS,WAS,Davis Bertans,202722,1840,0,,15,16,https://www.nba.com/game/0022000086/box-score
2021-01-03_BKN_WAS,0022000086,2021-01-03,BKN,WAS,WAS,Deni Avdija,1630166,983,1,,3,-9,https://www.nba.com/game/0022000086/box-score
2021-01-03_BKN_WAS,0022000086,2021-01-03,BKN,WAS,WAS,Garrison Mathews,1629726,0,0,DNP - Coach's Decision,0,0,https://www.nba.com/game/0022000086/box-score
2021-01-03_BKN_WAS,0022000086,2021-01-03,BKN,WAS,WAS,Isaac Bonga,1629067,0,0,DNP - Coach's Decision,0,0,https://www.nba.com/game/0022000086/box-score
2021-01-03_BKN_WAS,0022000086,2021-01-03,BKN,WAS,WAS,Ish Smith,202397,658,0,,5,4,https://www.nba.com/game/0022000086/box-score
2021-01-03_BKN_WAS,0022000086,2021-01-03,BKN,WAS,WAS,Jerome Robinson,1629010,706,0,,0,9,https://www.nba.com/game/0022000086/box-score
2021-01-03_BKN_WAS,0022000086,2021-01-03,BKN,WAS,WAS,Moritz Wagner,1629021,0,0,DNP - Coach's Decision,0,0,https://www.nba.com/game/0022000086/box-score
2021-01-03_BKN_WAS,0022000086,2021-01-03,BKN,WAS,WAS,Raul Neto,203526,862,0,,5,-3,https://www.nba.com/game/0022000086/box-score
2021-01-03_BKN_WAS,0022000086,2021-01-03,BKN,WAS,WAS,Robin Lopez,201577,1219,0,,8,2,https://www.nba.com/game/0022000086/box-score
2021-01-03_BKN_WAS,0022000086,2021-01-03,BKN,WAS,WAS,Rui Hachimura,1629060,2004,1,,15,-11,https://www.nba.com/game/0022000086/box-score
2021-01-03_BKN_WAS,0022000086,2021-01-03,BKN,WAS,WAS,Russell Westbrook,201566,2278,1,,24,0,https://www.nba.com/game/0022000086/box-score
2021-01-03_BKN_WAS,0022000086,2021-01-03,BKN,WAS,WAS,Thomas Bryant,1628418,1661,1,,21,-1,https://www.nba.com/game/0022000086/box-score
2021-01-03_BKN_WAS,0022000086,2021-01-03,BKN,WAS,WAS,Troy Brown Jr.,1628972,0,0,DNP - Coach's Decision,0,0,https://www.nba.com/game/0022000086/box-score
2021-01-04_NOP_IND,0022000100,2021-01-04,NOP,IND,IND,Aaron Holiday,1628988,1175,1,,3,-15,https://www.nba.com/game/0022000100/box-score
2021-01-04_NOP_IND,0022000100,2021-01-04,NOP,IND,IND,Cassius Stanley,1630199,0,0,DNP - Coach's Decision,0,0,https://www.nba.com/game/0022000100/box-score
2021-01-04_NOP_IND,0022000100,2021-01-04,NOP,IND,IND,Domantas Sabonis,1627734,2102,1,,19,-13,https://www.nba.com/game/0022000100/box-score
2021-01-04_NOP_IND,0022000100,2021-01-04,NOP,IND,IND,Doug McDermott,203926,1719,0,,11,14,https://www.nba.com/game/0022000100/box-score
2021-01-04_NOP_IND,0022000100,2021-01-04,NOP,IND,IND,Edmond Sumner,1628410,0,0,DNP - Coach's Decision,0,0,https://www.nba.com/game/0022000100/box-score
2021-01-04_NOP_IND,0022000100,2021-01-04,NOP,IND,IND,JaKarr Sampson,203960,539,0,,7,-1,https://www.nba.com/game/0022000100/box-score
2021-01-04_NOP_IND,0022000100,2021-01-04,NOP,IND,IND,Jalen Lecque,1629665,0,0,DNP - Coach's Decision,0,0,https://www.nba.com/game/0022000100/box-score
2021-01-04_NOP_IND,0022000100,2021-01-04,NOP,IND,IND,Justin Holiday,203200,2696,0,,9,11,https://www.nba.com/game/0022000100/box-score
2021-01-04_NOP_IND,0022000100,2021-01-04,NOP,IND,IND,Kelan Martin,1629103,0,0,DNP - Coach's Decision,0,0,https://www.nba.com/game/0022000100/box-score
2021-01-04_NOP_IND,0022000100,2021-01-04,NOP,IND,IND,Malcolm Brogdon,1627763,2745,1,,21,9,https://www.nba.com/game/0022000100/box-score
2021-01-04_NOP_IND,0022000100,2021-01-04,NOP,IND,IND,Myles Turner,1626167,1355,1,,17,-2,https://www.nba.com/game/0022000100/box-score
2021-01-04_NOP_IND,0022000100,2021-01-04,NOP,IND,IND,T.J. McConnell,204456,1411,0,,6,-1,https://www.nba.com/game/0022000100/box-score
2021-01-04_NOP_IND,0022000100,2021-01-04,NOP,IND,IND,Victor Oladipo,203506,2158,1,,25,8,https://www.nba.com/game/0022000100/box-score
2021-01-04_NOP_IND,0022000100,2021-01-04,NOP,IND,NOP,Brandon Ingram,1627742,2399,1,,31,-6,https://www.nba.com/game/0022000100/box-score
2021-01-04_NOP_IND,0022000100,2021-01-04,NOP,IND,NOP,Eric Bledsoe,202339,2064,1,,12,1,https://www.nba.com/game/0022000100/box-score
2021-01-04_NOP_IND,0022000100,2021-01-04,NOP,IND,NOP,JJ Redick,200755,1978,0,,3,-2,https://www.nba.com/game/0022000100/box-score
2021-01-04_NOP_IND,0022000100,2021-01-04,NOP,IND,NOP,Jaxson Hayes,1629637,833,0,,9,-6,https://www.nba.com/game/0022000100/box-score
2021-01-04_NOP_IND,0022000100,2021-01-04,NOP,IND,NOP,Josh Hart,1628404,1711,0,,3,-9,https://www.nba.com/game/0022000100/box-score
2021-01-04_NOP_IND,0022000100,2021-01-04,NOP,IND,NOP,Kira Lewis Jr.,1630184,0,0,DNP - Coach's Decision,0,0,https://www.nba.com/game/0022000100/box-score
2021-01-04_NOP_IND,0022000100,2021-01-04,NOP,IND,NOP,Lonzo Ball,1628366,2289,1,,18,-2,https://www.nba.com/game/0022000100/box-score
2021-01-04_NOP_IND,0022000100,2021-01-04,NOP,IND,NOP,Naji Marshall,1630230,0,0,DNP - Coach's Decision,0,0,https://www.nba.com/game/0022000100/box-score
2021-01-04_NOP_IND,0022000100,2021-01-04,NOP,IND,NOP,Nickeil Alexander-Walker,1629638,658,0,,6,-7,https://www.nba.com/game/0022000100/box-score
2021-01-04_NOP_IND,0022000100,2021-01-04,NOP,IND,NOP,Nicolo Melli,1629740,0,0,DNP - Coach's Decision,0,0,https://www.nba.com/game/0022000100/box-score
2021-01-04_NOP_IND,0022000100,2021-01-04,NOP,IND,NOP,Steven Adams,203500,1861,1,,10,3,https://www.nba.com/game/0022000100/box-score
2021-01-04_NOP_IND,0022000100,2021-01-04,NOP,IND,NOP,Wenyen Gabriel,1629117,0,0,DNP - Coach's Decision,0,0,https://www.nba.com/game/0022000100/box-score
2021-01-04_NOP_IND,0022000100,2021-01-04,NOP,IND,NOP,Will Magnay,1630266,0,0,DNP - Coach's Decision,0,0,https://www.nba.com/game/0022000100/box-score
2021-01-04_NOP_IND,0022000100,2021-01-04,NOP,IND,NOP,Willy Hernangomez,1626195,0,0,DNP - Coach's Decision,0,0,https://www.nba.com/game/0022000100/box-score
2021-01-04_NOP_IND,0022000100,2021-01-04,NOP,IND,NOP,Zion Williamson,1629627,2108,1,,24,18,https://www.nba.com/game/0022000100/box-score
2021-01-14_TOR_CHA,0022000175,2021-01-14,TOR,CHA,CHA,Bismack Biyombo,202687,1491,1,,10,-6,https://www.nba.com/game/0022000175/box-score
2021-01-14_TOR_CHA,0022000175,2021-01-14,TOR,CHA,CHA,Caleb Martin,1628997,1455,1,,5,-8,https://www.nba.com/game/0022000175/box-score
2021-01-14_TOR_CHA,0022000175,2021-01-14,TOR,CHA,CHA,Cody Martin,1628998,333,0,,0,-15,https://www.nba.com/game/0022000175/box-score
2021-01-14_TOR_CHA,0022000175,2021-01-14,TOR,CHA,CHA,Devonte' Graham,1628984,2232,1,,15,15,https://www.nba.com/game/0022000175/box-score
2021-01-14_TOR_CHA,0022000175,2021-01-14,TOR,CHA,CHA,Gordon Hayward,202330,0,0,DND - Injury/Illness,0,0,https://www.nba.com/game/0022000175/box-score
2021-01-14_TOR_CHA,0022000175,2021-01-14,TOR,CHA,CHA,Jalen McDaniels,1629667,0,0,DNP - Coach's Decision,0,0,https://www.nba.com/game/0022000175/box-score
2021-01-14_TOR_CHA,0022000175,2021-01-14,TOR,CHA,CHA,LaMelo Ball,1630163,1565,0,,14,-4,https://www.nba.com/game/0022000175/box-score
2021-01-14_TOR_CHA,0022000175,2021-01-14,TOR,CHA,CHA,Malik Monk,1628370,1378,0,,10,-11,https://www.nba.com/game/0022000175/box-score
2021-01-14_TOR_CHA,0022000175,2021-01-14,TOR,CHA,CHA,Miles Bridges,1628970,1726,0,,12,14,https://www.nba.com/game/0022000175/box-score
2021-01-14_TOR_CHA,0022000175,2021-01-14,TOR,CHA,CHA,Nick Richards,1630208,0,0,DNP - Coach's Decision,0,0,https://www.nba.com/game/0022000175/box-score
2021-01-14_TOR_CHA,0022000175,2021-01-14,TOR,CHA,CHA,P.J. Washington,1629023,1992,1,,20,3,https://www.nba.com/game/0022000175/box-score
2021-01-14_TOR_CHA,0022000175,2021-01-14,TOR,CHA,CHA,Terry Rozier,1626179,2228,1,,22,-3,https://www.nba.com/game/0022000175/box-score
2021-01-14_TOR_CHA,0022000175,2021-01-14,TOR,CHA,CHA,Vernon Carey Jr.,1630176,0,0,DNP - Coach's Decision,0,0,https://www.nba.com/game/0022000175/box-score
2021-01-14_TOR_CHA,0022000175,2021-01-14,TOR,CHA,TOR,Aron Baynes,203382,453,1,,2,-1,https://www.nba.com/game/0022000175/box-score
2021-01-14_TOR_CHA,0022000175,2021-01-14,TOR,CHA,TOR,Chris Boucher,1628449,1771,0,,25,1,https://www.nba.com/game/0022000175/box-score
2021-01-14_TOR_CHA,0022000175,2021-01-14,TOR,CHA,TOR,DeAndre' Bembry,1627761,0,0,DNP - Coach's Decision,0,0,https://www.nba.com/game/0022000175/box-score
2021-01-14_TOR_CHA,0022000175,2021-01-14,TOR,CHA,TOR,Fred VanVleet,1627832,2130,1,,17,-5,https://www.nba.com/game/0022000175/box-score
2021-01-14_TOR_CHA,0022000175,2021-01-14,TOR,CHA,TOR,Jalen Harris,1630223,0,0,DNP - Coach's Decision,0,0,https://www.nba.com/game/0022000175/box-score
2021-01-14_TOR_CHA,0022000175,2021-01-14,TOR,CHA,TOR,Kyle Lowry,200768,2093,1,,16,14,https://www.nba.com/game/0022000175/box-score
2021-01-14_TOR_CHA,0022000175,2021-01-14,TOR,CHA,TOR,Malachi Flynn,1630201,387,0,,3,-7,https://www.nba.com/game/0022000175/box-score
2021-01-14_TOR_CHA,0022000175,2021-01-14,TOR,CHA,TOR,Matt Thomas,1629744,0,0,DNP - Coach's Decision,0,0,https://www.nba.com/game/0022000175/box-score
2021-01-14_TOR_CHA,0022000175,2021-01-14,TOR,CHA,TOR,Norman Powell,1626181,1176,0,,11,7,https://www.nba.com/game/0022000175/box-score
2021-01-14_TOR_CHA,0022000175,2021-01-14,TOR,CHA,TOR,O.G. Anunoby,1628384,1981,1,,13,-5,https://www.nba.com/game/0022000175/box-score
2021-01-14_TOR_CHA,0022000175,2021-01-14,TOR,CHA,TOR,Pascal Siakam,1627783,2262,1,,15,1,https://www.nba.com/game/0022000175/box-score
2021-01-14_TOR_CHA,0022000175,2021-01-14,TOR,CHA,TOR,Paul Watson,1628778,0,0,DNP - Coach's Decision,0,0,https://www.nba.com/game/0022000175/box-score
2021-01-14_TOR_CHA,0022000175,2021-01-14,TOR,CHA,TOR,Stanley Johnson,1626169,1248,0,,6,2,https://www.nba.com/game/0022000175/box-score
2021-01-14_TOR_CHA,0022000175,2021-01-14,TOR,CHA,TOR,Terence Davis,1629056,0,0,DNP - Coach's Decision,0,0,https://www.nba.com/game/0022000175/box-score
2021-01-14_TOR_CHA,0022000175,2021-01-14,TOR,CHA,TOR,Yuta Watanabe,1629139,899,0,,3,8,https://www.nba.com/game/0022000175/box-score
2021-01-16_TOR_CHA,0022000191,2021-01-16,TOR,CHA,CHA,Bismack Biyombo,202687,2013,1,,6,4,https://www.nba.com/game/0022000191/box-score
2021-01-16_TOR_CHA,0022000191,2021-01-16,TOR,CHA,CHA,Caleb Martin,1628997,329,0,,1,-11,https://www.nba.com/game/0022000191/box-score
2021-01-16_TOR_CHA,0022000191,2021-01-16,TOR,CHA,CHA,Cody Martin,1628998,0,0,DNP - Coach's Decision,0,0,https://www.nba.com/game/0022000191/box-score
2021-01-16_TOR_CHA,0022000191,2021-01-16,TOR,CHA,CHA,Devonte' Graham,1628984,2305,1,,20,2,https://www.nba.com/game/0022000191/box-score
2021-01-16_TOR_CHA,0022000191,2021-01-16,TOR,CHA,CHA,Gordon Hayward,202330,2289,1,,25,0,https://www.nba.com/game/0022000191/box-score
2021-01-16_TOR_CHA,0022000191,2021-01-16,TOR,CHA,CHA,Jalen McDaniels,1629667,0,0,DNP - Coach's Decision,0,0,https://www.nba.com/game/0022000191/box-score
2021-01-16_TOR_CHA,0022000191,2021-01-16,TOR,CHA,CHA,LaMelo Ball,1630163,1378,0,,11,-19,https://www.nba.com/game/0022000191/box-score
2021-01-16_TOR_CHA,0022000191,2021-01-16,TOR,CHA,CHA,Malik Monk,1628370,232,0,,2,-7,https://www.nba.com/game/0022000191/box-score
2021-01-16_TOR_CHA,0022000191,2021-01-16,TOR,CHA,CHA,Miles Bridges,1628970,1548,0,,10,-23,https://www.nba.com/game/0022000191/box-score
2021-01-16_TOR_CHA,0022000191,2021-01-16,TOR,CHA,CHA,Nick Richards,1630208,0,0,DNP - Coach's Decision,0,0,https://www.nba.com/game/0022000191/box-score
2021-01-16_TOR_CHA,0022000191,2021-01-16,TOR,CHA,CHA,P.J. Washington,1629023,2023,1,,14,19,https://www.nba.com/game/0022000191/box-score
2021-01-16_TOR_CHA,0022000191,2021-01-16,TOR,CHA,CHA,Terry Rozier,1626179,2283,1,,24,20,https://www.nba.com/game/0022000191/box-score
2021-01-16_TOR_CHA,0022000191,2021-01-16,TOR,CHA,CHA,Vernon Carey Jr.,1630176,0,0,DNP - Coach's Decision,0,0,https://www.nba.com/game/0022000191/box-score
2021-01-16_TOR_CHA,0022000191,2021-01-16,TOR,CHA,TOR,Aron Baynes,203382,260,1,,0,-10,https://www.nba.com/game/0022000191/box-score
2021-01-16_TOR_CHA,0022000191,2021-01-16,TOR,CHA,TOR,Chris Boucher,1628449,1850,0,,20,15,https://www.nba.com/game/0022000191/box-score
2021-01-16_TOR_CHA,0022000191,2021-01-16,TOR,CHA,TOR,DeAndre' Bembry,1627761,0,0,DNP - Coach's Decision,0,0,https://www.nba.com/game/0022000191/box-score
2021-01-16_TOR_CHA,0022000191,2021-01-16,TOR,CHA,TOR,Fred VanVleet,1627832,2183,1,,15,7,https://www.nba.com/game/0022000191/box-score
2021-01-16_TOR_CHA,0022000191,2021-01-16,TOR,CHA,TOR,Jalen Harris,1630223,0,0,DNP - Coach's Decision,0,0,https://www.nba.com/game/0022000191/box-score
2021-01-16_TOR_CHA,0022000191,2021-01-16,TOR,CHA,TOR,Kyle Lowry,200768,2202,1,,19,-9,https://www.nba.com/game/0022000191/box-score
2021-01-16_TOR_CHA,0022000191,2021-01-16,TOR,CHA,TOR,Malachi Flynn,1630201,1092,0,,5,11,https://www.nba.com/game/0022000191/box-score
2021-01-16_TOR_CHA,0022000191,2021-01-16,TOR,CHA,TOR,Matt Thomas,1629744,0,0,DNP - Coach's Decision,0,0,https://www.nba.com/game/0022000191/box-score
2021-01-16_TOR_CHA,0022000191,2021-01-16,TOR,CHA,TOR,Norman Powell,1626181,1704,0,,24,22,https://www.nba.com/game/0022000191/box-score
2021-01-16_TOR_CHA,0022000191,2021-01-16,TOR,CHA,TOR,O.G. Anunoby,1628384,2133,1,,18,-10,https://www.nba.com/game/0022000191/box-score
2021-01-16_TOR_CHA,0022000191,2021-01-16,TOR,CHA,TOR,Pascal Siakam,1627783,1924,1,,9,6,https://www.nba.com/game/0022000191/box-score
2021-01-16_TOR_CHA,0022000191,2021-01-16,TOR,CHA,TOR,Paul Watson,1628778,0,0,DNP - Coach's Decision,0,0,https://www.nba.com/game/0022000191/box-score
2021-01-16_TOR_CHA,0022000191,2021-01-16,TOR,CHA,TOR,Stanley Johnson,1626169,824,0,,6,-14,https://www.nba.com/game/0022000191/box-score
2021-01-16_TOR_CHA,0022000191,2021-01-16,TOR,CHA,TOR,Terence Davis,1629056,0,0,DNP - Coach's Decision,0,0,https://www.nba.com/game/0022000191/box-score
2021-01-16_TOR_CHA,0022000191,2021-01-16,TOR,CHA,TOR,Yuta Watanabe,1629139,228,0,,0,-3,https://www.nba.com/game/0022000191/box-score
2021-01-22_IND_ORL,0022000231,2021-01-22,IND,ORL,IND,Aaron Holiday,1628988,1020,0,,5,-9,https://www.nba.com/game/0022000231/box-score
2021-01-22_IND_ORL,0022000231,2021-01-22,IND,ORL,IND,Brian Bowen II,1628968,0,0,DNP - Coach's Decision,0,0,https://www.nba.com/game/0022000231/box-score
2021-01-22_IND_ORL,0022000231,2021-01-22,IND,ORL,IND,Cassius Stanley,1630199,0,0,DNP - Coach's Decision,0,0,https://www.nba.com/game/0022000231/box-score
2021-01-22_IND_ORL,0022000231,2021-01-22,IND,ORL,IND,Domantas Sabonis,1627734,2696,1,,18,2,https://www.nba.com/game/0022000231/box-score
2021-01-22_IND_ORL,0022000231,2021-01-22,IND,ORL,IND,Doug McDermott,203926,2181,1,,13,6,https://www.nba.com/game/0022000231/box-score
2021-01-22_IND_ORL,0022000231,2021-01-22,IND,ORL,IND,Edmond Sumner,1628410,152,0,,2,-5,https://www.nba.com/game/0022000231/box-score
2021-01-22_IND_ORL,0022000231,2021-01-22,IND,ORL,IND,Goga Bitadze,1629048,20,0,,0,-3,https://www.nba.com/game/0022000231/box-score
2021-01-22_IND_ORL,0022000231,2021-01-22,IND,ORL,IND,JaKarr Sampson,203960,0,0,DNP - Coach's Decision,0,0,https://www.nba.com/game/0022000231/box-score
2021-01-22_IND_ORL,0022000231,2021-01-22,IND,ORL,IND,Jalen Lecque,1629665,0,0,DNP - Coach's Decision,0,0,https://www.nba.com/game/0022000231/box-score
2021-01-22_IND_ORL,0022000231,2021-01-22,IND,ORL,IND,Jeremy Lamb,203087,1704,0,,22,-7,https://www.nba.com/game/0022000231/box-score
2021-01-22_IND_ORL,0022000231,2021-01-22,IND,ORL,IND,Justin Holiday,203200,1480,1,,9,10,https://www.nba.com/game/0022000231/box-score
2021-01-22_IND_ORL,0022000231,2021-01-22,IND,ORL,IND,Kelan Martin,1629103,0,0,DNP - Coach's Decision,0,0,https://www.nba.com/game/0022000231/box-score
2021-01-22_IND_ORL,0022000231,2021-01-22,IND,ORL,IND,Malcolm Brogdon,1627763,2244,1,,23,8,https://www.nba.com/game/0022000231/box-score
2021-01-22_IND_ORL,0022000231,2021-01-22,IND,ORL,IND,Myles Turner,1626167,2533,1,,22,8,https://www.nba.com/game/0022000231/box-score
2021-01-22_IND_ORL,0022000231,2021-01-22,IND,ORL,IND,T.J. McConnell,204456,1871,0,,6,0,https://www.nba.com/game/0022000231/box-score
2021-01-22_IND_ORL,0022000231,2021-01-22,IND,ORL,ORL,Aaron Gordon,203932,2243,1,,17,6,https://www.nba.com/game/0022000231/box-score
2021-01-22_IND_ORL,0022000231,2021-01-22,IND,ORL,ORL,Cole Anthony,1630175,2145,1,,9,-12,https://www.nba.com/game/0022000231/box-score
2021-01-22_IND_ORL,0022000231,2021-01-22,IND,ORL,ORL,Dwayne Bacon,1628407,1039,0,,16,-5,https://www.nba.com/game/0022000231/box-score
2021-01-22_IND_ORL,0022000231,2021-01-22,IND,ORL,ORL,Evan Fournier,203095,2141,1,,26,3,https://www.nba.com/game/0022000231/box-score
2021-01-22_IND_ORL,0022000231,2021-01-22,IND,ORL,ORL,Gary Clark,1629109,587,0,,0,5,https://www.nba.com/game/0022000231/box-score
2021-01-22_IND_ORL,0022000231,2021-01-22,IND,ORL,ORL,James Ennis III,203516,1681,1,,9,0,https://www.nba.com/game/0022000231/box-score
2021-01-22_IND_ORL,0022000231,2021-01-22,IND,ORL,ORL,Jordan Bone,1629648,0,0,DNP - Coach's Decision,0,0,https://www.nba.com/game/0022000231/box-score
2021-01-22_IND_ORL,0022000231,2021-01-22,IND,ORL,ORL,Karim Mane,1630211,0,0,DNP - Coach's Decision,0,0,https://www.nba.com/game/0022000231/box-score
2021-01-22_IND_ORL,0022000231,2021-01-22,IND,ORL,ORL,Khem Birch,203920,1638,0,,5,-3,https://www.nba.com/game/0022000231/box-score
2021-01-22_IND_ORL,0022000231,2021-01-22,IND,ORL,ORL,Mo Bamba,1628964,0,0,NWT_HEALTH_AND_SAFETY_PROTOCOLS,0,0,https://www.nba.com/game/0022000231/box-score
2021-01-22_IND_ORL,0022000231,2021-01-22,IND,ORL,ORL,Nikola Vucevic,202696,2470,1,,24,-10,https://www.nba.com/game/0022000231/box-score
2021-01-22_IND_ORL,0022000231,2021-01-22,IND,ORL,ORL,Terrence Ross,203082,1957,0,,12,6,https://www.nba.com/game/0022000231/box-score
2021-01-24_ORL_CHA,0022000252,2021-01-24,ORL,CHA,CHA,Bismack Biyombo,202687,1492,1,,2,-11,https://www.nba.com/game/0022000252/box-score
2021-01-24_ORL_CHA,0022000252,2021-01-24,ORL,CHA,CHA,Caleb Martin,1628997,308,0,,2,-4,https://www.nba.com/game/0022000252/box-score
2021-01-24_ORL_CHA,0022000252,2021-01-24,ORL,CHA,CHA,Cody Martin,1628998,0,0,DNP - Coach's Decision,0,0,https://www.nba.com/game/0022000252/box-score
2021-01-24_ORL_CHA,0022000252,2021-01-24,ORL,CHA,CHA,Cody Zeller,203469,887,0,,4,5,https://www.nba.com/game/0022000252/box-score
2021-01-24_ORL_CHA,0022000252,2021-01-24,ORL,CHA,CHA,Devonte' Graham,1628984,2096,1,,15,-2,https://www.nba.com/game/0022000252/box-score
2021-01-24_ORL_CHA,0022000252,2021-01-24,ORL,CHA,CHA,Gordon Hayward,202330,2281,1,,39,-3,https://www.nba.com/game/0022000252/box-score
2021-01-24_ORL_CHA,0022000252,2021-01-24,ORL,CHA,CHA,Jalen McDaniels,1629667,0,0,DNP - Coach's Decision,0,0,https://www.nba.com/game/0022000252/box-score
2021-01-24_ORL_CHA,0022000252,2021-01-24,ORL,CHA,CHA,LaMelo Ball,1630163,1664,0,,11,15,https://www.nba.com/game/0022000252/box-score
2021-01-24_ORL_CHA,0022000252,2021-01-24,ORL,CHA,CHA,Malik Monk,1628370,0,0,DNP - Coach's Decision,0,0,https://www.nba.com/game/0022000252/box-score
2021-01-24_ORL_CHA,0022000252,2021-01-24,ORL,CHA,CHA,Miles Bridges,1628970,1489,0,,18,8,https://www.nba.com/game/0022000252/box-score
2021-01-24_ORL_CHA,0022000252,2021-01-24,ORL,CHA,CHA,Nick Richards,1630208,0,0,DNP - Coach's Decision,0,0,https://www.nba.com/game/0022000252/box-score
2021-01-24_ORL_CHA,0022000252,2021-01-24,ORL,CHA,CHA,P.J. Washington,1629023,1901,1,,9,0,https://www.nba.com/game/0022000252/box-score
2021-01-24_ORL_CHA,0022000252,2021-01-24,ORL,CHA,CHA,Terry Rozier,1626179,2282,1,,7,7,https://www.nba.com/game/0022000252/box-score
2021-01-24_ORL_CHA,0022000252,2021-01-24,ORL,CHA,CHA,Vernon Carey Jr.,1630176,0,0,DNP - Coach's Decision,0,0,https://www.nba.com/game/0022000252/box-score
2021-01-24_ORL_CHA,0022000252,2021-01-24,ORL,CHA,ORL,Aaron Gordon,203932,0,0,DND - Injury/Illness,0,0,https://www.nba.com/game/0022000252/box-score
2021-01-24_ORL_CHA,0022000252,2021-01-24,ORL,CHA,ORL,Cole Anthony,1630175,1957,1,,14,0,https://www.nba.com/game/0022000252/box-score
2021-01-24_ORL_CHA,0022000252,2021-01-24,ORL,CHA,ORL,Dwayne Bacon,1628407,1096,0,,2,2,https://www.nba.com/game/0022000252/box-score
2021-01-24_ORL_CHA,0022000252,2021-01-24,ORL,CHA,ORL,Evan Fournier,203095,1967,1,,21,-6,https://www.nba.com/game/0022000252/box-score
2021-01-24_ORL_CHA,0022000252,2021-01-24,ORL,CHA,ORL,Gary Clark,1629109,2126,1,,14,-1,https://www.nba.com/game/0022000252/box-score
2021-01-24_ORL_CHA,0022000252,2021-01-24,ORL,CHA,ORL,James Ennis III,203516,1290,1,,8,10,https://www.nba.com/game/0022000252/box-score
2021-01-24_ORL_CHA,0022000252,2021-01-24,ORL,CHA,ORL,Jordan Bone,1629648,923,0,,8,-3,https://www.nba.com/game/0022000252/box-score
2021-01-24_ORL_CHA,0022000252,2021-01-24,ORL,CHA,ORL,Karim Mane,1630211,0,0,DNP - Coach's Decision,0,0,https://www.nba.com/game/0022000252/box-score
2021-01-24_ORL_CHA,0022000252,2021-01-24,ORL,CHA,ORL,Khem Birch,203920,1144,0,,5,-6,https://www.nba.com/game/0022000252/box-score
2021-01-24_ORL_CHA,0022000252,2021-01-24,ORL,CHA,ORL,Mo Bamba,1628964,0,0,DNP - Coach's Decision,0,0,https://www.nba.com/game/0022000252/box-score
2021-01-24_ORL_CHA,0022000252,2021-01-24,ORL,CHA,ORL,Nikola Vucevic,202696,2095,1,,22,0,https://www.nba.com/game/0022000252/box-score
2021-01-24_ORL_CHA,0022000252,2021-01-24,ORL,CHA,ORL,Terrence Ross,203082,1802,0,,10,-11,https://www.nba.com/game/0022000252/box-score
2021-01-29_CHA_IND,0022000288,2021-01-29,CHA,IND,CHA,Bismack Biyombo,202687,340,0,,2,5,https://www.nba.com/game/0022000288/box-score
2021-01-29_CHA_IND,0022000288,2021-01-29,CHA,IND,CHA,Caleb Martin,1628997,0,0,DNP - Coach's Decision,0,0,https://www.nba.com/game/0022000288/box-score
2021-01-29_CHA_IND,0022000288,2021-01-29,CHA,IND,CHA,Cody Martin,1628998,0,0,DNP - Coach's Decision,0,0,https://www.nba.com/game/0022000288/box-score
2021-01-29_CHA_IND,0022000288,2021-01-29,CHA,IND,CHA,Cody Zeller,203469,1534,1,,12,-4,https://www.nba.com/game/0022000288/box-score
2021-01-29_CHA_IND,0022000288,2021-01-29,CHA,IND,CHA,Devonte' Graham,1628984,1972,1,,14,12,https://www.nba.com/game/0022000288/box-score
2021-01-29_CHA_IND,0022000288,2021-01-29,CHA,IND,CHA,Gordon Hayward,202330,2286,1,,11,-7,https://www.nba.com/game/0022000288/box-score
2021-01-29_CHA_IND,0022000288,2021-01-29,CHA,IND,CHA,LaMelo Ball,1630163,1788,0,,16,0,https://www.nba.com/game/0022000288/box-score
2021-01-29_CHA_IND,0022000288,2021-01-29,CHA,IND,CHA,Malik Monk,1628370,857,0,,6,5,https://www.nba.com/game/0022000288/box-score
2021-01-29_CHA_IND,0022000288,2021-01-29,CHA,IND,CHA,Miles Bridges,1628970,1598,0,,9,-1,https://www.nba.com/game/0022000288/box-score
2021-01-29_CHA_IND,0022000288,2021-01-29,CHA,IND,CHA,Nick Richards,1630208,0,0,DNP - Coach's Decision,0,0,https://www.nba.com/game/0022000288/box-score
2021-01-29_CHA_IND,0022000288,2021-01-29,CHA,IND,CHA,P.J. Washington,1629023,2096,1,,19,5,https://www.nba.com/game/0022000288/box-score
2021-01-29_CHA_IND,0022000288,2021-01-29,CHA,IND,CHA,Terry Rozier,1626179,1929,1,,19,0,https://www.nba.com/game/0022000288/box-score
2021-01-29_CHA_IND,0022000288,2021-01-29,CHA,IND,IND,Aaron Holiday,1628988,974,0,,0,-7,https://www.nba.com/game/0022000288/box-score
2021-01-29_CHA_IND,0022000288,2021-01-29,CHA,IND,IND,Domantas Sabonis,1627734,2265,1,,22,8,https://www.nba.com/game/0022000288/box-score
2021-01-29_CHA_IND,0022000288,2021-01-29,CHA,IND,IND,Doug McDermott,203926,1041,0,,11,-10,https://www.nba.com/game/0022000288/box-score
2021-01-29_CHA_IND,0022000288,2021-01-29,CHA,IND,IND,Edmond Sumner,1628410,45,0,,3,3,https://www.nba.com/game/0022000288/box-score
2021-01-29_CHA_IND,0022000288,2021-01-29,CHA,IND,IND,Goga Bitadze,1629048,553,0,,8,-4,https://www.nba.com/game/0022000288/box-score
2021-01-29_CHA_IND,0022000288,2021-01-29,CHA,IND,IND,JaKarr Sampson,203960,0,0,DNP - Coach's Decision,0,0,https://www.nba.com/game/0022000288/box-score
2021-01-29_CHA_IND,0022000288,2021-01-29,CHA,IND,IND,Jeremy Lamb,203087,1839,1,,12,7,https://www.nba.com/game/0022000288/box-score
2021-01-29_CHA_IND,0022000288,2021-01-29,CHA,IND,IND,Justin Holiday,203200,2256,1,,6,-1,https://www.nba.com/game/0022000288/box-score
2021-01-29_CHA_IND,0022000288,2021-01-29,CHA,IND,IND,Kelan Martin,1629103,0,0,DNP - Coach's Decision,0,0,https://www.nba.com/game/0022000288/box-score
2021-01-29_CHA_IND,0022000288,2021-01-29,CHA,IND,IND,Malcolm Brogdon,1627763,2183,1,,21,-4,https://www.nba.com/game/0022000288/box-score
2021-01-29_CHA_IND,0022000288,2021-01-29,CHA,IND,IND,Myles Turner,1626167,2163,1,,20,1,https://www.nba.com/game/0022000288/box-score
2021-01-29_CHA_IND,0022000288,2021-01-29,CHA,IND,IND,T.J. McConnell,204456,1081,0,,2,-8,https://www.nba.com/game/0022000288/box-score
2021-01-31_WAS_BKN,0022000310,2021-01-31,WAS,BKN,BKN,Bruce Brown,1628971,1910,1,,3,3,https://www.nba.com/game/0022000310/box-score
2021-01-31_WAS_BKN,0022000310,2021-01-31,WAS,BKN,BKN,Chris Chiozza,1629185,0,0,DNP - Coach's Decision,0,0,https://www.nba.com/game/0022000310/box-score
2021-01-31_WAS_BKN,0022000310,2021-01-31,WAS,BKN,BKN,DeAndre Jordan,201599,1138,1,,8,14,https://www.nba.com/game/0022000310/box-score
2021-01-31_WAS_BKN,0022000310,2021-01-31,WAS,BKN,BKN,Jeff Green,201145,1819,0,,23,-19,https://www.nba.com/game/0022000310/box-score
2021-01-31_WAS_BKN,0022000310,2021-01-31,WAS,BKN,BKN,Joe Harris,203925,1906,1,,30,-2,https://www.nba.com/game/0022000310/box-score
2021-01-31_WAS_BKN,0022000310,2021-01-31,WAS,BKN,BKN,Kevin Durant,201142,2254,1,,37,6,https://www.nba.com/game/0022000310/box-score
2021-01-31_WAS_BKN,0022000310,2021-01-31,WAS,BKN,BKN,Kyrie Irving,202681,2292,1,,26,3,https://www.nba.com/game/0022000310/box-score
2021-01-31_WAS_BKN,0022000310,2021-01-31,WAS,BKN,BKN,Landry Shamet,1629013,1229,0,,11,-7,https://www.nba.com/game/0022000310/box-score
2021-01-31_WAS_BKN,0022000310,2021-01-31,WAS,BKN,BKN,Norvel Pelle,203658,0,0,DNP - Coach's Decision,0,0,https://www.nba.com/game/0022000310/box-score
2021-01-31_WAS_BKN,0022000310,2021-01-31,WAS,BKN,BKN,Reggie Perry,1629617,438,0,,0,-11,https://www.nba.com/game/0022000310/box-score
2021-01-31_WAS_BKN,0022000310,2021-01-31,WAS,BKN,BKN,Timothe Luwawu-Cabarrot,1627789,1039,0,,8,4,https://www.nba.com/game/0022000310/box-score
2021-01-31_WAS_BKN,0022000310,2021-01-31,WAS,BKN,BKN,Tyler Johnson,204020,375,0,,0,-6,https://www.nba.com/game/0022000310/box-score
2021-01-31_WAS_BKN,0022000310,2021-01-31,WAS,BKN,WAS,Alex Len,203458,259,0,,2,-4,https://www.nba.com/game/0022000310/box-score
2021-01-31_WAS_BKN,0022000310,2021-01-31,WAS,BKN,WAS,Anthony Gill,1630264,0,0,DNP - Coach's Decision,0,0,https://www.nba.com/game/0022000310/box-score
2021-01-31_WAS_BKN,0022000310,2021-01-31,WAS,BKN,WAS,Bradley Beal,203078,2256,1,,37,-12,https://www.nba.com/game/0022000310/box-score
2021-01-31_WAS_BKN,0022000310,2021-01-31,WAS,BKN,WAS,Cassius Winston,1630216,0,0,DNP - Coach's Decision,0,0,https://www.nba.com/game/0022000310/box-score
2021-01-31_WAS_BKN,0022000310,2021-01-31,WAS,BKN,WAS,Davis Bertans,202722,1814,0,,11,3,https://www.nba.com/game/0022000310/box-score
2021-01-31_WAS_BKN,0022000310,2021-01-31,WAS,BKN,WAS,Deni Avdija,1630166,941,1,,2,-9,https://www.nba.com/game/0022000310/box-score
2021-01-31_WAS_BKN,0022000310,2021-01-31,WAS,BKN,WAS,Garrison Mathews,1629726,1587,0,,7,8,https://www.nba.com/game/0022000310/box-score
2021-01-31_WAS_BKN,0022000310,2021-01-31,WAS,BKN,WAS,Isaac Bonga,1629067,4,0,,0,2,https://www.nba.com/game/0022000310/box-score
2021-01-31_WAS_BKN,0022000310,2021-01-31,WAS,BKN,WAS,Ish Smith,202397,1428,0,,13,24,https://www.nba.com/game/0022000310/box-score
2021-01-31_WAS_BKN,0022000310,2021-01-31,WAS,BKN,WAS,Jerome Robinson,1629010,0,0,DNP - Coach's Decision,0,0,https://www.nba.com/game/0022000310/box-score
2021-01-31_WAS_BKN,0022000310,2021-01-31,WAS,BKN,WAS,Moritz Wagner,1629021,1240,0,,17,11,https://www.nba.com/game/0022000310/box-score
2021-01-31_WAS_BKN,0022000310,2021-01-31,WAS,BKN,WAS,Robin Lopez,201577,1076,1,,10,-13,https://www.nba.com/game/0022000310/box-score
2021-01-31_WAS_BKN,0022000310,2021-01-31,WAS,BKN,WAS,Rui Hachimura,1629060,1719,1,,9,-2,https://www.nba.com/game/0022000310/box-score
2021-01-31_WAS_BKN,0022000310,2021-01-31,WAS,BKN,WAS,Russell Westbrook,201566,2076,1,,41,7,https://www.nba.com/game/0022000310/box-score
2021-01-31_WAS_BKN,0022000310,2021-01-31,WAS,BKN,WAS,Troy Brown Jr.,1628972,0,0,DNP - Coach's Decision,0,0,https://www.nba.com/game/0022000310/box-score
2021-02-03_MIA_WAS,0022000331,2021-02-03,MIA,WAS,MIA,Andre Iguodala,2738,1259,0,,3,-11,https://www.nba.com/game/0022000331/box-score
2021-02-03_MIA_WAS,0022000331,2021-02-03,MIA,WAS,MIA,Avery Bradley,202340,791,0,,7,1,https://www.nba.com/game/0022000331/box-score
2021-02-03_MIA_WAS,0022000331,2021-02-03,MIA,WAS,MIA,Bam Adebayo,1628389,2095,1,,17,2,https://www.nba.com/game/0022000331/box-score
2021-02-03_MIA_WAS,0022000331,2021-02-03,MIA,WAS,MIA,Duncan Robinson,1629130,1673,1,,9,3,https://www.nba.com/game/0022000331/box-score
2021-02-03_MIA_WAS,0022000331,2021-02-03,MIA,WAS,MIA,Gabe Vincent,1629216,0,0,DNP - Coach's Decision,0,0,https://www.nba.com/game/0022000331/box-score
2021-02-03_MIA_WAS,0022000331,2021-02-03,MIA,WAS,MIA,Goran Dragic,201609,1706,0,,10,-10,https://www.nba.com/game/0022000331/box-score
2021-02-03_MIA_WAS,0022000331,2021-02-03,MIA,WAS,MIA,Jimmy Butler,202710,2229,1,,19,-1,https://www.nba.com/game/0022000331/box-score
2021-02-03_MIA_WAS,0022000331,2021-02-03,MIA,WAS,MIA,KZ Okpala,1629644,0,0,DNP - Coach's Decision,0,0,https://www.nba.com/game/0022000331/box-score
2021-02-03_MIA_WAS,0022000331,2021-02-03,MIA,WAS,MIA,Kelly Olynyk,203482,1621,1,,8,8,https://www.nba.com/game/0022000331/box-score
2021-02-03_MIA_WAS,0022000331,2021-02-03,MIA,WAS,MIA,Kendrick Nunn,1629134,0,0,DNP - Coach's Decision,0,0,https://www.nba.com/game/0022000331/box-score
2021-02-03_MIA_WAS,0022000331,2021-02-03,MIA,WAS,MIA,Maurice Harkless,203090,0,0,NWT - Not With Team,0,0,https://www.nba.com/game/0022000331/box-score
2021-02-03_MIA_WAS,0022000331,2021-02-03,MIA,WAS,MIA,Max Strus,1629622,186,0,,0,1,https://www.nba.com/game/0022000331/box-score
2021-02-03_MIA_WAS,0022000331,2021-02-03,MIA,WAS,MIA,Precious Achiuwa,1630173,785,0,,7,-5,https://www.nba.com/game/0022000331/box-score
2021-02-03_MIA_WAS,0022000331,2021-02-03,MIA,WAS,MIA,Tyler Herro,1629639,2055,1,,20,-3,https://www.nba.com/game/0022000331/box-score
2021-02-03_MIA_WAS,0022000331,2021-02-03,MIA,WAS,MIA,Udonis Haslem,2617,0,0,DNP - Coach's Decision,0,0,https://www.nba.com/game/0022000331/box-score
2021-02-03_MIA_WAS,0022000331,2021-02-03,MIA,WAS,WAS,Alex Len,203458,1641,0,,10,7,https://www.nba.com/game/0022000331/box-score
2021-02-03_MIA_WAS,0022000331,2021-02-03,MIA,WAS,WAS,Anthony Gill,1630264,0,0,DNP - Coach's Decision,0,0,https://www.nba.com/game/0022000331/box-score
2021-02-03_MIA_WAS,0022000331,2021-02-03,MIA,WAS,WAS,Bradley Beal,203078,2285,1,,32,-4,https://www.nba.com/game/0022000331/box-score
2021-02-03_MIA_WAS,0022000331,2021-02-03,MIA,WAS,WAS,Cassius Winston,1630216,0,0,DNP - Coach's Decision,0,0,https://www.nba.com/game/0022000331/box-score
2021-02-03_MIA_WAS,0022000331,2021-02-03,MIA,WAS,WAS,Davis Bertans,202722,1571,0,,11,14,https://www.nba.com/game/0022000331/box-score
2021-02-03_MIA_WAS,0022000331,2021-02-03,MIA,WAS,WAS,Deni Avdija,1630166,1975,1,,13,-9,https://www.nba.com/game/0022000331/box-score
2021-02-03_MIA_WAS,0022000331,2021-02-03,MIA,WAS,WAS,Garrison Mathews,1629726,825,0,,8,0,https://www.nba.com/game/0022000331/box-score
2021-02-03_MIA_WAS,0022000331,2021-02-03,MIA,WAS,WAS,Isaac Bonga,1629067,0,0,DNP - Coach's Decision,0,0,https://www.nba.com/game/0022000331/box-score
2021-02-03_MIA_WAS,0022000331,2021-02-03,MIA,WAS,WAS,Ish Smith,202397,1624,1,,0,1,https://www.nba.com/game/0022000331/box-score
2021-02-03_MIA_WAS,0022000331,2021-02-03,MIA,WAS,WAS,Jerome Robinson,1629010,0,0,DNP - Coach's Decision,0,0,https://www.nba.com/game/0022000331/box-score
2021-02-03_MIA_WAS,0022000331,2021-02-03,MIA,WAS,WAS,Moritz Wagner,1629021,0,0,DNP - Coach's Decision,0,0,https://www.nba.com/game/0022000331/box-score
2021-02-03_MIA_WAS,0022000331,2021-02-03,MIA,WAS,WAS,Robin Lopez,201577,1093,1,,9,-1,https://www.nba.com/game/0022000331/box-score
2021-02-03_MIA_WAS,0022000331,2021-02-03,MIA,WAS,WAS,Rui Hachimura,1629060,2124,1,,11,5,https://www.nba.com/game/0022000331/box-score
2021-02-03_MIA_WAS,0022000331,2021-02-03,MIA,WAS,WAS,Troy Brown Jr.,1628972,1262,0,,9,2,https://www.nba.com/game/0022000331/box-score
2021-02-17_WAS_DEN,0022000437,2021-02-17,WAS,DEN,DEN,Bol Bol,1629626,0,0,DNP - Coach's Decision,0,0,https://www.nba.com/game/0022000437/box-score
2021-02-17_WAS_DEN,0022000437,2021-02-17,WAS,DEN,DEN,Facundo Campazzo,1630267,1514,0,,14,-7,https://www.nba.com/game/0022000437/box-score
2021-02-17_WAS_DEN,0022000437,2021-02-17,WAS,DEN,DEN,Gary Harris,203914,1699,1,,2,10,https://www.nba.com/game/0022000437/box-score
2021-02-17_WAS_DEN,0022000437,2021-02-17,WAS,DEN,DEN,Isaiah Hartenstein,1628392,580,0,,8,-7,https://www.nba.com/game/0022000437/box-score
2021-02-17_WAS_DEN,0022000437,2021-02-17,WAS,DEN,DEN,JaMychal Green,203210,1786,1,,9,8,https://www.nba.com/game/0022000437/box-score
2021-02-17_WAS_DEN,0022000437,2021-02-17,WAS,DEN,DEN,Jamal Murray,1627750,2378,1,,35,3,https://www.nba.com/game/0022000437/box-score
2021-02-17_WAS_DEN,0022000437,2021-02-17,WAS,DEN,DEN,Markus Howard,1630210,0,0,DNP - Coach's Decision,0,0,https://www.nba.com/game/0022000437/box-score
2021-02-17_WAS_DEN,0022000437,2021-02-17,WAS,DEN,DEN,Michael Porter Jr.,1629008,1833,1,,14,1,https://www.nba.com/game/0022000437/box-score
2021-02-17_WAS_DEN,0022000437,2021-02-17,WAS,DEN,DEN,Monte Morris,1628420,1150,0,,7,-10,https://www.nba.com/game/0022000437/box-score
2021-02-17_WAS_DEN,0022000437,2021-02-17,WAS,DEN,DEN,Nikola Jokic,203999,2213,1,,33,5,https://www.nba.com/game/0022000437/box-score
2021-02-17_WAS_DEN,0022000437,2021-02-17,WAS,DEN,DEN,R.J. Hampton,1630181,438,0,,3,-5,https://www.nba.com/game/0022000437/box-score
2021-02-17_WAS_DEN,0022000437,2021-02-17,WAS,DEN,DEN,Vlatko Cancar,1628427,0,0,DNP - Coach's Decision,0,0,https://www.nba.com/game/0022000437/box-score
2021-02-17_WAS_DEN,0022000437,2021-02-17,WAS,DEN,DEN,Zeke Nnaji,1630192,809,0,,3,-8,https://www.nba.com/game/0022000437/box-score
2021-02-17_WAS_DEN,0022000437,2021-02-17,WAS,DEN,WAS,Alex Len,203458,1057,0,,10,2,https://www.nba.com/game/0022000437/box-score
2021-02-17_WAS_DEN,0022000437,2021-02-17,WAS,DEN,WAS,Anthony Gill,1630264,0,0,DNP - Coach's Decision,0,0,https://www.nba.com/game/0022000437/box-score
2021-02-17_WAS_DEN,0022000437,2021-02-17,WAS,DEN,WAS,Bradley Beal,203078,2190,1,,25,-1,https://www.nba.com/game/0022000437/box-score
2021-02-17_WAS_DEN,0022000437,2021-02-17,WAS,DEN,WAS,Davis Bertans,202722,1774,0,,35,10,https://www.nba.com/game/0022000437/box-score
2021-02-17_WAS_DEN,0022000437,2021-02-17,WAS,DEN,WAS,Deni Avdija,1630166,1240,0,,3,14,https://www.nba.com/game/0022000437/box-score
2021-02-17_WAS_DEN,0022000437,2021-02-17,WAS,DEN,WAS,Garrison Mathews,1629726,1009,1,,8,-16,https://www.nba.com/game/0022000437/box-score
2021-02-17_WAS_DEN,0022000437,2021-02-17,WAS,DEN,WAS,Isaac Bonga,1629067,0,0,DNP - Coach's Decision,0,0,https://www.nba.com/game/0022000437/box-score
2021-02-17_WAS_DEN,0022000437,2021-02-17,WAS,DEN,WAS,Jerome Robinson,1629010,0,0,DNP - Coach's Decision,0,0,https://www.nba.com/game/0022000437/box-score
2021-02-17_WAS_DEN,0022000437,2021-02-17,WAS,DEN,WAS,Moritz Wagner,1629021,183,1,,0,-6,https://www.nba.com/game/0022000437/box-score
2021-02-17_WAS_DEN,0022000437,2021-02-17,WAS,DEN,WAS,Raul Neto,203526,1218,0,,14,2,https://www.nba.com/game/0022000437/box-score
2021-02-17_WAS_DEN,0022000437,2021-02-17,WAS,DEN,WAS,Robin Lopez,201577,1606,0,,9,11,https://www.nba.com/game/0022000437/box-score
2021-02-17_WAS_DEN,0022000437,2021-02-17,WAS,DEN,WAS,Rui Hachimura,1629060,1767,1,,14,-6,https://www.nba.com/game/0022000437/box-score
2021-02-17_WAS_DEN,0022000437,2021-02-17,WAS,DEN,WAS,Russell Westbrook,201566,2356,1,,12,0,https://www.nba.com/game/0022000437/box-score
2021-02-17_WAS_DEN,0022000437,2021-02-17,WAS,DEN,WAS,Troy Brown Jr.,1628972,0,0,DNP - Coach's Decision,0,0,https://www.nba.com/game/0022000437/box-score
2021-02-20_CHA_GSW,0022000459,2021-02-20,CHA,GSW,CHA,Bismack Biyombo,202687,1231,0,,0,-3,https://www.nba.com/game/0022000459/box-score
2021-02-20_CHA_GSW,0022000459,2021-02-20,CHA,GSW,CHA,Caleb Martin,1628997,0,0,NWT - Health and Safety Protocols,0,0,https://www.nba.com/game/0022000459/box-score
2021-02-20_CHA_GSW,0022000459,2021-02-20,CHA,GSW,CHA,Cody Martin,1628998,0,0,DNP - Coach's Decision,0,0,https://www.nba.com/game/0022000459/box-score
2021-02-20_CHA_GSW,0022000459,2021-02-20,CHA,GSW,CHA,Cody Zeller,203469,1265,1,,5,0,https://www.nba.com/game/0022000459/box-score
2021-02-20_CHA_GSW,0022000459,2021-02-20,CHA,GSW,CHA,Devonte' Graham,1628984,0,0,DND - Injury/Illness,0,0,https://www.nba.com/game/0022000459/box-score
2021-02-20_CHA_GSW,0022000459,2021-02-20,CHA,GSW,CHA,Gordon Hayward,202330,1957,1,,13,1,https://www.nba.com/game/0022000459/box-score
2021-02-20_CHA_GSW,0022000459,2021-02-20,CHA,GSW,CHA,Jalen McDaniels,1629667,1122,0,,9,-3,https://www.nba.com/game/0022000459/box-score
2021-02-20_CHA_GSW,0022000459,2021-02-20,CHA,GSW,CHA,LaMelo Ball,1630163,1907,1,,7,-3,https://www.nba.com/game/0022000459/box-score
2021-02-20_CHA_GSW,0022000459,2021-02-20,CHA,GSW,CHA,Malik Monk,1628370,1324,0,,7,3,https://www.nba.com/game/0022000459/box-score
2021-02-20_CHA_GSW,0022000459,2021-02-20,CHA,GSW,CHA,Miles Bridges,1628970,1335,0,,10,3,https://www.nba.com/game/0022000459/box-score
2021-02-20_CHA_GSW,0022000459,2021-02-20,CHA,GSW,CHA,P.J. Washington,1629023,1925,1,,15,4,https://www.nba.com/game/0022000459/box-score
2021-02-20_CHA_GSW,0022000459,2021-02-20,CHA,GSW,CHA,Terry Rozier,1626179,2334,1,,36,8,https://www.nba.com/game/0022000459/box-score
2021-02-20_CHA_GSW,0022000459,2021-02-20,CHA,GSW,GSW,Andrew Wiggins,203952,2000,1,,19,-5,https://www.nba.com/game/0022000459/box-score
2021-02-20_CHA_GSW,0022000459,2021-02-20,CHA,GSW,GSW,Brad Wanamaker,202954,2017,0,,14,15,https://www.nba.com/game/0022000459/box-score
2021-02-20_CHA_GSW,0022000459,2021-02-20,CHA,GSW,GSW,Damion Lee,1627814,1358,0,,14,16,https://www.nba.com/game/0022000459/box-score
2021-02-20_CHA_GSW,0022000459,2021-02-20,CHA,GSW,GSW,Draymond Green,203110,1914,1,,5,-5,https://www.nba.com/game/0022000459/box-score
2021-02-20_CHA_GSW,0022000459,2021-02-20,CHA,GSW,GSW,Eric Paschall,1629672,1713,0,,16,4,https://www.nba.com/game/0022000459/box-score
2021-02-20_CHA_GSW,0022000459,2021-02-20,CHA,GSW,GSW,James Wiseman,1630164,0,0,DND - Injury/Illness,0,0,https://www.nba.com/game/0022000459/box-score
2021-02-20_CHA_GSW,0022000459,2021-02-20,CHA,GSW,GSW,Juan Toscano-Anderson,1629308,881,1,,3,-16,https://www.nba.com/game/0022000459/box-score
2021-02-20_CHA_GSW,0022000459,2021-02-20,CHA,GSW,GSW,Kelly Oubre Jr.,1626162,2208,1,,25,-7,https://www.nba.com/game/0022000459/box-score
2021-02-20_CHA_GSW,0022000459,2021-02-20,CHA,GSW,GSW,Kent Bazemore,203145,1339,0,,2,10,https://www.nba.com/game/0022000459/box-score
2021-02-20_CHA_GSW,0022000459,2021-02-20,CHA,GSW,GSW,Kevon Looney,1626172,0,0,DND - Injury/Illness,0,0,https://www.nba.com/game/0022000459/box-score
2021-02-20_CHA_GSW,0022000459,2021-02-20,CHA,GSW,GSW,Mychal Mulder,1628539,970,1,,2,-22,https://www.nba.com/game/0022000459/box-score
2021-02-20_CHA_GSW,0022000459,2021-02-20,CHA,GSW,GSW,Stephen Curry,201939,0,0,DND - Injury/Illness,0,0,https://www.nba.com/game/0022000459/box-score
2021-02-22_LAL_WAS,0022000479,2021-02-22,LAL,WAS,LAL,Alex Caruso,1627936,1866,0,,11,2,https://www.nba.com/game/0022000479/box-score
2021-02-22_LAL_WAS,0022000479,2021-02-22,LAL,WAS,LAL,Alfonzo McKinnie,1628035,0,0,DNP - Coach's Decision,0,0,https://www.nba.com/game/0022000479/box-score
2021-02-22_LAL_WAS,0022000479,2021-02-22,LAL,WAS,LAL,Devontae Cacok,1629719,0,0,DNP - Coach's Decision,0,0,https://www.nba.com/game/0022000479/box-score
2021-02-22_LAL_WAS,0022000479,2021-02-22,LAL,WAS,LAL,Jared Dudley,201162,0,0,DNP - Coach's Decision,0,0,https://www.nba.com/game/0022000479/box-score
2021-02-22_LAL_WAS,0022000479,2021-02-22,LAL,WAS,LAL,Kentavious Caldwell-Pope,203484,2393,1,,21,-6,https://www.nba.com/game/0022000479/box-score
2021-02-22_LAL_WAS,0022000479,2021-02-22,LAL,WAS,LAL,Kostas Antetokounmpo,1628961,0,0,DNP - Coach's Decision,0,0,https://www.nba.com/game/0022000479/box-score
2021-02-22_LAL_WAS,0022000479,2021-02-22,LAL,WAS,LAL,Kyle Kuzma,1628398,2216,1,,14,-10,https://www.nba.com/game/0022000479/box-score
2021-02-22_LAL_WAS,0022000479,2021-02-22,LAL,WAS,LAL,LeBron James,2544,2595,1,,31,3,https://www.nba.com/game/0022000479/box-score
2021-02-22_LAL_WAS,0022000479,2021-02-22,LAL,WAS,LAL,Marc Gasol,201188,1641,1,,7,0,https://www.nba.com/game/0022000479/box-score
2021-02-22_LAL_WAS,0022000479,2021-02-22,LAL,WAS,LAL,Markieff Morris,202693,1290,0,,7,9,https://www.nba.com/game/0022000479/box-score
2021-02-22_LAL_WAS,0022000479,2021-02-22,LAL,WAS,LAL,Montrezl Harrell,1626149,1393,0,,26,-5,https://www.nba.com/game/0022000479/box-score
2021-02-22_LAL_WAS,0022000479,2021-02-22,LAL,WAS,LAL,Quinn Cook,1626188,0,0,DNP - Coach's Decision,0,0,https://www.nba.com/game/0022000479/box-score
2021-02-22_LAL_WAS,0022000479,2021-02-22,LAL,WAS,LAL,Talen Horton-Tucker,1629659,969,0,,7,3,https://www.nba.com/game/0022000479/box-score
2021-02-22_LAL_WAS,0022000479,2021-02-22,LAL,WAS,LAL,Wesley Matthews,202083,1537,1,,0,-11,https://www.nba.com/game/0022000479/box-score
2021-02-22_LAL_WAS,0022000479,2021-02-22,LAL,WAS,WAS,Alex Len,203458,268,0,,0,-6,https://www.nba.com/game/0022000479/box-score
2021-02-22_LAL_WAS,0022000479,2021-02-22,LAL,WAS,WAS,Anthony Gill,1630264,0,0,DNP - Coach's Decision,0,0,https://www.nba.com/game/0022000479/box-score
2021-02-22_LAL_WAS,0022000479,2021-02-22,LAL,WAS,WAS,Bradley Beal,203078,2654,1,,33,7,https://www.nba.com/game/0022000479/box-score
2021-02-22_LAL_WAS,0022000479,2021-02-22,LAL,WAS,WAS,Davis Bertans,202722,1688,0,,8,-9,https://www.nba.com/game/0022000479/box-score
2021-02-22_LAL_WAS,0022000479,2021-02-22,LAL,WAS,WAS,Deni Avdija,1630166,1352,0,,8,-4,https://www.nba.com/game/0022000479/box-score
2021-02-22_LAL_WAS,0022000479,2021-02-22,LAL,WAS,WAS,Garrison Mathews,1629726,1025,1,,8,9,https://www.nba.com/game/0022000479/box-score
2021-02-22_LAL_WAS,0022000479,2021-02-22,LAL,WAS,WAS,Isaac Bonga,1629067,0,0,DNP - Coach's Decision,0,0,https://www.nba.com/game/0022000479/box-score
2021-02-22_LAL_WAS,0022000479,2021-02-22,LAL,WAS,WAS,Jerome Robinson,1629010,0,0,DNP - Coach's Decision,0,0,https://www.nba.com/game/0022000479/box-score
2021-02-22_LAL_WAS,0022000479,2021-02-22,LAL,WAS,WAS,Moritz Wagner,1629021,915,1,,6,-5,https://www.nba.com/game/0022000479/box-score
2021-02-22_LAL_WAS,0022000479,2021-02-22,LAL,WAS,WAS,Raul Neto,203526,1307,0,,4,5,https://www.nba.com/game/0022000479/box-score
2021-02-22_LAL_WAS,0022000479,2021-02-22,LAL,WAS,WAS,Robin Lopez,201577,1802,0,,13,16,https://www.nba.com/game/0022000479/box-score
2021-02-22_LAL_WAS,0022000479,2021-02-22,LAL,WAS,WAS,Rui Hachimura,1629060,2234,1,,15,2,https://www.nba.com/game/0022000479/box-score
2021-02-22_LAL_WAS,0022000479,2021-02-22,LAL,WAS,WAS,Russell Westbrook,201566,2655,1,,32,0,https://www.nba.com/game/0022000479/box-score
2021-02-22_LAL_WAS,0022000479,2021-02-22,LAL,WAS,WAS,Troy Brown Jr.,1628972,0,0,DNP - Coach's Decision,0,0,https://www.nba.com/game/0022000479/box-score
2021-02-24_PHX_CHA,0022000496,2021-02-24,PHX,CHA,CHA,Bismack Biyombo,202687,1561,0,,3,11,https://www.nba.com/game/0022000496/box-score
2021-02-24_PHX_CHA,0022000496,2021-02-24,PHX,CHA,CHA,Caleb Martin,1628997,0,0,NWT - Health and Safety Protocols,0,0,https://www.nba.com/game/0022000496/box-score
2021-02-24_PHX_CHA,0022000496,2021-02-24,PHX,CHA,CHA,Cody Martin,1628998,21,0,,0,-1,https://www.nba.com/game/0022000496/box-score
2021-02-24_PHX_CHA,0022000496,2021-02-24,PHX,CHA,CHA,Cody Zeller,203469,1099,1,,10,-4,https://www.nba.com/game/0022000496/box-score
2021-02-24_PHX_CHA,0022000496,2021-02-24,PHX,CHA,CHA,Devonte' Graham,1628984,0,0,DND - Injury/Illness,0,0,https://www.nba.com/game/0022000496/box-score
2021-02-24_PHX_CHA,0022000496,2021-02-24,PHX,CHA,CHA,Gordon Hayward,202330,2077,1,,20,-1,https://www.nba.com/game/0022000496/box-score
2021-02-24_PHX_CHA,0022000496,2021-02-24,PHX,CHA,CHA,Jalen McDaniels,1629667,916,0,,8,2,https://www.nba.com/game/0022000496/box-score
2021-02-24_PHX_CHA,0022000496,2021-02-24,PHX,CHA,CHA,LaMelo Ball,1630163,1808,1,,20,-5,https://www.nba.com/game/0022000496/box-score
2021-02-24_PHX_CHA,0022000496,2021-02-24,PHX,CHA,CHA,Malik Monk,1628370,1690,0,,29,15,https://www.nba.com/game/0022000496/box-score
2021-02-24_PHX_CHA,0022000496,2021-02-24,PHX,CHA,CHA,Miles Bridges,1628970,1598,0,,14,10,https://www.nba.com/game/0022000496/box-score
2021-02-24_PHX_CHA,0022000496,2021-02-24,PHX,CHA,CHA,P.J. Washington,1629023,1441,1,,10,-11,https://www.nba.com/game/0022000496/box-score
2021-02-24_PHX_CHA,0022000496,2021-02-24,PHX,CHA,CHA,Terry Rozier,1626179,2188,1,,10,-1,https://www.nba.com/game/0022000496/box-score
2021-02-24_PHX_CHA,0022000496,2021-02-24,PHX,CHA,PHX,Abdel Nader,1627846,0,0,DNP - Coach's Decision,0,0,https://www.nba.com/game/0022000496/box-score
2021-02-24_PHX_CHA,0022000496,2021-02-24,PHX,CHA,PHX,Cameron Johnson,1629661,1825,0,,14,0,https://www.nba.com/game/0022000496/box-score
2021-02-24_PHX_CHA,0022000496,2021-02-24,PHX,CHA,PHX,Cameron Payne,1626166,625,0,,2,-14,https://www.nba.com/game/0022000496/box-score
2021-02-24_PHX_CHA,0022000496,2021-02-24,PHX,CHA,PHX,Chris Paul,101108,2255,1,,20,11,https://www.nba.com/game/0022000496/box-score
2021-02-24_PHX_CHA,0022000496,2021-02-24,PHX,CHA,PHX,Dario Saric,203967,931,0,,6,10,https://www.nba.com/game/0022000496/box-score
2021-02-24_PHX_CHA,0022000496,2021-02-24,PHX,CHA,PHX,Deandre Ayton,1629028,1898,1,,16,-9,https://www.nba.com/game/0022000496/box-score
2021-02-24_PHX_CHA,0022000496,2021-02-24,PHX,CHA,PHX,Devin Booker,1626164,1863,1,,33,-4,https://www.nba.com/game/0022000496/box-score
2021-02-24_PHX_CHA,0022000496,2021-02-24,PHX,CHA,PHX,E'Twaun Moore,202734,612,0,,0,-3,https://www.nba.com/game/0022000496/box-score
2021-02-24_PHX_CHA,0022000496,2021-02-24,PHX,CHA,PHX,Frank Kaminsky,1626163,698,1,,6,1,https://www.nba.com/game/0022000496/box-score
2021-02-24_PHX_CHA,0022000496,2021-02-24,PHX,CHA,PHX,Jae Crowder,203109,1611,0,,12,-4,https://www.nba.com/game/0022000496/box-score
2021-02-24_PHX_CHA,0022000496,2021-02-24,PHX,CHA,PHX,Jevon Carter,1628975,0,0,DNP - Coach's Decision,0,0,https://www.nba.com/game/0022000496/box-score
2021-02-24_PHX_CHA,0022000496,2021-02-24,PHX,CHA,PHX,Langston Galloway,204038,0,0,DNP - Coach's Decision,0,0,https://www.nba.com/game/0022000496/box-score
2021-02-24_PHX_CHA,0022000496,2021-02-24,PHX,CHA,PHX,Mikal Bridges,1628969,2081,1,,12,-3,https://www.nba.com/game/0022000496/box-score
2021-02-25_DEN_WAS,0022000502,2021-02-25,DEN,WAS,DEN,Bol Bol,1629626,0,0,DNP - Coach's Decision,0,0,https://www.nba.com/game/0022000502/box-score
2021-02-25_DEN_WAS,0022000502,2021-02-25,DEN,WAS,DEN,Facundo Campazzo,1630267,1929,0,,5,-3,https://www.nba.com/game/0022000502/box-score
2021-02-25_DEN_WAS,0022000502,2021-02-25,DEN,WAS,DEN,Greg Whittington,204222,0,0,DNP - Coach's Decision,0,0,https://www.nba.com/game/0022000502/box-score
2021-02-25_DEN_WAS,0022000502,2021-02-25,DEN,WAS,DEN,Isaiah Hartenstein,1628392,618,0,,5,0,https://www.nba.com/game/0022000502/box-score
2021-02-25_DEN_WAS,0022000502,2021-02-25,DEN,WAS,DEN,Jamal Murray,1627750,2507,1,,34,1,https://www.nba.com/game/0022000502/box-score
2021-02-25_DEN_WAS,0022000502,2021-02-25,DEN,WAS,DEN,Markus Howard,1630210,0,0,DNP - Coach's Decision,0,0,https://www.nba.com/game/0022000502/box-score
2021-02-25_DEN_WAS,0022000502,2021-02-25,DEN,WAS,DEN,Michael Porter Jr.,1629008,2436,1,,18,0,https://www.nba.com/game/0022000502/box-score
2021-02-25_DEN_WAS,0022000502,2021-02-25,DEN,WAS,DEN,Monte Morris,1628420,1868,1,,12,-2,https://www.nba.com/game/0022000502/box-score
2021-02-25_DEN_WAS,0022000502,2021-02-25,DEN,WAS,DEN,Nikola Jokic,203999,2262,1,,24,-2,https://www.nba.com/game/0022000502/box-score
2021-02-25_DEN_WAS,0022000502,2021-02-25,DEN,WAS,DEN,R.J. Hampton,1630181,0,0,DNP - Coach's Decision,0,0,https://www.nba.com/game/0022000502/box-score
2021-02-25_DEN_WAS,0022000502,2021-02-25,DEN,WAS,DEN,Vlatko Cancar,1628427,583,0,,3,-8,https://www.nba.com/game/0022000502/box-score
2021-02-25_DEN_WAS,0022000502,2021-02-25,DEN,WAS,DEN,Will Barton,203115,1324,1,,2,-2,https://www.nba.com/game/0022000502/box-score
2021-02-25_DEN_WAS,0022000502,2021-02-25,DEN,WAS,DEN,Zeke Nnaji,1630192,873,0,,7,6,https://www.nba.com/game/0022000502/box-score
2021-02-25_DEN_WAS,0022000502,2021-02-25,DEN,WAS,WAS,Alex Len,203458,295,0,,0,-2,https://www.nba.com/game/0022000502/box-score
2021-02-25_DEN_WAS,0022000502,2021-02-25,DEN,WAS,WAS,Anthony Gill,1630264,0,0,DNP - Coach's Decision,0,0,https://www.nba.com/game/0022000502/box-score
2021-02-25_DEN_WAS,0022000502,2021-02-25,DEN,WAS,WAS,Bradley Beal,203078,2188,1,,33,2,https://www.nba.com/game/0022000502/box-score
2021-02-25_DEN_WAS,0022000502,2021-02-25,DEN,WAS,WAS,Davis Bertans,202722,0,0,DNP - Injury/Illness,0,0,https://www.nba.com/game/0022000502/box-score
2021-02-25_DEN_WAS,0022000502,2021-02-25,DEN,WAS,WAS,Deni Avdija,1630166,1171,0,,2,-2,https://www.nba.com/game/0022000502/box-score
2021-02-25_DEN_WAS,0022000502,2021-02-25,DEN,WAS,WAS,Garrison Mathews,1629726,972,1,,6,-7,https://www.nba.com/game/0022000502/box-score
2021-02-25_DEN_WAS,0022000502,2021-02-25,DEN,WAS,WAS,Isaac Bonga,1629067,0,0,DNP - Coach's Decision,0,0,https://www.nba.com/game/0022000502/box-score
2021-02-25_DEN_WAS,0022000502,2021-02-25,DEN,WAS,WAS,Jerome Robinson,1629010,0,0,DNP - Coach's Decision,0,0,https://www.nba.com/game/0022000502/box-score
2021-02-25_DEN_WAS,0022000502,2021-02-25,DEN,WAS,WAS,Moritz Wagner,1629021,1085,1,,6,-9,https://www.nba.com/game/0022000502/box-score
2021-02-25_DEN_WAS,0022000502,2021-02-25,DEN,WAS,WAS,Raul Neto,203526,1694,0,,15,5,https://www.nba.com/game/0022000502/box-score
2021-02-25_DEN_WAS,0022000502,2021-02-25,DEN,WAS,WAS,Robin Lopez,201577,1500,0,,10,13,https://www.nba.com/game/0022000502/box-score
2021-02-25_DEN_WAS,0022000502,2021-02-25,DEN,WAS,WAS,Rui Hachimura,1629060,2291,1,,20,6,https://www.nba.com/game/0022000502/box-score
2021-02-25_DEN_WAS,0022000502,2021-02-25,DEN,WAS,WAS,Russell Westbrook,201566,2241,1,,16,1,https://www.nba.com/game/0022000502/box-score
2021-02-25_DEN_WAS,0022000502,2021-02-25,DEN,WAS,WAS,Troy Brown Jr.,1628972,963,0,,4,3,https://www.nba.com/game/0022000502/box-score
2021-02-28_SAC_CHA,0022000528,2021-02-28,SAC,CHA,CHA,Bismack Biyombo,202687,1200,1,,6,-10,https://www.nba.com/game/0022000528/box-score
2021-02-28_SAC_CHA,0022000528,2021-02-28,SAC,CHA,CHA,Caleb Martin,1628997,221,0,,0,-1,https://www.nba.com/game/0022000528/box-score
2021-02-28_SAC_CHA,0022000528,2021-02-28,SAC,CHA,CHA,Cody Martin,1628998,1634,0,,9,9,https://www.nba.com/game/0022000528/box-score
2021-02-28_SAC_CHA,0022000528,2021-02-28,SAC,CHA,CHA,Cody Zeller,203469,0,0,DND - Injury/Illness,0,0,https://www.nba.com/game/0022000528/box-score
2021-02-28_SAC_CHA,0022000528,2021-02-28,SAC,CHA,CHA,Devonte' Graham,1628984,0,0,DND - Injury/Illness,0,0,https://www.nba.com/game/0022000528/box-score
2021-02-28_SAC_CHA,0022000528,2021-02-28,SAC,CHA,CHA,Gordon Hayward,202330,0,0,DND - Injury/Illness,0,0,https://www.nba.com/game/0022000528/box-score
2021-02-28_SAC_CHA,0022000528,2021-02-28,SAC,CHA,CHA,Jalen McDaniels,1629667,911,1,,4,-17,https://www.nba.com/game/0022000528/box-score
2021-02-28_SAC_CHA,0022000528,2021-02-28,SAC,CHA,CHA,LaMelo Ball,1630163,2311,1,,24,6,https://www.nba.com/game/0022000528/box-score
2021-02-28_SAC_CHA,0022000528,2021-02-28,SAC,CHA,CHA,Malik Monk,1628370,1873,0,,21,20,https://www.nba.com/game/0022000528/box-score
2021-02-28_SAC_CHA,0022000528,2021-02-28,SAC,CHA,CHA,Miles Bridges,1628970,1954,0,,13,15,https://www.nba.com/game/0022000528/box-score
2021-02-28_SAC_CHA,0022000528,2021-02-28,SAC,CHA,CHA,P.J. Washington,1629023,2492,1,,42,-5,https://www.nba.com/game/0022000528/box-score
2021-02-28_SAC_CHA,0022000528,2021-02-28,SAC,CHA,CHA,Terry Rozier,1626179,1804,1,,8,-12,https://www.nba.com/game/0022000528/box-score
2021-02-28_SAC_CHA,0022000528,2021-02-28,SAC,CHA,SAC,Buddy Hield,1627741,2329,1,,30,12,https://www.nba.com/game/0022000528/box-score
2021-02-28_SAC_CHA,0022000528,2021-02-28,SAC,CHA,SAC,Cory Joseph,202709,967,0,,0,-20,https://www.nba.com/game/0022000528/box-score
2021-02-28_SAC_CHA,0022000528,2021-02-28,SAC,CHA,SAC,DaQuan Jeffries,1629610,747,0,,0,-10,https://www.nba.com/game/0022000528/box-score
2021-02-28_SAC_CHA,0022000528,2021-02-28,SAC,CHA,SAC,De'Aaron Fox,1628368,2434,1,,20,-3,https://www.nba.com/game/0022000528/box-score
2021-02-28_SAC_CHA,0022000528,2021-02-28,SAC,CHA,SAC,Harrison Barnes,203084,2515,1,,28,10,https://www.nba.com/game/0022000528/box-score
2021-02-28_SAC_CHA,0022000528,2021-02-28,SAC,CHA,SAC,Jabari Parker,203953,0,0,NWT - Health and Safety Protocols,0,0,https://www.nba.com/game/0022000528/box-score
2021-02-28_SAC_CHA,0022000528,2021-02-28,SAC,CHA,SAC,Justin James,1629713,0,0,DNP - Coach's Decision,0,0,https://www.nba.com/game/0022000528/box-score
2021-02-28_SAC_CHA,0022000528,2021-02-28,SAC,CHA,SAC,Kyle Guy,1629657,0,0,DNP - Coach's Decision,0,0,https://www.nba.com/game/0022000528/box-score
2021-02-28_SAC_CHA,0022000528,2021-02-28,SAC,CHA,SAC,Marvin Bagley III,1628963,2096,1,,24,18,https://www.nba.com/game/0022000528/box-score
2021-02-28_SAC_CHA,0022000528,2021-02-28,SAC,CHA,SAC,Nemanja Bjelica,202357,1291,0,,11,-12,https://www.nba.com/game/0022000528/box-score
2021-02-28_SAC_CHA,0022000528,2021-02-28,SAC,CHA,SAC,Norvel Pelle,203658,0,0,DNP - Coach's Decision,0,0,https://www.nba.com/game/0022000528/box-score
2021-02-28_SAC_CHA,0022000528,2021-02-28,SAC,CHA,SAC,Richaun Holmes,1626158,2022,1,,13,0,https://www.nba.com/game/0022000528/box-score
2021-03-03_CLE_IND,0022000543,2021-03-03,CLE,IND,CLE,Cedi Osman,1626224,1039,0,,2,-16,https://www.nba.com/game/0022000543/box-score
2021-03-03_CLE_IND,0022000543,2021-03-03,CLE,IND,CLE,Collin Sexton,1629012,2606,1,,32,8,https://www.nba.com/game/0022000543/box-score
2021-03-03_CLE_IND,0022000543,2021-03-03,CLE,IND,CLE,Damyean Dotson,1628422,486,0,,2,-12,https://www.nba.com/game/0022000543/box-score
2021-03-03_CLE_IND,0022000543,2021-03-03,CLE,IND,CLE,Darius Garland,1629636,1164,1,,16,16,https://www.nba.com/game/0022000543/box-score
2021-03-03_CLE_IND,0022000543,2021-03-03,CLE,IND,CLE,Dean Wade,1629731,1845,1,,17,13,https://www.nba.com/game/0022000543/box-score
2021-03-03_CLE_IND,0022000543,2021-03-03,CLE,IND,CLE,Dylan Windler,1629685,1269,0,,3,-15,https://www.nba.com/game/0022000543/box-score
2021-03-03_CLE_IND,0022000543,2021-03-03,CLE,IND,CLE,Isaac Okoro,1630171,1953,1,,7,2,https://www.nba.com/game/0022000543/box-score
2021-03-03_CLE_IND,0022000543,2021-03-03,CLE,IND,CLE,JaVale McGee,201580,1139,0,,10,-15,https://www.nba.com/game/0022000543/box-score
2021-03-03_CLE_IND,0022000543,2021-03-03,CLE,IND,CLE,Jarrett Allen,1628386,1741,1,,17,12,https://www.nba.com/game/0022000543/box-score
2021-03-03_CLE_IND,0022000543,2021-03-03,CLE,IND,CLE,Lamar Stevens,1630205,0,0,DNP - Coach's Decision,0,0,https://www.nba.com/game/0022000543/box-score
2021-03-03_CLE_IND,0022000543,2021-03-03,CLE,IND,CLE,Larry Nance Jr.,1626204,0,0,DND - Injury/Illness,0,0,https://www.nba.com/game/0022000543/box-score
2021-03-03_CLE_IND,0022000543,2021-03-03,CLE,IND,CLE,Taurean Prince,1627752,1158,0,,5,-8,https://www.nba.com/game/0022000543/box-score
2021-03-03_CLE_IND,0022000543,2021-03-03,CLE,IND,IND,Aaron Holiday,1628988,277,0,,0,-3,https://www.nba.com/game/0022000543/box-score
2021-03-03_CLE_IND,0022000543,2021-03-03,CLE,IND,IND,Domantas Sabonis,1627734,2256,1,,18,-5,https://www.nba.com/game/0022000543/box-score
2021-03-03_CLE_IND,0022000543,2021-03-03,CLE,IND,IND,Doug McDermott,203926,1433,1,,12,-1,https://www.nba.com/game/0022000543/box-score
2021-03-03_CLE_IND,0022000543,2021-03-03,CLE,IND,IND,Edmond Sumner,1628410,1048,0,,8,23,https://www.nba.com/game/0022000543/box-score
2021-03-03_CLE_IND,0022000543,2021-03-03,CLE,IND,IND,Goga Bitadze,1629048,0,0,DNP - Coach's Decision,0,0,https://www.nba.com/game/0022000543/box-score
2021-03-03_CLE_IND,0022000543,2021-03-03,CLE,IND,IND,JaKarr Sampson,203960,0,0,DNP - Coach's Decision,0,0,https://www.nba.com/game/0022000543/box-score
2021-03-03_CLE_IND,0022000543,2021-03-03,CLE,IND,IND,Jeremy Lamb,203087,1150,0,,11,2,https://www.nba.com/game/0022000543/box-score
2021-03-03_CLE_IND,0022000543,2021-03-03,CLE,IND,IND,Justin Holiday,203200,2236,1,,8,-5,https://www.nba.com/game/0022000543/box-score
2021-03-03_CLE_IND,0022000543,2021-03-03,CLE,IND,IND,Kelan Martin,1629103,0,0,DNP - Coach's Decision,0,0,https://www.nba.com/game/0022000543/box-score
2021-03-03_CLE_IND,0022000543,2021-03-03,CLE,IND,IND,Malcolm Brogdon,1627763,2112,1,,29,-8,https://www.nba.com/game/0022000543/box-score
2021-03-03_CLE_IND,0022000543,2021-03-03,CLE,IND,IND,Myles Turner,1626167,1700,1,,12,-2,https://www.nba.com/game/0022000543/box-score
2021-03-03_CLE_IND,0022000543,2021-03-03,CLE,IND,IND,T.J. McConnell,204456,2187,0,,16,14,https://www.nba.com/game/0022000543/box-score
2021-03-04_WAS_LAC,0022000554,2021-03-04,WAS,LAC,LAC,Ivica Zubac,1627826,1727,0,,13,20,https://www.nba.com/game/0022000554/box-score
2021-03-04_WAS_LAC,0022000554,2021-03-04,WAS,LAC,LAC,Kawhi Leonard,202695,1907,1,,22,9,https://www.nba.com/game/0022000554/box-score
2021-03-04_WAS_LAC,0022000554,2021-03-04,WAS,LAC,LAC,Lou Williams,101150,1591,0,,16,-3,https://www.nba.com/game/0022000554/box-score
2021-03-04_WAS_LAC,0022000554,2021-03-04,WAS,LAC,LAC,Luke Kennard,1628379,1255,0,,14,23,https://www.nba.com/game/0022000554/box-score
2021-03-04_WAS_LAC,0022000554,2021-03-04,WAS,LAC,LAC,Marcus Morris Sr.,202694,0,0,DNP - Injury/Illness,0,0,https://www.nba.com/game/0022000554/box-score
2021-03-04_WAS_LAC,0022000554,2021-03-04,WAS,LAC,LAC,Mfiondu Kabengele,1629662,0,0,DNP - Coach's Decision,0,0,https://www.nba.com/game/0022000554/box-score
2021-03-04_WAS_LAC,0022000554,2021-03-04,WAS,LAC,LAC,Nicolas Batum,201587,1824,1,,9,-23,https://www.nba.com/game/0022000554/box-score
2021-03-04_WAS_LAC,0022000554,2021-03-04,WAS,LAC,LAC,Patrick Beverley,201976,1544,1,,17,-7,https://www.nba.com/game/0022000554/box-score
2021-03-04_WAS_LAC,0022000554,2021-03-04,WAS,LAC,LAC,Paul George,202331,0,0,DNP - Injury/Illness,0,0,https://www.nba.com/game/0022000554/box-score
2021-03-04_WAS_LAC,0022000554,2021-03-04,WAS,LAC,LAC,Reggie Jackson,202704,1690,1,,12,-9,https://www.nba.com/game/0022000554/box-score
2021-03-04_WAS_LAC,0022000554,2021-03-04,WAS,LAC,LAC,Serge Ibaka,201586,1094,1,,0,-22,https://www.nba.com/game/0022000554/box-score
2021-03-04_WAS_LAC,0022000554,2021-03-04,WAS,LAC,LAC,Terance Mann,1629611,1768,0,,14,2,https://www.nba.com/game/0022000554/box-score
2021-03-04_WAS_LAC,0022000554,2021-03-04,WAS,LAC,WAS,Alex Len,203458,0,0,DNP - Coach's Decision,0,0,https://www.nba.com/game/0022000554/box-score
2021-03-04_WAS_LAC,0022000554,2021-03-04,WAS,LAC,WAS,Anthony Gill,1630264,0,0,DNP - Coach's Decision,0,0,https://www.nba.com/game/0022000554/box-score
2021-03-04_WAS_LAC,0022000554,2021-03-04,WAS,LAC,WAS,Bradley Beal,203078,2202,1,,33,4,https://www.nba.com/game/0022000554/box-score
2021-03-04_WAS_LAC,0022000554,2021-03-04,WAS,LAC,WAS,Davis Bertans,202722,1590,0,,11,-5,https://www.nba.com/game/0022000554/box-score
2021-03-04_WAS_LAC,0022000554,2021-03-04,WAS,LAC,WAS,Deni Avdija,1630166,1493,0,,4,-13,https://www.nba.com/game/0022000554/box-score
2021-03-04_WAS_LAC,0022000554,2021-03-04,WAS,LAC,WAS,Garrison Mathews,1629726,849,1,,2,10,https://www.nba.com/game/0022000554/box-score
2021-03-04_WAS_LAC,0022000554,2021-03-04,WAS,LAC,WAS,Isaac Bonga,1629067,0,0,DNP - Coach's Decision,0,0,https://www.nba.com/game/0022000554/box-score
2021-03-04_WAS_LAC,0022000554,2021-03-04,WAS,LAC,WAS,Jerome Robinson,1629010,0,0,DNP - Coach's Decision,0,0,https://www.nba.com/game/0022000554/box-score
2021-03-04_WAS_LAC,0022000554,2021-03-04,WAS,LAC,WAS,Moritz Wagner,1629021,1163,1,,12,26,https://www.nba.com/game/0022000554/box-score
2021-03-04_WAS_LAC,0022000554,2021-03-04,WAS,LAC,WAS,Raul Neto,203526,1464,0,,11,-20,https://www.nba.com/game/0022000554/box-score
2021-03-04_WAS_LAC,0022000554,2021-03-04,WAS,LAC,WAS,Robin Lopez,201577,1573,0,,10,-18,https://www.nba.com/game/0022000554/box-score
2021-03-04_WAS_LAC,0022000554,2021-03-04,WAS,LAC,WAS,Rui Hachimura,1629060,1926,1,,9,11,https://www.nba.com/game/0022000554/box-score
2021-03-04_WAS_LAC,0022000554,2021-03-04,WAS,LAC,WAS,Russell Westbrook,201566,2140,1,,27,15,https://www.nba.com/game/0022000554/box-score
2021-03-04_WAS_LAC,0022000554,2021-03-04,WAS,LAC,WAS,Troy Brown Jr.,1628972,0,0,DNP - Coach's Decision,0,0,https://www.nba.com/game/0022000554/box-score
2021-03-11_CHA_DET,0022000568,2021-03-11,CHA,DET,CHA,Bismack Biyombo,202687,818,0,,2,-1,https://www.nba.com/game/0022000568/box-score
2021-03-11_CHA_DET,0022000568,2021-03-11,CHA,DET,CHA,Caleb Martin,1628997,0,0,DNP - Coach's Decision,0,0,https://www.nba.com/game/0022000568/box-score
2021-03-11_CHA_DET,0022000568,2021-03-11,CHA,DET,CHA,Cody Martin,1628998,604,0,,5,-3,https://www.nba.com/game/0022000568/box-score
2021-03-11_CHA_DET,0022000568,2021-03-11,CHA,DET,CHA,Cody Zeller,203469,1577,1,,15,3,https://www.nba.com/game/0022000568/box-score
2021-03-11_CHA_DET,0022000568,2021-03-11,CHA,DET,CHA,Devonte' Graham,1628984,1109,0,,7,2,https://www.nba.com/game/0022000568/box-score
2021-03-11_CHA_DET,0022000568,2021-03-11,CHA,DET,CHA,Gordon Hayward,202330,2285,1,,17,4,https://www.nba.com/game/0022000568/box-score
2021-03-11_CHA_DET,0022000568,2021-03-11,CHA,DET,CHA,Jalen McDaniels,1629667,0,0,DNP - Coach's Decision,0,0,https://www.nba.com/game/0022000568/box-score
2021-03-11_CHA_DET,0022000568,2021-03-11,CHA,DET,CHA,LaMelo Ball,1630163,1762,1,,7,3,https://www.nba.com/game/0022000568/box-score
2021-03-11_CHA_DET,0022000568,2021-03-11,CHA,DET,CHA,Malik Monk,1628370,1048,0,,9,1,https://www.nba.com/game/0022000568/box-score
2021-03-11_CHA_DET,0022000568,2021-03-11,CHA,DET,CHA,Miles Bridges,1628970,1404,0,,6,-4,https://www.nba.com/game/0022000568/box-score
2021-03-11_CHA_DET,0022000568,2021-03-11,CHA,DET,CHA,Nate Darling,1630268,0,0,DNP - Coach's Decision,0,0,https://www.nba.com/game/0022000568/box-score
2021-03-11_CHA_DET,0022000568,2021-03-11,CHA,DET,CHA,Nick Richards,1630208,0,0,DNP - Coach's Decision,0,0,https://www.nba.com/game/0022000568/box-score
2021-03-11_CHA_DET,0022000568,2021-03-11,CHA,DET,CHA,P.J. Washington,1629023,1930,1,,20,8,https://www.nba.com/game/0022000568/box-score
2021-03-11_CHA_DET,0022000568,2021-03-11,CHA,DET,CHA,Terry Rozier,1626179,1863,1,,17,2,https://www.nba.com/game/0022000568/box-score
2021-03-11_CHA_DET,0022000568,2021-03-11,CHA,DET,CHA,Vernon Carey Jr.,1630176,0,0,DNP - Coach's Decision,0,0,https://www.nba.com/game/0022000568/box-score
2021-03-11_CHA_DET,0022000568,2021-03-11,CHA,DET,DET,Deividas Sirvydis,1629686,0,0,DNP - Coach's Decision,0,0,https://www.nba.com/game/0022000568/box-score
2021-03-11_CHA_DET,0022000568,2021-03-11,CHA,DET,DET,Delon Wright,1626153,1315,1,,5,-5,https://www.nba.com/game/0022000568/box-score
2021-03-11_CHA_DET,0022000568,2021-03-11,CHA,DET,DET,Dennis Smith Jr.,1628372,1312,0,,6,-2,https://www.nba.com/game/0022000568/box-score
2021-03-11_CHA_DET,0022000568,2021-03-11,CHA,DET,DET,Frank Jackson,1628402,0,0,DNP - Coach's Decision,0,0,https://www.nba.com/game/0022000568/box-score
2021-03-11_CHA_DET,0022000568,2021-03-11,CHA,DET,DET,Isaiah Stewart,1630191,1360,0,,7,-1,https://www.nba.com/game/0022000568/box-score
2021-03-11_CHA_DET,0022000568,2021-03-11,CHA,DET,DET,Jerami Grant,203924,2031,1,,32,2,https://www.nba.com/game/0022000568/box-score
2021-03-11_CHA_DET,0022000568,2021-03-11,CHA,DET,DET,Josh Jackson,1628367,1190,0,,9,-2,https://www.nba.com/game/0022000568/box-score
2021-03-11_CHA_DET,0022000568,2021-03-11,CHA,DET,DET,Mason Plumlee,203486,1520,1,,9,-2,https://www.nba.com/game/0022000568/box-score
2021-03-11_CHA_DET,0022000568,2021-03-11,CHA,DET,DET,Rodney McGruder,203585,572,0,,4,-2,https://www.nba.com/game/0022000568/box-score
2021-03-11_CHA_DET,0022000568,2021-03-11,CHA,DET,DET,Saben Lee,1630240,253,0,,0,4,https://www.nba.com/game/0022000568/box-score
2021-03-11_CHA_DET,0022000568,2021-03-11,CHA,DET,DET,Saddiq Bey,1630180,1690,1,,14,-1,https://www.nba.com/game/0022000568/box-score
2021-03-11_CHA_DET,0022000568,2021-03-11,CHA,DET,DET,Sekou Doumbouya,1629635,334,0,,0,-6,https://www.nba.com/game/0022000568/box-score
2021-03-11_CHA_DET,0022000568,2021-03-11,CHA,DET,DET,Svi Mykhailiuk,1629004,1572,1,,11,3,https://www.nba.com/game/0022000568/box-score
2021-03-11_CHA_DET,0022000568,2021-03-11,CHA,DET,DET,Wayne Ellington,201961,1251,0,,5,-3,https://www.nba.com/game/0022000568/box-score
2021-03-21_MIA_IND,0022000645,2021-03-21,MIA,IND,IND,Aaron Holiday,1628988,0,0,DNP - Coach's Decision,0,0,https://www.nba.com/game/0022000645/box-score
2021-03-21_MIA_IND,0022000645,2021-03-21,MIA,IND,IND,Brian Bowen II,1628968,0,0,DNP - Coach's Decision,0,0,https://www.nba.com/game/0022000645/box-score
2021-03-21_MIA_IND,0022000645,2021-03-21,MIA,IND,IND,Caris LeVert,1627747,2082,1,,13,1,https://www.nba.com/game/0022000645/box-score
2021-03-21_MIA_IND,0022000645,2021-03-21,MIA,IND,IND,Cassius Stanley,1630199,0,0,DNP - Coach's Decision,0,0,https://www.nba.com/game/0022000645/box-score
2021-03-21_MIA_IND,0022000645,2021-03-21,MIA,IND,IND,Domantas Sabonis,1627734,2106,1,,17,-2,https://www.nba.com/game/0022000645/box-score
2021-03-21_MIA_IND,0022000645,2021-03-21,MIA,IND,IND,Doug McDermott,203926,1141,0,,15,2,https://www.nba.com/game/0022000645/box-score
2021-03-21_MIA_IND,0022000645,2021-03-21,MIA,IND,IND,Edmond Sumner,1628410,714,0,,3,-3,https://www.nba.com/game/0022000645/box-score
2021-03-21_MIA_IND,0022000645,2021-03-21,MIA,IND,IND,Goga Bitadze,1629048,560,0,,2,3,https://www.nba.com/game/0022000645/box-score
2021-03-21_MIA_IND,0022000645,2021-03-21,MIA,IND,IND,JaKarr Sampson,203960,0,0,DNP - Coach's Decision,0,0,https://www.nba.com/game/0022000645/box-score
2021-03-21_MIA_IND,0022000645,2021-03-21,MIA,IND,IND,Jeremy Lamb,203087,675,0,,4,-5,https://www.nba.com/game/0022000645/box-score
2021-03-21_MIA_IND,0022000645,2021-03-21,MIA,IND,IND,Justin Holiday,203200,2505,1,,15,8,https://www.nba.com/game/0022000645/box-score
2021-03-21_MIA_IND,0022000645,2021-03-21,MIA,IND,IND,Kelan Martin,1629103,0,0,DNP - Coach's Decision,0,0,https://www.nba.com/game/0022000645/box-score
2021-03-21_MIA_IND,0022000645,2021-03-21,MIA,IND,IND,Malcolm Brogdon,1627763,2435,1,,12,6,https://www.nba.com/game/0022000645/box-score
2021-03-21_MIA_IND,0022000645,2021-03-21,MIA,IND,IND,Myles Turner,1626167,1798,1,,16,6,https://www.nba.com/game/0022000645/box-score
2021-03-21_MIA_IND,0022000645,2021-03-21,MIA,IND,IND,T.J. McConnell,204456,1884,0,,12,-1,https://www.nba.com/game/0022000645/box-score
2021-03-21_MIA_IND,0022000645,2021-03-21,MIA,IND,MIA,Andre Iguodala,2738,1172,0,,2,17,https://www.nba.com/game/0022000645/box-score
2021-03-21_MIA_IND,0022000645,2021-03-21,MIA,IND,MIA,Bam Adebayo,1628389,2180,1,,29,22,https://www.nba.com/game/0022000645/box-score
2021-03-21_MIA_IND,0022000645,2021-03-21,MIA,IND,MIA,Chris Silva,1629735,0,0,DNP - Coach's Decision,0,0,https://www.nba.com/game/0022000645/box-score
2021-03-21_MIA_IND,0022000645,2021-03-21,MIA,IND,MIA,Duncan Robinson,1629130,2376,1,,13,15,https://www.nba.com/game/0022000645/box-score
2021-03-21_MIA_IND,0022000645,2021-03-21,MIA,IND,MIA,Gabe Vincent,1629216,1051,0,,9,5,https://www.nba.com/game/0022000645/box-score
2021-03-21_MIA_IND,0022000645,2021-03-21,MIA,IND,MIA,Goran Dragic,201609,0,0,DND - Injury/Illness,0,0,https://www.nba.com/game/0022000645/box-score
2021-03-21_MIA_IND,0022000645,2021-03-21,MIA,IND,MIA,Jimmy Butler,202710,2501,1,,21,-15,https://www.nba.com/game/0022000645/box-score
2021-03-21_MIA_IND,0022000645,2021-03-21,MIA,IND,MIA,KZ Okpala,1629644,0,0,DNP - Coach's Decision,0,0,https://www.nba.com/game/0022000645/box-score
2021-03-21_MIA_IND,0022000645,2021-03-21,MIA,IND,MIA,Kelly Olynyk,203482,1706,1,,7,-17,https://www.nba.com/game/0022000645/box-score
2021-03-21_MIA_IND,0022000645,2021-03-21,MIA,IND,MIA,Kendrick Nunn,1629134,1396,1,,9,-9,https://www.nba.com/game/0022000645/box-score
2021-03-21_MIA_IND,0022000645,2021-03-21,MIA,IND,MIA,Maurice Harkless,203090,0,0,DNP - Coach's Decision,0,0,https://www.nba.com/game/0022000645/box-score
2021-03-21_MIA_IND,0022000645,2021-03-21,MIA,IND,MIA,Max Strus,1629622,0,0,DNP - Coach's Decision,0,0,https://www.nba.com/game/0022000645/box-score
2021-03-21_MIA_IND,0022000645,2021-03-21,MIA,IND,MIA,Precious Achiuwa,1630173,194,0,,0,-10,https://www.nba.com/game/0022000645/box-score
2021-03-21_MIA_IND,0022000645,2021-03-21,MIA,IND,MIA,Trevor Ariza,2772,1153,0,,5,-18,https://www.nba.com/game/0022000645/box-score
2021-03-21_MIA_IND,0022000645,2021-03-21,MIA,IND,MIA,Tyler Herro,1629639,2171,0,,11,-5,https://www.nba.com/game/0022000645/box-score
2021-03-22_SAS_CHA,0022000655,2021-03-22,SAS,CHA,CHA,Bismack Biyombo,202687,1396,1,,11,1,https://www.nba.com/game/0022000655/box-score
2021-03-22_SAS_CHA,0022000655,2021-03-22,SAS,CHA,CHA,Caleb Martin,1628997,0,0,DNP - Coach's Decision,0,0,https://www.nba.com/game/0022000655/box-score
2021-03-22_SAS_CHA,0022000655,2021-03-22,SAS,CHA,CHA,Cody Martin,1628998,979,0,,6,-11,https://www.nba.com/game/0022000655/box-score
2021-03-22_SAS_CHA,0022000655,2021-03-22,SAS,CHA,CHA,Devonte' Graham,1628984,1723,1,,9,-9,https://www.nba.com/game/0022000655/box-score
2021-03-22_SAS_CHA,0022000655,2021-03-22,SAS,CHA,CHA,Gordon Hayward,202330,2212,1,,27,13,https://www.nba.com/game/0022000655/box-score
2021-03-22_SAS_CHA,0022000655,2021-03-22,SAS,CHA,CHA,Grant Riller,1630203,0,0,DNP - Coach's Decision,0,0,https://www.nba.com/game/0022000655/box-score
2021-03-22_SAS_CHA,0022000655,2021-03-22,SAS,CHA,CHA,Jalen McDaniels,1629667,0,0,DNP - Coach's Decision,0,0,https://www.nba.com/game/0022000655/box-score
2021-03-22_SAS_CHA,0022000655,2021-03-22,SAS,CHA,CHA,Malik Monk,1628370,1607,0,,11,1,https://www.nba.com/game/0022000655/box-score
2021-03-22_SAS_CHA,0022000655,2021-03-22,SAS,CHA,CHA,Miles Bridges,1628970,1672,0,,2,-1,https://www.nba.com/game/0022000655/box-score
2021-03-22_SAS_CHA,0022000655,2021-03-22,SAS,CHA,CHA,Nate Darling,1630268,0,0,DNP - Coach's Decision,0,0,https://www.nba.com/game/0022000655/box-score
2021-03-22_SAS_CHA,0022000655,2021-03-22,SAS,CHA,CHA,Nick Richards,1630208,0,0,DNP - Coach's Decision,0,0,https://www.nba.com/game/0022000655/box-score
2021-03-22_SAS_CHA,0022000655,2021-03-22,SAS,CHA,CHA,P.J. Washington,1629023,2493,1,,10,5,https://www.nba.com/game/0022000655/box-score
2021-03-22_SAS_CHA,0022000655,2021-03-22,SAS,CHA,CHA,Terry Rozier,1626179,2318,1,,24,16,https://www.nba.com/game/0022000655/box-score
2021-03-22_SAS_CHA,0022000655,2021-03-22,SAS,CHA,CHA,Vernon Carey Jr.,1630176,0,0,DNP - Coach's Decision,0,0,https://www.nba.com/game/0022000655/box-score
2021-03-22_SAS_CHA,0022000655,2021-03-22,SAS,CHA,SAS,DeMar DeRozan,201942,2099,1,,28,-12,https://www.nba.com/game/0022000655/box-score
2021-03-22_SAS_CHA,0022000655,2021-03-22,SAS,CHA,SAS,Dejounte Murray,1627749,2025,1,,9,6,https://www.nba.com/game/0022000655/box-score
2021-03-22_SAS_CHA,0022000655,2021-03-22,SAS,CHA,SAS,Derrick White,1628401,2139,1,,21,8,https://www.nba.com/game/0022000655/box-score
2021-03-22_SAS_CHA,0022000655,2021-03-22,SAS,CHA,SAS,Devin Vassell,1630170,608,0,,2,7,https://www.nba.com/game/0022000655/box-score
2021-03-22_SAS_CHA,0022000655,2021-03-22,SAS,CHA,SAS,Drew Eubanks,1629234,110,0,,1,-9,https://www.nba.com/game/0022000655/box-score
2021-03-22_SAS_CHA,0022000655,2021-03-22,SAS,CHA,SAS,Jakob Poeltl,1627751,1544,1,,4,-4,https://www.nba.com/game/0022000655/box-score
2021-03-22_SAS_CHA,0022000655,2021-03-22,SAS,CHA,SAS,Keldon Johnson,1629640,1912,1,,9,2,https://www.nba.com/game/0022000655/box-score
2021-03-22_SAS_CHA,0022000655,2021-03-22,SAS,CHA,SAS,Lonnie Walker IV,1629022,530,0,,3,-15,https://www.nba.com/game/0022000655/box-score
2021-03-22_SAS_CHA,0022000655,2021-03-22,SAS,CHA,SAS,Luka Samanic,1629677,0,0,DNP - Coach's Decision,0,0,https://www.nba.com/game/0022000655/box-score
2021-03-22_SAS_CHA,0022000655,2021-03-22,SAS,CHA,SAS,Patty Mills,201988,1932,0,,10,0,https://www.nba.com/game/0022000655/box-score
2021-03-22_SAS_CHA,0022000655,2021-03-22,SAS,CHA,SAS,Quinndary Weatherspoon,1629683,0,0,DNP - Coach's Decision,0,0,https://www.nba.com/game/0022000655/box-score
2021-03-22_SAS_CHA,0022000655,2021-03-22,SAS,CHA,SAS,Rudy Gay,200752,1502,0,,10,2,https://www.nba.com/game/0022000655/box-score
2021-03-22_SAS_CHA,0022000655,2021-03-22,SAS,CHA,SAS,Tre Jones,1630200,0,0,DNP - Coach's Decision,0,0,https://www.nba.com/game/0022000655/box-score
2021-03-22_SAS_CHA,0022000655,2021-03-22,SAS,CHA,SAS,Trey Lyles,1626168,0,0,DNP - Coach's Decision,0,0,https://www.nba.com/game/0022000655/box-score
2021-04-09_GSW_WAS,0022000798,2021-04-09,GSW,WAS,GSW,Alen Smailagic,1629346,0,0,DNP - Coach's Decision,0,0,https://www.nba.com/game/0022000798/box-score
2021-04-09_GSW_WAS,0022000798,2021-04-09,GSW,WAS,GSW,Andrew Wiggins,203952,2136,1,,15,12,https://www.nba.com/game/0022000798/box-score
2021-04-09_GSW_WAS,0022000798,2021-04-09,GSW,WAS,GSW,Damion Lee,1627814,894,0,,10,2,https://www.nba.com/game/0022000798/box-score
2021-04-09_GSW_WAS,0022000798,2021-04-09,GSW,WAS,GSW,Draymond Green,203110,1992,1,,5,-7,https://www.nba.com/game/0022000798/box-score
2021-04-09_GSW_WAS,0022000798,2021-04-09,GSW,WAS,GSW,Gary Payton II,1627780,0,0,DNP - Coach's Decision,0,0,https://www.nba.com/game/0022000798/box-score
2021-04-09_GSW_WAS,0022000798,2021-04-09,GSW,WAS,GSW,James Wiseman,1630164,1398,1,,18,4,https://www.nba.com/game/0022000798/box-score
2021-04-09_GSW_WAS,0022000798,2021-04-09,GSW,WAS,GSW,Jordan Poole,1629673,887,0,,0,7,https://www.nba.com/game/0022000798/box-score
2021-04-09_GSW_WAS,0022000798,2021-04-09,GSW,WAS,GSW,Kelly Oubre Jr.,1626162,2196,1,,23,-13,https://www.nba.com/game/0022000798/box-score
2021-04-09_GSW_WAS,0022000798,2021-04-09,GSW,WAS,GSW,Kent Bazemore,203145,1669,0,,4,2,https://www.nba.com/game/0022000798/box-score
2021-04-09_GSW_WAS,0022000798,2021-04-09,GSW,WAS,GSW,Kevon Looney,1626172,1136,0,,0,-6,https://www.nba.com/game/0022000798/box-score
2021-04-09_GSW_WAS,0022000798,2021-04-09,GSW,WAS,GSW,Mychal Mulder,1628539,0,0,DNP - Coach's Decision,0,0,https://www.nba.com/game/0022000798/box-score
2021-04-09_GSW_WAS,0022000798,2021-04-09,GSW,WAS,GSW,Nico Mannion,1630185,0,0,DNP - Coach's Decision,0,0,https://www.nba.com/game/0022000798/box-score
2021-04-09_GSW_WAS,0022000798,2021-04-09,GSW,WAS,GSW,Stephen Curry,201939,2092,1,,32,-16,https://www.nba.com/game/0022000798/box-score
2021-04-09_GSW_WAS,0022000798,2021-04-09,GSW,WAS,WAS,Alex Len,203458,1214,1,,15,-2,https://www.nba.com/game/0022000798/box-score
2021-04-09_GSW_WAS,0022000798,2021-04-09,GSW,WAS,WAS,Anthony Gill,1630264,0,0,DNP - Coach's Decision,0,0,https://www.nba.com/game/0022000798/box-score
2021-04-09_GSW_WAS,0022000798,2021-04-09,GSW,WAS,WAS,Bradley Beal,203078,1796,1,,20,1,https://www.nba.com/game/0022000798/box-score
2021-04-09_GSW_WAS,0022000798,2021-04-09,GSW,WAS,WAS,Cassius Winston,1630216,0,0,DNP - Coach's Decision,0,0,https://www.nba.com/game/0022000798/box-score
2021-04-09_GSW_WAS,0022000798,2021-04-09,GSW,WAS,WAS,Chandler Hutchison,1628990,0,0,DNP - Coach's Decision,0,0,https://www.nba.com/game/0022000798/box-score
2021-04-09_GSW_WAS,0022000798,2021-04-09,GSW,WAS,WAS,Davis Bertans,202722,1618,0,,6,4,https://www.nba.com/game/0022000798/box-score
2021-04-09_GSW_WAS,0022000798,2021-04-09,GSW,WAS,WAS,Deni Avdija,1630166,1284,1,,2,-13,https://www.nba.com/game/0022000798/box-score
2021-04-09_GSW_WAS,0022000798,2021-04-09,GSW,WAS,WAS,Garrison Mathews,1629726,772,0,,0,-3,https://www.nba.com/game/0022000798/box-score
2021-04-09_GSW_WAS,0022000798,2021-04-09,GSW,WAS,WAS,Isaac Bonga,1629067,0,0,DNP - Coach's Decision,0,0,https://www.nba.com/game/0022000798/box-score
2021-04-09_GSW_WAS,0022000798,2021-04-09,GSW,WAS,WAS,Ish Smith,202397,1151,0,,4,0,https://www.nba.com/game/0022000798/box-score
2021-04-09_GSW_WAS,0022000798,2021-04-09,GSW,WAS,WAS,Raul Neto,203526,420,0,,2,7,https://www.nba.com/game/0022000798/box-score
2021-04-09_GSW_WAS,0022000798,2021-04-09,GSW,WAS,WAS,Robin Lopez,201577,1633,0,,20,7,https://www.nba.com/game/0022000798/box-score
2021-04-09_GSW_WAS,0022000798,2021-04-09,GSW,WAS,WAS,Rui Hachimura,1629060,2269,1,,22,13,https://www.nba.com/game/0022000798/box-score
2021-04-09_GSW_WAS,0022000798,2021-04-09,GSW,WAS,WAS,Russell Westbrook,201566,2243,1,,19,1,https://www.nba.com/game/0022000798/box-score
2021-04-16_WAS_NOP,0022000847,2021-04-16,WAS,NOP,NOP,Brandon Ingram,1627742,2531,1,,34,5,https://www.nba.com/game/0022000847/box-score
2021-04-16_WAS_NOP,0022000847,2021-04-16,WAS,NOP,NOP,Eric Bledsoe,202339,2013,1,,8,11,https://www.nba.com/game/0022000847/box-score
2021-04-16_WAS_NOP,0022000847,2021-04-16,WAS,NOP,NOP,James Johnson,201949,1540,0,,11,-12,https://www.nba.com/game/0022000847/box-score
2021-04-16_WAS_NOP,0022000847,2021-04-16,WAS,NOP,NOP,James Nunnally,203263,0,0,DNP - Coach's Decision,0,0,https://www.nba.com/game/0022000847/box-score
2021-04-16_WAS_NOP,0022000847,2021-04-16,WAS,NOP,NOP,Jaxson Hayes,1629637,566,0,,3,-11,https://www.nba.com/game/0022000847/box-score
2021-04-16_WAS_NOP,0022000847,2021-04-16,WAS,NOP,NOP,Kira Lewis Jr.,1630184,1167,0,,4,-13,https://www.nba.com/game/0022000847/box-score
2021-04-16_WAS_NOP,0022000847,2021-04-16,WAS,NOP,NOP,Lonzo Ball,1628366,1186,1,,4,-17,https://www.nba.com/game/0022000847/box-score
2021-04-16_WAS_NOP,0022000847,2021-04-16,WAS,NOP,NOP,Naji Marshall,1630230,2002,0,,16,15,https://www.nba.com/game/0022000847/box-score
2021-04-16_WAS_NOP,0022000847,2021-04-16,WAS,NOP,NOP,Steven Adams,203500,1779,1,,6,7,https://www.nba.com/game/0022000847/box-score
2021-04-16_WAS_NOP,0022000847,2021-04-16,WAS,NOP,NOP,Wenyen Gabriel,1629117,0,0,DNP - Coach's Decision,0,0,https://www.nba.com/game/0022000847/box-score
2021-04-16_WAS_NOP,0022000847,2021-04-16,WAS,NOP,NOP,Wes Iwundu,1628411,11,0,,0,0,https://www.nba.com/game/0022000847/box-score
2021-04-16_WAS_NOP,0022000847,2021-04-16,WAS,NOP,NOP,Willy Hernangomez,1626195,1228,0,,8,11,https://www.nba.com/game/0022000847/box-score
2021-04-16_WAS_NOP,0022000847,2021-04-16,WAS,NOP,NOP,Zion Williamson,1629627,1877,1,,21,-6,https://www.nba.com/game/0022000847/box-score
2021-04-16_WAS_NOP,0022000847,2021-04-16,WAS,NOP,WAS,Alex Len,203458,938,1,,8,-5,https://www.nba.com/game/0022000847/box-score
2021-04-16_WAS_NOP,0022000847,2021-04-16,WAS,NOP,WAS,Anthony Gill,1630264,0,0,DNP - Coach's Decision,0,0,https://www.nba.com/game/0022000847/box-score
2021-04-16_WAS_NOP,0022000847,2021-04-16,WAS,NOP,WAS,Bradley Beal,203078,2545,1,,30,-13,https://www.nba.com/game/0022000847/box-score
2021-04-16_WAS_NOP,0022000847,2021-04-16,WAS,NOP,WAS,Cassius Winston,1630216,0,0,DNP - Coach's Decision,0,0,https://www.nba.com/game/0022000847/box-score
2021-04-16_WAS_NOP,0022000847,2021-04-16,WAS,NOP,WAS,Chandler Hutchison,1628990,0,0,DNP - Coach's Decision,0,0,https://www.nba.com/game/0022000847/box-score
2021-04-16_WAS_NOP,0022000847,2021-04-16,WAS,NOP,WAS,Daniel Gafford,1629655,1557,0,,18,16,https://www.nba.com/game/0022000847/box-score
2021-04-16_WAS_NOP,0022000847,2021-04-16,WAS,NOP,WAS,Deni Avdija,1630166,1210,1,,0,2,https://www.nba.com/game/0022000847/box-score
2021-04-16_WAS_NOP,0022000847,2021-04-16,WAS,NOP,WAS,Garrison Mathews,1629726,394,0,,3,-5,https://www.nba.com/game/0022000847/box-score
2021-04-16_WAS_NOP,0022000847,2021-04-16,WAS,NOP,WAS,Isaac Bonga,1629067,1276,0,,2,13,https://www.nba.com/game/0022000847/box-score
2021-04-16_WAS_NOP,0022000847,2021-04-16,WAS,NOP,WAS,Ish Smith,202397,877,0,,6,6,https://www.nba.com/game/0022000847/box-score
2021-04-16_WAS_NOP,0022000847,2021-04-16,WAS,NOP,WAS,Jordan Bell,1628395,0,0,DNP - Coach's Decision,0,0,https://www.nba.com/game/0022000847/box-score
2021-04-16_WAS_NOP,0022000847,2021-04-16,WAS,NOP,WAS,Raul Neto,203526,1263,0,,6,10,https://www.nba.com/game/0022000847/box-score
2021-04-16_WAS_NOP,0022000847,2021-04-16,WAS,NOP,WAS,Robin Lopez,201577,685,0,,2,-9,https://www.nba.com/game/0022000847/box-score
2021-04-16_WAS_NOP,0022000847,2021-04-16,WAS,NOP,WAS,Rui Hachimura,1629060,2542,1,,6,-11,https://www.nba.com/game/0022000847/box-score
2021-04-16_WAS_NOP,0022000847,2021-04-16,WAS,NOP,WAS,Russell Westbrook,201566,2613,1,,36,6,https://www.nba.com/game/0022000847/box-score
2021-05-04_DET_CHA,0022000984,2021-05-04,DET,CHA,CHA,Bismack Biyombo,202687,1468,1,,2,-7,https://www.nba.com/game/0022000984/box-score
2021-05-04_DET_CHA,0022000984,2021-05-04,DET,CHA,CHA,Brad Wanamaker,202954,1839,0,,15,2,https://www.nba.com/game/0022000984/box-score
2021-05-04_DET_CHA,0022000984,2021-05-04,DET,CHA,CHA,Caleb Martin,1628997,2037,1,,17,2,https://www.nba.com/game/0022000984/box-score
2021-05-04_DET_CHA,0022000984,2021-05-04,DET,CHA,CHA,Cody Zeller,203469,1022,0,,11,12,https://www.nba.com/game/0022000984/box-score
2021-05-04_DET_CHA,0022000984,2021-05-04,DET,CHA,CHA,Grant Riller,1630203,0,0,DNP - Coach's Decision,0,0,https://www.nba.com/game/0022000984/box-score
2021-05-04_DET_CHA,0022000984,2021-05-04,DET,CHA,CHA,Jalen McDaniels,1629667,2327,1,,10,0,https://www.nba.com/game/0022000984/box-score
2021-05-04_DET_CHA,0022000984,2021-05-04,DET,CHA,CHA,LaMelo Ball,1630163,1837,1,,23,6,https://www.nba.com/game/0022000984/box-score
2021-05-04_DET_CHA,0022000984,2021-05-04,DET,CHA,CHA,Malik Monk,1628370,1138,0,,2,-6,https://www.nba.com/game/0022000984/box-score
2021-05-04_DET_CHA,0022000984,2021-05-04,DET,CHA,CHA,Nate Darling,1630268,0,0,DNP - Coach's Decision,0,0,https://www.nba.com/game/0022000984/box-score
2021-05-04_DET_CHA,0022000984,2021-05-04,DET,CHA,CHA,Nick Richards,1630208,0,0,DNP - Coach's Decision,0,0,https://www.nba.com/game/0022000984/box-score
2021-05-04_DET_CHA,0022000984,2021-05-04,DET,CHA,CHA,Terry Rozier,1626179,2343,1,,18,8,https://www.nba.com/game/0022000984/box-score
2021-05-04_DET_CHA,0022000984,2021-05-04,DET,CHA,CHA,Vernon Carey Jr.,1630176,390,0,,4,-2,https://www.nba.com/game/0022000984/box-score
2021-05-04_DET_CHA,0022000984,2021-05-04,DET,CHA,DET,Cory Joseph,202709,0,0,DNP - Injury/Illness,0,0,https://www.nba.com/game/0022000984/box-score
2021-05-04_DET_CHA,0022000984,2021-05-04,DET,CHA,DET,Deividas Sirvydis,1629686,0,0,DNP - Coach's Decision,0,0,https://www.nba.com/game/0022000984/box-score
2021-05-04_DET_CHA,0022000984,2021-05-04,DET,CHA,DET,Frank Jackson,1628402,1721,0,,14,2,https://www.nba.com/game/0022000984/box-score
2021-05-04_DET_CHA,0022000984,2021-05-04,DET,CHA,DET,Hamidou Diallo,1628977,2409,1,,35,-4,https://www.nba.com/game/0022000984/box-score
2021-05-04_DET_CHA,0022000984,2021-05-04,DET,CHA,DET,Isaiah Stewart,1630191,1581,1,,3,0,https://www.nba.com/game/0022000984/box-score
2021-05-04_DET_CHA,0022000984,2021-05-04,DET,CHA,DET,Jahlil Okafor,1626143,1299,0,,12,-3,https://www.nba.com/game/0022000984/box-score
2021-05-04_DET_CHA,0022000984,2021-05-04,DET,CHA,DET,Killian Hayes,1630165,1738,1,,4,-8,https://www.nba.com/game/0022000984/box-score
2021-05-04_DET_CHA,0022000984,2021-05-04,DET,CHA,DET,Saben Lee,1630240,1142,0,,4,5,https://www.nba.com/game/0022000984/box-score
2021-05-04_DET_CHA,0022000984,2021-05-04,DET,CHA,DET,Saddiq Bey,1630180,2310,1,,7,3,https://www.nba.com/game/0022000984/box-score
2021-05-04_DET_CHA,0022000984,2021-05-04,DET,CHA,DET,Sekou Doumbouya,1629635,2020,1,,20,-8,https://www.nba.com/game/0022000984/box-score
2021-05-04_DET_CHA,0022000984,2021-05-04,DET,CHA,DET,Tyler Cook,1629076,179,0,,0,-2,https://www.nba.com/game/0022000984/box-score
2021-05-04_DET_CHA,0022000984,2021-05-04,DET,CHA,DET,Wayne Ellington,201961,0,0,DNP - Injury/Illness,0,0,https://www.nba.com/game/0022000984/box-score
2021-05-06_TOR_WAS,0022000997,2021-05-06,TOR,WAS,TOR,Aron Baynes,203382,0,0,DND - Injury/Illness,0,0,https://www.nba.com/game/0022000997/box-score
2021-05-06_TOR_WAS,0022000997,2021-05-06,TOR,WAS,TOR,DeAndre' Bembry,1627761,1430,0,,10,-7,https://www.nba.com/game/0022000997/box-score
2021-05-06_TOR_WAS,0022000997,2021-05-06,TOR,WAS,TOR,Fred VanVleet,1627832,2672,1,,22,-3,https://www.nba.com/game/0022000997/box-score
2021-05-06_TOR_WAS,0022000997,2021-05-06,TOR,WAS,TOR,Freddie Gillespie,1630273,1014,0,,3,-6,https://www.nba.com/game/0022000997/box-score
2021-05-06_TOR_WAS,0022000997,2021-05-06,TOR,WAS,TOR,Gary Trent Jr.,1629018,2166,1,,25,4,https://www.nba.com/game/0022000997/box-score
2021-05-06_TOR_WAS,0022000997,2021-05-06,TOR,WAS,TOR,Jalen Harris,1630223,508,0,,2,1,https://www.nba.com/game/0022000997/box-score
2021-05-06_TOR_WAS,0022000997,2021-05-06,TOR,WAS,TOR,Khem Birch,203920,2161,1,,17,6,https://www.nba.com/game/0022000997/box-score
2021-05-06_TOR_WAS,0022000997,2021-05-06,TOR,WAS,TOR,Malachi Flynn,1630201,953,0,,4,-3,https://www.nba.com/game/0022000997/box-score
2021-05-06_TOR_WAS,0022000997,2021-05-06,TOR,WAS,TOR,Pascal Siakam,1627783,2533,1,,44,0,https://www.nba.com/game/0022000997/box-score
2021-05-06_TOR_WAS,0022000997,2021-05-06,TOR,WAS,TOR,Rodney Hood,203918,699,0,,2,-2,https://www.nba.com/game/0022000997/box-score
2021-05-06_TOR_WAS,0022000997,2021-05-06,TOR,WAS,TOR,Stanley Johnson,1626169,1764,1,,0,0,https://www.nba.com/game/0022000997/box-score
2021-05-06_TOR_WAS,0022000997,2021-05-06,TOR,WAS,TOR,Yuta Watanabe,1629139,0,0,DND - Injury/Illness,0,0,https://www.nba.com/game/0022000997/box-score
2021-05-06_TOR_WAS,0022000997,2021-05-06,TOR,WAS,WAS,Alex Len,203458,827,1,,10,2,https://www.nba.com/game/0022000997/box-score
2021-05-06_TOR_WAS,0022000997,2021-05-06,TOR,WAS,WAS,Anthony Gill,1630264,532,1,,0,-20,https://www.nba.com/game/0022000997/box-score
2021-05-06_TOR_WAS,0022000997,2021-05-06,TOR,WAS,WAS,Bradley Beal,203078,2684,1,,28,7,https://www.nba.com/game/0022000997/box-score
2021-05-06_TOR_WAS,0022000997,2021-05-06,TOR,WAS,WAS,Cassius Winston,1630216,0,0,DNP - Coach's Decision,0,0,https://www.nba.com/game/0022000997/box-score
2021-05-06_TOR_WAS,0022000997,2021-05-06,TOR,WAS,WAS,Chandler Hutchison,1628990,761,0,,7,-6,https://www.nba.com/game/0022000997/box-score
2021-05-06_TOR_WAS,0022000997,2021-05-06,TOR,WAS,WAS,Daniel Gafford,1629655,902,0,,0,0,https://www.nba.com/game/0022000997/box-score
2021-05-06_TOR_WAS,0022000997,2021-05-06,TOR,WAS,WAS,Davis Bertans,202722,2100,0,,14,19,https://www.nba.com/game/0022000997/box-score
2021-05-06_TOR_WAS,0022000997,2021-05-06,TOR,WAS,WAS,Garrison Mathews,1629726,603,0,,8,-2,https://www.nba.com/game/0022000997/box-score
2021-05-06_TOR_WAS,0022000997,2021-05-06,TOR,WAS,WAS,Isaac Bonga,1629067,0,0,DNP - Coach's Decision,0,0,https://www.nba.com/game/0022000997/box-score
2021-05-06_TOR_WAS,0022000997,2021-05-06,TOR,WAS,WAS,Ish Smith,202397,1163,0,,2,-4,https://www.nba.com/game/0022000997/box-score
2021-05-06_TOR_WAS,0022000997,2021-05-06,TOR,WAS,WAS,Raul Neto,203526,2314,1,,25,-3,https://www.nba.com/game/0022000997/box-score
2021-05-06_TOR_WAS,0022000997,2021-05-06,TOR,WAS,WAS,Robin Lopez,201577,1402,0,,24,9,https://www.nba.com/game/0022000997/box-score
2021-05-06_TOR_WAS,0022000997,2021-05-06,TOR,WAS,WAS,Russell Westbrook,201566,2613,1,,13,8,https://www.nba.com/game/0022000997/box-score
2021-05-08_IND_WAS,0022001012,2021-05-08,IND,WAS,IND,Aaron Holiday,1628988,1151,0,,6,2,https://www.nba.com/game/0022001012/box-score
2021-05-08_IND_WAS,0022001012,2021-05-08,IND,WAS,IND,Amida Brimah,1628578,0,0,DNP - Coach's Decision,0,0,https://www.nba.com/game/0022001012/box-score
2021-05-08_IND_WAS,0022001012,2021-05-08,IND,WAS,IND,Caris LeVert,1627747,2460,1,,35,3,https://www.nba.com/game/0022001012/box-score
2021-05-08_IND_WAS,0022001012,2021-05-08,IND,WAS,IND,Cassius Stanley,1630199,0,0,DNP - Coach's Decision,0,0,https://www.nba.com/game/0022001012/box-score
2021-05-08_IND_WAS,0022001012,2021-05-08,IND,WAS,IND,Domantas Sabonis,1627734,2606,1,,30,-3,https://www.nba.com/game/0022001012/box-score
2021-05-08_IND_WAS,0022001012,2021-05-08,IND,WAS,IND,Doug McDermott,203926,1556,1,,11,5,https://www.nba.com/game/0022001012/box-score
2021-05-08_IND_WAS,0022001012,2021-05-08,IND,WAS,IND,Edmond Sumner,1628410,1787,1,,13,1,https://www.nba.com/game/0022001012/box-score
2021-05-08_IND_WAS,0022001012,2021-05-08,IND,WAS,IND,Goga Bitadze,1629048,942,0,,7,-7,https://www.nba.com/game/0022001012/box-score
2021-05-08_IND_WAS,0022001012,2021-05-08,IND,WAS,IND,Justin Holiday,203200,1636,0,,5,-5,https://www.nba.com/game/0022001012/box-score
2021-05-08_IND_WAS,0022001012,2021-05-08,IND,WAS,IND,Kelan Martin,1629103,897,0,,5,-6,https://www.nba.com/game/0022001012/box-score
2021-05-08_IND_WAS,0022001012,2021-05-08,IND,WAS,IND,Oshae Brissett,1629052,1459,1,,12,10,https://www.nba.com/game/0022001012/box-score
2021-05-08_IND_WAS,0022001012,2021-05-08,IND,WAS,IND,T.J. McConnell,204456,1406,0,,8,-5,https://www.nba.com/game/0022001012/box-score
2021-05-08_IND_WAS,0022001012,2021-05-08,IND,WAS,WAS,Alex Len,203458,1194,1,,8,-9,https://www.nba.com/game/0022001012/box-score
2021-05-08_IND_WAS,0022001012,2021-05-08,IND,WAS,WAS,Anthony Gill,1630264,0,0,DNP - Coach's Decision,0,0,https://www.nba.com/game/0022001012/box-score
2021-05-08_IND_WAS,0022001012,2021-05-08,IND,WAS,WAS,Bradley Beal,203078,2367,1,,50,8,https://www.nba.com/game/0022001012/box-score
2021-05-08_IND_WAS,0022001012,2021-05-08,IND,WAS,WAS,Cassius Winston,1630216,0,0,DNP - Coach's Decision,0,0,https://www.nba.com/game/0022001012/box-score
2021-05-08_IND_WAS,0022001012,2021-05-08,IND,WAS,WAS,Chandler Hutchison,1628990,696,0,,0,5,https://www.nba.com/game/0022001012/box-score
2021-05-08_IND_WAS,0022001012,2021-05-08,IND,WAS,WAS,Daniel Gafford,1629655,1007,0,,6,12,https://www.nba.com/game/0022001012/box-score
2021-05-08_IND_WAS,0022001012,2021-05-08,IND,WAS,WAS,Davis Bertans,202722,2052,0,,10,17,https://www.nba.com/game/0022001012/box-score
2021-05-08_IND_WAS,0022001012,2021-05-08,IND,WAS,WAS,Garrison Mathews,1629726,175,0,,0,-8,https://www.nba.com/game/0022001012/box-score
2021-05-08_IND_WAS,0022001012,2021-05-08,IND,WAS,WAS,Isaac Bonga,1629067,0,0,DNP - Coach's Decision,0,0,https://www.nba.com/game/0022001012/box-score
2021-05-08_IND_WAS,0022001012,2021-05-08,IND,WAS,WAS,Ish Smith,202397,1147,0,,7,-15,https://www.nba.com/game/0022001012/box-score
2021-05-08_IND_WAS,0022001012,2021-05-08,IND,WAS,WAS,Raul Neto,203526,1556,1,,2,-10,https://www.nba.com/game/0022001012/box-score
2021-05-08_IND_WAS,0022001012,2021-05-08,IND,WAS,WAS,Robin Lopez,201577,980,0,,4,-2,https://www.nba.com/game/0022001012/box-score
2021-05-08_IND_WAS,0022001012,2021-05-08,IND,WAS,WAS,Rui Hachimura,1629060,2097,1,,13,3,https://www.nba.com/game/0022001012/box-score
2021-05-08_IND_WAS,0022001012,2021-05-08,IND,WAS,WAS,Russell Westbrook,201566,2629,1,,33,4,https://www.nba.com/game/0022001012/box-score
2021-05-09_CHA_NOP,0022001020,2021-05-09,CHA,NOP,CHA,Bismack Biyombo,202687,1532,1,,0,-10,https://www.nba.com/game/0022001020/box-score
2021-05-09_CHA_NOP,0022001020,2021-05-09,CHA,NOP,CHA,Brad Wanamaker,202954,1405,0,,4,13,https://www.nba.com/game/0022001020/box-score
2021-05-09_CHA_NOP,0022001020,2021-05-09,CHA,NOP,CHA,Caleb Martin,1628997,1362,0,,3,4,https://www.nba.com/game/0022001020/box-score
2021-05-09_CHA_NOP,0022001020,2021-05-09,CHA,NOP,CHA,Cody Zeller,203469,1327,0,,17,5,https://www.nba.com/game/0022001020/box-score
2021-05-09_CHA_NOP,0022001020,2021-05-09,CHA,NOP,CHA,Grant Riller,1630203,0,0,DNP - Coach's Decision,0,0,https://www.nba.com/game/0022001020/box-score
2021-05-09_CHA_NOP,0022001020,2021-05-09,CHA,NOP,CHA,Jalen McDaniels,1629667,891,1,,2,-23,https://www.nba.com/game/0022001020/box-score
2021-05-09_CHA_NOP,0022001020,2021-05-09,CHA,NOP,CHA,LaMelo Ball,1630163,1885,1,,22,-7,https://www.nba.com/game/0022001020/box-score
2021-05-09_CHA_NOP,0022001020,2021-05-09,CHA,NOP,CHA,Malik Monk,1628370,1323,0,,5,-2,https://www.nba.com/game/0022001020/box-score
2021-05-09_CHA_NOP,0022001020,2021-05-09,CHA,NOP,CHA,Nate Darling,1630268,0,0,DNP - Coach's Decision,0,0,https://www.nba.com/game/0022001020/box-score
2021-05-09_CHA_NOP,0022001020,2021-05-09,CHA,NOP,CHA,Nick Richards,1630208,0,0,DNP - Coach's Decision,0,0,https://www.nba.com/game/0022001020/box-score
2021-05-09_CHA_NOP,0022001020,2021-05-09,CHA,NOP,CHA,P.J. Washington,1629023,2182,1,,14,7,https://www.nba.com/game/0022001020/box-score
2021-05-09_CHA_NOP,0022001020,2021-05-09,CHA,NOP,CHA,Terry Rozier,1626179,2494,1,,43,3,https://www.nba.com/game/0022001020/box-score
2021-05-09_CHA_NOP,0022001020,2021-05-09,CHA,NOP,CHA,Vernon Carey Jr.,1630176,0,0,DNP - Coach's Decision,0,0,https://www.nba.com/game/0022001020/box-score
2021-05-09_CHA_NOP,0022001020,2021-05-09,CHA,NOP,NOP,Didi Louzada,1629712,0,0,DNP - Coach's Decision,0,0,https://www.nba.com/game/0022001020/box-score
2021-05-09_CHA_NOP,0022001020,2021-05-09,CHA,NOP,NOP,Eric Bledsoe,202339,1982,1,,24,9,https://www.nba.com/game/0022001020/box-score
2021-05-09_CHA_NOP,0022001020,2021-05-09,CHA,NOP,NOP,James Johnson,201949,1834,1,,17,12,https://www.nba.com/game/0022001020/box-score
2021-05-09_CHA_NOP,0022001020,2021-05-09,CHA,NOP,NOP,James Nunnally,203263,0,0,DNP - Coach's Decision,0,0,https://www.nba.com/game/0022001020/box-score
2021-05-09_CHA_NOP,0022001020,2021-05-09,CHA,NOP,NOP,Jaxson Hayes,1629637,1563,0,,18,7,https://www.nba.com/game/0022001020/box-score
2021-05-09_CHA_NOP,0022001020,2021-05-09,CHA,NOP,NOP,Kira Lewis Jr.,1630184,898,0,,2,-7,https://www.nba.com/game/0022001020/box-score
2021-05-09_CHA_NOP,0022001020,2021-05-09,CHA,NOP,NOP,Lonzo Ball,1628366,1815,1,,12,-2,https://www.nba.com/game/0022001020/box-score
2021-05-09_CHA_NOP,0022001020,2021-05-09,CHA,NOP,NOP,Naji Marshall,1630230,1635,1,,13,15,https://www.nba.com/game/0022001020/box-score
2021-05-09_CHA_NOP,0022001020,2021-05-09,CHA,NOP,NOP,Nickeil Alexander-Walker,1629638,1262,0,,13,4,https://www.nba.com/game/0022001020/box-score
2021-05-09_CHA_NOP,0022001020,2021-05-09,CHA,NOP,NOP,Wenyen Gabriel,1629117,1031,0,,2,-8,https://www.nba.com/game/0022001020/box-score
2021-05-09_CHA_NOP,0022001020,2021-05-09,CHA,NOP,NOP,Wes Iwundu,1628411,1064,0,,2,-15,https://www.nba.com/game/0022001020/box-score
2021-05-09_CHA_NOP,0022001020,2021-05-09,CHA,NOP,NOP,Willy Hernangomez,1626195,1317,1,,9,-5,https://www.nba.com/game/0022001020/box-score
