game_id,date,home,away,home_pts,away_pts,home_observed_seconds,away_observed_seconds,inferred_historical_ot,home_seconds_residual,away_seconds_residual,official_reference_url
0022100001,2021-10-19,MIL,BKN,127,104,14400,14400,0,0,0,https://www.nba.com/game/bkn-vs-mil-0022100001
0022100002,2021-10-19,LAL,GSW,114,121,14400,14399,0,0,-1,https://www.nba.com/game/gsw-vs-lal-0022100002
0022100003,2021-10-20,CHA,IND,123,122,14400,14400,0,0,0,https://www.nba.com/game/ind-vs-cha-0022100003
0022100004,2021-10-20,DET,CHI,88,94,14401,14401,0,1,1,https://www.nba.com/game/chi-vs-det-0022100004
0022100005,2021-10-20,NYK,BOS,138,134,17400,17400,2,0,0,https://www.nba.com/game/bos-vs-nyk-0022100005
0022100006,2021-10-20,TOR,WAS,83,98,14400,14400,0,0,0,https://www.nba.com/game/was-vs-tor-0022100006
0022100007,2021-10-20,MEM,CLE,132,121,14400,14400,0,0,0,https://www.nba.com/game/cle-vs-mem-0022100007
0022100008,2021-10-20,MIN,HOU,124,106,14400,14400,0,0,0,https://www.nba.com/game/hou-vs-min-0022100008
0022100009,2021-10-20,NOP,PHI,97,117,14400,14400,0,0,0,https://www.nba.com/game/phi-vs-nop-0022100009
0022100010,2021-10-20,SAS,ORL,123,97,14400,14400,0,0,0,https://www.nba.com/game/orl-vs-sas-0022100010
0022100011,2021-10-20,UTA,OKC,107,86,14400,14400,0,0,0,https://www.nba.com/game/okc-vs-uta-0022100011
0022100012,2021-10-20,PHX,DEN,98,110,14400,14400,0,0,0,https://www.nba.com/game/den-vs-phx-0022100012
0022100013,2021-10-20,POR,SAC,121,124,14400,14400,0,0,0,https://www.nba.com/game/sac-vs-por-0022100013
0022100014,2021-10-21,ATL,DAL,113,87,14400,14400,0,0,0,https://www.nba.com/game/dal-vs-atl-0022100014
0022100015,2021-10-21,MIA,MIL,137,95,14400,14400,0,0,0,https://www.nba.com/game/mil-vs-mia-0022100015
0022100016,2021-10-21,GSW,LAC,115,113,14401,14401,0,1,1,https://www.nba.com/game/lac-vs-gsw-0022100016
0022100017,2021-10-22,CLE,CHA,112,123,14400,14401,0,0,1,https://www.nba.com/game/cha-vs-cle-0022100017
0022100018,2021-10-22,ORL,NYK,96,121,14400,14399,0,0,-1,https://www.nba.com/game/nyk-vs-orl-0022100018
0022100019,2021-10-22,WAS,IND,135,134,15900,15899,1,0,-1,https://www.nba.com/game/ind-vs-was-0022100019
0022100020,2021-10-22,BOS,TOR,83,115,14400,14400,0,0,0,https://www.nba.com/game/tor-vs-bos-0022100020
0022100021,2021-10-22,PHI,BKN,109,114,14400,14400,0,0,0,https://www.nba.com/game/bkn-vs-phi-0022100021
0022100022,2021-10-22,CHI,NOP,128,112,14401,14400,0,1,0,https://www.nba.com/game/nop-vs-chi-0022100022
0022100023,2021-10-22,HOU,OKC,124,91,14400,14400,0,0,0,https://www.nba.com/game/okc-vs-hou-0022100023
0022100024,2021-10-22,DEN,SAS,102,96,14400,14400,0,0,0,https://www.nba.com/game/sas-vs-den-0022100024
0022100025,2021-10-22,LAL,PHX,105,115,14400,14400,0,0,0,https://www.nba.com/game/phx-vs-lal-0022100025
0022100026,2021-10-22,SAC,UTA,101,110,14400,14400,0,0,0,https://www.nba.com/game/uta-vs-sac-0022100026
0022100027,2021-10-23,CLE,ATL,101,95,14400,14400,0,0,0,https://www.nba.com/game/atl-vs-cle-0022100027
0022100028,2021-10-23,IND,MIA,102,91,15899,15900,1,-1,0,https://www.nba.com/game/mia-vs-ind-0022100028
0022100029,2021-10-23,TOR,DAL,95,103,14401,14400,0,1,0,https://www.nba.com/game/dal-vs-tor-0022100029
0022100030,2021-10-23,CHI,DET,97,82,14400,14400,0,0,0,https://www.nba.com/game/det-vs-chi-0022100030
0022100031,2021-10-23,MIN,NOP,96,89,14400,14399,0,0,-1,https://www.nba.com/game/nop-vs-min-0022100031
0022100032,2021-10-23,SAS,MIL,111,121,14400,14400,0,0,0,https://www.nba.com/game/mil-vs-sas-0022100032
0022100033,2021-10-23,POR,PHX,134,105,14400,14400,0,0,0,https://www.nba.com/game/phx-vs-por-0022100033
0022100034,2021-10-23,LAC,MEM,114,120,14400,14400,0,0,0,https://www.nba.com/game/mem-vs-lac-0022100034
0022100035,2021-10-24,BKN,CHA,95,111,14400,14400,0,0,0,https://www.nba.com/game/cha-vs-bkn-0022100035
0022100036,2021-10-24,NYK,ORL,104,110,14401,14400,0,1,0,https://www.nba.com/game/orl-vs-nyk-0022100036
0022100037,2021-10-24,HOU,BOS,97,107,14400,14400,0,0,0,https://www.nba.com/game/bos-vs-hou-0022100037
0022100038,2021-10-24,OKC,PHI,103,115,14400,14400,0,0,0,https://www.nba.com/game/phi-vs-okc-0022100038
0022100039,2021-10-24,SAC,GSW,107,119,14400,14400,0,0,0,https://www.nba.com/game/gsw-vs-sac-0022100039
0022100040,2021-10-24,LAL,MEM,121,118,14401,14399,0,1,-1,https://www.nba.com/game/mem-vs-lal-0022100040
0022100041,2021-10-25,CHA,BOS,129,140,15900,15900,1,0,0,https://www.nba.com/game/bos-vs-cha-0022100041
0022100042,2021-10-25,IND,MIL,109,119,14400,14399,0,0,-1,https://www.nba.com/game/mil-vs-ind-0022100042
0022100043,2021-10-25,ATL,DET,122,104,14400,14400,0,0,0,https://www.nba.com/game/det-vs-atl-0022100043
0022100044,2021-10-25,BKN,WAS,104,90,14399,14399,0,-1,-1,https://www.nba.com/game/was-vs-bkn-0022100044
0022100045,2021-10-25,MIA,ORL,107,90,14401,14401,0,1,1,https://www.nba.com/game/orl-vs-mia-0022100045
0022100046,2021-10-25,TOR,CHI,108,111,14400,14400,0,0,0,https://www.nba.com/game/chi-vs-tor-0022100046
0022100047,2021-10-25,MIN,NOP,98,107,14400,14400,0,0,0,https://www.nba.com/game/nop-vs-min-0022100047
0022100048,2021-10-25,DEN,CLE,87,99,14400,14400,0,0,0,https://www.nba.com/game/cle-vs-den-0022100048
0022100049,2021-10-25,LAC,POR,116,86,14400,14400,0,0,0,https://www.nba.com/game/por-vs-lac-0022100049
0022100050,2021-10-26,NYK,PHI,112,99,14400,14400,0,0,0,https://www.nba.com/game/phi-vs-nyk-0022100050
0022100051,2021-10-26,OKC,GSW,98,106,14400,14404,0,0,4,https://www.nba.com/game/gsw-vs-okc-0022100051
0022100052,2021-10-26,DAL,HOU,116,106,14400,14400,0,0,0,https://www.nba.com/game/hou-vs-dal-0022100052
0022100053,2021-10-26,SAS,LAL,121,125,15901,15900,1,1,0,https://www.nba.com/game/lal-vs-sas-0022100053
0022100054,2021-10-26,UTA,DEN,122,110,14400,14400,0,0,0,https://www.nba.com/game/den-vs-uta-0022100054
0022100055,2021-10-27,ORL,CHA,111,120,14400,14400,0,0,0,https://www.nba.com/game/cha-vs-orl-0022100055
0022100056,2021-10-27,BOS,WAS,107,116,14400,14400,0,0,0,https://www.nba.com/game/was-vs-bos-0022100056
0022100057,2021-10-27,BKN,MIA,93,106,14400,14401,0,0,1,https://www.nba.com/game/mia-vs-bkn-0022100057
0022100058,2021-10-27,TOR,IND,118,100,14399,14400,0,-1,0,https://www.nba.com/game/ind-vs-tor-0022100058
0022100059,2021-10-27,NOP,ATL,99,102,14399,14400,0,-1,0,https://www.nba.com/game/atl-vs-nop-0022100059
0022100060,2021-10-27,MIL,MIN,108,113,14400,14400,0,0,0,https://www.nba.com/game/min-vs-mil-0022100060
0022100061,2021-10-27,OKC,LAL,123,115,14400,14400,0,0,0,https://www.nba.com/game/lal-vs-okc-0022100061
0022100062,2021-10-27,PHX,SAC,107,110,14400,14400,0,0,0,https://www.nba.com/game/sac-vs-phx-0022100062
0022100063,2021-10-27,POR,MEM,116,96,14400,14400,0,0,0,https://www.nba.com/game/mem-vs-por-0022100063
0022100064,2021-10-27,LAC,CLE,79,92,14401,14401,0,1,1,https://www.nba.com/game/cle-vs-lac-0022100064
0022100065,2021-10-28,PHI,DET,110,102,14400,14400,0,0,0,https://www.nba.com/game/det-vs-phi-0022100065
0022100066,2021-10-28,WAS,ATL,122,111,14400,14400,0,0,0,https://www.nba.com/game/atl-vs-was-0022100066
0022100067,2021-10-28,CHI,NYK,103,104,14400,14400,0,0,0,https://www.nba.com/game/nyk-vs-chi-0022100067
0022100068,2021-10-28,HOU,UTA,91,122,14400,14400,0,0,0,https://www.nba.com/game/uta-vs-hou-0022100068
0022100069,2021-10-28,DAL,SAS,104,99,14400,14400,0,0,0,https://www.nba.com/game/sas-vs-dal-0022100069
0022100070,2021-10-28,GSW,MEM,101,104,15900,15900,1,0,0,https://www.nba.com/game/mem-vs-gsw-0022100070
0022100071,2021-10-29,TOR,ORL,110,109,14400,14400,0,0,0,https://www.nba.com/game/orl-vs-tor-0022100071
0022100072,2021-10-29,BKN,IND,105,98,14401,14401,0,1,1,https://www.nba.com/game/ind-vs-bkn-0022100072
0022100073,2021-10-29,MIA,CHA,114,99,14400,14400,0,0,0,https://www.nba.com/game/cha-vs-mia-0022100073
0022100074,2021-10-29,NOP,SAC,109,113,14400,14401,0,0,1,https://www.nba.com/game/sac-vs-nop-0022100074
0022100075,2021-10-29,DEN,DAL,106,75,14400,14400,0,0,0,https://www.nba.com/game/dal-vs-den-0022100075
0022100076,2021-10-29,POR,LAC,111,92,14400,14400,0,0,0,https://www.nba.com/game/lac-vs-por-0022100076
0022100077,2021-10-29,LAL,CLE,113,101,14400,14400,0,0,0,https://www.nba.com/game/cle-vs-lal-0022100077
0022100078,2021-10-30,WAS,BOS,115,112,17400,17400,2,0,0,https://www.nba.com/game/bos-vs-was-0022100078
0022100079,2021-10-30,DET,ORL,110,103,14400,14400,0,0,0,https://www.nba.com/game/orl-vs-det-0022100079
0022100080,2021-10-30,NOP,NYK,117,123,14400,14400,0,0,0,https://www.nba.com/game/nyk-vs-nop-0022100080
0022100081,2021-10-30,IND,TOR,94,97,14401,14401,0,1,1,https://www.nba.com/game/tor-vs-ind-0022100081
0022100082,2021-10-30,PHI,ATL,122,94,14400,14400,0,0,0,https://www.nba.com/game/atl-vs-phi-0022100082
0022100083,2021-10-30,CHI,UTA,107,99,14400,14400,0,0,0,https://www.nba.com/game/uta-vs-chi-0022100083
0022100084,2021-10-30,MEM,MIA,103,129,14400,14400,0,0,0,https://www.nba.com/game/mia-vs-mem-0022100084
0022100085,2021-10-30,MIL,SAS,93,102,14400,14400,0,0,0,https://www.nba.com/game/sas-vs-mil-0022100085
0022100086,2021-10-30,GSW,OKC,103,82,14400,14400,0,0,0,https://www.nba.com/game/okc-vs-gsw-0022100086
0022100087,2021-10-30,MIN,DEN,91,93,14400,14400,0,0,0,https://www.nba.com/game/den-vs-min-0022100087
0022100088,2021-10-30,PHX,CLE,101,92,14400,14400,0,0,0,https://www.nba.com/game/cle-vs-phx-0022100088
0022100089,2021-10-31,DAL,SAC,105,99,14400,14400,0,0,0,https://www.nba.com/game/sac-vs-dal-0022100089
0022100090,2021-10-31,CHA,POR,125,113,14400,14401,0,0,1,https://www.nba.com/game/por-vs-cha-0022100090
0022100091,2021-10-31,MIL,UTA,95,107,14400,14400,0,0,0,https://www.nba.com/game/uta-vs-mil-0022100091
0022100092,2021-10-31,BKN,DET,117,91,14400,14400,0,0,0,https://www.nba.com/game/det-vs-bkn-0022100092
0022100093,2021-10-31,LAL,HOU,95,85,14401,14400,0,1,0,https://www.nba.com/game/hou-vs-lal-0022100093
0022100094,2021-11-01,CHA,CLE,110,113,14400,14400,0,0,0,https://www.nba.com/game/cle-vs-cha-0022100094
0022100095,2021-11-01,IND,SAS,131,118,14400,14400,0,0,0,https://www.nba.com/game/sas-vs-ind-0022100095
0022100096,2021-11-01,PHI,POR,113,103,14400,14400,0,0,0,https://www.nba.com/game/por-vs-phi-0022100096
0022100097,2021-11-01,ATL,WAS,118,111,14402,14400,0,2,0,https://www.nba.com/game/was-vs-atl-0022100097
0022100098,2021-11-01,BOS,CHI,114,128,14399,14400,0,-1,0,https://www.nba.com/game/chi-vs-bos-0022100098
0022100099,2021-11-01,NYK,TOR,104,113,14400,14400,0,0,0,https://www.nba.com/game/tor-vs-nyk-0022100099
0022100100,2021-11-01,MEM,DEN,106,97,14401,14400,0,1,0,https://www.nba.com/game/den-vs-mem-0022100100
0022100101,2021-11-01,MIN,ORL,97,115,14401,14400,0,1,0,https://www.nba.com/game/orl-vs-min-0022100101
0022100102,2021-11-01,LAC,OKC,99,94,14400,14401,0,0,1,https://www.nba.com/game/okc-vs-lac-0022100102
0022100103,2021-11-02,DET,MIL,89,117,14400,14400,0,0,0,https://www.nba.com/game/mil-vs-det-0022100103
0022100104,2021-11-02,DAL,MIA,110,125,14400,14400,0,0,0,https://www.nba.com/game/mia-vs-dal-0022100104
0022100105,2021-11-02,UTA,SAC,119,113,14400,14400,0,0,0,https://www.nba.com/game/sac-vs-uta-0022100105
0022100106,2021-11-02,PHX,NOP,112,100,14400,14400,0,0,0,https://www.nba.com/game/nop-vs-phx-0022100106
0022100107,2021-11-02,LAL,HOU,119,117,14400,14400,0,0,0,https://www.nba.com/game/hou-vs-lal-0022100107
0022100108,2021-11-03,CLE,POR,107,104,14400,14400,0,0,0,https://www.nba.com/game/por-vs-cle-0022100108
0022100109,2021-11-03,IND,NYK,111,98,14400,14400,0,0,0,https://www.nba.com/game/nyk-vs-ind-0022100109
0022100110,2021-11-03,ORL,BOS,79,92,14400,14400,0,0,0,https://www.nba.com/game/bos-vs-orl-0022100110
0022100111,2021-11-03,PHI,CHI,103,98,14400,14400,0,0,0,https://www.nba.com/game/chi-vs-phi-0022100111
0022100112,2021-11-03,WAS,TOR,100,109,14400,14400,0,0,0,https://www.nba.com/game/tor-vs-was-0022100112
0022100113,2021-11-03,BKN,ATL,117,108,14401,14400,0,1,0,https://www.nba.com/game/atl-vs-bkn-0022100113
0022100114,2021-11-03,MEM,DEN,108,106,14400,14400,0,0,0,https://www.nba.com/game/den-vs-mem-0022100114
0022100115,2021-11-03,MIN,LAC,115,126,14400,14400,0,0,0,https://www.nba.com/game/lac-vs-min-0022100115
0022100116,2021-11-03,SAS,DAL,108,109,14400,14400,0,0,0,https://www.nba.com/game/dal-vs-sas-0022100116
0022100117,2021-11-03,GSW,CHA,114,92,14400,14400,0,0,0,https://www.nba.com/game/cha-vs-gsw-0022100117
0022100118,2021-11-03,SAC,NOP,112,99,14400,14400,0,0,0,https://www.nba.com/game/nop-vs-sac-0022100118
0022100119,2021-11-04,DET,PHI,98,109,14401,14400,0,1,0,https://www.nba.com/game/phi-vs-det-0022100119
0022100120,2021-11-04,ATL,UTA,98,116,14400,14400,0,0,0,https://www.nba.com/game/uta-vs-atl-0022100120
0022100121,2021-11-04,MIA,BOS,78,95,14400,14400,0,0,0,https://www.nba.com/game/bos-vs-mia-0022100121
0022100122,2021-11-04,PHX,HOU,123,111,14400,14400,0,0,0,https://www.nba.com/game/hou-vs-phx-0022100122
0022100123,2021-11-04,LAL,OKC,104,107,14400,14400,0,0,0,https://www.nba.com/game/okc-vs-lal-0022100123
0022100124,2021-11-05,DET,BKN,90,96,14400,14400,0,0,0,https://www.nba.com/game/bkn-vs-det-0022100124
0022100125,2021-11-05,ORL,SAS,89,102,14400,14400,0,0,0,https://www.nba.com/game/sas-vs-orl-0022100125
0022100126,2021-11-05,WAS,MEM,115,87,14400,14400,0,0,0,https://www.nba.com/game/mem-vs-was-0022100126
0022100127,2021-11-05,TOR,CLE,101,102,14401,14400,0,1,0,https://www.nba.com/game/cle-vs-tor-0022100127
0022100128,2021-11-05,MIL,NYK,98,113,14400,14400,0,0,0,https://www.nba.com/game/nyk-vs-mil-0022100128
0022100129,2021-11-05,MIN,LAC,84,104,14400,14400,0,0,0,https://www.nba.com/game/lac-vs-min-0022100129
0022100130,2021-11-05,GSW,NOP,126,85,14400,14400,0,0,0,https://www.nba.com/game/nop-vs-gsw-0022100130
0022100131,2021-11-05,POR,IND,110,106,14400,14400,0,0,0,https://www.nba.com/game/ind-vs-por-0022100131
0022100132,2021-11-05,SAC,CHA,140,110,14400,14400,0,0,0,https://www.nba.com/game/cha-vs-sac-0022100132
0022100133,2021-11-06,DEN,HOU,95,94,14400,14400,0,0,0,https://www.nba.com/game/hou-vs-den-0022100133
0022100134,2021-11-06,MIA,UTA,118,115,14400,14399,0,0,-1,https://www.nba.com/game/uta-vs-mia-0022100134
0022100135,2021-11-06,CHI,PHI,105,114,14400,14400,0,0,0,https://www.nba.com/game/phi-vs-chi-0022100135
0022100136,2021-11-06,DAL,BOS,107,104,14400,14400,0,0,0,https://www.nba.com/game/bos-vs-dal-0022100136
0022100137,2021-11-06,PHX,ATL,121,117,14401,14400,0,1,0,https://www.nba.com/game/atl-vs-phx-0022100137
0022100138,2021-11-06,POR,LAL,105,90,14400,14400,0,0,0,https://www.nba.com/game/lal-vs-por-0022100138
0022100139,2021-11-07,TOR,BKN,103,116,14400,14400,0,0,0,https://www.nba.com/game/bkn-vs-tor-0022100139
0022100140,2021-11-07,NYK,CLE,109,126,14400,14400,0,0,0,https://www.nba.com/game/cle-vs-nyk-0022100140
0022100141,2021-11-07,ORL,UTA,107,100,14400,14400,0,0,0,https://www.nba.com/game/uta-vs-orl-0022100141
0022100142,2021-11-07,WAS,MIL,101,94,14400,14399,0,0,-1,https://www.nba.com/game/mil-vs-was-0022100142
0022100143,2021-11-07,SAC,IND,91,94,14401,14402,0,1,2,https://www.nba.com/game/ind-vs-sac-0022100143
0022100144,2021-11-07,OKC,SAS,99,94,14400,14400,0,0,0,https://www.nba.com/game/sas-vs-okc-0022100144
0022100145,2021-11-07,GSW,HOU,120,107,14399,14401,0,-1,1,https://www.nba.com/game/hou-vs-gsw-0022100145
0022100146,2021-11-07,LAC,CHA,120,106,14401,14400,0,1,0,https://www.nba.com/game/cha-vs-lac-0022100146
0022100147,2021-11-08,PHI,NYK,96,103,14400,14401,0,0,1,https://www.nba.com/game/nyk-vs-phi-0022100147
0022100148,2021-11-08,CHI,BKN,118,95,14401,14401,0,1,1,https://www.nba.com/game/bkn-vs-chi-0022100148
0022100149,2021-11-08,MEM,MIN,125,118,15900,15900,1,0,0,https://www.nba.com/game/min-vs-mem-0022100149
0022100150,2021-11-08,DAL,NOP,108,92,14400,14401,0,0,1,https://www.nba.com/game/nop-vs-dal-0022100150
0022100151,2021-11-08,DEN,MIA,113,96,14400,14400,0,0,0,https://www.nba.com/game/mia-vs-den-0022100151
0022100152,2021-11-08,GSW,ATL,127,113,14401,14400,0,1,0,https://www.nba.com/game/atl-vs-gsw-0022100152
0022100153,2021-11-08,SAC,PHX,104,109,14400,14400,0,0,0,https://www.nba.com/game/phx-vs-sac-0022100153
0022100154,2021-11-08,LAL,CHA,126,123,15901,15900,1,1,0,https://www.nba.com/game/cha-vs-lal-0022100154
0022100155,2021-11-09,PHI,MIL,109,118,14400,14400,0,0,0,https://www.nba.com/game/mil-vs-phi-0022100155
0022100156,2021-11-09,UTA,ATL,110,98,14399,14400,0,-1,0,https://www.nba.com/game/atl-vs-uta-0022100156
0022100157,2021-11-09,LAC,POR,117,109,14400,14400,0,0,0,https://www.nba.com/game/por-vs-lac-0022100157
0022100158,2021-11-10,CLE,WAS,94,97,14400,14399,0,0,-1,https://www.nba.com/game/was-vs-cle-0022100158
0022100159,2021-11-10,ORL,BKN,90,123,14400,14400,0,0,0,https://www.nba.com/game/bkn-vs-orl-0022100159
0022100160,2021-11-10,BOS,TOR,104,88,14400,14400,0,0,0,https://www.nba.com/game/tor-vs-bos-0022100160
0022100161,2021-11-10,NYK,MIL,100,112,14400,14400,0,0,0,https://www.nba.com/game/mil-vs-nyk-0022100161
0022100162,2021-11-10,HOU,DET,104,112,14400,14400,0,0,0,https://www.nba.com/game/det-vs-hou-0022100162
0022100163,2021-11-10,CHI,DAL,117,107,14400,14400,0,0,0,https://www.nba.com/game/dal-vs-chi-0022100163
0022100164,2021-11-10,MEM,CHA,108,118,14400,14400,0,0,0,https://www.nba.com/game/cha-vs-mem-0022100164
0022100165,2021-11-10,NOP,OKC,100,108,14400,14400,0,0,0,https://www.nba.com/game/okc-vs-nop-0022100165
0022100166,2021-11-10,SAS,SAC,136,117,14400,14401,0,0,1,https://www.nba.com/game/sac-vs-sas-0022100166
0022100167,2021-11-10,DEN,IND,101,98,14400,14400,0,0,0,https://www.nba.com/game/ind-vs-den-0022100167
0022100168,2021-11-10,PHX,POR,119,109,14400,14400,0,0,0,https://www.nba.com/game/por-vs-phx-0022100168
0022100169,2021-11-10,GSW,MIN,123,110,14400,14400,0,0,0,https://www.nba.com/game/min-vs-gsw-0022100169
0022100170,2021-11-10,LAL,MIA,120,117,15900,15901,1,0,1,https://www.nba.com/game/mia-vs-lal-0022100170
0022100171,2021-11-11,PHI,TOR,109,115,14401,14401,0,1,1,https://www.nba.com/game/tor-vs-phi-0022100171
0022100172,2021-11-11,UTA,IND,100,111,14400,14400,0,0,0,https://www.nba.com/game/ind-vs-uta-0022100172
0022100173,2021-11-11,LAC,MIA,112,109,14400,14400,0,0,0,https://www.nba.com/game/mia-vs-lac-0022100173
0022100174,2021-11-12,CHA,NYK,104,96,14400,14400,0,0,0,https://www.nba.com/game/nyk-vs-cha-0022100174
0022100175,2021-11-12,BOS,MIL,122,113,15900,15901,1,0,1,https://www.nba.com/game/mil-vs-bos-0022100175
0022100176,2021-11-12,CLE,DET,98,78,14400,14400,0,0,0,https://www.nba.com/game/det-vs-cle-0022100176
0022100177,2021-11-12,HOU,POR,92,104,14400,14401,0,0,1,https://www.nba.com/game/por-vs-hou-0022100177
0022100178,2021-11-12,MEM,PHX,94,119,14400,14400,0,0,0,https://www.nba.com/game/phx-vs-mem-0022100178
0022100179,2021-11-12,NOP,BKN,112,120,14400,14400,0,0,0,https://www.nba.com/game/bkn-vs-nop-0022100179
0022100180,2021-11-12,OKC,SAC,105,103,14400,14400,0,0,0,https://www.nba.com/game/sac-vs-okc-0022100180
0022100181,2021-11-12,SAS,DAL,109,123,14400,14400,0,0,0,https://www.nba.com/game/dal-vs-sas-0022100181
0022100182,2021-11-12,DEN,ATL,105,96,14400,14400,0,0,0,https://www.nba.com/game/atl-vs-den-0022100182
0022100183,2021-11-12,GSW,CHI,119,93,14400,14400,0,0,0,https://www.nba.com/game/chi-vs-gsw-0022100183
0022100184,2021-11-12,LAL,MIN,83,107,14400,14400,0,0,0,https://www.nba.com/game/min-vs-lal-0022100184
0022100185,2021-11-13,UTA,MIA,105,111,14400,14401,0,0,1,https://www.nba.com/game/mia-vs-uta-0022100185
0022100186,2021-11-13,IND,PHI,118,113,14400,14400,0,0,0,https://www.nba.com/game/phi-vs-ind-0022100186
0022100187,2021-11-13,ORL,WAS,92,104,14400,14400,0,0,0,https://www.nba.com/game/was-vs-orl-0022100187
0022100188,2021-11-13,NOP,MEM,112,101,14400,14400,0,0,0,https://www.nba.com/game/mem-vs-nop-0022100188
0022100189,2021-11-13,TOR,DET,121,127,14400,14402,0,0,2,https://www.nba.com/game/det-vs-tor-0022100189
0022100190,2021-11-13,CLE,BOS,91,89,14400,14400,0,0,0,https://www.nba.com/game/bos-vs-cle-0022100190
0022100191,2021-11-13,LAC,MIN,129,102,14400,14400,0,0,0,https://www.nba.com/game/min-vs-lac-0022100191
0022100192,2021-11-14,LAL,SAS,114,106,14400,14400,0,0,0,https://www.nba.com/game/sas-vs-lal-0022100192
0022100193,2021-11-14,ATL,MIL,120,100,14400,14400,0,0,0,https://www.nba.com/game/mil-vs-atl-0022100193
0022100194,2021-11-14,CHA,GSW,106,102,14401,14402,0,1,2,https://www.nba.com/game/gsw-vs-cha-0022100194
0022100195,2021-11-14,HOU,PHX,89,115,14400,14400,0,0,0,https://www.nba.com/game/phx-vs-hou-0022100195
0022100196,2021-11-14,OKC,BKN,96,120,14400,14400,0,0,0,https://www.nba.com/game/bkn-vs-okc-0022100196
0022100197,2021-11-14,DEN,POR,124,95,14400,14400,0,0,0,https://www.nba.com/game/por-vs-den-0022100197
0022100198,2021-11-14,LAC,CHI,90,100,14400,14400,0,0,0,https://www.nba.com/game/chi-vs-lac-0022100198
0022100199,2021-11-15,CLE,BOS,92,98,14400,14400,0,0,0,https://www.nba.com/game/bos-vs-cle-0022100199
0022100200,2021-11-15,DET,SAC,107,129,14400,14400,0,0,0,https://www.nba.com/game/sac-vs-det-0022100200
0022100201,2021-11-15,WAS,NOP,105,100,14400,14400,0,0,0,https://www.nba.com/game/nop-vs-was-0022100201
0022100202,2021-11-15,ATL,ORL,129,111,14400,14400,0,0,0,https://www.nba.com/game/orl-vs-atl-0022100202
0022100203,2021-11-15,NYK,IND,92,84,14400,14400,0,0,0,https://www.nba.com/game/ind-vs-nyk-0022100203
0022100204,2021-11-15,DAL,DEN,111,101,14400,14400,0,0,0,https://www.nba.com/game/den-vs-dal-0022100204
0022100205,2021-11-15,MEM,HOU,136,102,14400,14400,0,0,0,https://www.nba.com/game/hou-vs-mem-0022100205
0022100206,2021-11-15,MIN,PHX,96,99,14401,14400,0,1,0,https://www.nba.com/game/phx-vs-min-0022100206
0022100207,2021-11-15,OKC,MIA,90,103,14400,14400,0,0,0,https://www.nba.com/game/mia-vs-okc-0022100207
0022100208,2021-11-15,POR,TOR,118,113,14400,14400,0,0,0,https://www.nba.com/game/tor-vs-por-0022100208
0022100209,2021-11-15,LAL,CHI,103,121,14398,14400,0,-2,0,https://www.nba.com/game/chi-vs-lal-0022100209
0022100210,2021-11-16,BKN,GSW,99,117,14400,14400,0,0,0,https://www.nba.com/game/gsw-vs-bkn-0022100210
0022100211,2021-11-16,UTA,PHI,120,85,14400,14400,0,0,0,https://www.nba.com/game/phi-vs-uta-0022100211
0022100212,2021-11-16,LAC,SAS,106,92,14400,14400,0,0,0,https://www.nba.com/game/sas-vs-lac-0022100212
0022100213,2021-11-17,CHA,WAS,97,87,14400,14400,0,0,0,https://www.nba.com/game/was-vs-cha-0022100213
0022100214,2021-11-17,DET,IND,97,89,14400,14400,0,0,0,https://www.nba.com/game/ind-vs-det-0022100214
0022100215,2021-11-17,ATL,BOS,110,99,14400,14400,0,0,0,https://www.nba.com/game/bos-vs-atl-0022100215
0022100216,2021-11-17,BKN,CLE,109,99,14400,14400,0,0,0,https://www.nba.com/game/cle-vs-bkn-0022100216
0022100217,2021-11-17,MIA,NOP,113,98,14400,14400,0,0,0,https://www.nba.com/game/nop-vs-mia-0022100217
0022100218,2021-11-17,NYK,ORL,98,104,14400,14400,0,0,0,https://www.nba.com/game/orl-vs-nyk-0022100218
0022100219,2021-11-17,MIL,LAL,109,102,14400,14400,0,0,0,https://www.nba.com/game/lal-vs-mil-0022100219
0022100220,2021-11-17,MIN,SAC,107,97,14400,14400,0,0,0,https://www.nba.com/game/sac-vs-min-0022100220
0022100221,2021-11-17,OKC,HOU,101,89,14401,14401,0,1,1,https://www.nba.com/game/hou-vs-okc-0022100221
0022100222,2021-11-17,PHX,DAL,105,98,14400,14400,0,0,0,https://www.nba.com/game/dal-vs-phx-0022100222
0022100223,2021-11-17,POR,CHI,112,107,14400,14400,0,0,0,https://www.nba.com/game/chi-vs-por-0022100223
0022100224,2021-11-18,CLE,GSW,89,104,14400,14401,0,0,1,https://www.nba.com/game/gsw-vs-cle-0022100224
0022100225,2021-11-18,MIA,WAS,112,97,14400,14400,0,0,0,https://www.nba.com/game/was-vs-mia-0022100225
0022100226,2021-11-18,MEM,LAC,120,108,14400,14400,0,0,0,https://www.nba.com/game/lac-vs-mem-0022100226
0022100227,2021-11-18,MIN,SAS,115,90,14400,14400,0,0,0,https://www.nba.com/game/sas-vs-min-0022100227
0022100228,2021-11-18,DEN,PHI,89,103,14401,14401,0,1,1,https://www.nba.com/game/phi-vs-den-0022100228
0022100229,2021-11-18,UTA,TOR,119,103,14400,14400,0,0,0,https://www.nba.com/game/tor-vs-uta-0022100229
0022100230,2021-11-19,CHA,IND,121,118,14401,14400,0,1,0,https://www.nba.com/game/ind-vs-cha-0022100230
0022100231,2021-11-19,DET,GSW,102,105,14400,14400,0,0,0,https://www.nba.com/game/gsw-vs-det-0022100231
0022100232,2021-11-19,BOS,LAL,130,108,14400,14400,0,0,0,https://www.nba.com/game/lal-vs-bos-0022100232
0022100233,2021-11-19,BKN,ORL,115,113,14400,14400,0,0,0,https://www.nba.com/game/orl-vs-bkn-0022100233
0022100234,2021-11-19,MIL,OKC,96,89,14400,14400,0,0,0,https://www.nba.com/game/okc-vs-mil-0022100234
0022100235,2021-11-19,NOP,LAC,94,81,14400,14400,0,0,0,https://www.nba.com/game/lac-vs-nop-0022100235
0022100236,2021-11-19,DEN,CHI,108,114,14400,14400,0,0,0,https://www.nba.com/game/chi-vs-den-0022100236
0022100237,2021-11-19,PHX,DAL,112,104,14401,14400,0,1,0,https://www.nba.com/game/dal-vs-phx-0022100237
0022100238,2021-11-19,SAC,TOR,89,108,14400,14400,0,0,0,https://www.nba.com/game/tor-vs-sac-0022100238
0022100239,2021-11-20,NYK,HOU,106,99,14400,14402,0,0,2,https://www.nba.com/game/hou-vs-nyk-0022100239
0022100240,2021-11-20,IND,NOP,111,94,14400,14400,0,0,0,https://www.nba.com/game/nop-vs-ind-0022100240
0022100241,2021-11-20,WAS,MIA,103,100,14400,14400,0,0,0,https://www.nba.com/game/mia-vs-was-0022100241
0022100242,2021-11-20,ATL,CHA,115,105,14400,14400,0,0,0,https://www.nba.com/game/cha-vs-atl-0022100242
0022100243,2021-11-20,BOS,OKC,111,105,14400,14400,0,0,0,https://www.nba.com/game/okc-vs-bos-0022100243
0022100244,2021-11-20,MIL,ORL,117,108,14400,14400,0,0,0,https://www.nba.com/game/orl-vs-mil-0022100244
0022100245,2021-11-20,MIN,MEM,138,95,14400,14400,0,0,0,https://www.nba.com/game/mem-vs-min-0022100245
0022100246,2021-11-20,POR,PHI,118,111,14400,14400,0,0,0,https://www.nba.com/game/phi-vs-por-0022100246
0022100247,2021-11-20,SAC,UTA,105,123,14400,14400,0,0,0,https://www.nba.com/game/uta-vs-sac-0022100247
0022100248,2021-11-21,LAC,DAL,97,91,14400,14400,0,0,0,https://www.nba.com/game/dal-vs-lac-0022100248
0022100249,2021-11-21,DET,LAL,116,121,14400,14400,0,0,0,https://www.nba.com/game/lal-vs-det-0022100249
0022100250,2021-11-21,CHI,NYK,109,103,14400,14401,0,0,1,https://www.nba.com/game/nyk-vs-chi-0022100250
0022100251,2021-11-21,PHX,DEN,126,97,14400,14400,0,0,0,https://www.nba.com/game/den-vs-phx-0022100251
0022100252,2021-11-21,GSW,TOR,119,104,14400,14400,0,0,0,https://www.nba.com/game/tor-vs-gsw-0022100252
0022100253,2021-11-22,CLE,BKN,112,117,14401,14400,0,1,0,https://www.nba.com/game/bkn-vs-cle-0022100253
0022100254,2021-11-22,WAS,CHA,103,109,14400,14400,0,0,0,https://www.nba.com/game/cha-vs-was-0022100254
0022100255,2021-11-22,ATL,OKC,113,101,14400,14400,0,0,0,https://www.nba.com/game/okc-vs-atl-0022100255
0022100256,2021-11-22,BOS,HOU,108,90,14400,14400,0,0,0,https://www.nba.com/game/hou-vs-bos-0022100256
0022100257,2021-11-22,CHI,IND,77,109,14400,14400,0,0,0,https://www.nba.com/game/ind-vs-chi-0022100257
0022100258,2021-11-22,MIL,ORL,123,92,14401,14400,0,1,0,https://www.nba.com/game/orl-vs-mil-0022100258
0022100259,2021-11-22,NOP,MIN,96,110,14400,14400,0,0,0,https://www.nba.com/game/min-vs-nop-0022100259
0022100260,2021-11-22,SAS,PHX,111,115,14401,14401,0,1,1,https://www.nba.com/game/phx-vs-sas-0022100260
0022100261,2021-11-22,UTA,MEM,118,119,14400,14400,0,0,0,https://www.nba.com/game/mem-vs-uta-0022100261
0022100262,2021-11-22,SAC,PHI,94,102,14400,14400,0,0,0,https://www.nba.com/game/phi-vs-sac-0022100262
0022100263,2021-11-23,DET,MIA,92,100,14400,14400,0,0,0,https://www.nba.com/game/mia-vs-det-0022100263
0022100264,2021-11-23,NYK,LAL,106,100,14401,14400,0,1,0,https://www.nba.com/game/lal-vs-nyk-0022100264
0022100265,2021-11-23,POR,DEN,119,100,14400,14400,0,0,0,https://www.nba.com/game/den-vs-por-0022100265
0022100266,2021-11-23,LAC,DAL,104,112,15900,15900,1,0,0,https://www.nba.com/game/dal-vs-lac-0022100266
0022100267,2021-11-24,CLE,PHX,115,120,14400,14400,0,0,0,https://www.nba.com/game/phx-vs-cle-0022100267
0022100268,2021-11-24,IND,LAL,116,124,15898,15901,1,-2,1,https://www.nba.com/game/lal-vs-ind-0022100268
0022100269,2021-11-24,ORL,CHA,99,106,14400,14400,0,0,0,https://www.nba.com/game/cha-vs-orl-0022100269
0022100270,2021-11-24,BOS,BKN,104,123,14400,14400,0,0,0,https://www.nba.com/game/bkn-vs-bos-0022100270
0022100271,2021-11-24,HOU,CHI,118,113,14401,14400,0,1,0,https://www.nba.com/game/chi-vs-hou-0022100271
0022100272,2021-11-24,MEM,TOR,113,126,14400,14401,0,0,1,https://www.nba.com/game/tor-vs-mem-0022100272
0022100273,2021-11-24,MIL,DET,114,93,14400,14400,0,0,0,https://www.nba.com/game/det-vs-mil-0022100273
0022100274,2021-11-24,MIN,MIA,113,101,14401,14401,0,1,1,https://www.nba.com/game/mia-vs-min-0022100274
0022100275,2021-11-24,NOP,WAS,127,102,14400,14400,0,0,0,https://www.nba.com/game/was-vs-nop-0022100275
0022100276,2021-11-24,OKC,UTA,104,110,14400,14400,0,0,0,https://www.nba.com/game/uta-vs-okc-0022100276
0022100277,2021-11-24,SAS,ATL,106,124,14400,14400,0,0,0,https://www.nba.com/game/atl-vs-sas-0022100277
0022100278,2021-11-24,GSW,PHI,116,96,14401,14400,0,1,0,https://www.nba.com/game/phi-vs-gsw-0022100278
0022100279,2021-11-24,SAC,POR,125,121,14400,14400,0,0,0,https://www.nba.com/game/por-vs-sac-0022100279
0022100280,2021-11-26,LAC,DET,107,96,14400,14400,0,0,0,https://www.nba.com/game/det-vs-lac-0022100280
0022100281,2021-11-26,CHA,MIN,133,115,14400,14401,0,0,1,https://www.nba.com/game/min-vs-cha-0022100281
0022100282,2021-11-26,NYK,PHX,97,118,14400,14400,0,0,0,https://www.nba.com/game/phx-vs-nyk-0022100282
0022100283,2021-11-26,ORL,CHI,88,123,14400,14400,0,0,0,https://www.nba.com/game/chi-vs-orl-0022100283
0022100284,2021-11-26,IND,TOR,114,97,14400,14400,0,0,0,https://www.nba.com/game/tor-vs-ind-0022100284
0022100285,2021-11-26,MEM,ATL,100,132,14400,14400,0,0,0,https://www.nba.com/game/atl-vs-mem-0022100285
0022100286,2021-11-26,OKC,WAS,99,101,14400,14399,0,0,-1,https://www.nba.com/game/was-vs-okc-0022100286
0022100287,2021-11-26,SAS,BOS,96,88,14400,14400,0,0,0,https://www.nba.com/game/bos-vs-sas-0022100287
0022100288,2021-11-26,DEN,MIL,109,120,14400,14400,0,0,0,https://www.nba.com/game/mil-vs-den-0022100288
0022100289,2021-11-26,UTA,NOP,97,98,14400,14400,0,0,0,https://www.nba.com/game/nop-vs-uta-0022100289
0022100290,2021-11-26,GSW,POR,118,103,14400,14400,0,0,0,https://www.nba.com/game/por-vs-gsw-0022100290
0022100291,2021-11-26,LAL,SAC,137,141,18900,18900,3,0,0,https://www.nba.com/game/sac-vs-lal-0022100291
0022100292,2021-11-27,PHI,MIN,120,121,17400,17400,2,0,0,https://www.nba.com/game/min-vs-phi-0022100292
0022100293,2021-11-27,ATL,NYK,90,99,14400,14400,0,0,0,https://www.nba.com/game/nyk-vs-atl-0022100293
0022100294,2021-11-27,BKN,PHX,107,113,14400,14400,0,0,0,https://www.nba.com/game/phx-vs-bkn-0022100294
0022100295,2021-11-27,CLE,ORL,105,92,14401,14400,0,1,0,https://www.nba.com/game/orl-vs-cle-0022100295
0022100296,2021-11-27,CHI,MIA,104,107,14400,14400,0,0,0,https://www.nba.com/game/mia-vs-chi-0022100296
0022100297,2021-11-27,HOU,CHA,146,143,15900,15900,1,0,0,https://www.nba.com/game/cha-vs-hou-0022100297
0022100298,2021-11-27,DAL,WAS,114,120,14401,14400,0,1,0,https://www.nba.com/game/was-vs-dal-0022100298
0022100299,2021-11-27,UTA,NOP,127,105,14400,14399,0,0,-1,https://www.nba.com/game/nop-vs-uta-0022100299
0022100300,2021-11-28,LAC,GSW,90,105,14400,14401,0,0,1,https://www.nba.com/game/gsw-vs-lac-0022100300
0022100301,2021-11-28,IND,MIL,100,118,14400,14401,0,0,1,https://www.nba.com/game/mil-vs-ind-0022100301
0022100302,2021-11-28,TOR,BOS,97,109,14400,14400,0,0,0,https://www.nba.com/game/bos-vs-tor-0022100302
0022100303,2021-11-28,MEM,SAC,128,101,14400,14400,0,0,0,https://www.nba.com/game/sac-vs-mem-0022100303
0022100304,2021-11-28,LAL,DET,110,106,14400,14400,0,0,0,https://www.nba.com/game/det-vs-lal-0022100304
0022100305,2021-11-29,PHI,ORL,101,96,14400,14400,0,0,0,https://www.nba.com/game/orl-vs-phi-0022100305
0022100306,2021-11-29,MIA,DEN,111,120,14400,14400,0,0,0,https://www.nba.com/game/den-vs-mia-0022100306
0022100307,2021-11-29,CHI,CHA,133,119,14400,14400,0,0,0,https://www.nba.com/game/cha-vs-chi-0022100307
0022100308,2021-11-29,HOU,OKC,102,89,14400,14400,0,0,0,https://www.nba.com/game/okc-vs-hou-0022100308
0022100309,2021-11-29,MIN,IND,100,98,14401,14402,0,1,2,https://www.nba.com/game/ind-vs-min-0022100309
0022100310,2021-11-29,DAL,CLE,96,114,14400,14400,0,0,0,https://www.nba.com/game/cle-vs-dal-0022100310
0022100311,2021-11-29,SAS,WAS,116,99,14400,14400,0,0,0,https://www.nba.com/game/was-vs-sas-0022100311
0022100312,2021-11-29,UTA,POR,129,107,14400,14400,0,0,0,https://www.nba.com/game/por-vs-uta-0022100312
0022100313,2021-11-29,LAC,NOP,104,123,14400,14400,0,0,0,https://www.nba.com/game/nop-vs-lac-0022100313
0022100314,2021-11-30,BKN,NYK,112,110,14401,14401,0,1,1,https://www.nba.com/game/nyk-vs-bkn-0022100314
0022100315,2021-11-30,TOR,MEM,91,98,14400,14400,0,0,0,https://www.nba.com/game/mem-vs-tor-0022100315
0022100316,2021-11-30,PHX,GSW,104,96,14401,14401,0,1,1,https://www.nba.com/game/gsw-vs-phx-0022100316
0022100317,2021-11-30,POR,DET,110,92,14400,14400,0,0,0,https://www.nba.com/game/det-vs-por-0022100317
0022100318,2021-11-30,SAC,LAL,92,117,14400,14400,0,0,0,https://www.nba.com/game/lal-vs-sac-0022100318
0022100319,2021-12-01,IND,ATL,111,114,14401,14400,0,1,0,https://www.nba.com/game/atl-vs-ind-0022100319
0022100320,2021-12-01,ORL,DEN,108,103,14400,14400,0,0,0,https://www.nba.com/game/den-vs-orl-0022100320
0022100321,2021-12-01,WAS,MIN,115,107,14400,14400,0,0,0,https://www.nba.com/game/min-vs-was-0022100321
0022100322,2021-12-01,BOS,PHI,88,87,14400,14400,0,0,0,https://www.nba.com/game/phi-vs-bos-0022100322
0022100323,2021-12-01,MIA,CLE,85,111,14400,14400,0,0,0,https://www.nba.com/game/cle-vs-mia-0022100323
0022100324,2021-12-01,MIL,CHA,127,125,14400,14401,0,0,1,https://www.nba.com/game/cha-vs-mil-0022100324
0022100325,2021-12-01,NOP,DAL,107,139,14400,14400,0,0,0,https://www.nba.com/game/dal-vs-nop-0022100325
0022100326,2021-12-01,OKC,HOU,110,114,14401,14401,0,1,1,https://www.nba.com/game/hou-vs-okc-0022100326
0022100327,2021-12-01,LAC,SAC,115,124,14400,14400,0,0,0,https://www.nba.com/game/sac-vs-lac-0022100327
0022100328,2021-12-02,NYK,CHI,115,119,14401,14401,0,1,1,https://www.nba.com/game/chi-vs-nyk-0022100328
0022100329,2021-12-02,TOR,MIL,97,93,14400,14400,0,0,0,https://www.nba.com/game/mil-vs-tor-0022100329
0022100330,2021-12-02,MEM,OKC,152,79,14400,14400,0,0,0,https://www.nba.com/game/okc-vs-mem-0022100330
0022100331,2021-12-02,PHX,DET,114,103,14400,14400,0,0,0,https://www.nba.com/game/det-vs-phx-0022100331
0022100332,2021-12-02,POR,SAS,83,114,14400,14400,0,0,0,https://www.nba.com/game/sas-vs-por-0022100332
0022100333,2021-12-03,IND,MIA,104,113,14400,14401,0,0,1,https://www.nba.com/game/mia-vs-ind-0022100333
0022100334,2021-12-03,WAS,CLE,101,116,14400,14400,0,0,0,https://www.nba.com/game/cle-vs-was-0022100334
0022100335,2021-12-03,ATL,PHI,96,98,14401,14400,0,1,0,https://www.nba.com/game/phi-vs-atl-0022100335
0022100336,2021-12-03,BKN,MIN,110,105,14400,14401,0,0,1,https://www.nba.com/game/min-vs-bkn-0022100336
0022100337,2021-12-03,HOU,ORL,118,116,14400,14400,0,0,0,https://www.nba.com/game/orl-vs-hou-0022100337
0022100338,2021-12-03,DAL,NOP,91,107,14400,14400,0,0,0,https://www.nba.com/game/nop-vs-dal-0022100338
0022100339,2021-12-03,UTA,BOS,137,130,14400,14400,0,0,0,https://www.nba.com/game/bos-vs-uta-0022100339
0022100340,2021-12-03,GSW,PHX,118,96,14400,14400,0,0,0,https://www.nba.com/game/phx-vs-gsw-0022100340
0022100341,2021-12-03,LAL,LAC,115,119,14400,14401,0,0,1,https://www.nba.com/game/lac-vs-lal-0022100341
0022100342,2021-12-04,NYK,DEN,99,113,14400,14400,0,0,0,https://www.nba.com/game/den-vs-nyk-0022100342
0022100343,2021-12-04,BKN,CHI,107,111,14400,14400,0,0,0,https://www.nba.com/game/chi-vs-bkn-0022100343
0022100344,2021-12-04,MIL,MIA,124,102,14400,14400,0,0,0,https://www.nba.com/game/mia-vs-mil-0022100344
0022100345,2021-12-04,DAL,MEM,90,97,14400,14400,0,0,0,https://www.nba.com/game/mem-vs-dal-0022100345
0022100346,2021-12-04,GSW,SAS,107,112,14399,14400,0,-1,0,https://www.nba.com/game/sas-vs-gsw-0022100346
0022100347,2021-12-04,POR,BOS,117,145,14400,14400,0,0,0,https://www.nba.com/game/bos-vs-por-0022100347
0022100348,2021-12-04,SAC,LAC,104,99,14400,14400,0,0,0,https://www.nba.com/game/lac-vs-sac-0022100348
0022100349,2021-12-05,CLE,UTA,108,109,14400,14400,0,0,0,https://www.nba.com/game/uta-vs-cle-0022100349
0022100350,2021-12-05,ATL,CHA,127,130,14401,14400,0,1,0,https://www.nba.com/game/cha-vs-atl-0022100350
0022100351,2021-12-05,TOR,WAS,102,90,14400,14400,0,0,0,https://www.nba.com/game/was-vs-tor-0022100351
0022100352,2021-12-05,HOU,NOP,118,108,14400,14400,0,0,0,https://www.nba.com/game/nop-vs-hou-0022100352
0022100353,2021-12-06,CHA,PHI,124,127,15900,15901,1,0,1,https://www.nba.com/game/phi-vs-cha-0022100353
0022100354,2021-12-06,DET,OKC,103,114,14400,14401,0,0,1,https://www.nba.com/game/okc-vs-det-0022100354
0022100355,2021-12-06,IND,WAS,116,110,14400,14400,0,0,0,https://www.nba.com/game/was-vs-ind-0022100355
0022100356,2021-12-06,MIA,MEM,90,105,14400,14400,0,0,0,https://www.nba.com/game/mem-vs-mia-0022100356
0022100357,2021-12-06,CHI,DEN,109,97,14400,14400,0,0,0,https://www.nba.com/game/den-vs-chi-0022100357
0022100358,2021-12-06,MIL,CLE,112,104,14400,14400,0,0,0,https://www.nba.com/game/cle-vs-mil-0022100358
0022100359,2021-12-06,MIN,ATL,110,121,14400,14400,0,0,0,https://www.nba.com/game/atl-vs-min-0022100359
0022100360,2021-12-06,PHX,SAS,108,104,14400,14400,0,0,0,https://www.nba.com/game/sas-vs-phx-0022100360
0022100361,2021-12-06,GSW,ORL,126,95,14400,14400,0,0,0,https://www.nba.com/game/orl-vs-gsw-0022100361
0022100362,2021-12-06,POR,LAC,90,102,14400,14400,0,0,0,https://www.nba.com/game/lac-vs-por-0022100362
0022100363,2021-12-07,DAL,BKN,99,102,14400,14400,0,0,0,https://www.nba.com/game/bkn-vs-dal-0022100363
0022100364,2021-12-07,SAS,NYK,109,121,14400,14400,0,0,0,https://www.nba.com/game/nyk-vs-sas-0022100364
0022100365,2021-12-07,LAL,BOS,117,102,14400,14400,0,0,0,https://www.nba.com/game/bos-vs-lal-0022100365
0022100366,2021-12-08,CHA,PHI,106,110,14400,14400,0,0,0,https://www.nba.com/game/phi-vs-cha-0022100366
0022100367,2021-12-08,CLE,CHI,115,92,14400,14400,0,0,0,https://www.nba.com/game/chi-vs-cle-0022100367
0022100368,2021-12-08,DET,WAS,116,119,15900,15901,1,0,1,https://www.nba.com/game/was-vs-det-0022100368
0022100369,2021-12-08,IND,NYK,122,102,14400,14400,0,0,0,https://www.nba.com/game/nyk-vs-ind-0022100369
0022100370,2021-12-08,MIA,MIL,113,104,14400,14400,0,0,0,https://www.nba.com/game/mil-vs-mia-0022100370
0022100371,2021-12-08,TOR,OKC,109,110,14400,14400,0,0,0,https://www.nba.com/game/okc-vs-tor-0022100371
0022100372,2021-12-08,HOU,BKN,114,104,14400,14401,0,0,1,https://www.nba.com/game/bkn-vs-hou-0022100372
0022100373,2021-12-08,MEM,DAL,96,104,14401,14402,0,1,2,https://www.nba.com/game/dal-vs-mem-0022100373
0022100374,2021-12-08,MIN,UTA,104,136,14400,14400,0,0,0,https://www.nba.com/game/uta-vs-min-0022100374
0022100375,2021-12-08,NOP,DEN,114,120,15901,15901,1,1,1,https://www.nba.com/game/den-vs-nop-0022100375
0022100376,2021-12-08,GSW,POR,104,94,14400,14400,0,0,0,https://www.nba.com/game/por-vs-gsw-0022100376
0022100377,2021-12-08,SAC,ORL,142,130,14400,14400,0,0,0,https://www.nba.com/game/orl-vs-sac-0022100377
0022100378,2021-12-08,LAC,BOS,114,111,14400,14401,0,0,1,https://www.nba.com/game/bos-vs-lac-0022100378
0022100379,2021-12-09,PHI,UTA,96,118,14401,14400,0,1,0,https://www.nba.com/game/uta-vs-phi-0022100379
0022100380,2021-12-09,MEM,LAL,108,95,14400,14400,0,0,0,https://www.nba.com/game/lal-vs-mem-0022100380
0022100381,2021-12-09,SAS,DEN,123,111,14400,14400,0,0,0,https://www.nba.com/game/den-vs-sas-0022100381
0022100382,2021-12-10,CHA,SAC,124,123,14400,14400,0,0,0,https://www.nba.com/game/sac-vs-cha-0022100382
0022100383,2021-12-10,IND,DAL,106,93,14400,14400,0,0,0,https://www.nba.com/game/dal-vs-ind-0022100383
0022100384,2021-12-10,ATL,BKN,105,113,14400,14400,0,0,0,https://www.nba.com/game/bkn-vs-atl-0022100384
0022100385,2021-12-10,TOR,NYK,90,87,14400,14400,0,0,0,https://www.nba.com/game/nyk-vs-tor-0022100385
0022100386,2021-12-10,HOU,MIL,114,123,14400,14400,0,0,0,https://www.nba.com/game/mil-vs-hou-0022100386
0022100387,2021-12-10,MIN,CLE,106,123,14400,14400,0,0,0,https://www.nba.com/game/cle-vs-min-0022100387
0022100388,2021-12-10,NOP,DET,109,93,14400,14400,0,0,0,https://www.nba.com/game/det-vs-nop-0022100388
0022100389,2021-12-10,OKC,LAL,95,116,14401,14400,0,1,0,https://www.nba.com/game/lal-vs-okc-0022100389
0022100390,2021-12-10,PHX,BOS,111,90,14400,14400,0,0,0,https://www.nba.com/game/bos-vs-phx-0022100390
0022100391,2021-12-11,LAC,ORL,106,104,14400,14400,0,0,0,https://www.nba.com/game/orl-vs-lac-0022100391
0022100392,2021-12-11,WAS,UTA,98,123,14400,14400,0,0,0,https://www.nba.com/game/uta-vs-was-0022100392
0022100393,2021-12-11,CLE,SAC,117,103,14400,14400,0,0,0,https://www.nba.com/game/sac-vs-cle-0022100393
0022100394,2021-12-11,MIA,CHI,118,92,14400,14400,0,0,0,https://www.nba.com/game/chi-vs-mia-0022100394
0022100395,2021-12-11,MEM,HOU,113,106,14400,14400,0,0,0,https://www.nba.com/game/hou-vs-mem-0022100395
0022100396,2021-12-11,PHI,GSW,102,93,14400,14401,0,0,1,https://www.nba.com/game/gsw-vs-phi-0022100396
0022100397,2021-12-11,SAS,DEN,112,127,14400,14400,0,0,0,https://www.nba.com/game/den-vs-sas-0022100397
0022100398,2021-12-12,NYK,MIL,97,112,14400,14400,0,0,0,https://www.nba.com/game/mil-vs-nyk-0022100398
0022100399,2021-12-12,DET,BKN,104,116,14400,14400,0,0,0,https://www.nba.com/game/bkn-vs-det-0022100399
0022100400,2021-12-12,OKC,DAL,84,103,14400,14400,0,0,0,https://www.nba.com/game/dal-vs-okc-0022100400
0022100401,2021-12-12,SAS,NOP,112,97,14400,14400,0,0,0,https://www.nba.com/game/nop-vs-sas-0022100401
0022100402,2021-12-12,POR,MIN,111,116,14400,14401,0,0,1,https://www.nba.com/game/min-vs-por-0022100402
0022100403,2021-12-12,LAL,ORL,106,94,14400,14400,0,0,0,https://www.nba.com/game/orl-vs-lal-0022100403
0022100404,2021-12-13,CLE,MIA,105,94,14400,14400,0,0,0,https://www.nba.com/game/mia-vs-cle-0022100404
0022100405,2021-12-13,IND,GSW,100,102,14400,14401,0,0,1,https://www.nba.com/game/gsw-vs-ind-0022100405
0022100406,2021-12-13,TOR,SAC,124,101,14400,14400,0,0,0,https://www.nba.com/game/sac-vs-tor-0022100406
0022100407,2021-12-13,ATL,HOU,126,132,14401,14400,0,1,0,https://www.nba.com/game/hou-vs-atl-0022100407
0022100408,2021-12-13,BOS,MIL,117,103,14400,14400,0,0,0,https://www.nba.com/game/mil-vs-bos-0022100408
0022100409,2021-12-13,MEM,PHI,126,91,14400,14400,0,0,0,https://www.nba.com/game/phi-vs-mem-0022100409
0022100410,2021-12-13,DAL,CHA,120,96,14400,14400,0,0,0,https://www.nba.com/game/cha-vs-dal-0022100410
0022100411,2021-12-13,DEN,WAS,113,107,14400,14400,0,0,0,https://www.nba.com/game/was-vs-den-0022100411
0022100412,2021-12-13,LAC,PHX,111,95,14400,14400,0,0,0,https://www.nba.com/game/phx-vs-lac-0022100412
0022100413,2021-12-14,BKN,TOR,131,129,15900,15900,1,0,0,https://www.nba.com/game/tor-vs-bkn-0022100413
0022100414,2021-12-14,NYK,GSW,96,105,14400,14400,0,0,0,https://www.nba.com/game/gsw-vs-nyk-0022100414
0022100416,2021-12-14,POR,PHX,107,111,15900,15900,1,0,0,https://www.nba.com/game/phx-vs-por-0022100416
0022100417,2021-12-15,CLE,HOU,124,89,14400,14400,0,0,0,https://www.nba.com/game/hou-vs-cle-0022100417
0022100418,2021-12-15,ORL,ATL,99,111,14400,14400,0,0,0,https://www.nba.com/game/atl-vs-orl-0022100418
0022100419,2021-12-15,PHI,MIA,96,101,14400,14400,0,0,0,https://www.nba.com/game/mia-vs-phi-0022100419
0022100420,2021-12-15,DAL,LAL,104,107,15900,15900,1,0,0,https://www.nba.com/game/lal-vs-dal-0022100420
0022100421,2021-12-15,MIL,IND,114,99,14400,14400,0,0,0,https://www.nba.com/game/ind-vs-mil-0022100421
0022100422,2021-12-15,OKC,NOP,110,113,14400,14400,0,0,0,https://www.nba.com/game/nop-vs-okc-0022100422
0022100423,2021-12-15,SAS,CHA,115,131,14400,14400,0,0,0,https://www.nba.com/game/cha-vs-sas-0022100423
0022100424,2021-12-15,DEN,MIN,107,124,14400,14400,0,0,0,https://www.nba.com/game/min-vs-den-0022100424
0022100425,2021-12-15,UTA,LAC,124,103,14400,14401,0,0,1,https://www.nba.com/game/lac-vs-uta-0022100425
0022100426,2021-12-15,POR,MEM,103,113,14400,14400,0,0,0,https://www.nba.com/game/mem-vs-por-0022100426
0022100427,2021-12-15,SAC,WAS,119,105,14400,14400,0,0,0,https://www.nba.com/game/was-vs-sac-0022100427
0022100428,2021-12-16,IND,DET,122,113,14400,14400,0,0,0,https://www.nba.com/game/det-vs-ind-0022100428
0022100429,2021-12-16,BKN,PHI,114,105,14400,14400,0,0,0,https://www.nba.com/game/phi-vs-bkn-0022100429
0022100431,2021-12-16,HOU,NYK,103,116,14400,14400,0,0,0,https://www.nba.com/game/nyk-vs-hou-0022100431
0022100432,2021-12-16,PHX,WAS,118,98,14400,14400,0,0,0,https://www.nba.com/game/was-vs-phx-0022100432
0022100433,2021-12-17,ORL,MIA,105,115,14400,14400,0,0,0,https://www.nba.com/game/mia-vs-orl-0022100433
0022100434,2021-12-17,ATL,DEN,115,133,14400,14400,0,0,0,https://www.nba.com/game/den-vs-atl-0022100434
0022100435,2021-12-17,BOS,GSW,107,111,14400,14401,0,0,1,https://www.nba.com/game/gsw-vs-bos-0022100435
0022100436,2021-12-17,MIN,LAL,110,92,14400,14400,0,0,0,https://www.nba.com/game/lal-vs-min-0022100436
0022100437,2021-12-17,UTA,SAS,126,128,14400,14400,0,0,0,https://www.nba.com/game/sas-vs-uta-0022100437
0022100438,2021-12-17,NOP,MIL,116,112,15901,15900,1,1,0,https://www.nba.com/game/mil-vs-nop-0022100438
0022100439,2021-12-17,POR,CHA,125,116,14400,14400,0,0,0,https://www.nba.com/game/cha-vs-por-0022100439
0022100440,2021-12-17,SAC,MEM,105,124,14401,14401,0,1,1,https://www.nba.com/game/mem-vs-sac-0022100440
0022100441,2021-12-18,DET,HOU,107,116,14400,14400,0,0,0,https://www.nba.com/game/hou-vs-det-0022100441
0022100442,2021-12-18,BKN,ORL,93,100,14400,14400,0,0,0,https://www.nba.com/game/orl-vs-bkn-0022100442
0022100443,2021-12-18,TOR,GSW,119,100,14400,14400,0,0,0,https://www.nba.com/game/gsw-vs-tor-0022100443
0022100444,2021-12-18,OKC,LAC,104,103,14400,14401,0,0,1,https://www.nba.com/game/lac-vs-okc-0022100444
0022100445,2021-12-18,BOS,NYK,114,107,14400,14400,0,0,0,https://www.nba.com/game/nyk-vs-bos-0022100445
0022100446,2021-12-18,MIL,CLE,90,119,14400,14400,0,0,0,https://www.nba.com/game/cle-vs-mil-0022100446
0022100447,2021-12-18,UTA,WAS,103,109,14400,14400,0,0,0,https://www.nba.com/game/was-vs-uta-0022100447
0022100448,2021-12-19,CHI,LAL,115,110,14400,14400,0,0,0,https://www.nba.com/game/lal-vs-chi-0022100448
0022100449,2021-12-19,DET,MIA,100,90,14400,14400,0,0,0,https://www.nba.com/game/mia-vs-det-0022100449
0022100450,2021-12-19,MEM,POR,100,105,14400,14400,0,0,0,https://www.nba.com/game/por-vs-mem-0022100450
0022100451,2021-12-19,SAC,SAS,121,114,14400,14400,0,0,0,https://www.nba.com/game/sas-vs-sac-0022100451
0022100455,2021-12-19,MIN,DAL,111,105,14400,14400,0,0,0,https://www.nba.com/game/dal-vs-min-0022100455
0022100456,2021-12-19,PHX,CHA,137,106,14400,14400,0,0,0,https://www.nba.com/game/cha-vs-phx-0022100456
0022100457,2021-12-20,BOS,PHI,103,108,14401,14400,0,1,0,https://www.nba.com/game/phi-vs-bos-0022100457
0022100459,2021-12-20,CHI,HOU,133,118,14400,14400,0,0,0,https://www.nba.com/game/hou-vs-chi-0022100459
0022100460,2021-12-20,MEM,OKC,99,102,14400,14403,0,0,3,https://www.nba.com/game/okc-vs-mem-0022100460
0022100461,2021-12-20,UTA,CHA,112,102,14400,14400,0,0,0,https://www.nba.com/game/cha-vs-uta-0022100461
0022100462,2021-12-20,GSW,SAC,113,98,14400,14400,0,0,0,https://www.nba.com/game/sac-vs-gsw-0022100462
0022100463,2021-12-20,LAC,SAS,92,116,14400,14400,0,0,0,https://www.nba.com/game/sas-vs-lac-0022100463
0022100465,2021-12-21,MIA,IND,125,96,14401,14403,0,1,3,https://www.nba.com/game/ind-vs-mia-0022100465
0022100466,2021-12-21,NYK,DET,105,91,14400,14400,0,0,0,https://www.nba.com/game/det-vs-nyk-0022100466
0022100467,2021-12-21,NOP,POR,111,97,14400,14400,0,0,0,https://www.nba.com/game/por-vs-nop-0022100467
0022100468,2021-12-21,DAL,MIN,114,102,14400,14401,0,0,1,https://www.nba.com/game/min-vs-dal-0022100468
0022100469,2021-12-21,LAL,PHX,90,108,14400,14400,0,0,0,https://www.nba.com/game/phx-vs-lal-0022100469
0022100470,2021-12-22,ATL,ORL,98,104,14400,14400,0,0,0,https://www.nba.com/game/orl-vs-atl-0022100470
0022100471,2021-12-22,BOS,CLE,111,101,14400,14400,0,0,0,https://www.nba.com/game/cle-vs-bos-0022100471
0022100473,2021-12-22,MIL,HOU,126,106,14402,14400,0,2,0,https://www.nba.com/game/hou-vs-mil-0022100473
0022100474,2021-12-22,OKC,DEN,108,94,14400,14400,0,0,0,https://www.nba.com/game/den-vs-okc-0022100474
0022100475,2021-12-22,SAC,LAC,89,105,14400,14401,0,0,1,https://www.nba.com/game/lac-vs-sac-0022100475
0022100476,2021-12-23,IND,HOU,118,106,14400,14400,0,0,0,https://www.nba.com/game/hou-vs-ind-0022100476
0022100477,2021-12-23,ORL,NOP,104,110,14400,14400,0,0,0,https://www.nba.com/game/nop-vs-orl-0022100477
0022100478,2021-12-23,PHI,ATL,96,98,14401,14400,0,1,0,https://www.nba.com/game/atl-vs-phi-0022100478
0022100479,2021-12-23,MIA,DET,115,112,14400,14400,0,0,0,https://www.nba.com/game/det-vs-mia-0022100479
0022100480,2021-12-23,NYK,WAS,117,124,14400,14400,0,0,0,https://www.nba.com/game/was-vs-nyk-0022100480
0022100481,2021-12-23,DAL,MIL,95,102,14400,14400,0,0,0,https://www.nba.com/game/mil-vs-dal-0022100481
0022100482,2021-12-23,DEN,CHA,107,115,14400,14400,0,0,0,https://www.nba.com/game/cha-vs-den-0022100482
0022100483,2021-12-23,PHX,OKC,113,101,14400,14401,0,0,1,https://www.nba.com/game/okc-vs-phx-0022100483
0022100484,2021-12-23,UTA,MIN,128,116,14400,14400,0,0,0,https://www.nba.com/game/min-vs-uta-0022100484
0022100485,2021-12-23,GSW,MEM,113,104,14401,14401,0,1,1,https://www.nba.com/game/mem-vs-gsw-0022100485
0022100487,2021-12-23,LAL,SAS,110,138,14400,14400,0,0,0,https://www.nba.com/game/sas-vs-lal-0022100487
0022100488,2021-12-25,NYK,ATL,101,87,14400,14400,0,0,0,https://www.nba.com/game/atl-vs-nyk-0022100488
0022100489,2021-12-25,MIL,BOS,117,113,14400,14400,0,0,0,https://www.nba.com/game/bos-vs-mil-0022100489
0022100490,2021-12-25,PHX,GSW,107,116,14401,14400,0,1,0,https://www.nba.com/game/gsw-vs-phx-0022100490
0022100491,2021-12-25,LAL,BKN,115,122,14400,14400,0,0,0,https://www.nba.com/game/bkn-vs-lal-0022100491
0022100492,2021-12-25,UTA,DAL,120,116,14400,14401,0,0,1,https://www.nba.com/game/dal-vs-uta-0022100492
0022100493,2021-12-26,MIA,ORL,93,83,14400,14400,0,0,0,https://www.nba.com/game/orl-vs-mia-0022100493
0022100494,2021-12-26,CLE,TOR,144,99,14400,14400,0,0,0,https://www.nba.com/game/tor-vs-cle-0022100494
0022100495,2021-12-26,WAS,PHI,96,117,14401,14401,0,1,1,https://www.nba.com/game/phi-vs-was-0022100495
0022100496,2021-12-26,SAC,MEM,102,127,14401,14400,0,1,0,https://www.nba.com/game/mem-vs-sac-0022100496
0022100497,2021-12-26,OKC,NOP,117,112,14401,14400,0,1,0,https://www.nba.com/game/nop-vs-okc-0022100497
0022100498,2021-12-26,SAS,DET,144,109,14400,14400,0,0,0,https://www.nba.com/game/det-vs-sas-0022100498
0022100499,2021-12-26,CHI,IND,113,105,14400,14402,0,0,2,https://www.nba.com/game/ind-vs-chi-0022100499
0022100500,2021-12-26,LAC,DEN,100,103,14400,14400,0,0,0,https://www.nba.com/game/den-vs-lac-0022100500
0022100501,2021-12-27,CHA,HOU,123,99,14400,14400,0,0,0,https://www.nba.com/game/hou-vs-cha-0022100501
0022100502,2021-12-27,ATL,CHI,118,130,14400,14400,0,0,0,https://www.nba.com/game/chi-vs-atl-0022100502
0022100503,2021-12-27,MIN,BOS,108,103,14400,14401,0,0,1,https://www.nba.com/game/bos-vs-min-0022100503
0022100504,2021-12-27,SAS,UTA,104,110,14400,14400,0,0,0,https://www.nba.com/game/uta-vs-sas-0022100504
0022100505,2021-12-27,PHX,MEM,113,114,14400,14400,0,0,0,https://www.nba.com/game/mem-vs-phx-0022100505
0022100506,2021-12-27,POR,DAL,117,132,14400,14400,0,0,0,https://www.nba.com/game/dal-vs-por-0022100506
0022100507,2021-12-27,LAC,BKN,108,124,14399,14400,0,-1,0,https://www.nba.com/game/bkn-vs-lac-0022100507
0022100508,2021-12-28,ORL,MIL,110,127,14400,14400,0,0,0,https://www.nba.com/game/mil-vs-orl-0022100508
0022100509,2021-12-28,MIA,WAS,119,112,14400,14400,0,0,0,https://www.nba.com/game/was-vs-mia-0022100509
0022100510,2021-12-28,TOR,PHI,109,114,14400,14400,0,0,0,https://www.nba.com/game/phi-vs-tor-0022100510
0022100511,2021-12-28,HOU,LAL,123,132,14400,14400,0,0,0,https://www.nba.com/game/lal-vs-hou-0022100511
0022100512,2021-12-28,MIN,NYK,88,96,14400,14401,0,0,1,https://www.nba.com/game/nyk-vs-min-0022100512
0022100513,2021-12-28,NOP,CLE,108,104,14400,14400,0,0,0,https://www.nba.com/game/cle-vs-nop-0022100513
0022100514,2021-12-28,GSW,DEN,86,89,14401,14400,0,1,0,https://www.nba.com/game/den-vs-gsw-0022100514
0022100515,2021-12-28,SAC,OKC,117,111,14400,14400,0,0,0,https://www.nba.com/game/okc-vs-sac-0022100515
0022100516,2021-12-29,DET,NYK,85,94,14401,14400,0,1,0,https://www.nba.com/game/nyk-vs-det-0022100516
0022100517,2021-12-29,IND,CHA,108,116,14401,14400,0,1,0,https://www.nba.com/game/cha-vs-ind-0022100517
0022100518,2021-12-29,BOS,LAC,82,91,14400,14400,0,0,0,https://www.nba.com/game/lac-vs-bos-0022100518
0022100519,2021-12-29,CHI,ATL,131,117,14400,14401,0,0,1,https://www.nba.com/game/atl-vs-chi-0022100519
0022100520,2021-12-29,MEM,LAL,104,99,14400,14400,0,0,0,https://www.nba.com/game/lal-vs-mem-0022100520
0022100522,2021-12-29,PHX,OKC,115,97,14401,14401,0,1,1,https://www.nba.com/game/okc-vs-phx-0022100522
0022100523,2021-12-29,POR,UTA,105,120,14400,14400,0,0,0,https://www.nba.com/game/uta-vs-por-0022100523
0022100524,2021-12-29,SAC,DAL,95,94,14400,14400,0,0,0,https://www.nba.com/game/dal-vs-sac-0022100524
0022100525,2021-12-30,BKN,PHI,102,110,14400,14400,0,0,0,https://www.nba.com/game/phi-vs-bkn-0022100525
0022100526,2021-12-30,ORL,MIL,118,136,14400,14400,0,0,0,https://www.nba.com/game/mil-vs-orl-0022100526
0022100527,2021-12-30,WAS,CLE,110,93,14400,14400,0,0,0,https://www.nba.com/game/cle-vs-was-0022100527
0022100529,2021-12-31,BOS,PHX,123,108,14400,14400,0,0,0,https://www.nba.com/game/phx-vs-bos-0022100529
0022100530,2021-12-31,IND,CHI,106,108,14399,14400,0,-1,0,https://www.nba.com/game/chi-vs-ind-0022100530
0022100531,2021-12-31,SAC,DAL,96,112,14401,14402,0,1,2,https://www.nba.com/game/dal-vs-sac-0022100531
0022100532,2021-12-31,HOU,MIA,110,120,14400,14400,0,0,0,https://www.nba.com/game/mia-vs-hou-0022100532
0022100533,2021-12-31,CLE,ATL,118,121,14400,14400,0,0,0,https://www.nba.com/game/atl-vs-cle-0022100533
0022100534,2021-12-31,TOR,LAC,116,108,14400,14400,0,0,0,https://www.nba.com/game/lac-vs-tor-0022100534
0022100535,2021-12-31,MEM,SAS,118,105,14400,14400,0,0,0,https://www.nba.com/game/sas-vs-mem-0022100535
0022100536,2021-12-31,OKC,NYK,95,80,14400,14400,0,0,0,https://www.nba.com/game/nyk-vs-okc-0022100536
0022100537,2021-12-31,UTA,MIN,120,108,14401,14400,0,1,0,https://www.nba.com/game/min-vs-uta-0022100537
0022100538,2021-12-31,LAL,POR,139,106,14400,14400,0,0,0,https://www.nba.com/game/por-vs-lal-0022100538
0022100539,2022-01-01,MIL,NOP,136,113,14400,14400,0,0,0,https://www.nba.com/game/nop-vs-mil-0022100539
0022100540,2022-01-01,DET,SAS,117,116,15901,15900,1,1,0,https://www.nba.com/game/sas-vs-det-0022100540
0022100541,2022-01-01,WAS,CHI,119,120,14401,14401,0,1,1,https://www.nba.com/game/chi-vs-was-0022100541
0022100542,2022-01-01,BKN,LAC,116,120,14400,14400,0,0,0,https://www.nba.com/game/lac-vs-bkn-0022100542
0022100543,2022-01-01,HOU,DEN,111,124,14400,14400,0,0,0,https://www.nba.com/game/den-vs-hou-0022100543
0022100544,2022-01-01,UTA,GSW,116,123,14400,14401,0,0,1,https://www.nba.com/game/gsw-vs-uta-0022100544
0022100545,2022-01-02,TOR,NYK,120,105,14400,14400,0,0,0,https://www.nba.com/game/nyk-vs-tor-0022100545
0022100546,2022-01-02,BOS,ORL,116,111,15900,15900,1,0,0,https://www.nba.com/game/orl-vs-bos-0022100546
0022100547,2022-01-02,CLE,IND,108,104,14401,14400,0,1,0,https://www.nba.com/game/ind-vs-cle-0022100547
0022100548,2022-01-02,SAC,MIA,115,113,14400,14400,0,0,0,https://www.nba.com/game/mia-vs-sac-0022100548
0022100549,2022-01-02,CHA,PHX,99,133,14401,14400,0,1,0,https://www.nba.com/game/phx-vs-cha-0022100549
0022100550,2022-01-02,OKC,DAL,86,95,14400,14400,0,0,0,https://www.nba.com/game/dal-vs-okc-0022100550
0022100551,2022-01-02,LAL,MIN,108,103,14400,14400,0,0,0,https://www.nba.com/game/min-vs-lal-0022100551
0022100552,2022-01-03,PHI,HOU,133,113,14400,14400,0,0,0,https://www.nba.com/game/hou-vs-phi-0022100552
0022100553,2022-01-03,WAS,CHA,124,121,14400,14400,0,0,0,https://www.nba.com/game/cha-vs-was-0022100553
0022100554,2022-01-03,BKN,MEM,104,118,14401,14405,0,1,5,https://www.nba.com/game/mem-vs-bkn-0022100554
0022100555,2022-01-03,CHI,ORL,102,98,14400,14400,0,0,0,https://www.nba.com/game/orl-vs-chi-0022100555
0022100556,2022-01-03,MIL,DET,106,115,14400,14400,0,0,0,https://www.nba.com/game/det-vs-mil-0022100556
0022100557,2022-01-03,NOP,UTA,104,115,14400,14400,0,0,0,https://www.nba.com/game/uta-vs-nop-0022100557
0022100558,2022-01-03,DAL,DEN,103,89,14400,14400,0,0,0,https://www.nba.com/game/den-vs-dal-0022100558
0022100559,2022-01-03,GSW,MIA,115,108,14401,14401,0,1,1,https://www.nba.com/game/mia-vs-gsw-0022100559
0022100560,2022-01-03,POR,ATL,136,131,14400,14401,0,0,1,https://www.nba.com/game/atl-vs-por-0022100560
0022100561,2022-01-03,LAC,MIN,104,122,14400,14400,0,0,0,https://www.nba.com/game/min-vs-lac-0022100561
0022100562,2022-01-04,CLE,MEM,106,110,14400,14400,0,0,0,https://www.nba.com/game/mem-vs-cle-0022100562
0022100563,2022-01-04,TOR,SAS,129,104,14400,14400,0,0,0,https://www.nba.com/game/sas-vs-tor-0022100563
0022100564,2022-01-04,NYK,IND,104,94,14400,14400,0,0,0,https://www.nba.com/game/ind-vs-nyk-0022100564
0022100565,2022-01-04,NOP,PHX,110,123,14400,14400,0,0,0,https://www.nba.com/game/phx-vs-nop-0022100565
0022100566,2022-01-04,LAL,SAC,122,114,14401,14401,0,1,1,https://www.nba.com/game/sac-vs-lal-0022100566
0022100567,2022-01-05,CHA,DET,140,111,14400,14400,0,0,0,https://www.nba.com/game/det-vs-cha-0022100567
0022100568,2022-01-05,ORL,PHI,106,116,14400,14401,0,0,1,https://www.nba.com/game/phi-vs-orl-0022100568
0022100569,2022-01-05,WAS,HOU,111,114,14400,14400,0,0,0,https://www.nba.com/game/hou-vs-was-0022100569
0022100570,2022-01-05,BOS,SAS,97,99,14400,14400,0,0,0,https://www.nba.com/game/sas-vs-bos-0022100570
0022100571,2022-01-05,IND,BKN,121,129,14401,14401,0,1,1,https://www.nba.com/game/bkn-vs-ind-0022100571
0022100572,2022-01-05,DAL,GSW,99,82,14400,14402,0,0,2,https://www.nba.com/game/gsw-vs-dal-0022100572
0022100573,2022-01-05,MIL,TOR,111,117,14401,14400,0,1,0,https://www.nba.com/game/tor-vs-mil-0022100573
0022100574,2022-01-05,MIN,OKC,98,90,14400,14400,0,0,0,https://www.nba.com/game/okc-vs-min-0022100574
0022100575,2022-01-05,DEN,UTA,109,115,14400,14400,0,0,0,https://www.nba.com/game/uta-vs-den-0022100575
0022100576,2022-01-05,POR,MIA,109,115,14400,14400,0,0,0,https://www.nba.com/game/mia-vs-por-0022100576
0022100577,2022-01-05,SAC,ATL,102,108,14400,14401,0,0,1,https://www.nba.com/game/atl-vs-sac-0022100577
0022100578,2022-01-06,NYK,BOS,108,105,14401,14401,0,1,1,https://www.nba.com/game/bos-vs-nyk-0022100578
0022100579,2022-01-06,MEM,DET,118,88,14400,14400,0,0,0,https://www.nba.com/game/det-vs-mem-0022100579
0022100580,2022-01-06,NOP,GSW,101,96,14400,14401,0,0,1,https://www.nba.com/game/gsw-vs-nop-0022100580
0022100581,2022-01-06,PHX,LAC,106,89,14401,14401,0,1,1,https://www.nba.com/game/lac-vs-phx-0022100581
0022100582,2022-01-07,PHI,SAS,119,100,14400,14400,0,0,0,https://www.nba.com/game/sas-vs-phi-0022100582
0022100583,2022-01-07,BKN,MIL,109,121,14400,14401,0,0,1,https://www.nba.com/game/mil-vs-bkn-0022100583
0022100584,2022-01-07,TOR,UTA,122,108,14400,14400,0,0,0,https://www.nba.com/game/uta-vs-tor-0022100584
0022100585,2022-01-07,CHI,WAS,130,122,14400,14400,0,0,0,https://www.nba.com/game/was-vs-chi-0022100585
0022100586,2022-01-07,HOU,DAL,106,130,14400,14400,0,0,0,https://www.nba.com/game/dal-vs-hou-0022100586
0022100587,2022-01-07,OKC,MIN,105,135,14401,14401,0,1,1,https://www.nba.com/game/min-vs-okc-0022100587
0022100588,2022-01-07,DEN,SAC,121,111,14400,14401,0,0,1,https://www.nba.com/game/sac-vs-den-0022100588
0022100589,2022-01-07,LAL,ATL,134,118,14400,14400,0,0,0,https://www.nba.com/game/atl-vs-lal-0022100589
0022100590,2022-01-07,POR,CLE,101,114,14401,14400,0,1,0,https://www.nba.com/game/cle-vs-por-0022100590
0022100591,2022-01-08,LAC,MEM,108,123,14401,14400,0,1,0,https://www.nba.com/game/mem-vs-lac-0022100591
0022100592,2022-01-08,CHA,MIL,114,106,14400,14400,0,0,0,https://www.nba.com/game/mil-vs-cha-0022100592
0022100593,2022-01-08,DET,ORL,97,92,14400,14400,0,0,0,https://www.nba.com/game/orl-vs-det-0022100593
0022100594,2022-01-08,IND,UTA,125,113,14400,14400,0,0,0,https://www.nba.com/game/uta-vs-ind-0022100594
0022100595,2022-01-08,BOS,NYK,99,75,14400,14400,0,0,0,https://www.nba.com/game/nyk-vs-bos-0022100595
0022100596,2022-01-08,PHX,MIA,100,123,14400,14401,0,0,1,https://www.nba.com/game/mia-vs-phx-0022100596
0022100597,2022-01-09,LAC,ATL,106,93,14400,14400,0,0,0,https://www.nba.com/game/atl-vs-lac-0022100597
0022100598,2022-01-09,ORL,WAS,100,102,14400,14400,0,0,0,https://www.nba.com/game/was-vs-orl-0022100598
0022100599,2022-01-09,TOR,NOP,105,101,14400,14400,0,0,0,https://www.nba.com/game/nop-vs-tor-0022100599
0022100600,2022-01-09,HOU,MIN,123,141,14400,14400,0,0,0,https://www.nba.com/game/min-vs-hou-0022100600
0022100601,2022-01-09,OKC,DEN,95,99,14400,14400,0,0,0,https://www.nba.com/game/den-vs-okc-0022100601
0022100602,2022-01-09,BKN,SAS,121,119,15900,15900,1,0,0,https://www.nba.com/game/sas-vs-bkn-0022100602
0022100603,2022-01-09,DAL,CHI,113,99,14401,14400,0,1,0,https://www.nba.com/game/chi-vs-dal-0022100603
0022100604,2022-01-09,GSW,CLE,96,82,14400,14400,0,0,0,https://www.nba.com/game/cle-vs-gsw-0022100604
0022100605,2022-01-09,POR,SAC,103,88,14400,14400,0,0,0,https://www.nba.com/game/sac-vs-por-0022100605
0022100606,2022-01-09,LAL,MEM,119,127,14400,14400,0,0,0,https://www.nba.com/game/mem-vs-lal-0022100606
0022100486,2022-01-10,POR,BKN,114,108,14400,14400,0,0,0,https://www.nba.com/game/bkn-vs-por-0022100486
0022100607,2022-01-10,CHA,MIL,103,99,14400,14401,0,0,1,https://www.nba.com/game/mil-vs-cha-0022100607
0022100608,2022-01-10,DET,UTA,126,116,14400,14400,0,0,0,https://www.nba.com/game/uta-vs-det-0022100608
0022100609,2022-01-10,BOS,IND,101,98,15901,15900,1,1,0,https://www.nba.com/game/ind-vs-bos-0022100609
0022100610,2022-01-10,NYK,SAS,111,96,14400,14400,0,0,0,https://www.nba.com/game/sas-vs-nyk-0022100610
0022100611,2022-01-10,SAC,CLE,108,109,14401,14400,0,1,0,https://www.nba.com/game/cle-vs-sac-0022100611
0022100711,2022-01-10,HOU,PHI,91,111,14400,14400,0,0,0,https://www.nba.com/game/phi-vs-hou-0022100711
0022100415,2022-01-11,CHI,DET,133,87,14400,14400,0,0,0,https://www.nba.com/game/det-vs-chi-0022100415
0022100612,2022-01-11,WAS,OKC,122,118,14400,14400,0,0,0,https://www.nba.com/game/okc-vs-was-0022100612
0022100613,2022-01-11,TOR,PHX,95,99,14400,14399,0,0,-1,https://www.nba.com/game/phx-vs-tor-0022100613
0022100614,2022-01-11,MEM,GSW,116,108,14400,14400,0,0,0,https://www.nba.com/game/gsw-vs-mem-0022100614
0022100615,2022-01-11,NOP,MIN,128,125,14399,14401,0,-1,1,https://www.nba.com/game/min-vs-nop-0022100615
0022100616,2022-01-11,LAC,DEN,87,85,14400,14400,0,0,0,https://www.nba.com/game/den-vs-lac-0022100616
0022100618,2022-01-12,IND,BOS,100,119,14399,14400,0,-1,0,https://www.nba.com/game/bos-vs-ind-0022100618
0022100619,2022-01-12,PHI,CHA,98,109,14400,14400,0,0,0,https://www.nba.com/game/cha-vs-phi-0022100619
0022100620,2022-01-12,WAS,ORL,112,106,14400,14400,0,0,0,https://www.nba.com/game/orl-vs-was-0022100620
0022100621,2022-01-12,ATL,MIA,91,115,14400,14400,0,0,0,https://www.nba.com/game/mia-vs-atl-0022100621
0022100622,2022-01-12,NYK,DAL,108,85,14400,14400,0,0,0,https://www.nba.com/game/dal-vs-nyk-0022100622
0022100623,2022-01-12,SAS,HOU,124,128,14401,14400,0,1,0,https://www.nba.com/game/hou-vs-sas-0022100623
0022100624,2022-01-12,UTA,CLE,91,111,14400,14400,0,0,0,https://www.nba.com/game/cle-vs-uta-0022100624
0022100625,2022-01-12,CHI,BKN,112,138,14400,14400,0,0,0,https://www.nba.com/game/bkn-vs-chi-0022100625
0022100626,2022-01-12,SAC,LAL,125,116,14400,14400,0,0,0,https://www.nba.com/game/lal-vs-sac-0022100626
0022100627,2022-01-13,MIL,GSW,118,99,14400,14400,0,0,0,https://www.nba.com/game/gsw-vs-mil-0022100627
0022100628,2022-01-13,MEM,MIN,116,108,14400,14400,0,0,0,https://www.nba.com/game/min-vs-mem-0022100628
0022100629,2022-01-13,NOP,LAC,113,89,14400,14400,0,0,0,https://www.nba.com/game/lac-vs-nop-0022100629
0022100630,2022-01-13,BKN,OKC,109,130,14400,14400,0,0,0,https://www.nba.com/game/okc-vs-bkn-0022100630
0022100631,2022-01-13,DEN,POR,140,108,14400,14400,0,0,0,https://www.nba.com/game/por-vs-den-0022100631
0022100632,2022-01-14,CHA,ORL,109,116,14400,14400,0,0,0,https://www.nba.com/game/orl-vs-cha-0022100632
0022100633,2022-01-14,DET,TOR,103,87,14400,14400,0,0,0,https://www.nba.com/game/tor-vs-det-0022100633
0022100634,2022-01-14,IND,PHX,94,112,14400,14400,0,0,0,https://www.nba.com/game/phx-vs-ind-0022100634
0022100635,2022-01-14,PHI,BOS,111,99,14400,14400,0,0,0,https://www.nba.com/game/bos-vs-phi-0022100635
0022100636,2022-01-14,MIA,ATL,124,118,14400,14400,0,0,0,https://www.nba.com/game/atl-vs-mia-0022100636
0022100637,2022-01-14,CHI,GSW,96,138,14400,14400,0,0,0,https://www.nba.com/game/gsw-vs-chi-0022100637
0022100638,2022-01-14,SAS,CLE,109,114,14401,14400,0,1,0,https://www.nba.com/game/cle-vs-sas-0022100638
0022100639,2022-01-14,MEM,DAL,85,112,14400,14400,0,0,0,https://www.nba.com/game/dal-vs-mem-0022100639
0022100640,2022-01-14,SAC,HOU,126,114,14400,14400,0,0,0,https://www.nba.com/game/hou-vs-sac-0022100640
0022100641,2022-01-15,MIL,TOR,96,103,14400,14401,0,0,1,https://www.nba.com/game/tor-vs-mil-0022100641
0022100642,2022-01-15,WAS,POR,110,115,14400,14400,0,0,0,https://www.nba.com/game/por-vs-was-0022100642
0022100643,2022-01-15,ATL,NYK,108,117,14400,14400,0,0,0,https://www.nba.com/game/nyk-vs-atl-0022100643
0022100644,2022-01-15,BKN,NOP,120,105,14400,14400,0,0,0,https://www.nba.com/game/nop-vs-bkn-0022100644
0022100645,2022-01-15,MIA,PHI,98,109,14400,14400,0,0,0,https://www.nba.com/game/phi-vs-mia-0022100645
0022100646,2022-01-15,OKC,CLE,102,107,14401,14400,0,1,0,https://www.nba.com/game/cle-vs-okc-0022100646
0022100647,2022-01-15,BOS,CHI,114,112,14400,14400,0,0,0,https://www.nba.com/game/chi-vs-bos-0022100647
0022100648,2022-01-15,SAS,LAC,101,94,14400,14400,0,0,0,https://www.nba.com/game/lac-vs-sas-0022100648
0022100649,2022-01-15,DEN,LAL,133,96,14400,14400,0,0,0,https://www.nba.com/game/lal-vs-den-0022100649
0022100650,2022-01-15,DAL,ORL,108,92,14400,14400,0,0,0,https://www.nba.com/game/orl-vs-dal-0022100650
0022100617,2022-01-16,DET,PHX,108,135,14401,14400,0,1,0,https://www.nba.com/game/phx-vs-det-0022100617
0022100651,2022-01-16,SAC,HOU,112,118,14400,14401,0,0,1,https://www.nba.com/game/hou-vs-sac-0022100651
0022100652,2022-01-16,MIN,GSW,119,99,14400,14400,0,0,0,https://www.nba.com/game/gsw-vs-min-0022100652
0022100653,2022-01-16,DEN,UTA,102,125,14400,14400,0,0,0,https://www.nba.com/game/uta-vs-den-0022100653
0022100654,2022-01-17,BOS,NOP,104,92,14400,14400,0,0,0,https://www.nba.com/game/nop-vs-bos-0022100654
0022100655,2022-01-17,NYK,CHA,87,97,14400,14400,0,0,0,https://www.nba.com/game/cha-vs-nyk-0022100655
0022100656,2022-01-17,WAS,PHI,117,98,14400,14400,0,0,0,https://www.nba.com/game/phi-vs-was-0022100656
0022100657,2022-01-17,CLE,BKN,114,107,14401,14400,0,1,0,https://www.nba.com/game/bkn-vs-cle-0022100657
0022100658,2022-01-17,MEM,CHI,119,106,14400,14400,0,0,0,https://www.nba.com/game/chi-vs-mem-0022100658
0022100659,2022-01-17,LAC,IND,139,133,14400,14400,0,0,0,https://www.nba.com/game/ind-vs-lac-0022100659
0022100660,2022-01-17,ATL,MIL,121,114,14401,14400,0,1,0,https://www.nba.com/game/mil-vs-atl-0022100660
0022100661,2022-01-17,ORL,POR,88,98,14400,14400,0,0,0,https://www.nba.com/game/por-vs-orl-0022100661
0022100662,2022-01-17,MIA,TOR,104,99,14400,14400,0,0,0,https://www.nba.com/game/tor-vs-mia-0022100662
0022100663,2022-01-17,DAL,OKC,104,102,14400,14400,0,0,0,https://www.nba.com/game/okc-vs-dal-0022100663
0022100664,2022-01-17,SAS,PHX,107,121,14400,14400,0,0,0,https://www.nba.com/game/phx-vs-sas-0022100664
0022100665,2022-01-17,LAL,UTA,101,95,14400,14400,0,0,0,https://www.nba.com/game/uta-vs-lal-0022100665
0022100666,2022-01-18,NYK,MIN,110,112,14400,14401,0,0,1,https://www.nba.com/game/min-vs-nyk-0022100666
0022100667,2022-01-18,GSW,DET,102,86,14400,14400,0,0,0,https://www.nba.com/game/det-vs-gsw-0022100667
0022100668,2022-01-19,PHI,ORL,123,110,14400,14400,0,0,0,https://www.nba.com/game/orl-vs-phi-0022100668
0022100669,2022-01-19,WAS,BKN,118,119,14400,14400,0,0,0,https://www.nba.com/game/bkn-vs-was-0022100669
0022100670,2022-01-19,ATL,MIN,134,122,14400,14400,0,0,0,https://www.nba.com/game/min-vs-atl-0022100670
0022100671,2022-01-19,BOS,CHA,102,111,14400,14400,0,0,0,https://www.nba.com/game/cha-vs-bos-0022100671
0022100672,2022-01-19,MIA,POR,104,92,14400,14400,0,0,0,https://www.nba.com/game/por-vs-mia-0022100672
0022100673,2022-01-19,CHI,CLE,117,104,14400,14400,0,0,0,https://www.nba.com/game/cle-vs-chi-0022100673
0022100674,2022-01-19,MIL,MEM,126,114,14401,14400,0,1,0,https://www.nba.com/game/mem-vs-mil-0022100674
0022100675,2022-01-19,DAL,TOR,102,98,14400,14400,0,0,0,https://www.nba.com/game/tor-vs-dal-0022100675
0022100676,2022-01-19,SAS,OKC,118,96,14400,14400,0,0,0,https://www.nba.com/game/okc-vs-sas-0022100676
0022100677,2022-01-19,UTA,HOU,111,116,14400,14400,0,0,0,https://www.nba.com/game/hou-vs-uta-0022100677
0022100678,2022-01-19,DEN,LAC,130,128,15900,15900,1,0,0,https://www.nba.com/game/lac-vs-den-0022100678
0022100679,2022-01-19,SAC,DET,131,133,14401,14401,0,1,1,https://www.nba.com/game/det-vs-sac-0022100679
0022100680,2022-01-19,LAL,IND,104,111,14401,14400,0,1,0,https://www.nba.com/game/ind-vs-lal-0022100680
0022100681,2022-01-20,NYK,NOP,91,102,14400,14400,0,0,0,https://www.nba.com/game/nop-vs-nyk-0022100681
0022100682,2022-01-20,DAL,PHX,101,109,14400,14400,0,0,0,https://www.nba.com/game/phx-vs-dal-0022100682
0022100683,2022-01-20,GSW,IND,117,121,15900,15900,1,0,0,https://www.nba.com/game/ind-vs-gsw-0022100683
0022100684,2022-01-21,CHA,OKC,121,98,14401,14400,0,1,0,https://www.nba.com/game/okc-vs-cha-0022100684
0022100685,2022-01-21,ORL,LAL,105,116,14400,14400,0,0,0,https://www.nba.com/game/lal-vs-orl-0022100685
0022100686,2022-01-21,PHI,LAC,101,102,14400,14400,0,0,0,https://www.nba.com/game/lac-vs-phi-0022100686
0022100687,2022-01-21,ATL,MIA,110,108,14400,14399,0,0,-1,https://www.nba.com/game/mia-vs-atl-0022100687
0022100688,2022-01-21,BOS,POR,105,109,14401,14400,0,1,0,https://www.nba.com/game/por-vs-bos-0022100688
0022100689,2022-01-21,WAS,TOR,105,109,14400,14400,0,0,0,https://www.nba.com/game/tor-vs-was-0022100689
0022100690,2022-01-21,MIL,CHI,94,90,14400,14400,0,0,0,https://www.nba.com/game/chi-vs-mil-0022100690
0022100691,2022-01-21,SAS,BKN,102,117,14400,14400,0,0,0,https://www.nba.com/game/bkn-vs-sas-0022100691
0022100692,2022-01-21,DEN,MEM,118,122,14400,14400,0,0,0,https://www.nba.com/game/mem-vs-den-0022100692
0022100693,2022-01-21,UTA,DET,111,101,14400,14400,0,0,0,https://www.nba.com/game/det-vs-uta-0022100693
0022100694,2022-01-21,GSW,HOU,105,103,14400,14400,0,0,0,https://www.nba.com/game/hou-vs-gsw-0022100694
0022100695,2022-01-22,CLE,OKC,94,87,14400,14400,0,0,0,https://www.nba.com/game/okc-vs-cle-0022100695
0022100696,2022-01-22,MIL,SAC,133,127,14401,14400,0,1,0,https://www.nba.com/game/sac-vs-mil-0022100696
0022100697,2022-01-22,PHX,IND,113,103,14400,14400,0,0,0,https://www.nba.com/game/ind-vs-phx-0022100697
0022100698,2022-01-23,NYK,LAC,110,102,14400,14400,0,0,0,https://www.nba.com/game/lac-vs-nyk-0022100698
0022100699,2022-01-23,WAS,BOS,87,116,14400,14400,0,0,0,https://www.nba.com/game/bos-vs-was-0022100699
0022100700,2022-01-23,MIA,LAL,113,107,14401,14401,0,1,1,https://www.nba.com/game/lal-vs-mia-0022100700
0022100701,2022-01-23,ORL,CHI,114,95,14400,14401,0,0,1,https://www.nba.com/game/chi-vs-orl-0022100701
0022100702,2022-01-23,TOR,POR,105,114,14401,14400,0,1,0,https://www.nba.com/game/por-vs-tor-0022100702
0022100703,2022-01-23,CHA,ATL,91,113,14400,14401,0,0,1,https://www.nba.com/game/atl-vs-cha-0022100703
0022100704,2022-01-23,SAS,PHI,109,115,14400,14400,0,0,0,https://www.nba.com/game/phi-vs-sas-0022100704
0022100705,2022-01-23,DAL,MEM,104,91,14400,14400,0,0,0,https://www.nba.com/game/mem-vs-dal-0022100705
0022100706,2022-01-23,MIN,BKN,136,125,14400,14401,0,0,1,https://www.nba.com/game/bkn-vs-min-0022100706
0022100707,2022-01-23,DEN,DET,117,111,14400,14400,0,0,0,https://www.nba.com/game/det-vs-den-0022100707
0022100708,2022-01-23,GSW,UTA,94,92,14400,14400,0,0,0,https://www.nba.com/game/uta-vs-gsw-0022100708
0022100709,2022-01-24,CLE,NYK,95,93,14399,14400,0,-1,0,https://www.nba.com/game/nyk-vs-cle-0022100709
0022100712,2022-01-24,NOP,IND,117,113,14400,14400,0,0,0,https://www.nba.com/game/ind-vs-nop-0022100712
0022100713,2022-01-24,PHX,UTA,115,109,14400,14400,0,0,0,https://www.nba.com/game/uta-vs-phx-0022100713
0022100730,2022-01-24,OKC,CHI,110,111,14402,14401,0,2,1,https://www.nba.com/game/chi-vs-okc-0022100730
0022100454,2022-01-25,PHI,NOP,117,107,14400,14400,0,0,0,https://www.nba.com/game/nop-vs-phi-0022100454
0022100714,2022-01-25,DET,DEN,105,110,14400,14400,0,0,0,https://www.nba.com/game/den-vs-det-0022100714
0022100715,2022-01-25,TOR,CHA,125,113,14400,14400,0,0,0,https://www.nba.com/game/cha-vs-tor-0022100715
0022100716,2022-01-25,WAS,LAC,115,116,14400,14400,0,0,0,https://www.nba.com/game/lac-vs-was-0022100716
0022100717,2022-01-25,BOS,SAC,128,75,14400,14400,0,0,0,https://www.nba.com/game/sac-vs-bos-0022100717
0022100718,2022-01-25,BKN,LAL,96,106,14401,14401,0,1,1,https://www.nba.com/game/lal-vs-bkn-0022100718
0022100719,2022-01-25,HOU,SAS,104,134,14400,14400,0,0,0,https://www.nba.com/game/sas-vs-hou-0022100719
0022100720,2022-01-25,GSW,DAL,130,92,14401,14400,0,1,0,https://www.nba.com/game/dal-vs-gsw-0022100720
0022100721,2022-01-25,POR,MIN,107,109,14400,14400,0,0,0,https://www.nba.com/game/min-vs-por-0022100721
0022100453,2022-01-26,BKN,DEN,118,124,14401,14401,0,1,1,https://www.nba.com/game/den-vs-bkn-0022100453
0022100472,2022-01-26,CHI,TOR,111,105,14400,14400,0,0,0,https://www.nba.com/game/tor-vs-chi-0022100472
0022100722,2022-01-26,CLE,MIL,115,99,14400,14400,0,0,0,https://www.nba.com/game/mil-vs-cle-0022100722
0022100723,2022-01-26,IND,CHA,126,158,14400,14400,0,0,0,https://www.nba.com/game/cha-vs-ind-0022100723
0022100724,2022-01-26,ORL,LAC,102,111,14401,14400,0,1,0,https://www.nba.com/game/lac-vs-orl-0022100724
0022100725,2022-01-26,ATL,SAC,121,104,14400,14400,0,0,0,https://www.nba.com/game/sac-vs-atl-0022100725
0022100727,2022-01-26,MIA,NYK,110,96,14399,14400,0,-1,0,https://www.nba.com/game/nyk-vs-mia-0022100727
0022100728,2022-01-26,SAS,MEM,110,118,14400,14400,0,0,0,https://www.nba.com/game/mem-vs-sas-0022100728
0022100731,2022-01-26,UTA,PHX,97,105,14400,14400,0,0,0,https://www.nba.com/game/phx-vs-uta-0022100731
0022100732,2022-01-26,POR,DAL,112,132,14400,14400,0,0,0,https://www.nba.com/game/dal-vs-por-0022100732
0022100733,2022-01-27,PHI,LAL,105,87,14400,14400,0,0,0,https://www.nba.com/game/lal-vs-phi-0022100733
0022100734,2022-01-27,GSW,MIN,124,115,14401,14400,0,1,0,https://www.nba.com/game/min-vs-gsw-0022100734
0022100729,2022-01-28,NOP,DEN,105,116,14400,14400,0,0,0,https://www.nba.com/game/den-vs-nop-0022100729
0022100735,2022-01-28,CHA,LAL,117,114,14401,14400,0,1,0,https://www.nba.com/game/lal-vs-cha-0022100735
0022100736,2022-01-28,ORL,DET,119,103,14400,14400,0,0,0,https://www.nba.com/game/det-vs-orl-0022100736
0022100737,2022-01-28,ATL,BOS,108,92,14400,14400,0,0,0,https://www.nba.com/game/bos-vs-atl-0022100737
0022100738,2022-01-28,MIA,LAC,121,114,14400,14400,0,0,0,https://www.nba.com/game/lac-vs-mia-0022100738
0022100739,2022-01-28,HOU,POR,110,125,14400,14400,0,0,0,https://www.nba.com/game/por-vs-hou-0022100739
0022100740,2022-01-28,MEM,UTA,119,109,14400,14400,0,0,0,https://www.nba.com/game/uta-vs-mem-0022100740
0022100741,2022-01-28,OKC,IND,110,113,15901,15901,1,1,1,https://www.nba.com/game/ind-vs-okc-0022100741
0022100742,2022-01-28,SAS,CHI,131,122,14400,14400,0,0,0,https://www.nba.com/game/chi-vs-sas-0022100742
0022100743,2022-01-28,PHX,MIN,134,124,14401,14400,0,1,0,https://www.nba.com/game/min-vs-phx-0022100743
0022100744,2022-01-28,MIL,NYK,123,108,14400,14400,0,0,0,https://www.nba.com/game/nyk-vs-mil-0022100744
0022100745,2022-01-29,NOP,BOS,97,107,14400,14400,0,0,0,https://www.nba.com/game/bos-vs-nop-0022100745
0022100746,2022-01-29,DAL,IND,132,105,14400,14401,0,0,1,https://www.nba.com/game/ind-vs-dal-0022100746
0022100747,2022-01-29,PHI,SAC,103,101,14400,14400,0,0,0,https://www.nba.com/game/sac-vs-phi-0022100747
0022100748,2022-01-29,MIA,TOR,120,124,18900,18900,3,0,0,https://www.nba.com/game/tor-vs-mia-0022100748
0022100749,2022-01-29,MEM,WAS,115,95,14400,14400,0,0,0,https://www.nba.com/game/was-vs-mem-0022100749
0022100750,2022-01-29,GSW,BKN,110,106,14400,14400,0,0,0,https://www.nba.com/game/bkn-vs-gsw-0022100750
0022100751,2022-01-30,ATL,LAL,129,121,14400,14401,0,0,1,https://www.nba.com/game/lal-vs-atl-0022100751
0022100752,2022-01-30,CHA,LAC,90,115,14400,14400,0,0,0,https://www.nba.com/game/lac-vs-cha-0022100752
0022100753,2022-01-30,CHI,POR,130,116,14400,14400,0,0,0,https://www.nba.com/game/por-vs-chi-0022100753
0022100754,2022-01-30,DET,CLE,115,105,14400,14401,0,0,1,https://www.nba.com/game/cle-vs-det-0022100754
0022100755,2022-01-30,ORL,DAL,110,108,14400,14400,0,0,0,https://www.nba.com/game/dal-vs-orl-0022100755
0022100756,2022-01-30,MIL,DEN,100,136,14400,14402,0,0,2,https://www.nba.com/game/den-vs-mil-0022100756
0022100757,2022-01-30,MIN,UTA,126,106,14400,14400,0,0,0,https://www.nba.com/game/uta-vs-min-0022100757
0022100758,2022-01-30,PHX,SAS,115,110,14400,14400,0,0,0,https://www.nba.com/game/sas-vs-phx-0022100758
0022100759,2022-01-31,CLE,NOP,93,90,14399,14401,0,-1,1,https://www.nba.com/game/nop-vs-cle-0022100759
0022100760,2022-01-31,IND,LAC,122,116,14400,14400,0,0,0,https://www.nba.com/game/lac-vs-ind-0022100760
0022100761,2022-01-31,PHI,MEM,122,119,15900,15900,1,0,0,https://www.nba.com/game/mem-vs-phi-0022100761
0022100762,2022-01-31,BOS,MIA,122,92,14400,14400,0,0,0,https://www.nba.com/game/mia-vs-bos-0022100762
0022100763,2022-01-31,NYK,SAC,116,96,14400,14400,0,0,0,https://www.nba.com/game/sac-vs-nyk-0022100763
0022100764,2022-01-31,HOU,GSW,108,122,14400,14400,0,0,0,https://www.nba.com/game/gsw-vs-hou-0022100764
0022100765,2022-01-31,OKC,POR,98,81,14400,14400,0,0,0,https://www.nba.com/game/por-vs-okc-0022100765
0022100767,2022-01-31,ATL,TOR,100,106,14400,14400,0,0,0,https://www.nba.com/game/tor-vs-atl-0022100767
0022100766,2022-02-01,DET,NOP,101,111,14400,14400,0,0,0,https://www.nba.com/game/nop-vs-det-0022100766
0022100768,2022-02-01,MIL,WAS,112,98,14400,14401,0,0,1,https://www.nba.com/game/was-vs-mil-0022100768
0022100769,2022-02-01,CHI,ORL,126,115,14400,14400,0,0,0,https://www.nba.com/game/orl-vs-chi-0022100769
0022100770,2022-02-01,MIN,DEN,130,115,14400,14400,0,0,0,https://www.nba.com/game/den-vs-min-0022100770
0022100771,2022-02-01,SAS,GSW,120,124,14400,14400,0,0,0,https://www.nba.com/game/gsw-vs-sas-0022100771
0022100772,2022-02-01,PHX,BKN,121,111,14400,14400,0,0,0,https://www.nba.com/game/bkn-vs-phx-0022100772
0022100784,2022-02-01,TOR,MIA,110,106,14401,14400,0,1,0,https://www.nba.com/game/mia-vs-tor-0022100784
0022100773,2022-02-02,IND,ORL,118,119,14400,14400,0,0,0,https://www.nba.com/game/orl-vs-ind-0022100773
0022100774,2022-02-02,PHI,WAS,103,106,14400,14400,0,0,0,https://www.nba.com/game/was-vs-phi-0022100774
0022100775,2022-02-02,BOS,CHA,113,107,14401,14400,0,1,0,https://www.nba.com/game/cha-vs-bos-0022100775
0022100776,2022-02-02,NYK,MEM,108,120,14401,14400,0,1,0,https://www.nba.com/game/mem-vs-nyk-0022100776
0022100777,2022-02-02,HOU,CLE,115,104,14400,14400,0,0,0,https://www.nba.com/game/cle-vs-hou-0022100777
0022100778,2022-02-02,DAL,OKC,114,120,15900,15901,1,0,1,https://www.nba.com/game/okc-vs-dal-0022100778
0022100779,2022-02-02,UTA,DEN,108,104,14400,14400,0,0,0,https://www.nba.com/game/den-vs-uta-0022100779
0022100780,2022-02-02,SAC,BKN,112,101,14400,14400,0,0,0,https://www.nba.com/game/bkn-vs-sac-0022100780
0022100781,2022-02-02,LAL,POR,99,94,14400,14401,0,0,1,https://www.nba.com/game/por-vs-lal-0022100781
0022100430,2022-02-03,TOR,CHI,127,120,15900,15900,1,0,0,https://www.nba.com/game/chi-vs-tor-0022100430
0022100521,2022-02-03,SAS,MIA,95,112,14400,14399,0,0,-1,https://www.nba.com/game/mia-vs-sas-0022100521
0022100782,2022-02-03,DET,MIN,117,128,14400,14400,0,0,0,https://www.nba.com/game/min-vs-det-0022100782
0022100783,2022-02-03,ATL,PHX,124,115,14400,14401,0,0,1,https://www.nba.com/game/phx-vs-atl-0022100783
0022100785,2022-02-03,GSW,SAC,126,114,14400,14400,0,0,0,https://www.nba.com/game/sac-vs-gsw-0022100785
0022100786,2022-02-03,LAC,LAL,111,110,14400,14400,0,0,0,https://www.nba.com/game/lal-vs-lac-0022100786
0022100787,2022-02-04,CHA,CLE,101,102,14400,14400,0,0,0,https://www.nba.com/game/cle-vs-cha-0022100787
0022100788,2022-02-04,DET,BOS,93,102,14400,14402,0,0,2,https://www.nba.com/game/bos-vs-det-0022100788
0022100789,2022-02-04,IND,CHI,115,122,14400,14400,0,0,0,https://www.nba.com/game/chi-vs-ind-0022100789
0022100790,2022-02-04,TOR,ATL,125,114,14400,14400,0,0,0,https://www.nba.com/game/atl-vs-tor-0022100790
0022100791,2022-02-04,DAL,PHI,107,98,14400,14400,0,0,0,https://www.nba.com/game/phi-vs-dal-0022100791
0022100792,2022-02-04,SAS,HOU,131,106,14400,14400,0,0,0,https://www.nba.com/game/hou-vs-sas-0022100792
0022100793,2022-02-04,UTA,BKN,125,102,14400,14400,0,0,0,https://www.nba.com/game/bkn-vs-uta-0022100793
0022100794,2022-02-04,DEN,NOP,105,113,14400,14400,0,0,0,https://www.nba.com/game/nop-vs-den-0022100794
0022100795,2022-02-04,POR,OKC,93,96,14400,14400,0,0,0,https://www.nba.com/game/okc-vs-por-0022100795
0022100796,2022-02-05,ORL,MEM,115,135,14400,14400,0,0,0,https://www.nba.com/game/mem-vs-orl-0022100796
0022100797,2022-02-05,CHA,MIA,86,104,14400,14400,0,0,0,https://www.nba.com/game/mia-vs-cha-0022100797
0022100798,2022-02-05,WAS,PHX,80,95,14401,14401,0,1,1,https://www.nba.com/game/phx-vs-was-0022100798
0022100799,2022-02-05,LAL,NYK,122,115,15900,15900,1,0,0,https://www.nba.com/game/nyk-vs-lal-0022100799
0022100800,2022-02-05,POR,MIL,108,137,14400,14400,0,0,0,https://www.nba.com/game/mil-vs-por-0022100800
0022100801,2022-02-05,SAC,OKC,113,103,14401,14400,0,1,0,https://www.nba.com/game/okc-vs-sac-0022100801
0022100802,2022-02-06,CHI,PHI,108,119,14400,14400,0,0,0,https://www.nba.com/game/phi-vs-chi-0022100802
0022100803,2022-02-06,MIN,DET,118,105,14400,14401,0,0,1,https://www.nba.com/game/det-vs-min-0022100803
0022100804,2022-02-06,DEN,BKN,124,104,14400,14400,0,0,0,https://www.nba.com/game/bkn-vs-den-0022100804
0022100805,2022-02-06,CLE,IND,98,85,14400,14400,0,0,0,https://www.nba.com/game/ind-vs-cle-0022100805
0022100806,2022-02-06,ORL,BOS,83,116,14400,14400,0,0,0,https://www.nba.com/game/bos-vs-orl-0022100806
0022100807,2022-02-06,DAL,ATL,103,94,14400,14400,0,0,0,https://www.nba.com/game/atl-vs-dal-0022100807
0022100808,2022-02-06,HOU,NOP,107,120,14400,14401,0,0,1,https://www.nba.com/game/nop-vs-hou-0022100808
0022100809,2022-02-06,LAC,MIL,113,137,14400,14399,0,0,-1,https://www.nba.com/game/mil-vs-lac-0022100809
0022100810,2022-02-07,CHA,TOR,101,116,14400,14400,0,0,0,https://www.nba.com/game/tor-vs-cha-0022100810
0022100811,2022-02-07,WAS,MIA,100,121,14400,14400,0,0,0,https://www.nba.com/game/mia-vs-was-0022100811
0022100812,2022-02-07,CHI,PHX,124,127,14400,14400,0,0,0,https://www.nba.com/game/phx-vs-chi-0022100812
0022100813,2022-02-07,OKC,GSW,98,110,14400,14400,0,0,0,https://www.nba.com/game/gsw-vs-okc-0022100813
0022100814,2022-02-07,UTA,NYK,113,104,14400,14400,0,0,0,https://www.nba.com/game/nyk-vs-uta-0022100814
0022100815,2022-02-08,PHI,PHX,109,114,14400,14400,0,0,0,https://www.nba.com/game/phx-vs-phi-0022100815
0022100816,2022-02-08,ATL,IND,133,112,14400,14401,0,0,1,https://www.nba.com/game/ind-vs-atl-0022100816
0022100817,2022-02-08,BKN,BOS,91,126,14400,14400,0,0,0,https://www.nba.com/game/bos-vs-bkn-0022100817
0022100818,2022-02-08,MEM,LAC,135,109,14400,14400,0,0,0,https://www.nba.com/game/lac-vs-mem-0022100818
0022100819,2022-02-08,NOP,HOU,110,97,14400,14399,0,0,-1,https://www.nba.com/game/hou-vs-nop-0022100819
0022100820,2022-02-08,DAL,DET,116,86,14400,14400,0,0,0,https://www.nba.com/game/det-vs-dal-0022100820
0022100821,2022-02-08,DEN,NYK,132,115,14400,14400,0,0,0,https://www.nba.com/game/nyk-vs-den-0022100821
0022100822,2022-02-08,LAL,MIL,116,131,14401,14400,0,1,0,https://www.nba.com/game/mil-vs-lal-0022100822
0022100823,2022-02-08,POR,ORL,95,113,14400,14400,0,0,0,https://www.nba.com/game/orl-vs-por-0022100823
0022100824,2022-02-08,SAC,MIN,114,134,14400,14400,0,0,0,https://www.nba.com/game/min-vs-sac-0022100824
0022100825,2022-02-09,CLE,SAS,105,92,14400,14400,0,0,0,https://www.nba.com/game/sas-vs-cle-0022100825
0022100826,2022-02-09,CHA,CHI,109,121,14400,14400,0,0,0,https://www.nba.com/game/chi-vs-cha-0022100826
0022100827,2022-02-09,OKC,TOR,98,117,14400,14400,0,0,0,https://www.nba.com/game/tor-vs-okc-0022100827
0022100828,2022-02-09,UTA,GSW,111,85,14400,14400,0,0,0,https://www.nba.com/game/gsw-vs-uta-0022100828
0022100829,2022-02-09,POR,LAL,107,105,14400,14400,0,0,0,https://www.nba.com/game/lal-vs-por-0022100829
0022100830,2022-02-09,SAC,MIN,132,119,14400,14401,0,0,1,https://www.nba.com/game/min-vs-sac-0022100830
0022100831,2022-02-10,DET,MEM,107,132,14400,14400,0,0,0,https://www.nba.com/game/mem-vs-det-0022100831
0022100832,2022-02-10,WAS,BKN,113,112,14400,14400,0,0,0,https://www.nba.com/game/bkn-vs-was-0022100832
0022100833,2022-02-10,NOP,MIA,97,112,14402,14400,0,2,0,https://www.nba.com/game/mia-vs-nop-0022100833
0022100834,2022-02-10,HOU,TOR,120,139,14400,14400,0,0,0,https://www.nba.com/game/tor-vs-hou-0022100834
0022100835,2022-02-10,DAL,LAC,112,105,14400,14400,0,0,0,https://www.nba.com/game/lac-vs-dal-0022100835
0022100836,2022-02-10,PHX,MIL,131,107,14400,14400,0,0,0,https://www.nba.com/game/mil-vs-phx-0022100836
0022100837,2022-02-10,GSW,NYK,114,116,14401,14401,0,1,1,https://www.nba.com/game/nyk-vs-gsw-0022100837
0022100838,2022-02-11,DET,CHA,119,141,14400,14400,0,0,0,https://www.nba.com/game/cha-vs-det-0022100838
0022100839,2022-02-11,IND,CLE,113,120,14400,14399,0,0,-1,https://www.nba.com/game/cle-vs-ind-0022100839
0022100840,2022-02-11,PHI,OKC,100,87,14403,14400,0,3,0,https://www.nba.com/game/okc-vs-phi-0022100840
0022100841,2022-02-11,ATL,SAS,121,136,14400,14400,0,0,0,https://www.nba.com/game/sas-vs-atl-0022100841
0022100842,2022-02-11,BOS,DEN,108,102,14400,14400,0,0,0,https://www.nba.com/game/den-vs-bos-0022100842
0022100843,2022-02-11,CHI,MIN,134,122,14400,14400,0,0,0,https://www.nba.com/game/min-vs-chi-0022100843
0022100844,2022-02-11,UTA,ORL,114,99,14401,14400,0,1,0,https://www.nba.com/game/orl-vs-uta-0022100844
0022100845,2022-02-12,POR,NYK,112,103,14400,14400,0,0,0,https://www.nba.com/game/nyk-vs-por-0022100845
0022100846,2022-02-12,CHA,MEM,118,125,14400,14400,0,0,0,https://www.nba.com/game/mem-vs-cha-0022100846
0022100847,2022-02-12,WAS,SAC,110,123,14400,14401,0,0,1,https://www.nba.com/game/sac-vs-was-0022100847
0022100848,2022-02-12,NOP,SAS,114,124,14400,14400,0,0,0,https://www.nba.com/game/sas-vs-nop-0022100848
0022100849,2022-02-12,PHI,CLE,103,93,14400,14400,0,0,0,https://www.nba.com/game/cle-vs-phi-0022100849
0022100850,2022-02-12,TOR,DEN,109,110,14400,14400,0,0,0,https://www.nba.com/game/den-vs-tor-0022100850
0022100851,2022-02-12,MIA,BKN,115,111,14400,14400,0,0,0,https://www.nba.com/game/bkn-vs-mia-0022100851
0022100852,2022-02-12,CHI,OKC,106,101,14400,14400,0,0,0,https://www.nba.com/game/okc-vs-chi-0022100852
0022100853,2022-02-12,DAL,LAC,97,99,14400,14401,0,0,1,https://www.nba.com/game/lac-vs-dal-0022100853
0022100854,2022-02-12,GSW,LAL,117,115,14401,14400,0,1,0,https://www.nba.com/game/lal-vs-gsw-0022100854
0022100855,2022-02-12,PHX,ORL,132,105,14400,14400,0,0,0,https://www.nba.com/game/orl-vs-phx-0022100855
0022100856,2022-02-13,BOS,ATL,105,95,14400,14400,0,0,0,https://www.nba.com/game/atl-vs-bos-0022100856
0022100857,2022-02-13,IND,MIN,120,129,14400,14400,0,0,0,https://www.nba.com/game/min-vs-ind-0022100857
0022100858,2022-02-14,WAS,DET,103,94,14400,14400,0,0,0,https://www.nba.com/game/det-vs-was-0022100858
0022100859,2022-02-14,BKN,SAC,109,85,14400,14400,0,0,0,https://www.nba.com/game/sac-vs-bkn-0022100859
0022100860,2022-02-14,NYK,OKC,123,127,15900,15900,1,0,0,https://www.nba.com/game/okc-vs-nyk-0022100860
0022100861,2022-02-14,CHI,SAS,120,109,14400,14400,0,0,0,https://www.nba.com/game/sas-vs-chi-0022100861
0022100862,2022-02-14,MIL,POR,107,122,14400,14400,0,0,0,https://www.nba.com/game/por-vs-mil-0022100862
0022100863,2022-02-14,NOP,TOR,120,90,14400,14400,0,0,0,https://www.nba.com/game/tor-vs-nop-0022100863
0022100864,2022-02-14,DEN,ORL,121,111,14400,14400,0,0,0,https://www.nba.com/game/orl-vs-den-0022100864
0022100865,2022-02-14,UTA,HOU,135,101,14400,14400,0,0,0,https://www.nba.com/game/hou-vs-uta-0022100865
0022100866,2022-02-14,LAC,GSW,119,104,14400,14400,0,0,0,https://www.nba.com/game/gsw-vs-lac-0022100866
0022100867,2022-02-15,ATL,CLE,124,116,14400,14400,0,0,0,https://www.nba.com/game/cle-vs-atl-0022100867
0022100868,2022-02-15,MIA,DAL,99,107,14400,14400,0,0,0,https://www.nba.com/game/dal-vs-mia-0022100868
0022100869,2022-02-15,PHI,BOS,87,135,14400,14400,0,0,0,https://www.nba.com/game/bos-vs-phi-0022100869
0022100870,2022-02-15,MIL,IND,128,119,14400,14400,0,0,0,https://www.nba.com/game/ind-vs-mil-0022100870
0022100871,2022-02-15,MIN,CHA,126,120,15900,15900,1,0,0,https://www.nba.com/game/cha-vs-min-0022100871
0022100872,2022-02-15,NOP,MEM,109,121,14400,14400,0,0,0,https://www.nba.com/game/mem-vs-nop-0022100872
0022100873,2022-02-15,PHX,LAC,103,96,14401,14400,0,1,0,https://www.nba.com/game/lac-vs-phx-0022100873
0022100874,2022-02-16,ORL,ATL,109,130,14400,14400,0,0,0,https://www.nba.com/game/atl-vs-orl-0022100874
0022100875,2022-02-16,BOS,DET,111,112,14400,14400,0,0,0,https://www.nba.com/game/det-vs-bos-0022100875
0022100876,2022-02-16,IND,WAS,113,108,14400,14400,0,0,0,https://www.nba.com/game/was-vs-ind-0022100876
0022100877,2022-02-16,NYK,BKN,106,111,14400,14400,0,0,0,https://www.nba.com/game/bkn-vs-nyk-0022100877
0022100878,2022-02-16,CHI,SAC,125,118,14401,14400,0,1,0,https://www.nba.com/game/sac-vs-chi-0022100878
0022100879,2022-02-16,MEM,POR,119,123,14400,14400,0,0,0,https://www.nba.com/game/por-vs-mem-0022100879
0022100880,2022-02-16,MIN,TOR,91,103,14400,14400,0,0,0,https://www.nba.com/game/tor-vs-min-0022100880
0022100881,2022-02-16,OKC,SAS,106,114,14400,14400,0,0,0,https://www.nba.com/game/sas-vs-okc-0022100881
0022100882,2022-02-16,PHX,HOU,124,121,14401,14400,0,1,0,https://www.nba.com/game/hou-vs-phx-0022100882
0022100883,2022-02-16,GSW,DEN,116,117,14400,14400,0,0,0,https://www.nba.com/game/den-vs-gsw-0022100883
0022100884,2022-02-16,LAL,UTA,106,101,14400,14400,0,0,0,https://www.nba.com/game/uta-vs-lal-0022100884
0022100464,2022-02-17,BKN,WAS,103,117,14400,14400,0,0,0,https://www.nba.com/game/was-vs-bkn-0022100464
0022100885,2022-02-17,CHA,MIA,107,111,17400,17400,2,0,0,https://www.nba.com/game/mia-vs-cha-0022100885
0022100886,2022-02-17,NOP,DAL,118,125,14400,14400,0,0,0,https://www.nba.com/game/dal-vs-nop-0022100886
0022100887,2022-02-17,MIL,PHI,120,123,14402,14402,0,2,2,https://www.nba.com/game/phi-vs-mil-0022100887
0022100888,2022-02-17,LAC,HOU,142,111,14400,14400,0,0,0,https://www.nba.com/game/hou-vs-lac-0022100888
0022100889,2022-02-24,DET,CLE,106,103,14401,14400,0,1,0,https://www.nba.com/game/cle-vs-det-0022100889
0022100890,2022-02-24,BKN,BOS,106,129,14400,14400,0,0,0,https://www.nba.com/game/bos-vs-bkn-0022100890
0022100891,2022-02-24,CHI,ATL,112,108,14402,14401,0,2,1,https://www.nba.com/game/atl-vs-chi-0022100891
0022100892,2022-02-24,MIN,MEM,119,114,14400,14400,0,0,0,https://www.nba.com/game/mem-vs-min-0022100892
0022100893,2022-02-24,OKC,PHX,104,124,14399,14400,0,-1,0,https://www.nba.com/game/phx-vs-okc-0022100893
0022100894,2022-02-24,POR,GSW,95,132,14400,14400,0,0,0,https://www.nba.com/game/gsw-vs-por-0022100894
0022100895,2022-02-24,SAC,DEN,110,128,14400,14400,0,0,0,https://www.nba.com/game/den-vs-sac-0022100895
0022100896,2022-02-25,CHA,TOR,125,93,14400,14400,0,0,0,https://www.nba.com/game/tor-vs-cha-0022100896
0022100897,2022-02-25,IND,OKC,125,129,15900,15900,1,0,0,https://www.nba.com/game/okc-vs-ind-0022100897
0022100898,2022-02-25,ORL,HOU,119,111,14400,14400,0,0,0,https://www.nba.com/game/hou-vs-orl-0022100898
0022100899,2022-02-25,WAS,SAS,153,157,17401,17400,2,1,0,https://www.nba.com/game/sas-vs-was-0022100899
0022100900,2022-02-25,NYK,MIA,100,115,14400,14400,0,0,0,https://www.nba.com/game/mia-vs-nyk-0022100900
0022100901,2022-02-25,MIN,PHI,102,133,14400,14401,0,0,1,https://www.nba.com/game/phi-vs-min-0022100901
0022100902,2022-02-25,PHX,NOP,102,117,14400,14400,0,0,0,https://www.nba.com/game/nop-vs-phx-0022100902
0022100903,2022-02-25,UTA,DAL,114,109,14400,14400,0,0,0,https://www.nba.com/game/dal-vs-uta-0022100903
0022100904,2022-02-25,LAL,LAC,102,105,14400,14401,0,0,1,https://www.nba.com/game/lac-vs-lal-0022100904
0022100905,2022-02-26,DET,BOS,104,113,14400,14400,0,0,0,https://www.nba.com/game/bos-vs-det-0022100905
0022100906,2022-02-26,ATL,TOR,127,100,14401,14400,0,1,0,https://www.nba.com/game/tor-vs-atl-0022100906
0022100907,2022-02-26,CLE,WAS,92,86,14400,14400,0,0,0,https://www.nba.com/game/was-vs-cle-0022100907
0022100908,2022-02-26,MIA,SAS,133,129,14400,14402,0,0,2,https://www.nba.com/game/sas-vs-mia-0022100908
0022100909,2022-02-26,CHI,MEM,110,116,14400,14399,0,0,-1,https://www.nba.com/game/mem-vs-chi-0022100909
0022100910,2022-02-26,MIL,BKN,123,126,14400,14401,0,0,1,https://www.nba.com/game/bkn-vs-mil-0022100910
0022100911,2022-02-26,DEN,SAC,115,110,14400,14400,0,0,0,https://www.nba.com/game/sac-vs-den-0022100911
0022100912,2022-02-27,NYK,PHI,109,125,14400,14400,0,0,0,https://www.nba.com/game/phi-vs-nyk-0022100912
0022100913,2022-02-27,PHX,UTA,114,118,14401,14400,0,1,0,https://www.nba.com/game/uta-vs-phx-0022100913
0022100914,2022-02-27,IND,BOS,128,107,14400,14400,0,0,0,https://www.nba.com/game/bos-vs-ind-0022100914
0022100915,2022-02-27,CHA,DET,126,127,15900,15901,1,0,1,https://www.nba.com/game/det-vs-cha-0022100915
0022100916,2022-02-27,HOU,LAC,98,99,14400,14400,0,0,0,https://www.nba.com/game/lac-vs-hou-0022100916
0022100917,2022-02-27,GSW,DAL,101,107,14399,14400,0,-1,0,https://www.nba.com/game/dal-vs-gsw-0022100917
0022100918,2022-02-27,POR,DEN,92,124,14400,14400,0,0,0,https://www.nba.com/game/den-vs-por-0022100918
0022100919,2022-02-27,LAL,NOP,95,123,14400,14400,0,0,0,https://www.nba.com/game/nop-vs-lal-0022100919
0022100726,2022-02-28,BKN,TOR,97,133,14400,14400,0,0,0,https://www.nba.com/game/tor-vs-bkn-0022100726
0022100920,2022-02-28,CLE,MIN,122,127,14400,14401,0,0,1,https://www.nba.com/game/min-vs-cle-0022100920
0022100921,2022-02-28,ORL,IND,119,103,14400,14400,0,0,0,https://www.nba.com/game/ind-vs-orl-0022100921
0022100922,2022-02-28,MIA,CHI,112,99,14400,14400,0,0,0,https://www.nba.com/game/chi-vs-mia-0022100922
0022100923,2022-02-28,MEM,SAS,118,105,14400,14401,0,0,1,https://www.nba.com/game/sas-vs-mem-0022100923
0022100924,2022-02-28,MIL,CHA,130,106,14402,14400,0,2,0,https://www.nba.com/game/cha-vs-mil-0022100924
0022100925,2022-02-28,OKC,SAC,110,131,14400,14400,0,0,0,https://www.nba.com/game/sac-vs-okc-0022100925
0022100926,2022-03-01,WAS,DET,116,113,14400,14400,0,0,0,https://www.nba.com/game/det-vs-was-0022100926
0022100927,2022-03-01,BOS,ATL,107,98,14401,14401,0,1,1,https://www.nba.com/game/atl-vs-bos-0022100927
0022100928,2022-03-01,TOR,BKN,109,108,14400,14400,0,0,0,https://www.nba.com/game/bkn-vs-tor-0022100928
0022100929,2022-03-01,HOU,LAC,100,113,14400,14400,0,0,0,https://www.nba.com/game/lac-vs-hou-0022100929
0022100930,2022-03-01,MIN,GSW,129,114,14400,14401,0,0,1,https://www.nba.com/game/gsw-vs-min-0022100930
0022100931,2022-03-01,LAL,DAL,104,109,14400,14400,0,0,0,https://www.nba.com/game/dal-vs-lal-0022100931
0022100932,2022-03-02,CLE,CHA,98,119,14400,14400,0,0,0,https://www.nba.com/game/cha-vs-cle-0022100932
0022100933,2022-03-02,ORL,IND,114,122,15900,15900,1,0,0,https://www.nba.com/game/ind-vs-orl-0022100933
0022100934,2022-03-02,PHI,NYK,123,108,14400,14400,0,0,0,https://www.nba.com/game/nyk-vs-phi-0022100934
0022100935,2022-03-02,HOU,UTA,127,132,15901,15900,1,1,0,https://www.nba.com/game/uta-vs-hou-0022100935
0022100936,2022-03-02,MIL,MIA,120,119,14400,14400,0,0,0,https://www.nba.com/game/mia-vs-mil-0022100936
0022100937,2022-03-02,NOP,SAC,125,95,14400,14400,0,0,0,https://www.nba.com/game/sac-vs-nop-0022100937
0022100938,2022-03-02,DEN,OKC,107,119,14400,14400,0,0,0,https://www.nba.com/game/okc-vs-den-0022100938
0022100939,2022-03-02,PHX,POR,120,90,14400,14400,0,0,0,https://www.nba.com/game/por-vs-phx-0022100939
0022100710,2022-03-03,ATL,CHI,130,124,14400,14401,0,0,1,https://www.nba.com/game/chi-vs-atl-0022100710
0022100940,2022-03-03,BOS,MEM,120,107,14400,14400,0,0,0,https://www.nba.com/game/mem-vs-bos-0022100940
0022100941,2022-03-03,BKN,MIA,107,113,14400,14400,0,0,0,https://www.nba.com/game/mia-vs-bkn-0022100941
0022100942,2022-03-03,TOR,DET,106,108,14400,14400,0,0,0,https://www.nba.com/game/det-vs-tor-0022100942
0022100943,2022-03-03,DAL,GSW,122,113,14400,14402,0,0,2,https://www.nba.com/game/gsw-vs-dal-0022100943
0022100944,2022-03-03,SAS,SAC,112,115,14400,14400,0,0,0,https://www.nba.com/game/sac-vs-sas-0022100944
0022100945,2022-03-03,LAC,LAL,132,111,14399,14400,0,-1,0,https://www.nba.com/game/lal-vs-lac-0022100945
0022100458,2022-03-04,TOR,ORL,97,103,14400,14400,0,0,0,https://www.nba.com/game/orl-vs-tor-0022100458
0022100946,2022-03-04,DET,IND,111,106,14401,14401,0,1,1,https://www.nba.com/game/ind-vs-det-0022100946
0022100947,2022-03-04,PHI,CLE,125,119,14400,14400,0,0,0,https://www.nba.com/game/cle-vs-phi-0022100947
0022100948,2022-03-04,WAS,ATL,114,117,14402,14400,0,2,0,https://www.nba.com/game/atl-vs-was-0022100948
0022100949,2022-03-04,CHI,MIL,112,118,14400,14401,0,0,1,https://www.nba.com/game/mil-vs-chi-0022100949
0022100950,2022-03-04,NOP,UTA,124,90,14400,14400,0,0,0,https://www.nba.com/game/uta-vs-nop-0022100950
0022100951,2022-03-04,OKC,MIN,101,138,14400,14400,0,0,0,https://www.nba.com/game/min-vs-okc-0022100951
0022100952,2022-03-04,DEN,HOU,116,101,14400,14400,0,0,0,https://www.nba.com/game/hou-vs-den-0022100952
0022100953,2022-03-04,PHX,NYK,115,114,14400,14400,0,0,0,https://www.nba.com/game/nyk-vs-phx-0022100953
0022100954,2022-03-05,DAL,SAC,114,113,14400,14400,0,0,0,https://www.nba.com/game/sac-vs-dal-0022100954
0022100955,2022-03-05,CHA,SAS,123,117,14399,14400,0,-1,0,https://www.nba.com/game/sas-vs-cha-0022100955
0022100956,2022-03-05,MIA,PHI,99,82,14400,14400,0,0,0,https://www.nba.com/game/phi-vs-mia-0022100956
0022100957,2022-03-05,MEM,ORL,124,96,14400,14400,0,0,0,https://www.nba.com/game/orl-vs-mem-0022100957
0022100958,2022-03-05,MIN,POR,135,121,14400,14400,0,0,0,https://www.nba.com/game/por-vs-min-0022100958
0022100959,2022-03-05,LAL,GSW,124,116,14400,14401,0,0,1,https://www.nba.com/game/gsw-vs-lal-0022100959
0022100960,2022-03-06,BOS,BKN,126,120,14400,14400,0,0,0,https://www.nba.com/game/bkn-vs-bos-0022100960
0022100961,2022-03-06,MIL,PHX,132,122,14400,14400,0,0,0,https://www.nba.com/game/phx-vs-mil-0022100961
0022100962,2022-03-06,CLE,TOR,104,96,14400,14401,0,0,1,https://www.nba.com/game/tor-vs-cle-0022100962
0022100963,2022-03-06,WAS,IND,133,123,14400,14401,0,0,1,https://www.nba.com/game/ind-vs-was-0022100963
0022100964,2022-03-06,HOU,MEM,123,112,14400,14400,0,0,0,https://www.nba.com/game/mem-vs-hou-0022100964
0022100965,2022-03-06,OKC,UTA,103,116,14400,14400,0,0,0,https://www.nba.com/game/uta-vs-okc-0022100965
0022100966,2022-03-06,LAC,NYK,93,116,14400,14399,0,0,-1,https://www.nba.com/game/nyk-vs-lac-0022100966
0022100967,2022-03-06,DEN,NOP,138,130,15900,15900,1,0,0,https://www.nba.com/game/nop-vs-den-0022100967
0022100528,2022-03-07,DEN,GSW,131,124,14400,14401,0,0,1,https://www.nba.com/game/gsw-vs-den-0022100528
0022100968,2022-03-07,DET,ATL,113,110,15900,15900,1,0,0,https://www.nba.com/game/atl-vs-det-0022100968
0022100969,2022-03-07,PHI,CHI,121,106,14401,14400,0,1,0,https://www.nba.com/game/chi-vs-phi-0022100969
0022100970,2022-03-07,MIA,HOU,123,106,14400,14400,0,0,0,https://www.nba.com/game/hou-vs-mia-0022100970
0022100971,2022-03-07,MIN,POR,124,81,14400,14400,0,0,0,https://www.nba.com/game/por-vs-min-0022100971
0022100972,2022-03-07,DAL,UTA,111,103,14400,14400,0,0,0,https://www.nba.com/game/uta-vs-dal-0022100972
0022100973,2022-03-07,SAS,LAL,117,110,14400,14400,0,0,0,https://www.nba.com/game/lal-vs-sas-0022100973
0022100974,2022-03-07,SAC,NYK,115,131,14400,14400,0,0,0,https://www.nba.com/game/nyk-vs-sac-0022100974
0022100975,2022-03-08,CHA,BKN,121,132,14400,14401,0,0,1,https://www.nba.com/game/bkn-vs-cha-0022100975
0022100976,2022-03-08,IND,CLE,124,127,14400,14400,0,0,0,https://www.nba.com/game/cle-vs-ind-0022100976
0022100977,2022-03-08,ORL,PHX,99,102,14400,14400,0,0,0,https://www.nba.com/game/phx-vs-orl-0022100977
0022100978,2022-03-08,MEM,NOP,132,111,14400,14400,0,0,0,https://www.nba.com/game/nop-vs-mem-0022100978
0022100979,2022-03-08,OKC,MIL,115,142,14400,14400,0,0,0,https://www.nba.com/game/mil-vs-okc-0022100979
0022100980,2022-03-08,GSW,LAC,112,97,14400,14400,0,0,0,https://www.nba.com/game/lac-vs-gsw-0022100980
0022100981,2022-03-09,CHA,BOS,101,115,14400,14400,0,0,0,https://www.nba.com/game/bos-vs-cha-0022100981
0022100982,2022-03-09,DET,CHI,108,114,14400,14400,0,0,0,https://www.nba.com/game/chi-vs-det-0022100982
0022100983,2022-03-09,MIA,PHX,90,111,14400,14400,0,0,0,https://www.nba.com/game/phx-vs-mia-0022100983
0022100984,2022-03-09,MIL,ATL,124,115,14401,14400,0,1,0,https://www.nba.com/game/atl-vs-mil-0022100984
0022100985,2022-03-09,HOU,LAL,139,130,15900,15900,1,0,0,https://www.nba.com/game/lal-vs-hou-0022100985
0022100986,2022-03-09,MIN,OKC,132,102,14400,14400,0,0,0,https://www.nba.com/game/okc-vs-min-0022100986
0022100987,2022-03-09,NOP,ORL,102,108,14400,14400,0,0,0,https://www.nba.com/game/orl-vs-nop-0022100987
0022100988,2022-03-09,DAL,NYK,77,107,14400,14400,0,0,0,https://www.nba.com/game/nyk-vs-dal-0022100988
0022100989,2022-03-09,SAS,TOR,104,119,14400,14400,0,0,0,https://www.nba.com/game/tor-vs-sas-0022100989
0022100990,2022-03-09,UTA,POR,123,85,14400,14400,0,0,0,https://www.nba.com/game/por-vs-uta-0022100990
0022100991,2022-03-09,SAC,DEN,100,106,14400,14400,0,0,0,https://www.nba.com/game/den-vs-sac-0022100991
0022100992,2022-03-09,LAC,WAS,115,109,14401,14400,0,1,0,https://www.nba.com/game/was-vs-lac-0022100992
0022100993,2022-03-10,PHI,BKN,100,129,14400,14400,0,0,0,https://www.nba.com/game/bkn-vs-phi-0022100993
0022100994,2022-03-10,DEN,GSW,102,113,14400,14402,0,0,2,https://www.nba.com/game/gsw-vs-den-0022100994
0022100995,2022-03-11,ORL,MIN,118,110,14400,14400,0,0,0,https://www.nba.com/game/min-vs-orl-0022100995
0022100996,2022-03-11,ATL,LAC,112,106,14400,14400,0,0,0,https://www.nba.com/game/lac-vs-atl-0022100996
0022100997,2022-03-11,BOS,DET,114,103,14400,14400,0,0,0,https://www.nba.com/game/det-vs-bos-0022100997
0022100998,2022-03-11,MIA,CLE,117,105,14401,14402,0,1,2,https://www.nba.com/game/cle-vs-mia-0022100998
0022100999,2022-03-11,HOU,DAL,100,113,14400,14400,0,0,0,https://www.nba.com/game/dal-vs-hou-0022100999
0022101000,2022-03-11,MEM,NYK,118,114,14400,14400,0,0,0,https://www.nba.com/game/nyk-vs-mem-0022101000
0022101001,2022-03-11,NOP,CHA,120,142,14400,14400,0,0,0,https://www.nba.com/game/cha-vs-nop-0022101001
0022101002,2022-03-11,SAS,UTA,104,102,14400,14400,0,0,0,https://www.nba.com/game/uta-vs-sas-0022101002
0022101003,2022-03-11,PHX,TOR,112,117,14400,14400,0,0,0,https://www.nba.com/game/tor-vs-phx-0022101003
0022101004,2022-03-11,LAL,WAS,122,109,14400,14400,0,0,0,https://www.nba.com/game/was-vs-lal-0022101004
0022101005,2022-03-12,MIA,MIN,104,113,14401,14400,0,1,0,https://www.nba.com/game/min-vs-mia-0022101005
0022101006,2022-03-12,CHI,CLE,101,91,14400,14400,0,0,0,https://www.nba.com/game/cle-vs-chi-0022101006
0022101007,2022-03-12,SAS,IND,108,119,14400,14400,0,0,0,https://www.nba.com/game/ind-vs-sas-0022101007
0022101008,2022-03-12,GSW,MIL,122,109,14400,14400,0,0,0,https://www.nba.com/game/mil-vs-gsw-0022101008
0022101009,2022-03-12,DEN,TOR,115,127,14400,14400,0,0,0,https://www.nba.com/game/tor-vs-den-0022101009
0022101010,2022-03-12,UTA,SAC,134,125,14400,14400,0,0,0,https://www.nba.com/game/sac-vs-uta-0022101010
0022101011,2022-03-12,POR,WAS,127,118,14400,14400,0,0,0,https://www.nba.com/game/was-vs-por-0022101011
0022101012,2022-03-13,BKN,NYK,110,107,14399,14400,0,-1,0,https://www.nba.com/game/nyk-vs-bkn-0022101012
0022101013,2022-03-13,DET,LAC,102,106,14400,14401,0,0,1,https://www.nba.com/game/lac-vs-det-0022101013
0022101014,2022-03-13,BOS,DAL,92,95,14401,14400,0,1,0,https://www.nba.com/game/dal-vs-bos-0022101014
0022101015,2022-03-13,ORL,PHI,114,116,15900,15900,1,0,0,https://www.nba.com/game/phi-vs-orl-0022101015
0022101016,2022-03-13,ATL,IND,131,128,14400,14400,0,0,0,https://www.nba.com/game/ind-vs-atl-0022101016
0022101017,2022-03-13,NOP,HOU,130,105,14400,14400,0,0,0,https://www.nba.com/game/hou-vs-nop-0022101017
0022101018,2022-03-13,OKC,MEM,118,125,14400,14400,0,0,0,https://www.nba.com/game/mem-vs-okc-0022101018
0022101019,2022-03-13,PHX,LAL,140,111,14401,14400,0,1,0,https://www.nba.com/game/lal-vs-phx-0022101019
0022101020,2022-03-14,CLE,LAC,120,111,15900,15900,1,0,0,https://www.nba.com/game/lac-vs-cle-0022101020
0022101021,2022-03-14,ATL,POR,122,113,14400,14400,0,0,0,https://www.nba.com/game/por-vs-atl-0022101021
0022101022,2022-03-14,PHI,DEN,110,114,14402,14402,0,2,2,https://www.nba.com/game/den-vs-phi-0022101022
0022101023,2022-03-14,OKC,CHA,116,134,14400,14400,0,0,0,https://www.nba.com/game/cha-vs-okc-0022101023
0022101024,2022-03-14,SAS,MIN,139,149,14400,14400,0,0,0,https://www.nba.com/game/min-vs-sas-0022101024
0022101025,2022-03-14,GSW,WAS,126,112,14400,14400,0,0,0,https://www.nba.com/game/was-vs-gsw-0022101025
0022101026,2022-03-14,SAC,CHI,112,103,14400,14400,0,0,0,https://www.nba.com/game/chi-vs-sac-0022101026
0022101027,2022-03-14,UTA,MIL,111,117,14400,14400,0,0,0,https://www.nba.com/game/mil-vs-uta-0022101027
0022101028,2022-03-14,LAL,TOR,103,114,14402,14400,0,2,0,https://www.nba.com/game/tor-vs-lal-0022101028
0022101029,2022-03-15,IND,MEM,102,135,14400,14400,0,0,0,https://www.nba.com/game/mem-vs-ind-0022101029
0022101030,2022-03-15,ORL,BKN,108,150,14400,14400,0,0,0,https://www.nba.com/game/bkn-vs-orl-0022101030
0022101031,2022-03-15,MIA,DET,105,98,14400,14400,0,0,0,https://www.nba.com/game/det-vs-mia-0022101031
0022101032,2022-03-15,NOP,PHX,115,131,14400,14400,0,0,0,https://www.nba.com/game/phx-vs-nop-0022101032
0022101033,2022-03-16,CHA,ATL,116,106,14401,14400,0,1,0,https://www.nba.com/game/atl-vs-cha-0022101033
0022101034,2022-03-16,CLE,PHI,114,118,14400,14400,0,0,0,https://www.nba.com/game/phi-vs-cle-0022101034
0022101035,2022-03-16,WAS,DEN,109,127,14400,14400,0,0,0,https://www.nba.com/game/den-vs-was-0022101035
0022101036,2022-03-16,BKN,DAL,111,113,14400,14400,0,0,0,https://www.nba.com/game/dal-vs-bkn-0022101036
0022101037,2022-03-16,NYK,POR,128,98,14400,14400,0,0,0,https://www.nba.com/game/por-vs-nyk-0022101037
0022101038,2022-03-16,HOU,PHX,112,129,14400,14400,0,0,0,https://www.nba.com/game/phx-vs-hou-0022101038
0022101039,2022-03-16,MIN,LAL,124,104,14400,14400,0,0,0,https://www.nba.com/game/lal-vs-min-0022101039
0022101040,2022-03-16,SAS,OKC,122,120,14401,14400,0,1,0,https://www.nba.com/game/okc-vs-sas-0022101040
0022101041,2022-03-16,UTA,CHI,125,110,14400,14401,0,0,1,https://www.nba.com/game/chi-vs-uta-0022101041
0022101042,2022-03-16,GSW,BOS,88,110,14400,14400,0,0,0,https://www.nba.com/game/bos-vs-gsw-0022101042
0022101043,2022-03-16,SAC,MIL,126,135,14400,14400,0,0,0,https://www.nba.com/game/mil-vs-sac-0022101043
0022101044,2022-03-16,LAC,TOR,100,103,14401,14400,0,1,0,https://www.nba.com/game/tor-vs-lac-0022101044
0022101045,2022-03-17,ORL,DET,120,134,14400,14400,0,0,0,https://www.nba.com/game/det-vs-orl-0022101045
0022101046,2022-03-18,PHI,DAL,111,101,14400,14400,0,0,0,https://www.nba.com/game/dal-vs-phi-0022101046
0022101047,2022-03-18,ATL,MEM,120,105,14400,14401,0,0,1,https://www.nba.com/game/mem-vs-atl-0022101047
0022101048,2022-03-18,BKN,POR,128,123,14400,14400,0,0,0,https://www.nba.com/game/por-vs-bkn-0022101048
0022101049,2022-03-18,CLE,DEN,119,116,15901,15900,1,1,0,https://www.nba.com/game/den-vs-cle-0022101049
0022101050,2022-03-18,NYK,WAS,100,97,14400,14400,0,0,0,https://www.nba.com/game/was-vs-nyk-0022101050
0022101051,2022-03-18,TOR,LAL,123,128,15900,15900,1,0,0,https://www.nba.com/game/lal-vs-tor-0022101051
0022101052,2022-03-18,MIA,OKC,120,108,14400,14400,0,0,0,https://www.nba.com/game/okc-vs-mia-0022101052
0022101053,2022-03-18,HOU,IND,118,121,14401,14400,0,1,0,https://www.nba.com/game/ind-vs-hou-0022101053
0022101054,2022-03-18,SAS,NOP,91,124,14400,14400,0,0,0,https://www.nba.com/game/nop-vs-sas-0022101054
0022101055,2022-03-18,UTA,LAC,121,92,14400,14400,0,0,0,https://www.nba.com/game/lac-vs-uta-0022101055
0022101056,2022-03-18,PHX,CHI,129,102,14400,14401,0,0,1,https://www.nba.com/game/chi-vs-phx-0022101056
0022101057,2022-03-18,SAC,BOS,97,126,14400,14400,0,0,0,https://www.nba.com/game/bos-vs-sac-0022101057
0022101058,2022-03-19,MIN,MIL,138,119,14400,14400,0,0,0,https://www.nba.com/game/mil-vs-min-0022101058
0022101059,2022-03-19,CHA,DAL,129,108,14400,14400,0,0,0,https://www.nba.com/game/dal-vs-cha-0022101059
0022101060,2022-03-19,CLE,DET,113,109,14400,14400,0,0,0,https://www.nba.com/game/det-vs-cle-0022101060
0022101061,2022-03-19,WAS,LAL,127,119,14401,14400,0,1,0,https://www.nba.com/game/lal-vs-was-0022101061
0022101062,2022-03-20,IND,POR,129,98,14400,14400,0,0,0,https://www.nba.com/game/por-vs-ind-0022101062
0022101063,2022-03-20,HOU,MEM,98,122,14400,14400,0,0,0,https://www.nba.com/game/mem-vs-hou-0022101063
0022101064,2022-03-20,ATL,NOP,112,117,14400,14400,0,0,0,https://www.nba.com/game/nop-vs-atl-0022101064
0022101065,2022-03-20,ORL,OKC,90,85,14400,14400,0,0,0,https://www.nba.com/game/okc-vs-orl-0022101065
0022101066,2022-03-20,SAC,PHX,124,127,15900,15900,1,0,0,https://www.nba.com/game/phx-vs-sac-0022101066
0022101067,2022-03-20,NYK,UTA,93,108,14400,14400,0,0,0,https://www.nba.com/game/uta-vs-nyk-0022101067
0022101068,2022-03-20,DEN,BOS,104,124,14400,14400,0,0,0,https://www.nba.com/game/bos-vs-den-0022101068
0022101069,2022-03-20,PHI,TOR,88,93,14399,14400,0,-1,0,https://www.nba.com/game/tor-vs-phi-0022101069
0022101070,2022-03-20,GSW,SAS,108,110,14401,14400,0,1,0,https://www.nba.com/game/sas-vs-gsw-0022101070
0022101071,2022-03-21,CHA,NOP,106,103,14401,14401,0,1,1,https://www.nba.com/game/nop-vs-cha-0022101071
0022101072,2022-03-21,CLE,LAL,120,131,14400,14399,0,0,-1,https://www.nba.com/game/lal-vs-cle-0022101072
0022101073,2022-03-21,DET,POR,115,119,14401,14401,0,1,1,https://www.nba.com/game/por-vs-det-0022101073
0022101074,2022-03-21,PHI,MIA,113,106,14400,14400,0,0,0,https://www.nba.com/game/mia-vs-phi-0022101074
0022101075,2022-03-21,BKN,UTA,114,106,14400,14401,0,0,1,https://www.nba.com/game/uta-vs-bkn-0022101075
0022101076,2022-03-21,CHI,TOR,113,99,14400,14400,0,0,0,https://www.nba.com/game/tor-vs-chi-0022101076
0022101077,2022-03-21,HOU,WAS,115,97,14403,14400,0,3,0,https://www.nba.com/game/was-vs-hou-0022101077
0022101078,2022-03-21,OKC,BOS,123,132,14400,14400,0,0,0,https://www.nba.com/game/bos-vs-okc-0022101078
0022101079,2022-03-21,DAL,MIN,110,108,14400,14400,0,0,0,https://www.nba.com/game/min-vs-dal-0022101079
0022101080,2022-03-22,ORL,GSW,94,90,14400,14401,0,0,1,https://www.nba.com/game/gsw-vs-orl-0022101080
0022101081,2022-03-22,NYK,ATL,111,117,14400,14400,0,0,0,https://www.nba.com/game/atl-vs-nyk-0022101081
0022101082,2022-03-22,MIL,CHI,126,98,14401,14400,0,1,0,https://www.nba.com/game/chi-vs-mil-0022101082
0022101083,2022-03-22,DEN,LAC,127,115,14400,14400,0,0,0,https://www.nba.com/game/lac-vs-den-0022101083
0022101084,2022-03-23,CHA,NYK,106,121,14400,14401,0,0,1,https://www.nba.com/game/nyk-vs-cha-0022101084
0022101085,2022-03-23,DET,ATL,122,101,14400,14400,0,0,0,https://www.nba.com/game/atl-vs-det-0022101085
0022101086,2022-03-23,IND,SAC,109,110,14400,14400,0,0,0,https://www.nba.com/game/sac-vs-ind-0022101086
0022101087,2022-03-23,BOS,UTA,125,97,14400,14400,0,0,0,https://www.nba.com/game/uta-vs-bos-0022101087
0022101088,2022-03-23,MIA,GSW,104,118,14400,14400,0,0,0,https://www.nba.com/game/gsw-vs-mia-0022101088
0022101089,2022-03-23,MEM,BKN,132,120,14400,14401,0,0,1,https://www.nba.com/game/bkn-vs-mem-0022101089
0022101090,2022-03-23,MIN,PHX,116,125,14400,14400,0,0,0,https://www.nba.com/game/phx-vs-min-0022101090
0022101091,2022-03-23,OKC,ORL,118,102,14400,14400,0,0,0,https://www.nba.com/game/orl-vs-okc-0022101091
0022101092,2022-03-23,DAL,HOU,110,91,14400,14400,0,0,0,https://www.nba.com/game/hou-vs-dal-0022101092
0022101093,2022-03-23,LAL,PHI,121,126,14399,14400,0,-1,0,https://www.nba.com/game/phi-vs-lal-0022101093
0022101094,2022-03-23,POR,SAS,96,133,14400,14400,0,0,0,https://www.nba.com/game/sas-vs-por-0022101094
0022101095,2022-03-24,TOR,CLE,117,104,14400,14400,0,0,0,https://www.nba.com/game/cle-vs-tor-0022101095
0022101096,2022-03-24,MEM,IND,133,103,14400,14400,0,0,0,https://www.nba.com/game/ind-vs-mem-0022101096
0022101097,2022-03-24,MIL,WAS,114,102,14400,14400,0,0,0,https://www.nba.com/game/was-vs-mil-0022101097
0022101098,2022-03-24,NOP,CHI,126,109,14400,14400,0,0,0,https://www.nba.com/game/chi-vs-nop-0022101098
0022101099,2022-03-24,DEN,PHX,130,140,14400,14400,0,0,0,https://www.nba.com/game/phx-vs-den-0022101099
0022101100,2022-03-25,CHA,UTA,107,101,14401,14401,0,1,1,https://www.nba.com/game/uta-vs-cha-0022101100
0022101101,2022-03-25,DET,WAS,97,100,14400,14401,0,0,1,https://www.nba.com/game/was-vs-det-0022101101
0022101102,2022-03-25,ATL,GSW,121,110,14400,14400,0,0,0,https://www.nba.com/game/gsw-vs-atl-0022101102
0022101103,2022-03-25,MIA,NYK,103,111,14401,14400,0,1,0,https://www.nba.com/game/nyk-vs-mia-0022101103
0022101104,2022-03-25,MIN,DAL,116,95,14400,14400,0,0,0,https://www.nba.com/game/dal-vs-min-0022101104
0022101105,2022-03-25,POR,HOU,106,125,14400,14401,0,0,1,https://www.nba.com/game/hou-vs-por-0022101105
0022101106,2022-03-25,LAC,PHI,97,122,14400,14400,0,0,0,https://www.nba.com/game/phi-vs-lac-0022101106
0022101107,2022-03-26,NOP,SAS,103,107,14400,14400,0,0,0,https://www.nba.com/game/sas-vs-nop-0022101107
0022101108,2022-03-26,ORL,SAC,110,114,15900,15900,1,0,0,https://www.nba.com/game/sac-vs-orl-0022101108
0022101109,2022-03-26,TOR,IND,131,91,14400,14400,0,0,0,https://www.nba.com/game/ind-vs-tor-0022101109
0022101110,2022-03-26,CLE,CHI,94,98,14400,14400,0,0,0,https://www.nba.com/game/chi-vs-cle-0022101110
0022101111,2022-03-26,MIA,BKN,95,110,14400,14401,0,0,1,https://www.nba.com/game/bkn-vs-mia-0022101111
0022101112,2022-03-26,MEM,MIL,127,102,14400,14400,0,0,0,https://www.nba.com/game/mil-vs-mem-0022101112
0022101113,2022-03-26,DEN,OKC,113,107,14400,14400,0,0,0,https://www.nba.com/game/okc-vs-den-0022101113
0022101114,2022-03-26,POR,HOU,98,115,14400,14400,0,0,0,https://www.nba.com/game/hou-vs-por-0022101114
0022101115,2022-03-27,DET,NYK,102,104,14400,14400,0,0,0,https://www.nba.com/game/nyk-vs-det-0022101115
0022101116,2022-03-27,BOS,MIN,134,112,14400,14400,0,0,0,https://www.nba.com/game/min-vs-bos-0022101116
0022101117,2022-03-27,WAS,GSW,123,115,14401,14401,0,1,1,https://www.nba.com/game/gsw-vs-was-0022101117
0022101118,2022-03-27,PHX,PHI,114,104,14400,14400,0,0,0,https://www.nba.com/game/phi-vs-phx-0022101118
0022101119,2022-03-27,NOP,LAL,116,108,14400,14402,0,0,2,https://www.nba.com/game/lal-vs-nop-0022101119
0022101120,2022-03-27,BKN,CHA,110,119,14400,14400,0,0,0,https://www.nba.com/game/cha-vs-bkn-0022101120
0022101121,2022-03-27,DAL,UTA,114,100,14400,14400,0,0,0,https://www.nba.com/game/uta-vs-dal-0022101121
0022101122,2022-03-28,CHA,DEN,109,113,14401,14400,0,1,0,https://www.nba.com/game/den-vs-cha-0022101122
0022101123,2022-03-28,CLE,ORL,107,101,14400,14400,0,0,0,https://www.nba.com/game/orl-vs-cle-0022101123
0022101124,2022-03-28,IND,ATL,123,132,14400,14400,0,0,0,https://www.nba.com/game/atl-vs-ind-0022101124
0022101125,2022-03-28,MIA,SAC,123,100,14400,14400,0,0,0,https://www.nba.com/game/sac-vs-mia-0022101125
0022101126,2022-03-28,NYK,CHI,109,104,14399,14401,0,-1,1,https://www.nba.com/game/chi-vs-nyk-0022101126
0022101127,2022-03-28,TOR,BOS,115,112,15900,15900,1,0,0,https://www.nba.com/game/bos-vs-tor-0022101127
0022101128,2022-03-28,HOU,SAS,120,123,14401,14400,0,1,0,https://www.nba.com/game/sas-vs-hou-0022101128
0022101129,2022-03-28,MEM,GSW,123,95,14400,14400,0,0,0,https://www.nba.com/game/gsw-vs-mem-0022101129
0022101130,2022-03-28,POR,OKC,131,134,15902,15901,1,2,1,https://www.nba.com/game/okc-vs-por-0022101130
0022101131,2022-03-29,PHI,MIL,116,118,14400,14400,0,0,0,https://www.nba.com/game/mil-vs-phi-0022101131
0022101132,2022-03-29,WAS,CHI,94,107,14400,14401,0,0,1,https://www.nba.com/game/chi-vs-was-0022101132
0022101133,2022-03-29,BKN,DET,130,123,14400,14400,0,0,0,https://www.nba.com/game/det-vs-bkn-0022101133
0022101134,2022-03-29,DAL,LAL,128,110,14400,14400,0,0,0,https://www.nba.com/game/lal-vs-dal-0022101134
0022101135,2022-03-29,LAC,UTA,121,115,14401,14400,0,1,0,https://www.nba.com/game/uta-vs-lac-0022101135
0022101136,2022-03-30,CLE,DAL,112,120,14400,14400,0,0,0,https://www.nba.com/game/dal-vs-cle-0022101136
0022101137,2022-03-30,IND,DEN,118,125,14400,14400,0,0,0,https://www.nba.com/game/den-vs-ind-0022101137
0022101138,2022-03-30,WAS,ORL,127,110,14400,14400,0,0,0,https://www.nba.com/game/orl-vs-was-0022101138
0022101139,2022-03-30,BOS,MIA,98,106,14400,14400,0,0,0,https://www.nba.com/game/mia-vs-bos-0022101139
0022101140,2022-03-30,NYK,CHA,114,125,14402,14400,0,2,0,https://www.nba.com/game/cha-vs-nyk-0022101140
0022101141,2022-03-30,TOR,MIN,125,102,14401,14401,0,1,1,https://www.nba.com/game/min-vs-tor-0022101141
0022101142,2022-03-30,HOU,SAC,118,121,14400,14400,0,0,0,https://www.nba.com/game/sac-vs-hou-0022101142
0022101143,2022-03-30,OKC,ATL,118,136,14400,14400,0,0,0,https://www.nba.com/game/atl-vs-okc-0022101143
0022101144,2022-03-30,SAS,MEM,111,112,14400,14401,0,0,1,https://www.nba.com/game/mem-vs-sas-0022101144
0022101145,2022-03-30,GSW,PHX,103,107,14400,14402,0,0,2,https://www.nba.com/game/phx-vs-gsw-0022101145
0022101146,2022-03-30,POR,NOP,107,117,14400,14400,0,0,0,https://www.nba.com/game/nop-vs-por-0022101146
0022100452,2022-03-31,ATL,CLE,131,107,14400,14400,0,0,0,https://www.nba.com/game/cle-vs-atl-0022100452
0022101147,2022-03-31,DET,PHI,102,94,14401,14403,0,1,3,https://www.nba.com/game/phi-vs-det-0022101147
0022101148,2022-03-31,BKN,MIL,119,120,15900,15900,1,0,0,https://www.nba.com/game/mil-vs-bkn-0022101148
0022101149,2022-03-31,CHI,LAC,135,130,15900,15900,1,0,0,https://www.nba.com/game/lac-vs-chi-0022101149
0022101150,2022-03-31,UTA,LAL,122,109,14400,14401,0,0,1,https://www.nba.com/game/lal-vs-uta-0022101150
0022101151,2022-04-01,ORL,TOR,89,102,14400,14400,0,0,0,https://www.nba.com/game/tor-vs-orl-0022101151
0022101152,2022-04-01,WAS,DAL,135,103,14400,14400,0,0,0,https://www.nba.com/game/dal-vs-was-0022101152
0022101153,2022-04-01,BOS,IND,128,123,14400,14401,0,0,1,https://www.nba.com/game/ind-vs-bos-0022101153
0022101154,2022-04-01,HOU,SAC,117,122,14400,14400,0,0,0,https://www.nba.com/game/sac-vs-hou-0022101154
0022101155,2022-04-01,MEM,PHX,122,114,14401,14400,0,1,0,https://www.nba.com/game/phx-vs-mem-0022101155
0022101156,2022-04-01,MIL,LAC,119,153,14400,14400,0,0,0,https://www.nba.com/game/lac-vs-mil-0022101156
0022101157,2022-04-01,OKC,DET,101,110,14400,14400,0,0,0,https://www.nba.com/game/det-vs-okc-0022101157
0022101158,2022-04-01,SAS,POR,130,111,14400,14400,0,0,0,https://www.nba.com/game/por-vs-sas-0022101158
0022101159,2022-04-01,DEN,MIN,130,136,14402,14400,0,2,0,https://www.nba.com/game/min-vs-den-0022101159
0022101160,2022-04-01,LAL,NOP,111,114,14400,14400,0,0,0,https://www.nba.com/game/nop-vs-lal-0022101160
0022101161,2022-04-02,PHI,CHA,144,114,14400,14400,0,0,0,https://www.nba.com/game/cha-vs-phi-0022101161
0022101162,2022-04-02,NYK,CLE,101,119,14400,14399,0,0,-1,https://www.nba.com/game/cle-vs-nyk-0022101162
0022101163,2022-04-02,ATL,BKN,122,115,14400,14400,0,0,0,https://www.nba.com/game/bkn-vs-atl-0022101163
0022101164,2022-04-02,CHI,MIA,109,127,14400,14400,0,0,0,https://www.nba.com/game/mia-vs-chi-0022101164
0022101165,2022-04-02,GSW,UTA,111,107,14399,14400,0,-1,0,https://www.nba.com/game/uta-vs-gsw-0022101165
0022101166,2022-04-03,BOS,WAS,144,102,14400,14400,0,0,0,https://www.nba.com/game/was-vs-bos-0022101166
0022101167,2022-04-03,MIL,DAL,112,118,14401,14400,0,1,0,https://www.nba.com/game/dal-vs-mil-0022101167
0022101168,2022-04-03,LAL,DEN,118,129,14401,14400,0,1,0,https://www.nba.com/game/den-vs-lal-0022101168
0022101169,2022-04-03,IND,DET,117,121,14400,14400,0,0,0,https://www.nba.com/game/det-vs-ind-0022101169
0022101170,2022-04-03,CLE,PHI,108,112,14400,14400,0,0,0,https://www.nba.com/game/phi-vs-cle-0022101170
0022101171,2022-04-03,ORL,NYK,88,118,14400,14400,0,0,0,https://www.nba.com/game/nyk-vs-orl-0022101171
0022101172,2022-04-03,TOR,MIA,109,114,14400,14400,0,0,0,https://www.nba.com/game/mia-vs-tor-0022101172
0022101173,2022-04-03,HOU,MIN,132,139,14400,14400,0,0,0,https://www.nba.com/game/min-vs-hou-0022101173
0022101174,2022-04-03,OKC,PHX,117,96,14400,14400,0,0,0,https://www.nba.com/game/phx-vs-okc-0022101174
0022101175,2022-04-03,SAS,POR,113,92,14400,14400,0,0,0,https://www.nba.com/game/por-vs-sas-0022101175
0022101176,2022-04-03,SAC,GSW,90,109,14400,14400,0,0,0,https://www.nba.com/game/gsw-vs-sac-0022101176
0022101177,2022-04-03,LAC,NOP,119,100,14400,14401,0,0,1,https://www.nba.com/game/nop-vs-lac-0022101177
0022101178,2022-04-05,IND,PHI,122,131,14400,14401,0,0,1,https://www.nba.com/game/phi-vs-ind-0022101178
0022101179,2022-04-05,ORL,CLE,120,115,14400,14400,0,0,0,https://www.nba.com/game/cle-vs-orl-0022101179
0022101180,2022-04-05,BKN,HOU,118,105,14400,14400,0,0,0,https://www.nba.com/game/hou-vs-bkn-0022101180
0022101181,2022-04-05,MIA,CHA,144,115,14400,14400,0,0,0,https://www.nba.com/game/cha-vs-mia-0022101181
0022101182,2022-04-05,TOR,ATL,118,108,14400,14400,0,0,0,https://www.nba.com/game/atl-vs-tor-0022101182
0022101183,2022-04-05,CHI,MIL,106,127,14400,14400,0,0,0,https://www.nba.com/game/mil-vs-chi-0022101183
0022101184,2022-04-05,MIN,WAS,114,132,14400,14400,0,0,0,https://www.nba.com/game/was-vs-min-0022101184
0022101185,2022-04-05,OKC,POR,98,94,14400,14400,0,0,0,https://www.nba.com/game/por-vs-okc-0022101185
0022101186,2022-04-05,DEN,SAS,97,116,14400,14400,0,0,0,https://www.nba.com/game/sas-vs-den-0022101186
0022101187,2022-04-05,UTA,MEM,121,115,15900,15900,1,0,0,https://www.nba.com/game/mem-vs-uta-0022101187
0022101188,2022-04-05,SAC,NOP,109,123,14400,14400,0,0,0,https://www.nba.com/game/nop-vs-sac-0022101188
0022101189,2022-04-05,PHX,LAL,121,110,14401,14401,0,1,1,https://www.nba.com/game/lal-vs-phx-0022101189
0022101190,2022-04-06,DET,DAL,113,131,14400,14400,0,0,0,https://www.nba.com/game/dal-vs-det-0022101190
0022101191,2022-04-06,NYK,BKN,98,110,14400,14400,0,0,0,https://www.nba.com/game/bkn-vs-nyk-0022101191
0022101192,2022-04-06,ATL,WAS,118,103,14400,14400,0,0,0,https://www.nba.com/game/was-vs-atl-0022101192
0022101193,2022-04-06,CHI,BOS,94,117,14400,14400,0,0,0,https://www.nba.com/game/bos-vs-chi-0022101193
0022101194,2022-04-06,UTA,OKC,137,101,14400,14400,0,0,0,https://www.nba.com/game/okc-vs-uta-0022101194
0022101195,2022-04-06,LAC,PHX,113,109,14400,14401,0,0,1,https://www.nba.com/game/phx-vs-lac-0022101195
0022101196,2022-04-07,CHA,ORL,128,101,14401,14400,0,1,0,https://www.nba.com/game/orl-vs-cha-0022101196
0022101197,2022-04-07,TOR,PHI,119,114,14400,14400,0,0,0,https://www.nba.com/game/phi-vs-tor-0022101197
0022101198,2022-04-07,MIL,BOS,127,121,14400,14400,0,0,0,https://www.nba.com/game/bos-vs-mil-0022101198
0022101199,2022-04-07,MIN,SAS,127,121,14400,14400,0,0,0,https://www.nba.com/game/sas-vs-min-0022101199
0022101200,2022-04-07,NOP,POR,127,94,14400,14400,0,0,0,https://www.nba.com/game/por-vs-nop-0022101200
0022101201,2022-04-07,DEN,MEM,122,109,14400,14400,0,0,0,https://www.nba.com/game/mem-vs-den-0022101201
0022101202,2022-04-07,GSW,LAL,128,112,14400,14400,0,0,0,https://www.nba.com/game/lal-vs-gsw-0022101202
0022101203,2022-04-08,DET,MIL,101,131,14400,14400,0,0,0,https://www.nba.com/game/mil-vs-det-0022101203
0022101204,2022-04-08,WAS,NYK,92,114,14400,14400,0,0,0,https://www.nba.com/game/nyk-vs-was-0022101204
0022101205,2022-04-08,BKN,CLE,118,107,14400,14400,0,0,0,https://www.nba.com/game/cle-vs-bkn-0022101205
0022101206,2022-04-08,TOR,HOU,117,115,14400,14400,0,0,0,https://www.nba.com/game/hou-vs-tor-0022101206
0022101207,2022-04-08,MIA,ATL,113,109,14400,14400,0,0,0,https://www.nba.com/game/atl-vs-mia-0022101207
0022101208,2022-04-08,CHI,CHA,117,133,14400,14400,0,0,0,https://www.nba.com/game/cha-vs-chi-0022101208
0022101209,2022-04-08,DAL,POR,128,78,14400,14400,0,0,0,https://www.nba.com/game/por-vs-dal-0022101209
0022101210,2022-04-08,UTA,PHX,105,111,14400,14400,0,0,0,https://www.nba.com/game/phx-vs-uta-0022101210
0022101211,2022-04-08,LAL,OKC,120,101,14400,14400,0,0,0,https://www.nba.com/game/okc-vs-lal-0022101211
0022101212,2022-04-09,LAC,SAC,117,98,14400,14400,0,0,0,https://www.nba.com/game/sac-vs-lac-0022101212
0022101213,2022-04-09,MEM,NOP,141,114,14400,14400,0,0,0,https://www.nba.com/game/nop-vs-mem-0022101213
0022101214,2022-04-09,PHI,IND,133,120,14400,14400,0,0,0,https://www.nba.com/game/ind-vs-phi-0022101214
0022101215,2022-04-09,SAS,GSW,94,100,14400,14400,0,0,0,https://www.nba.com/game/gsw-vs-sas-0022101215
0022101216,2022-04-10,BKN,IND,134,126,14400,14401,0,0,1,https://www.nba.com/game/ind-vs-bkn-0022101216
0022101217,2022-04-10,CHA,WAS,124,108,14400,14400,0,0,0,https://www.nba.com/game/was-vs-cha-0022101217
0022101218,2022-04-10,CLE,MIL,133,115,14400,14400,0,0,0,https://www.nba.com/game/mil-vs-cle-0022101218
0022101219,2022-04-10,DAL,SAS,130,120,14400,14400,0,0,0,https://www.nba.com/game/sas-vs-dal-0022101219
0022101220,2022-04-10,DEN,LAL,141,146,15900,15900,1,0,0,https://www.nba.com/game/lal-vs-den-0022101220
0022101221,2022-04-10,HOU,ATL,114,130,14400,14400,0,0,0,https://www.nba.com/game/atl-vs-hou-0022101221
0022101222,2022-04-10,LAC,OKC,138,88,14400,14400,0,0,0,https://www.nba.com/game/okc-vs-lac-0022101222
0022101223,2022-04-10,MEM,BOS,110,139,14400,14400,0,0,0,https://www.nba.com/game/bos-vs-mem-0022101223
0022101224,2022-04-10,MIN,CHI,120,124,14401,14400,0,1,0,https://www.nba.com/game/chi-vs-min-0022101224
0022101225,2022-04-10,NOP,GSW,107,128,14400,14400,0,0,0,https://www.nba.com/game/gsw-vs-nop-0022101225
0022101226,2022-04-10,NYK,TOR,105,94,14400,14400,0,0,0,https://www.nba.com/game/tor-vs-nyk-0022101226
0022101227,2022-04-10,ORL,MIA,125,111,14400,14400,0,0,0,https://www.nba.com/game/mia-vs-orl-0022101227
0022101228,2022-04-10,PHI,DET,118,106,14400,14400,0,0,0,https://www.nba.com/game/det-vs-phi-0022101228
0022101229,2022-04-10,PHX,SAC,109,116,14400,14400,0,0,0,https://www.nba.com/game/sac-vs-phx-0022101229
0022101230,2022-04-10,POR,UTA,80,111,14400,14400,0,0,0,https://www.nba.com/game/uta-vs-por-0022101230
