event_id,game_id,date,home,away,team,player,person_id,seconds,start,comment,pts,plus_minus,official_url
2020-12-26_POR_HOU,0022000029,2020-12-26,POR,HOU,HOU,Brodric Thomas,1630271,584,0,,0,4,https://www.nba.com/game/0022000029/box-score
2020-12-26_POR_HOU,0022000029,2020-12-26,POR,HOU,HOU,Bruno Caboclo,203998,213,0,,0,7,https://www.nba.com/game/0022000029/box-score
2020-12-26_POR_HOU,0022000029,2020-12-26,POR,HOU,HOU,Christian Wood,1626174,2616,1,,31,-6,https://www.nba.com/game/0022000029/box-score
2020-12-26_POR_HOU,0022000029,2020-12-26,POR,HOU,HOU,Danuel House Jr.,1627863,2287,1,,11,-6,https://www.nba.com/game/0022000029/box-score
2020-12-26_POR_HOU,0022000029,2020-12-26,POR,HOU,HOU,David Nwaba,1628021,1607,1,,10,-5,https://www.nba.com/game/0022000029/box-score
2020-12-26_POR_HOU,0022000029,2020-12-26,POR,HOU,HOU,DeMarcus Cousins,202326,0,0,NWT - Not With Team,0,0,https://www.nba.com/game/0022000029/box-score
2020-12-26_POR_HOU,0022000029,2020-12-26,POR,HOU,HOU,Eric Gordon,201569,0,0,NWT - Not With Team,0,0,https://www.nba.com/game/0022000029/box-score
2020-12-26_POR_HOU,0022000029,2020-12-26,POR,HOU,HOU,Jae'Sean Tate,1630256,2234,0,,13,14,https://www.nba.com/game/0022000029/box-score
2020-12-26_POR_HOU,0022000029,2020-12-26,POR,HOU,HOU,James Harden,201935,2596,1,,44,-6,https://www.nba.com/game/0022000029/box-score
2020-12-26_POR_HOU,0022000029,2020-12-26,POR,HOU,HOU,John Wall,202322,0,0,NWT - Not With Team,0,0,https://www.nba.com/game/0022000029/box-score
2020-12-26_POR_HOU,0022000029,2020-12-26,POR,HOU,HOU,Mason Jones,1630222,0,0,NWT - Not With Team,0,0,https://www.nba.com/game/0022000029/box-score
2020-12-26_POR_HOU,0022000029,2020-12-26,POR,HOU,HOU,P.J. Tucker,200782,2551,1,,7,-6,https://www.nba.com/game/0022000029/box-score
2020-12-26_POR_HOU,0022000029,2020-12-26,POR,HOU,HOU,Sterling Brown,1628425,1212,0,,10,-6,https://www.nba.com/game/0022000029/box-score
2020-12-26_POR_HOU,0022000029,2020-12-26,POR,HOU,POR,Anfernee Simons,1629014,591,0,,7,-5,https://www.nba.com/game/0022000029/box-score
2020-12-26_POR_HOU,0022000029,2020-12-26,POR,HOU,POR,CJ Elleby,1629604,0,0,DNP - Coach's Decision,0,0,https://www.nba.com/game/0022000029/box-score
2020-12-26_POR_HOU,0022000029,2020-12-26,POR,HOU,POR,CJ McCollum,203468,2630,1,,44,8,https://www.nba.com/game/0022000029/box-score
2020-12-26_POR_HOU,0022000029,2020-12-26,POR,HOU,POR,Carmelo Anthony,2546,1226,0,,5,-16,https://www.nba.com/game/0022000029/box-score
2020-12-26_POR_HOU,0022000029,2020-12-26,POR,HOU,POR,Damian Lillard,203081,2481,1,,32,9,https://www.nba.com/game/0022000029/box-score
2020-12-26_POR_HOU,0022000029,2020-12-26,POR,HOU,POR,Derrick Jones Jr.,1627884,2183,1,,6,5,https://www.nba.com/game/0022000029/box-score
2020-12-26_POR_HOU,0022000029,2020-12-26,POR,HOU,POR,Enes Freedom,202683,1095,0,,10,-8,https://www.nba.com/game/0022000029/box-score
2020-12-26_POR_HOU,0022000029,2020-12-26,POR,HOU,POR,Gary Trent Jr.,1629018,355,0,,0,-8,https://www.nba.com/game/0022000029/box-score
2020-12-26_POR_HOU,0022000029,2020-12-26,POR,HOU,POR,Harry Giles III,1628385,0,0,DNP - Coach's Decision,0,0,https://www.nba.com/game/0022000029/box-score
2020-12-26_POR_HOU,0022000029,2020-12-26,POR,HOU,POR,Jusuf Nurkic,203994,2085,1,,12,10,https://www.nba.com/game/0022000029/box-score
2020-12-26_POR_HOU,0022000029,2020-12-26,POR,HOU,POR,Keljin Blevins,1629833,0,0,DNP - Coach's Decision,0,0,https://www.nba.com/game/0022000029/box-score
2020-12-26_POR_HOU,0022000029,2020-12-26,POR,HOU,POR,Robert Covington,203496,2308,1,,9,16,https://www.nba.com/game/0022000029/box-score
2020-12-26_POR_HOU,0022000029,2020-12-26,POR,HOU,POR,Rodney Hood,203918,946,0,,3,-1,https://www.nba.com/game/0022000029/box-score
2021-01-05_MEM_LAL,0022000103,2021-01-05,MEM,LAL,LAL,Alfonzo McKinnie,1628035,0,0,DNP - Coach's Decision,0,0,https://www.nba.com/game/0022000103/box-score
2021-01-05_MEM_LAL,0022000103,2021-01-05,MEM,LAL,LAL,Anthony Davis,203076,2065,1,,27,12,https://www.nba.com/game/0022000103/box-score
2021-01-05_MEM_LAL,0022000103,2021-01-05,MEM,LAL,LAL,Dennis Schroder,203471,2166,1,,11,-1,https://www.nba.com/game/0022000103/box-score
2021-01-05_MEM_LAL,0022000103,2021-01-05,MEM,LAL,LAL,Jared Dudley,201162,0,0,DNP - Coach's Decision,0,0,https://www.nba.com/game/0022000103/box-score
2021-01-05_MEM_LAL,0022000103,2021-01-05,MEM,LAL,LAL,Kyle Kuzma,1628398,1815,1,,5,21,https://www.nba.com/game/0022000103/box-score
2021-01-05_MEM_LAL,0022000103,2021-01-05,MEM,LAL,LAL,LeBron James,2544,2045,1,,26,20,https://www.nba.com/game/0022000103/box-score
2021-01-05_MEM_LAL,0022000103,2021-01-05,MEM,LAL,LAL,Marc Gasol,201188,1122,1,,3,11,https://www.nba.com/game/0022000103/box-score
2021-01-05_MEM_LAL,0022000103,2021-01-05,MEM,LAL,LAL,Markieff Morris,202693,869,0,,5,-10,https://www.nba.com/game/0022000103/box-score
2021-01-05_MEM_LAL,0022000103,2021-01-05,MEM,LAL,LAL,Montrezl Harrell,1626149,1209,0,,9,-13,https://www.nba.com/game/0022000103/box-score
2021-01-05_MEM_LAL,0022000103,2021-01-05,MEM,LAL,LAL,Quinn Cook,1626188,0,0,DNP - Coach's Decision,0,0,https://www.nba.com/game/0022000103/box-score
2021-01-05_MEM_LAL,0022000103,2021-01-05,MEM,LAL,LAL,Talen Horton-Tucker,1629659,1323,0,,4,-22,https://www.nba.com/game/0022000103/box-score
2021-01-05_MEM_LAL,0022000103,2021-01-05,MEM,LAL,LAL,Wesley Matthews,202083,1786,0,,4,-8,https://www.nba.com/game/0022000103/box-score
2021-01-05_MEM_LAL,0022000103,2021-01-05,MEM,LAL,MEM,Brandon Clarke,1629634,1713,1,,12,-10,https://www.nba.com/game/0022000103/box-score
2021-01-05_MEM_LAL,0022000103,2021-01-05,MEM,LAL,MEM,De'Anthony Melton,1629001,945,0,,5,12,https://www.nba.com/game/0022000103/box-score
2021-01-05_MEM_LAL,0022000103,2021-01-05,MEM,LAL,MEM,Desmond Bane,1630217,1480,0,,7,12,https://www.nba.com/game/0022000103/box-score
2021-01-05_MEM_LAL,0022000103,2021-01-05,MEM,LAL,MEM,Dillon Brooks,1628415,1754,1,,13,-16,https://www.nba.com/game/0022000103/box-score
2021-01-05_MEM_LAL,0022000103,2021-01-05,MEM,LAL,MEM,Gorgui Dieng,203476,1298,0,,13,8,https://www.nba.com/game/0022000103/box-score
2021-01-05_MEM_LAL,0022000103,2021-01-05,MEM,LAL,MEM,Grayson Allen,1628960,943,0,,3,15,https://www.nba.com/game/0022000103/box-score
2021-01-05_MEM_LAL,0022000103,2021-01-05,MEM,LAL,MEM,John Konchar,1629723,0,0,DND - Injury/Illness,0,0,https://www.nba.com/game/0022000103/box-score
2021-01-05_MEM_LAL,0022000103,2021-01-05,MEM,LAL,MEM,Jonas Valanciunas,202685,1543,1,,13,-10,https://www.nba.com/game/0022000103/box-score
2021-01-05_MEM_LAL,0022000103,2021-01-05,MEM,LAL,MEM,Kyle Anderson,203937,1739,1,,10,-17,https://www.nba.com/game/0022000103/box-score
2021-01-05_MEM_LAL,0022000103,2021-01-05,MEM,LAL,MEM,Sean McDermott,1630253,0,0,DNP - Coach's Decision,0,0,https://www.nba.com/game/0022000103/box-score
2021-01-05_MEM_LAL,0022000103,2021-01-05,MEM,LAL,MEM,Tim Frazier,204025,0,0,DNP - Coach's Decision,0,0,https://www.nba.com/game/0022000103/box-score
2021-01-05_MEM_LAL,0022000103,2021-01-05,MEM,LAL,MEM,Tyus Jones,1626145,1933,1,,8,-17,https://www.nba.com/game/0022000103/box-score
2021-01-05_MEM_LAL,0022000103,2021-01-05,MEM,LAL,MEM,Xavier Tillman,1630214,1054,0,,8,13,https://www.nba.com/game/0022000103/box-score
2021-01-11_POR_TOR,0022000155,2021-01-11,POR,TOR,POR,Anfernee Simons,1629014,0,0,DNP - Coach's Decision,0,0,https://www.nba.com/game/0022000155/box-score
2021-01-11_POR_TOR,0022000155,2021-01-11,POR,TOR,POR,CJ Elleby,1629604,0,0,DNP - Coach's Decision,0,0,https://www.nba.com/game/0022000155/box-score
2021-01-11_POR_TOR,0022000155,2021-01-11,POR,TOR,POR,CJ McCollum,203468,2339,1,,30,-7,https://www.nba.com/game/0022000155/box-score
2021-01-11_POR_TOR,0022000155,2021-01-11,POR,TOR,POR,Carmelo Anthony,2546,2115,0,,20,2,https://www.nba.com/game/0022000155/box-score
2021-01-11_POR_TOR,0022000155,2021-01-11,POR,TOR,POR,Damian Lillard,203081,2404,1,,23,9,https://www.nba.com/game/0022000155/box-score
2021-01-11_POR_TOR,0022000155,2021-01-11,POR,TOR,POR,Derrick Jones Jr.,1627884,1157,1,,4,8,https://www.nba.com/game/0022000155/box-score
2021-01-11_POR_TOR,0022000155,2021-01-11,POR,TOR,POR,Enes Freedom,202683,930,0,,14,0,https://www.nba.com/game/0022000155/box-score
2021-01-11_POR_TOR,0022000155,2021-01-11,POR,TOR,POR,Gary Trent Jr.,1629018,1784,0,,8,12,https://www.nba.com/game/0022000155/box-score
2021-01-11_POR_TOR,0022000155,2021-01-11,POR,TOR,POR,Harry Giles III,1628385,289,0,,2,2,https://www.nba.com/game/0022000155/box-score
2021-01-11_POR_TOR,0022000155,2021-01-11,POR,TOR,POR,Jusuf Nurkic,203994,526,1,,2,-13,https://www.nba.com/game/0022000155/box-score
2021-01-11_POR_TOR,0022000155,2021-01-11,POR,TOR,POR,Nassir Little,1629642,0,0,DNP - Coach's Decision,0,0,https://www.nba.com/game/0022000155/box-score
2021-01-11_POR_TOR,0022000155,2021-01-11,POR,TOR,POR,Robert Covington,203496,2032,1,,7,4,https://www.nba.com/game/0022000155/box-score
2021-01-11_POR_TOR,0022000155,2021-01-11,POR,TOR,POR,Rodney Hood,203918,824,0,,2,-12,https://www.nba.com/game/0022000155/box-score
2021-01-11_POR_TOR,0022000155,2021-01-11,POR,TOR,TOR,Alex Len,203458,573,1,,0,-1,https://www.nba.com/game/0022000155/box-score
2021-01-11_POR_TOR,0022000155,2021-01-11,POR,TOR,TOR,Aron Baynes,203382,0,0,DNP - Coach's Decision,0,0,https://www.nba.com/game/0022000155/box-score
2021-01-11_POR_TOR,0022000155,2021-01-11,POR,TOR,TOR,Chris Boucher,1628449,1932,0,,20,1,https://www.nba.com/game/0022000155/box-score
2021-01-11_POR_TOR,0022000155,2021-01-11,POR,TOR,TOR,DeAndre' Bembry,1627761,0,0,DNP - Coach's Decision,0,0,https://www.nba.com/game/0022000155/box-score
2021-01-11_POR_TOR,0022000155,2021-01-11,POR,TOR,TOR,Fred VanVleet,1627832,2205,1,,10,-2,https://www.nba.com/game/0022000155/box-score
2021-01-11_POR_TOR,0022000155,2021-01-11,POR,TOR,TOR,Kyle Lowry,200768,2134,1,,18,-1,https://www.nba.com/game/0022000155/box-score
2021-01-11_POR_TOR,0022000155,2021-01-11,POR,TOR,TOR,Malachi Flynn,1630201,0,0,DNP - Coach's Decision,0,0,https://www.nba.com/game/0022000155/box-score
2021-01-11_POR_TOR,0022000155,2021-01-11,POR,TOR,TOR,Matt Thomas,1629744,0,0,DNP - Coach's Decision,0,0,https://www.nba.com/game/0022000155/box-score
2021-01-11_POR_TOR,0022000155,2021-01-11,POR,TOR,TOR,Norman Powell,1626181,1226,0,,10,9,https://www.nba.com/game/0022000155/box-score
2021-01-11_POR_TOR,0022000155,2021-01-11,POR,TOR,TOR,O.G. Anunoby,1628384,2157,1,,18,-4,https://www.nba.com/game/0022000155/box-score
2021-01-11_POR_TOR,0022000155,2021-01-11,POR,TOR,TOR,Pascal Siakam,1627783,2205,1,,22,-2,https://www.nba.com/game/0022000155/box-score
2021-01-11_POR_TOR,0022000155,2021-01-11,POR,TOR,TOR,Paul Watson,1628778,0,0,DNP - Coach's Decision,0,0,https://www.nba.com/game/0022000155/box-score
2021-01-11_POR_TOR,0022000155,2021-01-11,POR,TOR,TOR,Stanley Johnson,1626169,1398,0,,7,4,https://www.nba.com/game/0022000155/box-score
2021-01-11_POR_TOR,0022000155,2021-01-11,POR,TOR,TOR,Terence Davis,1629056,570,0,,6,-9,https://www.nba.com/game/0022000155/box-score
2021-01-11_POR_TOR,0022000155,2021-01-11,POR,TOR,TOR,Yuta Watanabe,1629139,0,0,DNP - Coach's Decision,0,0,https://www.nba.com/game/0022000155/box-score
2021-01-18_LAL_GSW,0022000212,2021-01-18,LAL,GSW,GSW,Andrew Wiggins,203952,1907,1,,18,-8,https://www.nba.com/game/0022000212/box-score
2021-01-18_LAL_GSW,0022000212,2021-01-18,LAL,GSW,GSW,Brad Wanamaker,202954,1019,0,,4,8,https://www.nba.com/game/0022000212/box-score
2021-01-18_LAL_GSW,0022000212,2021-01-18,LAL,GSW,GSW,Damion Lee,1627814,1085,0,,3,10,https://www.nba.com/game/0022000212/box-score
2021-01-18_LAL_GSW,0022000212,2021-01-18,LAL,GSW,GSW,Draymond Green,203110,1854,1,,7,-8,https://www.nba.com/game/0022000212/box-score
2021-01-18_LAL_GSW,0022000212,2021-01-18,LAL,GSW,GSW,Eric Paschall,1629672,1156,0,,19,1,https://www.nba.com/game/0022000212/box-score
2021-01-18_LAL_GSW,0022000212,2021-01-18,LAL,GSW,GSW,James Wiseman,1630164,771,1,,4,-19,https://www.nba.com/game/0022000212/box-score
2021-01-18_LAL_GSW,0022000212,2021-01-18,LAL,GSW,GSW,Jordan Poole,1629673,323,0,,0,10,https://www.nba.com/game/0022000212/box-score
2021-01-18_LAL_GSW,0022000212,2021-01-18,LAL,GSW,GSW,Kelly Oubre Jr.,1626162,2225,1,,23,5,https://www.nba.com/game/0022000212/box-score
2021-01-18_LAL_GSW,0022000212,2021-01-18,LAL,GSW,GSW,Kent Bazemore,203145,761,0,,4,2,https://www.nba.com/game/0022000212/box-score
2021-01-18_LAL_GSW,0022000212,2021-01-18,LAL,GSW,GSW,Kevon Looney,1626172,1161,0,,7,12,https://www.nba.com/game/0022000212/box-score
2021-01-18_LAL_GSW,0022000212,2021-01-18,LAL,GSW,GSW,Mychal Mulder,1628539,0,0,DNP - Coach's Decision,0,0,https://www.nba.com/game/0022000212/box-score
2021-01-18_LAL_GSW,0022000212,2021-01-18,LAL,GSW,GSW,Stephen Curry,201939,2137,1,,26,-3,https://www.nba.com/game/0022000212/box-score
2021-01-18_LAL_GSW,0022000212,2021-01-18,LAL,GSW,LAL,Alex Caruso,1627936,1170,0,,7,7,https://www.nba.com/game/0022000212/box-score
2021-01-18_LAL_GSW,0022000212,2021-01-18,LAL,GSW,LAL,Alfonzo McKinnie,1628035,0,0,DNP - Coach's Decision,0,0,https://www.nba.com/game/0022000212/box-score
2021-01-18_LAL_GSW,0022000212,2021-01-18,LAL,GSW,LAL,Anthony Davis,203076,2223,1,,17,12,https://www.nba.com/game/0022000212/box-score
2021-01-18_LAL_GSW,0022000212,2021-01-18,LAL,GSW,LAL,Dennis Schroder,203471,1988,1,,25,7,https://www.nba.com/game/0022000212/box-score
2021-01-18_LAL_GSW,0022000212,2021-01-18,LAL,GSW,LAL,Kentavious Caldwell-Pope,203484,1374,1,,4,-2,https://www.nba.com/game/0022000212/box-score
2021-01-18_LAL_GSW,0022000212,2021-01-18,LAL,GSW,LAL,Kyle Kuzma,1628398,1486,0,,15,-13,https://www.nba.com/game/0022000212/box-score
2021-01-18_LAL_GSW,0022000212,2021-01-18,LAL,GSW,LAL,LeBron James,2544,2278,1,,19,-9,https://www.nba.com/game/0022000212/box-score
2021-01-18_LAL_GSW,0022000212,2021-01-18,LAL,GSW,LAL,Marc Gasol,201188,975,1,,5,4,https://www.nba.com/game/0022000212/box-score
2021-01-18_LAL_GSW,0022000212,2021-01-18,LAL,GSW,LAL,Markieff Morris,202693,339,0,,1,-12,https://www.nba.com/game/0022000212/box-score
2021-01-18_LAL_GSW,0022000212,2021-01-18,LAL,GSW,LAL,Montrezl Harrell,1626149,1690,0,,17,2,https://www.nba.com/game/0022000212/box-score
2021-01-18_LAL_GSW,0022000212,2021-01-18,LAL,GSW,LAL,Quinn Cook,1626188,0,0,DNP - Coach's Decision,0,0,https://www.nba.com/game/0022000212/box-score
2021-01-18_LAL_GSW,0022000212,2021-01-18,LAL,GSW,LAL,Talen Horton-Tucker,1629659,0,0,DNP - Coach's Decision,0,0,https://www.nba.com/game/0022000212/box-score
2021-01-18_LAL_GSW,0022000212,2021-01-18,LAL,GSW,LAL,Wesley Matthews,202083,878,0,,3,-6,https://www.nba.com/game/0022000212/box-score
2021-01-24_POR_NYK,0022000256,2021-01-24,POR,NYK,NYK,Alec Burks,202692,1621,1,,18,-5,https://www.nba.com/game/0022000256/box-score
2021-01-24_POR_NYK,0022000256,2021-01-24,POR,NYK,NYK,Austin Rivers,203085,1711,0,,3,6,https://www.nba.com/game/0022000256/box-score
2021-01-24_POR_NYK,0022000256,2021-01-24,POR,NYK,NYK,Dennis Smith Jr.,1628372,0,0,DNP - Coach's Decision,0,0,https://www.nba.com/game/0022000256/box-score
2021-01-24_POR_NYK,0022000256,2021-01-24,POR,NYK,NYK,Elfrid Payton,203901,1440,1,,8,-5,https://www.nba.com/game/0022000256/box-score
2021-01-24_POR_NYK,0022000256,2021-01-24,POR,NYK,NYK,Frank Ntilikina,1628373,0,0,DNP - Coach's Decision,0,0,https://www.nba.com/game/0022000256/box-score
2021-01-24_POR_NYK,0022000256,2021-01-24,POR,NYK,NYK,Ignas Brazdeikis,1629649,0,0,DNP - Coach's Decision,0,0,https://www.nba.com/game/0022000256/box-score
2021-01-24_POR_NYK,0022000256,2021-01-24,POR,NYK,NYK,Immanuel Quickley,1630193,1440,0,,31,2,https://www.nba.com/game/0022000256/box-score
2021-01-24_POR_NYK,0022000256,2021-01-24,POR,NYK,NYK,Julius Randle,203944,1960,1,,25,-4,https://www.nba.com/game/0022000256/box-score
2021-01-24_POR_NYK,0022000256,2021-01-24,POR,NYK,NYK,Kevin Knox II,1628995,1078,0,,2,-3,https://www.nba.com/game/0022000256/box-score
2021-01-24_POR_NYK,0022000256,2021-01-24,POR,NYK,NYK,Mitchell Robinson,1629011,1538,1,,8,0,https://www.nba.com/game/0022000256/box-score
2021-01-24_POR_NYK,0022000256,2021-01-24,POR,NYK,NYK,Nerlens Noel,203457,1342,0,,6,-3,https://www.nba.com/game/0022000256/box-score
2021-01-24_POR_NYK,0022000256,2021-01-24,POR,NYK,NYK,Obi Toppin,1630167,903,0,,4,-1,https://www.nba.com/game/0022000256/box-score
2021-01-24_POR_NYK,0022000256,2021-01-24,POR,NYK,NYK,RJ Barrett,1629628,1367,1,,8,-2,https://www.nba.com/game/0022000256/box-score
2021-01-24_POR_NYK,0022000256,2021-01-24,POR,NYK,NYK,Taj Gibson,201959,0,0,DNP - Coach's Decision,0,0,https://www.nba.com/game/0022000256/box-score
2021-01-24_POR_NYK,0022000256,2021-01-24,POR,NYK,NYK,Theo Pinson,1629033,0,0,DNP - Coach's Decision,0,0,https://www.nba.com/game/0022000256/box-score
2021-01-24_POR_NYK,0022000256,2021-01-24,POR,NYK,POR,Anfernee Simons,1629014,1398,0,,16,4,https://www.nba.com/game/0022000256/box-score
2021-01-24_POR_NYK,0022000256,2021-01-24,POR,NYK,POR,CJ Elleby,1629604,0,0,DNP - Coach's Decision,0,0,https://www.nba.com/game/0022000256/box-score
2021-01-24_POR_NYK,0022000256,2021-01-24,POR,NYK,POR,Carmelo Anthony,2546,1547,0,,12,-7,https://www.nba.com/game/0022000256/box-score
2021-01-24_POR_NYK,0022000256,2021-01-24,POR,NYK,POR,Damian Lillard,203081,2099,1,,39,2,https://www.nba.com/game/0022000256/box-score
2021-01-24_POR_NYK,0022000256,2021-01-24,POR,NYK,POR,Derrick Jones Jr.,1627884,1883,1,,14,2,https://www.nba.com/game/0022000256/box-score
2021-01-24_POR_NYK,0022000256,2021-01-24,POR,NYK,POR,Enes Freedom,202683,1413,1,,8,7,https://www.nba.com/game/0022000256/box-score
2021-01-24_POR_NYK,0022000256,2021-01-24,POR,NYK,POR,Gary Trent Jr.,1629018,1277,0,,11,-7,https://www.nba.com/game/0022000256/box-score
2021-01-24_POR_NYK,0022000256,2021-01-24,POR,NYK,POR,Harry Giles III,1628385,1136,0,,5,-2,https://www.nba.com/game/0022000256/box-score
2021-01-24_POR_NYK,0022000256,2021-01-24,POR,NYK,POR,Nassir Little,1629642,355,0,,0,-3,https://www.nba.com/game/0022000256/box-score
2021-01-24_POR_NYK,0022000256,2021-01-24,POR,NYK,POR,Robert Covington,203496,1671,1,,4,8,https://www.nba.com/game/0022000256/box-score
2021-01-24_POR_NYK,0022000256,2021-01-24,POR,NYK,POR,Rodney Hood,203918,1621,1,,7,11,https://www.nba.com/game/0022000256/box-score
2021-01-25_POR_OKC,0022000267,2021-01-25,POR,OKC,OKC,Aleksej Pokusevski,1630197,1215,0,,6,1,https://www.nba.com/game/0022000267/box-score
2021-01-25_POR_OKC,0022000267,2021-01-25,POR,OKC,OKC,Darius Bazley,1629647,1727,1,,19,-1,https://www.nba.com/game/0022000267/box-score
2021-01-25_POR_OKC,0022000267,2021-01-25,POR,OKC,OKC,Darius Miller,203121,0,0,DNP - Coach's Decision,0,0,https://www.nba.com/game/0022000267/box-score
2021-01-25_POR_OKC,0022000267,2021-01-25,POR,OKC,OKC,Hamidou Diallo,1628977,1277,0,,11,8,https://www.nba.com/game/0022000267/box-score
2021-01-25_POR_OKC,0022000267,2021-01-25,POR,OKC,OKC,Isaiah Roby,1629676,1643,1,,16,-4,https://www.nba.com/game/0022000267/box-score
2021-01-25_POR_OKC,0022000267,2021-01-25,POR,OKC,OKC,Justin Jackson,1628382,963,0,,6,1,https://www.nba.com/game/0022000267/box-score
2021-01-25_POR_OKC,0022000267,2021-01-25,POR,OKC,OKC,Kenrich Williams,1629026,1294,0,,7,-7,https://www.nba.com/game/0022000267/box-score
2021-01-25_POR_OKC,0022000267,2021-01-25,POR,OKC,OKC,Luguentz Dort,1629652,1801,1,,7,5,https://www.nba.com/game/0022000267/box-score
2021-01-25_POR_OKC,0022000267,2021-01-25,POR,OKC,OKC,Mike Muscala,203488,1233,0,,23,10,https://www.nba.com/game/0022000267/box-score
2021-01-25_POR_OKC,0022000267,2021-01-25,POR,OKC,OKC,Moses Brown,1629650,0,0,DNP - Coach's Decision,0,0,https://www.nba.com/game/0022000267/box-score
2021-01-25_POR_OKC,0022000267,2021-01-25,POR,OKC,OKC,Shai Gilgeous-Alexander,1628983,1944,1,,24,1,https://www.nba.com/game/0022000267/box-score
2021-01-25_POR_OKC,0022000267,2021-01-25,POR,OKC,OKC,Theo Maledon,1630177,1304,1,,6,1,https://www.nba.com/game/0022000267/box-score
2021-01-25_POR_OKC,0022000267,2021-01-25,POR,OKC,POR,Anfernee Simons,1629014,1763,0,,26,-9,https://www.nba.com/game/0022000267/box-score
2021-01-25_POR_OKC,0022000267,2021-01-25,POR,OKC,POR,CJ Elleby,1629604,0,0,DNP - Coach's Decision,0,0,https://www.nba.com/game/0022000267/box-score
2021-01-25_POR_OKC,0022000267,2021-01-25,POR,OKC,POR,CJ McCollum,203468,0,0,NWT - Injury/Illness,0,0,https://www.nba.com/game/0022000267/box-score
2021-01-25_POR_OKC,0022000267,2021-01-25,POR,OKC,POR,Carmelo Anthony,2546,2089,1,,22,15,https://www.nba.com/game/0022000267/box-score
2021-01-25_POR_OKC,0022000267,2021-01-25,POR,OKC,POR,Damian Lillard,203081,2315,1,,26,0,https://www.nba.com/game/0022000267/box-score
2021-01-25_POR_OKC,0022000267,2021-01-25,POR,OKC,POR,Derrick Jones Jr.,1627884,1608,1,,5,-14,https://www.nba.com/game/0022000267/box-score
2021-01-25_POR_OKC,0022000267,2021-01-25,POR,OKC,POR,Enes Freedom,202683,1912,1,,13,-1,https://www.nba.com/game/0022000267/box-score
2021-01-25_POR_OKC,0022000267,2021-01-25,POR,OKC,POR,Gary Trent Jr.,1629018,2482,1,,22,-11,https://www.nba.com/game/0022000267/box-score
2021-01-25_POR_OKC,0022000267,2021-01-25,POR,OKC,POR,Harry Giles III,1628385,938,0,,4,1,https://www.nba.com/game/0022000267/box-score
2021-01-25_POR_OKC,0022000267,2021-01-25,POR,OKC,POR,Keljin Blevins,1629833,0,0,DNP - Coach's Decision,0,0,https://www.nba.com/game/0022000267/box-score
2021-01-25_POR_OKC,0022000267,2021-01-25,POR,OKC,POR,Nassir Little,1629642,1294,0,,4,4,https://www.nba.com/game/0022000267/box-score
2021-01-25_POR_OKC,0022000267,2021-01-25,POR,OKC,POR,Rodney Hood,203918,0,0,DNP - Coach's Decision,0,0,https://www.nba.com/game/0022000267/box-score
2021-01-27_PHI_LAL,0022000276,2021-01-27,PHI,LAL,LAL,Alex Caruso,1627936,959,0,,10,8,https://www.nba.com/game/0022000276/box-score
2021-01-27_PHI_LAL,0022000276,2021-01-27,PHI,LAL,LAL,Alfonzo McKinnie,1628035,0,0,DNP - Coach's Decision,0,0,https://www.nba.com/game/0022000276/box-score
2021-01-27_PHI_LAL,0022000276,2021-01-27,PHI,LAL,LAL,Anthony Davis,203076,2074,1,,23,-4,https://www.nba.com/game/0022000276/box-score
2021-01-27_PHI_LAL,0022000276,2021-01-27,PHI,LAL,LAL,Dennis Schroder,203471,1731,1,,16,0,https://www.nba.com/game/0022000276/box-score
2021-01-27_PHI_LAL,0022000276,2021-01-27,PHI,LAL,LAL,Kentavious Caldwell-Pope,203484,1628,1,,3,1,https://www.nba.com/game/0022000276/box-score
2021-01-27_PHI_LAL,0022000276,2021-01-27,PHI,LAL,LAL,Kyle Kuzma,1628398,940,0,,3,-5,https://www.nba.com/game/0022000276/box-score
2021-01-27_PHI_LAL,0022000276,2021-01-27,PHI,LAL,LAL,LeBron James,2544,2312,1,,34,3,https://www.nba.com/game/0022000276/box-score
2021-01-27_PHI_LAL,0022000276,2021-01-27,PHI,LAL,LAL,Marc Gasol,201188,1449,1,,8,-9,https://www.nba.com/game/0022000276/box-score
2021-01-27_PHI_LAL,0022000276,2021-01-27,PHI,LAL,LAL,Markieff Morris,202693,806,0,,4,3,https://www.nba.com/game/0022000276/box-score
2021-01-27_PHI_LAL,0022000276,2021-01-27,PHI,LAL,LAL,Montrezl Harrell,1626149,885,0,,0,-6,https://www.nba.com/game/0022000276/box-score
2021-01-27_PHI_LAL,0022000276,2021-01-27,PHI,LAL,LAL,Quinn Cook,1626188,0,0,DNP - Coach's Decision,0,0,https://www.nba.com/game/0022000276/box-score
2021-01-27_PHI_LAL,0022000276,2021-01-27,PHI,LAL,LAL,Talen Horton-Tucker,1629659,426,0,,2,4,https://www.nba.com/game/0022000276/box-score
2021-01-27_PHI_LAL,0022000276,2021-01-27,PHI,LAL,LAL,Wesley Matthews,202083,1190,0,,3,0,https://www.nba.com/game/0022000276/box-score
2021-01-27_PHI_LAL,0022000276,2021-01-27,PHI,LAL,PHI,Ben Simmons,1627732,2343,1,,17,-11,https://www.nba.com/game/0022000276/box-score
2021-01-27_PHI_LAL,0022000276,2021-01-27,PHI,LAL,PHI,Danny Green,201980,2174,1,,14,8,https://www.nba.com/game/0022000276/box-score
2021-01-27_PHI_LAL,0022000276,2021-01-27,PHI,LAL,PHI,Dwight Howard,2730,448,0,,0,-6,https://www.nba.com/game/0022000276/box-score
2021-01-27_PHI_LAL,0022000276,2021-01-27,PHI,LAL,PHI,Furkan Korkmaz,1627788,637,0,,8,4,https://www.nba.com/game/0022000276/box-score
2021-01-27_PHI_LAL,0022000276,2021-01-27,PHI,LAL,PHI,Isaiah Joe,1630198,0,0,DNP - Coach's Decision,0,0,https://www.nba.com/game/0022000276/box-score
2021-01-27_PHI_LAL,0022000276,2021-01-27,PHI,LAL,PHI,Joel Embiid,203954,2263,1,,28,8,https://www.nba.com/game/0022000276/box-score
2021-01-27_PHI_LAL,0022000276,2021-01-27,PHI,LAL,PHI,Matisse Thybulle,1629680,914,0,,1,1,https://www.nba.com/game/0022000276/box-score
2021-01-27_PHI_LAL,0022000276,2021-01-27,PHI,LAL,PHI,Seth Curry,203552,1832,1,,2,3,https://www.nba.com/game/0022000276/box-score
2021-01-27_PHI_LAL,0022000276,2021-01-27,PHI,LAL,PHI,Shake Milton,1629003,1235,0,,9,5,https://www.nba.com/game/0022000276/box-score
2021-01-27_PHI_LAL,0022000276,2021-01-27,PHI,LAL,PHI,Tobias Harris,202699,2200,1,,24,-3,https://www.nba.com/game/0022000276/box-score
2021-01-27_PHI_LAL,0022000276,2021-01-27,PHI,LAL,PHI,Tony Bradley,1628396,0,0,DNP - Coach's Decision,0,0,https://www.nba.com/game/0022000276/box-score
2021-01-27_PHI_LAL,0022000276,2021-01-27,PHI,LAL,PHI,Tyrese Maxey,1630178,355,0,,4,-4,https://www.nba.com/game/0022000276/box-score
2021-01-27_PHI_LAL,0022000276,2021-01-27,PHI,LAL,PHI,Vincent Poirier,1629738,0,0,DND_HEALTH_AND_SAFETY_PROTOCOLS,0,0,https://www.nba.com/game/0022000276/box-score
2021-01-28_HOU_POR,0022000287,2021-01-28,HOU,POR,HOU,Ben McLemore,203463,0,0,DNP - Coach's Decision,0,0,https://www.nba.com/game/0022000287/box-score
2021-01-28_HOU_POR,0022000287,2021-01-28,HOU,POR,HOU,Brodric Thomas,1630271,0,0,DNP - Coach's Decision,0,0,https://www.nba.com/game/0022000287/box-score
2021-01-28_HOU_POR,0022000287,2021-01-28,HOU,POR,HOU,Christian Wood,1626174,1930,1,,22,16,https://www.nba.com/game/0022000287/box-score
2021-01-28_HOU_POR,0022000287,2021-01-28,HOU,POR,HOU,Danuel House Jr.,1627863,1154,0,,11,9,https://www.nba.com/game/0022000287/box-score
2021-01-28_HOU_POR,0022000287,2021-01-28,HOU,POR,HOU,David Nwaba,1628021,750,0,,2,1,https://www.nba.com/game/0022000287/box-score
2021-01-28_HOU_POR,0022000287,2021-01-28,HOU,POR,HOU,DeMarcus Cousins,202326,663,0,,6,-15,https://www.nba.com/game/0022000287/box-score
2021-01-28_HOU_POR,0022000287,2021-01-28,HOU,POR,HOU,Eric Gordon,201569,1791,0,,8,2,https://www.nba.com/game/0022000287/box-score
2021-01-28_HOU_POR,0022000287,2021-01-28,HOU,POR,HOU,Jae'Sean Tate,1630256,1003,1,,2,-13,https://www.nba.com/game/0022000287/box-score
2021-01-28_HOU_POR,0022000287,2021-01-28,HOU,POR,HOU,John Wall,202322,1784,1,,20,3,https://www.nba.com/game/0022000287/box-score
2021-01-28_HOU_POR,0022000287,2021-01-28,HOU,POR,HOU,Kenyon Martin Jr.,1630231,0,0,DNP - Coach's Decision,0,0,https://www.nba.com/game/0022000287/box-score
2021-01-28_HOU_POR,0022000287,2021-01-28,HOU,POR,HOU,Mason Jones,1630222,0,0,DNP - Coach's Decision,0,0,https://www.nba.com/game/0022000287/box-score
2021-01-28_HOU_POR,0022000287,2021-01-28,HOU,POR,HOU,P.J. Tucker,200782,1887,1,,2,3,https://www.nba.com/game/0022000287/box-score
2021-01-28_HOU_POR,0022000287,2021-01-28,HOU,POR,HOU,Rodions Kurucs,1629066,0,0,DNP - Coach's Decision,0,0,https://www.nba.com/game/0022000287/box-score
2021-01-28_HOU_POR,0022000287,2021-01-28,HOU,POR,HOU,Sterling Brown,1628425,1242,0,,6,5,https://www.nba.com/game/0022000287/box-score
2021-01-28_HOU_POR,0022000287,2021-01-28,HOU,POR,HOU,Victor Oladipo,203506,2196,1,,25,4,https://www.nba.com/game/0022000287/box-score
2021-01-28_HOU_POR,0022000287,2021-01-28,HOU,POR,POR,Anfernee Simons,1629014,1702,0,,14,-8,https://www.nba.com/game/0022000287/box-score
2021-01-28_HOU_POR,0022000287,2021-01-28,HOU,POR,POR,CJ Elleby,1629604,0,0,DNP - Coach's Decision,0,0,https://www.nba.com/game/0022000287/box-score
2021-01-28_HOU_POR,0022000287,2021-01-28,HOU,POR,POR,CJ McCollum,203468,0,0,DNP - Injury/Illness,0,0,https://www.nba.com/game/0022000287/box-score
2021-01-28_HOU_POR,0022000287,2021-01-28,HOU,POR,POR,Carmelo Anthony,2546,2264,1,,6,9,https://www.nba.com/game/0022000287/box-score
2021-01-28_HOU_POR,0022000287,2021-01-28,HOU,POR,POR,Damian Lillard,203081,2261,1,,30,1,https://www.nba.com/game/0022000287/box-score
2021-01-28_HOU_POR,0022000287,2021-01-28,HOU,POR,POR,Derrick Jones Jr.,1627884,1614,1,,11,0,https://www.nba.com/game/0022000287/box-score
2021-01-28_HOU_POR,0022000287,2021-01-28,HOU,POR,POR,Enes Freedom,202683,1973,1,,13,-1,https://www.nba.com/game/0022000287/box-score
2021-01-28_HOU_POR,0022000287,2021-01-28,HOU,POR,POR,Gary Trent Jr.,1629018,2278,1,,23,2,https://www.nba.com/game/0022000287/box-score
2021-01-28_HOU_POR,0022000287,2021-01-28,HOU,POR,POR,Harry Giles III,1628385,886,0,,2,-2,https://www.nba.com/game/0022000287/box-score
2021-01-28_HOU_POR,0022000287,2021-01-28,HOU,POR,POR,Jusuf Nurkic,203994,0,0,DNP - Injury/Illness,0,0,https://www.nba.com/game/0022000287/box-score
2021-01-28_HOU_POR,0022000287,2021-01-28,HOU,POR,POR,Keljin Blevins,1629833,0,0,DNP - Coach's Decision,0,0,https://www.nba.com/game/0022000287/box-score
2021-01-28_HOU_POR,0022000287,2021-01-28,HOU,POR,POR,Nassir Little,1629642,241,0,,0,-9,https://www.nba.com/game/0022000287/box-score
2021-01-28_HOU_POR,0022000287,2021-01-28,HOU,POR,POR,Rodney Hood,203918,1181,0,,2,-7,https://www.nba.com/game/0022000287/box-score
2021-01-28_HOU_POR,0022000287,2021-01-28,HOU,POR,POR,Zach Collins,1628380,0,0,DNP - Injury/Illness,0,0,https://www.nba.com/game/0022000287/box-score
2021-01-30_BOS_LAL,0022000302,2021-01-30,BOS,LAL,BOS,Aaron Nesmith,1630174,501,0,,0,-5,https://www.nba.com/game/0022000302/box-score
2021-01-30_BOS_LAL,0022000302,2021-01-30,BOS,LAL,BOS,Carsen Edwards,1629035,0,0,DNP - Coach's Decision,0,0,https://www.nba.com/game/0022000302/box-score
2021-01-30_BOS_LAL,0022000302,2021-01-30,BOS,LAL,BOS,Daniel Theis,1628464,2090,1,,14,8,https://www.nba.com/game/0022000302/box-score
2021-01-30_BOS_LAL,0022000302,2021-01-30,BOS,LAL,BOS,Grant Williams,1629684,0,0,DNP - Coach's Decision,0,0,https://www.nba.com/game/0022000302/box-score
2021-01-30_BOS_LAL,0022000302,2021-01-30,BOS,LAL,BOS,Javonte Green,1629750,0,0,DNP - Coach's Decision,0,0,https://www.nba.com/game/0022000302/box-score
2021-01-30_BOS_LAL,0022000302,2021-01-30,BOS,LAL,BOS,Jaylen Brown,1627759,2276,1,,28,13,https://www.nba.com/game/0022000302/box-score
2021-01-30_BOS_LAL,0022000302,2021-01-30,BOS,LAL,BOS,Jayson Tatum,1628369,2388,1,,30,0,https://www.nba.com/game/0022000302/box-score
2021-01-30_BOS_LAL,0022000302,2021-01-30,BOS,LAL,BOS,Jeff Teague,201952,921,0,,4,2,https://www.nba.com/game/0022000302/box-score
2021-01-30_BOS_LAL,0022000302,2021-01-30,BOS,LAL,BOS,Kemba Walker,202689,1693,1,,4,-8,https://www.nba.com/game/0022000302/box-score
2021-01-30_BOS_LAL,0022000302,2021-01-30,BOS,LAL,BOS,Marcus Smart,203935,1576,1,,4,-5,https://www.nba.com/game/0022000302/box-score
2021-01-30_BOS_LAL,0022000302,2021-01-30,BOS,LAL,BOS,Robert Williams III,1629057,1108,0,,10,-1,https://www.nba.com/game/0022000302/box-score
2021-01-30_BOS_LAL,0022000302,2021-01-30,BOS,LAL,BOS,Semi Ojeleye,1628400,972,0,,0,-4,https://www.nba.com/game/0022000302/box-score
2021-01-30_BOS_LAL,0022000302,2021-01-30,BOS,LAL,BOS,Tacko Fall,1629605,0,0,DNP - Coach's Decision,0,0,https://www.nba.com/game/0022000302/box-score
2021-01-30_BOS_LAL,0022000302,2021-01-30,BOS,LAL,BOS,Tremont Waters,1629682,0,0,DNP - Coach's Decision,0,0,https://www.nba.com/game/0022000302/box-score
2021-01-30_BOS_LAL,0022000302,2021-01-30,BOS,LAL,BOS,Tristan Thompson,202684,877,0,,1,-5,https://www.nba.com/game/0022000302/box-score
2021-01-30_BOS_LAL,0022000302,2021-01-30,BOS,LAL,LAL,Alex Caruso,1627936,1175,0,,2,14,https://www.nba.com/game/0022000302/box-score
2021-01-30_BOS_LAL,0022000302,2021-01-30,BOS,LAL,LAL,Alfonzo McKinnie,1628035,0,0,DNP - Coach's Decision,0,0,https://www.nba.com/game/0022000302/box-score
2021-01-30_BOS_LAL,0022000302,2021-01-30,BOS,LAL,LAL,Anthony Davis,203076,2148,1,,27,-10,https://www.nba.com/game/0022000302/box-score
2021-01-30_BOS_LAL,0022000302,2021-01-30,BOS,LAL,LAL,Dennis Schroder,203471,1984,1,,12,-5,https://www.nba.com/game/0022000302/box-score
2021-01-30_BOS_LAL,0022000302,2021-01-30,BOS,LAL,LAL,Kentavious Caldwell-Pope,203484,1212,1,,0,-4,https://www.nba.com/game/0022000302/box-score
2021-01-30_BOS_LAL,0022000302,2021-01-30,BOS,LAL,LAL,Kyle Kuzma,1628398,1389,0,,11,1,https://www.nba.com/game/0022000302/box-score
2021-01-30_BOS_LAL,0022000302,2021-01-30,BOS,LAL,LAL,LeBron James,2544,2242,1,,21,11,https://www.nba.com/game/0022000302/box-score
2021-01-30_BOS_LAL,0022000302,2021-01-30,BOS,LAL,LAL,Marc Gasol,201188,1081,1,,1,1,https://www.nba.com/game/0022000302/box-score
2021-01-30_BOS_LAL,0022000302,2021-01-30,BOS,LAL,LAL,Markieff Morris,202693,0,0,DNP - Coach's Decision,0,0,https://www.nba.com/game/0022000302/box-score
2021-01-30_BOS_LAL,0022000302,2021-01-30,BOS,LAL,LAL,Montrezl Harrell,1626149,1791,0,,16,0,https://www.nba.com/game/0022000302/box-score
2021-01-30_BOS_LAL,0022000302,2021-01-30,BOS,LAL,LAL,Quinn Cook,1626188,0,0,DNP - Coach's Decision,0,0,https://www.nba.com/game/0022000302/box-score
2021-01-30_BOS_LAL,0022000302,2021-01-30,BOS,LAL,LAL,Talen Horton-Tucker,1629659,1379,0,,6,-3,https://www.nba.com/game/0022000302/box-score
2021-01-30_BOS_LAL,0022000302,2021-01-30,BOS,LAL,LAL,Wesley Matthews,202083,0,0,DNP - Coach's Decision,0,0,https://www.nba.com/game/0022000302/box-score
2021-02-06_DAL_GSW,0022000360,2021-02-06,DAL,GSW,DAL,Boban Marjanovic,1626246,0,0,DNP - Coach's Decision,0,0,https://www.nba.com/game/0022000360/box-score
2021-02-06_DAL_GSW,0022000360,2021-02-06,DAL,GSW,DAL,Dorian Finney-Smith,1627827,2108,1,,10,3,https://www.nba.com/game/0022000360/box-score
2021-02-06_DAL_GSW,0022000360,2021-02-06,DAL,GSW,DAL,Dwight Powell,203939,991,0,,8,7,https://www.nba.com/game/0022000360/box-score
2021-02-06_DAL_GSW,0022000360,2021-02-06,DAL,GSW,DAL,Jalen Brunson,1628973,1369,0,,7,-14,https://www.nba.com/game/0022000360/box-score
2021-02-06_DAL_GSW,0022000360,2021-02-06,DAL,GSW,DAL,James Johnson,201949,0,0,DNP - Injury/Illness,0,0,https://www.nba.com/game/0022000360/box-score
2021-02-06_DAL_GSW,0022000360,2021-02-06,DAL,GSW,DAL,Josh Green,1630182,0,0,DNP - Coach's Decision,0,0,https://www.nba.com/game/0022000360/box-score
2021-02-06_DAL_GSW,0022000360,2021-02-06,DAL,GSW,DAL,Josh Richardson,1626196,1857,1,,17,6,https://www.nba.com/game/0022000360/box-score
2021-02-06_DAL_GSW,0022000360,2021-02-06,DAL,GSW,DAL,Kristaps Porzingis,204001,1869,1,,18,3,https://www.nba.com/game/0022000360/box-score
2021-02-06_DAL_GSW,0022000360,2021-02-06,DAL,GSW,DAL,Luka Doncic,1629029,2291,1,,42,18,https://www.nba.com/game/0022000360/box-score
2021-02-06_DAL_GSW,0022000360,2021-02-06,DAL,GSW,DAL,Maxi Kleber,1628467,1940,1,,16,3,https://www.nba.com/game/0022000360/box-score
2021-02-06_DAL_GSW,0022000360,2021-02-06,DAL,GSW,DAL,Tim Hardaway Jr.,203501,1646,0,,11,-20,https://www.nba.com/game/0022000360/box-score
2021-02-06_DAL_GSW,0022000360,2021-02-06,DAL,GSW,DAL,Trey Burke,203504,329,0,,5,4,https://www.nba.com/game/0022000360/box-score
2021-02-06_DAL_GSW,0022000360,2021-02-06,DAL,GSW,DAL,Wes Iwundu,1628411,0,0,DNP - Coach's Decision,0,0,https://www.nba.com/game/0022000360/box-score
2021-02-06_DAL_GSW,0022000360,2021-02-06,DAL,GSW,DAL,Willie Cauley-Stein,1626161,0,0,DNP - Coach's Decision,0,0,https://www.nba.com/game/0022000360/box-score
2021-02-06_DAL_GSW,0022000360,2021-02-06,DAL,GSW,GSW,Andrew Wiggins,203952,1736,1,,22,-6,https://www.nba.com/game/0022000360/box-score
2021-02-06_DAL_GSW,0022000360,2021-02-06,DAL,GSW,GSW,Brad Wanamaker,202954,993,0,,5,-6,https://www.nba.com/game/0022000360/box-score
2021-02-06_DAL_GSW,0022000360,2021-02-06,DAL,GSW,GSW,Damion Lee,1627814,1235,0,,2,-9,https://www.nba.com/game/0022000360/box-score
2021-02-06_DAL_GSW,0022000360,2021-02-06,DAL,GSW,GSW,Draymond Green,203110,2224,1,,2,7,https://www.nba.com/game/0022000360/box-score
2021-02-06_DAL_GSW,0022000360,2021-02-06,DAL,GSW,GSW,Eric Paschall,1629672,0,0,DNP - Injury/Illness,0,0,https://www.nba.com/game/0022000360/box-score
2021-02-06_DAL_GSW,0022000360,2021-02-06,DAL,GSW,GSW,James Wiseman,1630164,0,0,DNP - Injury/Illness,0,0,https://www.nba.com/game/0022000360/box-score
2021-02-06_DAL_GSW,0022000360,2021-02-06,DAL,GSW,GSW,Juan Toscano-Anderson,1629308,2018,1,,2,-1,https://www.nba.com/game/0022000360/box-score
2021-02-06_DAL_GSW,0022000360,2021-02-06,DAL,GSW,GSW,Kelly Oubre Jr.,1626162,1964,1,,14,-7,https://www.nba.com/game/0022000360/box-score
2021-02-06_DAL_GSW,0022000360,2021-02-06,DAL,GSW,GSW,Kent Bazemore,203145,1381,0,,20,10,https://www.nba.com/game/0022000360/box-score
2021-02-06_DAL_GSW,0022000360,2021-02-06,DAL,GSW,GSW,Kevon Looney,1626172,0,0,DNP - Injury/Illness,0,0,https://www.nba.com/game/0022000360/box-score
2021-02-06_DAL_GSW,0022000360,2021-02-06,DAL,GSW,GSW,Mychal Mulder,1628539,626,0,,8,-5,https://www.nba.com/game/0022000360/box-score
2021-02-06_DAL_GSW,0022000360,2021-02-06,DAL,GSW,GSW,Stephen Curry,201939,2224,1,,57,7,https://www.nba.com/game/0022000360/box-score
2021-02-10_DAL_ATL,0022000384,2021-02-10,DAL,ATL,ATL,Brandon Goodwin,1629164,215,0,,0,-3,https://www.nba.com/game/0022000384/box-score
2021-02-10_DAL_ATL,0022000384,2021-02-10,DAL,ATL,ATL,Bruno Fernando,1628981,0,0,DNP - Coach's Decision,0,0,https://www.nba.com/game/0022000384/box-score
2021-02-10_DAL_ATL,0022000384,2021-02-10,DAL,ATL,ATL,Cam Reddish,1629629,1593,1,,7,0,https://www.nba.com/game/0022000384/box-score
2021-02-10_DAL_ATL,0022000384,2021-02-10,DAL,ATL,ATL,Clint Capela,203991,1264,1,,6,1,https://www.nba.com/game/0022000384/box-score
2021-02-10_DAL_ATL,0022000384,2021-02-10,DAL,ATL,ATL,Danilo Gallinari,201568,1807,0,,11,-2,https://www.nba.com/game/0022000384/box-score
2021-02-10_DAL_ATL,0022000384,2021-02-10,DAL,ATL,ATL,John Collins,1628381,2300,1,,33,11,https://www.nba.com/game/0022000384/box-score
2021-02-10_DAL_ATL,0022000384,2021-02-10,DAL,ATL,ATL,Kevin Huerter,1628989,2088,1,,23,1,https://www.nba.com/game/0022000384/box-score
2021-02-10_DAL_ATL,0022000384,2021-02-10,DAL,ATL,ATL,Nathan Knight,1630233,0,0,DNP - Coach's Decision,0,0,https://www.nba.com/game/0022000384/box-score
2021-02-10_DAL_ATL,0022000384,2021-02-10,DAL,ATL,ATL,Onyeka Okongwu,1630168,355,0,,0,-13,https://www.nba.com/game/0022000384/box-score
2021-02-10_DAL_ATL,0022000384,2021-02-10,DAL,ATL,ATL,Skylar Mays,1630219,10,0,,0,0,https://www.nba.com/game/0022000384/box-score
2021-02-10_DAL_ATL,0022000384,2021-02-10,DAL,ATL,ATL,Solomon Hill,203524,578,0,,6,-11,https://www.nba.com/game/0022000384/box-score
2021-02-10_DAL_ATL,0022000384,2021-02-10,DAL,ATL,ATL,Tony Snell,203503,1669,0,,6,4,https://www.nba.com/game/0022000384/box-score
2021-02-10_DAL_ATL,0022000384,2021-02-10,DAL,ATL,ATL,Trae Young,1629027,2520,1,,25,7,https://www.nba.com/game/0022000384/box-score
2021-02-10_DAL_ATL,0022000384,2021-02-10,DAL,ATL,DAL,Boban Marjanovic,1626246,0,0,DNP - Coach's Decision,0,0,https://www.nba.com/game/0022000384/box-score
2021-02-10_DAL_ATL,0022000384,2021-02-10,DAL,ATL,DAL,Dorian Finney-Smith,1627827,2236,1,,8,8,https://www.nba.com/game/0022000384/box-score
2021-02-10_DAL_ATL,0022000384,2021-02-10,DAL,ATL,DAL,Dwight Powell,203939,292,0,,0,4,https://www.nba.com/game/0022000384/box-score
2021-02-10_DAL_ATL,0022000384,2021-02-10,DAL,ATL,DAL,Jalen Brunson,1628973,1806,0,,21,7,https://www.nba.com/game/0022000384/box-score
2021-02-10_DAL_ATL,0022000384,2021-02-10,DAL,ATL,DAL,James Johnson,201949,0,0,DNP - Coach's Decision,0,0,https://www.nba.com/game/0022000384/box-score
2021-02-10_DAL_ATL,0022000384,2021-02-10,DAL,ATL,DAL,Josh Green,1630182,0,0,DNP - Coach's Decision,0,0,https://www.nba.com/game/0022000384/box-score
2021-02-10_DAL_ATL,0022000384,2021-02-10,DAL,ATL,DAL,Josh Richardson,1626196,1759,1,,10,-14,https://www.nba.com/game/0022000384/box-score
2021-02-10_DAL_ATL,0022000384,2021-02-10,DAL,ATL,DAL,Kristaps Porzingis,204001,1168,1,,15,-10,https://www.nba.com/game/0022000384/box-score
2021-02-10_DAL_ATL,0022000384,2021-02-10,DAL,ATL,DAL,Luka Doncic,1629029,2195,1,,28,9,https://www.nba.com/game/0022000384/box-score
2021-02-10_DAL_ATL,0022000384,2021-02-10,DAL,ATL,DAL,Maxi Kleber,1628467,1529,1,,6,-24,https://www.nba.com/game/0022000384/box-score
2021-02-10_DAL_ATL,0022000384,2021-02-10,DAL,ATL,DAL,Tim Hardaway Jr.,203501,1735,0,,16,10,https://www.nba.com/game/0022000384/box-score
2021-02-10_DAL_ATL,0022000384,2021-02-10,DAL,ATL,DAL,Trey Burke,203504,274,0,,0,-4,https://www.nba.com/game/0022000384/box-score
2021-02-10_DAL_ATL,0022000384,2021-02-10,DAL,ATL,DAL,Wes Iwundu,1628411,0,0,DNP - Coach's Decision,0,0,https://www.nba.com/game/0022000384/box-score
2021-02-10_DAL_ATL,0022000384,2021-02-10,DAL,ATL,DAL,Willie Cauley-Stein,1626161,1406,0,,14,19,https://www.nba.com/game/0022000384/box-score
2021-02-10_LAL_OKC,0022000390,2021-02-10,LAL,OKC,LAL,Alfonzo McKinnie,1628035,0,0,DNP - Coach's Decision,0,0,https://www.nba.com/game/0022000390/box-score
2021-02-10_LAL_OKC,0022000390,2021-02-10,LAL,OKC,LAL,Dennis Schroder,203471,2303,1,,19,3,https://www.nba.com/game/0022000390/box-score
2021-02-10_LAL_OKC,0022000390,2021-02-10,LAL,OKC,LAL,Devontae Cacok,1629719,0,0,DNP - Coach's Decision,0,0,https://www.nba.com/game/0022000390/box-score
2021-02-10_LAL_OKC,0022000390,2021-02-10,LAL,OKC,LAL,Kentavious Caldwell-Pope,203484,1232,1,,4,-3,https://www.nba.com/game/0022000390/box-score
2021-02-10_LAL_OKC,0022000390,2021-02-10,LAL,OKC,LAL,Kyle Kuzma,1628398,2338,1,,15,8,https://www.nba.com/game/0022000390/box-score
2021-02-10_LAL_OKC,0022000390,2021-02-10,LAL,OKC,LAL,LeBron James,2544,2463,1,,25,6,https://www.nba.com/game/0022000390/box-score
2021-02-10_LAL_OKC,0022000390,2021-02-10,LAL,OKC,LAL,Marc Gasol,201188,1221,1,,8,0,https://www.nba.com/game/0022000390/box-score
2021-02-10_LAL_OKC,0022000390,2021-02-10,LAL,OKC,LAL,Markieff Morris,202693,1481,0,,9,5,https://www.nba.com/game/0022000390/box-score
2021-02-10_LAL_OKC,0022000390,2021-02-10,LAL,OKC,LAL,Montrezl Harrell,1626149,1959,0,,20,1,https://www.nba.com/game/0022000390/box-score
2021-02-10_LAL_OKC,0022000390,2021-02-10,LAL,OKC,LAL,Quinn Cook,1626188,0,0,DNP - Coach's Decision,0,0,https://www.nba.com/game/0022000390/box-score
2021-02-10_LAL_OKC,0022000390,2021-02-10,LAL,OKC,LAL,Talen Horton-Tucker,1629659,1113,0,,4,-8,https://www.nba.com/game/0022000390/box-score
2021-02-10_LAL_OKC,0022000390,2021-02-10,LAL,OKC,LAL,Wesley Matthews,202083,1790,0,,10,-7,https://www.nba.com/game/0022000390/box-score
2021-02-10_LAL_OKC,0022000390,2021-02-10,LAL,OKC,OKC,Al Horford,201143,2035,1,,25,5,https://www.nba.com/game/0022000390/box-score
2021-02-10_LAL_OKC,0022000390,2021-02-10,LAL,OKC,OKC,Darius Bazley,1629647,2570,1,,9,-12,https://www.nba.com/game/0022000390/box-score
2021-02-10_LAL_OKC,0022000390,2021-02-10,LAL,OKC,OKC,Darius Miller,203121,871,0,,8,0,https://www.nba.com/game/0022000390/box-score
2021-02-10_LAL_OKC,0022000390,2021-02-10,LAL,OKC,OKC,George Hill,201588,0,0,DNP - Injury/Illness,0,0,https://www.nba.com/game/0022000390/box-score
2021-02-10_LAL_OKC,0022000390,2021-02-10,LAL,OKC,OKC,Hamidou Diallo,1628977,2253,1,,15,8,https://www.nba.com/game/0022000390/box-score
2021-02-10_LAL_OKC,0022000390,2021-02-10,LAL,OKC,OKC,Isaiah Roby,1629676,0,0,DNP - Injury/Illness,0,0,https://www.nba.com/game/0022000390/box-score
2021-02-10_LAL_OKC,0022000390,2021-02-10,LAL,OKC,OKC,Justin Jackson,1628382,1637,0,,9,2,https://www.nba.com/game/0022000390/box-score
2021-02-10_LAL_OKC,0022000390,2021-02-10,LAL,OKC,OKC,Kenrich Williams,1629026,2416,1,,24,-2,https://www.nba.com/game/0022000390/box-score
2021-02-10_LAL_OKC,0022000390,2021-02-10,LAL,OKC,OKC,Luguentz Dort,1629652,2469,1,,17,-8,https://www.nba.com/game/0022000390/box-score
2021-02-10_LAL_OKC,0022000390,2021-02-10,LAL,OKC,OKC,Mike Muscala,203488,1650,0,,6,2,https://www.nba.com/game/0022000390/box-score
2021-02-10_LAL_OKC,0022000390,2021-02-10,LAL,OKC,OKC,Shai Gilgeous-Alexander,1628983,0,0,DND - Injury/Illness,0,0,https://www.nba.com/game/0022000390/box-score
2021-02-10_LAL_OKC,0022000390,2021-02-10,LAL,OKC,OKC,Theo Maledon,1630177,0,0,NWT - Health and Safety Protocols,0,0,https://www.nba.com/game/0022000390/box-score
2021-02-14_DAL_POR,0022000411,2021-02-14,DAL,POR,DAL,Boban Marjanovic,1626246,0,0,DNP - Coach's Decision,0,0,https://www.nba.com/game/0022000411/box-score
2021-02-14_DAL_POR,0022000411,2021-02-14,DAL,POR,DAL,Dorian Finney-Smith,1627827,2073,1,,14,-10,https://www.nba.com/game/0022000411/box-score
2021-02-14_DAL_POR,0022000411,2021-02-14,DAL,POR,DAL,Dwight Powell,203939,0,0,DNP - Coach's Decision,0,0,https://www.nba.com/game/0022000411/box-score
2021-02-14_DAL_POR,0022000411,2021-02-14,DAL,POR,DAL,Jalen Brunson,1628973,2057,0,,11,14,https://www.nba.com/game/0022000411/box-score
2021-02-14_DAL_POR,0022000411,2021-02-14,DAL,POR,DAL,James Johnson,201949,0,0,DNP - Coach's Decision,0,0,https://www.nba.com/game/0022000411/box-score
2021-02-14_DAL_POR,0022000411,2021-02-14,DAL,POR,DAL,Josh Green,1630182,0,0,DNP - Coach's Decision,0,0,https://www.nba.com/game/0022000411/box-score
2021-02-14_DAL_POR,0022000411,2021-02-14,DAL,POR,DAL,Josh Richardson,1626196,1501,1,,6,-3,https://www.nba.com/game/0022000411/box-score
2021-02-14_DAL_POR,0022000411,2021-02-14,DAL,POR,DAL,Kristaps Porzingis,204001,1871,1,,18,-6,https://www.nba.com/game/0022000411/box-score
2021-02-14_DAL_POR,0022000411,2021-02-14,DAL,POR,DAL,Luka Doncic,1629029,2181,1,,44,-10,https://www.nba.com/game/0022000411/box-score
2021-02-14_DAL_POR,0022000411,2021-02-14,DAL,POR,DAL,Maxi Kleber,1628467,1510,1,,8,-11,https://www.nba.com/game/0022000411/box-score
2021-02-14_DAL_POR,0022000411,2021-02-14,DAL,POR,DAL,Tim Hardaway Jr.,203501,1642,0,,12,-2,https://www.nba.com/game/0022000411/box-score
2021-02-14_DAL_POR,0022000411,2021-02-14,DAL,POR,DAL,Trey Burke,203504,579,0,,3,8,https://www.nba.com/game/0022000411/box-score
2021-02-14_DAL_POR,0022000411,2021-02-14,DAL,POR,DAL,Wes Iwundu,1628411,0,0,DNP - Coach's Decision,0,0,https://www.nba.com/game/0022000411/box-score
2021-02-14_DAL_POR,0022000411,2021-02-14,DAL,POR,DAL,Willie Cauley-Stein,1626161,986,0,,2,5,https://www.nba.com/game/0022000411/box-score
2021-02-14_DAL_POR,0022000411,2021-02-14,DAL,POR,POR,Anfernee Simons,1629014,1456,0,,12,-5,https://www.nba.com/game/0022000411/box-score
2021-02-14_DAL_POR,0022000411,2021-02-14,DAL,POR,POR,CJ Elleby,1629604,0,0,DNP - Coach's Decision,0,0,https://www.nba.com/game/0022000411/box-score
2021-02-14_DAL_POR,0022000411,2021-02-14,DAL,POR,POR,CJ McCollum,203468,0,0,DNP - Injury/Illness,0,0,https://www.nba.com/game/0022000411/box-score
2021-02-14_DAL_POR,0022000411,2021-02-14,DAL,POR,POR,Carmelo Anthony,2546,1887,0,,15,9,https://www.nba.com/game/0022000411/box-score
2021-02-14_DAL_POR,0022000411,2021-02-14,DAL,POR,POR,Damian Lillard,203081,2188,1,,34,11,https://www.nba.com/game/0022000411/box-score
2021-02-14_DAL_POR,0022000411,2021-02-14,DAL,POR,POR,Derrick Jones Jr.,1627884,1936,1,,6,2,https://www.nba.com/game/0022000411/box-score
2021-02-14_DAL_POR,0022000411,2021-02-14,DAL,POR,POR,Enes Freedom,202683,1403,1,,14,3,https://www.nba.com/game/0022000411/box-score
2021-02-14_DAL_POR,0022000411,2021-02-14,DAL,POR,POR,Gary Trent Jr.,1629018,2136,1,,17,2,https://www.nba.com/game/0022000411/box-score
2021-02-14_DAL_POR,0022000411,2021-02-14,DAL,POR,POR,Harry Giles III,1628385,781,0,,5,-11,https://www.nba.com/game/0022000411/box-score
2021-02-14_DAL_POR,0022000411,2021-02-14,DAL,POR,POR,Jusuf Nurkic,203994,0,0,DNP - Injury/Illness,0,0,https://www.nba.com/game/0022000411/box-score
2021-02-14_DAL_POR,0022000411,2021-02-14,DAL,POR,POR,Keljin Blevins,1629833,0,0,DNP - Coach's Decision,0,0,https://www.nba.com/game/0022000411/box-score
2021-02-14_DAL_POR,0022000411,2021-02-14,DAL,POR,POR,Nassir Little,1629642,299,0,,3,0,https://www.nba.com/game/0022000411/box-score
2021-02-14_DAL_POR,0022000411,2021-02-14,DAL,POR,POR,Robert Covington,203496,2314,1,,15,4,https://www.nba.com/game/0022000411/box-score
2021-02-14_DAL_POR,0022000411,2021-02-14,DAL,POR,POR,Zach Collins,1628380,0,0,DNP - Injury/Illness,0,0,https://www.nba.com/game/0022000411/box-score
2021-02-17_NOP_POR,0022000441,2021-02-17,NOP,POR,NOP,Brandon Ingram,1627742,1947,1,,14,-13,https://www.nba.com/game/0022000441/box-score
2021-02-17_NOP_POR,0022000441,2021-02-17,NOP,POR,NOP,Eric Bledsoe,202339,1393,1,,10,-14,https://www.nba.com/game/0022000441/box-score
2021-02-17_NOP_POR,0022000441,2021-02-17,NOP,POR,NOP,JJ Redick,200755,1186,0,,16,16,https://www.nba.com/game/0022000441/box-score
2021-02-17_NOP_POR,0022000441,2021-02-17,NOP,POR,NOP,Jaxson Hayes,1629637,518,0,,4,4,https://www.nba.com/game/0022000441/box-score
2021-02-17_NOP_POR,0022000441,2021-02-17,NOP,POR,NOP,Josh Hart,1628404,1821,0,,4,9,https://www.nba.com/game/0022000441/box-score
2021-02-17_NOP_POR,0022000441,2021-02-17,NOP,POR,NOP,Kira Lewis Jr.,1630184,1049,0,,6,11,https://www.nba.com/game/0022000441/box-score
2021-02-17_NOP_POR,0022000441,2021-02-17,NOP,POR,NOP,Lonzo Ball,1628366,2138,1,,21,-19,https://www.nba.com/game/0022000441/box-score
2021-02-17_NOP_POR,0022000441,2021-02-17,NOP,POR,NOP,Nickeil Alexander-Walker,1629638,0,0,DNP - Coach's Decision,0,0,https://www.nba.com/game/0022000441/box-score
2021-02-17_NOP_POR,0022000441,2021-02-17,NOP,POR,NOP,Nicolo Melli,1629740,0,0,DNP - Coach's Decision,0,0,https://www.nba.com/game/0022000441/box-score
2021-02-17_NOP_POR,0022000441,2021-02-17,NOP,POR,NOP,Sindarius Thornwell,1628414,0,0,DNP - Coach's Decision,0,0,https://www.nba.com/game/0022000441/box-score
2021-02-17_NOP_POR,0022000441,2021-02-17,NOP,POR,NOP,Steven Adams,203500,575,1,,2,-8,https://www.nba.com/game/0022000441/box-score
2021-02-17_NOP_POR,0022000441,2021-02-17,NOP,POR,NOP,Wenyen Gabriel,1629117,0,0,DNP - Coach's Decision,0,0,https://www.nba.com/game/0022000441/box-score
2021-02-17_NOP_POR,0022000441,2021-02-17,NOP,POR,NOP,Willy Hernangomez,1626195,1742,0,,11,8,https://www.nba.com/game/0022000441/box-score
2021-02-17_NOP_POR,0022000441,2021-02-17,NOP,POR,NOP,Zion Williamson,1629627,2031,1,,36,-4,https://www.nba.com/game/0022000441/box-score
2021-02-17_NOP_POR,0022000441,2021-02-17,NOP,POR,POR,Anfernee Simons,1629014,1489,0,,7,-9,https://www.nba.com/game/0022000441/box-score
2021-02-17_NOP_POR,0022000441,2021-02-17,NOP,POR,POR,CJ Elleby,1629604,0,0,DNP - Coach's Decision,0,0,https://www.nba.com/game/0022000441/box-score
2021-02-17_NOP_POR,0022000441,2021-02-17,NOP,POR,POR,CJ McCollum,203468,0,0,DNP - Injury/Illness,0,0,https://www.nba.com/game/0022000441/box-score
2021-02-17_NOP_POR,0022000441,2021-02-17,NOP,POR,POR,Carmelo Anthony,2546,1181,0,,12,-6,https://www.nba.com/game/0022000441/box-score
2021-02-17_NOP_POR,0022000441,2021-02-17,NOP,POR,POR,Damian Lillard,203081,2271,1,,43,14,https://www.nba.com/game/0022000441/box-score
2021-02-17_NOP_POR,0022000441,2021-02-17,NOP,POR,POR,Derrick Jones Jr.,1627884,1905,1,,13,3,https://www.nba.com/game/0022000441/box-score
2021-02-17_NOP_POR,0022000441,2021-02-17,NOP,POR,POR,Enes Freedom,202683,1829,1,,11,10,https://www.nba.com/game/0022000441/box-score
2021-02-17_NOP_POR,0022000441,2021-02-17,NOP,POR,POR,Gary Trent Jr.,1629018,2036,1,,23,7,https://www.nba.com/game/0022000441/box-score
2021-02-17_NOP_POR,0022000441,2021-02-17,NOP,POR,POR,Jusuf Nurkic,203994,0,0,DNP - Injury/Illness,0,0,https://www.nba.com/game/0022000441/box-score
2021-02-17_NOP_POR,0022000441,2021-02-17,NOP,POR,POR,Keljin Blevins,1629833,0,0,DNP - Coach's Decision,0,0,https://www.nba.com/game/0022000441/box-score
2021-02-17_NOP_POR,0022000441,2021-02-17,NOP,POR,POR,Nassir Little,1629642,271,0,,0,-10,https://www.nba.com/game/0022000441/box-score
2021-02-17_NOP_POR,0022000441,2021-02-17,NOP,POR,POR,Robert Covington,203496,2294,1,,12,12,https://www.nba.com/game/0022000441/box-score
2021-02-17_NOP_POR,0022000441,2021-02-17,NOP,POR,POR,Rodney Hood,203918,1124,0,,5,-11,https://www.nba.com/game/0022000441/box-score
2021-02-17_NOP_POR,0022000441,2021-02-17,NOP,POR,POR,Zach Collins,1628380,0,0,DNP - Injury/Illness,0,0,https://www.nba.com/game/0022000441/box-score
2021-02-20_LAL_MIA,0022000463,2021-02-20,LAL,MIA,LAL,Alex Caruso,1627936,1185,0,,0,-5,https://www.nba.com/game/0022000463/box-score
2021-02-20_LAL_MIA,0022000463,2021-02-20,LAL,MIA,LAL,Alfonzo McKinnie,1628035,0,0,DNP - Coach's Decision,0,0,https://www.nba.com/game/0022000463/box-score
2021-02-20_LAL_MIA,0022000463,2021-02-20,LAL,MIA,LAL,Devontae Cacok,1629719,0,0,DNP - Coach's Decision,0,0,https://www.nba.com/game/0022000463/box-score
2021-02-20_LAL_MIA,0022000463,2021-02-20,LAL,MIA,LAL,Jared Dudley,201162,0,0,DNP - Coach's Decision,0,0,https://www.nba.com/game/0022000463/box-score
2021-02-20_LAL_MIA,0022000463,2021-02-20,LAL,MIA,LAL,Kentavious Caldwell-Pope,203484,2118,1,,11,4,https://www.nba.com/game/0022000463/box-score
2021-02-20_LAL_MIA,0022000463,2021-02-20,LAL,MIA,LAL,Kostas Antetokounmpo,1628961,0,0,DNP - Coach's Decision,0,0,https://www.nba.com/game/0022000463/box-score
2021-02-20_LAL_MIA,0022000463,2021-02-20,LAL,MIA,LAL,Kyle Kuzma,1628398,2054,1,,23,-6,https://www.nba.com/game/0022000463/box-score
2021-02-20_LAL_MIA,0022000463,2021-02-20,LAL,MIA,LAL,LeBron James,2544,2247,1,,19,11,https://www.nba.com/game/0022000463/box-score
2021-02-20_LAL_MIA,0022000463,2021-02-20,LAL,MIA,LAL,Marc Gasol,201188,1457,1,,6,3,https://www.nba.com/game/0022000463/box-score
2021-02-20_LAL_MIA,0022000463,2021-02-20,LAL,MIA,LAL,Markieff Morris,202693,1048,0,,2,-8,https://www.nba.com/game/0022000463/box-score
2021-02-20_LAL_MIA,0022000463,2021-02-20,LAL,MIA,LAL,Montrezl Harrell,1626149,1411,0,,18,-7,https://www.nba.com/game/0022000463/box-score
2021-02-20_LAL_MIA,0022000463,2021-02-20,LAL,MIA,LAL,Quinn Cook,1626188,0,0,DNP - Coach's Decision,0,0,https://www.nba.com/game/0022000463/box-score
2021-02-20_LAL_MIA,0022000463,2021-02-20,LAL,MIA,LAL,Talen Horton-Tucker,1629659,1048,0,,5,-8,https://www.nba.com/game/0022000463/box-score
2021-02-20_LAL_MIA,0022000463,2021-02-20,LAL,MIA,LAL,Wesley Matthews,202083,1832,1,,10,6,https://www.nba.com/game/0022000463/box-score
2021-02-20_LAL_MIA,0022000463,2021-02-20,LAL,MIA,MIA,Andre Iguodala,2738,1491,0,,3,-9,https://www.nba.com/game/0022000463/box-score
2021-02-20_LAL_MIA,0022000463,2021-02-20,LAL,MIA,MIA,Avery Bradley,202340,0,0,NWT - Not With Team,0,0,https://www.nba.com/game/0022000463/box-score
2021-02-20_LAL_MIA,0022000463,2021-02-20,LAL,MIA,MIA,Bam Adebayo,1628389,2184,1,,16,-8,https://www.nba.com/game/0022000463/box-score
2021-02-20_LAL_MIA,0022000463,2021-02-20,LAL,MIA,MIA,Duncan Robinson,1629130,1976,1,,11,0,https://www.nba.com/game/0022000463/box-score
2021-02-20_LAL_MIA,0022000463,2021-02-20,LAL,MIA,MIA,Gabe Vincent,1629216,326,0,,0,-9,https://www.nba.com/game/0022000463/box-score
2021-02-20_LAL_MIA,0022000463,2021-02-20,LAL,MIA,MIA,Goran Dragic,201609,0,0,NWT - Not With Team,0,0,https://www.nba.com/game/0022000463/box-score
2021-02-20_LAL_MIA,0022000463,2021-02-20,LAL,MIA,MIA,Jimmy Butler,202710,2045,1,,24,0,https://www.nba.com/game/0022000463/box-score
2021-02-20_LAL_MIA,0022000463,2021-02-20,LAL,MIA,MIA,KZ Okpala,1629644,0,0,DNP - Coach's Decision,0,0,https://www.nba.com/game/0022000463/box-score
2021-02-20_LAL_MIA,0022000463,2021-02-20,LAL,MIA,MIA,Kelly Olynyk,203482,1735,1,,4,14,https://www.nba.com/game/0022000463/box-score
2021-02-20_LAL_MIA,0022000463,2021-02-20,LAL,MIA,MIA,Kendrick Nunn,1629134,2390,1,,27,9,https://www.nba.com/game/0022000463/box-score
2021-02-20_LAL_MIA,0022000463,2021-02-20,LAL,MIA,MIA,Maurice Harkless,203090,0,0,DNP - Coach's Decision,0,0,https://www.nba.com/game/0022000463/box-score
2021-02-20_LAL_MIA,0022000463,2021-02-20,LAL,MIA,MIA,Max Strus,1629622,732,0,,2,1,https://www.nba.com/game/0022000463/box-score
2021-02-20_LAL_MIA,0022000463,2021-02-20,LAL,MIA,MIA,Precious Achiuwa,1630173,696,0,,4,10,https://www.nba.com/game/0022000463/box-score
2021-02-20_LAL_MIA,0022000463,2021-02-20,LAL,MIA,MIA,Tyler Herro,1629639,825,0,,5,2,https://www.nba.com/game/0022000463/box-score
2021-02-20_LAL_MIA,0022000463,2021-02-20,LAL,MIA,MIA,Udonis Haslem,2617,0,0,DNP - Coach's Decision,0,0,https://www.nba.com/game/0022000463/box-score
2021-02-23_DAL_BOS,0022000485,2021-02-23,DAL,BOS,BOS,Aaron Nesmith,1630174,1332,0,,0,5,https://www.nba.com/game/0022000485/box-score
2021-02-23_DAL_BOS,0022000485,2021-02-23,DAL,BOS,BOS,Carsen Edwards,1629035,0,0,DNP - Coach's Decision,0,0,https://www.nba.com/game/0022000485/box-score
2021-02-23_DAL_BOS,0022000485,2021-02-23,DAL,BOS,BOS,Daniel Theis,1628464,1555,1,,2,-2,https://www.nba.com/game/0022000485/box-score
2021-02-23_DAL_BOS,0022000485,2021-02-23,DAL,BOS,BOS,Grant Williams,1629684,398,0,,0,5,https://www.nba.com/game/0022000485/box-score
2021-02-23_DAL_BOS,0022000485,2021-02-23,DAL,BOS,BOS,Javonte Green,1629750,0,0,DNP - Coach's Decision,0,0,https://www.nba.com/game/0022000485/box-score
2021-02-23_DAL_BOS,0022000485,2021-02-23,DAL,BOS,BOS,Jaylen Brown,1627759,2253,1,,29,3,https://www.nba.com/game/0022000485/box-score
2021-02-23_DAL_BOS,0022000485,2021-02-23,DAL,BOS,BOS,Jayson Tatum,1628369,2136,1,,28,-6,https://www.nba.com/game/0022000485/box-score
2021-02-23_DAL_BOS,0022000485,2021-02-23,DAL,BOS,BOS,Jeff Teague,201952,0,0,DNP - Coach's Decision,0,0,https://www.nba.com/game/0022000485/box-score
2021-02-23_DAL_BOS,0022000485,2021-02-23,DAL,BOS,BOS,Kemba Walker,202689,2002,1,,21,9,https://www.nba.com/game/0022000485/box-score
2021-02-23_DAL_BOS,0022000485,2021-02-23,DAL,BOS,BOS,Payton Pritchard,1630202,1147,0,,7,-11,https://www.nba.com/game/0022000485/box-score
2021-02-23_DAL_BOS,0022000485,2021-02-23,DAL,BOS,BOS,Robert Williams III,1629057,845,0,,4,-6,https://www.nba.com/game/0022000485/box-score
2021-02-23_DAL_BOS,0022000485,2021-02-23,DAL,BOS,BOS,Semi Ojeleye,1628400,1432,0,,8,-18,https://www.nba.com/game/0022000485/box-score
2021-02-23_DAL_BOS,0022000485,2021-02-23,DAL,BOS,BOS,Tacko Fall,1629605,0,0,,0,0,https://www.nba.com/game/0022000485/box-score
2021-02-23_DAL_BOS,0022000485,2021-02-23,DAL,BOS,BOS,Tremont Waters,1629682,0,0,DNP - Coach's Decision,0,0,https://www.nba.com/game/0022000485/box-score
2021-02-23_DAL_BOS,0022000485,2021-02-23,DAL,BOS,BOS,Tristan Thompson,202684,1300,1,,8,6,https://www.nba.com/game/0022000485/box-score
2021-02-23_DAL_BOS,0022000485,2021-02-23,DAL,BOS,DAL,Boban Marjanovic,1626246,779,0,,10,13,https://www.nba.com/game/0022000485/box-score
2021-02-23_DAL_BOS,0022000485,2021-02-23,DAL,BOS,DAL,Dorian Finney-Smith,1627827,2312,1,,0,4,https://www.nba.com/game/0022000485/box-score
2021-02-23_DAL_BOS,0022000485,2021-02-23,DAL,BOS,DAL,Dwight Powell,203939,650,1,,4,-7,https://www.nba.com/game/0022000485/box-score
2021-02-23_DAL_BOS,0022000485,2021-02-23,DAL,BOS,DAL,Jalen Brunson,1628973,1812,0,,22,6,https://www.nba.com/game/0022000485/box-score
2021-02-23_DAL_BOS,0022000485,2021-02-23,DAL,BOS,DAL,James Johnson,201949,1684,1,,8,4,https://www.nba.com/game/0022000485/box-score
2021-02-23_DAL_BOS,0022000485,2021-02-23,DAL,BOS,DAL,Josh Richardson,1626196,1791,1,,16,-9,https://www.nba.com/game/0022000485/box-score
2021-02-23_DAL_BOS,0022000485,2021-02-23,DAL,BOS,DAL,Luka Doncic,1629029,2273,1,,31,5,https://www.nba.com/game/0022000485/box-score
2021-02-23_DAL_BOS,0022000485,2021-02-23,DAL,BOS,DAL,Maxi Kleber,1628467,0,0,DNP - Injury/Illness,0,0,https://www.nba.com/game/0022000485/box-score
2021-02-23_DAL_BOS,0022000485,2021-02-23,DAL,BOS,DAL,Tim Hardaway Jr.,203501,1486,0,,14,7,https://www.nba.com/game/0022000485/box-score
2021-02-23_DAL_BOS,0022000485,2021-02-23,DAL,BOS,DAL,Trey Burke,203504,177,0,,0,-4,https://www.nba.com/game/0022000485/box-score
2021-02-23_DAL_BOS,0022000485,2021-02-23,DAL,BOS,DAL,Wes Iwundu,1628411,0,0,DNP - Coach's Decision,0,0,https://www.nba.com/game/0022000485/box-score
2021-02-23_DAL_BOS,0022000485,2021-02-23,DAL,BOS,DAL,Willie Cauley-Stein,1626161,1436,0,,5,-4,https://www.nba.com/game/0022000485/box-score
2021-02-27_SAS_NOP,0022000514,2021-02-27,SAS,NOP,NOP,Brandon Ingram,1627742,2178,1,,29,1,https://www.nba.com/game/0022000514/box-score
2021-02-27_SAS_NOP,0022000514,2021-02-27,SAS,NOP,NOP,Eric Bledsoe,202339,2057,1,,19,2,https://www.nba.com/game/0022000514/box-score
2021-02-27_SAS_NOP,0022000514,2021-02-27,SAS,NOP,NOP,JJ Redick,200755,0,0,DNP - Injury/Illness,0,0,https://www.nba.com/game/0022000514/box-score
2021-02-27_SAS_NOP,0022000514,2021-02-27,SAS,NOP,NOP,Jaxson Hayes,1629637,0,0,DNP - Coach's Decision,0,0,https://www.nba.com/game/0022000514/box-score
2021-02-27_SAS_NOP,0022000514,2021-02-27,SAS,NOP,NOP,Josh Hart,1628404,1868,0,,2,-2,https://www.nba.com/game/0022000514/box-score
2021-02-27_SAS_NOP,0022000514,2021-02-27,SAS,NOP,NOP,Kira Lewis Jr.,1630184,0,0,DNP - Coach's Decision,0,0,https://www.nba.com/game/0022000514/box-score
2021-02-27_SAS_NOP,0022000514,2021-02-27,SAS,NOP,NOP,Lonzo Ball,1628366,2146,1,,16,-3,https://www.nba.com/game/0022000514/box-score
2021-02-27_SAS_NOP,0022000514,2021-02-27,SAS,NOP,NOP,Nickeil Alexander-Walker,1629638,995,0,,6,-5,https://www.nba.com/game/0022000514/box-score
2021-02-27_SAS_NOP,0022000514,2021-02-27,SAS,NOP,NOP,Nicolo Melli,1629740,373,0,,0,-3,https://www.nba.com/game/0022000514/box-score
2021-02-27_SAS_NOP,0022000514,2021-02-27,SAS,NOP,NOP,Sindarius Thornwell,1628414,0,0,DNP - Coach's Decision,0,0,https://www.nba.com/game/0022000514/box-score
2021-02-27_SAS_NOP,0022000514,2021-02-27,SAS,NOP,NOP,Steven Adams,203500,1596,1,,7,-1,https://www.nba.com/game/0022000514/box-score
2021-02-27_SAS_NOP,0022000514,2021-02-27,SAS,NOP,NOP,Wenyen Gabriel,1629117,0,0,DNP - Coach's Decision,0,0,https://www.nba.com/game/0022000514/box-score
2021-02-27_SAS_NOP,0022000514,2021-02-27,SAS,NOP,NOP,Willy Hernangomez,1626195,1106,0,,12,-8,https://www.nba.com/game/0022000514/box-score
2021-02-27_SAS_NOP,0022000514,2021-02-27,SAS,NOP,NOP,Zion Williamson,1629627,2081,1,,23,4,https://www.nba.com/game/0022000514/box-score
2021-02-27_SAS_NOP,0022000514,2021-02-27,SAS,NOP,SAS,DeMar DeRozan,201942,2303,1,,32,3,https://www.nba.com/game/0022000514/box-score
2021-02-27_SAS_NOP,0022000514,2021-02-27,SAS,NOP,SAS,Dejounte Murray,1627749,2228,1,,18,1,https://www.nba.com/game/0022000514/box-score
2021-02-27_SAS_NOP,0022000514,2021-02-27,SAS,NOP,SAS,Derrick White,1628401,0,0,NWT - Health and Safety Protocols,0,0,https://www.nba.com/game/0022000514/box-score
2021-02-27_SAS_NOP,0022000514,2021-02-27,SAS,NOP,SAS,Drew Eubanks,1629234,0,0,DNP - Coach's Decision,0,0,https://www.nba.com/game/0022000514/box-score
2021-02-27_SAS_NOP,0022000514,2021-02-27,SAS,NOP,SAS,Jakob Poeltl,1627751,1513,1,,6,4,https://www.nba.com/game/0022000514/box-score
2021-02-27_SAS_NOP,0022000514,2021-02-27,SAS,NOP,SAS,Keita Bates-Diop,1628966,507,0,,0,7,https://www.nba.com/game/0022000514/box-score
2021-02-27_SAS_NOP,0022000514,2021-02-27,SAS,NOP,SAS,LaMarcus Aldridge,200746,1391,0,,21,1,https://www.nba.com/game/0022000514/box-score
2021-02-27_SAS_NOP,0022000514,2021-02-27,SAS,NOP,SAS,Lonnie Walker IV,1629022,1692,1,,17,-8,https://www.nba.com/game/0022000514/box-score
2021-02-27_SAS_NOP,0022000514,2021-02-27,SAS,NOP,SAS,Luka Samanic,1629677,828,0,,0,8,https://www.nba.com/game/0022000514/box-score
2021-02-27_SAS_NOP,0022000514,2021-02-27,SAS,NOP,SAS,Patty Mills,201988,1790,0,,13,0,https://www.nba.com/game/0022000514/box-score
2021-02-27_SAS_NOP,0022000514,2021-02-27,SAS,NOP,SAS,Tre Jones,1630200,0,0,DNP - Coach's Decision,0,0,https://www.nba.com/game/0022000514/box-score
2021-02-27_SAS_NOP,0022000514,2021-02-27,SAS,NOP,SAS,Trey Lyles,1626168,2148,1,,10,-1,https://www.nba.com/game/0022000514/box-score
2021-02-28_BOS_WAS,0022000524,2021-02-28,BOS,WAS,BOS,Aaron Nesmith,1630174,0,0,DNP - Coach's Decision,0,0,https://www.nba.com/game/0022000524/box-score
2021-02-28_BOS_WAS,0022000524,2021-02-28,BOS,WAS,BOS,Carsen Edwards,1629035,0,0,DNP - Coach's Decision,0,0,https://www.nba.com/game/0022000524/box-score
2021-02-28_BOS_WAS,0022000524,2021-02-28,BOS,WAS,BOS,Daniel Theis,1628464,1929,1,,20,5,https://www.nba.com/game/0022000524/box-score
2021-02-28_BOS_WAS,0022000524,2021-02-28,BOS,WAS,BOS,Grant Williams,1629684,357,0,,3,-6,https://www.nba.com/game/0022000524/box-score
2021-02-28_BOS_WAS,0022000524,2021-02-28,BOS,WAS,BOS,Javonte Green,1629750,2003,1,,8,-1,https://www.nba.com/game/0022000524/box-score
2021-02-28_BOS_WAS,0022000524,2021-02-28,BOS,WAS,BOS,Jayson Tatum,1628369,2321,1,,31,13,https://www.nba.com/game/0022000524/box-score
2021-02-28_BOS_WAS,0022000524,2021-02-28,BOS,WAS,BOS,Jeff Teague,201952,1292,0,,6,-3,https://www.nba.com/game/0022000524/box-score
2021-02-28_BOS_WAS,0022000524,2021-02-28,BOS,WAS,BOS,Kemba Walker,202689,1970,1,,21,4,https://www.nba.com/game/0022000524/box-score
2021-02-28_BOS_WAS,0022000524,2021-02-28,BOS,WAS,BOS,Payton Pritchard,1630202,1239,0,,7,-9,https://www.nba.com/game/0022000524/box-score
2021-02-28_BOS_WAS,0022000524,2021-02-28,BOS,WAS,BOS,Robert Williams III,1629057,1052,0,,6,-7,https://www.nba.com/game/0022000524/box-score
2021-02-28_BOS_WAS,0022000524,2021-02-28,BOS,WAS,BOS,Semi Ojeleye,1628400,1118,0,,4,1,https://www.nba.com/game/0022000524/box-score
2021-02-28_BOS_WAS,0022000524,2021-02-28,BOS,WAS,BOS,Tacko Fall,1629605,0,0,DNP - Coach's Decision,0,0,https://www.nba.com/game/0022000524/box-score
2021-02-28_BOS_WAS,0022000524,2021-02-28,BOS,WAS,BOS,Tremont Waters,1629682,0,0,DNP - Coach's Decision,0,0,https://www.nba.com/game/0022000524/box-score
2021-02-28_BOS_WAS,0022000524,2021-02-28,BOS,WAS,BOS,Tristan Thompson,202684,1119,1,,5,8,https://www.nba.com/game/0022000524/box-score
2021-02-28_BOS_WAS,0022000524,2021-02-28,BOS,WAS,WAS,Alex Len,203458,439,0,,4,-1,https://www.nba.com/game/0022000524/box-score
2021-02-28_BOS_WAS,0022000524,2021-02-28,BOS,WAS,WAS,Anthony Gill,1630264,0,0,DNP - Coach's Decision,0,0,https://www.nba.com/game/0022000524/box-score
2021-02-28_BOS_WAS,0022000524,2021-02-28,BOS,WAS,WAS,Bradley Beal,203078,2363,1,,46,2,https://www.nba.com/game/0022000524/box-score
2021-02-28_BOS_WAS,0022000524,2021-02-28,BOS,WAS,WAS,Davis Bertans,202722,1568,0,,20,10,https://www.nba.com/game/0022000524/box-score
2021-02-28_BOS_WAS,0022000524,2021-02-28,BOS,WAS,WAS,Deni Avdija,1630166,406,0,,0,-1,https://www.nba.com/game/0022000524/box-score
2021-02-28_BOS_WAS,0022000524,2021-02-28,BOS,WAS,WAS,Garrison Mathews,1629726,956,1,,0,-15,https://www.nba.com/game/0022000524/box-score
2021-02-28_BOS_WAS,0022000524,2021-02-28,BOS,WAS,WAS,Isaac Bonga,1629067,965,0,,0,8,https://www.nba.com/game/0022000524/box-score
2021-02-28_BOS_WAS,0022000524,2021-02-28,BOS,WAS,WAS,Jerome Robinson,1629010,0,0,DNP - Coach's Decision,0,0,https://www.nba.com/game/0022000524/box-score
2021-02-28_BOS_WAS,0022000524,2021-02-28,BOS,WAS,WAS,Moritz Wagner,1629021,754,1,,0,-12,https://www.nba.com/game/0022000524/box-score
2021-02-28_BOS_WAS,0022000524,2021-02-28,BOS,WAS,WAS,Raul Neto,203526,1611,0,,4,3,https://www.nba.com/game/0022000524/box-score
2021-02-28_BOS_WAS,0022000524,2021-02-28,BOS,WAS,WAS,Robin Lopez,201577,1674,0,,10,14,https://www.nba.com/game/0022000524/box-score
2021-02-28_BOS_WAS,0022000524,2021-02-28,BOS,WAS,WAS,Rui Hachimura,1629060,1508,1,,2,-1,https://www.nba.com/game/0022000524/box-score
2021-02-28_BOS_WAS,0022000524,2021-02-28,BOS,WAS,WAS,Russell Westbrook,201566,2155,1,,24,-12,https://www.nba.com/game/0022000524/box-score
2021-02-28_BOS_WAS,0022000524,2021-02-28,BOS,WAS,WAS,Troy Brown Jr.,1628972,0,0,DNP - Coach's Decision,0,0,https://www.nba.com/game/0022000524/box-score
2021-03-03_POR_GSW,0022000550,2021-03-03,POR,GSW,GSW,Andrew Wiggins,203952,2195,1,,14,2,https://www.nba.com/game/0022000550/box-score
2021-03-03_POR_GSW,0022000550,2021-03-03,POR,GSW,GSW,Brad Wanamaker,202954,703,0,,3,4,https://www.nba.com/game/0022000550/box-score
2021-03-03_POR_GSW,0022000550,2021-03-03,POR,GSW,GSW,Damion Lee,1627814,1055,0,,10,8,https://www.nba.com/game/0022000550/box-score
2021-03-03_POR_GSW,0022000550,2021-03-03,POR,GSW,GSW,Draymond Green,203110,2177,1,,5,-6,https://www.nba.com/game/0022000550/box-score
2021-03-03_POR_GSW,0022000550,2021-03-03,POR,GSW,GSW,Eric Paschall,1629672,703,0,,3,4,https://www.nba.com/game/0022000550/box-score
2021-03-03_POR_GSW,0022000550,2021-03-03,POR,GSW,GSW,James Wiseman,1630164,681,0,,6,-6,https://www.nba.com/game/0022000550/box-score
2021-03-03_POR_GSW,0022000550,2021-03-03,POR,GSW,GSW,Jordan Poole,1629673,0,0,DNP - Coach's Decision,0,0,https://www.nba.com/game/0022000550/box-score
2021-03-03_POR_GSW,0022000550,2021-03-03,POR,GSW,GSW,Juan Toscano-Anderson,1629308,1111,0,,3,0,https://www.nba.com/game/0022000550/box-score
2021-03-03_POR_GSW,0022000550,2021-03-03,POR,GSW,GSW,Kent Bazemore,203145,1839,1,,12,-8,https://www.nba.com/game/0022000550/box-score
2021-03-03_POR_GSW,0022000550,2021-03-03,POR,GSW,GSW,Kevon Looney,1626172,1037,1,,9,4,https://www.nba.com/game/0022000550/box-score
2021-03-03_POR_GSW,0022000550,2021-03-03,POR,GSW,GSW,Mychal Mulder,1628539,722,0,,6,-6,https://www.nba.com/game/0022000550/box-score
2021-03-03_POR_GSW,0022000550,2021-03-03,POR,GSW,GSW,Nico Mannion,1630185,0,0,DNP - Coach's Decision,0,0,https://www.nba.com/game/0022000550/box-score
2021-03-03_POR_GSW,0022000550,2021-03-03,POR,GSW,GSW,Stephen Curry,201939,2177,1,,35,-6,https://www.nba.com/game/0022000550/box-score
2021-03-03_POR_GSW,0022000550,2021-03-03,POR,GSW,POR,Anfernee Simons,1629014,703,0,,8,-4,https://www.nba.com/game/0022000550/box-score
2021-03-03_POR_GSW,0022000550,2021-03-03,POR,GSW,POR,CJ Elleby,1629604,0,0,DNP - Coach's Decision,0,0,https://www.nba.com/game/0022000550/box-score
2021-03-03_POR_GSW,0022000550,2021-03-03,POR,GSW,POR,CJ McCollum,203468,0,0,DNP - Injury/Illness,0,0,https://www.nba.com/game/0022000550/box-score
2021-03-03_POR_GSW,0022000550,2021-03-03,POR,GSW,POR,Carmelo Anthony,2546,1895,0,,22,5,https://www.nba.com/game/0022000550/box-score
2021-03-03_POR_GSW,0022000550,2021-03-03,POR,GSW,POR,Damian Lillard,203081,2177,1,,22,6,https://www.nba.com/game/0022000550/box-score
2021-03-03_POR_GSW,0022000550,2021-03-03,POR,GSW,POR,Derrick Jones Jr.,1627884,1130,1,,8,-9,https://www.nba.com/game/0022000550/box-score
2021-03-03_POR_GSW,0022000550,2021-03-03,POR,GSW,POR,Enes Freedom,202683,1409,1,,11,-4,https://www.nba.com/game/0022000550/box-score
2021-03-03_POR_GSW,0022000550,2021-03-03,POR,GSW,POR,Gary Trent Jr.,1629018,2397,1,,15,-3,https://www.nba.com/game/0022000550/box-score
2021-03-03_POR_GSW,0022000550,2021-03-03,POR,GSW,POR,Jusuf Nurkic,203994,0,0,DNP - Injury/Illness,0,0,https://www.nba.com/game/0022000550/box-score
2021-03-03_POR_GSW,0022000550,2021-03-03,POR,GSW,POR,Keljin Blevins,1629833,0,0,DNP - Coach's Decision,0,0,https://www.nba.com/game/0022000550/box-score
2021-03-03_POR_GSW,0022000550,2021-03-03,POR,GSW,POR,Nassir Little,1629642,775,0,,2,11,https://www.nba.com/game/0022000550/box-score
2021-03-03_POR_GSW,0022000550,2021-03-03,POR,GSW,POR,Robert Covington,203496,2273,1,,15,-3,https://www.nba.com/game/0022000550/box-score
2021-03-03_POR_GSW,0022000550,2021-03-03,POR,GSW,POR,Rodney Hood,203918,1642,0,,5,11,https://www.nba.com/game/0022000550/box-score
2021-03-03_POR_GSW,0022000550,2021-03-03,POR,GSW,POR,Zach Collins,1628380,0,0,DNP - Injury/Illness,0,0,https://www.nba.com/game/0022000550/box-score
2021-03-03_SAC_LAL,0022000551,2021-03-03,SAC,LAL,LAL,Alfonzo McKinnie,1628035,952,0,,11,-19,https://www.nba.com/game/0022000551/box-score
2021-03-03_SAC_LAL,0022000551,2021-03-03,SAC,LAL,LAL,Damian Jones,1627745,881,1,,0,1,https://www.nba.com/game/0022000551/box-score
2021-03-03_SAC_LAL,0022000551,2021-03-03,SAC,LAL,LAL,Dennis Schroder,203471,2041,1,,28,9,https://www.nba.com/game/0022000551/box-score
2021-03-03_SAC_LAL,0022000551,2021-03-03,SAC,LAL,LAL,Devontae Cacok,1629719,0,0,DNP - Coach's Decision,0,0,https://www.nba.com/game/0022000551/box-score
2021-03-03_SAC_LAL,0022000551,2021-03-03,SAC,LAL,LAL,Jared Dudley,201162,857,0,,0,-11,https://www.nba.com/game/0022000551/box-score
2021-03-03_SAC_LAL,0022000551,2021-03-03,SAC,LAL,LAL,Kentavious Caldwell-Pope,203484,1749,1,,10,20,https://www.nba.com/game/0022000551/box-score
2021-03-03_SAC_LAL,0022000551,2021-03-03,SAC,LAL,LAL,Kostas Antetokounmpo,1628961,0,0,DNP - Coach's Decision,0,0,https://www.nba.com/game/0022000551/box-score
2021-03-03_SAC_LAL,0022000551,2021-03-03,SAC,LAL,LAL,Kyle Kuzma,1628398,2047,1,,25,8,https://www.nba.com/game/0022000551/box-score
2021-03-03_SAC_LAL,0022000551,2021-03-03,SAC,LAL,LAL,Markieff Morris,202693,1816,1,,11,6,https://www.nba.com/game/0022000551/box-score
2021-03-03_SAC_LAL,0022000551,2021-03-03,SAC,LAL,LAL,Montrezl Harrell,1626149,1967,0,,26,-2,https://www.nba.com/game/0022000551/box-score
2021-03-03_SAC_LAL,0022000551,2021-03-03,SAC,LAL,LAL,Talen Horton-Tucker,1629659,1142,0,,9,-15,https://www.nba.com/game/0022000551/box-score
2021-03-03_SAC_LAL,0022000551,2021-03-03,SAC,LAL,LAL,Wesley Matthews,202083,949,0,,0,-12,https://www.nba.com/game/0022000551/box-score
2021-03-03_SAC_LAL,0022000551,2021-03-03,SAC,LAL,SAC,Buddy Hield,1627741,2529,1,,29,1,https://www.nba.com/game/0022000551/box-score
2021-03-03_SAC_LAL,0022000551,2021-03-03,SAC,LAL,SAC,Cory Joseph,202709,2040,0,,13,16,https://www.nba.com/game/0022000551/box-score
2021-03-03_SAC_LAL,0022000551,2021-03-03,SAC,LAL,SAC,DaQuan Jeffries,1629610,367,0,,2,2,https://www.nba.com/game/0022000551/box-score
2021-03-03_SAC_LAL,0022000551,2021-03-03,SAC,LAL,SAC,De'Aaron Fox,1628368,2181,1,,23,-5,https://www.nba.com/game/0022000551/box-score
2021-03-03_SAC_LAL,0022000551,2021-03-03,SAC,LAL,SAC,Harrison Barnes,203084,2299,1,,20,-2,https://www.nba.com/game/0022000551/box-score
2021-03-03_SAC_LAL,0022000551,2021-03-03,SAC,LAL,SAC,Jabari Parker,203953,0,0,DND_HEALTH_AND_SAFETY_PROTOCOLS,0,0,https://www.nba.com/game/0022000551/box-score
2021-03-03_SAC_LAL,0022000551,2021-03-03,SAC,LAL,SAC,Justin James,1629713,0,0,DNP - Coach's Decision,0,0,https://www.nba.com/game/0022000551/box-score
2021-03-03_SAC_LAL,0022000551,2021-03-03,SAC,LAL,SAC,Kyle Guy,1629657,0,0,DNP - Coach's Decision,0,0,https://www.nba.com/game/0022000551/box-score
2021-03-03_SAC_LAL,0022000551,2021-03-03,SAC,LAL,SAC,Marvin Bagley III,1628963,1741,1,,14,7,https://www.nba.com/game/0022000551/box-score
2021-03-03_SAC_LAL,0022000551,2021-03-03,SAC,LAL,SAC,Nemanja Bjelica,202357,1444,0,,6,6,https://www.nba.com/game/0022000551/box-score
2021-03-03_SAC_LAL,0022000551,2021-03-03,SAC,LAL,SAC,Norvel Pelle,203658,0,0,DNP - Coach's Decision,0,0,https://www.nba.com/game/0022000551/box-score
2021-03-03_SAC_LAL,0022000551,2021-03-03,SAC,LAL,SAC,Richaun Holmes,1626158,1799,1,,16,-10,https://www.nba.com/game/0022000551/box-score
2021-03-14_MIN_POR,0022000599,2021-03-14,MIN,POR,MIN,Anthony Edwards,1630162,2196,1,,34,-7,https://www.nba.com/game/0022000599/box-score
2021-03-14_MIN_POR,0022000599,2021-03-14,MIN,POR,MIN,Ed Davis,202334,0,0,DNP - Coach's Decision,0,0,https://www.nba.com/game/0022000599/box-score
2021-03-14_MIN_POR,0022000599,2021-03-14,MIN,POR,MIN,Jaden McDaniels,1630183,0,0,NWT - Health and Safety Protocols,0,0,https://www.nba.com/game/0022000599/box-score
2021-03-14_MIN_POR,0022000599,2021-03-14,MIN,POR,MIN,Jake Layman,1627774,1232,1,,5,10,https://www.nba.com/game/0022000599/box-score
2021-03-14_MIN_POR,0022000599,2021-03-14,MIN,POR,MIN,Jarred Vanderbilt,1629020,1337,1,,12,11,https://www.nba.com/game/0022000599/box-score
2021-03-14_MIN_POR,0022000599,2021-03-14,MIN,POR,MIN,Jarrett Culver,1629633,0,0,DNP - Injury/Illness,0,0,https://www.nba.com/game/0022000599/box-score
2021-03-14_MIN_POR,0022000599,2021-03-14,MIN,POR,MIN,Jaylen Nowell,1629669,1493,0,,14,-1,https://www.nba.com/game/0022000599/box-score
2021-03-14_MIN_POR,0022000599,2021-03-14,MIN,POR,MIN,Josh Okogie,1629006,1457,0,,10,-9,https://www.nba.com/game/0022000599/box-score
2021-03-14_MIN_POR,0022000599,2021-03-14,MIN,POR,MIN,Juancho Hernangomez,1627823,1368,0,,5,-1,https://www.nba.com/game/0022000599/box-score
2021-03-14_MIN_POR,0022000599,2021-03-14,MIN,POR,MIN,Karl-Anthony Towns,1626157,2418,1,,13,3,https://www.nba.com/game/0022000599/box-score
2021-03-14_MIN_POR,0022000599,2021-03-14,MIN,POR,MIN,Malik Beasley,1627736,0,0,NWT_LEAGUE_SUSPENSION,0,0,https://www.nba.com/game/0022000599/box-score
2021-03-14_MIN_POR,0022000599,2021-03-14,MIN,POR,MIN,Naz Reid,1629675,1129,0,,6,7,https://www.nba.com/game/0022000599/box-score
2021-03-14_MIN_POR,0022000599,2021-03-14,MIN,POR,MIN,Ricky Rubio,201937,1770,1,,15,-3,https://www.nba.com/game/0022000599/box-score
2021-03-14_MIN_POR,0022000599,2021-03-14,MIN,POR,POR,Anfernee Simons,1629014,669,0,,5,0,https://www.nba.com/game/0022000599/box-score
2021-03-14_MIN_POR,0022000599,2021-03-14,MIN,POR,POR,CJ Elleby,1629604,0,0,DNP - Coach's Decision,0,0,https://www.nba.com/game/0022000599/box-score
2021-03-14_MIN_POR,0022000599,2021-03-14,MIN,POR,POR,CJ McCollum,203468,0,0,DNP - Injury/Illness,0,0,https://www.nba.com/game/0022000599/box-score
2021-03-14_MIN_POR,0022000599,2021-03-14,MIN,POR,POR,Carmelo Anthony,2546,1771,0,,16,8,https://www.nba.com/game/0022000599/box-score
2021-03-14_MIN_POR,0022000599,2021-03-14,MIN,POR,POR,Damian Lillard,203081,2228,1,,38,-2,https://www.nba.com/game/0022000599/box-score
2021-03-14_MIN_POR,0022000599,2021-03-14,MIN,POR,POR,Derrick Jones Jr.,1627884,1190,1,,0,-11,https://www.nba.com/game/0022000599/box-score
2021-03-14_MIN_POR,0022000599,2021-03-14,MIN,POR,POR,Enes Freedom,202683,1565,1,,4,-11,https://www.nba.com/game/0022000599/box-score
2021-03-14_MIN_POR,0022000599,2021-03-14,MIN,POR,POR,Gary Trent Jr.,1629018,2028,1,,21,1,https://www.nba.com/game/0022000599/box-score
2021-03-14_MIN_POR,0022000599,2021-03-14,MIN,POR,POR,Jusuf Nurkic,203994,0,0,DNP - Injury/Illness,0,0,https://www.nba.com/game/0022000599/box-score
2021-03-14_MIN_POR,0022000599,2021-03-14,MIN,POR,POR,Keljin Blevins,1629833,0,0,DNP - Coach's Decision,0,0,https://www.nba.com/game/0022000599/box-score
2021-03-14_MIN_POR,0022000599,2021-03-14,MIN,POR,POR,Nassir Little,1629642,1162,0,,4,-1,https://www.nba.com/game/0022000599/box-score
2021-03-14_MIN_POR,0022000599,2021-03-14,MIN,POR,POR,Robert Covington,203496,2312,1,,19,4,https://www.nba.com/game/0022000599/box-score
2021-03-14_MIN_POR,0022000599,2021-03-14,MIN,POR,POR,Rodney Hood,203918,1475,0,,5,2,https://www.nba.com/game/0022000599/box-score
2021-03-14_MIN_POR,0022000599,2021-03-14,MIN,POR,POR,Zach Collins,1628380,0,0,DNP - Injury/Illness,0,0,https://www.nba.com/game/0022000599/box-score
2021-03-16_POR_NOP,0022000614,2021-03-16,POR,NOP,NOP,Brandon Ingram,1627742,2187,1,,30,-4,https://www.nba.com/game/0022000614/box-score
2021-03-16_POR_NOP,0022000614,2021-03-16,POR,NOP,NOP,Eric Bledsoe,202339,1612,1,,11,-10,https://www.nba.com/game/0022000614/box-score
2021-03-16_POR_NOP,0022000614,2021-03-16,POR,NOP,NOP,Jaxson Hayes,1629637,1132,0,,4,6,https://www.nba.com/game/0022000614/box-score
2021-03-16_POR_NOP,0022000614,2021-03-16,POR,NOP,NOP,Josh Hart,1628404,1707,0,,16,-2,https://www.nba.com/game/0022000614/box-score
2021-03-16_POR_NOP,0022000614,2021-03-16,POR,NOP,NOP,Kira Lewis Jr.,1630184,558,0,,0,6,https://www.nba.com/game/0022000614/box-score
2021-03-16_POR_NOP,0022000614,2021-03-16,POR,NOP,NOP,Lonzo Ball,1628366,2116,1,,11,-4,https://www.nba.com/game/0022000614/box-score
2021-03-16_POR_NOP,0022000614,2021-03-16,POR,NOP,NOP,Naji Marshall,1630230,0,0,DNP - Coach's Decision,0,0,https://www.nba.com/game/0022000614/box-score
2021-03-16_POR_NOP,0022000614,2021-03-16,POR,NOP,NOP,Nickeil Alexander-Walker,1629638,1481,0,,20,2,https://www.nba.com/game/0022000614/box-score
2021-03-16_POR_NOP,0022000614,2021-03-16,POR,NOP,NOP,Nicolo Melli,1629740,0,0,DNP - Coach's Decision,0,0,https://www.nba.com/game/0022000614/box-score
2021-03-16_POR_NOP,0022000614,2021-03-16,POR,NOP,NOP,Sindarius Thornwell,1628414,0,0,DNP - Coach's Decision,0,0,https://www.nba.com/game/0022000614/box-score
2021-03-16_POR_NOP,0022000614,2021-03-16,POR,NOP,NOP,Steven Adams,203500,1509,1,,4,4,https://www.nba.com/game/0022000614/box-score
2021-03-16_POR_NOP,0022000614,2021-03-16,POR,NOP,NOP,Wenyen Gabriel,1629117,0,0,DNP - Coach's Decision,0,0,https://www.nba.com/game/0022000614/box-score
2021-03-16_POR_NOP,0022000614,2021-03-16,POR,NOP,NOP,Will Magnay,1630266,0,0,DNP - Coach's Decision,0,0,https://www.nba.com/game/0022000614/box-score
2021-03-16_POR_NOP,0022000614,2021-03-16,POR,NOP,NOP,Willy Hernangomez,1626195,141,0,,0,0,https://www.nba.com/game/0022000614/box-score
2021-03-16_POR_NOP,0022000614,2021-03-16,POR,NOP,NOP,Zion Williamson,1629627,1957,1,,28,-3,https://www.nba.com/game/0022000614/box-score
2021-03-16_POR_NOP,0022000614,2021-03-16,POR,NOP,POR,Anfernee Simons,1629014,0,0,DNP - Coach's Decision,0,0,https://www.nba.com/game/0022000614/box-score
2021-03-16_POR_NOP,0022000614,2021-03-16,POR,NOP,POR,CJ Elleby,1629604,0,0,DNP - Coach's Decision,0,0,https://www.nba.com/game/0022000614/box-score
2021-03-16_POR_NOP,0022000614,2021-03-16,POR,NOP,POR,CJ McCollum,203468,1565,1,,10,-8,https://www.nba.com/game/0022000614/box-score
2021-03-16_POR_NOP,0022000614,2021-03-16,POR,NOP,POR,Carmelo Anthony,2546,1829,0,,9,1,https://www.nba.com/game/0022000614/box-score
2021-03-16_POR_NOP,0022000614,2021-03-16,POR,NOP,POR,Damian Lillard,203081,2436,1,,50,9,https://www.nba.com/game/0022000614/box-score
2021-03-16_POR_NOP,0022000614,2021-03-16,POR,NOP,POR,Derrick Jones Jr.,1627884,1051,1,,10,0,https://www.nba.com/game/0022000614/box-score
2021-03-16_POR_NOP,0022000614,2021-03-16,POR,NOP,POR,Enes Freedom,202683,1661,1,,10,-7,https://www.nba.com/game/0022000614/box-score
2021-03-16_POR_NOP,0022000614,2021-03-16,POR,NOP,POR,Gary Trent Jr.,1629018,1900,0,,22,8,https://www.nba.com/game/0022000614/box-score
2021-03-16_POR_NOP,0022000614,2021-03-16,POR,NOP,POR,Jusuf Nurkic,203994,0,0,DNP - Injury/Illness,0,0,https://www.nba.com/game/0022000614/box-score
2021-03-16_POR_NOP,0022000614,2021-03-16,POR,NOP,POR,Nassir Little,1629642,1065,0,,2,-11,https://www.nba.com/game/0022000614/box-score
2021-03-16_POR_NOP,0022000614,2021-03-16,POR,NOP,POR,Robert Covington,203496,2236,1,,9,11,https://www.nba.com/game/0022000614/box-score
2021-03-16_POR_NOP,0022000614,2021-03-16,POR,NOP,POR,Rodney Hood,203918,657,0,,3,2,https://www.nba.com/game/0022000614/box-score
2021-03-16_POR_NOP,0022000614,2021-03-16,POR,NOP,POR,Zach Collins,1628380,0,0,DNP - Injury/Illness,0,0,https://www.nba.com/game/0022000614/box-score
2021-03-17_WAS_SAC,0022000619,2021-03-17,WAS,SAC,SAC,Buddy Hield,1627741,1847,1,,16,-1,https://www.nba.com/game/0022000619/box-score
2021-03-17_WAS_SAC,0022000619,2021-03-17,WAS,SAC,SAC,Cory Joseph,202709,1524,0,,12,-8,https://www.nba.com/game/0022000619/box-score
2021-03-17_WAS_SAC,0022000619,2021-03-17,WAS,SAC,SAC,DaQuan Jeffries,1629610,0,0,DNP - Coach's Decision,0,0,https://www.nba.com/game/0022000619/box-score
2021-03-17_WAS_SAC,0022000619,2021-03-17,WAS,SAC,SAC,De'Aaron Fox,1628368,2175,1,,28,7,https://www.nba.com/game/0022000619/box-score
2021-03-17_WAS_SAC,0022000619,2021-03-17,WAS,SAC,SAC,Harrison Barnes,203084,2137,1,,18,-5,https://www.nba.com/game/0022000619/box-score
2021-03-17_WAS_SAC,0022000619,2021-03-17,WAS,SAC,SAC,Hassan Whiteside,202355,1183,0,,6,0,https://www.nba.com/game/0022000619/box-score
2021-03-17_WAS_SAC,0022000619,2021-03-17,WAS,SAC,SAC,Jabari Parker,203953,0,0,DNP - Coach's Decision,0,0,https://www.nba.com/game/0022000619/box-score
2021-03-17_WAS_SAC,0022000619,2021-03-17,WAS,SAC,SAC,Jahmi'us Ramsey,1630186,0,0,DNP - Coach's Decision,0,0,https://www.nba.com/game/0022000619/box-score
2021-03-17_WAS_SAC,0022000619,2021-03-17,WAS,SAC,SAC,Justin James,1629713,1114,0,,6,1,https://www.nba.com/game/0022000619/box-score
2021-03-17_WAS_SAC,0022000619,2021-03-17,WAS,SAC,SAC,Kyle Guy,1629657,0,0,DNP - Coach's Decision,0,0,https://www.nba.com/game/0022000619/box-score
2021-03-17_WAS_SAC,0022000619,2021-03-17,WAS,SAC,SAC,Nemanja Bjelica,202357,873,0,,0,6,https://www.nba.com/game/0022000619/box-score
2021-03-17_WAS_SAC,0022000619,2021-03-17,WAS,SAC,SAC,Richaun Holmes,1626158,1598,1,,18,6,https://www.nba.com/game/0022000619/box-score
2021-03-17_WAS_SAC,0022000619,2021-03-17,WAS,SAC,SAC,Robert Woodard II,1630218,0,0,DNP - Coach's Decision,0,0,https://www.nba.com/game/0022000619/box-score
2021-03-17_WAS_SAC,0022000619,2021-03-17,WAS,SAC,SAC,Tyrese Haliburton,1630169,1950,1,,17,4,https://www.nba.com/game/0022000619/box-score
2021-03-17_WAS_SAC,0022000619,2021-03-17,WAS,SAC,WAS,Alex Len,203458,1435,1,,13,-2,https://www.nba.com/game/0022000619/box-score
2021-03-17_WAS_SAC,0022000619,2021-03-17,WAS,SAC,WAS,Anthony Gill,1630264,0,0,DNP - Coach's Decision,0,0,https://www.nba.com/game/0022000619/box-score
2021-03-17_WAS_SAC,0022000619,2021-03-17,WAS,SAC,WAS,Bradley Beal,203078,2131,1,,29,-3,https://www.nba.com/game/0022000619/box-score
2021-03-17_WAS_SAC,0022000619,2021-03-17,WAS,SAC,WAS,Cassius Winston,1630216,0,0,DNP - Coach's Decision,0,0,https://www.nba.com/game/0022000619/box-score
2021-03-17_WAS_SAC,0022000619,2021-03-17,WAS,SAC,WAS,Davis Bertans,202722,1388,0,,6,5,https://www.nba.com/game/0022000619/box-score
2021-03-17_WAS_SAC,0022000619,2021-03-17,WAS,SAC,WAS,Deni Avdija,1630166,1064,0,,6,-2,https://www.nba.com/game/0022000619/box-score
2021-03-17_WAS_SAC,0022000619,2021-03-17,WAS,SAC,WAS,Garrison Mathews,1629726,871,1,,0,-9,https://www.nba.com/game/0022000619/box-score
2021-03-17_WAS_SAC,0022000619,2021-03-17,WAS,SAC,WAS,Isaac Bonga,1629067,0,0,DNP - Coach's Decision,0,0,https://www.nba.com/game/0022000619/box-score
2021-03-17_WAS_SAC,0022000619,2021-03-17,WAS,SAC,WAS,Jerome Robinson,1629010,0,0,DNP - Coach's Decision,0,0,https://www.nba.com/game/0022000619/box-score
2021-03-17_WAS_SAC,0022000619,2021-03-17,WAS,SAC,WAS,Moritz Wagner,1629021,0,0,DNP - Coach's Decision,0,0,https://www.nba.com/game/0022000619/box-score
2021-03-17_WAS_SAC,0022000619,2021-03-17,WAS,SAC,WAS,Raul Neto,203526,1610,0,,12,11,https://www.nba.com/game/0022000619/box-score
2021-03-17_WAS_SAC,0022000619,2021-03-17,WAS,SAC,WAS,Robin Lopez,201577,1297,0,,10,-2,https://www.nba.com/game/0022000619/box-score
2021-03-17_WAS_SAC,0022000619,2021-03-17,WAS,SAC,WAS,Rui Hachimura,1629060,2257,1,,17,0,https://www.nba.com/game/0022000619/box-score
2021-03-17_WAS_SAC,0022000619,2021-03-17,WAS,SAC,WAS,Russell Westbrook,201566,2347,1,,26,-8,https://www.nba.com/game/0022000619/box-score
2021-03-17_WAS_SAC,0022000619,2021-03-17,WAS,SAC,WAS,Troy Brown Jr.,1628972,0,0,DNP - Coach's Decision,0,0,https://www.nba.com/game/0022000619/box-score
2021-03-25_MIA_POR,0022000678,2021-03-25,MIA,POR,MIA,Andre Iguodala,2738,1015,0,,3,11,https://www.nba.com/game/0022000678/box-score
2021-03-25_MIA_POR,0022000678,2021-03-25,MIA,POR,MIA,Avery Bradley,202340,0,0,NWT - Trade Pending,0,0,https://www.nba.com/game/0022000678/box-score
2021-03-25_MIA_POR,0022000678,2021-03-25,MIA,POR,MIA,Bam Adebayo,1628389,1917,1,,29,11,https://www.nba.com/game/0022000678/box-score
2021-03-25_MIA_POR,0022000678,2021-03-25,MIA,POR,MIA,Chris Silva,1629735,0,0,NWT - Trade Pending,0,0,https://www.nba.com/game/0022000678/box-score
2021-03-25_MIA_POR,0022000678,2021-03-25,MIA,POR,MIA,Duncan Robinson,1629130,1590,1,,12,-6,https://www.nba.com/game/0022000678/box-score
2021-03-25_MIA_POR,0022000678,2021-03-25,MIA,POR,MIA,Gabe Vincent,1629216,1608,1,,8,-6,https://www.nba.com/game/0022000678/box-score
2021-03-25_MIA_POR,0022000678,2021-03-25,MIA,POR,MIA,Goran Dragic,201609,0,0,DND - Injury/Illness,0,0,https://www.nba.com/game/0022000678/box-score
2021-03-25_MIA_POR,0022000678,2021-03-25,MIA,POR,MIA,Jimmy Butler,202710,0,0,NWT - Injury/Illness,0,0,https://www.nba.com/game/0022000678/box-score
2021-03-25_MIA_POR,0022000678,2021-03-25,MIA,POR,MIA,Kelly Olynyk,203482,0,0,NWT - Trade Pending,0,0,https://www.nba.com/game/0022000678/box-score
2021-03-25_MIA_POR,0022000678,2021-03-25,MIA,POR,MIA,Kendrick Nunn,1629134,2035,1,,22,4,https://www.nba.com/game/0022000678/box-score
2021-03-25_MIA_POR,0022000678,2021-03-25,MIA,POR,MIA,Maurice Harkless,203090,0,0,NWT - Trade Pending,0,0,https://www.nba.com/game/0022000678/box-score
2021-03-25_MIA_POR,0022000678,2021-03-25,MIA,POR,MIA,Max Strus,1629622,1291,0,,8,7,https://www.nba.com/game/0022000678/box-score
2021-03-25_MIA_POR,0022000678,2021-03-25,MIA,POR,MIA,Precious Achiuwa,1630173,834,0,,2,-9,https://www.nba.com/game/0022000678/box-score
2021-03-25_MIA_POR,0022000678,2021-03-25,MIA,POR,MIA,Trevor Ariza,2772,1994,1,,9,-23,https://www.nba.com/game/0022000678/box-score
2021-03-25_MIA_POR,0022000678,2021-03-25,MIA,POR,MIA,Tyler Herro,1629639,2117,0,,29,-4,https://www.nba.com/game/0022000678/box-score
2021-03-25_MIA_POR,0022000678,2021-03-25,MIA,POR,POR,Anfernee Simons,1629014,1205,0,,9,-7,https://www.nba.com/game/0022000678/box-score
2021-03-25_MIA_POR,0022000678,2021-03-25,MIA,POR,POR,CJ Elleby,1629604,0,0,DNP - Coach's Decision,0,0,https://www.nba.com/game/0022000678/box-score
2021-03-25_MIA_POR,0022000678,2021-03-25,MIA,POR,POR,CJ McCollum,203468,2260,1,,35,5,https://www.nba.com/game/0022000678/box-score
2021-03-25_MIA_POR,0022000678,2021-03-25,MIA,POR,POR,Carmelo Anthony,2546,1970,0,,20,6,https://www.nba.com/game/0022000678/box-score
2021-03-25_MIA_POR,0022000678,2021-03-25,MIA,POR,POR,Damian Lillard,203081,2332,1,,22,10,https://www.nba.com/game/0022000678/box-score
2021-03-25_MIA_POR,0022000678,2021-03-25,MIA,POR,POR,Derrick Jones Jr.,1627884,1392,1,,6,5,https://www.nba.com/game/0022000678/box-score
2021-03-25_MIA_POR,0022000678,2021-03-25,MIA,POR,POR,Enes Freedom,202683,1978,1,,18,21,https://www.nba.com/game/0022000678/box-score
2021-03-25_MIA_POR,0022000678,2021-03-25,MIA,POR,POR,Harry Giles III,1628385,0,0,DNP - Coach's Decision,0,0,https://www.nba.com/game/0022000678/box-score
2021-03-25_MIA_POR,0022000678,2021-03-25,MIA,POR,POR,Jusuf Nurkic,203994,0,0,DNP - Injury/Illness,0,0,https://www.nba.com/game/0022000678/box-score
2021-03-25_MIA_POR,0022000678,2021-03-25,MIA,POR,POR,Keljin Blevins,1629833,0,0,DNP - Coach's Decision,0,0,https://www.nba.com/game/0022000678/box-score
2021-03-25_MIA_POR,0022000678,2021-03-25,MIA,POR,POR,Nassir Little,1629642,1206,0,,5,-11,https://www.nba.com/game/0022000678/box-score
2021-03-25_MIA_POR,0022000678,2021-03-25,MIA,POR,POR,Robert Covington,203496,2057,1,,10,-14,https://www.nba.com/game/0022000678/box-score
2021-03-25_MIA_POR,0022000678,2021-03-25,MIA,POR,POR,Zach Collins,1628380,0,0,DNP - Injury/Illness,0,0,https://www.nba.com/game/0022000678/box-score
2021-03-28_LAL_ORL,0022000706,2021-03-28,LAL,ORL,LAL,Alex Caruso,1627936,1269,0,,3,4,https://www.nba.com/game/0022000706/box-score
2021-03-28_LAL_ORL,0022000706,2021-03-28,LAL,ORL,LAL,Alfonzo McKinnie,1628035,0,0,DNP - Coach's Decision,0,0,https://www.nba.com/game/0022000706/box-score
2021-03-28_LAL_ORL,0022000706,2021-03-28,LAL,ORL,LAL,Dennis Schroder,203471,2175,1,,24,-7,https://www.nba.com/game/0022000706/box-score
2021-03-28_LAL_ORL,0022000706,2021-03-28,LAL,ORL,LAL,Devontae Cacok,1629719,0,0,DNP - Coach's Decision,0,0,https://www.nba.com/game/0022000706/box-score
2021-03-28_LAL_ORL,0022000706,2021-03-28,LAL,ORL,LAL,Kentavious Caldwell-Pope,203484,1806,1,,4,-5,https://www.nba.com/game/0022000706/box-score
2021-03-28_LAL_ORL,0022000706,2021-03-28,LAL,ORL,LAL,Kostas Antetokounmpo,1628961,0,0,DNP - Coach's Decision,0,0,https://www.nba.com/game/0022000706/box-score
2021-03-28_LAL_ORL,0022000706,2021-03-28,LAL,ORL,LAL,Kyle Kuzma,1628398,2322,1,,21,10,https://www.nba.com/game/0022000706/box-score
2021-03-28_LAL_ORL,0022000706,2021-03-28,LAL,ORL,LAL,Marc Gasol,201188,1224,1,,7,-11,https://www.nba.com/game/0022000706/box-score
2021-03-28_LAL_ORL,0022000706,2021-03-28,LAL,ORL,LAL,Markieff Morris,202693,1923,1,,12,-3,https://www.nba.com/game/0022000706/box-score
2021-03-28_LAL_ORL,0022000706,2021-03-28,LAL,ORL,LAL,Montrezl Harrell,1626149,1651,0,,18,14,https://www.nba.com/game/0022000706/box-score
2021-03-28_LAL_ORL,0022000706,2021-03-28,LAL,ORL,LAL,Talen Horton-Tucker,1629659,1086,0,,4,4,https://www.nba.com/game/0022000706/box-score
2021-03-28_LAL_ORL,0022000706,2021-03-28,LAL,ORL,LAL,Wesley Matthews,202083,944,0,,3,9,https://www.nba.com/game/0022000706/box-score
2021-03-28_LAL_ORL,0022000706,2021-03-28,LAL,ORL,ORL,Chasson Randle,1626184,1547,0,,8,-5,https://www.nba.com/game/0022000706/box-score
2021-03-28_LAL_ORL,0022000706,2021-03-28,LAL,ORL,ORL,Chuma Okeke,1629643,1797,1,,14,3,https://www.nba.com/game/0022000706/box-score
2021-03-28_LAL_ORL,0022000706,2021-03-28,LAL,ORL,ORL,Dwayne Bacon,1628407,1990,1,,26,14,https://www.nba.com/game/0022000706/box-score
2021-03-28_LAL_ORL,0022000706,2021-03-28,LAL,ORL,ORL,James Ennis III,203516,1612,1,,9,-10,https://www.nba.com/game/0022000706/box-score
2021-03-28_LAL_ORL,0022000706,2021-03-28,LAL,ORL,ORL,Karim Mane,1630211,361,0,,0,4,https://www.nba.com/game/0022000706/box-score
2021-03-28_LAL_ORL,0022000706,2021-03-28,LAL,ORL,ORL,Khem Birch,203920,1552,1,,2,-7,https://www.nba.com/game/0022000706/box-score
2021-03-28_LAL_ORL,0022000706,2021-03-28,LAL,ORL,ORL,Michael Carter-Williams,203487,788,1,,0,-8,https://www.nba.com/game/0022000706/box-score
2021-03-28_LAL_ORL,0022000706,2021-03-28,LAL,ORL,ORL,Mo Bamba,1628964,1015,0,,11,-2,https://www.nba.com/game/0022000706/box-score
2021-03-28_LAL_ORL,0022000706,2021-03-28,LAL,ORL,ORL,Otto Porter Jr.,203490,1494,0,,5,4,https://www.nba.com/game/0022000706/box-score
2021-03-28_LAL_ORL,0022000706,2021-03-28,LAL,ORL,ORL,R.J. Hampton,1630181,1029,0,,10,-7,https://www.nba.com/game/0022000706/box-score
2021-03-28_LAL_ORL,0022000706,2021-03-28,LAL,ORL,ORL,Terrence Ross,203082,0,0,DNP - Injury/Illness,0,0,https://www.nba.com/game/0022000706/box-score
2021-03-28_LAL_ORL,0022000706,2021-03-28,LAL,ORL,ORL,Wendell Carter Jr.,1628976,1215,0,,8,-1,https://www.nba.com/game/0022000706/box-score
2021-04-05_TOR_WAS,0022000763,2021-04-05,TOR,WAS,TOR,Aron Baynes,203382,1231,0,,10,20,https://www.nba.com/game/0022000763/box-score
2021-04-05_TOR_WAS,0022000763,2021-04-05,TOR,WAS,TOR,Chris Boucher,1628449,1214,1,,8,-14,https://www.nba.com/game/0022000763/box-score
2021-04-05_TOR_WAS,0022000763,2021-04-05,TOR,WAS,TOR,DeAndre' Bembry,1627761,1806,1,,15,1,https://www.nba.com/game/0022000763/box-score
2021-04-05_TOR_WAS,0022000763,2021-04-05,TOR,WAS,TOR,Gary Trent Jr.,1629018,1872,1,,16,-17,https://www.nba.com/game/0022000763/box-score
2021-04-05_TOR_WAS,0022000763,2021-04-05,TOR,WAS,TOR,Jalen Harris,1630223,0,0,DND - Injury/Illness,0,0,https://www.nba.com/game/0022000763/box-score
2021-04-05_TOR_WAS,0022000763,2021-04-05,TOR,WAS,TOR,Malachi Flynn,1630201,2029,0,,16,11,https://www.nba.com/game/0022000763/box-score
2021-04-05_TOR_WAS,0022000763,2021-04-05,TOR,WAS,TOR,O.G. Anunoby,1628384,2292,1,,14,4,https://www.nba.com/game/0022000763/box-score
2021-04-05_TOR_WAS,0022000763,2021-04-05,TOR,WAS,TOR,Pascal Siakam,1627783,2168,1,,22,-20,https://www.nba.com/game/0022000763/box-score
2021-04-05_TOR_WAS,0022000763,2021-04-05,TOR,WAS,TOR,Patrick McCaw,1627775,0,0,DND - Injury/Illness,0,0,https://www.nba.com/game/0022000763/box-score
2021-04-05_TOR_WAS,0022000763,2021-04-05,TOR,WAS,TOR,Rodney Hood,203918,0,0,DND - Injury/Illness,0,0,https://www.nba.com/game/0022000763/box-score
2021-04-05_TOR_WAS,0022000763,2021-04-05,TOR,WAS,TOR,Stanley Johnson,1626169,729,0,,0,7,https://www.nba.com/game/0022000763/box-score
2021-04-05_TOR_WAS,0022000763,2021-04-05,TOR,WAS,TOR,Yuta Watanabe,1629139,1059,0,,2,18,https://www.nba.com/game/0022000763/box-score
2021-04-05_TOR_WAS,0022000763,2021-04-05,TOR,WAS,WAS,Alex Len,203458,1754,1,,13,11,https://www.nba.com/game/0022000763/box-score
2021-04-05_TOR_WAS,0022000763,2021-04-05,TOR,WAS,WAS,Anthony Gill,1630264,594,0,,2,-4,https://www.nba.com/game/0022000763/box-score
2021-04-05_TOR_WAS,0022000763,2021-04-05,TOR,WAS,WAS,Bradley Beal,203078,0,0,DNP - Injury/Illness,0,0,https://www.nba.com/game/0022000763/box-score
2021-04-05_TOR_WAS,0022000763,2021-04-05,TOR,WAS,WAS,Cassius Winston,1630216,0,0,DNP - Coach's Decision,0,0,https://www.nba.com/game/0022000763/box-score
2021-04-05_TOR_WAS,0022000763,2021-04-05,TOR,WAS,WAS,Chandler Hutchison,1628990,750,0,,2,-15,https://www.nba.com/game/0022000763/box-score
2021-04-05_TOR_WAS,0022000763,2021-04-05,TOR,WAS,WAS,Davis Bertans,202722,1457,1,,17,12,https://www.nba.com/game/0022000763/box-score
2021-04-05_TOR_WAS,0022000763,2021-04-05,TOR,WAS,WAS,Deni Avdija,1630166,2379,1,,12,8,https://www.nba.com/game/0022000763/box-score
2021-04-05_TOR_WAS,0022000763,2021-04-05,TOR,WAS,WAS,Garrison Mathews,1629726,1754,0,,17,-8,https://www.nba.com/game/0022000763/box-score
2021-04-05_TOR_WAS,0022000763,2021-04-05,TOR,WAS,WAS,Isaac Bonga,1629067,0,0,DNP - Coach's Decision,0,0,https://www.nba.com/game/0022000763/box-score
2021-04-05_TOR_WAS,0022000763,2021-04-05,TOR,WAS,WAS,Ish Smith,202397,1262,0,,10,-10,https://www.nba.com/game/0022000763/box-score
2021-04-05_TOR_WAS,0022000763,2021-04-05,TOR,WAS,WAS,Jerome Robinson,1629010,0,0,DNP - Coach's Decision,0,0,https://www.nba.com/game/0022000763/box-score
2021-04-05_TOR_WAS,0022000763,2021-04-05,TOR,WAS,WAS,Raul Neto,203526,1535,1,,4,7,https://www.nba.com/game/0022000763/box-score
2021-04-05_TOR_WAS,0022000763,2021-04-05,TOR,WAS,WAS,Robin Lopez,201577,527,0,,1,-7,https://www.nba.com/game/0022000763/box-score
2021-04-05_TOR_WAS,0022000763,2021-04-05,TOR,WAS,WAS,Russell Westbrook,201566,2388,1,,23,-4,https://www.nba.com/game/0022000763/box-score
2021-04-13_POR_BOS,0022000828,2021-04-13,POR,BOS,BOS,Aaron Nesmith,1630174,0,0,DNP - Coach's Decision,0,0,https://www.nba.com/game/0022000828/box-score
2021-04-13_POR_BOS,0022000828,2021-04-13,POR,BOS,BOS,Carsen Edwards,1629035,0,0,DNP - Coach's Decision,0,0,https://www.nba.com/game/0022000828/box-score
2021-04-13_POR_BOS,0022000828,2021-04-13,POR,BOS,BOS,Grant Williams,1629684,1035,0,,3,5,https://www.nba.com/game/0022000828/box-score
2021-04-13_POR_BOS,0022000828,2021-04-13,POR,BOS,BOS,Jaylen Brown,1627759,2429,1,,24,-2,https://www.nba.com/game/0022000828/box-score
2021-04-13_POR_BOS,0022000828,2021-04-13,POR,BOS,BOS,Jayson Tatum,1628369,2283,1,,32,-1,https://www.nba.com/game/0022000828/box-score
2021-04-13_POR_BOS,0022000828,2021-04-13,POR,BOS,BOS,Kemba Walker,202689,2162,1,,21,3,https://www.nba.com/game/0022000828/box-score
2021-04-13_POR_BOS,0022000828,2021-04-13,POR,BOS,BOS,Luke Kornet,1628436,0,0,DNP - Coach's Decision,0,0,https://www.nba.com/game/0022000828/box-score
2021-04-13_POR_BOS,0022000828,2021-04-13,POR,BOS,BOS,Marcus Smart,203935,2193,1,,13,4,https://www.nba.com/game/0022000828/box-score
2021-04-13_POR_BOS,0022000828,2021-04-13,POR,BOS,BOS,Moritz Wagner,1629021,0,0,DNP - Coach's Decision,0,0,https://www.nba.com/game/0022000828/box-score
2021-04-13_POR_BOS,0022000828,2021-04-13,POR,BOS,BOS,Payton Pritchard,1630202,714,0,,2,-1,https://www.nba.com/game/0022000828/box-score
2021-04-13_POR_BOS,0022000828,2021-04-13,POR,BOS,BOS,Robert Williams III,1629057,1540,1,,16,-5,https://www.nba.com/game/0022000828/box-score
2021-04-13_POR_BOS,0022000828,2021-04-13,POR,BOS,BOS,Romeo Langford,1629641,531,0,,0,-4,https://www.nba.com/game/0022000828/box-score
2021-04-13_POR_BOS,0022000828,2021-04-13,POR,BOS,BOS,Semi Ojeleye,1628400,210,0,,0,0,https://www.nba.com/game/0022000828/box-score
2021-04-13_POR_BOS,0022000828,2021-04-13,POR,BOS,BOS,Tremont Waters,1629682,0,0,DNP - Coach's Decision,0,0,https://www.nba.com/game/0022000828/box-score
2021-04-13_POR_BOS,0022000828,2021-04-13,POR,BOS,BOS,Tristan Thompson,202684,1303,0,,5,6,https://www.nba.com/game/0022000828/box-score
2021-04-13_POR_BOS,0022000828,2021-04-13,POR,BOS,POR,Anfernee Simons,1629014,0,0,DNP - Coach's Decision,0,0,https://www.nba.com/game/0022000828/box-score
2021-04-13_POR_BOS,0022000828,2021-04-13,POR,BOS,POR,CJ Elleby,1629604,0,0,DNP - Coach's Decision,0,0,https://www.nba.com/game/0022000828/box-score
2021-04-13_POR_BOS,0022000828,2021-04-13,POR,BOS,POR,CJ McCollum,203468,2231,1,,16,13,https://www.nba.com/game/0022000828/box-score
2021-04-13_POR_BOS,0022000828,2021-04-13,POR,BOS,POR,Carmelo Anthony,2546,1698,0,,25,-7,https://www.nba.com/game/0022000828/box-score
2021-04-13_POR_BOS,0022000828,2021-04-13,POR,BOS,POR,Damian Lillard,203081,2232,1,,28,2,https://www.nba.com/game/0022000828/box-score
2021-04-13_POR_BOS,0022000828,2021-04-13,POR,BOS,POR,Derrick Jones Jr.,1627884,876,0,,0,-13,https://www.nba.com/game/0022000828/box-score
2021-04-13_POR_BOS,0022000828,2021-04-13,POR,BOS,POR,Enes Freedom,202683,1252,0,,9,-18,https://www.nba.com/game/0022000828/box-score
2021-04-13_POR_BOS,0022000828,2021-04-13,POR,BOS,POR,Harry Giles III,1628385,0,0,DNP - Coach's Decision,0,0,https://www.nba.com/game/0022000828/box-score
2021-04-13_POR_BOS,0022000828,2021-04-13,POR,BOS,POR,Jusuf Nurkic,203994,1555,1,,8,19,https://www.nba.com/game/0022000828/box-score
2021-04-13_POR_BOS,0022000828,2021-04-13,POR,BOS,POR,Nassir Little,1629642,410,0,,0,-10,https://www.nba.com/game/0022000828/box-score
2021-04-13_POR_BOS,0022000828,2021-04-13,POR,BOS,POR,Norman Powell,1626181,2285,1,,20,9,https://www.nba.com/game/0022000828/box-score
2021-04-13_POR_BOS,0022000828,2021-04-13,POR,BOS,POR,Robert Covington,203496,1862,1,,9,0,https://www.nba.com/game/0022000828/box-score
2021-04-13_POR_BOS,0022000828,2021-04-13,POR,BOS,POR,Rondae Hollis-Jefferson,1626178,0,0,DNP - Coach's Decision,0,0,https://www.nba.com/game/0022000828/box-score
2021-04-13_POR_BOS,0022000828,2021-04-13,POR,BOS,POR,Zach Collins,1628380,0,0,DNP - Injury/Illness,0,0,https://www.nba.com/game/0022000828/box-score
2021-04-14_MEM_DAL,0022000837,2021-04-14,MEM,DAL,DAL,Boban Marjanovic,1626246,0,0,DNP - Coach's Decision,0,0,https://www.nba.com/game/0022000837/box-score
2021-04-14_MEM_DAL,0022000837,2021-04-14,MEM,DAL,DAL,Dorian Finney-Smith,1627827,1750,1,,7,14,https://www.nba.com/game/0022000837/box-score
2021-04-14_MEM_DAL,0022000837,2021-04-14,MEM,DAL,DAL,Dwight Powell,203939,923,0,,12,-3,https://www.nba.com/game/0022000837/box-score
2021-04-14_MEM_DAL,0022000837,2021-04-14,MEM,DAL,DAL,JJ Redick,200755,890,0,,9,2,https://www.nba.com/game/0022000837/box-score
2021-04-14_MEM_DAL,0022000837,2021-04-14,MEM,DAL,DAL,Jalen Brunson,1628973,1676,0,,8,-1,https://www.nba.com/game/0022000837/box-score
2021-04-14_MEM_DAL,0022000837,2021-04-14,MEM,DAL,DAL,Josh Green,1630182,0,0,DNP - Coach's Decision,0,0,https://www.nba.com/game/0022000837/box-score
2021-04-14_MEM_DAL,0022000837,2021-04-14,MEM,DAL,DAL,Josh Richardson,1626196,1607,1,,9,6,https://www.nba.com/game/0022000837/box-score
2021-04-14_MEM_DAL,0022000837,2021-04-14,MEM,DAL,DAL,Kristaps Porzingis,204001,1944,1,,21,4,https://www.nba.com/game/0022000837/box-score
2021-04-14_MEM_DAL,0022000837,2021-04-14,MEM,DAL,DAL,Luka Doncic,1629029,2056,1,,29,-4,https://www.nba.com/game/0022000837/box-score
2021-04-14_MEM_DAL,0022000837,2021-04-14,MEM,DAL,DAL,Maxi Kleber,1628467,2212,1,,8,-2,https://www.nba.com/game/0022000837/box-score
2021-04-14_MEM_DAL,0022000837,2021-04-14,MEM,DAL,DAL,Nate Hinton,1630207,0,0,DNP - Coach's Decision,0,0,https://www.nba.com/game/0022000837/box-score
2021-04-14_MEM_DAL,0022000837,2021-04-14,MEM,DAL,DAL,Nicolo Melli,1629740,0,0,DNP - Coach's Decision,0,0,https://www.nba.com/game/0022000837/box-score
2021-04-14_MEM_DAL,0022000837,2021-04-14,MEM,DAL,DAL,Tim Hardaway Jr.,203501,1342,0,,11,-11,https://www.nba.com/game/0022000837/box-score
2021-04-14_MEM_DAL,0022000837,2021-04-14,MEM,DAL,DAL,Trey Burke,203504,0,0,DNP - Coach's Decision,0,0,https://www.nba.com/game/0022000837/box-score
2021-04-14_MEM_DAL,0022000837,2021-04-14,MEM,DAL,DAL,Willie Cauley-Stein,1626161,0,0,DNP - Coach's Decision,0,0,https://www.nba.com/game/0022000837/box-score
2021-04-14_MEM_DAL,0022000837,2021-04-14,MEM,DAL,MEM,Brandon Clarke,1629634,1400,0,,6,14,https://www.nba.com/game/0022000837/box-score
2021-04-14_MEM_DAL,0022000837,2021-04-14,MEM,DAL,MEM,Desmond Bane,1630217,1153,0,,11,2,https://www.nba.com/game/0022000837/box-score
2021-04-14_MEM_DAL,0022000837,2021-04-14,MEM,DAL,MEM,Dillon Brooks,1628415,1855,1,,15,-1,https://www.nba.com/game/0022000837/box-score
2021-04-14_MEM_DAL,0022000837,2021-04-14,MEM,DAL,MEM,Grayson Allen,1628960,2070,1,,23,-5,https://www.nba.com/game/0022000837/box-score
2021-04-14_MEM_DAL,0022000837,2021-04-14,MEM,DAL,MEM,Ja Morant,1629630,2086,1,,17,-10,https://www.nba.com/game/0022000837/box-score
2021-04-14_MEM_DAL,0022000837,2021-04-14,MEM,DAL,MEM,John Konchar,1629723,695,0,,2,2,https://www.nba.com/game/0022000837/box-score
2021-04-14_MEM_DAL,0022000837,2021-04-14,MEM,DAL,MEM,Jonas Valanciunas,202685,1962,1,,19,-10,https://www.nba.com/game/0022000837/box-score
2021-04-14_MEM_DAL,0022000837,2021-04-14,MEM,DAL,MEM,Jontay Porter,1629007,0,0,DNP - Coach's Decision,0,0,https://www.nba.com/game/0022000837/box-score
2021-04-14_MEM_DAL,0022000837,2021-04-14,MEM,DAL,MEM,Killian Tillie,1629681,0,0,DNP - Coach's Decision,0,0,https://www.nba.com/game/0022000837/box-score
2021-04-14_MEM_DAL,0022000837,2021-04-14,MEM,DAL,MEM,Kyle Anderson,203937,1480,1,,7,-15,https://www.nba.com/game/0022000837/box-score
2021-04-14_MEM_DAL,0022000837,2021-04-14,MEM,DAL,MEM,Sean McDermott,1630253,0,0,DNP - Coach's Decision,0,0,https://www.nba.com/game/0022000837/box-score
2021-04-14_MEM_DAL,0022000837,2021-04-14,MEM,DAL,MEM,Tim Frazier,204025,0,0,DNP - Coach's Decision,0,0,https://www.nba.com/game/0022000837/box-score
2021-04-14_MEM_DAL,0022000837,2021-04-14,MEM,DAL,MEM,Tyus Jones,1626145,794,0,,6,9,https://www.nba.com/game/0022000837/box-score
2021-04-14_MEM_DAL,0022000837,2021-04-14,MEM,DAL,MEM,Xavier Tillman,1630214,905,0,,7,9,https://www.nba.com/game/0022000837/box-score
2021-04-16_SAS_POR,0022000853,2021-04-16,SAS,POR,POR,Anfernee Simons,1629014,1792,0,,16,16,https://www.nba.com/game/0022000853/box-score
2021-04-16_SAS_POR,0022000853,2021-04-16,SAS,POR,POR,CJ Elleby,1629604,0,0,DNP - Coach's Decision,0,0,https://www.nba.com/game/0022000853/box-score
2021-04-16_SAS_POR,0022000853,2021-04-16,SAS,POR,POR,CJ McCollum,203468,2257,1,,29,3,https://www.nba.com/game/0022000853/box-score
2021-04-16_SAS_POR,0022000853,2021-04-16,SAS,POR,POR,Carmelo Anthony,2546,1546,0,,13,12,https://www.nba.com/game/0022000853/box-score
2021-04-16_SAS_POR,0022000853,2021-04-16,SAS,POR,POR,Damian Lillard,203081,0,0,DND - Injury/Illness,0,0,https://www.nba.com/game/0022000853/box-score
2021-04-16_SAS_POR,0022000853,2021-04-16,SAS,POR,POR,Derrick Jones Jr.,1627884,1050,1,,0,-20,https://www.nba.com/game/0022000853/box-score
2021-04-16_SAS_POR,0022000853,2021-04-16,SAS,POR,POR,Enes Freedom,202683,1546,0,,10,12,https://www.nba.com/game/0022000853/box-score
2021-04-16_SAS_POR,0022000853,2021-04-16,SAS,POR,POR,Harry Giles III,1628385,0,0,DNP - Coach's Decision,0,0,https://www.nba.com/game/0022000853/box-score
2021-04-16_SAS_POR,0022000853,2021-04-16,SAS,POR,POR,Jusuf Nurkic,203994,1334,1,,9,-11,https://www.nba.com/game/0022000853/box-score
2021-04-16_SAS_POR,0022000853,2021-04-16,SAS,POR,POR,Nassir Little,1629642,645,0,,0,0,https://www.nba.com/game/0022000853/box-score
2021-04-16_SAS_POR,0022000853,2021-04-16,SAS,POR,POR,Norman Powell,1626181,2297,1,,22,-4,https://www.nba.com/game/0022000853/box-score
2021-04-16_SAS_POR,0022000853,2021-04-16,SAS,POR,POR,Robert Covington,203496,1933,1,,8,-3,https://www.nba.com/game/0022000853/box-score
2021-04-16_SAS_POR,0022000853,2021-04-16,SAS,POR,POR,Rondae Hollis-Jefferson,1626178,0,0,DNP - Coach's Decision,0,0,https://www.nba.com/game/0022000853/box-score
2021-04-16_SAS_POR,0022000853,2021-04-16,SAS,POR,POR,Zach Collins,1628380,0,0,NWT - Not With Team,0,0,https://www.nba.com/game/0022000853/box-score
2021-04-16_SAS_POR,0022000853,2021-04-16,SAS,POR,SAS,DeMar DeRozan,201942,2231,1,,26,2,https://www.nba.com/game/0022000853/box-score
2021-04-16_SAS_POR,0022000853,2021-04-16,SAS,POR,SAS,Dejounte Murray,1627749,1988,1,,13,9,https://www.nba.com/game/0022000853/box-score
2021-04-16_SAS_POR,0022000853,2021-04-16,SAS,POR,SAS,Derrick White,1628401,1948,1,,13,9,https://www.nba.com/game/0022000853/box-score
2021-04-16_SAS_POR,0022000853,2021-04-16,SAS,POR,SAS,Devin Vassell,1630170,0,0,DNP - Coach's Decision,0,0,https://www.nba.com/game/0022000853/box-score
2021-04-16_SAS_POR,0022000853,2021-04-16,SAS,POR,SAS,Drew Eubanks,1629234,1072,0,,15,-1,https://www.nba.com/game/0022000853/box-score
2021-04-16_SAS_POR,0022000853,2021-04-16,SAS,POR,SAS,Gorgui Dieng,203476,0,0,DNP - Coach's Decision,0,0,https://www.nba.com/game/0022000853/box-score
2021-04-16_SAS_POR,0022000853,2021-04-16,SAS,POR,SAS,Jakob Poeltl,1627751,1808,1,,17,0,https://www.nba.com/game/0022000853/box-score
2021-04-16_SAS_POR,0022000853,2021-04-16,SAS,POR,SAS,Keita Bates-Diop,1628966,0,0,DNP - Coach's Decision,0,0,https://www.nba.com/game/0022000853/box-score
2021-04-16_SAS_POR,0022000853,2021-04-16,SAS,POR,SAS,Keldon Johnson,1629640,1485,1,,8,12,https://www.nba.com/game/0022000853/box-score
2021-04-16_SAS_POR,0022000853,2021-04-16,SAS,POR,SAS,Lonnie Walker IV,1629022,1316,0,,5,-13,https://www.nba.com/game/0022000853/box-score
2021-04-16_SAS_POR,0022000853,2021-04-16,SAS,POR,SAS,Luka Samanic,1629677,0,0,DNP - Coach's Decision,0,0,https://www.nba.com/game/0022000853/box-score
2021-04-16_SAS_POR,0022000853,2021-04-16,SAS,POR,SAS,Patty Mills,201988,1247,0,,0,-16,https://www.nba.com/game/0022000853/box-score
2021-04-16_SAS_POR,0022000853,2021-04-16,SAS,POR,SAS,Quinndary Weatherspoon,1629683,0,0,DNP - Coach's Decision,0,0,https://www.nba.com/game/0022000853/box-score
2021-04-16_SAS_POR,0022000853,2021-04-16,SAS,POR,SAS,Rudy Gay,200752,1305,0,,9,-7,https://www.nba.com/game/0022000853/box-score
2021-04-16_SAS_POR,0022000853,2021-04-16,SAS,POR,SAS,Tre Jones,1630200,0,0,DNP - Coach's Decision,0,0,https://www.nba.com/game/0022000853/box-score
2021-04-20_POR_LAC,0022000879,2021-04-20,POR,LAC,LAC,Amir Coffey,1629599,7,0,,0,-2,https://www.nba.com/game/0022000879/box-score
2021-04-20_POR_LAC,0022000879,2021-04-20,POR,LAC,LAC,Daniel Oturu,1630187,0,0,DNP - Coach's Decision,0,0,https://www.nba.com/game/0022000879/box-score
2021-04-20_POR_LAC,0022000879,2021-04-20,POR,LAC,LAC,DeMarcus Cousins,202326,791,0,,11,-12,https://www.nba.com/game/0022000879/box-score
2021-04-20_POR_LAC,0022000879,2021-04-20,POR,LAC,LAC,Ivica Zubac,1627826,1663,1,,10,10,https://www.nba.com/game/0022000879/box-score
2021-04-20_POR_LAC,0022000879,2021-04-20,POR,LAC,LAC,Luke Kennard,1628379,1080,0,,7,-13,https://www.nba.com/game/0022000879/box-score
2021-04-20_POR_LAC,0022000879,2021-04-20,POR,LAC,LAC,Marcus Morris Sr.,202694,1891,1,,16,7,https://www.nba.com/game/0022000879/box-score
2021-04-20_POR_LAC,0022000879,2021-04-20,POR,LAC,LAC,Nicolas Batum,201587,1535,0,,11,-3,https://www.nba.com/game/0022000879/box-score
2021-04-20_POR_LAC,0022000879,2021-04-20,POR,LAC,LAC,Patrick Patterson,202335,844,0,,0,-7,https://www.nba.com/game/0022000879/box-score
2021-04-20_POR_LAC,0022000879,2021-04-20,POR,LAC,LAC,Paul George,202331,2211,1,,33,10,https://www.nba.com/game/0022000879/box-score
2021-04-20_POR_LAC,0022000879,2021-04-20,POR,LAC,LAC,Rajon Rondo,200765,1346,0,,9,2,https://www.nba.com/game/0022000879/box-score
2021-04-20_POR_LAC,0022000879,2021-04-20,POR,LAC,LAC,Reggie Jackson,202704,1582,1,,9,5,https://www.nba.com/game/0022000879/box-score
2021-04-20_POR_LAC,0022000879,2021-04-20,POR,LAC,LAC,Terance Mann,1629611,1452,1,,7,8,https://www.nba.com/game/0022000879/box-score
2021-04-20_POR_LAC,0022000879,2021-04-20,POR,LAC,LAC,Yogi Ferrell,1627812,0,0,DNP - Coach's Decision,0,0,https://www.nba.com/game/0022000879/box-score
2021-04-20_POR_LAC,0022000879,2021-04-20,POR,LAC,POR,Anfernee Simons,1629014,1138,0,,13,6,https://www.nba.com/game/0022000879/box-score
2021-04-20_POR_LAC,0022000879,2021-04-20,POR,LAC,POR,CJ Elleby,1629604,0,0,DNP - Coach's Decision,0,0,https://www.nba.com/game/0022000879/box-score
2021-04-20_POR_LAC,0022000879,2021-04-20,POR,LAC,POR,CJ McCollum,203468,2168,1,,28,-9,https://www.nba.com/game/0022000879/box-score
2021-04-20_POR_LAC,0022000879,2021-04-20,POR,LAC,POR,Carmelo Anthony,2546,1674,0,,18,-8,https://www.nba.com/game/0022000879/box-score
2021-04-20_POR_LAC,0022000879,2021-04-20,POR,LAC,POR,Damian Lillard,203081,0,0,DNP - Injury/Illness,0,0,https://www.nba.com/game/0022000879/box-score
2021-04-20_POR_LAC,0022000879,2021-04-20,POR,LAC,POR,Derrick Jones Jr.,1627884,1237,1,,4,0,https://www.nba.com/game/0022000879/box-score
2021-04-20_POR_LAC,0022000879,2021-04-20,POR,LAC,POR,Enes Freedom,202683,1605,1,,9,-5,https://www.nba.com/game/0022000879/box-score
2021-04-20_POR_LAC,0022000879,2021-04-20,POR,LAC,POR,Harry Giles III,1628385,0,0,DNP - Coach's Decision,0,0,https://www.nba.com/game/0022000879/box-score
2021-04-20_POR_LAC,0022000879,2021-04-20,POR,LAC,POR,Jusuf Nurkic,203994,0,0,DNP - Injury/Illness,0,0,https://www.nba.com/game/0022000879/box-score
2021-04-20_POR_LAC,0022000879,2021-04-20,POR,LAC,POR,Nassir Little,1629642,1455,0,,7,4,https://www.nba.com/game/0022000879/box-score
2021-04-20_POR_LAC,0022000879,2021-04-20,POR,LAC,POR,Norman Powell,1626181,2359,1,,23,3,https://www.nba.com/game/0022000879/box-score
2021-04-20_POR_LAC,0022000879,2021-04-20,POR,LAC,POR,Robert Covington,203496,1326,1,,5,3,https://www.nba.com/game/0022000879/box-score
2021-04-20_POR_LAC,0022000879,2021-04-20,POR,LAC,POR,Rondae Hollis-Jefferson,1626178,1439,0,,5,1,https://www.nba.com/game/0022000879/box-score
2021-04-20_POR_LAC,0022000879,2021-04-20,POR,LAC,POR,T.J. Leaf,1628388,0,0,DNP - Coach's Decision,0,0,https://www.nba.com/game/0022000879/box-score
2021-04-20_POR_LAC,0022000879,2021-04-20,POR,LAC,POR,Zach Collins,1628380,0,0,DNP - Injury/Illness,0,0,https://www.nba.com/game/0022000879/box-score
2021-04-21_POR_DEN,0022000890,2021-04-21,POR,DEN,DEN,Aaron Gordon,203932,1742,1,,12,2,https://www.nba.com/game/0022000890/box-score
2021-04-21_POR_DEN,0022000890,2021-04-21,POR,DEN,DEN,Austin Rivers,203085,798,0,,5,-6,https://www.nba.com/game/0022000890/box-score
2021-04-21_POR_DEN,0022000890,2021-04-21,POR,DEN,DEN,Bol Bol,1629626,0,0,DNP - Coach's Decision,0,0,https://www.nba.com/game/0022000890/box-score
2021-04-21_POR_DEN,0022000890,2021-04-21,POR,DEN,DEN,Facundo Campazzo,1630267,1633,1,,12,8,https://www.nba.com/game/0022000890/box-score
2021-04-21_POR_DEN,0022000890,2021-04-21,POR,DEN,DEN,JaMychal Green,203210,1090,0,,0,2,https://www.nba.com/game/0022000890/box-score
2021-04-21_POR_DEN,0022000890,2021-04-21,POR,DEN,DEN,JaVale McGee,201580,0,0,DNP - Coach's Decision,0,0,https://www.nba.com/game/0022000890/box-score
2021-04-21_POR_DEN,0022000890,2021-04-21,POR,DEN,DEN,Markus Howard,1630210,0,0,DNP - Coach's Decision,0,0,https://www.nba.com/game/0022000890/box-score
2021-04-21_POR_DEN,0022000890,2021-04-21,POR,DEN,DEN,Michael Porter Jr.,1629008,1837,1,,17,2,https://www.nba.com/game/0022000890/box-score
2021-04-21_POR_DEN,0022000890,2021-04-21,POR,DEN,DEN,Nikola Jokic,203999,2137,1,,25,3,https://www.nba.com/game/0022000890/box-score
2021-04-21_POR_DEN,0022000890,2021-04-21,POR,DEN,DEN,PJ Dozier,1628408,1518,0,,7,-2,https://www.nba.com/game/0022000890/box-score
2021-04-21_POR_DEN,0022000890,2021-04-21,POR,DEN,DEN,Paul Millsap,200794,743,0,,9,-2,https://www.nba.com/game/0022000890/box-score
2021-04-21_POR_DEN,0022000890,2021-04-21,POR,DEN,DEN,Shaquille Harrison,1627885,864,0,,5,-6,https://www.nba.com/game/0022000890/box-score
2021-04-21_POR_DEN,0022000890,2021-04-21,POR,DEN,DEN,Vlatko Cancar,1628427,0,0,DNP - Coach's Decision,0,0,https://www.nba.com/game/0022000890/box-score
2021-04-21_POR_DEN,0022000890,2021-04-21,POR,DEN,DEN,Will Barton,203115,2038,1,,14,4,https://www.nba.com/game/0022000890/box-score
2021-04-21_POR_DEN,0022000890,2021-04-21,POR,DEN,DEN,Zeke Nnaji,1630192,0,0,DNP - Coach's Decision,0,0,https://www.nba.com/game/0022000890/box-score
2021-04-21_POR_DEN,0022000890,2021-04-21,POR,DEN,POR,Anfernee Simons,1629014,905,0,,9,-2,https://www.nba.com/game/0022000890/box-score
2021-04-21_POR_DEN,0022000890,2021-04-21,POR,DEN,POR,CJ Elleby,1629604,0,0,DNP - Coach's Decision,0,0,https://www.nba.com/game/0022000890/box-score
2021-04-21_POR_DEN,0022000890,2021-04-21,POR,DEN,POR,CJ McCollum,203468,2281,1,,14,1,https://www.nba.com/game/0022000890/box-score
2021-04-21_POR_DEN,0022000890,2021-04-21,POR,DEN,POR,Carmelo Anthony,2546,1210,0,,12,2,https://www.nba.com/game/0022000890/box-score
2021-04-21_POR_DEN,0022000890,2021-04-21,POR,DEN,POR,Damian Lillard,203081,2235,1,,22,-5,https://www.nba.com/game/0022000890/box-score
2021-04-21_POR_DEN,0022000890,2021-04-21,POR,DEN,POR,Derrick Jones Jr.,1627884,0,0,DND - Injury/Illness,0,0,https://www.nba.com/game/0022000890/box-score
2021-04-21_POR_DEN,0022000890,2021-04-21,POR,DEN,POR,Enes Freedom,202683,1098,0,,11,0,https://www.nba.com/game/0022000890/box-score
2021-04-21_POR_DEN,0022000890,2021-04-21,POR,DEN,POR,Harry Giles III,1628385,0,0,DNP - Coach's Decision,0,0,https://www.nba.com/game/0022000890/box-score
2021-04-21_POR_DEN,0022000890,2021-04-21,POR,DEN,POR,Jusuf Nurkic,203994,1734,1,,8,-4,https://www.nba.com/game/0022000890/box-score
2021-04-21_POR_DEN,0022000890,2021-04-21,POR,DEN,POR,Nassir Little,1629642,761,0,,0,-2,https://www.nba.com/game/0022000890/box-score
2021-04-21_POR_DEN,0022000890,2021-04-21,POR,DEN,POR,Norman Powell,1626181,2060,1,,17,7,https://www.nba.com/game/0022000890/box-score
2021-04-21_POR_DEN,0022000890,2021-04-21,POR,DEN,POR,Robert Covington,203496,2116,1,,12,-2,https://www.nba.com/game/0022000890/box-score
2021-04-21_POR_DEN,0022000890,2021-04-21,POR,DEN,POR,Rondae Hollis-Jefferson,1626178,0,0,DNP - Coach's Decision,0,0,https://www.nba.com/game/0022000890/box-score
2021-04-21_POR_DEN,0022000890,2021-04-21,POR,DEN,POR,T.J. Leaf,1628388,0,0,DNP - Coach's Decision,0,0,https://www.nba.com/game/0022000890/box-score
2021-04-21_POR_DEN,0022000890,2021-04-21,POR,DEN,POR,Zach Collins,1628380,0,0,DND - Injury/Illness,0,0,https://www.nba.com/game/0022000890/box-score
2021-04-23_POR_MEM,0022000225,2021-04-23,POR,MEM,MEM,Brandon Clarke,1629634,1326,0,,6,7,https://www.nba.com/game/0022000225/box-score
2021-04-23_POR_MEM,0022000225,2021-04-23,POR,MEM,MEM,De'Anthony Melton,1629001,1430,0,,10,10,https://www.nba.com/game/0022000225/box-score
2021-04-23_POR_MEM,0022000225,2021-04-23,POR,MEM,MEM,Desmond Bane,1630217,814,0,,0,7,https://www.nba.com/game/0022000225/box-score
2021-04-23_POR_MEM,0022000225,2021-04-23,POR,MEM,MEM,Dillon Brooks,1628415,2094,1,,25,4,https://www.nba.com/game/0022000225/box-score
2021-04-23_POR_MEM,0022000225,2021-04-23,POR,MEM,MEM,Grayson Allen,1628960,1367,1,,2,-15,https://www.nba.com/game/0022000225/box-score
2021-04-23_POR_MEM,0022000225,2021-04-23,POR,MEM,MEM,Ja Morant,1629630,2176,1,,33,4,https://www.nba.com/game/0022000225/box-score
2021-04-23_POR_MEM,0022000225,2021-04-23,POR,MEM,MEM,Jaren Jackson Jr.,1628991,1485,0,,23,8,https://www.nba.com/game/0022000225/box-score
2021-04-23_POR_MEM,0022000225,2021-04-23,POR,MEM,MEM,John Konchar,1629723,0,0,DNP - Coach's Decision,0,0,https://www.nba.com/game/0022000225/box-score
2021-04-23_POR_MEM,0022000225,2021-04-23,POR,MEM,MEM,Jontay Porter,1629007,0,0,DNP - Coach's Decision,0,0,https://www.nba.com/game/0022000225/box-score
2021-04-23_POR_MEM,0022000225,2021-04-23,POR,MEM,MEM,Justise Winslow,1626159,821,0,,5,-3,https://www.nba.com/game/0022000225/box-score
2021-04-23_POR_MEM,0022000225,2021-04-23,POR,MEM,MEM,Killian Tillie,1629681,0,0,DNP - Coach's Decision,0,0,https://www.nba.com/game/0022000225/box-score
2021-04-23_POR_MEM,0022000225,2021-04-23,POR,MEM,MEM,Kyle Anderson,203937,1525,1,,14,-7,https://www.nba.com/game/0022000225/box-score
2021-04-23_POR_MEM,0022000225,2021-04-23,POR,MEM,MEM,Sean McDermott,1630253,0,0,DNP - Coach's Decision,0,0,https://www.nba.com/game/0022000225/box-score
2021-04-23_POR_MEM,0022000225,2021-04-23,POR,MEM,MEM,Tyus Jones,1626145,0,0,DNP - Coach's Decision,0,0,https://www.nba.com/game/0022000225/box-score
2021-04-23_POR_MEM,0022000225,2021-04-23,POR,MEM,MEM,Xavier Tillman,1630214,1362,1,,12,-5,https://www.nba.com/game/0022000225/box-score
2021-04-23_POR_MEM,0022000225,2021-04-23,POR,MEM,POR,Anfernee Simons,1629014,496,0,,2,1,https://www.nba.com/game/0022000225/box-score
2021-04-23_POR_MEM,0022000225,2021-04-23,POR,MEM,POR,CJ Elleby,1629604,0,0,DNP - Coach's Decision,0,0,https://www.nba.com/game/0022000225/box-score
2021-04-23_POR_MEM,0022000225,2021-04-23,POR,MEM,POR,CJ McCollum,203468,2330,1,,22,8,https://www.nba.com/game/0022000225/box-score
2021-04-23_POR_MEM,0022000225,2021-04-23,POR,MEM,POR,Carmelo Anthony,2546,1146,0,,13,-12,https://www.nba.com/game/0022000225/box-score
2021-04-23_POR_MEM,0022000225,2021-04-23,POR,MEM,POR,Damian Lillard,203081,2233,1,,27,-5,https://www.nba.com/game/0022000225/box-score
2021-04-23_POR_MEM,0022000225,2021-04-23,POR,MEM,POR,Derrick Jones Jr.,1627884,793,0,,6,0,https://www.nba.com/game/0022000225/box-score
2021-04-23_POR_MEM,0022000225,2021-04-23,POR,MEM,POR,Enes Freedom,202683,1108,0,,12,-10,https://www.nba.com/game/0022000225/box-score
2021-04-23_POR_MEM,0022000225,2021-04-23,POR,MEM,POR,Harry Giles III,1628385,0,0,DNP - Coach's Decision,0,0,https://www.nba.com/game/0022000225/box-score
2021-04-23_POR_MEM,0022000225,2021-04-23,POR,MEM,POR,Jusuf Nurkic,203994,1741,1,,26,9,https://www.nba.com/game/0022000225/box-score
2021-04-23_POR_MEM,0022000225,2021-04-23,POR,MEM,POR,Nassir Little,1629642,0,0,DNP - Coach's Decision,0,0,https://www.nba.com/game/0022000225/box-score
2021-04-23_POR_MEM,0022000225,2021-04-23,POR,MEM,POR,Norman Powell,1626181,2210,1,,13,-3,https://www.nba.com/game/0022000225/box-score
2021-04-23_POR_MEM,0022000225,2021-04-23,POR,MEM,POR,Robert Covington,203496,2343,1,,7,2,https://www.nba.com/game/0022000225/box-score
2021-04-23_POR_MEM,0022000225,2021-04-23,POR,MEM,POR,Rondae Hollis-Jefferson,1626178,0,0,DNP - Coach's Decision,0,0,https://www.nba.com/game/0022000225/box-score
2021-04-23_POR_MEM,0022000225,2021-04-23,POR,MEM,POR,Zach Collins,1628380,0,0,DND - Injury/Illness,0,0,https://www.nba.com/game/0022000225/box-score
2021-04-24_NOP_SAS,0022000264,2021-04-24,NOP,SAS,NOP,Brandon Ingram,1627742,2097,1,,24,-6,https://www.nba.com/game/0022000264/box-score
2021-04-24_NOP_SAS,0022000264,2021-04-24,NOP,SAS,NOP,Eric Bledsoe,202339,1360,1,,6,-6,https://www.nba.com/game/0022000264/box-score
2021-04-24_NOP_SAS,0022000264,2021-04-24,NOP,SAS,NOP,James Nunnally,203263,0,0,DNP - Coach's Decision,0,0,https://www.nba.com/game/0022000264/box-score
2021-04-24_NOP_SAS,0022000264,2021-04-24,NOP,SAS,NOP,Jaxson Hayes,1629637,835,0,,6,-1,https://www.nba.com/game/0022000264/box-score
2021-04-24_NOP_SAS,0022000264,2021-04-24,NOP,SAS,NOP,Kira Lewis Jr.,1630184,996,0,,5,2,https://www.nba.com/game/0022000264/box-score
2021-04-24_NOP_SAS,0022000264,2021-04-24,NOP,SAS,NOP,Lonzo Ball,1628366,2059,1,,24,-1,https://www.nba.com/game/0022000264/box-score
2021-04-24_NOP_SAS,0022000264,2021-04-24,NOP,SAS,NOP,Naji Marshall,1630230,1942,0,,6,2,https://www.nba.com/game/0022000264/box-score
2021-04-24_NOP_SAS,0022000264,2021-04-24,NOP,SAS,NOP,Steven Adams,203500,1911,1,,4,-2,https://www.nba.com/game/0022000264/box-score
2021-04-24_NOP_SAS,0022000264,2021-04-24,NOP,SAS,NOP,Wenyen Gabriel,1629117,0,0,DNP - Coach's Decision,0,0,https://www.nba.com/game/0022000264/box-score
2021-04-24_NOP_SAS,0022000264,2021-04-24,NOP,SAS,NOP,Wes Iwundu,1628411,628,0,,0,2,https://www.nba.com/game/0022000264/box-score
2021-04-24_NOP_SAS,0022000264,2021-04-24,NOP,SAS,NOP,Willy Hernangomez,1626195,292,0,,0,2,https://www.nba.com/game/0022000264/box-score
2021-04-24_NOP_SAS,0022000264,2021-04-24,NOP,SAS,NOP,Zion Williamson,1629627,2280,1,,33,-2,https://www.nba.com/game/0022000264/box-score
2021-04-24_NOP_SAS,0022000264,2021-04-24,NOP,SAS,SAS,DeMar DeRozan,201942,2226,1,,32,5,https://www.nba.com/game/0022000264/box-score
2021-04-24_NOP_SAS,0022000264,2021-04-24,NOP,SAS,SAS,Dejounte Murray,1627749,2114,1,,11,1,https://www.nba.com/game/0022000264/box-score
2021-04-24_NOP_SAS,0022000264,2021-04-24,NOP,SAS,SAS,Derrick White,1628401,2253,1,,22,2,https://www.nba.com/game/0022000264/box-score
2021-04-24_NOP_SAS,0022000264,2021-04-24,NOP,SAS,SAS,Devin Vassell,1630170,353,0,,3,5,https://www.nba.com/game/0022000264/box-score
2021-04-24_NOP_SAS,0022000264,2021-04-24,NOP,SAS,SAS,Drew Eubanks,1629234,678,0,,8,-5,https://www.nba.com/game/0022000264/box-score
2021-04-24_NOP_SAS,0022000264,2021-04-24,NOP,SAS,SAS,Gorgui Dieng,203476,0,0,DNP - Coach's Decision,0,0,https://www.nba.com/game/0022000264/box-score
2021-04-24_NOP_SAS,0022000264,2021-04-24,NOP,SAS,SAS,Jakob Poeltl,1627751,2201,1,,8,5,https://www.nba.com/game/0022000264/box-score
2021-04-24_NOP_SAS,0022000264,2021-04-24,NOP,SAS,SAS,Keita Bates-Diop,1628966,129,0,,0,4,https://www.nba.com/game/0022000264/box-score
2021-04-24_NOP_SAS,0022000264,2021-04-24,NOP,SAS,SAS,Keldon Johnson,1629640,2049,1,,14,-4,https://www.nba.com/game/0022000264/box-score
2021-04-24_NOP_SAS,0022000264,2021-04-24,NOP,SAS,SAS,Lonnie Walker IV,1629022,845,0,,4,-1,https://www.nba.com/game/0022000264/box-score
2021-04-24_NOP_SAS,0022000264,2021-04-24,NOP,SAS,SAS,Luka Samanic,1629677,346,0,,3,2,https://www.nba.com/game/0022000264/box-score
2021-04-24_NOP_SAS,0022000264,2021-04-24,NOP,SAS,SAS,Patty Mills,201988,1206,0,,5,-4,https://www.nba.com/game/0022000264/box-score
2021-04-24_NOP_SAS,0022000264,2021-04-24,NOP,SAS,SAS,Quinndary Weatherspoon,1629683,0,0,DNP - Coach's Decision,0,0,https://www.nba.com/game/0022000264/box-score
2021-04-24_NOP_SAS,0022000264,2021-04-24,NOP,SAS,SAS,Tre Jones,1630200,0,0,DNP - Coach's Decision,0,0,https://www.nba.com/game/0022000264/box-score
2021-04-26_WAS_SAS,0022000919,2021-04-26,WAS,SAS,SAS,DeMar DeRozan,201942,2457,1,,37,5,https://www.nba.com/game/0022000919/box-score
2021-04-26_WAS_SAS,0022000919,2021-04-26,WAS,SAS,SAS,Dejounte Murray,1627749,2504,1,,25,-5,https://www.nba.com/game/0022000919/box-score
2021-04-26_WAS_SAS,0022000919,2021-04-26,WAS,SAS,SAS,Derrick White,1628401,1148,1,,9,0,https://www.nba.com/game/0022000919/box-score
2021-04-26_WAS_SAS,0022000919,2021-04-26,WAS,SAS,SAS,Devin Vassell,1630170,28,0,,0,-3,https://www.nba.com/game/0022000919/box-score
2021-04-26_WAS_SAS,0022000919,2021-04-26,WAS,SAS,SAS,Drew Eubanks,1629234,1080,0,,10,4,https://www.nba.com/game/0022000919/box-score
2021-04-26_WAS_SAS,0022000919,2021-04-26,WAS,SAS,SAS,Gorgui Dieng,203476,488,0,,6,2,https://www.nba.com/game/0022000919/box-score
2021-04-26_WAS_SAS,0022000919,2021-04-26,WAS,SAS,SAS,Jakob Poeltl,1627751,1583,1,,10,-5,https://www.nba.com/game/0022000919/box-score
2021-04-26_WAS_SAS,0022000919,2021-04-26,WAS,SAS,SAS,Keita Bates-Diop,1628966,0,0,DNP - Coach's Decision,0,0,https://www.nba.com/game/0022000919/box-score
2021-04-26_WAS_SAS,0022000919,2021-04-26,WAS,SAS,SAS,Keldon Johnson,1629640,2284,1,,21,1,https://www.nba.com/game/0022000919/box-score
2021-04-26_WAS_SAS,0022000919,2021-04-26,WAS,SAS,SAS,Lonnie Walker IV,1629022,1188,0,,0,5,https://www.nba.com/game/0022000919/box-score
2021-04-26_WAS_SAS,0022000919,2021-04-26,WAS,SAS,SAS,Luka Samanic,1629677,0,0,DNP - Coach's Decision,0,0,https://www.nba.com/game/0022000919/box-score
2021-04-26_WAS_SAS,0022000919,2021-04-26,WAS,SAS,SAS,Patty Mills,201988,1928,0,,11,2,https://www.nba.com/game/0022000919/box-score
2021-04-26_WAS_SAS,0022000919,2021-04-26,WAS,SAS,SAS,Rudy Gay,200752,1213,0,,17,9,https://www.nba.com/game/0022000919/box-score
2021-04-26_WAS_SAS,0022000919,2021-04-26,WAS,SAS,SAS,Tre Jones,1630200,0,0,DNP - Coach's Decision,0,0,https://www.nba.com/game/0022000919/box-score
2021-04-26_WAS_SAS,0022000919,2021-04-26,WAS,SAS,WAS,Alex Len,203458,1401,1,,17,6,https://www.nba.com/game/0022000919/box-score
2021-04-26_WAS_SAS,0022000919,2021-04-26,WAS,SAS,WAS,Anthony Gill,1630264,835,0,,13,2,https://www.nba.com/game/0022000919/box-score
2021-04-26_WAS_SAS,0022000919,2021-04-26,WAS,SAS,WAS,Bradley Beal,203078,2496,1,,45,-1,https://www.nba.com/game/0022000919/box-score
2021-04-26_WAS_SAS,0022000919,2021-04-26,WAS,SAS,WAS,Cassius Winston,1630216,0,0,DNP - Coach's Decision,0,0,https://www.nba.com/game/0022000919/box-score
2021-04-26_WAS_SAS,0022000919,2021-04-26,WAS,SAS,WAS,Chandler Hutchison,1628990,0,0,DNP - Coach's Decision,0,0,https://www.nba.com/game/0022000919/box-score
2021-04-26_WAS_SAS,0022000919,2021-04-26,WAS,SAS,WAS,Daniel Gafford,1629655,915,0,,6,-9,https://www.nba.com/game/0022000919/box-score
2021-04-26_WAS_SAS,0022000919,2021-04-26,WAS,SAS,WAS,Davis Bertans,202722,2065,0,,13,-9,https://www.nba.com/game/0022000919/box-score
2021-04-26_WAS_SAS,0022000919,2021-04-26,WAS,SAS,WAS,Garrison Mathews,1629726,700,0,,2,-4,https://www.nba.com/game/0022000919/box-score
2021-04-26_WAS_SAS,0022000919,2021-04-26,WAS,SAS,WAS,Isaac Bonga,1629067,0,0,DNP - Coach's Decision,0,0,https://www.nba.com/game/0022000919/box-score
2021-04-26_WAS_SAS,0022000919,2021-04-26,WAS,SAS,WAS,Ish Smith,202397,1557,0,,6,3,https://www.nba.com/game/0022000919/box-score
2021-04-26_WAS_SAS,0022000919,2021-04-26,WAS,SAS,WAS,Raul Neto,203526,1490,1,,6,2,https://www.nba.com/game/0022000919/box-score
2021-04-26_WAS_SAS,0022000919,2021-04-26,WAS,SAS,WAS,Rui Hachimura,1629060,1901,1,,13,6,https://www.nba.com/game/0022000919/box-score
2021-04-26_WAS_SAS,0022000919,2021-04-26,WAS,SAS,WAS,Russell Westbrook,201566,2541,1,,22,-11,https://www.nba.com/game/0022000919/box-score
2021-05-01_DAL_WAS,0022000964,2021-05-01,DAL,WAS,DAL,Boban Marjanovic,1626246,0,0,DNP - Coach's Decision,0,0,https://www.nba.com/game/0022000964/box-score
2021-05-01_DAL_WAS,0022000964,2021-05-01,DAL,WAS,DAL,Dorian Finney-Smith,1627827,2429,1,,22,4,https://www.nba.com/game/0022000964/box-score
2021-05-01_DAL_WAS,0022000964,2021-05-01,DAL,WAS,DAL,Dwight Powell,203939,1132,1,,11,1,https://www.nba.com/game/0022000964/box-score
2021-05-01_DAL_WAS,0022000964,2021-05-01,DAL,WAS,DAL,Jalen Brunson,1628973,916,0,,4,-9,https://www.nba.com/game/0022000964/box-score
2021-05-01_DAL_WAS,0022000964,2021-05-01,DAL,WAS,DAL,Josh Green,1630182,0,0,DNP - Coach's Decision,0,0,https://www.nba.com/game/0022000964/box-score
2021-05-01_DAL_WAS,0022000964,2021-05-01,DAL,WAS,DAL,Josh Richardson,1626196,1398,1,,8,-6,https://www.nba.com/game/0022000964/box-score
2021-05-01_DAL_WAS,0022000964,2021-05-01,DAL,WAS,DAL,Luka Doncic,1629029,2353,1,,31,6,https://www.nba.com/game/0022000964/box-score
2021-05-01_DAL_WAS,0022000964,2021-05-01,DAL,WAS,DAL,Maxi Kleber,1628467,1627,1,,17,-6,https://www.nba.com/game/0022000964/box-score
2021-05-01_DAL_WAS,0022000964,2021-05-01,DAL,WAS,DAL,Nate Hinton,1630207,0,0,DNP - Coach's Decision,0,0,https://www.nba.com/game/0022000964/box-score
2021-05-01_DAL_WAS,0022000964,2021-05-01,DAL,WAS,DAL,Nicolo Melli,1629740,627,0,,3,2,https://www.nba.com/game/0022000964/box-score
2021-05-01_DAL_WAS,0022000964,2021-05-01,DAL,WAS,DAL,Tim Hardaway Jr.,203501,1601,0,,16,7,https://www.nba.com/game/0022000964/box-score
2021-05-01_DAL_WAS,0022000964,2021-05-01,DAL,WAS,DAL,Trey Burke,203504,711,0,,7,9,https://www.nba.com/game/0022000964/box-score
2021-05-01_DAL_WAS,0022000964,2021-05-01,DAL,WAS,DAL,Tyler Bey,1630189,0,0,DNP - Coach's Decision,0,0,https://www.nba.com/game/0022000964/box-score
2021-05-01_DAL_WAS,0022000964,2021-05-01,DAL,WAS,DAL,Willie Cauley-Stein,1626161,1606,0,,6,-3,https://www.nba.com/game/0022000964/box-score
2021-05-01_DAL_WAS,0022000964,2021-05-01,DAL,WAS,WAS,Alex Len,203458,287,1,,0,-11,https://www.nba.com/game/0022000964/box-score
2021-05-01_DAL_WAS,0022000964,2021-05-01,DAL,WAS,WAS,Anthony Gill,1630264,0,0,DNP - Coach's Decision,0,0,https://www.nba.com/game/0022000964/box-score
2021-05-01_DAL_WAS,0022000964,2021-05-01,DAL,WAS,WAS,Bradley Beal,203078,2205,1,,29,0,https://www.nba.com/game/0022000964/box-score
2021-05-01_DAL_WAS,0022000964,2021-05-01,DAL,WAS,WAS,Cassius Winston,1630216,0,0,DNP - Coach's Decision,0,0,https://www.nba.com/game/0022000964/box-score
2021-05-01_DAL_WAS,0022000964,2021-05-01,DAL,WAS,WAS,Chandler Hutchison,1628990,459,0,,2,-11,https://www.nba.com/game/0022000964/box-score
2021-05-01_DAL_WAS,0022000964,2021-05-01,DAL,WAS,WAS,Daniel Gafford,1629655,1509,0,,9,-7,https://www.nba.com/game/0022000964/box-score
2021-05-01_DAL_WAS,0022000964,2021-05-01,DAL,WAS,WAS,Davis Bertans,202722,1534,0,,5,4,https://www.nba.com/game/0022000964/box-score
2021-05-01_DAL_WAS,0022000964,2021-05-01,DAL,WAS,WAS,Garrison Mathews,1629726,0,0,DNP - Coach's Decision,0,0,https://www.nba.com/game/0022000964/box-score
2021-05-01_DAL_WAS,0022000964,2021-05-01,DAL,WAS,WAS,Isaac Bonga,1629067,0,0,DNP - Coach's Decision,0,0,https://www.nba.com/game/0022000964/box-score
2021-05-01_DAL_WAS,0022000964,2021-05-01,DAL,WAS,WAS,Ish Smith,202397,1439,0,,6,-3,https://www.nba.com/game/0022000964/box-score
2021-05-01_DAL_WAS,0022000964,2021-05-01,DAL,WAS,WAS,Raul Neto,203526,1767,1,,8,12,https://www.nba.com/game/0022000964/box-score
2021-05-01_DAL_WAS,0022000964,2021-05-01,DAL,WAS,WAS,Robin Lopez,201577,1075,0,,5,17,https://www.nba.com/game/0022000964/box-score
2021-05-01_DAL_WAS,0022000964,2021-05-01,DAL,WAS,WAS,Rui Hachimura,1629060,1714,1,,18,-3,https://www.nba.com/game/0022000964/box-score
2021-05-01_DAL_WAS,0022000964,2021-05-01,DAL,WAS,WAS,Russell Westbrook,201566,2412,1,,42,-3,https://www.nba.com/game/0022000964/box-score
2021-05-05_MIL_WAS,0022000235,2021-05-05,MIL,WAS,MIL,Bobby Portis,1626171,971,0,,9,-6,https://www.nba.com/game/0022000235/box-score
2021-05-05_MIL_WAS,0022000235,2021-05-05,MIL,WAS,MIL,Brook Lopez,201572,1576,1,,11,-2,https://www.nba.com/game/0022000235/box-score
2021-05-05_MIL_WAS,0022000235,2021-05-05,MIL,WAS,MIL,Bryn Forbes,1627854,1555,0,,14,0,https://www.nba.com/game/0022000235/box-score
2021-05-05_MIL_WAS,0022000235,2021-05-05,MIL,WAS,MIL,Donte DiVincenzo,1628978,1210,1,,19,-7,https://www.nba.com/game/0022000235/box-score
2021-05-05_MIL_WAS,0022000235,2021-05-05,MIL,WAS,MIL,Giannis Antetokounmpo,203507,1780,1,,23,-1,https://www.nba.com/game/0022000235/box-score
2021-05-05_MIL_WAS,0022000235,2021-05-05,MIL,WAS,MIL,Jeff Teague,201952,1362,0,,11,14,https://www.nba.com/game/0022000235/box-score
2021-05-05_MIL_WAS,0022000235,2021-05-05,MIL,WAS,MIL,Jordan Nwora,1629670,0,0,DNP - Coach's Decision,0,0,https://www.nba.com/game/0022000235/box-score
2021-05-05_MIL_WAS,0022000235,2021-05-05,MIL,WAS,MIL,Jrue Holiday,201950,1895,1,,29,-3,https://www.nba.com/game/0022000235/box-score
2021-05-05_MIL_WAS,0022000235,2021-05-05,MIL,WAS,MIL,Justin Jackson,1628382,0,0,DNP - Coach's Decision,0,0,https://www.nba.com/game/0022000235/box-score
2021-05-05_MIL_WAS,0022000235,2021-05-05,MIL,WAS,MIL,Mamadi Diakite,1629603,0,0,DNP - Coach's Decision,0,0,https://www.nba.com/game/0022000235/box-score
2021-05-05_MIL_WAS,0022000235,2021-05-05,MIL,WAS,MIL,P.J. Tucker,200782,1227,1,,0,-1,https://www.nba.com/game/0022000235/box-score
2021-05-05_MIL_WAS,0022000235,2021-05-05,MIL,WAS,MIL,Pat Connaughton,1626192,1893,0,,16,7,https://www.nba.com/game/0022000235/box-score
2021-05-05_MIL_WAS,0022000235,2021-05-05,MIL,WAS,MIL,Rodions Kurucs,1629066,0,0,DNP - Coach's Decision,0,0,https://www.nba.com/game/0022000235/box-score
2021-05-05_MIL_WAS,0022000235,2021-05-05,MIL,WAS,MIL,Sam Merrill,1630241,0,0,DNP - Coach's Decision,0,0,https://www.nba.com/game/0022000235/box-score
2021-05-05_MIL_WAS,0022000235,2021-05-05,MIL,WAS,MIL,Thanasis Antetokounmpo,203648,931,0,,3,4,https://www.nba.com/game/0022000235/box-score
2021-05-05_MIL_WAS,0022000235,2021-05-05,MIL,WAS,WAS,Alex Len,203458,992,1,,2,3,https://www.nba.com/game/0022000235/box-score
2021-05-05_MIL_WAS,0022000235,2021-05-05,MIL,WAS,WAS,Anthony Gill,1630264,1095,1,,11,5,https://www.nba.com/game/0022000235/box-score
2021-05-05_MIL_WAS,0022000235,2021-05-05,MIL,WAS,WAS,Bradley Beal,203078,2323,1,,42,-8,https://www.nba.com/game/0022000235/box-score
2021-05-05_MIL_WAS,0022000235,2021-05-05,MIL,WAS,WAS,Cassius Winston,1630216,0,0,DNP - Coach's Decision,0,0,https://www.nba.com/game/0022000235/box-score
2021-05-05_MIL_WAS,0022000235,2021-05-05,MIL,WAS,WAS,Chandler Hutchison,1628990,178,0,,0,-1,https://www.nba.com/game/0022000235/box-score
2021-05-05_MIL_WAS,0022000235,2021-05-05,MIL,WAS,WAS,Daniel Gafford,1629655,842,0,,12,-2,https://www.nba.com/game/0022000235/box-score
2021-05-05_MIL_WAS,0022000235,2021-05-05,MIL,WAS,WAS,Davis Bertans,202722,1650,0,,13,-9,https://www.nba.com/game/0022000235/box-score
2021-05-05_MIL_WAS,0022000235,2021-05-05,MIL,WAS,WAS,Garrison Mathews,1629726,745,0,,8,6,https://www.nba.com/game/0022000235/box-score
2021-05-05_MIL_WAS,0022000235,2021-05-05,MIL,WAS,WAS,Isaac Bonga,1629067,378,0,,0,-4,https://www.nba.com/game/0022000235/box-score
2021-05-05_MIL_WAS,0022000235,2021-05-05,MIL,WAS,WAS,Ish Smith,202397,1326,0,,2,-5,https://www.nba.com/game/0022000235/box-score
2021-05-05_MIL_WAS,0022000235,2021-05-05,MIL,WAS,WAS,Raul Neto,203526,1402,1,,7,10,https://www.nba.com/game/0022000235/box-score
2021-05-05_MIL_WAS,0022000235,2021-05-05,MIL,WAS,WAS,Robin Lopez,201577,1046,0,,8,-2,https://www.nba.com/game/0022000235/box-score
2021-05-05_MIL_WAS,0022000235,2021-05-05,MIL,WAS,WAS,Russell Westbrook,201566,2423,1,,29,2,https://www.nba.com/game/0022000235/box-score
2021-05-10_ATL_WAS,0022001026,2021-05-10,ATL,WAS,ATL,Bogdan Bogdanovic,203992,2141,1,,25,5,https://www.nba.com/game/0022001026/box-score
2021-05-10_ATL_WAS,0022001026,2021-05-10,ATL,WAS,ATL,Brandon Goodwin,1629164,0,0,DNP - Coach's Decision,0,0,https://www.nba.com/game/0022001026/box-score
2021-05-10_ATL_WAS,0022001026,2021-05-10,ATL,WAS,ATL,Bruno Fernando,1628981,0,0,DNP - Coach's Decision,0,0,https://www.nba.com/game/0022001026/box-score
2021-05-10_ATL_WAS,0022001026,2021-05-10,ATL,WAS,ATL,Clint Capela,203991,2080,1,,10,6,https://www.nba.com/game/0022001026/box-score
2021-05-10_ATL_WAS,0022001026,2021-05-10,ATL,WAS,ATL,Danilo Gallinari,201568,1275,0,,8,-17,https://www.nba.com/game/0022001026/box-score
2021-05-10_ATL_WAS,0022001026,2021-05-10,ATL,WAS,ATL,De'Andre Hunter,1629631,811,0,,6,2,https://www.nba.com/game/0022001026/box-score
2021-05-10_ATL_WAS,0022001026,2021-05-10,ATL,WAS,ATL,John Collins,1628381,1965,1,,28,16,https://www.nba.com/game/0022001026/box-score
2021-05-10_ATL_WAS,0022001026,2021-05-10,ATL,WAS,ATL,Kevin Huerter,1628989,2219,1,,7,18,https://www.nba.com/game/0022001026/box-score
2021-05-10_ATL_WAS,0022001026,2021-05-10,ATL,WAS,ATL,Kris Dunn,1627739,0,0,DNP - Coach's Decision,0,0,https://www.nba.com/game/0022001026/box-score
2021-05-10_ATL_WAS,0022001026,2021-05-10,ATL,WAS,ATL,Lou Williams,101150,683,0,,2,-17,https://www.nba.com/game/0022001026/box-score
2021-05-10_ATL_WAS,0022001026,2021-05-10,ATL,WAS,ATL,Nathan Knight,1630233,0,0,DNP - Coach's Decision,0,0,https://www.nba.com/game/0022001026/box-score
2021-05-10_ATL_WAS,0022001026,2021-05-10,ATL,WAS,ATL,Onyeka Okongwu,1630168,440,0,,2,-3,https://www.nba.com/game/0022001026/box-score
2021-05-10_ATL_WAS,0022001026,2021-05-10,ATL,WAS,ATL,Skylar Mays,1630219,0,0,DNP - Coach's Decision,0,0,https://www.nba.com/game/0022001026/box-score
2021-05-10_ATL_WAS,0022001026,2021-05-10,ATL,WAS,ATL,Solomon Hill,203524,590,0,,1,-23,https://www.nba.com/game/0022001026/box-score
2021-05-10_ATL_WAS,0022001026,2021-05-10,ATL,WAS,ATL,Trae Young,1629027,2197,1,,36,18,https://www.nba.com/game/0022001026/box-score
2021-05-10_ATL_WAS,0022001026,2021-05-10,ATL,WAS,WAS,Alex Len,203458,723,1,,2,-11,https://www.nba.com/game/0022001026/box-score
2021-05-10_ATL_WAS,0022001026,2021-05-10,ATL,WAS,WAS,Anthony Gill,1630264,0,0,DNP - Coach's Decision,0,0,https://www.nba.com/game/0022001026/box-score
2021-05-10_ATL_WAS,0022001026,2021-05-10,ATL,WAS,WAS,Cassius Winston,1630216,0,0,DNP - Coach's Decision,0,0,https://www.nba.com/game/0022001026/box-score
2021-05-10_ATL_WAS,0022001026,2021-05-10,ATL,WAS,WAS,Chandler Hutchison,1628990,1508,0,,6,6,https://www.nba.com/game/0022001026/box-score
2021-05-10_ATL_WAS,0022001026,2021-05-10,ATL,WAS,WAS,Daniel Gafford,1629655,881,0,,4,9,https://www.nba.com/game/0022001026/box-score
2021-05-10_ATL_WAS,0022001026,2021-05-10,ATL,WAS,WAS,Davis Bertans,202722,1869,0,,15,10,https://www.nba.com/game/0022001026/box-score
2021-05-10_ATL_WAS,0022001026,2021-05-10,ATL,WAS,WAS,Garrison Mathews,1629726,815,1,,3,-11,https://www.nba.com/game/0022001026/box-score
2021-05-10_ATL_WAS,0022001026,2021-05-10,ATL,WAS,WAS,Isaac Bonga,1629067,0,0,DNP - Coach's Decision,0,0,https://www.nba.com/game/0022001026/box-score
2021-05-10_ATL_WAS,0022001026,2021-05-10,ATL,WAS,WAS,Ish Smith,202397,1387,0,,16,3,https://www.nba.com/game/0022001026/box-score
2021-05-10_ATL_WAS,0022001026,2021-05-10,ATL,WAS,WAS,Raul Neto,203526,1882,1,,12,-7,https://www.nba.com/game/0022001026/box-score
2021-05-10_ATL_WAS,0022001026,2021-05-10,ATL,WAS,WAS,Robin Lopez,201577,1276,0,,18,1,https://www.nba.com/game/0022001026/box-score
2021-05-10_ATL_WAS,0022001026,2021-05-10,ATL,WAS,WAS,Rui Hachimura,1629060,1651,1,,20,-4,https://www.nba.com/game/0022001026/box-score
2021-05-10_ATL_WAS,0022001026,2021-05-10,ATL,WAS,WAS,Russell Westbrook,201566,2408,1,,28,-1,https://www.nba.com/game/0022001026/box-score
2021-05-11_LAL_NYK,0022001041,2021-05-11,LAL,NYK,LAL,Alex Caruso,1627936,431,1,,0,3,https://www.nba.com/game/0022001041/box-score
2021-05-11_LAL_NYK,0022001041,2021-05-11,LAL,NYK,LAL,Alfonzo McKinnie,1628035,0,0,DNP - Coach's Decision,0,0,https://www.nba.com/game/0022001041/box-score
2021-05-11_LAL_NYK,0022001041,2021-05-11,LAL,NYK,LAL,Andre Drummond,203083,2131,1,,16,8,https://www.nba.com/game/0022001041/box-score
2021-05-11_LAL_NYK,0022001041,2021-05-11,LAL,NYK,LAL,Anthony Davis,203076,2607,1,,20,7,https://www.nba.com/game/0022001041/box-score
2021-05-11_LAL_NYK,0022001041,2021-05-11,LAL,NYK,LAL,Ben McLemore,203463,1243,0,,8,-9,https://www.nba.com/game/0022001041/box-score
2021-05-11_LAL_NYK,0022001041,2021-05-11,LAL,NYK,LAL,Devontae Cacok,1629719,0,0,DNP - Coach's Decision,0,0,https://www.nba.com/game/0022001041/box-score
2021-05-11_LAL_NYK,0022001041,2021-05-11,LAL,NYK,LAL,Kentavious Caldwell-Pope,203484,2429,1,,8,9,https://www.nba.com/game/0022001041/box-score
2021-05-11_LAL_NYK,0022001041,2021-05-11,LAL,NYK,LAL,Kostas Antetokounmpo,1628961,0,0,DNP - Coach's Decision,0,0,https://www.nba.com/game/0022001041/box-score
2021-05-11_LAL_NYK,0022001041,2021-05-11,LAL,NYK,LAL,Kyle Kuzma,1628398,1973,0,,23,-11,https://www.nba.com/game/0022001041/box-score
2021-05-11_LAL_NYK,0022001041,2021-05-11,LAL,NYK,LAL,Marc Gasol,201188,1036,0,,0,-8,https://www.nba.com/game/0022001041/box-score
2021-05-11_LAL_NYK,0022001041,2021-05-11,LAL,NYK,LAL,Markieff Morris,202693,289,0,,0,-6,https://www.nba.com/game/0022001041/box-score
2021-05-11_LAL_NYK,0022001041,2021-05-11,LAL,NYK,LAL,Montrezl Harrell,1626149,284,0,,5,1,https://www.nba.com/game/0022001041/box-score
2021-05-11_LAL_NYK,0022001041,2021-05-11,LAL,NYK,LAL,Talen Horton-Tucker,1629659,2060,0,,13,2,https://www.nba.com/game/0022001041/box-score
2021-05-11_LAL_NYK,0022001041,2021-05-11,LAL,NYK,LAL,Wesley Matthews,202083,1417,1,,8,14,https://www.nba.com/game/0022001041/box-score
2021-05-11_LAL_NYK,0022001041,2021-05-11,LAL,NYK,NYK,Derrick Rose,201565,2330,0,,27,6,https://www.nba.com/game/0022001041/box-score
2021-05-11_LAL_NYK,0022001041,2021-05-11,LAL,NYK,NYK,Elfrid Payton,203901,830,1,,2,-8,https://www.nba.com/game/0022001041/box-score
2021-05-11_LAL_NYK,0022001041,2021-05-11,LAL,NYK,NYK,Frank Ntilikina,1628373,1399,0,,9,-1,https://www.nba.com/game/0022001041/box-score
2021-05-11_LAL_NYK,0022001041,2021-05-11,LAL,NYK,NYK,Jared Harper,1629607,0,0,DNP - Coach's Decision,0,0,https://www.nba.com/game/0022001041/box-score
2021-05-11_LAL_NYK,0022001041,2021-05-11,LAL,NYK,NYK,Julius Randle,203944,2621,1,,31,-7,https://www.nba.com/game/0022001041/box-score
2021-05-11_LAL_NYK,0022001041,2021-05-11,LAL,NYK,NYK,Kevin Knox II,1628995,0,0,DNP - Coach's Decision,0,0,https://www.nba.com/game/0022001041/box-score
2021-05-11_LAL_NYK,0022001041,2021-05-11,LAL,NYK,NYK,Nerlens Noel,203457,1440,1,,4,-9,https://www.nba.com/game/0022001041/box-score
2021-05-11_LAL_NYK,0022001041,2021-05-11,LAL,NYK,NYK,Norvel Pelle,203658,0,0,DNP - Coach's Decision,0,0,https://www.nba.com/game/0022001041/box-score
2021-05-11_LAL_NYK,0022001041,2021-05-11,LAL,NYK,NYK,Obi Toppin,1630167,559,0,,5,5,https://www.nba.com/game/0022001041/box-score
2021-05-11_LAL_NYK,0022001041,2021-05-11,LAL,NYK,NYK,RJ Barrett,1629628,2254,1,,8,-3,https://www.nba.com/game/0022001041/box-score
2021-05-11_LAL_NYK,0022001041,2021-05-11,LAL,NYK,NYK,Reggie Bullock,203493,2743,1,,5,0,https://www.nba.com/game/0022001041/box-score
2021-05-11_LAL_NYK,0022001041,2021-05-11,LAL,NYK,NYK,Taj Gibson,201959,1724,0,,8,7,https://www.nba.com/game/0022001041/box-score
2021-05-11_LAL_NYK,0022001041,2021-05-11,LAL,NYK,NYK,Theo Pinson,1629033,0,0,DNP - Coach's Decision,0,0,https://www.nba.com/game/0022001041/box-score
2021-05-12_LAL_HOU,0022001046,2021-05-12,LAL,HOU,HOU,Anthony Lamb,1630237,2043,0,,9,-18,https://www.nba.com/game/0022001046/box-score
2021-05-12_LAL_HOU,0022001046,2021-05-12,LAL,HOU,HOU,Armoni Brooks,1629717,2214,0,,24,-1,https://www.nba.com/game/0022001046/box-score
2021-05-12_LAL_HOU,0022001046,2021-05-12,LAL,HOU,HOU,Cameron Oliver,1628419,1364,0,,17,3,https://www.nba.com/game/0022001046/box-score
2021-05-12_LAL_HOU,0022001046,2021-05-12,LAL,HOU,HOU,Christian Wood,1626174,0,0,DNP - Injury/Illness,0,0,https://www.nba.com/game/0022001046/box-score
2021-05-12_LAL_HOU,0022001046,2021-05-12,LAL,HOU,HOU,D.J. Augustin,201571,1418,1,,8,-3,https://www.nba.com/game/0022001046/box-score
2021-05-12_LAL_HOU,0022001046,2021-05-12,LAL,HOU,HOU,DaQuan Jeffries,1629610,0,0,DNP - Injury/Illness,0,0,https://www.nba.com/game/0022001046/box-score
2021-05-12_LAL_HOU,0022001046,2021-05-12,LAL,HOU,HOU,Danuel House Jr.,1627863,0,0,DNP - Injury/Illness,0,0,https://www.nba.com/game/0022001046/box-score
2021-05-12_LAL_HOU,0022001046,2021-05-12,LAL,HOU,HOU,Jae'Sean Tate,1630256,1380,1,,16,17,https://www.nba.com/game/0022001046/box-score
2021-05-12_LAL_HOU,0022001046,2021-05-12,LAL,HOU,HOU,Kelly Olynyk,203482,1516,1,,24,-5,https://www.nba.com/game/0022001046/box-score
2021-05-12_LAL_HOU,0022001046,2021-05-12,LAL,HOU,HOU,Kenyon Martin Jr.,1630231,2231,1,,20,-2,https://www.nba.com/game/0022001046/box-score
2021-05-12_LAL_HOU,0022001046,2021-05-12,LAL,HOU,HOU,Kevin Porter Jr.,1629645,0,0,DNP - Injury/Illness,0,0,https://www.nba.com/game/0022001046/box-score
2021-05-12_LAL_HOU,0022001046,2021-05-12,LAL,HOU,HOU,Khyri Thomas,1629017,2235,1,,4,-1,https://www.nba.com/game/0022001046/box-score
2021-05-12_LAL_HOU,0022001046,2021-05-12,LAL,HOU,LAL,Alfonzo McKinnie,1628035,1011,0,,10,-1,https://www.nba.com/game/0022001046/box-score
2021-05-12_LAL_HOU,0022001046,2021-05-12,LAL,HOU,LAL,Andre Drummond,203083,1305,1,,20,9,https://www.nba.com/game/0022001046/box-score
2021-05-12_LAL_HOU,0022001046,2021-05-12,LAL,HOU,LAL,Ben McLemore,203463,1535,0,,7,-1,https://www.nba.com/game/0022001046/box-score
2021-05-12_LAL_HOU,0022001046,2021-05-12,LAL,HOU,LAL,Devontae Cacok,1629719,228,0,,0,-3,https://www.nba.com/game/0022001046/box-score
2021-05-12_LAL_HOU,0022001046,2021-05-12,LAL,HOU,LAL,Kentavious Caldwell-Pope,203484,1834,1,,10,7,https://www.nba.com/game/0022001046/box-score
2021-05-12_LAL_HOU,0022001046,2021-05-12,LAL,HOU,LAL,Kostas Antetokounmpo,1628961,0,0,DNP - Coach's Decision,0,0,https://www.nba.com/game/0022001046/box-score
2021-05-12_LAL_HOU,0022001046,2021-05-12,LAL,HOU,LAL,Kyle Kuzma,1628398,1920,0,,19,3,https://www.nba.com/game/0022001046/box-score
2021-05-12_LAL_HOU,0022001046,2021-05-12,LAL,HOU,LAL,Marc Gasol,201188,0,0,DNP - Coach's Decision,0,0,https://www.nba.com/game/0022001046/box-score
2021-05-12_LAL_HOU,0022001046,2021-05-12,LAL,HOU,LAL,Markieff Morris,202693,1379,1,,14,9,https://www.nba.com/game/0022001046/box-score
2021-05-12_LAL_HOU,0022001046,2021-05-12,LAL,HOU,LAL,Montrezl Harrell,1626149,1568,0,,16,-8,https://www.nba.com/game/0022001046/box-score
2021-05-12_LAL_HOU,0022001046,2021-05-12,LAL,HOU,LAL,Talen Horton-Tucker,1629659,2203,1,,23,2,https://www.nba.com/game/0022001046/box-score
2021-05-12_LAL_HOU,0022001046,2021-05-12,LAL,HOU,LAL,Wesley Matthews,202083,1417,1,,5,-7,https://www.nba.com/game/0022001046/box-score
2021-05-13_PHX_POR,0022001053,2021-05-13,PHX,POR,PHX,Cameron Payne,1626166,1635,0,,21,3,https://www.nba.com/game/0022001053/box-score
2021-05-13_PHX_POR,0022001053,2021-05-13,PHX,POR,PHX,Chris Paul,101108,1927,1,,26,-3,https://www.nba.com/game/0022001053/box-score
2021-05-13_PHX_POR,0022001053,2021-05-13,PHX,POR,PHX,Dario Saric,203967,1850,1,,12,-10,https://www.nba.com/game/0022001053/box-score
2021-05-13_PHX_POR,0022001053,2021-05-13,PHX,POR,PHX,Devin Booker,1626164,2100,1,,18,2,https://www.nba.com/game/0022001053/box-score
2021-05-13_PHX_POR,0022001053,2021-05-13,PHX,POR,PHX,E'Twaun Moore,202734,0,0,DNP - Coach's Decision,0,0,https://www.nba.com/game/0022001053/box-score
2021-05-13_PHX_POR,0022001053,2021-05-13,PHX,POR,PHX,Frank Kaminsky,1626163,830,0,,0,7,https://www.nba.com/game/0022001053/box-score
2021-05-13_PHX_POR,0022001053,2021-05-13,PHX,POR,PHX,Jae Crowder,203109,2434,1,,10,-2,https://www.nba.com/game/0022001053/box-score
2021-05-13_PHX_POR,0022001053,2021-05-13,PHX,POR,PHX,Jalen Smith,1630188,0,0,DNP - Coach's Decision,0,0,https://www.nba.com/game/0022001053/box-score
2021-05-13_PHX_POR,0022001053,2021-05-13,PHX,POR,PHX,Jevon Carter,1628975,271,0,,0,1,https://www.nba.com/game/0022001053/box-score
2021-05-13_PHX_POR,0022001053,2021-05-13,PHX,POR,PHX,Langston Galloway,204038,0,0,DNP - Coach's Decision,0,0,https://www.nba.com/game/0022001053/box-score
2021-05-13_PHX_POR,0022001053,2021-05-13,PHX,POR,PHX,Mikal Bridges,1628969,2437,1,,21,5,https://www.nba.com/game/0022001053/box-score
2021-05-13_PHX_POR,0022001053,2021-05-13,PHX,POR,PHX,Torrey Craig,1628470,916,0,,10,2,https://www.nba.com/game/0022001053/box-score
2021-05-13_PHX_POR,0022001053,2021-05-13,PHX,POR,PHX,Ty-Shon Alexander,1630234,0,0,DNP - Coach's Decision,0,0,https://www.nba.com/game/0022001053/box-score
2021-05-13_PHX_POR,0022001053,2021-05-13,PHX,POR,POR,Anfernee Simons,1629014,980,0,,3,0,https://www.nba.com/game/0022001053/box-score
2021-05-13_PHX_POR,0022001053,2021-05-13,PHX,POR,POR,CJ Elleby,1629604,0,0,DNP - Coach's Decision,0,0,https://www.nba.com/game/0022001053/box-score
2021-05-13_PHX_POR,0022001053,2021-05-13,PHX,POR,POR,CJ McCollum,203468,2361,1,,27,2,https://www.nba.com/game/0022001053/box-score
2021-05-13_PHX_POR,0022001053,2021-05-13,PHX,POR,POR,Carmelo Anthony,2546,1309,0,,5,-1,https://www.nba.com/game/0022001053/box-score
2021-05-13_PHX_POR,0022001053,2021-05-13,PHX,POR,POR,Damian Lillard,203081,2576,1,,41,-2,https://www.nba.com/game/0022001053/box-score
2021-05-13_PHX_POR,0022001053,2021-05-13,PHX,POR,POR,Derrick Jones Jr.,1627884,0,0,DNP - Coach's Decision,0,0,https://www.nba.com/game/0022001053/box-score
2021-05-13_PHX_POR,0022001053,2021-05-13,PHX,POR,POR,Enes Freedom,202683,959,0,,6,-5,https://www.nba.com/game/0022001053/box-score
2021-05-13_PHX_POR,0022001053,2021-05-13,PHX,POR,POR,Harry Giles III,1628385,0,0,DNP - Coach's Decision,0,0,https://www.nba.com/game/0022001053/box-score
2021-05-13_PHX_POR,0022001053,2021-05-13,PHX,POR,POR,Jusuf Nurkic,203994,1568,1,,7,3,https://www.nba.com/game/0022001053/box-score
2021-05-13_PHX_POR,0022001053,2021-05-13,PHX,POR,POR,Keljin Blevins,1629833,0,0,DNP - Coach's Decision,0,0,https://www.nba.com/game/0022001053/box-score
2021-05-13_PHX_POR,0022001053,2021-05-13,PHX,POR,POR,Norman Powell,1626181,2431,1,,12,0,https://www.nba.com/game/0022001053/box-score
2021-05-13_PHX_POR,0022001053,2021-05-13,PHX,POR,POR,Robert Covington,203496,2216,1,,16,-2,https://www.nba.com/game/0022001053/box-score
2021-05-13_PHX_POR,0022001053,2021-05-13,PHX,POR,POR,Rondae Hollis-Jefferson,1626178,0,0,DNP - Coach's Decision,0,0,https://www.nba.com/game/0022001053/box-score
2021-05-13_PHX_POR,0022001053,2021-05-13,PHX,POR,POR,T.J. Leaf,1628388,0,0,DNP - Coach's Decision,0,0,https://www.nba.com/game/0022001053/box-score
