season,date,game_id,team,player,person_id,seconds,start,comment,pts,fgm,fga,fg3m,fg3a,ftm,fta,orb,drb,reb,ast,stl,blk,tov,pf
2020-21,2020-12-23,0022000012,MIA,Kelly Olynyk,203482,1199,0,,5,2,6,1,3,0,0,0,3,3,1,2,0,0,2
2020-21,2020-12-23,0022000012,MIA,Maurice Harkless,203090,1363,1,,3,1,4,1,2,0,0,0,2,2,1,0,0,0,0
2020-21,2020-12-23,0022000014,NOP,Kira Lewis Jr.,1630184,0,0,DNP - Coach's Decision,0,0,0,0,0,0,0,0,0,0,0,0,0,0,0
2020-21,2020-12-23,0022000014,TOR,Alex Len,203458,0,0,DNP - Coach's Decision,0,0,0,0,0,0,0,0,0,0,0,0,0,0,0
2020-21,2020-12-23,0022000015,CHI,Patrick Williams,1630172,1983,1,,16,5,11,1,3,5,6,0,4,4,1,1,1,0,2
2020-21,2020-12-23,0022000018,DET,Isaiah Stewart,1630191,0,0,DNP - Coach's Decision,0,0,0,0,0,0,0,0,0,0,0,0,0,0,0
2020-21,2020-12-23,0022000018,DET,Jerami Grant,203924,1885,1,,9,4,11,1,5,0,0,0,1,1,3,1,1,0,0
2020-21,2020-12-23,0022000018,DET,Josh Jackson,1628367,1731,0,,19,8,14,3,7,0,0,0,6,6,2,1,0,2,5
2020-21,2020-12-23,0022000018,DET,Mason Plumlee,203486,1932,1,,14,7,8,0,0,0,0,1,7,8,6,0,0,0,4
2020-21,2020-12-23,0022000019,SAC,Buddy Hield,1627741,2468,1,,22,7,15,5,11,3,3,1,3,4,3,1,0,3,5
2020-21,2020-12-23,0022000019,SAC,Cory Joseph,202709,1762,0,,15,6,10,2,5,1,2,0,3,3,4,1,2,2,4
2020-21,2020-12-23,0022000019,SAC,De'Aaron Fox,1628368,2323,1,,21,8,20,1,2,4,5,2,2,4,7,1,1,2,2
2020-21,2020-12-23,0022000019,SAC,Harrison Barnes,203084,2517,1,,21,8,15,0,3,5,7,1,8,9,5,2,0,1,1
2020-21,2020-12-23,0022000019,SAC,Marvin Bagley III,1628963,1641,1,,13,5,15,0,4,3,4,2,8,10,0,0,1,2,6
2020-21,2020-12-23,0022000019,SAC,Richaun Holmes,1626158,1379,1,,6,3,6,0,0,0,0,6,3,9,1,0,1,1,6
2020-21,2020-12-23,0022000019,SAC,Tyrese Haliburton,1630169,1800,0,,12,3,7,2,5,4,4,1,1,2,4,0,1,0,0
2020-21,2020-12-25,0022000005,MIA,Kelly Olynyk,203482,0,0,DNP - Coach's Decision,0,0,0,0,0,0,0,0,0,0,0,0,0,0,0
2020-21,2020-12-25,0022000005,MIA,Maurice Harkless,203090,569,0,,0,0,0,0,0,0,0,0,2,2,0,0,0,0,2
2020-21,2020-12-25,0022000005,NOP,Kira Lewis Jr.,1630184,0,0,DNP - Coach's Decision,0,0,0,0,0,0,0,0,0,0,0,0,0,0,0
2020-21,2020-12-26,0022000022,OKC,Hamidou Diallo,1628977,1180,0,,8,3,8,0,1,2,3,2,4,6,2,1,0,2,1
2020-21,2020-12-26,0022000023,DET,Isaiah Stewart,1630191,0,0,DNP - Coach's Decision,0,0,0,0,0,0,0,0,0,0,0,0,0,0,0
2020-21,2020-12-26,0022000023,DET,Jerami Grant,203924,2551,1,,28,9,14,4,8,6,8,1,9,10,2,0,3,1,4
2020-21,2020-12-26,0022000023,DET,Josh Jackson,1628367,1122,0,,6,2,6,0,3,2,2,0,8,8,1,1,1,3,0
2020-21,2020-12-26,0022000023,DET,Mason Plumlee,203486,1967,1,,6,3,6,0,1,0,0,2,7,9,5,3,0,3,6
2020-21,2020-12-26,0022000026,CHI,Patrick Williams,1630172,1324,1,,9,2,6,1,1,4,4,1,1,2,1,0,1,4,0
2020-21,2020-12-26,0022000027,TOR,Alex Len,203458,0,0,DNP - Coach's Decision,0,0,0,0,0,0,0,0,0,0,0,0,0,0,0
2020-21,2020-12-26,0022000030,SAC,Buddy Hield,1627741,2081,1,,14,4,14,2,7,4,6,1,3,4,0,1,0,1,3
2020-21,2020-12-26,0022000030,SAC,Cory Joseph,202709,1148,0,,3,1,8,0,2,1,2,0,3,3,1,0,1,1,2
2020-21,2020-12-26,0022000030,SAC,De'Aaron Fox,1628368,2094,1,,24,7,14,3,7,7,8,1,3,4,7,1,2,5,2
2020-21,2020-12-26,0022000030,SAC,Harrison Barnes,203084,2048,1,,11,5,14,0,2,1,1,1,10,11,2,0,1,2,0
2020-21,2020-12-26,0022000030,SAC,Marvin Bagley III,1628963,1242,1,,13,5,10,0,1,3,7,6,5,11,1,0,0,3,3
2020-21,2020-12-26,0022000030,SAC,Richaun Holmes,1626158,1442,1,,11,3,5,0,0,5,5,3,6,9,1,1,0,4,4
2020-21,2020-12-26,0022000030,SAC,Tyrese Haliburton,1630169,1569,0,,2,1,4,0,3,0,0,0,2,2,5,0,1,1,2
2020-21,2020-12-27,0022000034,NOP,Kira Lewis Jr.,1630184,0,0,DNP - Coach's Decision,0,0,0,0,0,0,0,0,0,0,0,0,0,0,0
2020-21,2020-12-27,0022000038,CHI,Patrick Williams,1630172,1581,1,,6,2,5,0,1,2,2,1,3,4,2,0,3,2,1
2020-21,2020-12-27,0022000039,SAC,Buddy Hield,1627741,2035,1,,17,6,16,3,9,2,2,0,0,0,3,1,1,1,3
2020-21,2020-12-27,0022000039,SAC,Cory Joseph,202709,1216,0,,9,2,4,1,2,4,4,0,2,2,2,1,0,1,2
2020-21,2020-12-27,0022000039,SAC,De'Aaron Fox,1628368,1594,1,,12,4,12,0,2,4,6,0,0,0,4,0,0,5,5
2020-21,2020-12-27,0022000039,SAC,Harrison Barnes,203084,1735,1,,10,4,6,0,1,2,3,0,7,7,0,0,0,1,1
2020-21,2020-12-27,0022000039,SAC,Marvin Bagley III,1628963,1648,1,,11,5,13,1,2,0,0,0,8,8,1,1,0,3,4
2020-21,2020-12-27,0022000039,SAC,Richaun Holmes,1626158,1493,1,,8,3,5,0,0,2,2,2,9,11,0,2,1,2,4
2020-21,2020-12-27,0022000039,SAC,Tyrese Haliburton,1630169,1592,0,,15,5,7,3,4,2,2,1,0,1,6,0,0,0,2
2020-21,2020-12-28,0022000041,DET,Isaiah Stewart,1630191,867,0,,2,1,4,0,0,0,0,5,3,8,2,0,0,1,3
2020-21,2020-12-28,0022000041,DET,Jerami Grant,203924,2258,1,,27,9,20,3,8,6,6,1,5,6,1,0,1,0,4
2020-21,2020-12-28,0022000041,DET,Josh Jackson,1628367,1681,1,,27,11,19,3,7,2,4,1,3,4,2,1,1,1,3
2020-21,2020-12-28,0022000041,DET,Mason Plumlee,203486,2013,1,,9,4,4,0,0,1,1,5,7,12,6,3,0,1,4
2020-21,2020-12-28,0022000043,OKC,Hamidou Diallo,1628977,1192,0,,7,3,7,0,0,1,2,1,5,6,1,1,1,0,2
2020-21,2020-12-29,0022000047,DET,Isaiah Stewart,1630191,1391,0,,6,3,5,0,0,0,0,4,3,7,1,0,2,0,2
2020-21,2020-12-29,0022000047,DET,Jerami Grant,203924,2222,1,,27,9,21,3,9,6,7,3,4,7,1,3,2,4,5
2020-21,2020-12-29,0022000047,DET,Josh Jackson,1628367,1767,1,,17,6,14,0,5,5,8,2,4,6,3,1,1,1,5
2020-21,2020-12-29,0022000047,DET,Mason Plumlee,203486,1489,1,,2,0,5,0,1,2,4,5,5,10,2,0,1,3,2
2020-21,2020-12-29,0022000049,TOR,Alex Len,203458,1269,0,,2,1,1,0,0,0,2,0,5,5,2,0,1,4,3
2020-21,2020-12-29,0022000050,CHI,Patrick Williams,1630172,1221,1,,12,5,10,2,3,0,0,1,0,1,2,0,0,1,3
2020-21,2020-12-29,0022000051,MIA,Kelly Olynyk,203482,1487,0,,5,1,5,1,5,2,4,1,4,5,2,2,2,2,2
2020-21,2020-12-29,0022000051,MIA,Maurice Harkless,203090,224,1,,0,0,1,0,1,0,0,0,0,0,0,0,0,2,1
2020-21,2020-12-29,0022000052,OKC,Hamidou Diallo,1628977,1319,0,,13,6,9,0,0,1,2,2,6,8,0,2,1,3,3
2020-21,2020-12-29,0022000053,NOP,Kira Lewis Jr.,1630184,578,0,,4,2,7,0,2,0,0,0,0,0,1,1,0,0,0
2020-21,2020-12-29,0022000055,SAC,Buddy Hield,1627741,2077,1,,12,4,10,3,7,1,1,1,7,8,3,0,0,2,2
2020-21,2020-12-29,0022000055,SAC,Cory Joseph,202709,1407,0,,7,2,6,1,3,2,2,0,0,0,2,1,0,0,3
2020-21,2020-12-29,0022000055,SAC,De'Aaron Fox,1628368,2103,1,,24,8,15,2,4,6,7,1,2,3,9,2,1,2,2
2020-21,2020-12-29,0022000055,SAC,Harrison Barnes,203084,1989,1,,13,5,16,3,6,0,0,5,1,6,8,0,0,2,0
2020-21,2020-12-29,0022000055,SAC,Marvin Bagley III,1628963,1392,1,,18,6,12,2,5,4,6,0,2,2,1,1,0,0,2
2020-21,2020-12-29,0022000055,SAC,Richaun Holmes,1626158,1921,1,,20,10,13,0,0,0,1,2,3,5,3,2,1,1,2
2020-21,2020-12-29,0022000055,SAC,Tyrese Haliburton,1630169,1494,0,,13,5,7,3,4,0,0,1,2,3,6,3,0,2,1
2020-21,2020-12-30,0022000058,MIA,Kelly Olynyk,203482,1739,0,,15,5,10,3,7,2,2,3,5,8,4,0,1,3,2
2020-21,2020-12-30,0022000058,MIA,Maurice Harkless,203090,9,0,,0,0,0,0,0,0,0,0,0,0,0,0,0,0,0
2020-21,2020-12-31,0022000063,CHI,Patrick Williams,1630172,1104,1,,10,4,5,1,2,1,2,0,1,1,0,0,0,2,4
2020-21,2020-12-31,0022000065,SAC,Buddy Hield,1627741,2267,1,,19,7,18,5,15,0,0,0,3,3,5,0,1,2,3
2020-21,2020-12-31,0022000065,SAC,Cory Joseph,202709,1356,0,,9,3,6,0,1,3,3,0,1,1,5,2,0,1,4
2020-21,2020-12-31,0022000065,SAC,De'Aaron Fox,1628368,2110,1,,22,9,23,1,7,3,6,2,3,5,6,4,1,2,2
2020-21,2020-12-31,0022000065,SAC,Harrison Barnes,203084,2224,1,,24,8,14,2,5,6,6,2,6,8,1,1,1,1,2
2020-21,2020-12-31,0022000065,SAC,Marvin Bagley III,1628963,1554,1,,4,1,9,0,0,2,2,4,4,8,1,0,1,3,0
2020-21,2020-12-31,0022000065,SAC,Richaun Holmes,1626158,2158,1,,22,10,13,0,0,2,2,4,9,13,2,2,1,1,5
2020-21,2020-12-31,0022000065,SAC,Tyrese Haliburton,1630169,1603,0,,11,4,9,2,4,1,2,0,2,2,1,2,0,1,2
2020-21,2020-12-31,0022000066,TOR,Alex Len,203458,753,0,,11,3,4,3,3,2,2,0,2,2,0,0,1,0,0
2020-21,2020-12-31,0022000067,NOP,Kira Lewis Jr.,1630184,188,0,,0,0,0,0,0,0,0,0,0,0,0,0,0,0,0
2020-21,2020-12-31,0022000067,OKC,Hamidou Diallo,1628977,1067,0,,3,1,6,0,2,1,2,0,1,1,3,1,0,0,1
2020-21,2021-01-01,0022000070,DET,Isaiah Stewart,1630191,1104,0,,8,3,4,0,0,2,3,2,2,4,0,0,0,1,3
2020-21,2021-01-01,0022000070,DET,Jerami Grant,203924,2246,1,,24,9,24,2,9,4,5,1,4,5,0,1,0,2,2
2020-21,2021-01-01,0022000070,DET,Josh Jackson,1628367,1564,1,,11,5,12,1,3,0,0,1,1,2,2,1,1,4,3
2020-21,2021-01-01,0022000070,DET,Mason Plumlee,203486,1776,1,,8,3,5,0,0,2,4,5,12,17,1,2,1,1,1
2020-21,2021-01-01,0022000071,MIA,Kelly Olynyk,203482,1721,0,,8,3,10,2,7,0,0,0,3,3,2,2,2,0,3
2020-21,2021-01-01,0022000071,MIA,Maurice Harkless,203090,457,0,,0,0,1,0,1,0,0,0,1,1,0,0,0,0,3
2020-21,2021-01-01,0022000073,CHI,Patrick Williams,1630172,1526,1,,8,4,11,0,2,0,1,0,6,6,0,0,1,3,4
2020-21,2021-01-02,0022000079,SAC,Buddy Hield,1627741,2251,1,,17,6,17,5,12,0,0,0,4,4,2,1,0,3,3
2020-21,2021-01-02,0022000079,SAC,Cory Joseph,202709,1692,0,,6,3,8,0,2,0,0,2,4,6,0,1,0,3,4
2020-21,2021-01-02,0022000079,SAC,De'Aaron Fox,1628368,2146,1,,23,8,19,0,3,7,10,0,2,2,4,2,1,3,4
2020-21,2021-01-02,0022000079,SAC,Harrison Barnes,203084,2303,1,,19,7,13,2,4,3,5,0,7,7,0,1,0,0,1
2020-21,2021-01-02,0022000079,SAC,Marvin Bagley III,1628963,1511,1,,12,5,13,1,1,1,2,4,5,9,2,0,0,2,4
2020-21,2021-01-02,0022000079,SAC,Richaun Holmes,1626158,1982,1,,11,4,8,0,0,3,3,3,6,9,0,0,2,0,3
2020-21,2021-01-02,0022000081,OKC,Hamidou Diallo,1628977,1135,0,,12,5,9,1,1,1,2,2,6,8,0,0,0,1,4
2020-21,2021-01-02,0022000084,NOP,Kira Lewis Jr.,1630184,0,0,DNP - Coach's Decision,0,0,0,0,0,0,0,0,0,0,0,0,0,0,0
2020-21,2021-01-02,0022000084,TOR,Alex Len,203458,433,0,,2,1,2,0,1,0,0,0,1,1,0,0,2,1,1
2020-21,2021-01-03,0022000085,DET,Isaiah Stewart,1630191,904,0,,2,1,3,0,0,0,0,2,1,3,0,0,2,0,3
2020-21,2021-01-03,0022000085,DET,Jerami Grant,203924,2054,1,,22,8,16,2,6,4,4,1,5,6,2,1,0,2,2
2020-21,2021-01-03,0022000085,DET,Josh Jackson,1628367,827,1,,13,5,10,2,4,1,1,0,1,1,2,1,0,0,0
2020-21,2021-01-03,0022000085,DET,Mason Plumlee,203486,1479,1,,13,3,4,0,0,7,8,2,6,8,2,1,1,0,4
2020-21,2021-01-03,0022000090,CHI,Patrick Williams,1630172,1704,1,,6,3,8,0,1,0,0,0,5,5,1,3,2,0,1
2020-21,2021-01-04,0022000096,MIA,Kelly Olynyk,203482,1650,1,,19,7,9,5,7,0,0,0,8,8,1,0,0,2,2
2020-21,2021-01-04,0022000096,MIA,Maurice Harkless,203090,348,0,,0,0,0,0,0,0,2,0,0,0,0,0,0,0,1
2020-21,2021-01-04,0022000096,OKC,Hamidou Diallo,1628977,1028,0,,9,3,3,0,0,3,4,1,2,3,1,0,0,2,2
2020-21,2021-01-04,0022000097,TOR,Alex Len,203458,537,0,,0,0,1,0,0,0,0,0,2,2,1,0,0,1,2
2020-21,2021-01-04,0022000099,DET,Isaiah Stewart,1630191,1226,0,,4,2,3,0,0,0,0,0,2,2,1,1,1,0,4
2020-21,2021-01-04,0022000099,DET,Jerami Grant,203924,2052,1,,24,10,25,4,10,0,0,0,4,4,3,1,3,2,2
2020-21,2021-01-04,0022000099,DET,Mason Plumlee,203486,1199,1,,4,2,7,0,1,0,0,4,4,8,6,1,0,2,1
2020-21,2021-01-04,0022000100,NOP,Kira Lewis Jr.,1630184,0,0,DNP - Coach's Decision,0,0,0,0,0,0,0,0,0,0,0,0,0,0,0
2020-21,2021-01-04,0022000101,SAC,Buddy Hield,1627741,1799,1,,10,3,12,3,11,1,2,0,6,6,1,0,1,2,2
2020-21,2021-01-04,0022000101,SAC,Cory Joseph,202709,1323,0,,8,2,3,1,1,3,4,2,3,5,4,0,1,3,5
2020-21,2021-01-04,0022000101,SAC,De'Aaron Fox,1628368,1848,1,,18,7,17,2,4,2,4,0,4,4,7,3,1,3,3
2020-21,2021-01-04,0022000101,SAC,Harrison Barnes,203084,1793,1,,18,5,12,1,5,7,8,1,8,9,1,1,0,0,0
2020-21,2021-01-04,0022000101,SAC,Marvin Bagley III,1628963,1445,1,,5,2,9,0,2,1,3,3,6,9,0,0,0,3,3
2020-21,2021-01-04,0022000101,SAC,Richaun Holmes,1626158,1125,1,,4,2,4,0,0,0,0,1,2,3,0,1,0,1,5
2020-21,2021-01-05,0022000106,CHI,Patrick Williams,1630172,1493,1,,14,5,8,2,2,2,2,1,2,3,1,0,0,2,2
2020-21,2021-01-06,0022000111,MIA,Kelly Olynyk,203482,1272,1,,11,4,7,3,6,0,0,0,5,5,0,0,0,0,4
2020-21,2021-01-06,0022000113,DET,Isaiah Stewart,1630191,1211,0,,5,2,6,0,0,1,2,4,3,7,0,0,0,2,2
2020-21,2021-01-06,0022000113,DET,Jerami Grant,203924,2121,1,,31,9,20,2,6,11,11,4,6,10,1,0,0,0,2
2020-21,2021-01-06,0022000113,DET,Mason Plumlee,203486,1002,1,,4,2,5,0,0,0,0,2,3,5,1,0,1,2,4
2020-21,2021-01-06,0022000114,NOP,Kira Lewis Jr.,1630184,0,0,DNP - Coach's Decision,0,0,0,0,0,0,0,0,0,0,0,0,0,0,0
2020-21,2021-01-06,0022000114,OKC,Hamidou Diallo,1628977,1248,0,,9,4,8,0,1,1,4,0,1,1,3,1,1,1,0
2020-21,2021-01-06,0022000115,TOR,Alex Len,203458,699,0,,1,0,1,0,1,1,2,0,1,1,0,0,1,1,2
2020-21,2021-01-06,0022000117,CHI,Patrick Williams,1630172,1331,1,,9,3,6,1,2,2,2,1,1,2,1,1,0,0,5
2020-21,2021-01-06,0022000117,SAC,Buddy Hield,1627741,2111,1,,10,3,15,2,9,2,2,0,3,3,3,1,0,1,3
2020-21,2021-01-06,0022000117,SAC,Cory Joseph,202709,1517,0,,7,3,10,0,3,1,2,0,2,2,3,0,0,0,2
2020-21,2021-01-06,0022000117,SAC,De'Aaron Fox,1628368,314,1,,3,1,2,0,1,1,2,0,0,0,1,0,0,0,0
2020-21,2021-01-06,0022000117,SAC,Harrison Barnes,203084,2243,1,,20,7,10,3,4,3,5,0,0,0,5,1,0,3,1
2020-21,2021-01-06,0022000117,SAC,Marvin Bagley III,1628963,1744,1,,21,8,14,3,5,2,2,3,9,12,0,2,2,2,1
2020-21,2021-01-06,0022000117,SAC,Richaun Holmes,1626158,1781,1,,24,10,11,0,1,4,6,3,5,8,5,1,0,1,5
2020-21,2021-01-06,0022000117,SAC,Tyrese Haliburton,1630169,2070,0,,17,7,15,3,7,0,0,4,3,7,6,3,1,0,2
2020-21,2021-01-08,0022000123,DET,Isaiah Stewart,1630191,517,0,,0,0,2,0,0,0,0,2,2,4,0,1,1,1,0
2020-21,2021-01-08,0022000123,DET,Jerami Grant,203924,2535,1,,31,10,15,3,5,8,11,1,9,10,2,1,1,3,5
2020-21,2021-01-08,0022000123,DET,Josh Jackson,1628367,1117,1,,5,2,11,1,5,0,0,0,2,2,0,1,0,0,2
2020-21,2021-01-08,0022000123,DET,Mason Plumlee,203486,1977,1,,12,2,4,0,0,8,8,1,5,6,3,3,1,2,3
2020-21,2021-01-08,0022000125,OKC,Hamidou Diallo,1628977,1743,0,,23,8,13,1,2,6,8,1,10,11,2,1,0,1,2
2020-21,2021-01-08,0022000126,NOP,Kira Lewis Jr.,1630184,0,0,DNP - Coach's Decision,0,0,0,0,0,0,0,0,0,0,0,0,0,0,0
2020-21,2021-01-08,0022000131,CHI,Patrick Williams,1630172,2055,1,,6,3,10,0,2,0,0,2,6,8,0,4,0,2,5
2020-21,2021-01-08,0022000132,SAC,Buddy Hield,1627741,1947,1,,15,6,14,3,9,0,0,0,5,5,6,1,0,1,3
2020-21,2021-01-08,0022000132,SAC,Cory Joseph,202709,1371,0,,6,2,4,2,3,0,0,0,2,2,3,0,1,0,2
2020-21,2021-01-08,0022000132,SAC,De'Aaron Fox,1628368,1494,1,,23,9,11,0,1,5,7,0,1,1,3,2,1,4,1
2020-21,2021-01-08,0022000132,SAC,Harrison Barnes,203084,1831,1,,21,6,8,2,2,7,10,0,4,4,8,1,0,3,3
2020-21,2021-01-08,0022000132,SAC,Marvin Bagley III,1628963,1756,1,,15,6,9,1,3,2,5,2,2,4,2,0,1,0,3
2020-21,2021-01-08,0022000132,SAC,Richaun Holmes,1626158,1413,1,,10,5,7,0,0,0,0,0,0,0,2,1,3,0,4
2020-21,2021-01-08,0022000132,SAC,Tyrese Haliburton,1630169,1741,0,,15,5,10,5,7,0,0,0,2,2,8,2,1,1,0
2020-21,2021-01-08,0022000132,TOR,Alex Len,203458,284,1,,0,0,0,0,0,0,0,0,0,0,0,0,0,0,0
2020-21,2021-01-09,0022000136,MIA,Kelly Olynyk,203482,1894,1,,18,7,15,4,11,0,0,1,5,6,5,1,1,2,2
2020-21,2021-01-09,0022000136,MIA,Maurice Harkless,203090,0,0,DNP - Coach's Decision,0,0,0,0,0,0,0,0,0,0,0,0,0,0,0
2020-21,2021-01-09,0022000140,SAC,Buddy Hield,1627741,1554,1,,8,3,10,2,8,0,0,0,5,5,1,0,1,2,2
2020-21,2021-01-09,0022000140,SAC,Cory Joseph,202709,1106,0,,8,4,8,0,2,0,0,0,1,1,1,1,0,1,2
2020-21,2021-01-09,0022000140,SAC,De'Aaron Fox,1628368,1527,1,,10,3,9,0,1,4,6,0,2,2,2,0,0,3,4
2020-21,2021-01-09,0022000140,SAC,Harrison Barnes,203084,1951,1,,10,4,8,2,4,0,0,1,6,7,2,0,1,1,0
2020-21,2021-01-09,0022000140,SAC,Marvin Bagley III,1628963,1459,1,,15,5,14,1,2,4,6,1,7,8,0,0,0,2,3
2020-21,2021-01-09,0022000140,SAC,Richaun Holmes,1626158,0,0,DNP - Injury/Illness,0,0,0,0,0,0,0,0,0,0,0,0,0,0,0
2020-21,2021-01-09,0022000140,SAC,Tyrese Haliburton,1630169,1844,1,,12,5,8,1,4,1,1,0,2,2,8,1,0,3,1
2020-21,2021-01-10,0022000141,DET,Isaiah Stewart,1630191,855,0,,2,1,3,0,0,0,0,3,1,4,1,1,0,0,4
2020-21,2021-01-10,0022000141,DET,Jerami Grant,203924,2178,1,,28,9,19,3,6,7,8,0,4,4,4,1,1,1,0
2020-21,2021-01-10,0022000141,DET,Josh Jackson,1628367,859,1,,2,0,5,0,3,2,2,1,1,2,1,2,0,0,4
2020-21,2021-01-10,0022000141,DET,Mason Plumlee,203486,1554,1,,6,3,5,0,0,0,0,3,5,8,3,2,1,1,6
2020-21,2021-01-10,0022000142,CHI,Patrick Williams,1630172,2146,1,,17,6,9,3,5,2,2,1,1,2,2,2,0,2,1
2020-21,2021-01-10,0022000143,OKC,Hamidou Diallo,1628977,1433,0,,25,10,14,1,4,4,4,0,3,3,4,4,0,0,4
2020-21,2021-01-10,0022000148,TOR,Alex Len,203458,0,0,DNP - Coach's Decision,0,0,0,0,0,0,0,0,0,0,0,0,0,0,0
2020-21,2021-01-11,0022000155,TOR,Alex Len,203458,573,1,,0,0,1,0,1,0,0,0,0,0,0,1,1,1,2
2020-21,2021-01-11,0022000156,SAC,Buddy Hield,1627741,1847,1,,18,6,11,6,11,0,0,0,4,4,3,1,0,2,3
2020-21,2021-01-11,0022000156,SAC,Cory Joseph,202709,889,0,,7,3,3,0,0,1,2,0,2,2,4,1,0,2,1
2020-21,2021-01-11,0022000156,SAC,De'Aaron Fox,1628368,2306,1,,21,7,19,2,6,5,7,0,5,5,9,1,1,5,3
2020-21,2021-01-11,0022000156,SAC,Harrison Barnes,203084,2251,1,,30,10,14,2,3,8,8,0,8,8,2,1,0,1,1
2020-21,2021-01-11,0022000156,SAC,Marvin Bagley III,1628963,1409,1,,8,4,7,0,2,0,0,1,6,7,2,0,2,2,0
2020-21,2021-01-11,0022000156,SAC,Richaun Holmes,1626158,2151,1,,16,6,11,1,1,3,4,6,4,10,3,1,6,3,5
2020-21,2021-01-11,0022000156,SAC,Tyrese Haliburton,1630169,1733,0,,12,4,8,3,6,1,2,0,3,3,4,1,0,1,2
2020-21,2021-01-12,0022000157,MIA,Kelly Olynyk,203482,2703,1,,15,6,12,3,9,0,0,1,7,8,4,2,1,3,4
2020-21,2021-01-12,0022000162,OKC,Hamidou Diallo,1628977,1273,0,,16,5,9,0,0,6,6,0,4,4,2,0,0,0,1
2020-21,2021-01-13,0022000165,DET,Isaiah Stewart,1630191,1030,0,,9,4,7,0,1,1,2,4,3,7,1,0,0,0,1
2020-21,2021-01-13,0022000165,DET,Jerami Grant,203924,2122,1,,22,7,19,3,6,5,6,0,4,4,1,2,1,3,4
2020-21,2021-01-13,0022000165,DET,Josh Jackson,1628367,1470,0,,11,4,8,2,3,1,2,0,1,1,3,1,0,3,2
2020-21,2021-01-13,0022000165,DET,Mason Plumlee,203486,1306,1,,7,3,11,0,1,1,2,6,7,13,5,2,0,2,2
2020-21,2021-01-13,0022000170,OKC,Hamidou Diallo,1628977,1217,0,,9,4,6,1,1,0,0,0,5,5,1,0,1,3,4
2020-21,2021-01-13,0022000172,NOP,Kira Lewis Jr.,1630184,934,0,,10,3,6,2,3,2,2,0,2,2,0,0,1,1,2
2020-21,2021-01-13,0022000173,SAC,Buddy Hield,1627741,2295,1,,26,9,21,8,18,0,0,0,6,6,5,1,0,0,5
2020-21,2021-01-13,0022000173,SAC,Cory Joseph,202709,1035,0,,3,1,5,1,3,0,0,1,1,2,2,0,0,1,1
2020-21,2021-01-13,0022000173,SAC,De'Aaron Fox,1628368,2183,1,,29,9,18,5,8,6,8,2,4,6,6,1,0,2,1
2020-21,2021-01-13,0022000173,SAC,Harrison Barnes,203084,2112,1,,11,3,9,0,2,5,6,1,5,6,3,1,0,4,1
2020-21,2021-01-13,0022000173,SAC,Marvin Bagley III,1628963,1148,1,,11,4,5,1,2,2,4,0,6,6,1,0,0,0,3
2020-21,2021-01-13,0022000173,SAC,Richaun Holmes,1626158,2081,1,,17,6,6,0,0,5,6,2,7,9,6,0,1,0,4
2020-21,2021-01-13,0022000173,SAC,Tyrese Haliburton,1630169,1872,0,,17,7,10,3,4,0,0,1,4,5,9,1,0,4,1
2020-21,2021-01-14,0022000174,MIA,Kelly Olynyk,203482,2332,1,,12,5,13,1,7,1,2,2,4,6,4,1,0,2,2
2020-21,2021-01-15,0022000184,CHI,Patrick Williams,1630172,2159,1,,14,5,7,2,3,2,2,2,5,7,2,0,2,3,3
2020-21,2021-01-15,0022000184,OKC,Hamidou Diallo,1628977,839,0,,2,1,6,0,1,0,2,1,2,3,3,1,0,2,3
2020-21,2021-01-15,0022000187,NOP,Kira Lewis Jr.,1630184,642,0,,4,2,8,0,3,0,0,0,0,0,2,0,0,0,1
2020-21,2021-01-15,0022000188,SAC,Buddy Hield,1627741,1755,1,,9,3,11,2,9,1,1,0,1,1,5,1,0,2,3
2020-21,2021-01-15,0022000188,SAC,Cory Joseph,202709,888,0,,0,0,3,0,1,0,0,1,1,2,0,1,0,3,3
2020-21,2021-01-15,0022000188,SAC,De'Aaron Fox,1628368,1389,1,,14,6,11,1,3,1,2,0,1,1,3,0,0,4,0
2020-21,2021-01-15,0022000188,SAC,Harrison Barnes,203084,2020,1,,14,4,12,1,3,5,5,1,5,6,4,1,0,1,0
2020-21,2021-01-15,0022000188,SAC,Marvin Bagley III,1628963,1866,1,,20,8,12,2,4,2,4,1,4,5,2,0,1,1,1
2020-21,2021-01-15,0022000188,SAC,Richaun Holmes,1626158,1829,1,,17,8,11,0,1,1,1,1,4,5,1,0,0,1,4
2020-21,2021-01-15,0022000188,SAC,Tyrese Haliburton,1630169,1467,0,,5,2,7,1,2,0,0,0,2,2,5,1,0,0,1
2020-21,2021-01-16,0022000192,DET,Isaiah Stewart,1630191,1142,0,,10,4,6,0,0,2,2,7,4,11,2,1,0,1,6
2020-21,2021-01-16,0022000192,DET,Jerami Grant,203924,2105,1,,24,10,19,3,6,1,2,2,7,9,6,2,4,0,1
2020-21,2021-01-16,0022000192,DET,Josh Jackson,1628367,1317,0,,8,3,12,2,9,0,2,0,0,0,2,2,1,1,6
2020-21,2021-01-16,0022000192,DET,Mason Plumlee,203486,1674,1,,9,4,5,0,0,1,2,0,2,2,2,0,1,4,2
2020-21,2021-01-16,0022000192,MIA,Kelly Olynyk,203482,1446,1,,3,1,4,1,4,0,0,0,3,3,2,0,1,3,3
2020-21,2021-01-16,0022000192,MIA,Maurice Harkless,203090,0,0,DNP - Coach's Decision,0,0,0,0,0,0,0,0,0,0,0,0,0,0,0
2020-21,2021-01-17,0022000198,CHI,Patrick Williams,1630172,1355,1,,5,2,5,1,1,0,0,0,5,5,1,0,0,1,4
2020-21,2021-01-17,0022000201,NOP,Kira Lewis Jr.,1630184,906,0,,3,1,5,0,0,1,2,0,2,2,5,0,0,0,3
2020-21,2021-01-17,0022000201,SAC,Buddy Hield,1627741,2145,1,,18,5,12,5,11,3,3,0,4,4,3,1,1,2,4
2020-21,2021-01-17,0022000201,SAC,Cory Joseph,202709,568,0,,2,1,4,0,3,0,0,0,0,0,0,0,0,0,3
2020-21,2021-01-17,0022000201,SAC,De'Aaron Fox,1628368,2342,1,,43,17,27,3,9,6,8,1,3,4,13,4,0,2,3
2020-21,2021-01-17,0022000201,SAC,Harrison Barnes,203084,2460,1,,7,2,8,2,6,1,1,0,1,1,4,0,0,1,3
2020-21,2021-01-17,0022000201,SAC,Marvin Bagley III,1628963,2174,1,,26,11,19,2,6,2,2,3,7,10,0,1,1,2,2
2020-21,2021-01-17,0022000201,SAC,Richaun Holmes,1626158,2530,1,,16,7,12,0,1,2,2,2,5,7,1,1,2,0,5
2020-21,2021-01-17,0022000201,SAC,Tyrese Haliburton,1630169,1379,0,,2,1,3,0,1,0,0,1,2,3,2,0,2,2,1
2020-21,2021-01-18,0022000206,DET,Isaiah Stewart,1630191,728,0,,0,0,1,0,0,0,0,1,1,2,1,0,1,0,2
2020-21,2021-01-18,0022000206,DET,Jerami Grant,203924,2017,1,,27,10,19,2,6,5,5,1,3,4,6,0,1,2,4
2020-21,2021-01-18,0022000206,DET,Josh Jackson,1628367,1235,0,,12,5,11,2,6,0,1,0,0,0,0,0,1,1,0
2020-21,2021-01-18,0022000206,DET,Mason Plumlee,203486,2128,1,,15,7,10,0,0,1,3,4,3,7,4,2,0,2,6
2020-21,2021-01-18,0022000206,MIA,Kelly Olynyk,203482,1499,1,,9,4,8,1,5,0,0,0,3,3,3,0,2,2,3
2020-21,2021-01-18,0022000206,MIA,Maurice Harkless,203090,1791,0,,3,1,2,1,2,0,0,0,2,2,3,2,1,0,3
2020-21,2021-01-19,0022000213,OKC,Hamidou Diallo,1628977,1121,0,,8,2,8,1,2,3,5,2,4,6,0,0,0,1,2
2020-21,2021-01-19,0022000214,NOP,Kira Lewis Jr.,1630184,219,0,,4,1,3,0,0,2,2,0,0,0,0,0,0,0,0
2020-21,2021-01-20,0022000219,DET,Isaiah Stewart,1630191,956,0,,4,2,4,0,0,0,0,0,4,4,1,1,1,1,4
2020-21,2021-01-20,0022000219,DET,Jerami Grant,203924,2471,1,,32,12,22,2,5,6,7,1,5,6,5,0,0,1,5
2020-21,2021-01-20,0022000219,DET,Josh Jackson,1628367,1189,0,,7,2,7,0,3,3,3,1,0,1,1,1,0,3,1
2020-21,2021-01-20,0022000219,DET,Mason Plumlee,203486,1629,1,,10,5,11,0,0,0,0,4,5,9,1,0,0,2,6
2020-21,2021-01-20,0022000220,MIA,Kelly Olynyk,203482,1691,1,,15,5,10,2,6,3,3,0,8,8,8,0,1,3,3
2020-21,2021-01-20,0022000220,MIA,Maurice Harkless,203090,0,0,DNP - Coach's Decision,0,0,0,0,0,0,0,0,0,0,0,0,0,0,0
2020-21,2021-01-20,0022000224,SAC,Buddy Hield,1627741,1721,1,,13,5,12,3,7,0,0,0,2,2,3,3,1,4,1
2020-21,2021-01-20,0022000224,SAC,Cory Joseph,202709,979,0,,6,3,6,0,0,0,0,0,3,3,4,3,1,0,2
2020-21,2021-01-20,0022000224,SAC,De'Aaron Fox,1628368,2040,1,,25,10,18,2,4,3,8,0,4,4,7,1,0,6,2
2020-21,2021-01-20,0022000224,SAC,Harrison Barnes,203084,1901,1,,5,2,6,1,3,0,0,0,5,5,2,1,0,1,1
2020-21,2021-01-20,0022000224,SAC,Marvin Bagley III,1628963,1754,1,,10,4,8,1,2,1,2,0,8,8,1,1,0,0,2
2020-21,2021-01-20,0022000224,SAC,Richaun Holmes,1626158,2120,1,,8,4,7,0,0,0,0,1,6,7,4,1,1,2,2
2020-21,2021-01-20,0022000224,SAC,Tyrese Haliburton,1630169,1498,0,,11,4,11,3,8,0,0,1,2,3,2,1,0,3,2
2020-21,2021-01-21,0022000227,NOP,Kira Lewis Jr.,1630184,119,0,,0,0,0,0,0,0,0,0,0,0,1,0,0,0,0
2020-21,2021-01-22,0022000229,CHI,Patrick Williams,1630172,964,1,,4,2,7,0,2,0,1,2,4,6,0,0,0,1,2
2020-21,2021-01-22,0022000230,DET,Isaiah Stewart,1630191,1371,0,,7,3,5,0,0,1,1,4,6,10,0,0,2,2,1
2020-21,2021-01-22,0022000230,DET,Jerami Grant,203924,2070,1,,21,4,15,3,6,10,13,1,7,8,3,0,2,3,1
2020-21,2021-01-22,0022000230,DET,Josh Jackson,1628367,1843,0,,12,3,8,1,3,5,9,1,2,3,2,1,3,4,6
2020-21,2021-01-22,0022000230,DET,Mason Plumlee,203486,1229,1,,6,1,3,0,0,4,8,4,5,9,4,0,1,3,6
2020-21,2021-01-22,0022000234,MIA,Kelly Olynyk,203482,1240,1,,2,1,5,0,2,0,0,0,1,1,1,2,0,1,3
2020-21,2021-01-22,0022000234,MIA,Maurice Harkless,203090,382,0,,0,0,0,0,0,0,0,0,0,0,1,0,1,0,1
2020-21,2021-01-22,0022000239,OKC,Hamidou Diallo,1628977,1164,0,,10,4,8,0,1,2,2,0,2,2,4,1,0,1,2
2020-21,2021-01-22,0022000241,SAC,Buddy Hield,1627741,1761,1,,11,4,11,3,6,0,0,0,6,6,2,1,0,2,3
2020-21,2021-01-22,0022000241,SAC,Cory Joseph,202709,872,0,,8,3,6,1,2,1,2,1,1,2,2,0,0,0,1
2020-21,2021-01-22,0022000241,SAC,De'Aaron Fox,1628368,2239,1,,22,7,20,3,7,5,8,0,3,3,7,1,1,0,3
2020-21,2021-01-22,0022000241,SAC,Harrison Barnes,203084,2109,1,,21,5,13,2,6,9,9,0,8,8,7,1,0,0,2
2020-21,2021-01-22,0022000241,SAC,Marvin Bagley III,1628963,1855,1,,10,5,12,0,2,0,2,4,7,11,0,0,1,0,6
2020-21,2021-01-22,0022000241,SAC,Richaun Holmes,1626158,2222,1,,10,5,8,0,0,0,0,3,11,14,0,0,6,0,4
2020-21,2021-01-22,0022000241,SAC,Tyrese Haliburton,1630169,1870,0,,16,7,13,2,7,0,0,1,4,5,2,2,4,3,1
2020-21,2021-01-23,0022000243,DET,Isaiah Stewart,1630191,1159,0,,8,3,5,0,0,2,3,0,5,5,1,1,2,1,4
2020-21,2021-01-23,0022000243,DET,Jerami Grant,203924,2120,1,,11,3,19,2,9,3,4,2,7,9,3,2,1,2,5
2020-21,2021-01-23,0022000243,DET,Josh Jackson,1628367,1465,0,,11,4,8,1,2,2,3,0,1,1,2,0,3,3,4
2020-21,2021-01-23,0022000243,DET,Mason Plumlee,203486,1168,1,,7,2,5,0,0,3,4,1,4,5,2,0,1,4,6
2020-21,2021-01-23,0022000244,MIA,Kelly Olynyk,203482,1305,1,,5,2,9,1,8,0,0,1,6,7,4,2,0,0,1
2020-21,2021-01-23,0022000244,MIA,Maurice Harkless,203090,606,1,,6,2,2,2,2,0,0,0,1,1,0,0,0,0,0
2020-21,2021-01-23,0022000245,CHI,Patrick Williams,1630172,1850,1,,13,5,12,2,4,1,2,4,4,8,1,0,1,1,2
2020-21,2021-01-23,0022000246,NOP,Kira Lewis Jr.,1630184,0,0,DNP - Coach's Decision,0,0,0,0,0,0,0,0,0,0,0,0,0,0,0
2020-21,2021-01-24,0022000251,OKC,Hamidou Diallo,1628977,1184,0,,14,6,9,0,1,2,7,2,3,5,2,2,0,2,2
2020-21,2021-01-24,0022000253,WAS,Alex Len,203458,1240,0,,11,4,6,1,2,2,4,0,5,5,1,1,0,2,1
2020-21,2021-01-25,0022000257,DET,Isaiah Stewart,1630191,1222,0,,4,1,3,0,0,2,2,0,3,3,0,1,1,1,2
2020-21,2021-01-25,0022000257,DET,Jerami Grant,203924,1941,1,,25,6,13,3,6,10,10,3,5,8,5,1,1,0,4
2020-21,2021-01-25,0022000257,DET,Josh Jackson,1628367,1232,0,,12,4,8,1,3,3,4,0,7,7,1,1,2,1,1
2020-21,2021-01-25,0022000257,DET,Mason Plumlee,203486,1658,1,,10,5,6,0,0,0,0,5,5,10,1,0,0,3,1
2020-21,2021-01-25,0022000260,MIA,Kelly Olynyk,203482,1078,1,,2,1,7,0,5,0,0,1,5,6,1,0,2,1,4
2020-21,2021-01-25,0022000260,MIA,Maurice Harkless,203090,0,0,DND - Injury/Illness,0,0,0,0,0,0,0,0,0,0,0,0,0,0,0
2020-21,2021-01-25,0022000262,CHI,Patrick Williams,1630172,602,1,,2,1,4,0,2,0,0,0,0,0,1,1,0,2,2
2020-21,2021-01-25,0022000267,OKC,Hamidou Diallo,1628977,1277,0,,11,5,8,0,0,1,6,0,3,3,2,2,0,0,2
2020-21,2021-01-26,0022000269,WAS,Alex Len,203458,380,0,,0,0,0,0,0,0,2,0,2,2,1,0,0,1,2
2020-21,2021-01-27,0022000272,DET,Isaiah Stewart,1630191,880,0,,0,0,6,0,0,0,0,6,0,6,1,1,0,0,2
2020-21,2021-01-27,0022000272,DET,Jerami Grant,203924,1969,1,,26,7,13,2,2,10,10,1,2,3,2,1,0,3,2
2020-21,2021-01-27,0022000272,DET,Josh Jackson,1628367,1300,0,,4,2,9,0,3,0,0,1,4,5,3,0,2,3,3
2020-21,2021-01-27,0022000272,DET,Mason Plumlee,203486,1698,1,,15,6,9,0,1,3,4,3,9,12,3,0,1,8,4
2020-21,2021-01-27,0022000273,SAC,Buddy Hield,1627741,2250,1,,29,10,17,7,12,2,2,0,5,5,3,3,1,1,2
2020-21,2021-01-27,0022000273,SAC,Cory Joseph,202709,769,0,,3,1,1,1,1,0,0,0,0,0,1,0,0,0,1
2020-21,2021-01-27,0022000273,SAC,De'Aaron Fox,1628368,2339,1,,16,4,17,1,5,7,8,1,7,8,10,0,1,2,5
2020-21,2021-01-27,0022000273,SAC,Harrison Barnes,203084,2263,1,,21,8,11,3,6,2,2,0,5,5,4,2,0,3,1
2020-21,2021-01-27,0022000273,SAC,Marvin Bagley III,1628963,1310,1,,16,7,14,1,3,1,5,8,4,12,2,1,0,3,2
2020-21,2021-01-27,0022000273,SAC,Richaun Holmes,1626158,1906,1,,20,8,11,0,0,4,6,5,7,12,3,0,0,2,5
2020-21,2021-01-27,0022000273,SAC,Tyrese Haliburton,1630169,1805,0,,7,3,11,1,4,0,0,1,1,2,7,0,1,2,1
2020-21,2021-01-27,0022000275,MIA,Kelly Olynyk,203482,1317,1,,9,3,9,3,7,0,0,3,3,6,0,0,0,0,1
2020-21,2021-01-27,0022000275,MIA,Maurice Harkless,203090,0,0,DND - Injury/Illness,0,0,0,0,0,0,0,0,0,0,0,0,0,0,0
2020-21,2021-01-27,0022000279,NOP,Kira Lewis Jr.,1630184,0,0,DNP - Coach's Decision,0,0,0,0,0,0,0,0,0,0,0,0,0,0,0
2020-21,2021-01-27,0022000279,WAS,Alex Len,203458,1168,0,,8,3,4,0,1,2,2,0,4,4,4,2,1,1,6
2020-21,2021-01-27,0022000281,OKC,Hamidou Diallo,1628977,1090,0,,10,4,9,0,0,2,3,1,4,5,1,0,1,2,2
2020-21,2021-01-28,0022000284,DET,Isaiah Stewart,1630191,1276,0,,8,2,6,0,1,4,4,3,3,6,0,0,1,0,1
2020-21,2021-01-28,0022000284,DET,Jerami Grant,203924,2225,1,,14,5,14,2,4,2,2,0,3,3,6,0,0,0,1
2020-21,2021-01-28,0022000284,DET,Josh Jackson,1628367,1029,0,,3,1,6,1,4,0,0,0,2,2,2,0,0,2,3
2020-21,2021-01-28,0022000284,DET,Mason Plumlee,203486,1604,1,,17,7,8,0,0,3,3,0,10,10,2,0,1,0,5
2020-21,2021-01-28,0022000285,MIA,Kelly Olynyk,203482,1489,1,,9,3,6,3,6,0,0,0,4,4,1,0,0,3,0
2020-21,2021-01-28,0022000285,MIA,Maurice Harkless,203090,0,0,DND - Injury/Illness,0,0,0,0,0,0,0,0,0,0,0,0,0,0,0
2020-21,2021-01-29,0022000290,WAS,Alex Len,203458,1038,0,,9,3,6,1,3,2,4,4,5,9,1,1,1,1,2
2020-21,2021-01-29,0022000292,SAC,Buddy Hield,1627741,2377,1,,22,7,12,5,8,3,3,1,2,3,2,1,1,2,1
2020-21,2021-01-29,0022000292,SAC,Cory Joseph,202709,1468,0,,16,6,9,2,4,2,2,0,1,1,4,1,0,0,3
2020-21,2021-01-29,0022000292,SAC,De'Aaron Fox,1628368,2066,1,,24,8,14,3,5,5,7,1,1,2,4,1,0,7,4
2020-21,2021-01-29,0022000292,SAC,Harrison Barnes,203084,2239,1,,26,8,13,4,7,6,6,3,4,7,5,0,0,3,1
2020-21,2021-01-29,0022000292,SAC,Marvin Bagley III,1628963,1188,1,,7,3,8,1,4,0,2,1,4,5,1,1,0,3,4
2020-21,2021-01-29,0022000292,SAC,Richaun Holmes,1626158,1571,1,,5,1,4,0,0,3,4,2,3,5,2,1,2,4,6
2020-21,2021-01-29,0022000292,SAC,Tyrese Haliburton,1630169,2002,0,,10,4,10,1,7,1,1,1,5,6,11,1,1,2,3
2020-21,2021-01-29,0022000293,NOP,Kira Lewis Jr.,1630184,0,0,DNP - Coach's Decision,0,0,0,0,0,0,0,0,0,0,0,0,0,0,0
2020-21,2021-01-29,0022000295,OKC,Hamidou Diallo,1628977,1361,0,,18,4,9,1,3,9,9,0,3,3,2,0,0,2,3
2020-21,2021-01-30,0022000298,CHI,Patrick Williams,1630172,1458,1,,11,4,7,1,3,2,2,0,1,1,1,1,0,1,0
2020-21,2021-01-30,0022000300,NOP,Kira Lewis Jr.,1630184,593,0,,10,3,5,2,2,2,4,0,0,0,1,0,0,0,0
2020-21,2021-01-30,0022000301,MIA,Kelly Olynyk,203482,1543,0,,11,4,9,3,8,0,0,2,2,4,3,2,0,1,3
2020-21,2021-01-30,0022000301,MIA,Maurice Harkless,203090,0,0,DND - Injury/Illness,0,0,0,0,0,0,0,0,0,0,0,0,0,0,0
2020-21,2021-01-30,0022000301,SAC,Buddy Hield,1627741,2199,1,,18,6,15,6,13,0,0,0,5,5,3,3,0,4,3
2020-21,2021-01-30,0022000301,SAC,Cory Joseph,202709,872,0,,0,0,4,0,1,0,0,2,1,3,1,1,0,2,1
2020-21,2021-01-30,0022000301,SAC,De'Aaron Fox,1628368,1897,1,,30,12,26,3,11,3,8,2,4,6,6,1,0,5,5
2020-21,2021-01-30,0022000301,SAC,Harrison Barnes,203084,2214,1,,11,4,8,2,4,1,1,2,1,3,2,0,0,0,2
2020-21,2021-01-30,0022000301,SAC,Marvin Bagley III,1628963,1546,1,,17,7,8,3,4,0,0,0,4,4,1,2,0,0,3
2020-21,2021-01-30,0022000301,SAC,Richaun Holmes,1626158,1682,1,,4,2,4,0,0,0,0,1,5,6,1,1,1,0,2
2020-21,2021-01-30,0022000301,SAC,Tyrese Haliburton,1630169,1860,0,,10,4,10,2,7,0,0,3,4,7,6,1,0,3,1
2020-21,2021-01-30,0022000305,DET,Isaiah Stewart,1630191,1184,0,,8,3,4,0,0,2,4,2,3,5,0,0,2,1,2
2020-21,2021-01-30,0022000305,DET,Jerami Grant,203924,1706,1,,18,5,8,2,5,6,8,0,1,1,1,1,0,2,1
2020-21,2021-01-30,0022000305,DET,Josh Jackson,1628367,1452,0,,17,4,9,2,6,7,8,1,5,6,1,1,1,2,3
2020-21,2021-01-30,0022000305,DET,Mason Plumlee,203486,976,1,,6,2,3,0,0,2,2,0,2,2,1,0,1,0,0
2020-21,2021-01-31,0022000310,WAS,Alex Len,203458,259,0,,2,1,3,0,1,0,0,0,0,0,0,0,0,1,1
2020-21,2021-02-01,0022000314,MIA,Kelly Olynyk,203482,1329,1,,11,4,7,3,5,0,0,3,4,7,0,0,1,1,1
2020-21,2021-02-01,0022000314,MIA,Maurice Harkless,203090,0,0,DND - Injury/Illness,0,0,0,0,0,0,0,0,0,0,0,0,0,0,0
2020-21,2021-02-01,0022000315,CHI,Patrick Williams,1630172,1681,1,,10,3,8,0,3,4,6,0,1,1,2,0,0,0,1
2020-21,2021-02-01,0022000317,NOP,Kira Lewis Jr.,1630184,937,0,,2,1,6,0,0,0,0,0,1,1,1,1,0,0,1
2020-21,2021-02-01,0022000317,SAC,Buddy Hield,1627741,2340,1,,16,4,16,4,15,4,6,1,7,8,3,0,0,1,3
2020-21,2021-02-01,0022000317,SAC,Cory Joseph,202709,866,0,,3,1,2,1,2,0,0,0,1,1,1,0,0,1,0
2020-21,2021-02-01,0022000317,SAC,De'Aaron Fox,1628368,2381,1,,38,14,24,3,10,7,7,2,2,4,12,1,0,6,3
2020-21,2021-02-01,0022000317,SAC,Harrison Barnes,203084,2423,1,,24,8,14,5,9,3,3,2,6,8,4,1,1,3,0
2020-21,2021-02-01,0022000317,SAC,Marvin Bagley III,1628963,1296,1,,10,5,12,0,2,0,2,1,3,4,1,0,1,2,3
2020-21,2021-02-01,0022000317,SAC,Richaun Holmes,1626158,1987,1,,17,6,7,0,0,5,7,2,8,10,3,0,6,4,4
2020-21,2021-02-01,0022000317,SAC,Tyrese Haliburton,1630169,1946,0,,5,2,7,1,4,0,0,3,8,11,6,1,0,1,0
2020-21,2021-02-01,0022000318,OKC,Hamidou Diallo,1628977,921,0,,15,6,7,1,2,2,3,0,2,2,4,1,0,0,3
2020-21,2021-02-02,0022000325,DET,Isaiah Stewart,1630191,1184,0,,4,2,3,0,0,0,0,2,3,5,1,0,0,0,2
2020-21,2021-02-02,0022000325,DET,Jerami Grant,203924,2308,1,,27,9,18,2,5,7,8,0,4,4,4,0,3,1,4
2020-21,2021-02-02,0022000325,DET,Josh Jackson,1628367,1791,0,,22,7,15,3,7,5,5,3,5,8,2,0,2,6,3
2020-21,2021-02-02,0022000325,DET,Mason Plumlee,203486,1696,1,,17,7,11,0,0,3,3,6,8,14,2,1,0,0,2
2020-21,2021-02-02,0022000559,WAS,Alex Len,203458,475,0,,2,1,1,0,0,0,0,0,3,3,2,0,1,1,2
2020-21,2021-02-03,0022000331,MIA,Kelly Olynyk,203482,1621,1,,8,2,9,2,8,2,2,2,9,11,0,1,1,1,3
2020-21,2021-02-03,0022000331,MIA,Maurice Harkless,203090,0,0,NWT - Not With Team,0,0,0,0,0,0,0,0,0,0,0,0,0,0,0
2020-21,2021-02-03,0022000331,WAS,Alex Len,203458,1641,0,,10,3,4,0,1,4,4,2,6,8,3,0,0,0,1
2020-21,2021-02-03,0022000332,CHI,Patrick Williams,1630172,1930,1,,12,6,12,0,3,0,1,0,7,7,1,1,0,2,1
2020-21,2021-02-03,0022000333,OKC,Hamidou Diallo,1628977,1969,1,,16,5,9,0,1,6,6,2,7,9,1,3,0,6,2
2020-21,2021-02-03,0022000335,NOP,Kira Lewis Jr.,1630184,153,0,,2,1,2,0,1,0,0,0,0,0,0,0,0,0,0
2020-21,2021-02-03,0022000336,SAC,Buddy Hield,1627741,2290,1,,15,5,16,3,10,2,2,1,9,10,0,1,0,2,3
2020-21,2021-02-03,0022000336,SAC,Cory Joseph,202709,1185,0,,2,1,1,0,0,0,0,0,3,3,1,2,0,1,0
2020-21,2021-02-03,0022000336,SAC,De'Aaron Fox,1628368,2285,1,,26,9,17,2,5,6,6,0,1,1,11,2,0,3,2
2020-21,2021-02-03,0022000336,SAC,Harrison Barnes,203084,2223,1,,24,7,17,1,7,9,10,2,3,5,6,0,1,1,2
2020-21,2021-02-03,0022000336,SAC,Marvin Bagley III,1628963,1151,1,,9,4,8,1,2,0,2,2,4,6,0,0,0,0,2
2020-21,2021-02-03,0022000336,SAC,Richaun Holmes,1626158,1814,1,,7,3,8,0,1,1,1,1,6,7,0,0,1,1,5
2020-21,2021-02-03,0022000336,SAC,Tyrese Haliburton,1630169,1824,0,,21,8,15,5,9,0,0,2,1,3,4,2,0,1,1
2020-21,2021-02-05,0022000343,NOP,Kira Lewis Jr.,1630184,0,0,DNP - Coach's Decision,0,0,0,0,0,0,0,0,0,0,0,0,0,0,0
2020-21,2021-02-05,0022000344,CHI,Patrick Williams,1630172,2032,1,,20,7,11,0,1,6,6,2,5,7,1,2,1,1,3
2020-21,2021-02-05,0022000347,MIA,Kelly Olynyk,203482,1241,1,,17,6,8,5,7,0,0,1,6,7,1,0,0,0,3
2020-21,2021-02-05,0022000347,MIA,Maurice Harkless,203090,0,0,DND - Injury/Illness,0,0,0,0,0,0,0,0,0,0,0,0,0,0,0
2020-21,2021-02-05,0022000347,WAS,Alex Len,203458,1453,0,,18,7,12,0,3,4,4,2,1,3,2,2,6,2,1
2020-21,2021-02-05,0022000348,OKC,Hamidou Diallo,1628977,2229,1,,16,6,13,0,1,4,8,0,2,2,10,1,0,2,1
2020-21,2021-02-05,0022000349,DET,Isaiah Stewart,1630191,1415,0,,10,5,6,0,0,0,2,5,5,10,1,1,2,2,3
2020-21,2021-02-05,0022000349,DET,Jerami Grant,203924,1944,1,,21,7,16,2,6,5,6,0,2,2,1,0,1,1,2
2020-21,2021-02-05,0022000349,DET,Josh Jackson,1628367,1494,0,,11,3,10,2,5,3,6,1,2,3,5,1,0,2,3
2020-21,2021-02-05,0022000349,DET,Mason Plumlee,203486,1465,1,,11,5,10,0,0,1,2,4,4,8,1,0,0,1,2
2020-21,2021-02-06,0022000352,SAC,Buddy Hield,1627741,2346,1,,5,1,11,0,9,3,4,0,4,4,7,0,0,0,0
2020-21,2021-02-06,0022000352,SAC,Cory Joseph,202709,1036,0,,2,1,5,0,2,0,0,0,2,2,5,1,0,2,2
2020-21,2021-02-06,0022000352,SAC,De'Aaron Fox,1628368,2290,1,,24,9,20,4,7,2,4,0,2,2,5,0,0,2,0
2020-21,2021-02-06,0022000352,SAC,Harrison Barnes,203084,2281,1,,28,10,16,5,7,3,5,1,6,7,4,1,0,0,0
2020-21,2021-02-06,0022000352,SAC,Marvin Bagley III,1628963,1063,1,,3,1,6,1,3,0,0,1,1,2,1,1,0,2,1
2020-21,2021-02-06,0022000352,SAC,Richaun Holmes,1626158,1815,1,,21,9,13,0,0,3,4,4,6,10,1,0,2,1,3
2020-21,2021-02-06,0022000352,SAC,Tyrese Haliburton,1630169,2105,0,,23,8,12,4,7,3,3,0,4,4,6,2,1,0,1
2020-21,2021-02-06,0022000353,CHI,Patrick Williams,1630172,2007,1,,16,7,13,1,2,1,1,1,9,10,1,0,1,2,1
2020-21,2021-02-06,0022000355,NOP,Kira Lewis Jr.,1630184,1131,0,,6,3,6,0,2,0,0,0,1,1,4,1,0,2,2
2020-21,2021-02-06,0022000359,OKC,Hamidou Diallo,1628977,1878,0,,15,6,13,1,4,2,2,0,6,6,3,1,1,2,4
2020-21,2021-02-06,0022000361,DET,Isaiah Stewart,1630191,632,0,,4,2,3,0,0,0,0,0,2,2,0,0,0,2,5
2020-21,2021-02-06,0022000361,DET,Jerami Grant,203924,2866,1,,32,11,27,3,11,7,7,0,4,4,6,2,1,1,4
2020-21,2021-02-06,0022000361,DET,Josh Jackson,1628367,2244,0,,28,11,20,5,10,1,2,2,6,8,3,2,1,4,6
2020-21,2021-02-06,0022000361,DET,Mason Plumlee,203486,2848,1,,15,6,7,0,0,3,5,3,5,8,6,2,2,5,4
2020-21,2021-02-07,0022000215,WAS,Alex Len,203458,476,1,,2,1,3,0,0,0,0,1,0,1,1,0,1,0,0
2020-21,2021-02-07,0022000364,MIA,Kelly Olynyk,203482,1599,1,,15,6,13,2,9,1,1,1,4,5,2,1,0,0,4
2020-21,2021-02-07,0022000364,MIA,Maurice Harkless,203090,0,0,NWT - Injury/Illness,0,0,0,0,0,0,0,0,0,0,0,0,0,0,0
2020-21,2021-02-07,0022000366,SAC,Buddy Hield,1627741,2279,1,,22,7,18,3,9,5,5,1,8,9,2,0,0,3,1
2020-21,2021-02-07,0022000366,SAC,Cory Joseph,202709,744,0,,2,1,3,0,1,0,0,0,1,1,3,2,0,0,1
2020-21,2021-02-07,0022000366,SAC,De'Aaron Fox,1628368,2159,1,,36,15,25,2,7,4,8,1,3,4,7,0,1,1,5
2020-21,2021-02-07,0022000366,SAC,Harrison Barnes,203084,2110,1,,4,1,7,0,4,2,2,3,9,12,1,1,0,1,1
2020-21,2021-02-07,0022000366,SAC,Marvin Bagley III,1628963,1254,1,,9,4,8,1,1,0,0,2,8,10,1,0,0,1,1
2020-21,2021-02-07,0022000366,SAC,Richaun Holmes,1626158,1881,1,,12,6,10,0,0,0,0,2,8,10,2,0,2,3,5
2020-21,2021-02-07,0022000366,SAC,Tyrese Haliburton,1630169,1649,0,,13,5,9,3,4,0,0,0,2,2,6,1,0,2,1
2020-21,2021-02-08,0022000368,CHI,Patrick Williams,1630172,2122,1,,10,2,7,2,3,4,4,0,6,6,1,0,0,2,3
2020-21,2021-02-08,0022000368,WAS,Alex Len,203458,1254,1,,13,5,5,0,0,3,6,2,5,7,1,0,2,2,5
2020-21,2021-02-08,0022000374,OKC,Hamidou Diallo,1628977,2453,1,,20,8,17,1,3,3,4,5,6,11,2,1,1,0,5
2020-21,2021-02-09,0022000375,DET,Isaiah Stewart,1630191,570,0,,5,2,3,1,1,0,0,0,0,0,0,1,1,1,1
2020-21,2021-02-09,0022000375,DET,Jerami Grant,203924,2261,1,,32,11,19,4,8,6,7,0,5,5,4,0,1,2,3
2020-21,2021-02-09,0022000375,DET,Josh Jackson,1628367,1713,0,,13,5,10,2,4,1,1,0,4,4,2,2,1,5,1
2020-21,2021-02-09,0022000375,DET,Mason Plumlee,203486,2282,1,,14,7,10,0,0,0,0,3,9,12,7,2,3,2,3
2020-21,2021-02-09,0022000376,MIA,Kelly Olynyk,203482,1839,1,,20,7,10,6,8,0,2,0,3,3,0,0,1,1,4
2020-21,2021-02-09,0022000376,MIA,Maurice Harkless,203090,0,0,DND - Injury/Illness,0,0,0,0,0,0,0,0,0,0,0,0,0,0,0
2020-21,2021-02-09,0022000377,NOP,Kira Lewis Jr.,1630184,1191,0,,10,3,6,0,0,4,4,0,2,2,1,0,0,2,3
2020-21,2021-02-09,0022000381,SAC,Buddy Hield,1627741,2271,1,,21,7,20,6,16,1,1,0,8,8,4,0,1,3,5
2020-21,2021-02-09,0022000381,SAC,Cory Joseph,202709,774,0,,2,1,4,0,2,0,0,0,3,3,1,0,0,1,1
2020-21,2021-02-09,0022000381,SAC,De'Aaron Fox,1628368,2336,1,,34,13,30,3,10,5,8,0,6,6,10,1,0,3,4
2020-21,2021-02-09,0022000381,SAC,Harrison Barnes,203084,2240,1,,8,3,9,0,2,2,2,2,5,7,4,2,0,1,4
2020-21,2021-02-09,0022000381,SAC,Marvin Bagley III,1628963,1715,1,,17,6,11,2,5,3,5,1,5,6,1,1,0,1,3
2020-21,2021-02-09,0022000381,SAC,Richaun Holmes,1626158,1323,1,,10,5,9,0,0,0,1,2,3,5,1,0,1,1,5
2020-21,2021-02-09,0022000381,SAC,Tyrese Haliburton,1630169,2028,0,,15,6,9,3,4,0,0,2,0,2,3,2,2,1,3
2020-21,2021-02-10,0022000382,WAS,Alex Len,203458,1270,1,,11,5,6,1,1,0,0,2,3,5,1,1,1,2,1
2020-21,2021-02-10,0022000385,CHI,Patrick Williams,1630172,2082,1,,7,2,7,1,2,2,4,1,4,5,1,2,2,1,4
2020-21,2021-02-10,0022000385,NOP,Kira Lewis Jr.,1630184,1425,0,,14,5,7,2,3,2,4,1,1,2,4,2,0,0,2
2020-21,2021-02-10,0022000390,OKC,Hamidou Diallo,1628977,2253,1,,15,5,13,0,2,5,7,1,12,13,5,0,2,1,4
2020-21,2021-02-11,0022000391,DET,Isaiah Stewart,1630191,1870,1,,17,8,9,0,0,1,2,4,3,7,1,2,1,0,4
2020-21,2021-02-11,0022000391,DET,Jerami Grant,203924,2141,1,,9,4,17,1,6,0,0,0,5,5,3,2,1,4,2
2020-21,2021-02-11,0022000391,DET,Josh Jackson,1628367,1441,0,,18,6,10,0,2,6,8,2,6,8,4,1,0,4,1
2020-21,2021-02-11,0022000392,MIA,Kelly Olynyk,203482,1860,1,,6,2,7,2,6,0,0,1,12,13,0,0,2,2,2
2020-21,2021-02-11,0022000392,MIA,Maurice Harkless,203090,0,0,DNP - Coach's Decision,0,0,0,0,0,0,0,0,0,0,0,0,0,0,0
2020-21,2021-02-12,0022000396,WAS,Alex Len,203458,1261,1,,8,4,7,0,1,0,0,0,4,4,0,0,2,1,3
2020-21,2021-02-12,0022000399,NOP,Kira Lewis Jr.,1630184,997,0,,5,2,5,1,2,0,0,0,2,2,0,0,0,1,1
2020-21,2021-02-12,0022000400,CHI,Patrick Williams,1630172,2099,1,,3,1,5,0,1,1,2,0,4,4,1,0,1,1,2
2020-21,2021-02-12,0022000401,OKC,Hamidou Diallo,1628977,2197,1,,16,6,15,1,2,3,4,1,4,5,2,3,0,3,6
2020-21,2021-02-12,0022000405,SAC,Buddy Hield,1627741,1997,1,,19,7,15,5,12,0,0,1,3,4,4,1,0,1,5
2020-21,2021-02-12,0022000405,SAC,Cory Joseph,202709,1726,0,,12,5,7,1,2,1,2,0,1,1,5,1,0,2,3
2020-21,2021-02-12,0022000405,SAC,De'Aaron Fox,1628368,0,0,DND - Injury/Illness,0,0,0,0,0,0,0,0,0,0,0,0,0,0,0
2020-21,2021-02-12,0022000405,SAC,Harrison Barnes,203084,1967,1,,13,4,9,2,4,3,4,0,5,5,4,0,0,2,1
2020-21,2021-02-12,0022000405,SAC,Marvin Bagley III,1628963,0,0,DND - Injury/Illness,0,0,0,0,0,0,0,0,0,0,0,0,0,0,0
2020-21,2021-02-12,0022000405,SAC,Richaun Holmes,1626158,1425,1,,10,4,8,0,0,2,2,3,4,7,2,2,0,3,3
2020-21,2021-02-12,0022000405,SAC,Tyrese Haliburton,1630169,1616,1,,14,6,12,2,6,0,0,1,2,3,7,1,0,4,2
2020-21,2021-02-12,0022000412,DET,Isaiah Stewart,1630191,1335,1,,5,2,3,0,0,1,1,2,4,6,1,0,1,0,3
2020-21,2021-02-12,0022000412,DET,Jerami Grant,203924,2123,1,,15,5,16,2,7,3,3,0,5,5,3,0,2,4,2
2020-21,2021-02-12,0022000412,DET,Josh Jackson,1628367,1867,0,,14,3,9,1,5,7,9,0,5,5,2,1,2,2,3
2020-21,2021-02-13,0022000410,MIA,Kelly Olynyk,203482,1846,1,,7,3,8,0,4,1,2,2,8,10,2,1,0,0,3
2020-21,2021-02-13,0022000410,MIA,Maurice Harkless,203090,0,0,DNP - Coach's Decision,0,0,0,0,0,0,0,0,0,0,0,0,0,0,0
2020-21,2021-02-14,0022000415,OKC,Hamidou Diallo,1628977,1558,0,,6,3,16,0,0,0,0,6,7,13,3,1,0,1,3
2020-21,2021-02-14,0022000418,SAC,Buddy Hield,1627741,1893,1,,8,2,10,1,8,3,3,2,4,6,1,0,0,2,2
2020-21,2021-02-14,0022000418,SAC,Cory Joseph,202709,1613,0,,16,7,12,2,5,0,0,0,3,3,1,2,0,1,3
2020-21,2021-02-14,0022000418,SAC,De'Aaron Fox,1628368,1799,1,,23,7,15,1,8,8,11,1,1,2,9,1,1,1,3
2020-21,2021-02-14,0022000418,SAC,Harrison Barnes,203084,1765,1,,8,2,6,0,3,4,6,0,4,4,2,1,0,1,1
2020-21,2021-02-14,0022000418,SAC,Marvin Bagley III,1628963,0,0,DND - Injury/Illness,0,0,0,0,0,0,0,0,0,0,0,0,0,0,0
2020-21,2021-02-14,0022000418,SAC,Richaun Holmes,1626158,1315,1,,13,6,9,0,0,1,1,1,1,2,1,0,1,2,3
2020-21,2021-02-14,0022000418,SAC,Tyrese Haliburton,1630169,1847,0,,22,9,14,3,6,1,2,0,4,4,4,2,0,3,0
2020-21,2021-02-14,0022000560,WAS,Alex Len,203458,0,0,DNP - Coach's Decision,0,0,0,0,0,0,0,0,0,0,0,0,0,0,0
2020-21,2021-02-14,0022000561,DET,Isaiah Stewart,1630191,1051,0,,4,1,2,0,1,2,2,1,5,6,0,0,3,2,5
2020-21,2021-02-14,0022000561,DET,Jerami Grant,203924,2278,1,,15,4,15,3,7,4,4,0,2,2,4,0,2,1,2
2020-21,2021-02-14,0022000561,DET,Josh Jackson,1628367,1279,0,,21,8,14,2,3,3,5,0,3,3,1,0,0,2,5
2020-21,2021-02-14,0022000561,DET,Mason Plumlee,203486,1829,1,,17,8,12,0,0,1,2,4,6,10,10,0,0,1,3
2020-21,2021-02-14,0022000561,NOP,Kira Lewis Jr.,1630184,1000,0,,10,4,9,2,5,0,0,0,0,0,2,4,0,1,0
2020-21,2021-02-15,0022000420,CHI,Patrick Williams,1630172,1592,1,,7,2,10,1,2,2,2,2,7,9,1,0,1,3,0
2020-21,2021-02-15,0022000421,WAS,Alex Len,203458,0,0,DNP - Coach's Decision,0,0,0,0,0,0,0,0,0,0,0,0,0,0,0
2020-21,2021-02-15,0022000425,MIA,Kelly Olynyk,203482,865,1,,2,1,6,0,4,0,0,0,2,2,1,0,0,1,2
2020-21,2021-02-15,0022000425,MIA,Maurice Harkless,203090,800,0,,0,0,0,0,0,0,0,1,0,1,2,0,1,0,1
2020-21,2021-02-15,0022000426,SAC,Buddy Hield,1627741,2031,1,,21,7,13,6,9,1,1,0,3,3,4,1,0,4,1
2020-21,2021-02-15,0022000426,SAC,Cory Joseph,202709,1842,1,,22,10,13,2,2,0,0,2,0,2,5,0,0,1,4
2020-21,2021-02-15,0022000426,SAC,De'Aaron Fox,1628368,2023,1,,19,8,17,1,3,2,2,1,2,3,8,2,0,3,2
2020-21,2021-02-15,0022000426,SAC,Harrison Barnes,203084,1689,1,,4,2,8,0,4,0,0,1,2,3,1,1,0,1,1
2020-21,2021-02-15,0022000426,SAC,Marvin Bagley III,1628963,1264,1,,19,7,13,1,3,4,5,2,5,7,0,0,1,0,1
2020-21,2021-02-15,0022000426,SAC,Richaun Holmes,1626158,0,0,DNP - Injury/Illness,0,0,0,0,0,0,0,0,0,0,0,0,0,0,0
2020-21,2021-02-15,0022000426,SAC,Tyrese Haliburton,1630169,1807,0,,10,4,11,2,7,0,0,1,2,3,3,0,0,1,0
2020-21,2021-02-16,0022000429,NOP,Kira Lewis Jr.,1630184,1331,0,,4,2,6,0,2,0,0,0,1,1,4,1,0,1,2
2020-21,2021-02-16,0022000432,OKC,Hamidou Diallo,1628977,1835,0,,17,7,14,1,2,2,5,2,2,4,2,1,1,2,1
2020-21,2021-02-17,0022000437,WAS,Alex Len,203458,1057,0,,10,5,8,0,0,0,2,1,6,7,1,0,1,0,3
2020-21,2021-02-17,0022000441,NOP,Kira Lewis Jr.,1630184,1049,0,,6,2,6,2,4,0,2,1,1,2,4,0,0,0,0
2020-21,2021-02-17,0022000443,MIA,Kelly Olynyk,203482,1386,1,,7,2,7,0,2,3,3,2,2,4,2,2,0,1,4
2020-21,2021-02-17,0022000443,MIA,Maurice Harkless,203090,0,0,DNP - Coach's Decision,0,0,0,0,0,0,0,0,0,0,0,0,0,0,0
2020-21,2021-02-17,0022000562,OKC,Hamidou Diallo,1628977,1190,0,,8,2,9,0,1,4,5,0,3,3,4,0,0,2,2
2020-21,2021-02-17,0022000564,CHI,Patrick Williams,1630172,1770,1,,15,5,7,1,2,4,5,1,4,5,2,1,1,0,3
2020-21,2021-02-17,0022000564,DET,Isaiah Stewart,1630191,892,0,,0,0,3,0,0,0,0,1,5,6,1,1,0,1,2
2020-21,2021-02-17,0022000564,DET,Jerami Grant,203924,2269,1,,43,15,25,4,9,9,9,0,2,2,0,0,1,3,5
2020-21,2021-02-17,0022000564,DET,Josh Jackson,1628367,1610,0,,8,3,9,0,0,2,4,2,6,8,1,2,1,3,5
2020-21,2021-02-17,0022000564,DET,Mason Plumlee,203486,1988,1,,11,5,9,0,0,1,3,2,6,8,3,0,0,1,5
2020-21,2021-02-18,0022000447,MIA,Kelly Olynyk,203482,1414,1,,22,10,16,1,7,1,1,1,6,7,2,1,0,1,1
2020-21,2021-02-18,0022000447,MIA,Maurice Harkless,203090,0,0,DNP - Coach's Decision,0,0,0,0,0,0,0,0,0,0,0,0,0,0,0
2020-21,2021-02-18,0022000447,SAC,Buddy Hield,1627741,1485,1,,5,2,10,1,8,0,0,0,0,0,3,1,1,2,2
2020-21,2021-02-18,0022000447,SAC,Cory Joseph,202709,1493,0,,10,3,7,2,3,2,2,1,3,4,4,0,0,0,1
2020-21,2021-02-18,0022000447,SAC,De'Aaron Fox,1628368,1919,1,,11,5,12,0,3,1,2,0,4,4,10,1,0,4,3
2020-21,2021-02-18,0022000447,SAC,Marvin Bagley III,1628963,1460,1,,19,7,12,2,2,3,6,6,4,10,2,0,0,1,1
2020-21,2021-02-18,0022000447,SAC,Richaun Holmes,1626158,0,0,DND - Injury/Illness,0,0,0,0,0,0,0,0,0,0,0,0,0,0,0
2020-21,2021-02-18,0022000447,SAC,Tyrese Haliburton,1630169,1801,0,,8,3,6,2,5,0,0,1,2,3,4,1,0,1,3
2020-21,2021-02-19,0022000450,CHI,Patrick Williams,1630172,1884,1,,6,2,5,0,1,2,2,0,3,3,2,1,0,3,2
2020-21,2021-02-19,0022000452,DET,Isaiah Stewart,1630191,837,0,,4,2,5,0,0,0,0,4,1,5,0,0,0,2,1
2020-21,2021-02-19,0022000452,DET,Jerami Grant,203924,2364,1,,16,5,20,2,10,4,5,1,1,2,3,1,2,4,1
2020-21,2021-02-19,0022000452,DET,Josh Jackson,1628367,1417,0,,15,6,10,1,5,2,3,2,5,7,2,0,0,3,2
2020-21,2021-02-19,0022000452,DET,Mason Plumlee,203486,2043,1,,10,5,8,0,0,0,0,4,11,15,6,1,2,6,4
2020-21,2021-02-19,0022000453,OKC,Hamidou Diallo,1628977,1871,0,,10,4,10,0,1,2,8,5,1,6,3,0,1,1,4
2020-21,2021-02-19,0022000455,NOP,Kira Lewis Jr.,1630184,1127,0,,0,0,8,0,4,0,0,0,1,1,4,1,0,0,2
2020-21,2021-02-20,0022000460,CHI,Patrick Williams,1630172,2120,1,,11,5,10,1,3,0,0,1,10,11,3,1,0,3,4
2020-21,2021-02-20,0022000460,SAC,Buddy Hield,1627741,2129,1,,23,10,21,3,11,0,0,0,4,4,3,1,0,1,3
2020-21,2021-02-20,0022000460,SAC,Cory Joseph,202709,2176,1,,2,0,2,0,1,2,2,3,4,7,1,0,0,0,4
2020-21,2021-02-20,0022000460,SAC,De'Aaron Fox,1628368,2379,1,,20,7,17,1,4,5,9,1,2,3,9,2,0,4,4
2020-21,2021-02-20,0022000460,SAC,Marvin Bagley III,1628963,2116,1,,26,10,19,1,2,5,5,5,6,11,2,2,0,0,1
2020-21,2021-02-20,0022000460,SAC,Richaun Holmes,1626158,0,0,DND - Injury/Illness,0,0,0,0,0,0,0,0,0,0,0,0,0,0,0
2020-21,2021-02-20,0022000460,SAC,Tyrese Haliburton,1630169,1955,0,,16,6,16,2,5,2,2,0,1,1,5,2,1,0,0
2020-21,2021-02-20,0022000463,MIA,Kelly Olynyk,203482,1735,1,,4,1,5,0,2,2,2,0,3,3,4,0,1,1,3
2020-21,2021-02-20,0022000463,MIA,Maurice Harkless,203090,0,0,DNP - Coach's Decision,0,0,0,0,0,0,0,0,0,0,0,0,0,0,0
2020-21,2021-02-20,0022000464,WAS,Alex Len,203458,325,0,,0,0,0,0,0,0,0,0,0,0,0,0,2,0,0
2020-21,2021-02-21,0022000465,NOP,Kira Lewis Jr.,1630184,410,0,,0,0,0,0,0,0,0,0,0,0,3,0,0,0,0
2020-21,2021-02-21,0022000466,OKC,Hamidou Diallo,1628977,1558,0,,15,5,5,0,0,5,9,0,2,2,2,1,1,2,4
2020-21,2021-02-21,0022000467,DET,Isaiah Stewart,1630191,1192,0,,4,2,5,0,1,0,0,4,4,8,2,0,3,0,0
2020-21,2021-02-21,0022000467,DET,Jerami Grant,203924,2073,1,,24,8,16,2,6,6,6,0,5,5,4,0,0,2,4
2020-21,2021-02-21,0022000467,DET,Josh Jackson,1628367,1936,0,,17,7,23,0,6,3,4,4,6,10,2,0,0,1,1
2020-21,2021-02-21,0022000467,DET,Mason Plumlee,203486,1688,1,,10,4,5,0,0,2,2,0,7,7,3,2,0,1,4
2020-21,2021-02-21,0022000471,SAC,Buddy Hield,1627741,1850,1,,13,3,13,2,10,5,6,0,3,3,3,0,0,0,1
2020-21,2021-02-21,0022000471,SAC,Cory Joseph,202709,913,0,,1,0,1,0,0,1,2,0,1,1,1,1,0,1,2
2020-21,2021-02-21,0022000471,SAC,De'Aaron Fox,1628368,2062,1,,13,5,17,2,5,1,2,0,1,1,10,2,0,4,3
2020-21,2021-02-21,0022000471,SAC,Harrison Barnes,203084,0,0,DND - Injury/Illness,0,0,0,0,0,0,0,0,0,0,0,0,0,0,0
2020-21,2021-02-21,0022000471,SAC,Marvin Bagley III,1628963,1736,1,,12,5,12,1,3,1,1,2,4,6,2,0,1,2,3
2020-21,2021-02-21,0022000471,SAC,Richaun Holmes,1626158,1283,1,,11,5,7,0,0,1,2,4,7,11,2,0,0,1,4
2020-21,2021-02-21,0022000471,SAC,Tyrese Haliburton,1630169,2083,0,,23,10,16,3,6,0,0,2,3,5,8,2,1,1,2
2020-21,2021-02-22,0022000474,CHI,Patrick Williams,1630172,2052,1,,14,6,8,2,4,0,0,1,6,7,1,1,1,1,2
2020-21,2021-02-22,0022000475,MIA,Kelly Olynyk,203482,1431,1,,11,4,9,1,4,2,2,2,4,6,1,0,0,4,4
2020-21,2021-02-22,0022000475,MIA,Maurice Harkless,203090,0,0,DNP - Coach's Decision,0,0,0,0,0,0,0,0,0,0,0,0,0,0,0
2020-21,2021-02-22,0022000475,OKC,Hamidou Diallo,1628977,1219,0,,0,0,1,0,0,0,0,0,4,4,2,1,0,3,4
2020-21,2021-02-22,0022000479,WAS,Alex Len,203458,268,0,,0,0,0,0,0,0,0,0,0,0,0,0,1,2,1
2020-21,2021-02-23,0022000481,DET,Isaiah Stewart,1630191,1094,0,,4,2,2,0,0,0,0,0,2,2,0,1,1,2,3
2020-21,2021-02-23,0022000481,DET,Jerami Grant,203924,2009,1,,17,6,15,1,5,4,4,0,7,7,6,1,0,2,3
2020-21,2021-02-23,0022000481,DET,Josh Jackson,1628367,1780,0,,18,7,17,0,4,4,4,4,3,7,0,0,2,2,4
2020-21,2021-02-23,0022000481,DET,Mason Plumlee,203486,1786,1,,7,2,3,0,1,3,3,1,11,12,4,0,3,2,1
2020-21,2021-02-23,0022000482,SAC,Buddy Hield,1627741,2194,1,,11,3,9,3,6,2,2,0,5,5,4,1,1,2,1
2020-21,2021-02-23,0022000482,SAC,Cory Joseph,202709,1047,0,,4,1,4,0,1,2,2,0,1,1,2,0,0,1,3
2020-21,2021-02-23,0022000482,SAC,De'Aaron Fox,1628368,2309,1,,27,9,18,5,8,4,7,0,1,1,8,0,1,4,3
2020-21,2021-02-23,0022000482,SAC,Harrison Barnes,203084,2202,1,,18,7,11,2,3,2,2,0,3,3,1,1,0,3,3
2020-21,2021-02-23,0022000482,SAC,Marvin Bagley III,1628963,1813,1,,12,5,10,0,3,2,4,2,8,10,0,0,2,3,2
2020-21,2021-02-23,0022000482,SAC,Richaun Holmes,1626158,1577,1,,18,9,12,0,0,0,0,2,9,11,1,1,1,1,3
2020-21,2021-02-23,0022000482,SAC,Tyrese Haliburton,1630169,2370,0,,23,9,20,4,9,1,2,1,4,5,9,3,1,1,0
2020-21,2021-02-23,0022000488,WAS,Alex Len,203458,0,0,DNP - Coach's Decision,0,0,0,0,0,0,0,0,0,0,0,0,0,0,0
2020-21,2021-02-24,0022000492,MIA,Kelly Olynyk,203482,1925,1,,7,3,9,0,5,1,2,0,7,7,4,0,0,1,3
2020-21,2021-02-24,0022000492,MIA,Maurice Harkless,203090,0,0,DNP - Coach's Decision,0,0,0,0,0,0,0,0,0,0,0,0,0,0,0
2020-21,2021-02-24,0022000493,CHI,Patrick Williams,1630172,1640,1,,13,5,8,1,2,2,2,1,3,4,2,2,1,1,2
2020-21,2021-02-24,0022000494,DET,Isaiah Stewart,1630191,1089,0,,11,5,8,0,0,1,2,2,8,10,0,2,1,1,3
2020-21,2021-02-24,0022000494,DET,Josh Jackson,1628367,1757,0,,25,10,18,2,6,3,4,3,3,6,3,0,0,1,4
2020-21,2021-02-24,0022000494,DET,Mason Plumlee,203486,1938,1,,21,9,10,0,0,3,5,1,8,9,7,0,4,3,3
2020-21,2021-02-24,0022000494,NOP,Kira Lewis Jr.,1630184,410,0,,5,2,4,1,2,0,0,0,0,0,0,0,0,1,3
2020-21,2021-02-24,0022000495,OKC,Hamidou Diallo,1628977,647,0,,5,2,6,1,2,0,0,0,2,2,1,0,0,1,0
2020-21,2021-02-25,0022000500,SAC,Buddy Hield,1627741,1814,1,,9,3,9,2,7,1,1,1,3,4,1,1,0,2,3
2020-21,2021-02-25,0022000500,SAC,Cory Joseph,202709,1374,0,,6,3,6,0,2,0,0,0,0,0,2,1,0,0,5
2020-21,2021-02-25,0022000500,SAC,De'Aaron Fox,1628368,2310,1,,29,9,18,3,7,8,10,1,3,4,11,1,0,6,3
2020-21,2021-02-25,0022000500,SAC,Harrison Barnes,203084,2145,1,,22,7,12,3,6,5,7,0,7,7,5,2,0,2,2
2020-21,2021-02-25,0022000500,SAC,Marvin Bagley III,1628963,1359,1,,19,7,12,1,2,4,6,3,2,5,0,1,0,2,4
2020-21,2021-02-25,0022000500,SAC,Richaun Holmes,1626158,1681,1,,9,4,6,0,0,1,2,1,5,6,1,1,0,0,2
2020-21,2021-02-25,0022000500,SAC,Tyrese Haliburton,1630169,1949,0,,17,6,13,2,8,3,3,0,4,4,4,4,0,2,0
2020-21,2021-02-25,0022000502,WAS,Alex Len,203458,295,0,,0,0,1,0,1,0,0,1,0,1,0,0,0,0,1
2020-21,2021-02-25,0022000503,NOP,Kira Lewis Jr.,1630184,0,0,DNP - Coach's Decision,0,0,0,0,0,0,0,0,0,0,0,0,0,0,0
2020-21,2021-02-26,0022000504,DET,Isaiah Stewart,1630191,1285,0,,6,3,3,0,0,0,0,2,9,11,2,1,1,3,3
2020-21,2021-02-26,0022000504,DET,Jerami Grant,203924,2316,1,,30,7,17,2,7,14,15,0,7,7,1,0,0,2,3
2020-21,2021-02-26,0022000504,DET,Josh Jackson,1628367,1708,0,,14,6,14,1,4,1,5,1,4,5,1,3,2,0,3
2020-21,2021-02-26,0022000504,DET,Mason Plumlee,203486,1595,1,,6,2,6,0,0,2,4,2,7,9,6,0,1,2,5
2020-21,2021-02-26,0022000504,SAC,Buddy Hield,1627741,2260,1,,14,4,14,3,9,3,5,0,2,2,3,0,0,1,3
2020-21,2021-02-26,0022000504,SAC,Cory Joseph,202709,1104,0,,0,0,7,0,3,0,0,2,1,3,1,0,1,1,3
2020-21,2021-02-26,0022000504,SAC,De'Aaron Fox,1628368,2304,1,,27,9,21,1,7,8,11,0,5,5,6,1,2,2,3
2020-21,2021-02-26,0022000504,SAC,Harrison Barnes,203084,2425,1,,21,5,14,2,7,9,14,2,6,8,7,2,1,0,3
2020-21,2021-02-26,0022000504,SAC,Marvin Bagley III,1628963,1659,1,,19,9,13,0,1,1,2,3,5,8,1,1,0,1,3
2020-21,2021-02-26,0022000504,SAC,Richaun Holmes,1626158,1989,1,,19,6,8,0,0,7,7,6,11,17,1,0,2,1,5
2020-21,2021-02-26,0022000507,MIA,Kelly Olynyk,203482,1884,1,,8,3,8,2,5,0,0,0,5,5,1,0,0,1,6
2020-21,2021-02-26,0022000507,MIA,Maurice Harkless,203090,0,0,DNP - Coach's Decision,0,0,0,0,0,0,0,0,0,0,0,0,0,0,0
2020-21,2021-02-26,0022000508,CHI,Patrick Williams,1630172,2007,1,,4,2,8,0,3,0,0,2,5,7,2,0,1,1,0
2020-21,2021-02-27,0022000514,NOP,Kira Lewis Jr.,1630184,0,0,DNP - Coach's Decision,0,0,0,0,0,0,0,0,0,0,0,0,0,0,0
2020-21,2021-02-27,0022000517,WAS,Alex Len,203458,1126,0,,10,4,5,0,0,2,4,3,1,4,0,0,4,2,5
2020-21,2021-02-27,0022000518,OKC,Hamidou Diallo,1628977,0,0,DND - Injury/Illness,0,0,0,0,0,0,0,0,0,0,0,0,0,0,0
2020-21,2021-02-28,0022000521,DET,Isaiah Stewart,1630191,1670,0,,4,2,3,0,0,0,0,2,8,10,0,1,2,2,2
2020-21,2021-02-28,0022000521,DET,Jerami Grant,203924,1856,1,,21,7,19,2,9,5,6,0,8,8,0,1,0,4,1
2020-21,2021-02-28,0022000521,DET,Josh Jackson,1628367,1568,0,,12,1,6,0,1,10,12,1,1,2,2,1,0,5,2
2020-21,2021-02-28,0022000521,DET,Mason Plumlee,203486,1210,1,,9,4,5,0,0,1,2,1,4,5,1,0,0,1,2
2020-21,2021-02-28,0022000522,MIA,Kelly Olynyk,203482,1458,1,,9,4,9,1,5,0,0,0,5,5,0,1,0,0,3
2020-21,2021-02-28,0022000522,MIA,Maurice Harkless,203090,0,0,DNP - Coach's Decision,0,0,0,0,0,0,0,0,0,0,0,0,0,0,0
2020-21,2021-02-28,0022000524,WAS,Alex Len,203458,439,0,,4,1,1,0,0,2,4,0,0,0,1,1,1,0,0
2020-21,2021-02-28,0022000528,SAC,Buddy Hield,1627741,2329,1,,30,10,17,8,15,2,3,0,2,2,7,0,0,1,3
2020-21,2021-02-28,0022000528,SAC,Cory Joseph,202709,967,0,,0,0,3,0,2,0,0,2,0,2,2,0,0,2,1
2020-21,2021-02-28,0022000528,SAC,De'Aaron Fox,1628368,2434,1,,20,9,22,1,3,1,4,0,1,1,14,1,0,2,4
2020-21,2021-02-28,0022000528,SAC,Harrison Barnes,203084,2515,1,,28,10,14,4,7,4,5,1,5,6,6,0,0,3,2
2020-21,2021-02-28,0022000528,SAC,Marvin Bagley III,1628963,2096,1,,24,11,20,2,5,0,2,4,6,10,1,2,1,1,2
2020-21,2021-02-28,0022000528,SAC,Richaun Holmes,1626158,2022,1,,13,5,8,0,1,3,3,1,7,8,1,2,1,0,4
2020-21,2021-03-01,0022000531,CHI,Patrick Williams,1630172,1918,1,,13,5,11,2,4,1,3,2,2,4,0,0,1,0,1
2020-21,2021-03-01,0022000533,NOP,Kira Lewis Jr.,1630184,0,0,DNP - Coach's Decision,0,0,0,0,0,0,0,0,0,0,0,0,0,0,0
2020-21,2021-03-02,0022000536,WAS,Alex Len,203458,1155,0,,4,2,4,0,0,0,0,1,6,7,1,0,2,0,2
2020-21,2021-03-02,0022000538,MIA,Kelly Olynyk,203482,1365,1,,7,3,6,0,2,1,2,1,5,6,2,4,0,0,4
2020-21,2021-03-02,0022000538,MIA,Maurice Harkless,203090,0,0,DNP - Coach's Decision,0,0,0,0,0,0,0,0,0,0,0,0,0,0,0
2020-21,2021-03-03,0022000539,DET,Isaiah Stewart,1630191,1182,0,,6,3,5,0,0,0,0,1,5,6,2,0,2,0,4
2020-21,2021-03-03,0022000539,DET,Josh Jackson,1628367,0,0,DNP - Injury/Illness,0,0,0,0,0,0,0,0,0,0,0,0,0,0,0
2020-21,2021-03-03,0022000539,DET,Mason Plumlee,203486,1698,1,,14,6,12,0,0,2,5,3,8,11,10,1,1,2,4
2020-21,2021-03-03,0022000548,CHI,Patrick Williams,1630172,1572,1,,13,6,7,1,2,0,0,0,4,4,1,0,3,1,5
2020-21,2021-03-03,0022000548,NOP,Kira Lewis Jr.,1630184,0,0,DNP - Coach's Decision,0,0,0,0,0,0,0,0,0,0,0,0,0,0,0
2020-21,2021-03-03,0022000551,SAC,Buddy Hield,1627741,2529,1,,29,11,15,7,11,0,0,1,5,6,6,1,0,0,3
2020-21,2021-03-03,0022000551,SAC,Cory Joseph,202709,2040,0,,13,5,7,3,4,0,0,0,1,1,5,0,0,1,1
2020-21,2021-03-03,0022000551,SAC,De'Aaron Fox,1628368,2181,1,,23,9,18,1,4,4,6,0,0,0,8,3,0,7,6
2020-21,2021-03-03,0022000551,SAC,Harrison Barnes,203084,2299,1,,20,6,13,0,3,8,9,0,3,3,6,0,0,1,1
2020-21,2021-03-03,0022000551,SAC,Marvin Bagley III,1628963,1741,1,,14,7,10,0,1,0,1,2,3,5,0,0,0,0,1
2020-21,2021-03-03,0022000551,SAC,Richaun Holmes,1626158,1799,1,,16,8,12,0,0,0,0,1,8,9,1,0,1,1,2
2020-21,2021-03-04,0022000554,WAS,Alex Len,203458,0,0,DNP - Coach's Decision,0,0,0,0,0,0,0,0,0,0,0,0,0,0,0
2020-21,2021-03-04,0022000557,MIA,Kelly Olynyk,203482,2205,1,,18,7,8,4,5,0,0,1,9,10,7,1,0,3,4
2020-21,2021-03-04,0022000557,MIA,Maurice Harkless,203090,0,0,DNP - Coach's Decision,0,0,0,0,0,0,0,0,0,0,0,0,0,0,0
2020-21,2021-03-04,0022000557,NOP,Kira Lewis Jr.,1630184,1029,0,,11,5,9,1,4,0,0,0,1,1,1,1,0,0,3
2020-21,2021-03-04,0022000558,SAC,Buddy Hield,1627741,2222,1,,21,8,17,5,12,0,0,0,6,6,3,0,0,2,3
2020-21,2021-03-04,0022000558,SAC,Cory Joseph,202709,1825,0,,11,5,9,1,4,0,0,1,2,3,2,0,0,1,3
2020-21,2021-03-04,0022000558,SAC,De'Aaron Fox,1628368,2330,1,,32,12,26,2,6,6,10,3,5,8,12,0,1,1,3
2020-21,2021-03-04,0022000558,SAC,Harrison Barnes,203084,2258,1,,17,7,14,0,1,3,3,1,4,5,2,0,0,0,1
2020-21,2021-03-04,0022000558,SAC,Marvin Bagley III,1628963,1907,1,,14,6,13,1,3,1,3,4,5,9,3,0,0,0,2
2020-21,2021-03-04,0022000558,SAC,Richaun Holmes,1626158,1846,1,,12,6,12,0,0,0,0,4,7,11,3,2,2,1,4
2020-21,2021-03-04,0022000565,DET,Isaiah Stewart,1630191,1214,0,,10,5,6,0,0,0,0,1,3,4,1,0,0,0,1
2020-21,2021-03-04,0022000565,DET,Josh Jackson,1628367,0,0,NWT - Injury/Illness,0,0,0,0,0,0,0,0,0,0,0,0,0,0,0
2020-21,2021-03-04,0022000565,DET,Mason Plumlee,203486,1666,1,,12,4,7,0,0,4,6,3,10,13,4,0,1,2,5
2020-21,2021-03-10,0022000566,WAS,Alex Len,203458,149,0,,0,0,1,0,0,0,0,0,1,1,0,0,0,0,0
2020-21,2021-03-11,0022000568,DET,Isaiah Stewart,1630191,1360,0,,7,3,3,1,1,0,0,2,6,8,2,1,0,0,1
2020-21,2021-03-11,0022000568,DET,Jerami Grant,203924,2031,1,,32,11,24,2,9,8,9,3,5,8,4,1,0,4,2
2020-21,2021-03-11,0022000568,DET,Josh Jackson,1628367,1190,0,,9,4,10,1,3,0,0,0,4,4,2,0,2,1,2
2020-21,2021-03-11,0022000568,DET,Mason Plumlee,203486,1520,1,,9,4,4,0,0,1,3,3,5,8,3,1,1,5,4
2020-21,2021-03-11,0022000571,MIA,Kelly Olynyk,203482,2080,1,,20,7,14,4,8,2,2,2,5,7,2,2,1,2,3
2020-21,2021-03-11,0022000571,MIA,Maurice Harkless,203090,864,0,,3,1,3,1,3,0,0,1,3,4,0,0,1,1,2
2020-21,2021-03-11,0022000572,CHI,Patrick Williams,1630172,1908,1,,4,1,4,1,2,1,2,0,1,1,4,1,0,1,3
2020-21,2021-03-11,0022000574,NOP,Kira Lewis Jr.,1630184,1325,0,,11,5,12,1,3,0,0,1,1,2,4,3,1,0,1
2020-21,2021-03-11,0022000578,SAC,Buddy Hield,1627741,2289,1,,20,7,19,5,13,1,1,1,5,6,7,2,1,1,1
2020-21,2021-03-11,0022000578,SAC,Cory Joseph,202709,2016,0,,13,4,9,2,5,3,4,2,2,4,3,5,0,3,2
2020-21,2021-03-11,0022000578,SAC,De'Aaron Fox,1628368,2017,1,,30,11,19,3,7,5,6,0,7,7,9,2,0,3,3
2020-21,2021-03-11,0022000578,SAC,Harrison Barnes,203084,1879,1,,20,8,15,0,3,4,6,0,11,11,0,1,0,1,2
2020-21,2021-03-11,0022000578,SAC,Marvin Bagley III,1628963,1409,1,,11,2,7,0,1,7,7,2,5,7,1,0,2,0,3
2020-21,2021-03-11,0022000578,SAC,Richaun Holmes,1626158,2072,1,,20,9,11,0,0,2,2,2,9,11,2,0,1,0,1
2020-21,2021-03-11,0022000578,SAC,Tyrese Haliburton,1630169,1109,0,,5,2,7,1,2,0,0,1,2,3,2,0,1,2,1
2020-21,2021-03-12,0022000579,WAS,Alex Len,203458,379,0,,9,4,4,0,0,1,3,0,1,1,0,0,1,0,0
2020-21,2021-03-12,0022000581,NOP,Kira Lewis Jr.,1630184,1372,0,,5,2,10,1,2,0,0,1,2,3,0,1,0,2,3
2020-21,2021-03-12,0022000582,CHI,Patrick Williams,1630172,1236,1,,3,1,6,1,1,0,0,1,1,2,0,1,0,3,0
2020-21,2021-03-12,0022000582,MIA,Kelly Olynyk,203482,1993,1,,9,4,11,1,4,0,0,0,9,9,3,1,1,0,2
2020-21,2021-03-12,0022000582,MIA,Maurice Harkless,203090,0,0,DNP - Coach's Decision,0,0,0,0,0,0,0,0,0,0,0,0,0,0,0
2020-21,2021-03-13,0022000587,DET,Hamidou Diallo,1628977,0,0,DNP - Coach's Decision,0,0,0,0,0,0,0,0,0,0,0,0,0,0,0
2020-21,2021-03-13,0022000587,DET,Isaiah Stewart,1630191,1174,0,,9,4,7,0,0,1,2,3,5,8,0,2,3,1,2
2020-21,2021-03-13,0022000587,DET,Jerami Grant,203924,2136,1,,22,7,17,1,5,7,8,1,2,3,2,0,1,3,2
2020-21,2021-03-13,0022000587,DET,Josh Jackson,1628367,1334,0,,8,3,10,0,4,2,2,0,4,4,3,1,2,2,3
2020-21,2021-03-13,0022000587,DET,Mason Plumlee,203486,1706,1,,11,5,11,0,0,1,2,3,6,9,6,1,0,0,3
2020-21,2021-03-13,0022000589,WAS,Alex Len,203458,1954,1,,10,3,4,0,0,4,4,0,6,6,2,0,1,0,1
2020-21,2021-03-13,0022000590,SAC,Buddy Hield,1627741,2208,1,,10,4,16,2,11,0,0,3,1,4,5,0,0,0,3
2020-21,2021-03-13,0022000590,SAC,Cory Joseph,202709,1064,0,,7,3,8,1,5,0,0,1,3,4,2,1,0,0,2
2020-21,2021-03-13,0022000590,SAC,De'Aaron Fox,1628368,2414,1,,32,11,24,2,10,8,10,3,4,7,6,1,0,3,5
2020-21,2021-03-13,0022000590,SAC,Harrison Barnes,203084,2361,1,,11,4,9,0,3,3,3,3,4,7,5,0,0,3,3
2020-21,2021-03-13,0022000590,SAC,Marvin Bagley III,1628963,1428,1,,12,6,10,0,1,0,0,5,2,7,1,0,0,2,4
2020-21,2021-03-13,0022000590,SAC,Richaun Holmes,1626158,2121,1,,20,9,15,0,0,2,3,5,7,12,1,0,1,3,4
2020-21,2021-03-13,0022000590,SAC,Tyrese Haliburton,1630169,1444,0,,8,3,10,2,6,0,0,0,3,3,4,2,0,1,3
2020-21,2021-03-14,0022000596,MIA,Kelly Olynyk,203482,2051,1,,18,6,9,3,6,3,3,1,6,7,4,3,2,2,4
2020-21,2021-03-14,0022000596,MIA,Maurice Harkless,203090,0,0,DNP - Coach's Decision,0,0,0,0,0,0,0,0,0,0,0,0,0,0,0
2020-21,2021-03-14,0022000600,CHI,Patrick Williams,1630172,1594,1,,23,9,14,1,4,4,5,2,4,6,4,1,1,0,4
2020-21,2021-03-14,0022000601,NOP,Kira Lewis Jr.,1630184,1632,0,,13,6,11,1,4,0,0,0,3,3,4,2,0,2,2
2020-21,2021-03-15,0022000428,DET,Isaiah Stewart,1630191,1485,0,,10,5,8,0,1,0,0,3,2,5,2,0,1,2,2
2020-21,2021-03-15,0022000428,DET,Jerami Grant,203924,1603,1,,14,4,9,1,3,5,10,0,1,1,2,1,1,2,1
2020-21,2021-03-15,0022000428,DET,Josh Jackson,1628367,1610,0,,15,6,13,0,3,3,4,1,1,2,3,0,0,0,0
2020-21,2021-03-15,0022000428,DET,Mason Plumlee,203486,1395,1,,9,3,5,0,0,3,4,2,10,12,0,1,2,0,2
2020-21,2021-03-15,0022000602,SAC,Buddy Hield,1627741,2209,1,,23,8,14,5,11,2,2,0,6,6,3,2,0,2,1
2020-21,2021-03-15,0022000602,SAC,Cory Joseph,202709,1290,0,,6,3,3,0,0,0,0,0,3,3,3,1,0,1,2
2020-21,2021-03-15,0022000602,SAC,De'Aaron Fox,1628368,2236,1,,29,11,22,1,5,6,9,0,4,4,8,0,0,2,5
2020-21,2021-03-15,0022000602,SAC,Harrison Barnes,203084,2177,1,,13,5,9,1,5,2,2,1,4,5,3,1,0,2,1
2020-21,2021-03-15,0022000602,SAC,Marvin Bagley III,1628963,955,1,,12,6,9,0,2,0,0,1,2,3,0,0,1,0,1
2020-21,2021-03-15,0022000602,SAC,Richaun Holmes,1626158,2459,1,,17,8,13,0,0,1,2,1,14,15,6,2,4,1,3
2020-21,2021-03-15,0022000602,SAC,Tyrese Haliburton,1630169,1686,0,,4,2,6,0,3,0,0,0,4,4,3,1,1,1,4
2020-21,2021-03-15,0022000603,WAS,Alex Len,203458,1069,1,,3,1,4,0,0,1,4,0,2,2,2,0,0,0,2
2020-21,2021-03-16,0022000610,MIA,Kelly Olynyk,203482,2069,1,,17,7,13,1,5,2,3,2,6,8,4,3,2,0,4
2020-21,2021-03-16,0022000610,MIA,Maurice Harkless,203090,0,0,DNP - Coach's Decision,0,0,0,0,0,0,0,0,0,0,0,0,0,0,0
2020-21,2021-03-16,0022000612,CHI,Patrick Williams,1630172,1459,1,,2,1,9,0,2,0,0,0,3,3,0,0,1,1,1
2020-21,2021-03-16,0022000614,NOP,Kira Lewis Jr.,1630184,558,0,,0,0,0,0,0,0,0,0,0,0,2,1,0,0,1
2020-21,2021-03-17,0022000616,DET,Isaiah Stewart,1630191,1392,0,,10,3,5,2,2,2,4,1,3,4,1,0,1,2,1
2020-21,2021-03-17,0022000616,DET,Jerami Grant,203924,2072,1,,23,7,16,3,6,6,6,0,2,2,2,1,3,2,3
2020-21,2021-03-17,0022000616,DET,Josh Jackson,1628367,1422,0,,16,5,8,1,2,5,5,2,3,5,6,2,0,3,6
2020-21,2021-03-17,0022000616,DET,Mason Plumlee,203486,1488,1,,10,4,6,0,0,2,4,3,11,14,2,0,1,1,5
2020-21,2021-03-17,0022000619,SAC,Buddy Hield,1627741,1847,1,,16,4,13,3,9,5,5,1,4,5,3,1,0,2,4
2020-21,2021-03-17,0022000619,SAC,Cory Joseph,202709,1524,0,,12,5,8,2,3,0,0,0,2,2,2,3,0,0,1
2020-21,2021-03-17,0022000619,SAC,De'Aaron Fox,1628368,2175,1,,28,8,21,1,6,11,13,0,1,1,7,5,0,3,5
2020-21,2021-03-17,0022000619,SAC,Harrison Barnes,203084,2137,1,,18,6,12,1,4,5,6,2,6,8,5,1,0,0,0
2020-21,2021-03-17,0022000619,SAC,Richaun Holmes,1626158,1598,1,,18,8,13,0,0,2,2,0,7,7,0,0,2,0,6
2020-21,2021-03-17,0022000619,SAC,Tyrese Haliburton,1630169,1950,1,,17,5,12,3,6,4,5,1,1,2,4,0,0,1,2
2020-21,2021-03-17,0022000619,WAS,Alex Len,203458,1435,1,,13,5,7,0,0,3,3,4,8,12,3,0,0,2,4
2020-21,2021-03-17,0022000621,CHI,Patrick Williams,1630172,1925,1,,10,4,7,2,3,0,0,4,10,14,1,0,0,2,3
2020-21,2021-03-17,0022000623,MIA,Kelly Olynyk,203482,1108,1,,2,1,2,0,1,0,0,1,5,6,2,1,0,1,5
2020-21,2021-03-17,0022000623,MIA,Maurice Harkless,203090,0,0,DNP - Injury/Illness,0,0,0,0,0,0,0,0,0,0,0,0,0,0,0
2020-21,2021-03-18,0022000166,WAS,Alex Len,203458,1090,1,,9,3,5,0,0,3,4,0,6,6,1,0,0,2,3
2020-21,2021-03-18,0022000629,NOP,Kira Lewis Jr.,1630184,600,0,,2,0,3,0,2,2,2,0,0,0,3,0,0,0,1
2020-21,2021-03-19,0022000631,SAC,Buddy Hield,1627741,2280,1,,22,8,15,6,13,0,0,1,4,5,3,0,2,1,4
2020-21,2021-03-19,0022000631,SAC,Cory Joseph,202709,1180,0,,2,1,4,0,1,0,0,0,1,1,0,0,1,0,1
2020-21,2021-03-19,0022000631,SAC,De'Aaron Fox,1628368,2222,1,,29,11,20,3,7,4,5,0,2,2,5,2,0,2,1
2020-21,2021-03-19,0022000631,SAC,Harrison Barnes,203084,2323,1,,15,5,10,2,4,3,3,2,11,13,3,0,0,2,0
2020-21,2021-03-19,0022000631,SAC,Richaun Holmes,1626158,1932,1,,25,7,11,1,1,10,12,4,7,11,2,2,3,0,2
2020-21,2021-03-19,0022000631,SAC,Tyrese Haliburton,1630169,2020,1,,4,1,6,0,3,2,2,1,4,5,7,2,1,3,3
2020-21,2021-03-19,0022000632,MIA,Kelly Olynyk,203482,1908,1,,7,2,11,1,7,2,2,2,4,6,0,2,1,1,3
2020-21,2021-03-19,0022000632,MIA,Maurice Harkless,203090,0,0,DNP - Coach's Decision,0,0,0,0,0,0,0,0,0,0,0,0,0,0,0
2020-21,2021-03-19,0022000635,DET,Isaiah Stewart,1630191,1529,0,,13,5,10,1,2,2,2,3,6,9,2,1,0,2,3
2020-21,2021-03-19,0022000635,DET,Jerami Grant,203924,1809,1,,18,5,21,3,7,5,5,1,4,5,2,0,0,2,0
2020-21,2021-03-19,0022000635,DET,Josh Jackson,1628367,1708,0,,15,7,12,1,3,0,0,0,2,2,2,1,1,2,2
2020-21,2021-03-19,0022000635,DET,Mason Plumlee,203486,1291,1,,6,2,4,0,0,2,4,5,11,16,1,0,1,1,3
2020-21,2021-03-19,0022000637,CHI,Patrick Williams,1630172,1289,1,,6,2,7,1,2,1,2,1,5,6,1,1,1,0,0
2020-21,2021-03-20,0022000641,SAC,Buddy Hield,1627741,2047,1,,25,9,17,7,13,0,0,0,5,5,3,0,0,2,1
2020-21,2021-03-20,0022000641,SAC,Cory Joseph,202709,1803,0,,9,3,9,1,1,2,4,1,1,2,7,2,0,0,4
2020-21,2021-03-20,0022000641,SAC,De'Aaron Fox,1628368,1984,1,,16,5,14,0,4,6,9,0,4,4,6,0,0,2,3
2020-21,2021-03-20,0022000641,SAC,Harrison Barnes,203084,1974,1,,12,5,7,1,1,1,1,0,7,7,5,0,1,1,3
2020-21,2021-03-20,0022000641,SAC,Richaun Holmes,1626158,1798,1,,10,4,10,0,0,2,2,2,2,4,2,0,0,2,4
2020-21,2021-03-20,0022000641,SAC,Tyrese Haliburton,1630169,1606,1,,11,5,12,0,4,1,1,0,1,1,3,1,0,1,1
2020-21,2021-03-21,0022000645,MIA,Kelly Olynyk,203482,1706,1,,7,3,11,1,7,0,0,1,5,6,0,0,0,2,4
2020-21,2021-03-21,0022000645,MIA,Maurice Harkless,203090,0,0,DNP - Coach's Decision,0,0,0,0,0,0,0,0,0,0,0,0,0,0,0
2020-21,2021-03-21,0022000646,NOP,Kira Lewis Jr.,1630184,1001,0,,6,3,6,0,1,0,0,0,0,0,0,1,0,0,0
2020-21,2021-03-21,0022000647,WAS,Alex Len,203458,1729,1,,20,8,12,0,0,4,5,2,7,9,1,0,2,1,4
2020-21,2021-03-21,0022000649,CHI,Patrick Williams,1630172,2041,1,,10,5,5,0,0,0,0,0,7,7,1,0,2,2,3
2020-21,2021-03-21,0022000649,DET,Isaiah Stewart,1630191,1385,0,,11,5,8,1,2,0,0,1,5,6,0,1,2,0,1
2020-21,2021-03-21,0022000649,DET,Jerami Grant,203924,2139,1,,26,9,22,1,7,7,9,0,1,1,2,1,0,3,2
2020-21,2021-03-21,0022000649,DET,Josh Jackson,1628367,1499,0,,4,1,12,0,3,2,2,1,1,2,2,1,0,2,2
2020-21,2021-03-21,0022000649,DET,Mason Plumlee,203486,1716,1,,12,3,4,0,0,6,8,1,9,10,3,4,2,1,4
2020-21,2021-03-22,0022000653,SAC,Buddy Hield,1627741,2291,1,,19,7,17,5,10,0,1,0,6,6,2,0,1,2,2
2020-21,2021-03-22,0022000653,SAC,Cory Joseph,202709,1543,0,,7,2,6,1,3,2,2,0,2,2,3,2,1,1,2
2020-21,2021-03-22,0022000653,SAC,De'Aaron Fox,1628368,2284,1,,30,13,23,1,5,3,6,0,6,6,6,2,0,3,4
2020-21,2021-03-22,0022000653,SAC,Harrison Barnes,203084,2481,1,,9,4,10,1,5,0,0,3,7,10,8,0,0,3,0
2020-21,2021-03-22,0022000653,SAC,Richaun Holmes,1626158,2125,1,,17,8,9,0,0,1,1,3,13,16,3,1,2,1,4
2020-21,2021-03-22,0022000653,SAC,Tyrese Haliburton,1630169,2182,1,,28,11,15,4,5,2,2,0,1,1,2,1,1,1,2
2020-21,2021-03-22,0022000656,CHI,Patrick Williams,1630172,1835,1,,6,3,6,0,2,0,0,0,4,4,1,1,1,1,2
2020-21,2021-03-23,0022000662,WAS,Alex Len,203458,692,1,,5,2,2,0,0,1,2,2,1,3,0,0,3,1,1
2020-21,2021-03-23,0022000663,NOP,Kira Lewis Jr.,1630184,1211,0,,16,5,9,3,5,3,3,0,1,1,6,0,2,0,2
2020-21,2021-03-23,0022000664,MIA,Kelly Olynyk,203482,885,1,,0,0,6,0,4,0,0,3,4,7,1,0,0,1,0
2020-21,2021-03-23,0022000664,MIA,Maurice Harkless,203090,0,0,DNP - Coach's Decision,0,0,0,0,0,0,0,0,0,0,0,0,0,0,0
2020-21,2021-03-24,0022000667,DET,Isaiah Stewart,1630191,1116,0,,11,5,7,0,1,1,2,1,6,7,0,0,1,0,0
2020-21,2021-03-24,0022000667,DET,Jerami Grant,203924,1880,1,,29,10,20,2,6,7,9,1,5,6,2,1,2,4,2
2020-21,2021-03-24,0022000667,DET,Josh Jackson,1628367,1593,0,,12,5,11,1,2,1,2,0,3,3,5,1,0,0,3
2020-21,2021-03-24,0022000667,DET,Mason Plumlee,203486,1764,1,,12,5,8,0,0,2,4,3,7,10,4,1,1,2,1
2020-21,2021-03-24,0022000671,CHI,Patrick Williams,1630172,1919,1,,5,2,6,0,1,1,2,1,4,5,1,1,0,1,1
2020-21,2021-03-24,0022000677,SAC,Buddy Hield,1627741,2305,1,,14,5,18,4,13,0,0,0,3,3,3,0,0,3,3
2020-21,2021-03-24,0022000677,SAC,Cory Joseph,202709,1267,0,,2,0,2,0,1,2,2,1,2,3,3,1,0,3,1
2020-21,2021-03-24,0022000677,SAC,De'Aaron Fox,1628368,2374,1,,37,13,20,3,4,8,9,0,2,2,3,2,1,3,0
2020-21,2021-03-24,0022000677,SAC,Harrison Barnes,203084,2486,1,,9,2,7,0,3,5,6,2,6,8,3,0,0,1,2
2020-21,2021-03-24,0022000677,SAC,Richaun Holmes,1626158,1784,1,,16,7,12,0,1,2,2,4,4,8,1,1,2,0,4
2020-21,2021-03-24,0022000677,SAC,Tyrese Haliburton,1630169,2133,1,,17,6,12,2,4,3,3,1,4,5,7,1,1,4,1
2020-21,2021-03-25,0022000678,MIA,Kelly Olynyk,203482,0,0,NWT - Trade Pending,0,0,0,0,0,0,0,0,0,0,0,0,0,0,0
2020-21,2021-03-25,0022000678,MIA,Maurice Harkless,203090,0,0,NWT - Trade Pending,0,0,0,0,0,0,0,0,0,0,0,0,0,0,0
2020-21,2021-03-25,0022000679,WAS,Alex Len,203458,1358,1,,7,3,3,0,0,1,2,1,2,3,1,1,2,1,5
2020-21,2021-03-25,0022000682,SAC,Buddy Hield,1627741,1789,1,,16,6,11,4,9,0,0,1,5,6,6,0,1,2,1
2020-21,2021-03-25,0022000682,SAC,De'Aaron Fox,1628368,2140,1,,44,16,22,3,7,9,10,0,2,2,7,3,0,2,3
2020-21,2021-03-25,0022000682,SAC,Harrison Barnes,203084,2169,1,,2,1,10,0,4,0,0,0,6,6,5,2,0,0,0
2020-21,2021-03-25,0022000682,SAC,Richaun Holmes,1626158,1920,1,,25,10,14,0,0,5,6,3,8,11,1,0,2,0,0
2020-21,2021-03-25,0022000682,SAC,Tyrese Haliburton,1630169,2032,1,,21,7,11,6,7,1,1,0,0,0,1,0,0,1,0
2020-21,2021-03-26,0022000683,DET,Cory Joseph,202709,1082,0,,9,3,6,0,1,3,4,1,1,2,2,0,0,0,0
2020-21,2021-03-26,0022000683,DET,Hamidou Diallo,1628977,1115,0,,6,2,4,0,0,2,2,0,2,2,0,0,0,0,3
2020-21,2021-03-26,0022000683,DET,Isaiah Stewart,1630191,341,0,,2,1,1,0,0,0,0,0,0,0,0,0,0,0,3
2020-21,2021-03-26,0022000683,DET,Jerami Grant,203924,2219,1,,19,5,14,1,4,8,10,0,2,2,3,0,3,2,1
2020-21,2021-03-26,0022000683,DET,Josh Jackson,1628367,991,0,,8,3,11,1,6,1,1,1,3,4,2,2,0,3,5
2020-21,2021-03-26,0022000683,DET,Mason Plumlee,203486,1848,1,,13,4,7,0,1,5,10,1,9,10,5,1,0,2,5
2020-21,2021-03-26,0022000689,NOP,Kira Lewis Jr.,1630184,973,0,,6,2,5,0,3,2,2,0,1,1,3,0,0,0,2
2020-21,2021-03-27,0022000694,DET,Cory Joseph,202709,1759,0,,8,2,8,0,1,4,4,0,6,6,4,2,0,4,3
2020-21,2021-03-27,0022000694,DET,Isaiah Stewart,1630191,1288,0,,11,5,9,1,3,0,0,3,5,8,1,0,1,1,2
2020-21,2021-03-27,0022000694,DET,Jerami Grant,203924,1158,1,,9,4,12,1,2,0,0,0,3,3,3,0,0,0,0
2020-21,2021-03-27,0022000694,DET,Josh Jackson,1628367,1326,0,,7,2,6,0,1,3,3,0,1,1,1,0,0,2,2
2020-21,2021-03-27,0022000694,DET,Mason Plumlee,203486,1592,1,,11,4,9,0,0,3,4,2,6,8,1,1,2,3,3
2020-21,2021-03-27,0022000694,WAS,Alex Len,203458,897,1,,12,6,11,0,1,0,0,1,0,1,0,0,0,0,2
2020-21,2021-03-27,0022000696,HOU,Kelly Olynyk,203482,1509,1,,16,5,8,4,6,2,2,0,4,4,4,3,0,1,4
2020-21,2021-03-27,0022000697,CHI,Patrick Williams,1630172,1143,1,,6,3,7,0,2,0,0,1,2,3,1,0,0,2,0
2020-21,2021-03-27,0022000698,NOP,Kira Lewis Jr.,1630184,1484,0,,13,6,7,1,1,0,0,0,3,3,5,0,0,0,4
2020-21,2021-03-27,0022000702,SAC,Buddy Hield,1627741,1917,1,,10,4,9,2,7,0,0,0,3,3,1,1,0,2,2
2020-21,2021-03-27,0022000702,SAC,De'Aaron Fox,1628368,2294,1,,36,15,24,2,8,4,4,0,4,4,6,1,2,3,4
2020-21,2021-03-27,0022000702,SAC,Harrison Barnes,203084,2188,1,,16,6,10,1,3,3,4,0,11,11,0,0,0,4,1
2020-21,2021-03-27,0022000702,SAC,Maurice Harkless,203090,692,0,,0,0,1,0,1,0,0,1,0,1,2,0,0,2,2
2020-21,2021-03-27,0022000702,SAC,Richaun Holmes,1626158,2034,1,,10,5,11,0,0,0,0,5,9,14,0,0,5,3,3
2020-21,2021-03-27,0022000702,SAC,Tyrese Haliburton,1630169,1987,1,,13,6,11,1,5,0,0,0,2,2,2,1,0,1,2
2020-21,2021-03-29,0022000707,WAS,Alex Len,203458,1324,1,,7,3,5,0,0,1,2,3,2,5,1,0,1,1,4
2020-21,2021-03-29,0022000708,NOP,Kira Lewis Jr.,1630184,1085,0,,9,3,6,3,4,0,0,0,3,3,4,1,0,0,0
2020-21,2021-03-29,0022000711,DET,Cory Joseph,202709,1450,0,,17,5,8,2,4,5,5,1,3,4,5,2,1,2,4
2020-21,2021-03-29,0022000711,DET,Hamidou Diallo,1628977,1635,0,,19,6,10,1,2,6,7,2,8,10,3,1,2,2,1
2020-21,2021-03-29,0022000711,DET,Isaiah Stewart,1630191,1778,0,,14,5,7,1,2,3,4,1,1,2,3,0,1,1,4
2020-21,2021-03-29,0022000711,DET,Jerami Grant,203924,1775,1,,7,3,12,1,5,0,0,0,4,4,1,1,1,2,4
2020-21,2021-03-29,0022000711,DET,Josh Jackson,1628367,0,0,DNP - Coach's Decision,0,0,0,0,0,0,0,0,0,0,0,0,0,0,0
2020-21,2021-03-29,0022000711,DET,Mason Plumlee,203486,1102,1,,5,0,1,0,0,5,6,2,6,8,2,0,0,3,5
2020-21,2021-03-29,0022000712,HOU,Kelly Olynyk,203482,2020,1,,25,10,17,0,5,5,5,0,9,9,2,1,2,1,1
2020-21,2021-03-29,0022000714,SAC,Buddy Hield,1627741,2023,1,,20,7,13,5,9,1,1,1,3,4,1,1,0,0,4
2020-21,2021-03-29,0022000714,SAC,De'Aaron Fox,1628368,2030,1,,24,9,18,2,6,4,5,0,3,3,5,2,2,0,2
2020-21,2021-03-29,0022000714,SAC,Harrison Barnes,203084,1956,1,,14,4,7,3,4,3,4,0,2,2,2,0,0,1,1
2020-21,2021-03-29,0022000714,SAC,Maurice Harkless,203090,853,0,,13,5,8,3,4,0,0,0,1,1,0,0,0,0,0
2020-21,2021-03-29,0022000714,SAC,Richaun Holmes,1626158,2006,1,,23,8,11,0,0,7,10,3,9,12,3,1,3,0,3
2020-21,2021-03-29,0022000714,SAC,Tyrese Haliburton,1630169,1904,1,,15,7,15,1,6,0,0,0,4,4,10,2,0,1,2
2020-21,2021-03-29,0022000716,CHI,Patrick Williams,1630172,1960,1,,14,7,13,0,1,0,0,0,6,6,4,1,1,2,1
2020-21,2021-03-30,0022000718,WAS,Alex Len,203458,1239,1,,10,5,6,0,0,0,0,2,3,5,0,0,0,0,2
2020-21,2021-03-31,0022000721,DET,Cory Joseph,202709,1686,0,,11,5,10,0,1,1,1,1,1,2,9,2,0,4,3
2020-21,2021-03-31,0022000721,DET,Hamidou Diallo,1628977,1578,0,,19,7,8,2,3,3,3,0,7,7,3,1,1,2,2
2020-21,2021-03-31,0022000721,DET,Isaiah Stewart,1630191,1092,0,,6,2,6,2,4,0,0,0,4,4,0,1,1,1,4
2020-21,2021-03-31,0022000721,DET,Jerami Grant,203924,2017,1,,30,11,19,3,5,5,9,0,2,2,4,1,3,1,0
2020-21,2021-03-31,0022000721,DET,Josh Jackson,1628367,1139,1,,0,0,5,0,1,0,0,0,4,4,1,1,0,2,2
2020-21,2021-03-31,0022000721,DET,Mason Plumlee,203486,1788,1,,18,8,11,0,0,2,2,1,2,3,2,0,1,0,3
2020-21,2021-03-31,0022000724,HOU,Kelly Olynyk,203482,1487,0,,14,5,7,0,2,4,4,0,3,3,4,0,2,2,2
2020-21,2021-03-31,0022000728,SAC,Buddy Hield,1627741,1869,1,,14,5,18,4,12,0,0,0,1,1,1,1,1,2,1
2020-21,2021-03-31,0022000728,SAC,De'Aaron Fox,1628368,2021,1,,20,7,18,1,5,5,6,0,0,0,4,0,1,4,3
2020-21,2021-03-31,0022000728,SAC,Harrison Barnes,203084,2073,1,,6,2,8,1,3,1,2,5,9,14,5,1,1,2,1
2020-21,2021-03-31,0022000728,SAC,Maurice Harkless,203090,703,0,,2,0,1,0,1,2,2,0,1,1,2,1,0,0,3
2020-21,2021-03-31,0022000728,SAC,Richaun Holmes,1626158,1874,1,,14,6,8,0,0,2,2,5,10,15,0,0,2,1,3
2020-21,2021-03-31,0022000728,SAC,Tyrese Haliburton,1630169,1779,1,,18,7,15,3,7,1,1,1,0,1,2,1,0,1,2
2020-21,2021-03-31,0022000730,CHI,Patrick Williams,1630172,1890,1,,16,7,11,2,3,0,0,1,2,3,1,1,1,1,4
2020-21,2021-04-01,0022000179,DET,Cory Joseph,202709,1470,0,,10,3,6,0,0,4,4,0,2,2,7,4,1,2,0
2020-21,2021-04-01,0022000179,DET,Isaiah Stewart,1630191,1030,0,,4,2,7,0,1,0,0,1,6,7,2,0,2,2,6
2020-21,2021-04-01,0022000179,DET,Jerami Grant,203924,1474,1,,12,4,14,1,4,3,4,0,4,4,4,0,0,2,1
2020-21,2021-04-01,0022000179,DET,Josh Jackson,1628367,1711,1,,31,13,21,4,7,1,2,1,1,2,4,1,0,1,3
2020-21,2021-04-01,0022000179,DET,Mason Plumlee,203486,1685,1,,13,6,11,0,0,1,2,3,8,11,7,1,1,1,2
2020-21,2021-04-01,0022000179,WAS,Alex Len,203458,1265,1,,14,7,12,0,0,0,2,1,4,5,0,1,0,0,4
2020-21,2021-04-01,0022000734,NOP,Kira Lewis Jr.,1630184,1958,0,,9,4,13,1,3,0,0,3,2,5,4,1,1,2,4
2020-21,2021-04-02,0022000738,HOU,Kelly Olynyk,203482,1293,0,,10,3,6,2,3,2,2,0,3,3,4,0,0,1,3
2020-21,2021-04-02,0022000742,NOP,Kira Lewis Jr.,1630184,1558,0,,21,9,16,2,4,1,1,0,2,2,2,0,1,2,4
2020-21,2021-04-02,0022000743,CHI,Patrick Williams,1630172,1976,1,,8,4,7,0,0,0,0,1,2,3,3,2,0,1,1
2020-21,2021-04-02,0022000746,SAC,Buddy Hield,1627741,1730,1,,7,3,11,1,9,0,0,0,6,6,3,3,0,0,4
2020-21,2021-04-02,0022000746,SAC,De'Aaron Fox,1628368,1724,1,,12,5,20,0,4,2,4,0,1,1,5,3,1,2,0
2020-21,2021-04-02,0022000746,SAC,Harrison Barnes,203084,2235,1,,26,9,10,3,4,5,5,2,3,5,5,1,1,5,1
2020-21,2021-04-02,0022000746,SAC,Maurice Harkless,203090,1354,0,,2,0,4,0,3,2,2,0,2,2,1,0,0,0,4
2020-21,2021-04-02,0022000746,SAC,Richaun Holmes,1626158,1458,1,,11,4,10,0,0,3,5,2,5,7,0,0,0,0,2
2020-21,2021-04-02,0022000746,SAC,Tyrese Haliburton,1630169,1752,1,,9,4,9,1,3,0,0,0,2,2,2,0,1,2,0
2020-21,2021-04-03,0022000747,WAS,Alex Len,203458,802,1,,0,0,2,0,0,0,0,2,3,5,1,1,2,1,2
2020-21,2021-04-03,0022000748,DET,Cory Joseph,202709,1018,0,,10,4,7,0,0,2,2,1,0,1,2,0,0,2,2
2020-21,2021-04-03,0022000748,DET,Hamidou Diallo,1628977,1469,0,,14,5,12,2,4,2,2,2,1,3,1,0,0,1,4
2020-21,2021-04-03,0022000748,DET,Isaiah Stewart,1630191,1603,0,,4,2,7,0,0,0,0,3,4,7,0,0,0,1,1
2020-21,2021-04-03,0022000748,DET,Jerami Grant,203924,1921,1,,16,5,13,2,6,4,5,1,3,4,2,0,2,2,1
2020-21,2021-04-03,0022000748,DET,Josh Jackson,1628367,1382,1,,5,2,9,0,2,1,2,1,3,4,3,2,0,1,2
2020-21,2021-04-03,0022000748,DET,Mason Plumlee,203486,1277,1,,9,3,4,0,0,3,3,3,7,10,1,1,2,1,3
2020-21,2021-04-03,0022000754,SAC,Buddy Hield,1627741,1908,1,,19,7,12,5,8,0,0,1,2,3,4,0,0,3,1
2020-21,2021-04-03,0022000754,SAC,De'Aaron Fox,1628368,2259,1,,27,10,24,2,7,5,5,0,3,3,6,1,1,3,4
2020-21,2021-04-03,0022000754,SAC,Harrison Barnes,203084,2078,1,,9,3,9,1,4,2,2,1,3,4,3,4,0,0,3
2020-21,2021-04-03,0022000754,SAC,Maurice Harkless,203090,1272,0,,4,2,5,0,3,0,0,0,3,3,0,1,0,1,1
2020-21,2021-04-03,0022000754,SAC,Richaun Holmes,1626158,1601,1,,12,5,7,0,0,2,2,3,6,9,2,0,1,3,3
2020-21,2021-04-03,0022000754,SAC,Tyrese Haliburton,1630169,1968,1,,12,5,13,2,5,0,0,1,5,6,11,0,0,0,2
2020-21,2021-04-04,0022000755,CHI,Patrick Williams,1630172,1839,1,,11,4,5,1,2,2,4,1,2,3,1,0,0,0,0
2020-21,2021-04-04,0022000760,HOU,Kelly Olynyk,203482,2001,0,,26,9,17,5,13,3,3,1,7,8,3,0,1,0,2
2020-21,2021-04-05,0022000763,WAS,Alex Len,203458,1754,1,,13,6,10,0,0,1,3,4,4,8,0,0,4,3,4
2020-21,2021-04-05,0022000765,SAC,Buddy Hield,1627741,1942,1,,18,6,17,6,16,0,0,0,7,7,3,2,1,3,2
2020-21,2021-04-05,0022000765,SAC,De'Aaron Fox,1628368,2250,1,,31,8,16,2,4,13,15,1,5,6,9,2,0,4,3
2020-21,2021-04-05,0022000765,SAC,Harrison Barnes,203084,2242,1,,21,9,14,0,3,3,4,3,9,12,4,1,0,2,1
2020-21,2021-04-05,0022000765,SAC,Maurice Harkless,203090,855,0,,2,1,1,0,0,0,0,0,1,1,1,0,1,0,4
2020-21,2021-04-05,0022000765,SAC,Richaun Holmes,1626158,2089,1,,11,5,10,0,1,1,2,3,3,6,2,1,3,0,4
2020-21,2021-04-05,0022000765,SAC,Tyrese Haliburton,1630169,1998,1,,9,4,9,0,2,1,1,1,1,2,7,2,2,1,2
2020-21,2021-04-05,0022000766,DET,Cory Joseph,202709,1134,0,,9,4,6,1,2,0,0,0,5,5,4,0,0,2,2
2020-21,2021-04-05,0022000766,DET,Hamidou Diallo,1628977,1413,0,,11,5,10,1,2,0,2,3,5,8,4,1,1,2,2
2020-21,2021-04-05,0022000766,DET,Isaiah Stewart,1630191,1303,1,,12,4,6,0,0,4,4,1,5,6,0,1,4,1,1
2020-21,2021-04-05,0022000766,DET,Jerami Grant,203924,1395,1,,21,7,15,2,4,5,5,1,4,5,5,1,0,1,1
2020-21,2021-04-05,0022000766,DET,Josh Jackson,1628367,1186,1,,14,5,10,2,2,2,2,3,2,5,2,1,0,2,2
2020-21,2021-04-05,0022000768,HOU,Kelly Olynyk,203482,1766,1,,21,7,8,3,3,4,5,0,4,4,1,2,0,5,4
2020-21,2021-04-06,0022000321,DET,Cory Joseph,202709,1139,0,,9,3,7,1,2,2,2,1,2,3,6,0,1,1,0
2020-21,2021-04-06,0022000321,DET,Hamidou Diallo,1628977,1029,0,,8,3,4,1,1,1,1,0,1,1,0,1,0,2,2
2020-21,2021-04-06,0022000321,DET,Isaiah Stewart,1630191,1661,0,,9,4,5,0,0,1,2,3,5,8,2,0,0,0,2
2020-21,2021-04-06,0022000321,DET,Jerami Grant,203924,1794,1,,29,11,18,3,5,4,6,2,3,5,4,0,1,4,1
2020-21,2021-04-06,0022000321,DET,Josh Jackson,1628367,1376,1,,7,3,6,1,2,0,0,0,2,2,0,1,0,2,1
2020-21,2021-04-06,0022000321,DET,Mason Plumlee,203486,1219,1,,4,2,3,0,0,0,0,0,2,2,3,0,0,0,1
2020-21,2021-04-06,0022000769,CHI,Patrick Williams,1630172,1841,1,,10,4,8,1,1,1,1,1,2,3,2,4,0,2,0
2020-21,2021-04-07,0022000456,HOU,Kelly Olynyk,203482,2035,1,,10,4,9,1,4,1,1,2,16,18,3,2,2,2,5
2020-21,2021-04-07,0022000777,WAS,Alex Len,203458,931,1,,2,1,4,0,0,0,0,1,3,4,0,0,0,0,3
2020-21,2021-04-08,0022000523,CHI,Patrick Williams,1630172,1894,1,,11,3,7,1,2,4,4,4,3,7,1,1,1,1,0
2020-21,2021-04-08,0022000789,DET,Cory Joseph,202709,1912,1,,24,10,14,0,1,4,5,0,3,3,7,1,1,3,3
2020-21,2021-04-08,0022000789,DET,Hamidou Diallo,1628977,1002,0,,10,4,9,0,1,2,3,2,1,3,1,1,1,0,3
2020-21,2021-04-08,0022000789,DET,Isaiah Stewart,1630191,1969,1,,16,8,10,0,0,0,1,4,9,13,4,1,1,3,2
2020-21,2021-04-08,0022000789,DET,Josh Jackson,1628367,1534,1,,10,4,13,2,5,0,0,0,7,7,2,1,0,4,2
2020-21,2021-04-08,0022000789,SAC,Buddy Hield,1627741,1975,1,,15,5,13,5,12,0,0,0,4,4,0,0,0,3,4
2020-21,2021-04-08,0022000789,SAC,De'Aaron Fox,1628368,2202,1,,23,8,19,0,5,7,11,1,8,9,7,2,0,3,5
2020-21,2021-04-08,0022000789,SAC,Harrison Barnes,203084,2396,1,,13,5,12,1,3,2,2,1,3,4,2,0,0,0,1
2020-21,2021-04-08,0022000789,SAC,Maurice Harkless,203090,1196,1,,4,2,5,0,3,0,0,0,1,1,0,1,0,0,1
2020-21,2021-04-08,0022000789,SAC,Richaun Holmes,1626158,1503,1,,15,5,8,0,0,5,6,1,8,9,1,2,2,2,4
2020-21,2021-04-08,0022000789,SAC,Tyrese Haliburton,1630169,1851,0,,9,4,10,0,3,1,2,0,1,1,7,2,0,3,3
2020-21,2021-04-09,0022000791,CHI,Patrick Williams,1630172,1548,1,,4,2,4,0,1,0,0,1,1,2,0,2,0,0,4
2020-21,2021-04-09,0022000795,NOP,Kira Lewis Jr.,1630184,1235,0,,2,1,4,0,1,0,0,0,2,2,4,3,1,2,2
2020-21,2021-04-09,0022000798,WAS,Alex Len,203458,1214,1,,15,5,9,0,0,5,5,2,3,5,1,2,1,0,2
2020-21,2021-04-09,0022000799,HOU,Kelly Olynyk,203482,1943,1,,13,6,11,1,5,0,0,4,7,11,3,0,0,3,2
2020-21,2021-04-10,0022000801,SAC,Buddy Hield,1627741,2036,1,,19,7,17,4,13,1,2,0,5,5,7,1,0,0,3
2020-21,2021-04-10,0022000801,SAC,De'Aaron Fox,1628368,2355,1,,30,11,20,4,7,4,6,0,2,2,8,2,0,1,3
2020-21,2021-04-10,0022000801,SAC,Harrison Barnes,203084,2257,1,,11,4,9,1,6,2,4,0,6,6,2,0,0,1,3
2020-21,2021-04-10,0022000801,SAC,Maurice Harkless,203090,1872,1,,11,4,8,3,6,0,0,0,8,8,0,2,2,2,4
2020-21,2021-04-10,0022000801,SAC,Richaun Holmes,1626158,2019,1,,25,10,13,0,1,5,7,1,9,10,1,1,1,2,3
2020-21,2021-04-10,0022000801,SAC,Tyrese Haliburton,1630169,1984,0,,13,5,13,2,4,1,1,0,1,1,3,0,1,2,2
2020-21,2021-04-10,0022000802,HOU,Kelly Olynyk,203482,1940,1,,18,7,13,2,5,2,4,5,6,11,3,0,0,1,4
2020-21,2021-04-10,0022000803,WAS,Alex Len,203458,734,1,,6,2,2,0,0,2,4,1,2,3,1,0,0,2,0
2020-21,2021-04-10,0022000804,DET,Cory Joseph,202709,1829,1,,4,2,7,0,0,0,1,0,3,3,8,0,1,0,5
2020-21,2021-04-10,0022000804,DET,Hamidou Diallo,1628977,1025,0,,8,3,7,0,1,2,2,0,4,4,0,0,0,2,0
2020-21,2021-04-10,0022000804,DET,Isaiah Stewart,1630191,1245,0,,4,1,5,0,1,2,4,1,1,2,0,0,1,0,2
2020-21,2021-04-10,0022000804,DET,Josh Jackson,1628367,1794,1,,21,7,12,5,6,2,4,1,2,3,2,0,0,1,3
2020-21,2021-04-10,0022000804,DET,Mason Plumlee,203486,1077,1,,8,4,8,0,0,0,0,2,4,6,3,2,1,0,1
2020-21,2021-04-11,0022000807,NOP,Kira Lewis Jr.,1630184,1100,0,,6,2,7,0,3,2,2,0,1,1,1,2,0,0,1
2020-21,2021-04-11,0022000812,CHI,Patrick Williams,1630172,1580,1,,0,0,3,0,1,0,0,0,1,1,0,2,1,2,2
2020-21,2021-04-11,0022000813,DET,Cory Joseph,202709,1897,1,,18,8,14,1,3,1,1,1,4,5,13,2,0,1,3
2020-21,2021-04-11,0022000813,DET,Hamidou Diallo,1628977,1120,0,,1,0,5,0,1,1,2,1,1,2,0,1,0,0,4
2020-21,2021-04-11,0022000813,DET,Isaiah Stewart,1630191,1249,0,,7,3,3,1,1,0,0,2,4,6,2,0,0,1,2
2020-21,2021-04-11,0022000813,DET,Josh Jackson,1628367,1743,1,,26,10,18,2,6,4,5,1,3,4,3,0,2,0,5
2020-21,2021-04-11,0022000813,DET,Mason Plumlee,203486,1631,1,,12,6,10,0,0,0,0,3,2,5,3,0,0,2,2
2020-21,2021-04-12,0022000278,CHI,Patrick Williams,1630172,1638,1,,2,1,3,0,1,0,0,2,1,3,1,2,0,2,0
2020-21,2021-04-12,0022000819,NOP,Kira Lewis Jr.,1630184,923,0,,11,5,9,1,2,0,0,1,0,1,3,1,0,2,5
2020-21,2021-04-12,0022000819,SAC,De'Aaron Fox,1628368,2329,1,,43,15,30,5,13,8,15,0,6,6,6,1,0,4,3
2020-21,2021-04-12,0022000819,SAC,Harrison Barnes,203084,2563,1,,16,5,14,3,6,3,3,2,9,11,1,3,1,1,2
2020-21,2021-04-12,0022000819,SAC,Maurice Harkless,203090,2069,1,,15,5,11,0,5,5,7,0,3,3,5,2,0,0,4
2020-21,2021-04-12,0022000819,SAC,Richaun Holmes,1626158,985,1,,0,0,2,0,0,0,0,0,4,4,1,0,0,0,2
2020-21,2021-04-12,0022000819,SAC,Tyrese Haliburton,1630169,1839,1,,12,5,10,1,5,1,2,0,1,1,6,1,0,0,6
2020-21,2021-04-12,0022000820,WAS,Alex Len,203458,930,1,,3,1,5,1,1,0,0,1,4,5,2,0,0,0,1
2020-21,2021-04-12,0022000822,HOU,Kelly Olynyk,203482,1789,1,,16,6,10,1,5,3,5,3,5,8,1,1,0,3,0
2020-21,2021-04-14,0022000461,HOU,Kelly Olynyk,203482,2294,1,,25,10,16,3,5,2,2,1,9,10,2,3,1,3,4
2020-21,2021-04-14,0022000832,DET,Cory Joseph,202709,1375,1,,3,1,7,0,2,1,1,0,2,2,3,1,0,1,0
2020-21,2021-04-14,0022000832,DET,Hamidou Diallo,1628977,1075,0,,3,1,4,0,0,1,2,2,2,4,0,0,2,1,2
2020-21,2021-04-14,0022000832,DET,Isaiah Stewart,1630191,1300,0,,12,6,7,0,0,0,1,3,5,8,0,1,1,1,5
2020-21,2021-04-14,0022000832,DET,Jerami Grant,203924,2138,1,,28,10,21,1,4,7,7,0,3,3,2,1,0,3,4
2020-21,2021-04-14,0022000832,DET,Josh Jackson,1628367,1236,1,,9,3,10,1,1,2,3,1,5,6,2,0,0,4,3
2020-21,2021-04-14,0022000832,DET,Mason Plumlee,203486,1255,1,,11,3,4,0,0,5,6,3,6,9,4,0,0,2,4
2020-21,2021-04-14,0022000833,CHI,Patrick Williams,1630172,1668,1,,9,3,4,1,1,2,3,0,6,6,3,3,0,0,2
2020-21,2021-04-14,0022000835,NOP,Kira Lewis Jr.,1630184,1251,0,,2,1,6,0,2,0,0,0,1,1,2,0,0,0,0
2020-21,2021-04-14,0022000839,SAC,Buddy Hield,1627741,2142,1,,19,6,13,4,9,3,3,0,3,3,2,1,2,3,3
2020-21,2021-04-14,0022000839,SAC,De'Aaron Fox,1628368,2372,1,,33,13,28,1,3,6,6,2,3,5,6,6,1,3,3
2020-21,2021-04-14,0022000839,SAC,Harrison Barnes,203084,2372,1,,18,6,12,2,5,4,5,1,6,7,2,0,0,6,2
2020-21,2021-04-14,0022000839,SAC,Maurice Harkless,203090,1187,1,,2,1,2,0,1,0,0,0,0,0,2,0,1,1,3
2020-21,2021-04-14,0022000839,SAC,Tyrese Haliburton,1630169,1731,0,,8,3,13,2,6,0,0,0,2,2,6,6,0,0,1
2020-21,2021-04-14,0022000839,WAS,Alex Len,203458,1022,1,,8,3,6,0,1,2,4,2,8,10,1,0,0,4,3
2020-21,2021-04-15,0022000843,SAC,Buddy Hield,1627741,2003,1,,24,8,13,5,10,3,5,0,4,4,2,1,0,2,2
2020-21,2021-04-15,0022000843,SAC,De'Aaron Fox,1628368,2426,1,,27,11,21,0,4,5,7,1,2,3,8,1,0,4,1
2020-21,2021-04-15,0022000843,SAC,Harrison Barnes,203084,2398,1,,14,5,9,3,6,1,1,0,2,2,3,1,0,1,0
2020-21,2021-04-15,0022000843,SAC,Maurice Harkless,203090,1616,1,,3,1,3,1,3,0,0,0,3,3,2,1,2,0,3
2020-21,2021-04-15,0022000843,SAC,Tyrese Haliburton,1630169,1436,0,,12,5,7,2,3,0,0,0,1,1,1,2,0,3,4
2020-21,2021-04-16,0022000845,DET,Hamidou Diallo,1628977,0,0,DNP - Injury/Illness,0,0,0,0,0,0,0,0,0,0,0,0,0,0,0
2020-21,2021-04-16,0022000845,DET,Isaiah Stewart,1630191,1903,1,,15,7,12,0,1,1,2,9,12,21,3,0,2,1,4
2020-21,2021-04-16,0022000845,DET,Josh Jackson,1628367,1639,1,,29,9,16,2,4,9,10,0,7,7,0,2,1,4,5
2020-21,2021-04-16,0022000847,NOP,Kira Lewis Jr.,1630184,1167,0,,4,1,6,1,3,1,1,0,0,0,2,1,0,0,2
2020-21,2021-04-16,0022000847,WAS,Alex Len,203458,938,1,,8,4,5,0,0,0,0,1,4,5,0,0,2,0,0
2020-21,2021-04-16,0022000850,CHI,Patrick Williams,1630172,1791,1,,6,3,8,0,1,0,0,0,6,6,1,1,0,0,1
2020-21,2021-04-16,0022000851,HOU,Kelly Olynyk,203482,1625,1,,23,10,14,3,4,0,0,2,4,6,2,0,1,0,3
2020-21,2021-04-17,0022000856,DET,Cory Joseph,202709,1972,1,,8,3,9,1,3,1,2,1,2,3,3,3,0,1,2
2020-21,2021-04-17,0022000856,DET,Hamidou Diallo,1628977,0,0,DNP - Coach's Decision,0,0,0,0,0,0,0,0,0,0,0,0,0,0,0
2020-21,2021-04-17,0022000856,DET,Isaiah Stewart,1630191,1460,0,,19,7,11,1,1,4,6,3,9,12,1,0,2,1,2
2020-21,2021-04-17,0022000856,DET,Jerami Grant,203924,1776,1,,14,4,14,0,3,6,6,0,1,1,4,1,2,4,2
2020-21,2021-04-17,0022000856,DET,Josh Jackson,1628367,1743,1,,17,6,13,2,5,3,4,0,2,2,2,0,1,5,3
2020-21,2021-04-17,0022000856,DET,Mason Plumlee,203486,983,1,,2,1,4,0,0,0,2,2,5,7,2,0,1,1,2
2020-21,2021-04-17,0022000856,WAS,Alex Len,203458,400,1,,8,4,4,0,0,0,0,0,0,0,0,0,0,3,1
2020-21,2021-04-17,0022000857,CHI,Patrick Williams,1630172,1637,1,,12,5,6,1,1,1,1,0,4,4,3,1,1,0,1
2020-21,2021-04-18,0022000862,NOP,Kira Lewis Jr.,1630184,739,0,,3,1,4,1,2,0,0,0,0,0,2,0,0,1,0
2020-21,2021-04-18,0022000864,HOU,Kelly Olynyk,203482,2338,1,,24,9,14,2,4,4,5,1,6,7,4,1,0,6,2
2020-21,2021-04-18,0022000866,SAC,Buddy Hield,1627741,1361,1,,2,1,5,0,4,0,0,0,3,3,1,2,1,0,0
2020-21,2021-04-18,0022000866,SAC,De'Aaron Fox,1628368,2207,1,,30,12,21,0,2,6,7,0,4,4,12,2,0,0,2
2020-21,2021-04-18,0022000866,SAC,Harrison Barnes,203084,2177,1,,24,9,14,5,8,1,1,0,5,5,1,1,0,1,3
2020-21,2021-04-18,0022000866,SAC,Maurice Harkless,203090,2041,1,,8,2,8,0,1,4,4,4,2,6,0,2,2,2,3
2020-21,2021-04-18,0022000866,SAC,Tyrese Haliburton,1630169,951,0,,3,0,2,0,0,3,4,0,1,1,2,0,0,0,2
2020-21,2021-04-19,0022000868,DET,Hamidou Diallo,1628977,1205,0,,5,2,8,1,2,0,0,1,1,2,0,0,0,1,2
2020-21,2021-04-19,0022000868,DET,Isaiah Stewart,1630191,1890,1,,18,8,12,0,0,2,2,6,10,16,0,3,3,2,4
2020-21,2021-04-19,0022000868,DET,Josh Jackson,1628367,1808,1,,16,5,16,0,5,6,7,1,4,5,4,1,1,2,1
2020-21,2021-04-19,0022000869,CHI,Patrick Williams,1630172,1966,1,,6,3,6,0,2,0,0,0,6,6,3,1,2,2,0
2020-21,2021-04-19,0022000871,HOU,Kelly Olynyk,203482,1933,1,,10,3,8,0,2,4,4,0,8,8,0,1,0,4,2
2020-21,2021-04-19,0022000872,WAS,Alex Len,203458,955,1,,9,3,3,0,0,3,4,1,3,4,1,0,0,0,3
2020-21,2021-04-20,0022000878,NOP,Kira Lewis Jr.,1630184,1127,0,,11,4,8,3,6,0,0,0,1,1,4,0,0,1,1
2020-21,2021-04-20,0022000880,SAC,Buddy Hield,1627741,1773,1,,11,3,11,3,11,2,2,0,4,4,2,1,1,2,2
2020-21,2021-04-20,0022000880,SAC,De'Aaron Fox,1628368,1658,1,,14,5,17,2,4,2,3,2,2,4,6,2,0,3,2
2020-21,2021-04-20,0022000880,SAC,Harrison Barnes,203084,2333,1,,20,6,11,2,4,6,6,1,7,8,5,0,0,1,0
2020-21,2021-04-20,0022000880,SAC,Maurice Harkless,203090,1755,1,,20,7,12,3,4,3,4,3,4,7,0,2,0,0,2
2020-21,2021-04-20,0022000880,SAC,Tyrese Haliburton,1630169,1536,0,,7,2,10,2,6,1,1,1,0,1,9,1,0,1,0
2020-21,2021-04-21,0022000442,DET,Cory Joseph,202709,2160,1,,24,9,15,3,5,3,4,1,4,5,5,0,1,3,2
2020-21,2021-04-21,0022000442,DET,Hamidou Diallo,1628977,1040,0,,2,0,6,0,2,2,4,1,2,3,2,0,0,1,2
2020-21,2021-04-21,0022000442,DET,Isaiah Stewart,1630191,955,0,,7,3,6,0,0,1,2,1,5,6,2,1,0,1,3
2020-21,2021-04-21,0022000442,DET,Jerami Grant,203924,1608,1,,26,9,16,3,6,5,8,0,2,2,2,0,0,1,4
2020-21,2021-04-21,0022000442,DET,Josh Jackson,1628367,1840,1,,12,5,10,1,4,1,1,0,1,1,5,1,1,2,1
2020-21,2021-04-21,0022000442,DET,Mason Plumlee,203486,1925,1,,13,4,4,0,0,5,5,2,14,16,7,0,0,2,6
2020-21,2021-04-21,0022000881,CHI,Patrick Williams,1630172,1147,1,,9,3,4,2,2,1,2,0,7,7,2,1,0,3,1
2020-21,2021-04-21,0022000885,WAS,Alex Len,203458,789,1,,3,1,2,0,0,1,2,2,1,3,0,0,1,3,3
2020-21,2021-04-21,0022000887,HOU,Kelly Olynyk,203482,1435,1,,10,4,7,2,4,0,1,2,5,7,0,0,0,2,4
2020-21,2021-04-21,0022000891,SAC,Buddy Hield,1627741,2288,1,,29,11,16,7,11,0,0,1,5,6,5,0,1,1,3
2020-21,2021-04-21,0022000891,SAC,De'Aaron Fox,1628368,2341,1,,30,8,20,1,6,13,14,0,5,5,7,2,1,2,4
2020-21,2021-04-21,0022000891,SAC,Harrison Barnes,203084,2304,1,,22,7,14,4,9,4,6,1,5,6,7,0,0,4,1
2020-21,2021-04-21,0022000891,SAC,Maurice Harkless,203090,1536,1,,7,3,4,1,1,0,0,0,0,0,1,2,0,1,3
2020-21,2021-04-21,0022000891,SAC,Tyrese Haliburton,1630169,1766,0,,16,6,9,4,6,0,0,0,3,3,6,1,0,2,1
2020-21,2021-04-22,0022000893,NOP,Kira Lewis Jr.,1630184,1403,0,,6,2,11,0,4,2,2,1,1,2,3,0,0,1,1
2020-21,2021-04-22,0022000895,DET,Hamidou Diallo,1628977,1077,0,,5,2,6,0,0,1,4,0,3,3,1,0,0,0,4
2020-21,2021-04-22,0022000895,DET,Isaiah Stewart,1630191,1682,1,,8,3,6,0,0,2,2,5,8,13,0,0,2,3,3
2020-21,2021-04-22,0022000895,DET,Josh Jackson,1628367,1865,1,,29,11,20,2,7,5,9,2,2,4,2,0,1,2,2
2020-21,2021-04-22,0022000896,CHI,Patrick Williams,1630172,1392,1,,7,3,6,0,2,1,2,1,2,3,3,1,0,1,1
2020-21,2021-04-23,0022000901,HOU,Kelly Olynyk,203482,2051,1,,23,8,13,2,6,5,5,1,9,10,2,4,0,4,2
2020-21,2021-04-23,0022000902,WAS,Alex Len,203458,820,1,,6,2,3,0,0,2,2,0,2,2,0,0,1,2,2
2020-21,2021-04-24,0022000264,NOP,Kira Lewis Jr.,1630184,996,0,,5,2,6,1,2,0,0,0,1,1,2,2,1,1,1
2020-21,2021-04-24,0022000906,DET,Cory Joseph,202709,1782,1,,12,5,9,2,3,0,0,0,2,2,4,1,0,1,2
2020-21,2021-04-24,0022000906,DET,Hamidou Diallo,1628977,1235,0,,4,1,5,0,0,2,2,2,9,11,1,0,1,3,3
2020-21,2021-04-24,0022000906,DET,Isaiah Stewart,1630191,1144,0,,13,5,9,1,3,2,2,3,2,5,0,0,2,0,4
2020-21,2021-04-24,0022000906,DET,Jerami Grant,203924,2060,1,,25,9,24,2,8,5,7,1,4,5,4,0,0,2,3
2020-21,2021-04-24,0022000906,DET,Josh Jackson,1628367,1638,1,,12,4,14,0,5,4,4,1,1,2,4,0,1,3,6
2020-21,2021-04-24,0022000906,DET,Mason Plumlee,203486,1736,1,,17,7,9,0,0,3,4,3,18,21,5,0,2,2,3
2020-21,2021-04-24,0022000907,CHI,Patrick Williams,1630172,1291,1,,4,2,6,0,1,0,0,1,3,4,1,0,0,3,1
2020-21,2021-04-24,0022000910,HOU,Kelly Olynyk,203482,2070,1,,21,4,11,2,6,11,11,1,7,8,11,0,0,2,1
2020-21,2021-04-25,0022000197,WAS,Alex Len,203458,620,1,,2,1,1,0,0,0,0,0,2,2,1,0,0,1,2
2020-21,2021-04-25,0022000915,SAC,Buddy Hield,1627741,2195,1,,25,9,13,6,8,1,1,1,5,6,3,1,0,1,5
2020-21,2021-04-25,0022000915,SAC,Harrison Barnes,203084,2418,1,,23,8,16,5,9,2,2,0,7,7,2,0,1,3,1
2020-21,2021-04-25,0022000915,SAC,Maurice Harkless,203090,1860,1,,7,3,8,0,4,1,1,0,2,2,1,1,0,1,3
2020-21,2021-04-25,0022000915,SAC,Richaun Holmes,1626158,1334,1,,11,4,6,0,0,3,6,2,3,5,0,0,1,0,0
2020-21,2021-04-25,0022000915,SAC,Tyrese Haliburton,1630169,2249,1,,24,10,20,2,7,2,2,1,2,3,8,1,0,1,1
2020-21,2021-04-26,0022000916,DET,Cory Joseph,202709,1327,1,,15,6,9,1,3,2,2,0,1,1,4,1,1,1,2
2020-21,2021-04-26,0022000916,DET,Hamidou Diallo,1628977,1289,0,,14,6,11,1,2,1,2,2,1,3,1,2,0,2,4
2020-21,2021-04-26,0022000916,DET,Isaiah Stewart,1630191,1625,0,,4,2,6,0,0,0,0,3,8,11,1,1,4,2,5
2020-21,2021-04-26,0022000916,DET,Jerami Grant,203924,1656,1,,18,6,15,1,3,5,7,0,4,4,1,0,1,0,0
2020-21,2021-04-26,0022000916,DET,Mason Plumlee,203486,1255,1,,10,5,6,0,0,0,1,1,6,7,3,0,1,3,0
2020-21,2021-04-26,0022000919,WAS,Alex Len,203458,1401,1,,17,8,9,1,1,0,1,6,4,10,1,0,1,0,4
2020-21,2021-04-26,0022000922,CHI,Patrick Williams,1630172,1342,1,,8,2,7,0,1,4,5,0,2,2,2,0,1,3,1
2020-21,2021-04-26,0022000924,NOP,Kira Lewis Jr.,1630184,1344,0,,6,2,5,2,3,0,0,0,3,3,3,1,1,2,4
2020-21,2021-04-26,0022000926,SAC,Buddy Hield,1627741,1837,1,,16,5,12,4,7,2,2,0,5,5,5,1,0,2,2
2020-21,2021-04-26,0022000926,SAC,Harrison Barnes,203084,1424,1,,19,7,10,3,4,2,2,1,5,6,2,0,0,1,0
2020-21,2021-04-26,0022000926,SAC,Maurice Harkless,203090,2104,1,,6,1,2,0,1,4,4,0,4,4,1,2,0,1,3
2020-21,2021-04-26,0022000926,SAC,Richaun Holmes,1626158,1528,1,,24,9,12,0,0,6,6,2,4,6,0,0,3,2,3
2020-21,2021-04-26,0022000926,SAC,Tyrese Haliburton,1630169,2173,1,,14,6,16,2,9,0,0,0,5,5,10,3,0,4,0
2020-21,2021-04-27,0022000931,HOU,Kelly Olynyk,203482,1967,1,,28,12,17,0,4,4,5,0,9,9,5,2,0,3,5
2020-21,2021-04-28,0022000935,WAS,Alex Len,203458,1476,1,,18,7,13,0,1,4,7,5,4,9,1,0,2,0,2
2020-21,2021-04-28,0022000937,CHI,Patrick Williams,1630172,1371,1,,7,3,6,1,2,0,0,0,1,1,2,0,0,0,0
2020-21,2021-04-28,0022000940,NOP,Kira Lewis Jr.,1630184,1021,0,,3,1,4,1,2,0,0,0,1,1,1,0,1,1,2
2020-21,2021-04-28,0022000942,SAC,Buddy Hield,1627741,1838,1,,18,6,12,3,6,3,3,0,5,5,7,2,3,2,2
2020-21,2021-04-28,0022000942,SAC,Maurice Harkless,203090,1423,1,,0,0,4,0,1,0,0,0,3,3,2,0,2,0,3
2020-21,2021-04-28,0022000942,SAC,Richaun Holmes,1626158,1370,1,,18,9,15,0,0,0,0,1,1,2,0,0,0,1,3
2020-21,2021-04-28,0022000942,SAC,Tyrese Haliburton,1630169,1801,1,,13,6,14,1,3,0,0,0,0,0,8,1,0,3,0
2020-21,2021-04-29,0022000943,DET,Hamidou Diallo,1628977,1704,0,,10,3,6,0,2,4,7,0,10,10,1,1,1,2,2
2020-21,2021-04-29,0022000943,DET,Isaiah Stewart,1630191,1755,1,,20,9,14,2,5,0,0,3,7,10,0,1,3,0,4
2020-21,2021-04-29,0022000943,DET,Josh Jackson,1628367,1176,1,,13,3,5,2,2,5,6,0,2,2,4,1,0,5,2
2020-21,2021-04-29,0022000945,HOU,Kelly Olynyk,203482,2322,1,,24,9,17,3,5,3,3,6,7,13,4,2,1,4,4
2020-21,2021-04-29,0022000947,NOP,Kira Lewis Jr.,1630184,1098,0,,4,2,6,0,2,0,0,0,0,0,2,1,0,1,1
2020-21,2021-04-30,0022000951,WAS,Alex Len,203458,806,1,,4,2,5,0,0,0,0,3,2,5,0,1,1,0,0
2020-21,2021-04-30,0022000954,CHI,Patrick Williams,1630172,2106,1,,5,2,6,0,1,1,4,1,4,5,0,1,1,1,1
2020-21,2021-04-30,0022000956,SAC,Buddy Hield,1627741,1943,1,,2,1,11,0,5,0,0,2,4,6,7,2,0,1,1
2020-21,2021-04-30,0022000956,SAC,Marvin Bagley III,1628963,1244,0,,11,4,9,1,1,2,2,1,3,4,1,2,0,3,2
2020-21,2021-04-30,0022000956,SAC,Maurice Harkless,203090,1779,1,,6,2,6,0,3,2,2,0,2,2,0,0,0,2,2
2020-21,2021-04-30,0022000956,SAC,Richaun Holmes,1626158,1834,1,,22,9,14,0,1,4,5,2,7,9,3,0,1,2,4
2020-21,2021-04-30,0022000956,SAC,Tyrese Haliburton,1630169,2315,1,,23,8,14,4,8,3,3,1,3,4,10,2,1,4,0
2020-21,2021-05-01,0022000957,DET,Cory Joseph,202709,0,0,DNP - Injury/Illness,0,0,0,0,0,0,0,0,0,0,0,0,0,0,0
2020-21,2021-05-01,0022000957,DET,Hamidou Diallo,1628977,0,0,DNP - Injury/Illness,0,0,0,0,0,0,0,0,0,0,0,0,0,0,0
2020-21,2021-05-01,0022000957,DET,Isaiah Stewart,1630191,1601,1,,9,3,6,0,1,3,3,0,2,2,0,1,3,2,4
2020-21,2021-05-01,0022000957,DET,Josh Jackson,1628367,2092,1,,5,2,10,0,5,1,4,1,4,5,3,0,1,2,4
2020-21,2021-05-01,0022000958,HOU,Kelly Olynyk,203482,1615,1,,8,3,9,0,3,2,4,3,6,9,3,3,0,3,5
2020-21,2021-05-01,0022000959,CHI,Patrick Williams,1630172,1983,1,,19,7,13,2,2,3,4,0,2,2,1,1,0,0,1
2020-21,2021-05-01,0022000962,NOP,Kira Lewis Jr.,1630184,998,0,,4,1,3,0,2,2,2,0,2,2,4,0,0,0,3
2020-21,2021-05-01,0022000964,WAS,Alex Len,203458,287,1,,0,0,2,0,0,0,0,0,1,1,1,0,0,0,1
2020-21,2021-05-02,0022000970,SAC,Buddy Hield,1627741,2526,1,,27,9,19,6,10,3,4,0,6,6,3,0,1,4,4
2020-21,2021-05-02,0022000970,SAC,Marvin Bagley III,1628963,2043,1,,23,10,16,1,3,2,3,4,5,9,3,1,0,2,0
2020-21,2021-05-02,0022000970,SAC,Maurice Harkless,203090,1029,1,,0,0,2,0,1,0,0,0,1,1,0,2,0,2,5
2020-21,2021-05-02,0022000970,SAC,Richaun Holmes,1626158,1481,1,,17,7,10,0,0,3,4,2,5,7,2,0,0,2,4
2020-21,2021-05-02,0022000970,SAC,Tyrese Haliburton,1630169,1381,1,,11,4,8,2,4,1,1,0,2,2,5,1,0,2,0
2020-21,2021-05-02,0022000971,HOU,Kelly Olynyk,203482,2157,1,,17,5,10,1,4,6,7,1,9,10,7,3,1,3,2
2020-21,2021-05-03,0022000975,DET,Cory Joseph,202709,0,0,DND - Injury/Illness,0,0,0,0,0,0,0,0,0,0,0,0,0,0,0
2020-21,2021-05-03,0022000975,DET,Hamidou Diallo,1628977,1564,1,,16,5,10,2,4,4,5,2,5,7,1,0,0,1,0
2020-21,2021-05-03,0022000975,DET,Isaiah Stewart,1630191,1893,1,,10,4,10,0,4,2,2,3,5,8,1,1,3,1,4
2020-21,2021-05-03,0022000975,DET,Josh Jackson,1628367,1316,0,,6,2,10,0,2,2,2,2,2,4,2,1,1,0,2
2020-21,2021-05-03,0022000976,WAS,Alex Len,203458,1023,1,,12,4,4,0,0,4,5,0,2,2,0,1,0,0,3
2020-21,2021-05-03,0022000977,NOP,Kira Lewis Jr.,1630184,425,0,,0,0,1,0,0,0,0,0,0,0,0,0,0,0,0
2020-21,2021-05-03,0022000979,CHI,Patrick Williams,1630172,1660,1,,5,2,8,0,1,1,2,2,5,7,4,2,0,1,3
2020-21,2021-05-04,0022000984,DET,Cory Joseph,202709,0,0,DNP - Injury/Illness,0,0,0,0,0,0,0,0,0,0,0,0,0,0,0
2020-21,2021-05-04,0022000984,DET,Hamidou Diallo,1628977,2409,1,,35,14,22,4,6,3,6,1,6,7,0,0,1,1,4
2020-21,2021-05-04,0022000984,DET,Isaiah Stewart,1630191,1581,1,,3,1,5,0,2,1,2,2,5,7,0,0,1,1,3
2020-21,2021-05-04,0022000987,NOP,Kira Lewis Jr.,1630184,400,0,,0,0,5,0,1,0,0,0,0,0,0,0,0,0,1
2020-21,2021-05-04,0022000988,SAC,Buddy Hield,1627741,2252,1,,18,5,16,5,13,3,3,0,11,11,4,1,1,1,2
2020-21,2021-05-04,0022000988,SAC,Marvin Bagley III,1628963,1853,1,,13,5,15,1,5,2,2,4,3,7,1,0,1,2,5
2020-21,2021-05-04,0022000988,SAC,Maurice Harkless,203090,1439,1,,11,5,9,0,4,1,2,1,3,4,1,0,2,0,2
2020-21,2021-05-04,0022000988,SAC,Richaun Holmes,1626158,1853,1,,13,6,12,0,0,1,2,3,4,7,3,0,1,3,2
2020-21,2021-05-05,0022000235,WAS,Alex Len,203458,992,1,,2,1,4,0,0,0,0,1,3,4,0,0,0,0,1
2020-21,2021-05-05,0022000993,SAC,Buddy Hield,1627741,2399,1,,16,6,16,4,11,0,0,0,8,8,8,2,0,3,2
2020-21,2021-05-05,0022000993,SAC,Marvin Bagley III,1628963,2097,1,,31,13,22,0,1,5,8,3,9,12,0,0,0,1,1
2020-21,2021-05-05,0022000993,SAC,Maurice Harkless,203090,2130,1,,8,4,8,0,2,0,0,1,4,5,2,3,0,1,2
2020-21,2021-05-05,0022000993,SAC,Richaun Holmes,1626158,1876,1,,12,6,11,0,0,0,0,1,2,3,2,2,2,2,5
2020-21,2021-05-05,0022000994,HOU,Kelly Olynyk,203482,2369,1,,27,9,16,3,6,6,8,5,6,11,8,1,3,1,4
2020-21,2021-05-06,0022000434,CHI,Patrick Williams,1630172,1565,1,,11,4,5,0,0,3,5,1,8,9,2,0,1,2,1
2020-21,2021-05-06,0022000997,WAS,Alex Len,203458,827,1,,10,4,4,0,0,2,2,2,2,4,1,0,0,0,2
2020-21,2021-05-06,0022000999,DET,Cory Joseph,202709,2090,1,,18,8,16,0,2,2,2,1,3,4,11,2,1,1,3
2020-21,2021-05-06,0022000999,DET,Isaiah Stewart,1630191,1851,1,,15,6,14,0,5,3,3,1,6,7,1,1,3,1,4
2020-21,2021-05-06,0022000999,DET,Jerami Grant,203924,0,0,DNP - Injury/Illness,0,0,0,0,0,0,0,0,0,0,0,0,0,0,0
2020-21,2021-05-07,0022000160,CHI,Patrick Williams,1630172,1605,1,,7,3,7,1,3,0,0,1,3,4,2,2,0,1,2
2020-21,2021-05-07,0022001003,NOP,Kira Lewis Jr.,1630184,1289,0,,13,5,11,1,4,2,2,2,2,4,4,2,0,0,4
2020-21,2021-05-07,0022001006,HOU,Kelly Olynyk,203482,1888,1,,23,7,15,1,4,8,11,2,10,12,7,2,1,4,1
2020-21,2021-05-07,0022001011,SAC,Buddy Hield,1627741,2334,1,,17,5,14,5,12,2,2,0,5,5,6,2,0,6,2
2020-21,2021-05-07,0022001011,SAC,Marvin Bagley III,1628963,1133,1,,4,1,5,0,1,2,6,0,2,2,1,0,0,0,2
2020-21,2021-05-07,0022001011,SAC,Maurice Harkless,203090,2339,1,,12,5,9,2,5,0,0,0,5,5,4,2,0,0,0
2020-21,2021-05-07,0022001011,SAC,Richaun Holmes,1626158,1962,1,,15,7,12,0,0,1,1,1,4,5,5,1,2,1,6
2020-21,2021-05-08,0022001012,WAS,Alex Len,203458,1194,1,,8,3,7,0,0,2,2,4,6,10,1,0,3,2,4
2020-21,2021-05-08,0022001013,DET,Cory Joseph,202709,1191,1,,5,2,4,0,1,1,1,0,3,3,3,0,0,4,3
2020-21,2021-05-08,0022001013,DET,Isaiah Stewart,1630191,1210,0,,9,2,6,2,4,3,4,1,5,6,0,1,2,1,4
2020-21,2021-05-08,0022001013,DET,Jerami Grant,203924,1440,1,,14,5,10,0,4,4,6,0,4,4,1,0,2,3,1
2020-21,2021-05-08,0022001013,DET,Mason Plumlee,203486,1474,1,,12,6,9,0,0,0,0,3,3,6,5,1,2,1,4
2020-21,2021-05-08,0022001016,HOU,Kelly Olynyk,203482,0,0,DND - Injury/Illness,0,0,0,0,0,0,0,0,0,0,0,0,0,0,0
2020-21,2021-05-09,0022001020,NOP,Kira Lewis Jr.,1630184,898,0,,2,1,3,0,1,0,0,0,0,0,2,0,0,1,3
2020-21,2021-05-09,0022001023,CHI,Patrick Williams,1630172,1380,1,,4,2,4,0,1,0,0,1,1,2,1,2,0,1,1
2020-21,2021-05-09,0022001023,DET,Cory Joseph,202709,0,0,DNP - Injury/Illness,0,0,0,0,0,0,0,0,0,0,0,0,0,0,0
2020-21,2021-05-09,0022001023,DET,Isaiah Stewart,1630191,1949,1,,19,7,13,3,7,2,4,1,6,7,3,0,2,0,1
2020-21,2021-05-09,0022001023,DET,Jerami Grant,203924,0,0,DNP - Injury/Illness,0,0,0,0,0,0,0,0,0,0,0,0,0,0,0
2020-21,2021-05-09,0022001025,SAC,Buddy Hield,1627741,1733,1,,14,5,11,4,10,0,0,1,4,5,7,1,2,1,0
2020-21,2021-05-09,0022001025,SAC,Marvin Bagley III,1628963,1275,1,,13,5,7,0,1,3,4,3,6,9,2,0,1,2,0
2020-21,2021-05-09,0022001025,SAC,Maurice Harkless,203090,1545,1,,18,5,12,3,6,5,6,1,4,5,3,1,0,0,5
2020-21,2021-05-09,0022001025,SAC,Richaun Holmes,1626158,1496,1,,15,7,9,0,0,1,1,1,3,4,0,1,1,1,1
2020-21,2021-05-10,0022001026,WAS,Alex Len,203458,723,1,,2,1,3,0,0,0,0,0,3,3,0,1,2,0,1
2020-21,2021-05-10,0022001028,NOP,Kira Lewis Jr.,1630184,1130,0,,8,3,7,0,2,2,2,0,0,0,2,2,0,0,1
2020-21,2021-05-10,0022001031,HOU,Kelly Olynyk,203482,1727,1,,21,5,12,1,2,10,10,0,8,8,6,2,0,3,5
2020-21,2021-05-11,0022001033,DET,Cory Joseph,202709,0,0,DNP - Injury/Illness,0,0,0,0,0,0,0,0,0,0,0,0,0,0,0
2020-21,2021-05-11,0022001033,DET,Isaiah Stewart,1630191,1955,1,,11,5,12,1,4,0,0,2,6,8,2,2,0,2,3
2020-21,2021-05-11,0022001033,DET,Jerami Grant,203924,0,0,DNP - Injury/Illness,0,0,0,0,0,0,0,0,0,0,0,0,0,0,0
2020-21,2021-05-11,0022001033,DET,Josh Jackson,1628367,1446,1,,11,3,6,3,4,2,2,0,4,4,2,1,1,9,4
2020-21,2021-05-11,0022001036,CHI,Patrick Williams,1630172,1369,1,,5,2,2,1,1,0,0,0,1,1,0,0,2,2,2
2020-21,2021-05-11,0022001040,SAC,Buddy Hield,1627741,1836,1,,21,8,15,5,11,0,0,0,3,3,6,1,0,4,4
2020-21,2021-05-11,0022001040,SAC,Maurice Harkless,203090,2023,1,,15,5,12,2,7,3,5,0,4,4,3,1,3,2,6
2020-21,2021-05-11,0022001040,SAC,Richaun Holmes,1626158,1588,1,,13,4,6,0,0,5,6,0,7,7,1,1,0,0,3
2020-21,2021-05-12,0022000154,NOP,Kira Lewis Jr.,1630184,1319,0,,13,3,10,2,4,5,6,1,3,4,2,0,0,1,1
2020-21,2021-05-12,0022001042,WAS,Alex Len,203458,1436,1,,6,2,6,0,0,2,2,3,7,10,2,2,1,0,2
2020-21,2021-05-12,0022001046,HOU,Kelly Olynyk,203482,1516,1,,24,6,11,4,6,8,10,1,5,6,8,2,0,5,5
2020-21,2021-05-13,0022000255,SAC,Buddy Hield,1627741,2079,1,,16,6,17,4,10,0,0,1,3,4,6,1,0,2,2
2020-21,2021-05-13,0022000255,SAC,Maurice Harkless,203090,1741,1,,3,1,6,0,3,1,2,0,3,3,2,2,1,1,3
2020-21,2021-05-13,0022000255,SAC,Richaun Holmes,1626158,641,1,,3,1,5,0,0,1,1,1,1,2,2,0,3,0,0
2020-21,2021-05-13,0022001051,CHI,Patrick Williams,1630172,1099,1,,9,3,8,1,3,2,4,2,3,5,1,0,1,2,0
2020-21,2021-05-14,0022000204,WAS,Alex Len,203458,663,1,,4,2,3,0,0,0,0,2,3,5,0,1,1,0,1
2020-21,2021-05-14,0022000263,SAC,Buddy Hield,1627741,1724,1,,11,4,9,3,8,0,0,1,1,2,5,0,0,2,2
2020-21,2021-05-14,0022000263,SAC,Maurice Harkless,203090,488,1,,0,0,1,0,0,0,0,0,1,1,2,0,0,0,1
2020-21,2021-05-14,0022001054,DET,Cory Joseph,202709,0,0,DNP - Injury/Illness,0,0,0,0,0,0,0,0,0,0,0,0,0,0,0
2020-21,2021-05-14,0022001054,DET,Hamidou Diallo,1628977,2104,1,,18,8,18,0,5,2,3,0,12,12,3,1,2,0,3
2020-21,2021-05-14,0022001054,DET,Jerami Grant,203924,0,0,DNP - Injury/Illness,0,0,0,0,0,0,0,0,0,0,0,0,0,0,0
2020-21,2021-05-14,0022001054,DET,Josh Jackson,1628367,1985,1,,11,3,13,0,7,5,6,2,8,10,7,1,3,0,3
2020-21,2021-05-14,0022001058,HOU,Kelly Olynyk,203482,1879,1,,20,6,14,1,4,7,10,1,8,9,11,3,0,3,5
2020-21,2021-05-14,0022001059,NOP,Kira Lewis Jr.,1630184,1724,0,,7,2,9,0,1,3,3,0,5,5,2,0,0,1,6
2020-21,2021-05-15,0022001060,CHI,Patrick Williams,1630172,1972,1,,24,9,14,3,4,3,4,2,3,5,1,2,0,0,1
2020-21,2021-05-16,0022001066,HOU,Kelly Olynyk,203482,1439,1,,16,3,11,2,5,8,8,1,5,6,4,1,1,2,3
2020-21,2021-05-16,0022001068,CHI,Patrick Williams,1630172,1778,1,,11,4,8,0,1,3,3,3,4,7,1,1,2,3,2
2020-21,2021-05-16,0022001069,DET,Cory Joseph,202709,1847,1,,14,6,14,2,4,0,0,1,3,4,5,1,1,2,2
2020-21,2021-05-16,0022001069,DET,Hamidou Diallo,1628977,1828,1,,15,4,8,1,3,6,9,1,4,5,2,0,0,4,4
2020-21,2021-05-16,0022001069,DET,Isaiah Stewart,1630191,0,0,DNP - Personal,0,0,0,0,0,0,0,0,0,0,0,0,0,0,0
2020-21,2021-05-16,0022001069,DET,Jerami Grant,203924,0,0,DNP - Injury/Illness,0,0,0,0,0,0,0,0,0,0,0,0,0,0,0
2020-21,2021-05-16,0022001069,DET,Josh Jackson,1628367,1449,0,,17,6,15,2,7,3,5,1,2,3,3,1,0,2,3
2020-21,2021-05-16,0022001072,NOP,Kira Lewis Jr.,1630184,1553,0,,12,4,6,1,2,3,3,0,3,3,4,1,0,2,0
2020-21,2021-05-16,0022001077,SAC,Buddy Hield,1627741,1843,1,,13,5,12,1,7,2,3,1,6,7,9,1,0,1,0
2020-21,2021-05-16,0022001077,SAC,Maurice Harkless,203090,0,0,DNP - Coach's Decision,0,0,0,0,0,0,0,0,0,0,0,0,0,0,0
2020-21,2021-05-16,0022001080,WAS,Alex Len,203458,280,1,,0,0,0,0,0,0,0,0,1,1,0,0,0,0,1
