season,date,game_id,team,player,person_id,seconds,start,comment,pts,fgm,fga,fg3m,fg3a,ftm,fta,orb,drb,reb,ast,stl,blk,tov,pf
2020-21,2020-12-22,0022000002,LAL,Alex Caruso,1627936,1000,0,,3,1,5,1,4,0,0,0,2,2,1,0,0,3,0
2020-21,2020-12-23,0022000003,BOS,Javonte Green,1629750,0,0,DNP - Coach's Decision,0,0,0,0,0,0,0,0,0,0,0,0,0,0,0
2020-21,2020-12-23,0022000010,CHA,LaMelo Ball,1630163,948,0,,0,0,5,0,3,0,0,0,1,1,3,2,0,3,2
2020-21,2020-12-23,0022000012,ORL,Nikola Vucevic,202696,2013,1,,15,5,13,3,5,2,8,2,9,11,3,1,1,2,0
2020-21,2020-12-23,0022000013,PHI,Tony Bradley,1628396,0,0,DNP - Coach's Decision,0,0,0,0,0,0,0,0,0,0,0,0,0,0,0
2020-21,2020-12-23,0022000014,NOP,Lonzo Ball,1628366,1728,1,,16,4,9,4,8,4,6,1,4,5,2,1,2,5,3
2020-21,2020-12-23,0022000014,TOR,Stanley Johnson,1626169,76,0,,0,0,0,0,0,0,0,0,0,0,0,0,0,0,0
2020-21,2020-12-23,0022000015,CHI,Coby White,1629632,1828,1,,9,2,11,1,7,4,4,0,2,2,7,2,0,3,2
2020-21,2020-12-23,0022000015,CHI,Denzel Valentine,1627756,0,0,DNP - Coach's Decision,0,0,0,0,0,0,0,0,0,0,0,0,0,0,0
2020-21,2020-12-23,0022000015,CHI,Lauri Markkanen,1628374,1812,1,,21,6,9,4,6,5,5,1,6,7,4,2,0,2,1
2020-21,2020-12-23,0022000015,CHI,Patrick Williams,1630172,1983,1,,16,5,11,1,3,5,6,0,4,4,1,1,1,0,2
2020-21,2020-12-23,0022000015,CHI,Tomas Satoransky,203107,0,0,DNP - Coach's Decision,0,0,0,0,0,0,0,0,0,0,0,0,0,0,0
2020-21,2020-12-23,0022000015,CHI,Wendell Carter Jr.,1628976,1546,1,,6,2,5,0,2,2,2,1,5,6,2,0,0,3,3
2020-21,2020-12-23,0022000015,CHI,Zach LaVine,203897,1518,1,,22,9,19,1,8,3,3,1,1,2,1,1,0,5,5
2020-21,2020-12-23,0022000017,SAS,DeMar DeRozan,201942,2093,1,,28,7,14,0,0,14,15,2,7,9,9,1,1,1,1
2020-21,2020-12-25,0022000005,NOP,Lonzo Ball,1628366,2006,1,,6,2,8,2,8,0,0,0,2,2,6,2,1,3,4
2020-21,2020-12-25,0022000007,BOS,Javonte Green,1629750,223,0,,2,1,3,0,0,0,0,1,1,2,0,0,0,0,0
2020-21,2020-12-25,0022000008,LAL,Alex Caruso,1627936,804,0,,6,2,2,2,2,0,0,0,1,1,2,2,0,2,2
2020-21,2020-12-26,0022000022,CHA,LaMelo Ball,1630163,919,0,,13,5,10,2,4,1,2,2,3,5,1,1,0,2,1
2020-21,2020-12-26,0022000024,ORL,Nikola Vucevic,202696,1865,1,,22,8,20,2,7,4,4,3,14,17,3,2,0,3,1
2020-21,2020-12-26,0022000025,PHI,Tony Bradley,1628396,0,0,DNP - Coach's Decision,0,0,0,0,0,0,0,0,0,0,0,0,0,0,0
2020-21,2020-12-26,0022000026,CHI,Coby White,1629632,1497,1,,12,4,10,4,7,0,0,1,1,2,3,0,1,4,2
2020-21,2020-12-26,0022000026,CHI,Denzel Valentine,1627756,774,0,,11,4,6,3,4,0,0,0,1,1,0,1,1,0,0
2020-21,2020-12-26,0022000026,CHI,Lauri Markkanen,1628374,1629,1,,16,6,14,2,8,2,3,2,7,9,0,0,0,2,2
2020-21,2020-12-26,0022000026,CHI,Patrick Williams,1630172,1324,1,,9,2,6,1,1,4,4,1,1,2,1,0,1,4,0
2020-21,2020-12-26,0022000026,CHI,Tomas Satoransky,203107,1494,0,,6,2,5,0,1,2,2,2,2,4,9,2,1,3,0
2020-21,2020-12-26,0022000026,CHI,Wendell Carter Jr.,1628976,1641,1,,9,2,10,0,1,5,6,3,3,6,2,0,2,1,3
2020-21,2020-12-26,0022000026,CHI,Zach LaVine,203897,1730,1,,17,6,13,3,6,2,2,0,1,1,2,1,0,3,4
2020-21,2020-12-26,0022000027,SAS,DeMar DeRozan,201942,2186,1,,27,10,17,3,4,4,5,1,4,5,8,2,0,2,2
2020-21,2020-12-26,0022000027,TOR,Stanley Johnson,1626169,0,0,DNP - Coach's Decision,0,0,0,0,0,0,0,0,0,0,0,0,0,0,0
2020-21,2020-12-27,0022000032,CHA,LaMelo Ball,1630163,1201,0,,6,2,6,2,3,0,0,0,5,5,5,1,0,3,4
2020-21,2020-12-27,0022000033,ORL,Nikola Vucevic,202696,1683,1,,15,5,11,1,4,4,4,0,8,8,4,2,0,0,2
2020-21,2020-12-27,0022000034,SAS,DeMar DeRozan,201942,1863,1,,8,3,12,0,4,2,2,0,3,3,10,0,1,2,5
2020-21,2020-12-27,0022000034,NOP,Lonzo Ball,1628366,2245,1,,16,7,14,1,5,1,2,1,7,8,5,5,0,2,2
2020-21,2020-12-27,0022000035,PHI,Tony Bradley,1628396,1045,0,,4,2,7,0,0,0,1,4,4,8,1,0,2,0,2
2020-21,2020-12-27,0022000037,BOS,Javonte Green,1629750,0,0,DNP - Coach's Decision,0,0,0,0,0,0,0,0,0,0,0,0,0,0,0
2020-21,2020-12-27,0022000038,CHI,Coby White,1629632,2138,1,,20,8,19,4,9,0,0,0,7,7,5,0,0,3,1
2020-21,2020-12-27,0022000038,CHI,Denzel Valentine,1627756,0,0,DNP - Coach's Decision,0,0,0,0,0,0,0,0,0,0,0,0,0,0,0
2020-21,2020-12-27,0022000038,CHI,Lauri Markkanen,1628374,1755,1,,23,7,13,4,7,5,7,0,7,7,1,1,1,2,1
2020-21,2020-12-27,0022000038,CHI,Patrick Williams,1630172,1581,1,,6,2,5,0,1,2,2,1,3,4,2,0,3,2,1
2020-21,2020-12-27,0022000038,CHI,Tomas Satoransky,203107,1370,0,,3,1,3,0,1,1,1,0,1,1,3,0,0,3,2
2020-21,2020-12-27,0022000038,CHI,Wendell Carter Jr.,1628976,1888,1,,22,8,9,1,2,5,8,4,9,13,4,0,0,3,3
2020-21,2020-12-27,0022000038,CHI,Zach LaVine,203897,2088,1,,33,11,23,4,12,7,9,0,7,7,3,2,2,7,3
2020-21,2020-12-27,0022000040,LAL,Alex Caruso,1627936,631,0,,7,3,4,1,2,0,0,0,2,2,0,0,0,0,1
2020-21,2020-12-29,0022000048,BOS,Javonte Green,1629750,1260,0,,7,3,5,1,3,0,0,2,1,3,1,0,0,1,0
2020-21,2020-12-29,0022000049,TOR,Stanley Johnson,1626169,1303,0,,7,3,7,1,3,0,0,2,6,8,0,2,1,1,3
2020-21,2020-12-29,0022000049,PHI,Tony Bradley,1628396,0,0,DNP - Coach's Decision,0,0,0,0,0,0,0,0,0,0,0,0,0,0,0
2020-21,2020-12-29,0022000050,CHI,Coby White,1629632,2217,1,,18,6,14,2,5,4,4,0,5,5,6,0,0,2,0
2020-21,2020-12-29,0022000050,CHI,Denzel Valentine,1627756,0,0,DNP - Coach's Decision,0,0,0,0,0,0,0,0,0,0,0,0,0,0,0
2020-21,2020-12-29,0022000050,CHI,Lauri Markkanen,1628374,1155,1,,9,3,8,1,2,2,3,1,3,4,0,0,0,1,2
2020-21,2020-12-29,0022000050,CHI,Patrick Williams,1630172,1221,1,,12,5,10,2,3,0,0,1,0,1,2,0,0,1,3
2020-21,2020-12-29,0022000050,CHI,Thaddeus Young,201152,0,0,DNP - Coach's Decision,0,0,0,0,0,0,0,0,0,0,0,0,0,0,0
2020-21,2020-12-29,0022000050,CHI,Tomas Satoransky,203107,1206,0,,10,4,7,2,4,0,0,0,2,2,6,2,0,2,0
2020-21,2020-12-29,0022000050,CHI,Wendell Carter Jr.,1628976,2051,1,,10,5,8,0,1,0,2,0,12,12,3,0,0,2,5
2020-21,2020-12-29,0022000050,CHI,Zach LaVine,203897,2297,1,,23,6,15,3,7,8,9,2,3,5,6,4,0,3,2
2020-21,2020-12-29,0022000052,ORL,Nikola Vucevic,202696,2065,1,,28,12,18,3,4,1,1,3,7,10,5,1,0,1,0
2020-21,2020-12-29,0022000053,NOP,Lonzo Ball,1628366,1385,1,,7,3,12,1,7,0,0,0,0,0,1,0,0,3,2
2020-21,2020-12-30,0022000059,CHA,LaMelo Ball,1630163,1764,0,,22,7,10,4,5,4,4,4,4,8,5,1,1,2,3
2020-21,2020-12-30,0022000060,LAL,Alex Caruso,1627936,0,0,DNP - Coach's Decision,0,0,0,0,0,0,0,0,0,0,0,0,0,0,0
2020-21,2020-12-30,0022000060,SAS,DeMar DeRozan,201942,2161,1,,23,7,12,1,1,8,10,0,5,5,6,1,1,2,2
2020-21,2020-12-31,0022000063,CHI,Coby White,1629632,2410,1,,16,5,16,3,9,3,5,1,5,6,10,0,0,3,4
2020-21,2020-12-31,0022000063,CHI,Denzel Valentine,1627756,899,0,,3,1,3,1,2,0,0,1,3,4,1,1,0,0,2
2020-21,2020-12-31,0022000063,CHI,Patrick Williams,1630172,1104,1,,10,4,5,1,2,1,2,0,1,1,0,0,0,2,4
2020-21,2020-12-31,0022000063,CHI,Thaddeus Young,201152,1622,0,,15,7,12,1,2,0,0,1,2,3,6,2,0,2,2
2020-21,2020-12-31,0022000063,CHI,Wendell Carter Jr.,1628976,1378,1,,16,7,11,1,1,1,2,1,4,5,1,1,1,2,5
2020-21,2020-12-31,0022000063,CHI,Zach LaVine,203897,2093,1,,22,6,17,1,7,9,10,0,6,6,7,0,1,3,4
2020-21,2020-12-31,0022000064,ORL,Nikola Vucevic,202696,1427,1,,19,8,15,3,6,0,0,2,8,10,3,0,0,0,3
2020-21,2020-12-31,0022000064,PHI,Tony Bradley,1628396,0,0,DNP - Coach's Decision,0,0,0,0,0,0,0,0,0,0,0,0,0,0,0
2020-21,2020-12-31,0022000066,TOR,Stanley Johnson,1626169,755,0,,0,0,2,0,2,0,0,1,3,4,2,0,0,0,1
2020-21,2020-12-31,0022000067,NOP,Lonzo Ball,1628366,1946,1,,16,7,15,2,7,0,1,1,7,8,9,1,0,3,2
2020-21,2021-01-01,0022000069,CHA,LaMelo Ball,1630163,1602,0,,15,6,14,2,7,1,2,1,2,3,6,2,0,2,2
2020-21,2021-01-01,0022000073,CHI,Coby White,1629632,1731,1,,12,4,13,1,5,3,4,0,4,4,3,0,0,4,2
2020-21,2021-01-01,0022000073,CHI,Denzel Valentine,1627756,1232,0,,14,5,8,2,3,2,2,1,4,5,0,2,0,1,0
2020-21,2021-01-01,0022000073,CHI,Patrick Williams,1630172,1526,1,,8,4,11,0,2,0,1,0,6,6,0,0,1,3,4
2020-21,2021-01-01,0022000073,CHI,Thaddeus Young,201152,1354,0,,6,2,5,0,2,2,2,0,1,1,2,1,2,4,2
2020-21,2021-01-01,0022000073,CHI,Wendell Carter Jr.,1628976,1508,1,,12,5,7,1,2,1,2,1,4,5,3,0,1,1,4
2020-21,2021-01-01,0022000073,CHI,Zach LaVine,203897,1631,1,,16,7,16,1,4,1,1,0,6,6,2,1,1,5,0
2020-21,2021-01-01,0022000075,LAL,Alex Caruso,1627936,0,0,DNP - Coach's Decision,0,0,0,0,0,0,0,0,0,0,0,0,0,0,0
2020-21,2021-01-01,0022000075,SAS,DeMar DeRozan,201942,2202,1,,23,8,16,3,4,4,5,1,8,9,7,0,1,0,2
2020-21,2021-01-02,0022000081,ORL,Nikola Vucevic,202696,2098,1,,30,13,21,4,7,0,0,2,11,13,2,0,0,1,1
2020-21,2021-01-02,0022000082,CHA,LaMelo Ball,1630163,1841,0,,13,4,12,1,4,4,6,2,2,4,5,4,2,2,4
2020-21,2021-01-02,0022000082,PHI,Tony Bradley,1628396,0,0,DNP - Coach's Decision,0,0,0,0,0,0,0,0,0,0,0,0,0,0,0
2020-21,2021-01-02,0022000084,NOP,Lonzo Ball,1628366,2120,1,,13,5,14,3,8,0,0,1,3,4,4,0,2,0,3
2020-21,2021-01-02,0022000084,TOR,Stanley Johnson,1626169,719,0,,0,0,1,0,0,0,0,1,0,1,1,1,0,0,1
2020-21,2021-01-03,0022000089,SAS,DeMar DeRozan,201942,1606,1,,19,9,17,0,2,1,2,0,5,5,4,2,0,2,3
2020-21,2021-01-03,0022000090,CHI,Coby White,1629632,1970,1,,23,7,14,4,9,5,5,1,6,7,4,0,0,4,5
2020-21,2021-01-03,0022000090,CHI,Denzel Valentine,1627756,947,0,,6,2,4,2,4,0,0,0,4,4,1,1,0,0,0
2020-21,2021-01-03,0022000090,CHI,Patrick Williams,1630172,1704,1,,6,3,8,0,1,0,0,0,5,5,1,3,2,0,1
2020-21,2021-01-03,0022000090,CHI,Thaddeus Young,201152,1706,0,,7,3,6,1,2,0,0,3,1,4,1,1,0,3,3
2020-21,2021-01-03,0022000090,CHI,Wendell Carter Jr.,1628976,1370,1,,7,2,8,0,1,3,5,2,5,7,1,1,0,1,3
2020-21,2021-01-03,0022000090,CHI,Zach LaVine,203897,2320,1,,39,14,25,3,9,8,9,0,6,6,5,3,0,4,4
2020-21,2021-01-04,0022000093,ORL,Nikola Vucevic,202696,1869,1,,23,9,16,2,5,3,3,2,6,8,2,2,3,0,0
2020-21,2021-01-04,0022000094,CHA,LaMelo Ball,1630163,1825,0,,12,5,16,0,5,2,3,2,5,7,9,2,0,2,2
2020-21,2021-01-04,0022000094,PHI,Tony Bradley,1628396,0,0,DNP - Coach's Decision,0,0,0,0,0,0,0,0,0,0,0,0,0,0,0
2020-21,2021-01-04,0022000097,TOR,Stanley Johnson,1626169,658,0,,0,0,1,0,1,0,0,0,2,2,2,3,0,2,1
2020-21,2021-01-04,0022000100,NOP,Lonzo Ball,1628366,2289,1,,18,7,11,4,6,0,0,0,6,6,6,0,0,4,5
2020-21,2021-01-05,0022000105,SAS,DeMar DeRozan,201942,1711,1,,6,3,9,0,0,0,0,1,4,5,6,0,1,2,3
2020-21,2021-01-05,0022000106,CHI,Coby White,1629632,2319,1,,21,8,19,2,7,3,4,2,8,10,5,0,0,2,2
2020-21,2021-01-05,0022000106,CHI,Denzel Valentine,1627756,1152,0,,0,0,3,0,2,0,0,0,8,8,2,1,0,1,0
2020-21,2021-01-05,0022000106,CHI,Patrick Williams,1630172,1493,1,,14,5,8,2,2,2,2,1,2,3,1,0,0,2,2
2020-21,2021-01-05,0022000106,CHI,Thaddeus Young,201152,1392,0,,10,4,8,1,2,1,1,2,6,8,4,0,0,3,4
2020-21,2021-01-05,0022000106,CHI,Wendell Carter Jr.,1628976,1514,1,,13,4,9,0,2,5,6,2,1,3,5,1,1,1,5
2020-21,2021-01-05,0022000106,CHI,Zach LaVine,203897,2559,1,,18,6,18,3,10,3,3,0,4,4,9,0,2,4,2
2020-21,2021-01-06,0022000108,ORL,Nikola Vucevic,202696,2048,1,,16,7,18,1,5,1,1,0,7,7,6,0,1,2,2
2020-21,2021-01-06,0022000109,PHI,Tony Bradley,1628396,0,0,DNP - Coach's Decision,0,0,0,0,0,0,0,0,0,0,0,0,0,0,0
2020-21,2021-01-06,0022000110,CHA,LaMelo Ball,1630163,1420,0,,13,5,11,1,4,2,2,2,6,8,5,0,0,1,2
2020-21,2021-01-06,0022000114,NOP,Lonzo Ball,1628366,2152,1,,15,6,18,2,9,1,1,0,4,4,4,0,0,4,5
2020-21,2021-01-06,0022000115,TOR,Stanley Johnson,1626169,0,0,DNP - Coach's Decision,0,0,0,0,0,0,0,0,0,0,0,0,0,0,0
2020-21,2021-01-06,0022000117,CHI,Coby White,1629632,2378,1,,36,15,23,4,9,2,2,0,3,3,7,0,0,0,1
2020-21,2021-01-06,0022000117,CHI,Denzel Valentine,1627756,1274,0,,10,4,10,2,7,0,0,0,4,4,5,2,0,0,2
2020-21,2021-01-06,0022000117,CHI,Patrick Williams,1630172,1331,1,,9,3,6,1,2,2,2,1,1,2,1,1,0,0,5
2020-21,2021-01-06,0022000117,CHI,Thaddeus Young,201152,1245,0,,8,4,5,0,1,0,0,0,2,2,0,0,0,3,2
2020-21,2021-01-06,0022000117,CHI,Wendell Carter Jr.,1628976,1797,1,,11,4,9,0,0,3,4,6,11,17,4,0,0,1,1
2020-21,2021-01-06,0022000117,CHI,Zach LaVine,203897,2183,1,,32,13,24,3,11,3,5,0,7,7,3,0,1,6,3
2020-21,2021-01-07,0022000118,PHI,Tony Bradley,1628396,0,0,DNP - Coach's Decision,0,0,0,0,0,0,0,0,0,0,0,0,0,0,0
2020-21,2021-01-07,0022000121,LAL,Alex Caruso,1627936,1223,0,,8,3,3,2,2,0,0,0,3,3,1,0,0,0,3
2020-21,2021-01-07,0022000121,SAS,DeMar DeRozan,201942,2174,1,,19,5,13,2,6,7,8,0,4,4,8,2,1,0,1
2020-21,2021-01-08,0022000124,BOS,Javonte Green,1629750,1085,0,,7,2,3,0,1,3,5,1,2,3,1,3,0,1,1
2020-21,2021-01-08,0022000126,CHA,LaMelo Ball,1630163,1534,0,,12,4,11,1,5,3,4,4,6,10,9,1,0,3,3
2020-21,2021-01-08,0022000126,NOP,Lonzo Ball,1628366,2190,1,,5,2,8,1,7,0,0,0,2,2,3,1,1,2,0
2020-21,2021-01-08,0022000127,ORL,Nikola Vucevic,202696,1777,1,,22,8,19,3,7,3,3,3,9,12,3,1,0,0,0
2020-21,2021-01-08,0022000131,LAL,Alex Caruso,1627936,1004,0,,9,3,7,3,6,0,0,0,2,2,3,1,0,2,0
2020-21,2021-01-08,0022000131,CHI,Coby White,1629632,1907,1,,14,6,14,2,5,0,0,0,3,3,5,0,0,3,3
2020-21,2021-01-08,0022000131,CHI,Denzel Valentine,1627756,1470,0,,5,2,8,1,5,0,0,0,4,4,1,0,0,0,1
2020-21,2021-01-08,0022000131,CHI,Patrick Williams,1630172,2055,1,,6,3,10,0,2,0,0,2,6,8,0,4,0,2,5
2020-21,2021-01-08,0022000131,CHI,Thaddeus Young,201152,1792,0,,15,7,12,0,1,1,1,3,4,7,5,1,0,2,4
2020-21,2021-01-08,0022000131,CHI,Wendell Carter Jr.,1628976,1515,1,,23,9,15,0,1,5,6,3,4,7,3,0,0,1,4
2020-21,2021-01-08,0022000131,CHI,Zach LaVine,203897,2302,1,,38,14,22,4,7,6,6,0,5,5,6,2,0,0,1
2020-21,2021-01-08,0022000132,TOR,Stanley Johnson,1626169,929,0,,0,0,2,0,1,0,0,1,3,4,1,0,0,0,1
2020-21,2021-01-09,0022000133,PHI,Tony Bradley,1628396,1465,0,,11,5,7,0,1,1,2,5,10,15,1,1,1,1,2
2020-21,2021-01-09,0022000134,CHA,LaMelo Ball,1630163,1871,0,,22,9,13,3,5,1,2,3,9,12,11,1,0,1,4
2020-21,2021-01-09,0022000138,SAS,DeMar DeRozan,201942,2629,1,,38,13,23,0,2,12,13,1,4,5,5,0,0,1,1
2020-21,2021-01-09,0022000139,ORL,Nikola Vucevic,202696,2007,1,,30,14,24,2,7,0,0,3,12,15,2,2,0,0,3
2020-21,2021-01-10,0022000142,CHI,Coby White,1629632,2575,1,,9,4,11,0,4,1,2,1,7,8,13,1,0,5,4
2020-21,2021-01-10,0022000142,CHI,Denzel Valentine,1627756,1210,0,,10,4,6,2,3,0,0,0,4,4,3,0,0,2,1
2020-21,2021-01-10,0022000142,CHI,Patrick Williams,1630172,2146,1,,17,6,9,3,5,2,2,1,1,2,2,2,0,2,1
2020-21,2021-01-10,0022000142,CHI,Thaddeus Young,201152,1520,0,,14,6,7,0,0,2,3,0,5,5,2,0,0,0,2
2020-21,2021-01-10,0022000142,CHI,Wendell Carter Jr.,1628976,1608,1,,12,4,8,0,1,4,4,1,4,5,2,0,0,4,2
2020-21,2021-01-10,0022000142,CHI,Zach LaVine,203897,2516,1,,45,15,26,10,16,5,5,0,7,7,7,0,0,5,4
2020-21,2021-01-10,0022000146,LAL,Alex Caruso,1627936,1290,0,,3,1,5,0,1,1,2,2,2,4,4,3,0,0,1
2020-21,2021-01-10,0022000147,SAS,DeMar DeRozan,201942,0,0,NWT - Personal,0,0,0,0,0,0,0,0,0,0,0,0,0,0,0
2020-21,2021-01-10,0022000148,TOR,Stanley Johnson,1626169,562,0,,3,1,1,0,0,1,2,0,3,3,1,2,0,0,1
2020-21,2021-01-11,0022000149,CHA,LaMelo Ball,1630163,1774,0,,8,3,13,2,6,0,0,1,13,14,7,3,1,1,2
2020-21,2021-01-11,0022000151,ORL,Nikola Vucevic,202696,1912,1,,28,11,24,4,9,2,2,5,8,13,5,0,0,4,1
2020-21,2021-01-11,0022000153,PHI,Tony Bradley,1628396,814,0,,6,3,6,0,0,0,0,4,4,8,1,0,2,0,0
2020-21,2021-01-11,0022000155,TOR,Stanley Johnson,1626169,1398,0,,7,3,6,1,2,0,0,3,2,5,3,1,0,2,2
2020-21,2021-01-12,0022000157,PHI,Tony Bradley,1628396,0,0,DNP - Coach's Decision,0,0,0,0,0,0,0,0,0,0,0,0,0,0,0
2020-21,2021-01-12,0022000161,LAL,Alex Caruso,1627936,1065,0,,0,0,4,0,2,0,0,1,5,6,3,3,1,2,1
2020-21,2021-01-12,0022000162,SAS,DeMar DeRozan,201942,0,0,DNP_PERSONAL,0,0,0,0,0,0,0,0,0,0,0,0,0,0,0
2020-21,2021-01-13,0022000164,CHA,LaMelo Ball,1630163,1525,0,,4,2,8,0,4,0,1,0,7,7,5,0,0,2,3
2020-21,2021-01-13,0022000170,LAL,Alex Caruso,1627936,1327,0,,6,2,2,2,2,0,0,0,1,1,2,0,0,2,1
2020-21,2021-01-14,0022000174,PHI,Tony Bradley,1628396,142,0,,0,0,0,0,0,0,0,0,0,0,0,1,0,0,0
2020-21,2021-01-14,0022000175,CHA,LaMelo Ball,1630163,1565,0,,14,6,14,2,5,0,0,2,4,6,11,3,1,5,2
2020-21,2021-01-14,0022000175,TOR,Stanley Johnson,1626169,1248,0,,6,2,3,2,3,0,0,0,1,1,3,1,1,2,3
2020-21,2021-01-14,0022000176,SAS,DeMar DeRozan,201942,2094,1,,13,5,14,0,2,3,3,1,5,6,7,1,1,1,1
2020-21,2021-01-15,0022000180,BOS,Javonte Green,1629750,1256,0,,10,4,6,0,2,2,3,1,1,2,1,2,0,1,2
2020-21,2021-01-15,0022000180,ORL,Nikola Vucevic,202696,1558,1,,15,6,13,1,4,2,2,2,4,6,4,2,0,1,2
2020-21,2021-01-15,0022000184,CHI,Coby White,1629632,2664,1,,22,8,20,4,9,2,2,1,8,9,7,0,0,4,5
2020-21,2021-01-15,0022000184,CHI,Denzel Valentine,1627756,926,0,,4,2,7,0,3,0,0,0,4,4,3,2,0,2,2
2020-21,2021-01-15,0022000184,CHI,Lauri Markkanen,1628374,2101,1,,16,5,14,3,9,3,3,1,5,6,0,1,2,2,5
2020-21,2021-01-15,0022000184,CHI,Patrick Williams,1630172,2159,1,,14,5,7,2,3,2,2,2,5,7,2,0,2,3,3
2020-21,2021-01-15,0022000184,CHI,Thaddeus Young,201152,805,0,,2,1,4,0,1,0,2,0,1,1,4,1,0,3,2
2020-21,2021-01-15,0022000184,CHI,Wendell Carter Jr.,1628976,1974,1,,16,6,9,0,0,4,5,4,7,11,2,0,3,2,2
2020-21,2021-01-15,0022000184,CHI,Zach LaVine,203897,2551,1,,35,11,19,8,14,5,9,1,6,7,6,1,0,6,3
2020-21,2021-01-15,0022000187,LAL,Alex Caruso,1627936,1072,0,,9,3,4,3,3,0,0,0,3,3,4,1,1,0,0
2020-21,2021-01-16,0022000189,SAS,DeMar DeRozan,201942,2193,1,,24,9,25,0,1,6,6,3,4,7,4,2,1,3,1
2020-21,2021-01-16,0022000190,ORL,Nikola Vucevic,202696,2142,1,,34,14,22,6,12,0,0,4,6,10,7,5,0,4,4
2020-21,2021-01-16,0022000191,CHA,LaMelo Ball,1630163,1378,0,,11,4,11,2,6,1,2,2,3,5,4,0,0,1,3
2020-21,2021-01-16,0022000191,TOR,Stanley Johnson,1626169,824,0,,6,2,2,2,2,0,0,0,4,4,1,0,1,0,2
2020-21,2021-01-16,0022000193,PHI,Tony Bradley,1628396,548,0,,2,1,3,0,0,0,0,1,1,2,0,1,0,0,2
2020-21,2021-01-17,0022000196,BOS,Javonte Green,1629750,1070,0,,8,2,3,0,1,4,6,2,3,5,0,0,0,1,1
2020-21,2021-01-17,0022000198,CHI,Coby White,1629632,1518,1,,0,0,5,0,2,0,0,0,3,3,4,1,0,1,1
2020-21,2021-01-17,0022000198,CHI,Denzel Valentine,1627756,0,0,DNP - Coach's Decision,0,0,0,0,0,0,0,0,0,0,0,0,0,0,0
2020-21,2021-01-17,0022000198,CHI,Lauri Markkanen,1628374,1976,1,,29,10,19,2,7,7,8,1,9,10,3,0,0,2,2
2020-21,2021-01-17,0022000198,CHI,Patrick Williams,1630172,1355,1,,5,2,5,1,1,0,0,0,5,5,1,0,0,1,4
2020-21,2021-01-17,0022000198,CHI,Thaddeus Young,201152,1168,0,,15,7,10,0,1,1,2,1,2,3,3,2,2,1,3
2020-21,2021-01-17,0022000198,CHI,Wendell Carter Jr.,1628976,1593,1,,12,3,7,1,1,5,8,2,5,7,1,5,1,2,1
2020-21,2021-01-17,0022000198,CHI,Zach LaVine,203897,1879,1,,10,1,8,0,5,8,8,0,0,0,10,3,0,2,3
2020-21,2021-01-18,0022000203,ORL,Nikola Vucevic,202696,2187,1,,24,10,16,2,5,2,2,2,12,14,0,0,2,0,3
2020-21,2021-01-18,0022000207,SAS,DeMar DeRozan,201942,1937,1,,20,6,9,0,0,8,8,1,5,6,11,2,0,4,0
2020-21,2021-01-18,0022000210,TOR,Stanley Johnson,1626169,1272,0,,6,2,3,1,2,1,2,1,2,3,0,0,1,0,1
2020-21,2021-01-18,0022000211,CHI,Coby White,1629632,1902,1,,10,4,12,2,7,0,0,1,3,4,4,2,0,3,4
2020-21,2021-01-18,0022000211,CHI,Denzel Valentine,1627756,1469,0,,13,5,13,3,6,0,0,0,8,8,3,0,0,1,0
2020-21,2021-01-18,0022000211,CHI,Lauri Markkanen,1628374,2020,1,,18,5,12,4,11,4,4,0,7,7,0,2,0,2,3
2020-21,2021-01-18,0022000211,CHI,Thaddeus Young,201152,1516,0,,12,5,11,1,2,1,2,5,4,9,3,1,0,1,1
2020-21,2021-01-18,0022000211,CHI,Wendell Carter Jr.,1628976,1247,1,,10,4,7,0,0,2,2,3,5,8,1,1,0,3,2
2020-21,2021-01-18,0022000211,CHI,Zach LaVine,203897,2203,1,,33,11,16,4,8,7,8,0,4,4,7,2,1,5,2
2020-21,2021-01-18,0022000212,LAL,Alex Caruso,1627936,1170,0,,7,3,5,1,3,0,0,1,0,1,4,0,0,1,3
2020-21,2021-01-19,0022000214,NOP,Lonzo Ball,1628366,1381,1,,7,3,10,0,6,1,2,1,0,1,4,3,0,0,2
2020-21,2021-01-20,0022000218,BOS,Javonte Green,1629750,1688,0,,2,1,4,0,2,0,0,3,3,6,2,1,0,1,3
2020-21,2021-01-20,0022000218,PHI,Tony Bradley,1628396,0,0,DNP - Coach's Decision,0,0,0,0,0,0,0,0,0,0,0,0,0,0,0
2020-21,2021-01-20,0022000220,TOR,Stanley Johnson,1626169,689,0,,0,0,1,0,0,0,0,1,0,1,0,0,1,0,0
2020-21,2021-01-20,0022000221,ORL,Nikola Vucevic,202696,2574,1,,28,11,27,3,7,3,4,3,5,8,4,1,2,0,2
2020-21,2021-01-20,0022000223,SAS,DeMar DeRozan,201942,1475,1,,15,3,8,0,1,9,9,1,1,2,3,1,0,2,3
2020-21,2021-01-21,0022000226,LAL,Alex Caruso,1627936,1060,0,,5,1,2,1,1,2,2,0,4,4,1,3,1,0,3
2020-21,2021-01-21,0022000227,NOP,Lonzo Ball,1628366,1648,1,,14,6,15,2,6,0,0,0,1,1,5,0,0,3,2
2020-21,2021-01-22,0022000229,CHI,Coby White,1629632,1965,1,,18,6,15,3,8,3,4,0,2,2,8,2,0,1,3
2020-21,2021-01-22,0022000229,CHI,Denzel Valentine,1627756,1041,0,,8,3,8,2,5,0,0,1,2,3,3,0,0,1,1
2020-21,2021-01-22,0022000229,CHA,LaMelo Ball,1630163,994,0,,7,3,7,0,2,1,1,0,1,1,2,2,0,5,1
2020-21,2021-01-22,0022000229,CHI,Lauri Markkanen,1628374,1774,1,,23,10,17,3,8,0,0,1,1,2,0,1,1,1,2
2020-21,2021-01-22,0022000229,CHI,Patrick Williams,1630172,964,1,,4,2,7,0,2,0,1,2,4,6,0,0,0,1,2
2020-21,2021-01-22,0022000229,CHI,Thaddeus Young,201152,1489,0,,8,4,8,0,2,0,0,4,2,6,6,1,0,0,2
2020-21,2021-01-22,0022000229,CHI,Tomas Satoransky,203107,672,0,,2,1,1,0,0,0,0,0,0,0,4,2,0,1,4
2020-21,2021-01-22,0022000229,CHI,Zach LaVine,203897,2172,1,,25,8,12,3,6,6,6,2,4,6,9,1,1,2,1
2020-21,2021-01-22,0022000231,ORL,Nikola Vucevic,202696,2470,1,,24,10,29,4,9,0,0,3,9,12,2,2,0,3,3
2020-21,2021-01-22,0022000233,BOS,Javonte Green,1629750,1212,0,,7,3,7,0,2,1,2,1,3,4,0,1,1,1,0
2020-21,2021-01-22,0022000233,PHI,Tony Bradley,1628396,0,0,DNP - Coach's Decision,0,0,0,0,0,0,0,0,0,0,0,0,0,0,0
2020-21,2021-01-22,0022000234,TOR,Stanley Johnson,1626169,825,0,,3,1,1,1,1,0,0,0,2,2,3,1,0,0,0
2020-21,2021-01-22,0022000237,SAS,DeMar DeRozan,201942,2459,1,,29,8,20,0,1,13,16,0,6,6,6,1,0,1,4
2020-21,2021-01-23,0022000243,PHI,Tony Bradley,1628396,0,0,DNP - Coach's Decision,0,0,0,0,0,0,0,0,0,0,0,0,0,0,0
2020-21,2021-01-23,0022000245,LAL,Alex Caruso,1627936,1106,0,,3,1,5,1,2,0,0,1,0,1,2,0,0,1,0
2020-21,2021-01-23,0022000245,CHI,Coby White,1629632,1926,1,,14,5,13,2,4,2,2,0,7,7,4,0,0,2,4
2020-21,2021-01-23,0022000245,CHI,Denzel Valentine,1627756,806,0,,3,1,6,1,3,0,0,0,1,1,1,1,0,1,1
2020-21,2021-01-23,0022000245,CHI,Lauri Markkanen,1628374,2155,1,,12,5,14,0,5,2,2,0,7,7,1,1,0,2,3
2020-21,2021-01-23,0022000245,CHI,Patrick Williams,1630172,1850,1,,13,5,12,2,4,1,2,4,4,8,1,0,1,1,2
2020-21,2021-01-23,0022000245,CHI,Thaddeus Young,201152,1359,0,,6,3,5,0,0,0,2,1,3,4,2,3,0,2,4
2020-21,2021-01-23,0022000245,CHI,Tomas Satoransky,203107,693,0,,5,1,1,1,1,2,4,0,1,1,3,1,0,1,1
2020-21,2021-01-23,0022000245,CHI,Zach LaVine,203897,2174,1,,21,9,23,1,6,2,2,3,7,10,4,1,0,7,5
2020-21,2021-01-23,0022000246,NOP,Lonzo Ball,1628366,1786,1,,11,4,10,3,9,0,0,0,4,4,7,2,1,1,3
2020-21,2021-01-24,0022000249,TOR,Stanley Johnson,1626169,1877,1,,3,1,6,0,2,1,2,0,6,6,4,1,1,3,4
2020-21,2021-01-24,0022000250,BOS,Javonte Green,1629750,626,0,,5,2,4,0,1,1,1,2,2,4,1,0,0,1,1
2020-21,2021-01-24,0022000252,CHA,LaMelo Ball,1630163,1664,0,,11,4,11,2,4,1,1,0,5,5,8,1,0,4,2
2020-21,2021-01-24,0022000252,ORL,Nikola Vucevic,202696,2095,1,,22,9,22,2,5,2,2,1,12,13,4,0,0,3,3
2020-21,2021-01-24,0022000253,SAS,DeMar DeRozan,201942,1641,1,,9,3,7,0,1,3,4,0,3,3,8,1,0,2,5
2020-21,2021-01-25,0022000257,PHI,Tony Bradley,1628396,1400,0,,12,5,7,0,0,2,2,4,5,9,0,0,1,0,2
2020-21,2021-01-25,0022000258,TOR,Stanley Johnson,1626169,1552,0,,4,0,1,0,0,4,4,1,3,4,6,2,1,1,5
2020-21,2021-01-25,0022000259,CHA,LaMelo Ball,1630163,1266,0,,9,4,10,0,5,1,3,0,2,2,4,0,2,3,3
2020-21,2021-01-25,0022000259,ORL,Nikola Vucevic,202696,2177,1,,28,11,23,4,7,2,2,2,10,12,7,1,0,3,3
2020-21,2021-01-25,0022000261,LAL,Alex Caruso,1627936,1123,0,,3,1,6,1,3,0,0,0,1,1,2,2,0,1,2
2020-21,2021-01-25,0022000262,CHI,Coby White,1629632,1439,1,,5,2,6,1,3,0,0,0,2,2,1,0,0,2,3
2020-21,2021-01-25,0022000262,CHI,Denzel Valentine,1627756,1540,0,,8,3,10,2,6,0,0,0,3,3,1,0,0,1,1
2020-21,2021-01-25,0022000262,BOS,Javonte Green,1629750,1087,0,,6,2,4,2,3,0,0,2,2,4,0,0,0,0,1
2020-21,2021-01-25,0022000262,CHI,Lauri Markkanen,1628374,1866,1,,18,7,12,3,6,1,2,1,5,6,1,0,0,1,3
2020-21,2021-01-25,0022000262,CHI,Patrick Williams,1630172,602,1,,2,1,4,0,2,0,0,0,0,0,1,1,0,2,2
2020-21,2021-01-25,0022000262,CHI,Thaddeus Young,201152,1877,0,,16,8,11,0,1,0,2,4,5,9,9,1,1,2,2
2020-21,2021-01-25,0022000262,CHI,Tomas Satoransky,203107,1441,0,,3,1,7,1,3,0,0,0,2,2,6,0,0,2,1
2020-21,2021-01-25,0022000262,CHI,Zach LaVine,203897,2055,1,,30,11,19,6,10,2,2,1,5,6,3,0,2,6,2
2020-21,2021-01-27,0022000271,CHA,LaMelo Ball,1630163,1311,0,,8,2,4,0,1,4,4,1,3,4,5,0,0,1,2
2020-21,2021-01-27,0022000273,ORL,Nikola Vucevic,202696,1978,1,,26,11,18,2,2,2,2,2,7,9,2,0,0,1,0
2020-21,2021-01-27,0022000276,LAL,Alex Caruso,1627936,959,0,,10,4,7,1,1,1,1,1,0,1,2,0,0,0,1
2020-21,2021-01-27,0022000276,PHI,Tony Bradley,1628396,0,0,DNP - Coach's Decision,0,0,0,0,0,0,0,0,0,0,0,0,0,0,0
2020-21,2021-01-27,0022000277,TOR,Stanley Johnson,1626169,838,0,,6,2,4,2,4,0,0,0,3,3,3,2,0,1,1
2020-21,2021-01-27,0022000279,NOP,Lonzo Ball,1628366,935,1,,9,3,8,3,7,0,0,0,2,2,4,2,1,0,1
2020-21,2021-01-27,0022000280,SAS,DeMar DeRozan,201942,2053,1,,21,7,8,2,2,5,6,0,5,5,7,0,0,3,1
2020-21,2021-01-27,0022000280,BOS,Javonte Green,1629750,793,0,,2,1,3,0,0,0,0,0,1,1,1,2,0,0,0
2020-21,2021-01-28,0022000284,LAL,Alex Caruso,1627936,1182,0,,6,3,7,0,1,0,0,1,1,2,2,0,0,0,2
2020-21,2021-01-29,0022000288,CHA,LaMelo Ball,1630163,1788,0,,16,7,13,0,6,2,3,1,5,6,7,2,0,5,1
2020-21,2021-01-29,0022000289,ORL,Nikola Vucevic,202696,1712,1,,10,4,13,2,4,0,0,2,4,6,1,0,0,3,2
2020-21,2021-01-29,0022000292,TOR,Stanley Johnson,1626169,1155,0,,3,1,3,1,3,0,0,1,0,1,1,3,0,1,2
2020-21,2021-01-29,0022000293,NOP,Lonzo Ball,1628366,2102,1,,27,10,20,7,13,0,0,0,3,3,8,1,0,2,2
2020-21,2021-01-29,0022000294,PHI,Tony Bradley,1628396,257,0,,0,0,2,0,0,0,0,2,2,4,1,0,0,0,0
2020-21,2021-01-29,0022000296,SAS,DeMar DeRozan,201942,2171,1,,30,11,14,1,2,7,7,0,1,1,10,0,0,1,2
2020-21,2021-01-30,0022000298,CHI,Coby White,1629632,2035,1,,20,6,11,3,6,5,5,0,3,3,6,0,0,1,2
2020-21,2021-01-30,0022000298,CHI,Denzel Valentine,1627756,296,0,,0,0,2,0,2,0,0,0,0,0,1,0,0,0,1
2020-21,2021-01-30,0022000298,CHI,Lauri Markkanen,1628374,2145,1,,31,12,18,6,11,1,1,0,6,6,0,0,1,2,1
2020-21,2021-01-30,0022000298,CHI,Patrick Williams,1630172,1458,1,,11,4,7,1,3,2,2,0,1,1,1,1,0,1,0
2020-21,2021-01-30,0022000298,CHI,Thaddeus Young,201152,1737,0,,8,3,10,0,0,2,2,7,4,11,11,1,0,1,4
2020-21,2021-01-30,0022000298,CHI,Tomas Satoransky,203107,798,0,,6,2,3,1,2,1,1,0,3,3,3,0,0,2,0
2020-21,2021-01-30,0022000298,CHI,Zach LaVine,203897,2097,1,,26,9,12,6,8,2,2,0,7,7,4,2,0,6,1
2020-21,2021-01-30,0022000299,CHA,LaMelo Ball,1630163,1860,0,,27,8,10,2,3,9,9,2,3,5,9,3,0,1,3
2020-21,2021-01-30,0022000300,NOP,Lonzo Ball,1628366,1669,1,,7,3,8,1,6,0,0,1,7,8,4,3,1,2,2
2020-21,2021-01-30,0022000302,LAL,Alex Caruso,1627936,1175,0,,2,1,2,0,1,0,0,1,2,3,1,0,0,0,2
2020-21,2021-01-30,0022000302,BOS,Javonte Green,1629750,0,0,DNP - Coach's Decision,0,0,0,0,0,0,0,0,0,0,0,0,0,0,0
2020-21,2021-01-30,0022000304,SAS,DeMar DeRozan,201942,1505,1,,5,2,6,1,2,0,0,0,1,1,1,0,0,1,2
2020-21,2021-01-31,0022000307,PHI,Tony Bradley,1628396,1022,1,,2,1,2,0,0,0,0,1,3,4,2,0,0,0,3
2020-21,2021-01-31,0022000309,ORL,Nikola Vucevic,202696,2116,1,,15,5,18,2,6,3,3,0,14,14,4,2,1,3,1
2020-21,2021-01-31,0022000309,TOR,Stanley Johnson,1626169,724,0,,2,0,2,0,1,2,2,0,2,2,0,0,0,0,3
2020-21,2021-02-01,0022000313,LAL,Alex Caruso,1627936,1496,0,,8,4,7,0,2,0,0,1,1,2,2,2,0,3,5
2020-21,2021-02-01,0022000314,CHA,LaMelo Ball,1630163,1886,1,,14,3,11,2,4,6,6,2,3,5,7,0,0,3,5
2020-21,2021-02-01,0022000315,CHI,Coby White,1629632,2248,1,,13,5,12,1,4,2,2,0,4,4,6,0,0,4,0
2020-21,2021-02-01,0022000315,CHI,Denzel Valentine,1627756,189,0,,2,1,2,0,1,0,0,0,0,0,0,0,0,0,0
2020-21,2021-02-01,0022000315,CHI,Lauri Markkanen,1628374,2016,1,,30,11,18,6,12,2,2,0,5,5,2,1,0,4,1
2020-21,2021-02-01,0022000315,CHI,Patrick Williams,1630172,1681,1,,10,3,8,0,3,4,6,0,1,1,2,0,0,0,1
2020-21,2021-02-01,0022000315,CHI,Thaddeus Young,201152,1838,0,,13,6,10,1,1,0,1,0,8,8,8,1,1,1,5
2020-21,2021-02-01,0022000315,CHI,Tomas Satoransky,203107,606,0,,0,0,1,0,1,0,0,0,2,2,4,0,0,2,1
2020-21,2021-02-01,0022000315,CHI,Zach LaVine,203897,1931,1,,21,8,16,3,6,2,2,0,5,5,3,1,0,1,4
2020-21,2021-02-01,0022000317,NOP,Lonzo Ball,1628366,1922,1,,14,5,13,2,5,2,2,0,2,2,5,3,0,1,1
2020-21,2021-02-01,0022000320,SAS,DeMar DeRozan,201942,1793,1,,14,6,12,0,2,2,4,2,3,5,6,1,0,2,2
2020-21,2021-02-02,0022000323,ORL,Nikola Vucevic,202696,2234,1,,21,9,19,2,7,1,1,3,15,18,4,0,0,2,3
2020-21,2021-02-02,0022000323,TOR,Stanley Johnson,1626169,431,0,,0,0,2,0,1,0,0,0,0,0,2,0,0,0,3
2020-21,2021-02-02,0022000326,BOS,Javonte Green,1629750,1230,0,,2,1,2,0,0,0,0,0,0,0,0,1,0,0,2
2020-21,2021-02-03,0022000327,CHA,LaMelo Ball,1630163,2298,1,,22,8,16,3,6,3,3,1,6,7,3,2,0,6,2
2020-21,2021-02-03,0022000327,PHI,Tony Bradley,1628396,0,0,DNP - Coach's Decision,0,0,0,0,0,0,0,0,0,0,0,0,0,0,0
2020-21,2021-02-03,0022000332,CHI,Coby White,1629632,1935,1,,13,4,13,2,8,3,4,0,3,3,6,1,0,2,2
2020-21,2021-02-03,0022000332,CHI,Denzel Valentine,1627756,1170,0,,13,5,10,3,7,0,0,0,6,6,3,2,0,0,2
2020-21,2021-02-03,0022000332,CHI,Lauri Markkanen,1628374,2137,1,,9,3,8,0,4,3,4,0,4,4,0,0,0,0,3
2020-21,2021-02-03,0022000332,CHI,Patrick Williams,1630172,1930,1,,12,6,12,0,3,0,1,0,7,7,1,1,0,2,1
2020-21,2021-02-03,0022000332,CHI,Thaddeus Young,201152,1552,0,,19,9,11,0,1,1,3,3,1,4,2,5,1,2,3
2020-21,2021-02-03,0022000332,CHI,Tomas Satoransky,203107,822,0,,6,3,4,0,1,0,0,0,0,0,3,0,0,1,0
2020-21,2021-02-03,0022000332,CHI,Zach LaVine,203897,2277,1,,24,10,21,0,7,4,4,2,3,5,7,0,0,2,2
2020-21,2021-02-03,0022000334,SAS,DeMar DeRozan,201942,2417,1,,30,10,19,0,0,10,11,2,6,8,6,0,0,2,0
2020-21,2021-02-03,0022000335,NOP,Lonzo Ball,1628366,1463,1,,18,7,13,4,7,0,0,1,5,6,1,1,0,2,4
2020-21,2021-02-03,0022000336,BOS,Javonte Green,1629750,896,0,,3,1,3,1,1,0,0,0,1,1,1,1,0,1,2
2020-21,2021-02-04,0022000337,PHI,Tony Bradley,1628396,234,0,,2,1,1,0,0,0,0,0,0,0,0,0,0,0,0
2020-21,2021-02-04,0022000341,LAL,Alex Caruso,1627936,1010,0,,0,0,3,0,3,0,0,2,1,3,3,0,0,4,1
2020-21,2021-02-05,0022000342,CHA,LaMelo Ball,1630163,2363,1,,34,14,27,4,9,2,3,2,2,4,8,2,1,0,4
2020-21,2021-02-05,0022000343,NOP,Lonzo Ball,1628366,2113,1,,20,7,13,5,9,1,2,0,9,9,3,0,1,3,2
2020-21,2021-02-05,0022000344,CHI,Coby White,1629632,2020,1,,16,6,17,4,9,0,0,0,1,1,3,0,1,1,2
2020-21,2021-02-05,0022000344,CHI,Denzel Valentine,1627756,1226,0,,14,6,12,2,6,0,0,0,4,4,1,2,0,0,2
2020-21,2021-02-05,0022000344,CHI,Lauri Markkanen,1628374,1029,1,,13,5,9,2,5,1,1,0,5,5,0,0,0,1,2
2020-21,2021-02-05,0022000344,ORL,Nikola Vucevic,202696,2238,1,,43,17,29,4,10,5,6,3,16,19,4,0,1,1,2
2020-21,2021-02-05,0022000344,CHI,Patrick Williams,1630172,2032,1,,20,7,11,0,1,6,6,2,5,7,1,2,1,1,3
2020-21,2021-02-05,0022000344,CHI,Thaddeus Young,201152,1940,0,,15,7,10,0,0,1,2,3,4,7,5,2,0,1,5
2020-21,2021-02-05,0022000344,CHI,Tomas Satoransky,203107,1271,0,,6,2,4,0,0,2,2,0,4,4,4,0,0,1,1
2020-21,2021-02-05,0022000344,CHI,Zach LaVine,203897,2181,1,,26,9,21,1,5,7,7,0,4,4,8,1,0,1,2
2020-21,2021-02-05,0022000345,TOR,Stanley Johnson,1626169,619,0,,0,0,1,0,1,0,0,0,0,0,1,0,0,1,2
2020-21,2021-02-05,0022000350,BOS,Javonte Green,1629750,0,0,DNP - Coach's Decision,0,0,0,0,0,0,0,0,0,0,0,0,0,0,0
2020-21,2021-02-06,0022000353,CHI,Coby White,1629632,1642,1,,13,5,12,2,6,1,1,0,7,7,3,1,0,1,2
2020-21,2021-02-06,0022000353,CHI,Denzel Valentine,1627756,2196,1,,20,8,17,4,10,0,0,2,1,3,4,1,0,0,1
2020-21,2021-02-06,0022000353,ORL,Nikola Vucevic,202696,1460,1,,17,7,17,1,5,2,2,2,6,8,1,1,2,3,1
2020-21,2021-02-06,0022000353,CHI,Patrick Williams,1630172,2007,1,,16,7,13,1,2,1,1,1,9,10,1,0,1,2,1
2020-21,2021-02-06,0022000353,CHI,Thaddeus Young,201152,1544,0,,11,5,10,0,0,1,1,2,1,3,4,1,2,2,0
2020-21,2021-02-06,0022000353,CHI,Tomas Satoransky,203107,1621,0,,9,3,5,2,2,1,1,2,3,5,6,1,2,0,1
2020-21,2021-02-06,0022000353,CHI,Zach LaVine,203897,1991,1,,39,16,25,5,6,2,5,2,5,7,4,0,0,2,2
2020-21,2021-02-06,0022000354,PHI,Tony Bradley,1628396,0,0,DNP - Coach's Decision,0,0,0,0,0,0,0,0,0,0,0,0,0,0,0
2020-21,2021-02-06,0022000355,NOP,Lonzo Ball,1628366,1827,1,,16,6,11,4,6,0,0,2,5,7,7,1,1,0,2
2020-21,2021-02-06,0022000356,TOR,Stanley Johnson,1626169,632,0,,8,3,4,2,2,0,0,1,0,1,0,0,0,0,0
2020-21,2021-02-06,0022000358,SAS,DeMar DeRozan,201942,2245,1,,30,9,16,1,3,11,12,0,8,8,7,0,0,1,0
2020-21,2021-02-06,0022000361,LAL,Alex Caruso,1627936,1569,0,,10,3,5,1,1,3,3,0,3,3,0,2,0,3,1
2020-21,2021-02-07,0022000215,CHA,LaMelo Ball,1630163,1829,1,,19,7,17,3,6,2,2,2,5,7,5,1,0,1,1
2020-21,2021-02-07,0022000365,BOS,Javonte Green,1629750,307,0,,1,0,0,0,0,1,2,0,1,1,0,0,0,0,0
2020-21,2021-02-08,0022000367,CHA,LaMelo Ball,1630163,1912,1,,24,7,18,7,12,3,4,1,6,7,10,0,0,4,4
2020-21,2021-02-08,0022000368,CHI,Coby White,1629632,1809,1,,8,3,10,0,4,2,2,1,7,8,3,0,0,1,2
2020-21,2021-02-08,0022000368,CHI,Denzel Valentine,1627756,1666,1,,11,4,13,3,8,0,0,0,6,6,1,0,0,1,5
2020-21,2021-02-08,0022000368,CHI,Patrick Williams,1630172,2122,1,,10,2,7,2,3,4,4,0,6,6,1,0,0,2,3
2020-21,2021-02-08,0022000368,CHI,Thaddeus Young,201152,1666,0,,14,7,11,0,0,0,1,3,2,5,6,2,1,4,2
2020-21,2021-02-08,0022000368,CHI,Tomas Satoransky,203107,1402,0,,9,3,6,1,2,2,2,0,7,7,3,1,0,1,1
2020-21,2021-02-08,0022000368,CHI,Zach LaVine,203897,2254,1,,35,12,26,3,8,8,11,1,1,2,6,1,0,3,4
2020-21,2021-02-08,0022000369,TOR,Stanley Johnson,1626169,413,0,,3,1,1,1,1,0,0,0,1,1,1,0,0,1,2
2020-21,2021-02-08,0022000371,SAS,DeMar DeRozan,201942,2151,1,,21,6,15,1,3,8,8,0,6,6,10,0,0,2,0
2020-21,2021-02-09,0022000377,NOP,Lonzo Ball,1628366,1773,1,,15,5,12,3,6,2,2,2,4,6,3,0,0,0,1
2020-21,2021-02-09,0022000378,SAS,DeMar DeRozan,201942,1682,1,,12,4,11,0,2,4,4,1,2,3,6,0,0,1,1
2020-21,2021-02-09,0022000379,BOS,Javonte Green,1629750,0,0,DNP - Coach's Decision,0,0,0,0,0,0,0,0,0,0,0,0,0,0,0
2020-21,2021-02-09,0022000380,ORL,Nikola Vucevic,202696,2466,1,,27,10,21,2,7,5,9,2,13,15,4,2,2,1,2
2020-21,2021-02-09,0022000381,PHI,Tony Bradley,1628396,0,0,DNP - Coach's Decision,0,0,0,0,0,0,0,0,0,0,0,0,0,0,0
2020-21,2021-02-10,0022000382,TOR,Stanley Johnson,1626169,812,0,,0,0,1,0,1,0,0,0,0,0,1,0,0,0,2
2020-21,2021-02-10,0022000385,CHI,Coby White,1629632,2067,1,,30,10,20,8,17,2,2,0,2,2,7,0,0,2,2
2020-21,2021-02-10,0022000385,CHI,Denzel Valentine,1627756,1350,1,,16,6,11,4,8,0,0,1,2,3,2,0,0,0,2
2020-21,2021-02-10,0022000385,NOP,Lonzo Ball,1628366,2036,1,,21,6,13,4,10,5,5,2,3,5,7,2,0,1,0
2020-21,2021-02-10,0022000385,CHI,Patrick Williams,1630172,2082,1,,7,2,7,1,2,2,4,1,4,5,1,2,2,1,4
2020-21,2021-02-10,0022000385,CHI,Thaddeus Young,201152,1620,0,,8,4,6,0,1,0,0,2,5,7,4,1,0,2,3
2020-21,2021-02-10,0022000385,CHI,Tomas Satoransky,203107,1150,0,,3,1,2,1,2,0,0,0,2,2,8,0,0,3,3
2020-21,2021-02-10,0022000385,CHI,Zach LaVine,203897,2254,1,,46,17,25,9,14,3,3,1,6,7,4,0,1,5,0
2020-21,2021-02-10,0022000386,CHA,LaMelo Ball,1630163,1694,1,,17,8,15,1,4,0,0,1,1,2,5,3,1,3,0
2020-21,2021-02-11,0022000393,ORL,Nikola Vucevic,202696,2271,1,,25,8,23,3,6,6,6,1,12,13,5,0,0,3,3
2020-21,2021-02-11,0022000394,PHI,Tony Bradley,1628396,0,0,DNP - Coach's Decision,0,0,0,0,0,0,0,0,0,0,0,0,0,0,0
2020-21,2021-02-11,0022000398,BOS,Javonte Green,1629750,497,0,,3,1,3,1,2,0,0,0,1,1,0,1,0,0,0
2020-21,2021-02-11,0022000398,TOR,Stanley Johnson,1626169,964,0,,9,3,5,1,3,2,2,0,3,3,0,2,0,2,1
2020-21,2021-02-12,0022000395,CHA,LaMelo Ball,1630163,2205,1,,20,8,15,2,8,2,2,2,9,11,4,3,0,4,5
2020-21,2021-02-12,0022000397,SAS,DeMar DeRozan,201942,1542,1,,23,7,11,0,0,9,10,2,4,6,8,0,0,2,1
2020-21,2021-02-12,0022000399,NOP,Lonzo Ball,1628366,1936,1,,12,4,12,4,10,0,0,0,6,6,7,0,1,1,4
2020-21,2021-02-12,0022000400,CHI,Coby White,1629632,2025,1,,17,7,14,3,8,0,0,0,3,3,4,0,1,2,3
2020-21,2021-02-12,0022000400,CHI,Denzel Valentine,1627756,1359,0,,10,3,9,2,6,2,2,1,2,3,0,1,0,1,1
2020-21,2021-02-12,0022000400,CHI,Patrick Williams,1630172,2099,1,,3,1,5,0,1,1,2,0,4,4,1,0,1,1,2
2020-21,2021-02-12,0022000400,CHI,Thaddeus Young,201152,1528,0,,14,6,11,0,0,2,2,3,3,6,3,1,0,2,2
2020-21,2021-02-12,0022000400,CHI,Tomas Satoransky,203107,1771,0,,17,5,8,0,2,7,7,0,4,4,7,0,0,1,2
2020-21,2021-02-12,0022000400,CHI,Zach LaVine,203897,2052,1,,26,11,21,4,7,0,0,2,7,9,6,0,0,2,2
2020-21,2021-02-12,0022000403,LAL,Alex Caruso,1627936,1216,0,,2,1,4,0,3,0,0,0,3,3,6,2,0,1,2
2020-21,2021-02-12,0022000405,ORL,Nikola Vucevic,202696,2049,1,,42,17,22,6,8,2,3,1,8,9,4,2,0,1,1
2020-21,2021-02-12,0022000412,BOS,Javonte Green,1629750,734,0,,7,3,3,0,0,1,2,1,3,4,0,2,1,0,3
2020-21,2021-02-13,0022000406,PHI,Tony Bradley,1628396,110,0,,2,1,1,0,0,0,0,0,0,0,0,0,0,0,0
2020-21,2021-02-14,0022000413,TOR,Stanley Johnson,1626169,821,0,,0,0,2,0,1,0,0,1,3,4,0,0,1,1,2
2020-21,2021-02-14,0022000414,SAS,DeMar DeRozan,201942,2102,1,,8,3,8,1,3,1,1,0,2,2,9,2,0,1,1
2020-21,2021-02-14,0022000414,CHA,LaMelo Ball,1630163,2340,1,,17,7,20,3,8,0,0,3,9,12,8,3,1,5,4
2020-21,2021-02-14,0022000416,LAL,Alex Caruso,1627936,1178,0,,11,4,6,1,3,2,2,0,3,3,2,0,0,0,3
2020-21,2021-02-14,0022000417,ORL,Nikola Vucevic,202696,1661,1,,14,4,14,1,4,5,6,0,10,10,0,2,1,2,0
2020-21,2021-02-14,0022000560,BOS,Javonte Green,1629750,318,0,,3,0,1,0,1,3,4,0,0,0,0,0,0,0,0
2020-21,2021-02-14,0022000561,NOP,Lonzo Ball,1628366,1880,1,,13,5,11,3,7,0,0,2,2,4,3,0,0,5,4
2020-21,2021-02-15,0022000420,CHI,Coby White,1629632,2621,1,,19,7,18,1,6,4,4,0,7,7,8,0,0,3,2
2020-21,2021-02-15,0022000420,CHI,Denzel Valentine,1627756,1958,0,,11,3,9,3,5,2,2,1,3,4,2,0,0,1,3
2020-21,2021-02-15,0022000420,CHI,Patrick Williams,1630172,1592,1,,7,2,10,1,2,2,2,2,7,9,1,0,1,3,0
2020-21,2021-02-15,0022000420,CHI,Thaddeus Young,201152,1786,0,,13,6,8,0,0,1,1,5,6,11,4,2,0,3,4
2020-21,2021-02-15,0022000420,CHI,Tomas Satoransky,203107,1264,0,,13,5,9,2,2,1,1,0,3,3,4,1,0,0,1
2020-21,2021-02-15,0022000420,CHI,Wendell Carter Jr.,1628976,1259,1,,11,4,7,0,0,3,4,1,8,9,1,1,0,4,5
2020-21,2021-02-15,0022000420,CHI,Zach LaVine,203897,2301,1,,30,11,25,4,9,4,6,3,6,9,3,0,0,4,3
2020-21,2021-02-15,0022000423,PHI,Tony Bradley,1628396,0,0,DNP - Coach's Decision,0,0,0,0,0,0,0,0,0,0,0,0,0,0,0
2020-21,2021-02-16,0022000427,BOS,Javonte Green,1629750,871,0,,5,2,4,1,1,0,0,0,1,1,0,1,0,2,4
2020-21,2021-02-16,0022000429,NOP,Lonzo Ball,1628366,1648,1,,13,5,12,2,7,1,2,1,2,3,5,2,0,1,3
2020-21,2021-02-16,0022000430,TOR,Stanley Johnson,1626169,0,0,DNP - Coach's Decision,0,0,0,0,0,0,0,0,0,0,0,0,0,0,0
2020-21,2021-02-16,0022000431,LAL,Alex Caruso,1627936,1091,0,,4,1,2,1,2,1,2,0,2,2,3,1,1,0,2
2020-21,2021-02-17,0022000436,ORL,Nikola Vucevic,202696,2258,1,,16,8,24,0,7,0,0,2,14,16,5,1,0,2,2
2020-21,2021-02-17,0022000438,BOS,Javonte Green,1629750,1421,1,,9,2,4,1,1,4,4,1,2,3,0,2,0,1,2
2020-21,2021-02-17,0022000439,PHI,Tony Bradley,1628396,0,0,DNP - Coach's Decision,0,0,0,0,0,0,0,0,0,0,0,0,0,0,0
2020-21,2021-02-17,0022000441,NOP,Lonzo Ball,1628366,2138,1,,21,7,14,5,10,2,2,0,2,2,5,1,0,3,3
2020-21,2021-02-17,0022000564,CHI,Coby White,1629632,1456,1,,8,3,10,1,6,1,2,0,6,6,4,0,0,3,2
2020-21,2021-02-17,0022000564,CHI,Denzel Valentine,1627756,1550,0,,3,1,11,1,8,0,0,0,8,8,3,0,0,0,1
2020-21,2021-02-17,0022000564,CHI,Patrick Williams,1630172,1770,1,,15,5,7,1,2,4,5,1,4,5,2,1,1,0,3
2020-21,2021-02-17,0022000564,CHI,Thaddeus Young,201152,1437,0,,9,4,10,0,1,1,4,4,6,10,7,2,1,3,6
2020-21,2021-02-17,0022000564,CHI,Tomas Satoransky,203107,1612,0,,4,2,7,0,1,0,0,1,2,3,5,0,0,1,3
2020-21,2021-02-17,0022000564,CHI,Wendell Carter Jr.,1628976,1604,1,,18,7,9,0,0,4,6,1,2,3,0,1,2,0,0
2020-21,2021-02-17,0022000564,CHI,Zach LaVine,203897,2116,1,,37,14,22,4,6,5,7,1,4,5,5,3,0,5,3
2020-21,2021-02-18,0022000445,TOR,Stanley Johnson,1626169,79,0,,3,1,1,1,1,0,0,0,0,0,0,0,0,0,0
2020-21,2021-02-18,0022000446,LAL,Alex Caruso,1627936,1543,0,,2,1,5,0,1,0,0,1,4,5,3,3,0,2,1
2020-21,2021-02-19,0022000449,ORL,Nikola Vucevic,202696,2338,1,,30,13,23,2,8,2,2,0,16,16,10,1,1,0,1
2020-21,2021-02-19,0022000450,CHI,Coby White,1629632,1614,1,,9,4,11,1,5,0,0,2,4,6,5,0,0,0,3
2020-21,2021-02-19,0022000450,CHI,Denzel Valentine,1627756,933,0,,3,1,4,1,4,0,0,0,3,3,0,0,0,0,1
2020-21,2021-02-19,0022000450,CHI,Patrick Williams,1630172,1884,1,,6,2,5,0,1,2,2,0,3,3,2,1,0,3,2
2020-21,2021-02-19,0022000450,CHI,Thaddeus Young,201152,1221,0,,12,6,9,0,0,0,0,6,3,9,3,0,1,2,4
2020-21,2021-02-19,0022000450,CHI,Tomas Satoransky,203107,1276,0,,10,3,4,1,2,3,3,1,1,2,2,0,0,0,1
2020-21,2021-02-19,0022000450,PHI,Tony Bradley,1628396,0,0,DNP - Coach's Decision,0,0,0,0,0,0,0,0,0,0,0,0,0,0,0
2020-21,2021-02-19,0022000450,CHI,Wendell Carter Jr.,1628976,1495,1,,15,7,13,1,2,0,0,0,4,4,1,0,0,1,3
2020-21,2021-02-19,0022000450,CHI,Zach LaVine,203897,2277,1,,30,9,28,2,10,10,10,1,4,5,5,2,1,4,4
2020-21,2021-02-19,0022000451,BOS,Javonte Green,1629750,231,0,,0,0,0,0,0,0,0,1,0,1,0,0,0,1,2
2020-21,2021-02-19,0022000454,TOR,Stanley Johnson,1626169,687,0,,0,0,1,0,1,0,0,0,2,2,1,1,0,2,1
2020-21,2021-02-19,0022000455,NOP,Lonzo Ball,1628366,2162,1,,21,6,13,6,12,3,4,0,1,1,12,3,2,0,2
2020-21,2021-02-20,0022000459,CHA,LaMelo Ball,1630163,1907,1,,7,3,10,1,5,0,0,0,3,3,7,2,1,5,3
2020-21,2021-02-20,0022000460,CHI,Coby White,1629632,2104,1,,19,6,14,5,8,2,2,1,2,3,2,1,1,0,3
2020-21,2021-02-20,0022000460,CHI,Denzel Valentine,1627756,918,0,,0,0,4,0,2,0,0,0,5,5,2,0,0,3,1
2020-21,2021-02-20,0022000460,CHI,Patrick Williams,1630172,2120,1,,11,5,10,1,3,0,0,1,10,11,3,1,0,3,4
2020-21,2021-02-20,0022000460,CHI,Thaddeus Young,201152,1317,0,,18,8,12,0,0,2,3,0,3,3,4,0,2,0,2
2020-21,2021-02-20,0022000460,CHI,Tomas Satoransky,203107,1130,0,,10,4,4,0,0,2,2,0,2,2,4,0,1,2,1
2020-21,2021-02-20,0022000460,CHI,Wendell Carter Jr.,1628976,1988,1,,7,3,7,0,0,1,2,0,5,5,5,0,2,2,4
2020-21,2021-02-20,0022000460,CHI,Zach LaVine,203897,2152,1,,38,15,20,3,6,5,5,0,4,4,3,2,0,3,3
2020-21,2021-02-20,0022000463,LAL,Alex Caruso,1627936,1185,0,,0,0,3,0,2,0,0,0,1,1,4,0,0,2,2
2020-21,2021-02-21,0022000465,BOS,Javonte Green,1629750,0,0,DNP - Coach's Decision,0,0,0,0,0,0,0,0,0,0,0,0,0,0,0
2020-21,2021-02-21,0022000465,NOP,Lonzo Ball,1628366,2318,1,,16,5,11,3,6,3,4,0,6,6,4,2,0,6,3
2020-21,2021-02-21,0022000467,ORL,Nikola Vucevic,202696,2171,1,,37,14,27,2,6,7,7,0,12,12,3,1,2,1,2
2020-21,2021-02-21,0022000468,TOR,Stanley Johnson,1626169,38,0,,0,0,0,0,0,0,0,0,0,0,0,0,0,0,0
2020-21,2021-02-21,0022000468,PHI,Tony Bradley,1628396,0,0,DNP - Coach's Decision,0,0,0,0,0,0,0,0,0,0,0,0,0,0,0
2020-21,2021-02-22,0022000474,CHI,Coby White,1629632,1848,1,,24,10,16,4,7,0,0,1,9,10,2,0,1,0,4
2020-21,2021-02-22,0022000474,CHI,Denzel Valentine,1627756,1122,0,,5,2,9,1,7,0,0,0,6,6,1,1,0,0,2
2020-21,2021-02-22,0022000474,CHI,Patrick Williams,1630172,2052,1,,14,6,8,2,4,0,0,1,6,7,1,1,1,1,2
2020-21,2021-02-22,0022000474,CHI,Thaddeus Young,201152,1207,0,,17,8,9,0,0,1,3,1,7,8,5,0,0,2,1
2020-21,2021-02-22,0022000474,CHI,Tomas Satoransky,203107,1763,0,,10,4,9,2,4,0,0,0,0,0,4,1,0,2,0
2020-21,2021-02-22,0022000474,CHI,Wendell Carter Jr.,1628976,1729,1,,18,8,14,0,0,2,2,4,9,13,1,2,3,3,4
2020-21,2021-02-22,0022000474,CHI,Zach LaVine,203897,1908,1,,21,7,14,4,6,3,3,0,5,5,6,0,0,2,3
2020-21,2021-02-22,0022000478,CHA,LaMelo Ball,1630163,2291,1,,21,8,20,2,7,3,3,2,5,7,4,3,0,3,2
2020-21,2021-02-22,0022000479,LAL,Alex Caruso,1627936,1866,0,,11,4,10,1,4,2,2,2,2,4,3,2,1,1,3
2020-21,2021-02-23,0022000481,ORL,Nikola Vucevic,202696,1968,1,,20,9,22,2,8,0,0,1,8,9,4,0,2,1,1
2020-21,2021-02-23,0022000484,TOR,Stanley Johnson,1626169,0,0,DNP - Coach's Decision,0,0,0,0,0,0,0,0,0,0,0,0,0,0,0
2020-21,2021-02-23,0022000484,PHI,Tony Bradley,1628396,0,0,DNP - Coach's Decision,0,0,0,0,0,0,0,0,0,0,0,0,0,0,0
2020-21,2021-02-23,0022000485,BOS,Javonte Green,1629750,0,0,DNP - Coach's Decision,0,0,0,0,0,0,0,0,0,0,0,0,0,0,0
2020-21,2021-02-24,0022000490,BOS,Javonte Green,1629750,794,0,,6,3,3,0,0,0,0,1,1,2,0,1,0,0,2
2020-21,2021-02-24,0022000492,TOR,Stanley Johnson,1626169,209,0,,0,0,1,0,1,0,0,0,0,0,1,0,0,1,0
2020-21,2021-02-24,0022000493,CHI,Coby White,1629632,1950,1,,20,9,17,0,6,2,2,1,7,8,6,0,0,7,2
2020-21,2021-02-24,0022000493,CHI,Denzel Valentine,1627756,1185,0,,10,5,10,0,0,0,0,2,3,5,3,3,0,0,1
2020-21,2021-02-24,0022000493,CHI,Patrick Williams,1630172,1640,1,,13,5,8,1,2,2,2,1,3,4,2,2,1,1,2
2020-21,2021-02-24,0022000493,CHI,Thaddeus Young,201152,1711,0,,14,7,14,0,1,0,1,1,1,2,6,4,0,1,3
2020-21,2021-02-24,0022000493,CHI,Tomas Satoransky,203107,1535,0,,16,6,7,2,3,2,3,1,4,5,4,0,0,2,0
2020-21,2021-02-24,0022000493,CHI,Wendell Carter Jr.,1628976,1899,1,,17,6,8,1,2,4,4,0,10,10,2,2,2,1,5
2020-21,2021-02-24,0022000493,CHI,Zach LaVine,203897,2471,1,,35,14,21,5,8,2,2,0,2,2,2,0,0,7,1
2020-21,2021-02-24,0022000494,NOP,Lonzo Ball,1628366,2080,1,,12,4,8,2,5,2,2,2,4,6,8,3,0,2,0
2020-21,2021-02-24,0022000495,SAS,DeMar DeRozan,201942,0,0,DNP - Personal,0,0,0,0,0,0,0,0,0,0,0,0,0,0,0
2020-21,2021-02-24,0022000496,CHA,LaMelo Ball,1630163,1808,1,,20,7,11,3,7,3,3,1,3,4,8,2,0,3,4
2020-21,2021-02-24,0022000497,LAL,Alex Caruso,1627936,981,0,,3,1,8,0,3,1,2,1,0,1,0,0,1,0,2
2020-21,2021-02-25,0022000498,PHI,Tony Bradley,1628396,246,0,,2,1,1,0,0,0,0,0,0,0,0,0,0,0,0
2020-21,2021-02-25,0022000499,ORL,Nikola Vucevic,202696,1919,1,,28,12,23,3,7,1,1,2,10,12,2,0,0,4,1
2020-21,2021-02-25,0022000503,NOP,Lonzo Ball,1628366,2076,1,,20,7,14,6,10,0,0,0,1,1,8,1,1,1,1
2020-21,2021-02-26,0022000505,BOS,Javonte Green,1629750,205,0,,2,1,1,0,0,0,0,0,0,0,0,0,0,0,0
2020-21,2021-02-26,0022000506,TOR,Stanley Johnson,1626169,158,0,,0,0,1,0,1,0,0,0,1,1,1,0,0,0,0
2020-21,2021-02-26,0022000508,CHI,Coby White,1629632,1870,1,,19,7,16,1,6,4,4,0,5,5,4,0,0,3,3
2020-21,2021-02-26,0022000508,CHI,Denzel Valentine,1627756,1246,0,,4,2,8,0,4,0,0,0,5,5,4,1,0,0,0
2020-21,2021-02-26,0022000508,CHI,Patrick Williams,1630172,2007,1,,4,2,8,0,3,0,0,2,5,7,2,0,1,1,0
2020-21,2021-02-26,0022000508,CHI,Thaddeus Young,201152,1290,0,,13,6,10,0,0,1,2,3,6,9,5,0,0,0,1
2020-21,2021-02-26,0022000508,CHI,Tomas Satoransky,203107,1234,0,,12,5,6,2,2,0,0,0,2,2,1,0,0,2,1
2020-21,2021-02-26,0022000508,CHI,Wendell Carter Jr.,1628976,1474,1,,2,1,3,0,0,0,0,0,5,5,2,1,0,4,3
2020-21,2021-02-26,0022000508,CHI,Zach LaVine,203897,1982,1,,24,9,16,4,8,2,4,0,1,1,4,0,0,5,4
2020-21,2021-02-26,0022000511,CHA,LaMelo Ball,1630163,2230,1,,22,7,16,3,8,5,8,3,4,7,6,1,0,3,5
2020-21,2021-02-26,0022000512,LAL,Alex Caruso,1627936,1829,0,,10,4,10,2,5,0,0,0,6,6,2,2,0,0,4
2020-21,2021-02-27,0022000513,PHI,Tony Bradley,1628396,0,0,DNP - Coach's Decision,0,0,0,0,0,0,0,0,0,0,0,0,0,0,0
2020-21,2021-02-27,0022000514,SAS,DeMar DeRozan,201942,2303,1,,32,11,18,0,1,10,12,0,1,1,11,2,0,1,4
2020-21,2021-02-27,0022000514,NOP,Lonzo Ball,1628366,2146,1,,16,6,17,3,12,1,1,0,3,3,4,0,0,1,0
2020-21,2021-02-27,0022000516,ORL,Nikola Vucevic,202696,2078,1,,34,14,26,5,7,1,1,1,7,8,4,1,1,1,4
2020-21,2021-02-28,0022000524,BOS,Javonte Green,1629750,2003,1,,8,4,5,0,1,0,1,1,1,2,2,0,0,0,3
2020-21,2021-02-28,0022000527,LAL,Alex Caruso,1627936,1247,0,,13,5,8,1,2,2,5,1,3,4,4,1,0,1,2
2020-21,2021-02-28,0022000528,CHA,LaMelo Ball,1630163,2311,1,,24,7,12,1,2,9,10,0,4,4,12,0,1,3,4
2020-21,2021-03-01,0022000529,ORL,Nikola Vucevic,202696,2129,1,,29,12,24,5,8,0,0,2,13,15,8,0,0,2,1
2020-21,2021-03-01,0022000530,PHI,Tony Bradley,1628396,345,0,,4,2,2,0,0,0,0,0,0,0,0,0,1,0,0
2020-21,2021-03-01,0022000531,CHI,Coby White,1629632,2226,1,,20,7,17,2,7,4,4,3,7,10,3,0,0,3,3
2020-21,2021-03-01,0022000531,CHI,Denzel Valentine,1627756,1490,0,,13,5,15,3,8,0,0,0,4,4,3,0,0,0,1
2020-21,2021-03-01,0022000531,CHI,Patrick Williams,1630172,1918,1,,13,5,11,2,4,1,3,2,2,4,0,0,1,0,1
2020-21,2021-03-01,0022000531,CHI,Thaddeus Young,201152,1709,0,,12,6,9,0,0,0,0,4,2,6,4,5,0,2,1
2020-21,2021-03-01,0022000531,CHI,Tomas Satoransky,203107,1196,0,,3,1,4,1,2,0,0,1,3,4,5,0,0,0,0
2020-21,2021-03-01,0022000531,CHI,Wendell Carter Jr.,1628976,1362,1,,8,2,4,0,0,4,6,2,1,3,2,0,0,1,4
2020-21,2021-03-01,0022000531,CHI,Zach LaVine,203897,1912,1,,23,9,20,1,8,4,6,1,8,9,5,1,1,4,3
2020-21,2021-03-01,0022000533,NOP,Lonzo Ball,1628366,2330,1,,23,9,16,3,5,2,2,0,7,7,8,0,2,0,2
2020-21,2021-03-01,0022000534,SAS,DeMar DeRozan,201942,2521,1,,22,9,21,0,1,4,5,2,4,6,11,0,0,3,4
2020-21,2021-03-01,0022000535,CHA,LaMelo Ball,1630163,1920,1,,30,10,18,5,7,5,6,2,4,6,8,4,1,3,3
2020-21,2021-03-02,0022000537,BOS,Javonte Green,1629750,0,0,DNP - Coach's Decision,0,0,0,0,0,0,0,0,0,0,0,0,0,0,0
2020-21,2021-03-02,0022000541,SAS,DeMar DeRozan,201942,1784,1,,10,2,5,0,0,6,6,0,4,4,11,4,0,0,1
2020-21,2021-03-02,0022000542,LAL,Alex Caruso,1627936,1219,0,,7,2,4,2,3,1,2,1,5,6,4,0,0,1,1
2020-21,2021-03-03,0022000539,TOR,Stanley Johnson,1626169,1076,0,,0,0,3,0,2,0,0,0,1,1,1,0,1,1,3
2020-21,2021-03-03,0022000544,ORL,Nikola Vucevic,202696,2181,1,,29,10,21,2,8,7,7,3,6,9,3,1,1,2,2
2020-21,2021-03-03,0022000545,PHI,Tony Bradley,1628396,0,0,DNP - Coach's Decision,0,0,0,0,0,0,0,0,0,0,0,0,0,0,0
2020-21,2021-03-03,0022000547,CHA,LaMelo Ball,1630163,1581,1,,19,7,13,4,5,1,2,0,7,7,5,2,0,4,0
2020-21,2021-03-03,0022000548,CHI,Coby White,1629632,1967,1,,25,8,16,4,7,5,5,0,2,2,3,1,0,1,3
2020-21,2021-03-03,0022000548,CHI,Denzel Valentine,1627756,873,0,,11,5,10,1,2,0,0,2,2,4,0,0,0,2,1
2020-21,2021-03-03,0022000548,CHI,Lauri Markkanen,1628374,0,0,DND - Injury/Illness,0,0,0,0,0,0,0,0,0,0,0,0,0,0,0
2020-21,2021-03-03,0022000548,NOP,Lonzo Ball,1628366,1585,1,,12,5,10,2,6,0,0,0,1,1,5,3,1,2,1
2020-21,2021-03-03,0022000548,CHI,Patrick Williams,1630172,1572,1,,13,6,7,1,2,0,0,0,4,4,1,0,3,1,5
2020-21,2021-03-03,0022000548,CHI,Thaddeus Young,201152,1660,0,,18,8,10,0,0,2,3,0,5,5,3,1,3,2,2
2020-21,2021-03-03,0022000548,CHI,Tomas Satoransky,203107,1245,0,,2,1,5,0,1,0,0,0,2,2,4,1,0,2,3
2020-21,2021-03-03,0022000548,CHI,Wendell Carter Jr.,1628976,1645,1,,7,3,11,1,1,0,0,7,8,15,4,0,1,0,3
2020-21,2021-03-03,0022000548,CHI,Zach LaVine,203897,2101,1,,36,12,19,4,8,8,8,1,1,2,8,2,0,4,1
2020-21,2021-03-04,0022000552,BOS,Javonte Green,1629750,0,0,DNP - Coach's Decision,0,0,0,0,0,0,0,0,0,0,0,0,0,0,0
2020-21,2021-03-04,0022000552,TOR,Stanley Johnson,1626169,2140,1,,14,5,10,4,7,0,0,1,1,2,1,2,0,0,2
2020-21,2021-03-04,0022000556,SAS,DeMar DeRozan,201942,2189,1,,20,8,21,0,2,4,4,1,5,6,4,0,0,4,2
2020-21,2021-03-04,0022000557,NOP,Lonzo Ball,1628366,1851,1,,10,4,16,2,11,0,0,2,2,4,1,0,0,3,0
2020-21,2021-03-10,0022000567,SAS,DeMar DeRozan,201942,2222,1,,30,12,19,1,1,5,8,0,0,0,11,4,0,1,4
2020-21,2021-03-11,0022000568,CHA,LaMelo Ball,1630163,1762,1,,7,3,11,1,5,0,0,1,4,5,9,1,0,5,4
2020-21,2021-03-11,0022000569,BOS,Javonte Green,1629750,0,0,DNP - Coach's Decision,0,0,0,0,0,0,0,0,0,0,0,0,0,0,0
2020-21,2021-03-11,0022000570,TOR,Stanley Johnson,1626169,1608,1,,11,4,7,3,5,0,0,1,3,4,2,1,0,0,5
2020-21,2021-03-11,0022000571,ORL,Nikola Vucevic,202696,2048,1,,24,10,20,2,7,2,2,3,14,17,3,0,0,2,2
2020-21,2021-03-11,0022000572,CHI,Coby White,1629632,1477,1,,18,7,16,4,7,0,0,0,2,2,4,0,0,1,3
2020-21,2021-03-11,0022000572,CHI,Denzel Valentine,1627756,298,0,,2,1,1,0,0,0,0,0,1,1,1,0,0,1,0
2020-21,2021-03-11,0022000572,CHI,Lauri Markkanen,1628374,1652,1,,23,8,11,7,7,0,0,0,4,4,0,0,1,1,1
2020-21,2021-03-11,0022000572,CHI,Patrick Williams,1630172,1908,1,,4,1,4,1,2,1,2,0,1,1,4,1,0,1,3
2020-21,2021-03-11,0022000572,CHI,Thaddeus Young,201152,1040,0,,14,6,9,0,0,2,2,4,4,8,2,0,2,2,1
2020-21,2021-03-11,0022000572,CHI,Tomas Satoransky,203107,1498,0,,8,2,4,0,2,4,4,0,1,1,4,0,0,3,1
2020-21,2021-03-11,0022000572,PHI,Tony Bradley,1628396,1294,1,,14,7,7,0,0,0,0,3,2,5,0,0,3,0,2
2020-21,2021-03-11,0022000572,CHI,Wendell Carter Jr.,1628976,906,1,,8,3,8,0,1,2,2,3,6,9,1,0,2,2,3
2020-21,2021-03-11,0022000572,CHI,Zach LaVine,203897,1923,1,,19,7,16,1,5,4,4,0,4,4,7,0,0,4,1
2020-21,2021-03-11,0022000574,NOP,Lonzo Ball,1628366,1692,1,,10,3,12,3,9,1,2,1,1,2,7,2,1,1,0
2020-21,2021-03-12,0022000579,PHI,Tony Bradley,1628396,551,0,,6,3,4,0,0,0,0,0,3,3,1,0,0,0,1
2020-21,2021-03-12,0022000581,NOP,Lonzo Ball,1628366,1508,1,,3,1,7,1,5,0,0,0,4,4,6,1,1,2,0
2020-21,2021-03-12,0022000582,CHI,Coby White,1629632,2025,1,,8,3,13,2,8,0,0,1,2,3,5,2,0,0,3
2020-21,2021-03-12,0022000582,CHI,Denzel Valentine,1627756,1043,0,,5,2,6,1,4,0,0,1,6,7,1,1,0,1,2
2020-21,2021-03-12,0022000582,CHI,Lauri Markkanen,1628374,1983,1,,20,8,18,4,10,0,0,1,5,6,2,0,0,2,2
2020-21,2021-03-12,0022000582,CHI,Patrick Williams,1630172,1236,1,,3,1,6,1,1,0,0,1,1,2,0,1,0,3,0
2020-21,2021-03-12,0022000582,CHI,Thaddeus Young,201152,1533,0,,13,6,13,0,0,1,1,4,6,10,3,1,1,2,1
2020-21,2021-03-12,0022000582,CHI,Tomas Satoransky,203107,946,0,,2,1,6,0,3,0,0,0,1,1,3,0,0,1,0
2020-21,2021-03-12,0022000582,CHI,Wendell Carter Jr.,1628976,1347,1,,4,1,5,0,0,2,2,4,6,10,3,0,0,0,2
2020-21,2021-03-12,0022000582,CHI,Zach LaVine,203897,2256,1,,30,10,16,6,8,4,4,0,6,6,6,0,2,5,3
2020-21,2021-03-12,0022000583,ORL,Nikola Vucevic,202696,1743,1,,26,12,18,2,2,0,0,3,6,9,3,0,0,4,1
2020-21,2021-03-12,0022000585,LAL,Alex Caruso,1627936,440,0,,4,1,1,0,0,2,2,0,2,2,1,0,0,0,0
2020-21,2021-03-13,0022000588,CHA,LaMelo Ball,1630163,1869,1,,23,7,11,6,9,3,3,2,7,9,6,1,1,2,1
2020-21,2021-03-13,0022000588,TOR,Stanley Johnson,1626169,853,1,,3,1,5,1,4,0,0,0,2,2,1,0,0,1,2
2020-21,2021-03-14,0022000595,PHI,Tony Bradley,1628396,1249,1,,4,2,3,0,0,0,0,2,6,8,4,0,0,0,3
2020-21,2021-03-14,0022000596,ORL,Nikola Vucevic,202696,2294,1,,38,15,27,6,13,2,3,1,9,10,6,2,0,7,3
2020-21,2021-03-14,0022000598,BOS,Javonte Green,1629750,405,0,,0,0,0,0,0,0,0,0,2,2,0,0,0,0,0
2020-21,2021-03-14,0022000600,CHI,Coby White,1629632,1644,0,,13,5,12,2,8,1,2,0,4,4,5,0,1,3,3
2020-21,2021-03-14,0022000600,CHI,Denzel Valentine,1627756,1188,0,,11,4,7,3,6,0,0,0,5,5,2,1,0,0,1
2020-21,2021-03-14,0022000600,CHI,Lauri Markkanen,1628374,1924,1,,13,4,12,2,9,3,3,0,7,7,1,1,1,0,0
2020-21,2021-03-14,0022000600,CHI,Patrick Williams,1630172,1594,1,,23,9,14,1,4,4,5,2,4,6,4,1,1,0,4
2020-21,2021-03-14,0022000600,TOR,Stanley Johnson,1626169,855,1,,2,1,2,0,1,0,0,0,3,3,0,0,1,1,0
2020-21,2021-03-14,0022000600,CHI,Thaddeus Young,201152,1357,1,,10,5,10,0,0,0,0,3,4,7,7,0,0,2,2
2020-21,2021-03-14,0022000600,CHI,Tomas Satoransky,203107,1533,1,,10,4,8,2,4,0,0,3,3,6,7,1,2,3,3
2020-21,2021-03-14,0022000600,CHI,Wendell Carter Jr.,1628976,1131,0,,12,4,9,0,0,4,5,4,7,11,1,1,1,0,4
2020-21,2021-03-14,0022000600,CHI,Zach LaVine,203897,2012,1,,15,4,10,1,5,6,8,0,6,6,3,0,1,3,1
2020-21,2021-03-14,0022000601,NOP,Lonzo Ball,1628366,1822,1,,20,7,10,5,8,1,1,0,8,8,5,1,0,3,2
2020-21,2021-03-15,0022000602,CHA,LaMelo Ball,1630163,1529,1,,16,7,15,0,3,2,3,0,4,4,4,1,0,0,3
2020-21,2021-03-15,0022000608,LAL,Alex Caruso,1627936,0,0,DNP - Injury/Illness,0,0,0,0,0,0,0,0,0,0,0,0,0,0,0
2020-21,2021-03-16,0022000609,BOS,Javonte Green,1629750,0,0,DNP - Coach's Decision,0,0,0,0,0,0,0,0,0,0,0,0,0,0,0
2020-21,2021-03-16,0022000611,PHI,Tony Bradley,1628396,1006,1,,0,0,1,0,0,0,0,3,4,7,1,0,0,1,1
2020-21,2021-03-16,0022000612,CHI,Coby White,1629632,1700,0,,4,2,7,0,3,0,0,0,1,1,3,2,0,0,2
2020-21,2021-03-16,0022000612,CHI,Denzel Valentine,1627756,642,0,,2,1,4,0,3,0,0,1,1,2,0,0,0,0,0
2020-21,2021-03-16,0022000612,CHI,Lauri Markkanen,1628374,1935,1,,22,7,14,3,9,5,7,1,4,5,1,0,2,1,3
2020-21,2021-03-16,0022000612,CHI,Patrick Williams,1630172,1459,1,,2,1,9,0,2,0,0,0,3,3,0,0,1,1,1
2020-21,2021-03-16,0022000612,CHI,Thaddeus Young,201152,1335,1,,17,8,11,0,0,1,1,3,7,10,6,2,0,3,1
2020-21,2021-03-16,0022000612,CHI,Tomas Satoransky,203107,1838,1,,13,4,7,1,3,4,4,0,2,2,7,3,0,2,3
2020-21,2021-03-16,0022000612,CHI,Wendell Carter Jr.,1628976,1365,0,,9,4,8,0,0,1,2,1,8,9,2,0,1,1,1
2020-21,2021-03-16,0022000612,CHI,Zach LaVine,203897,1858,1,,40,15,20,7,12,3,3,1,2,3,2,1,0,1,2
2020-21,2021-03-16,0022000614,NOP,Lonzo Ball,1628366,2116,1,,11,4,8,3,7,0,0,1,2,3,17,2,0,2,2
2020-21,2021-03-16,0022000615,LAL,Alex Caruso,1627936,0,0,DNP - Injury/Illness,0,0,0,0,0,0,0,0,0,0,0,0,0,0,0
2020-21,2021-03-17,0022000616,TOR,Stanley Johnson,1626169,683,0,,0,0,2,0,1,0,0,1,0,1,0,0,0,0,1
2020-21,2021-03-17,0022000618,PHI,Tony Bradley,1628396,947,1,,6,3,4,0,0,0,0,3,3,6,2,1,0,1,2
2020-21,2021-03-17,0022000620,BOS,Javonte Green,1629750,201,0,,0,0,0,0,0,0,0,0,0,0,0,0,0,0,1
2020-21,2021-03-17,0022000621,CHI,Coby White,1629632,1351,0,,9,3,11,1,7,2,2,1,2,3,0,2,0,3,4
2020-21,2021-03-17,0022000621,CHI,Denzel Valentine,1627756,421,0,,2,1,4,0,3,0,0,1,1,2,0,0,0,0,1
2020-21,2021-03-17,0022000621,CHI,Lauri Markkanen,1628374,2003,1,,10,4,10,2,6,0,0,3,4,7,1,0,1,1,2
2020-21,2021-03-17,0022000621,CHI,Patrick Williams,1630172,1925,1,,10,4,7,2,3,0,0,4,10,14,1,0,0,2,3
2020-21,2021-03-17,0022000621,CHI,Thaddeus Young,201152,1844,1,,16,8,16,0,0,0,0,1,7,8,5,2,1,6,4
2020-21,2021-03-17,0022000621,CHI,Tomas Satoransky,203107,2048,1,,7,3,8,1,3,0,0,1,1,2,7,1,0,1,1
2020-21,2021-03-17,0022000621,CHI,Wendell Carter Jr.,1628976,1036,0,,10,3,7,0,0,4,4,2,4,6,2,0,0,1,4
2020-21,2021-03-17,0022000621,CHI,Zach LaVine,203897,2263,1,,29,12,21,3,7,2,3,0,6,6,6,1,1,2,3
2020-21,2021-03-17,0022000624,CHA,LaMelo Ball,1630163,1348,1,,14,5,11,1,5,3,4,0,1,1,2,1,0,2,4
2020-21,2021-03-18,0022000627,ORL,Nikola Vucevic,202696,2156,1,,17,8,20,1,6,0,0,3,13,16,4,1,2,4,3
2020-21,2021-03-18,0022000629,NOP,Lonzo Ball,1628366,2304,1,,15,6,15,3,11,0,0,0,4,4,8,1,1,2,2
2020-21,2021-03-18,0022000630,LAL,Alex Caruso,1627936,1410,0,,5,1,7,0,2,3,4,2,3,5,3,2,0,0,2
2020-21,2021-03-18,0022000630,CHA,LaMelo Ball,1630163,2003,1,,26,10,18,2,5,4,5,0,5,5,7,1,0,6,5
2020-21,2021-03-19,0022000435,SAS,DeMar DeRozan,201942,2187,1,,20,7,12,0,0,6,7,0,1,1,7,0,0,3,1
2020-21,2021-03-19,0022000631,BOS,Javonte Green,1629750,0,0,DNP - Coach's Decision,0,0,0,0,0,0,0,0,0,0,0,0,0,0,0
2020-21,2021-03-19,0022000633,ORL,Nikola Vucevic,202696,2309,1,,22,8,24,2,8,4,6,1,13,14,8,2,1,4,4
2020-21,2021-03-19,0022000634,TOR,Stanley Johnson,1626169,0,0,DNP - Coach's Decision,0,0,0,0,0,0,0,0,0,0,0,0,0,0,0
2020-21,2021-03-19,0022000637,CHI,Coby White,1629632,1697,0,,17,7,13,3,3,0,0,1,3,4,2,0,0,3,2
2020-21,2021-03-19,0022000637,CHI,Denzel Valentine,1627756,1218,0,,8,3,6,1,3,1,1,0,4,4,3,1,0,1,0
2020-21,2021-03-19,0022000637,CHI,Lauri Markkanen,1628374,1744,1,,10,4,11,2,6,0,1,1,1,2,2,1,0,1,1
2020-21,2021-03-19,0022000637,CHI,Patrick Williams,1630172,1289,1,,6,2,7,1,2,1,2,1,5,6,1,1,1,0,0
2020-21,2021-03-19,0022000637,CHI,Thaddeus Young,201152,1691,1,,11,5,7,1,1,0,1,3,7,10,6,1,0,2,4
2020-21,2021-03-19,0022000637,CHI,Tomas Satoransky,203107,1849,1,,8,2,3,1,2,3,4,1,2,3,5,0,0,4,3
2020-21,2021-03-19,0022000637,CHI,Wendell Carter Jr.,1628976,1406,0,,6,2,5,1,1,1,4,2,4,6,5,0,0,0,4
2020-21,2021-03-19,0022000637,CHI,Zach LaVine,203897,2259,1,,32,10,20,3,9,9,9,0,2,2,4,0,0,3,2
2020-21,2021-03-20,0022000640,LAL,Alex Caruso,1627936,1240,0,,3,1,3,1,1,0,2,2,2,4,2,1,1,1,2
2020-21,2021-03-20,0022000641,PHI,Tony Bradley,1628396,1429,1,,14,6,8,0,0,2,2,1,7,8,1,0,1,1,3
2020-21,2021-03-20,0022000643,SAS,DeMar DeRozan,201942,2299,1,,22,8,18,1,3,5,6,0,3,3,13,1,2,1,0
2020-21,2021-03-20,0022000644,CHA,LaMelo Ball,1630163,1307,1,,13,4,12,1,4,4,7,0,5,5,2,3,0,1,4
2020-21,2021-03-21,0022000167,BOS,Javonte Green,1629750,0,0,DNP - Coach's Decision,0,0,0,0,0,0,0,0,0,0,0,0,0,0,0
2020-21,2021-03-21,0022000167,ORL,Nikola Vucevic,202696,2210,1,,22,9,20,3,6,1,2,3,10,13,3,0,0,0,1
2020-21,2021-03-21,0022000646,NOP,Lonzo Ball,1628366,0,0,DND - Injury/Illness,0,0,0,0,0,0,0,0,0,0,0,0,0,0,0
2020-21,2021-03-21,0022000648,TOR,Stanley Johnson,1626169,891,0,,2,1,4,0,3,0,0,1,0,1,0,2,0,0,3
2020-21,2021-03-21,0022000649,CHI,Coby White,1629632,1015,0,,7,2,7,1,2,2,2,0,3,3,4,2,0,4,1
2020-21,2021-03-21,0022000649,CHI,Denzel Valentine,1627756,1115,0,,9,3,5,3,4,0,0,1,2,3,2,0,0,0,1
2020-21,2021-03-21,0022000649,CHI,Lauri Markkanen,1628374,1737,1,,16,6,15,3,9,1,1,1,7,8,0,0,1,0,2
2020-21,2021-03-21,0022000649,CHI,Patrick Williams,1630172,2041,1,,10,5,5,0,0,0,0,0,7,7,1,0,2,2,3
2020-21,2021-03-21,0022000649,CHI,Thaddeus Young,201152,1233,1,,8,3,9,0,0,2,2,1,7,8,5,3,0,2,3
2020-21,2021-03-21,0022000649,CHI,Tomas Satoransky,203107,1650,1,,8,4,9,0,1,0,0,0,2,2,9,3,1,3,1
2020-21,2021-03-21,0022000649,CHI,Wendell Carter Jr.,1628976,817,0,,4,0,2,0,0,4,4,1,2,3,0,0,1,0,1
2020-21,2021-03-21,0022000649,CHI,Zach LaVine,203897,1950,1,,18,6,16,3,7,3,3,0,3,3,1,0,1,4,0
2020-21,2021-03-21,0022000650,PHI,Tony Bradley,1628396,1168,1,,0,0,1,0,0,0,2,2,4,6,2,0,0,1,2
2020-21,2021-03-21,0022000651,LAL,Alex Caruso,1627936,1496,0,,7,2,5,0,1,3,3,0,5,5,4,0,0,3,5
2020-21,2021-03-22,0022000655,SAS,DeMar DeRozan,201942,2099,1,,28,11,16,0,2,6,7,0,2,2,5,1,0,0,5
2020-21,2021-03-22,0022000656,CHI,Coby White,1629632,1407,0,,10,4,12,2,5,0,0,0,1,1,3,0,0,3,1
2020-21,2021-03-22,0022000656,CHI,Denzel Valentine,1627756,986,0,,2,0,4,0,4,2,2,0,1,1,1,0,0,1,0
2020-21,2021-03-22,0022000656,CHI,Lauri Markkanen,1628374,1130,1,,8,3,12,0,2,2,2,2,5,7,1,1,0,0,0
2020-21,2021-03-22,0022000656,CHI,Patrick Williams,1630172,1835,1,,6,3,6,0,2,0,0,0,4,4,1,1,1,1,2
2020-21,2021-03-22,0022000656,CHI,Thaddeus Young,201152,1541,1,,14,7,14,0,0,0,0,5,4,9,2,1,0,1,0
2020-21,2021-03-22,0022000656,CHI,Tomas Satoransky,203107,1818,1,,13,5,7,0,1,3,3,0,2,2,4,1,2,1,2
2020-21,2021-03-22,0022000656,CHI,Wendell Carter Jr.,1628976,1073,0,,6,3,5,0,0,0,0,3,5,8,2,1,0,1,1
2020-21,2021-03-22,0022000656,CHI,Zach LaVine,203897,1947,1,,27,10,25,4,10,3,3,1,6,7,4,0,0,3,2
2020-21,2021-03-22,0022000657,TOR,Stanley Johnson,1626169,990,1,,0,0,2,0,2,0,0,0,3,3,0,0,0,1,3
2020-21,2021-03-22,0022000658,BOS,Javonte Green,1629750,307,0,,0,0,0,0,0,0,0,0,0,0,1,0,0,1,2
2020-21,2021-03-23,0022000661,ORL,Nikola Vucevic,202696,2039,1,,18,8,25,2,8,0,0,1,6,7,2,0,1,1,1
2020-21,2021-03-23,0022000663,LAL,Alex Caruso,1627936,1441,0,,10,3,5,2,2,2,5,0,3,3,2,2,0,0,0
2020-21,2021-03-23,0022000663,NOP,Lonzo Ball,1628366,0,0,DND - Injury/Illness,0,0,0,0,0,0,0,0,0,0,0,0,0,0,0
2020-21,2021-03-23,0022000665,PHI,Tony Bradley,1628396,1977,1,,18,8,8,0,0,2,2,4,7,11,0,2,2,1,3
2020-21,2021-03-24,0022000668,TOR,Stanley Johnson,1626169,294,0,,0,0,1,0,1,0,0,0,0,0,0,0,0,0,3
2020-21,2021-03-24,0022000669,BOS,Javonte Green,1629750,0,0,DNP - Coach's Decision,0,0,0,0,0,0,0,0,0,0,0,0,0,0,0
2020-21,2021-03-24,0022000670,ORL,Nikola Vucevic,202696,2032,1,,27,11,19,3,5,2,3,3,11,14,4,1,1,1,2
2020-21,2021-03-24,0022000671,CHI,Coby White,1629632,1587,0,,11,4,12,1,5,2,2,1,2,3,3,2,0,1,0
2020-21,2021-03-24,0022000671,CHI,Denzel Valentine,1627756,790,0,,0,0,2,0,1,0,0,1,2,3,1,0,0,0,1
2020-21,2021-03-24,0022000671,CHI,Lauri Markkanen,1628374,1751,1,,17,7,15,1,5,2,2,2,3,5,2,1,0,0,1
2020-21,2021-03-24,0022000671,CHI,Patrick Williams,1630172,1919,1,,5,2,6,0,1,1,2,1,4,5,1,1,0,1,1
2020-21,2021-03-24,0022000671,CHI,Thaddeus Young,201152,1265,1,,8,4,6,0,0,0,0,1,4,5,1,1,3,4,1
2020-21,2021-03-24,0022000671,CHI,Tomas Satoransky,203107,1531,1,,11,4,8,1,3,2,2,0,2,2,4,0,0,2,2
2020-21,2021-03-24,0022000671,CHI,Wendell Carter Jr.,1628976,1343,0,,7,3,5,0,0,1,2,2,7,9,1,0,0,1,2
2020-21,2021-03-24,0022000671,CHI,Zach LaVine,203897,2054,1,,22,8,20,4,9,2,2,0,3,3,4,0,1,5,3
2020-21,2021-03-24,0022000675,SAS,DeMar DeRozan,201942,1687,1,,19,7,18,0,0,5,5,0,3,3,3,1,0,4,2
2020-21,2021-03-25,0022000680,SAS,DeMar DeRozan,201942,1865,1,,23,8,19,0,1,7,8,0,4,4,2,2,0,3,1
2020-21,2021-03-25,0022000681,LAL,Alex Caruso,1627936,852,0,,1,0,4,0,1,1,2,1,5,6,2,1,0,3,2
2020-21,2021-03-26,0022000684,TOR,Stanley Johnson,1626169,0,0,DNP - Coach's Decision,0,0,0,0,0,0,0,0,0,0,0,0,0,0,0
2020-21,2021-03-26,0022000689,NOP,Lonzo Ball,1628366,0,0,DND - Injury/Illness,0,0,0,0,0,0,0,0,0,0,0,0,0,0,0
2020-21,2021-03-26,0022000693,LAL,Alex Caruso,1627936,1433,0,,5,1,4,0,3,3,4,0,3,3,1,4,0,1,2
2020-21,2021-03-27,0022000697,CHI,Coby White,1629632,1535,0,,13,5,12,2,5,1,1,0,5,5,4,1,1,1,4
2020-21,2021-03-27,0022000697,SAS,DeMar DeRozan,201942,1897,1,,17,7,14,0,0,3,4,0,4,4,7,4,0,2,0
2020-21,2021-03-27,0022000697,CHI,Denzel Valentine,1627756,348,0,,2,1,5,0,2,0,0,1,1,2,0,0,0,0,1
2020-21,2021-03-27,0022000697,CHI,Javonte Green,1629750,628,0,,0,0,2,0,1,0,0,0,4,4,0,1,2,2,2
2020-21,2021-03-27,0022000697,CHI,Lauri Markkanen,1628374,1566,1,,10,4,10,1,6,1,1,0,3,3,0,0,0,1,2
2020-21,2021-03-27,0022000697,CHI,Nikola Vucevic,202696,1906,1,,21,9,16,2,4,1,1,2,7,9,3,0,0,0,4
2020-21,2021-03-27,0022000697,CHI,Patrick Williams,1630172,1143,1,,6,3,7,0,2,0,0,1,2,3,1,0,0,2,0
2020-21,2021-03-27,0022000697,CHI,Thaddeus Young,201152,1338,0,,10,5,11,0,1,0,1,2,4,6,9,0,0,2,3
2020-21,2021-03-27,0022000697,CHI,Tomas Satoransky,203107,1035,1,,8,3,7,1,3,1,1,3,0,3,3,2,0,2,3
2020-21,2021-03-27,0022000697,CHI,Zach LaVine,203897,1685,1,,18,6,15,1,5,5,6,0,3,3,1,0,0,2,0
2020-21,2021-03-28,0022000704,TOR,Stanley Johnson,1626169,1246,0,,11,3,4,2,3,3,4,0,1,1,2,0,2,0,3
2020-21,2021-03-28,0022000706,LAL,Alex Caruso,1627936,1269,0,,3,1,5,1,3,0,2,0,4,4,5,2,1,1,1
2020-21,2021-03-28,0022000706,ORL,Wendell Carter Jr.,1628976,1215,0,,8,2,3,0,1,4,7,1,7,8,0,1,0,1,2
2020-21,2021-03-29,0022000711,TOR,Stanley Johnson,1626169,781,0,,0,0,0,0,0,0,0,0,4,4,1,1,0,3,4
2020-21,2021-03-29,0022000713,OKC,Tony Bradley,1628396,847,0,,8,3,3,0,0,2,2,2,3,5,1,1,0,4,3
2020-21,2021-03-29,0022000714,SAS,DeMar DeRozan,201942,1941,1,,17,6,15,0,1,5,5,0,3,3,8,0,0,2,2
2020-21,2021-03-29,0022000716,CHI,Denzel Valentine,1627756,0,0,DNP - Coach's Decision,0,0,0,0,0,0,0,0,0,0,0,0,0,0,0
2020-21,2021-03-29,0022000716,CHI,Javonte Green,1629750,755,0,,2,1,3,0,0,0,0,2,0,2,1,1,0,1,1
2020-21,2021-03-29,0022000716,CHI,Lauri Markkanen,1628374,1330,0,,13,5,9,3,4,0,0,0,6,6,1,0,0,1,0
2020-21,2021-03-29,0022000716,CHI,Nikola Vucevic,202696,1593,1,,21,9,13,0,4,3,3,1,8,9,6,0,1,2,3
2020-21,2021-03-29,0022000716,CHI,Patrick Williams,1630172,1960,1,,14,7,13,0,1,0,0,0,6,6,4,1,1,2,1
2020-21,2021-03-29,0022000716,CHI,Thaddeus Young,201152,1412,1,,10,5,6,0,1,0,0,1,3,4,2,1,1,3,2
2020-21,2021-03-29,0022000716,CHI,Tomas Satoransky,203107,1802,1,,14,6,11,1,3,1,1,2,0,2,8,1,0,2,0
2020-21,2021-03-29,0022000716,CHI,Zach LaVine,203897,1895,1,,12,4,16,1,7,3,4,1,3,4,4,0,0,4,4
2020-21,2021-03-30,0022000720,ORL,Wendell Carter Jr.,1628976,1083,0,,11,4,4,1,1,2,2,3,3,6,3,0,3,2,1
2020-21,2021-03-31,0022000727,TOR,Stanley Johnson,1626169,1102,0,,8,4,5,0,0,0,0,0,5,5,1,0,0,0,4
2020-21,2021-03-31,0022000727,OKC,Tony Bradley,1628396,1075,0,,5,1,4,0,0,3,4,2,5,7,1,0,1,1,0
2020-21,2021-03-31,0022000728,SAS,DeMar DeRozan,201942,1980,1,,26,12,20,0,0,2,2,2,3,5,7,0,1,4,1
2020-21,2021-03-31,0022000729,LAL,Alex Caruso,1627936,1694,0,,6,3,7,0,2,0,0,0,4,4,2,2,1,0,2
2020-21,2021-03-31,0022000730,CHI,Denzel Valentine,1627756,1747,0,,19,8,18,3,9,0,0,1,5,6,4,0,0,2,2
2020-21,2021-03-31,0022000730,CHI,Javonte Green,1629750,0,0,DNP - Coach's Decision,0,0,0,0,0,0,0,0,0,0,0,0,0,0,0
2020-21,2021-03-31,0022000730,CHI,Lauri Markkanen,1628374,2056,1,,16,5,13,2,8,4,5,2,8,10,2,0,0,1,1
2020-21,2021-03-31,0022000730,CHI,Nikola Vucevic,202696,2064,1,,24,8,18,2,4,6,6,3,7,10,3,2,1,0,1
2020-21,2021-03-31,0022000730,CHI,Patrick Williams,1630172,1890,1,,16,7,11,2,3,0,0,1,2,3,1,1,1,1,4
2020-21,2021-03-31,0022000730,CHI,Thaddeus Young,201152,1700,1,,19,7,14,0,0,5,6,6,4,10,4,1,0,1,1
2020-21,2021-03-31,0022000730,CHI,Tomas Satoransky,203107,1821,1,,9,3,11,1,4,2,2,2,1,3,7,2,0,3,6
2020-21,2021-04-01,0022000734,ORL,Wendell Carter Jr.,1628976,1859,0,,21,8,13,0,1,5,5,4,8,12,2,0,1,2,3
2020-21,2021-04-01,0022000735,SAS,DeMar DeRozan,201942,2813,1,,36,14,27,0,1,8,10,1,4,5,9,0,0,1,4
2020-21,2021-04-02,0022000737,TOR,Stanley Johnson,1626169,1203,0,,0,0,6,0,2,0,0,2,5,7,4,0,0,1,0
2020-21,2021-04-02,0022000742,NOP,Lonzo Ball,1628366,0,0,DND - Injury/Illness,0,0,0,0,0,0,0,0,0,0,0,0,0,0,0
2020-21,2021-04-02,0022000743,CHI,Coby White,1629632,1417,0,,4,2,6,0,3,0,0,0,1,1,3,0,1,1,4
2020-21,2021-04-02,0022000743,CHI,Denzel Valentine,1627756,1319,0,,12,4,8,2,5,2,2,0,4,4,4,1,0,1,2
2020-21,2021-04-02,0022000743,CHI,Javonte Green,1629750,0,0,DNP - Coach's Decision,0,0,0,0,0,0,0,0,0,0,0,0,0,0,0
2020-21,2021-04-02,0022000743,CHI,Lauri Markkanen,1628374,1361,0,,5,2,5,0,2,1,1,0,2,2,1,0,0,0,0
2020-21,2021-04-02,0022000743,CHI,Nikola Vucevic,202696,1734,1,,16,5,14,1,5,5,6,1,7,8,4,0,1,0,2
2020-21,2021-04-02,0022000743,CHI,Patrick Williams,1630172,1976,1,,8,4,7,0,0,0,0,1,2,3,3,2,0,1,1
2020-21,2021-04-02,0022000743,CHI,Thaddeus Young,201152,1969,1,,25,11,17,0,0,3,4,4,3,7,3,1,0,1,4
2020-21,2021-04-02,0022000743,CHI,Tomas Satoransky,203107,1536,1,,10,4,5,2,3,0,0,1,5,6,4,1,0,0,5
2020-21,2021-04-02,0022000743,CHI,Zach LaVine,203897,1869,1,,23,10,22,2,8,1,2,0,5,5,3,0,0,2,1
2020-21,2021-04-02,0022000744,OKC,Tony Bradley,1628396,1454,0,,9,4,6,0,2,1,1,2,4,6,0,0,1,1,3
2020-21,2021-04-02,0022000746,LAL,Alex Caruso,1627936,1094,0,,8,3,4,2,2,0,0,0,2,2,3,0,0,2,4
2020-21,2021-04-03,0022000751,SAS,DeMar DeRozan,201942,2216,1,,25,6,12,0,0,13,15,1,3,4,6,0,0,5,4
2020-21,2021-04-03,0022000752,ORL,Wendell Carter Jr.,1628976,2051,1,,19,6,12,0,3,7,8,4,8,12,1,0,2,1,0
2020-21,2021-04-03,0022000753,OKC,Tony Bradley,1628396,1471,0,,14,6,8,0,0,2,2,2,6,8,2,1,1,1,3
2020-21,2021-04-04,0022000755,CHI,Denzel Valentine,1627756,640,0,,2,1,3,0,1,0,0,0,0,0,1,0,0,1,1
2020-21,2021-04-04,0022000755,CHI,Javonte Green,1629750,0,0,DNP - Coach's Decision,0,0,0,0,0,0,0,0,0,0,0,0,0,0,0
2020-21,2021-04-04,0022000755,CHI,Lauri Markkanen,1628374,1380,0,,8,3,6,0,1,2,2,0,5,5,0,0,0,1,0
2020-21,2021-04-04,0022000755,CHI,Nikola Vucevic,202696,1942,1,,22,10,17,1,4,1,2,1,12,13,2,2,2,1,2
2020-21,2021-04-04,0022000755,CHI,Patrick Williams,1630172,1839,1,,11,4,5,1,2,2,4,1,2,3,1,0,0,0,0
2020-21,2021-04-04,0022000755,CHI,Thaddeus Young,201152,1311,1,,12,3,8,0,0,6,6,0,5,5,5,0,1,1,2
2020-21,2021-04-04,0022000755,CHI,Tomas Satoransky,203107,1848,1,,19,8,10,2,3,1,1,0,1,1,11,2,0,2,1
2020-21,2021-04-04,0022000755,CHI,Zach LaVine,203897,2117,1,,25,8,17,1,5,8,12,1,2,3,5,0,0,2,1
2020-21,2021-04-04,0022000756,LAL,Alex Caruso,1627936,1583,0,,8,2,6,2,3,2,2,0,1,1,2,1,1,2,0
2020-21,2021-04-04,0022000760,NOP,Lonzo Ball,1628366,2210,1,,27,8,18,8,15,3,3,1,3,4,9,3,0,6,4
2020-21,2021-04-04,0022000761,ORL,Wendell Carter Jr.,1628976,2087,1,,16,8,15,0,2,0,1,4,5,9,4,3,1,2,4
2020-21,2021-04-05,0022000763,TOR,Stanley Johnson,1626169,729,0,,0,0,0,0,0,0,0,0,3,3,2,1,0,1,2
2020-21,2021-04-05,0022000766,OKC,Tony Bradley,1628396,1321,0,,9,4,7,0,0,1,2,2,7,9,2,0,1,1,2
2020-21,2021-04-05,0022000767,SAS,DeMar DeRozan,201942,1609,1,,20,4,9,0,1,12,13,1,3,4,2,0,0,1,1
2020-21,2021-04-06,0022000769,CHI,Coby White,1629632,1884,0,,13,5,9,1,4,2,2,1,3,4,6,0,0,1,3
2020-21,2021-04-06,0022000769,CHI,Denzel Valentine,1627756,228,0,,0,0,0,0,0,0,0,1,2,3,0,0,0,2,0
2020-21,2021-04-06,0022000769,CHI,Javonte Green,1629750,81,0,,0,0,1,0,0,0,0,0,0,0,0,0,0,0,0
2020-21,2021-04-06,0022000769,CHI,Lauri Markkanen,1628374,1292,0,,15,5,7,3,4,2,2,1,5,6,0,1,1,1,0
2020-21,2021-04-06,0022000769,CHI,Nikola Vucevic,202696,2112,1,,32,14,29,4,7,0,0,5,11,16,5,0,1,4,4
2020-21,2021-04-06,0022000769,CHI,Patrick Williams,1630172,1841,1,,10,4,8,1,1,1,1,1,2,3,2,4,0,2,0
2020-21,2021-04-06,0022000769,CHI,Thaddeus Young,201152,1674,1,,14,6,10,0,0,2,4,2,5,7,5,1,1,3,2
2020-21,2021-04-06,0022000769,CHI,Tomas Satoransky,203107,2065,1,,7,3,7,1,2,0,0,1,5,6,3,2,0,3,1
2020-21,2021-04-06,0022000769,CHI,Zach LaVine,203897,2157,1,,19,6,18,4,12,3,4,1,7,8,6,0,1,3,0
2020-21,2021-04-06,0022000770,NOP,Lonzo Ball,1628366,1770,1,,12,4,15,4,14,0,0,2,7,9,11,3,2,1,1
2020-21,2021-04-06,0022000772,LAL,Alex Caruso,1627936,1668,0,,13,4,7,3,4,2,4,0,5,5,4,2,0,4,3
2020-21,2021-04-06,0022000772,TOR,Stanley Johnson,1626169,1578,0,,2,1,3,0,2,0,0,0,2,2,1,0,0,2,3
2020-21,2021-04-07,0022000777,ORL,Wendell Carter Jr.,1628976,1393,1,,15,6,9,1,1,2,3,2,2,4,1,1,0,1,2
2020-21,2021-04-07,0022000779,NOP,Lonzo Ball,1628366,1694,1,,15,6,11,1,6,2,2,0,0,0,3,1,0,1,1
2020-21,2021-04-07,0022000781,OKC,Tony Bradley,1628396,1236,0,,12,6,9,0,0,0,0,2,5,7,0,1,0,2,2
2020-21,2021-04-07,0022000782,SAS,DeMar DeRozan,201942,1813,1,,14,5,13,0,0,4,6,1,3,4,4,2,0,4,1
2020-21,2021-04-08,0022000523,CHI,Coby White,1629632,1605,0,,15,5,10,3,7,2,2,0,3,3,1,0,0,4,4
2020-21,2021-04-08,0022000523,CHI,Denzel Valentine,1627756,0,0,DNP - Coach's Decision,0,0,0,0,0,0,0,0,0,0,0,0,0,0,0
2020-21,2021-04-08,0022000523,CHI,Javonte Green,1629750,0,0,DNP - Coach's Decision,0,0,0,0,0,0,0,0,0,0,0,0,0,0,0
2020-21,2021-04-08,0022000523,CHI,Lauri Markkanen,1628374,1100,0,,18,8,10,2,4,0,0,0,3,3,0,0,0,0,1
2020-21,2021-04-08,0022000523,CHI,Nikola Vucevic,202696,1906,1,,22,9,19,3,6,1,1,2,5,7,4,1,0,2,2
2020-21,2021-04-08,0022000523,CHI,Patrick Williams,1630172,1894,1,,11,3,7,1,2,4,4,4,3,7,1,1,1,1,0
2020-21,2021-04-08,0022000523,TOR,Stanley Johnson,1626169,955,0,,7,2,5,0,0,3,4,0,0,0,1,2,1,0,2
2020-21,2021-04-08,0022000523,CHI,Thaddeus Young,201152,1425,1,,11,4,11,0,0,3,3,3,6,9,6,0,0,0,4
2020-21,2021-04-08,0022000523,CHI,Tomas Satoransky,203107,1772,1,,9,4,5,1,2,0,0,0,2,2,7,0,0,1,0
2020-21,2021-04-08,0022000523,CHI,Zach LaVine,203897,2251,1,,22,8,16,2,8,4,5,0,6,6,13,3,1,5,2
2020-21,2021-04-08,0022000784,LAL,Alex Caruso,1627936,1302,0,,5,2,3,1,2,0,0,0,2,2,6,1,0,2,3
2020-21,2021-04-08,0022000785,OKC,Tony Bradley,1628396,1177,0,,5,2,4,0,0,1,2,3,1,4,3,0,2,2,1
2020-21,2021-04-09,0022000790,ORL,Wendell Carter Jr.,1628976,1548,1,,8,4,11,0,1,0,0,2,7,9,0,1,1,2,3
2020-21,2021-04-09,0022000791,CHI,Coby White,1629632,1712,0,,11,4,11,1,5,2,2,0,1,1,4,1,0,0,5
2020-21,2021-04-09,0022000791,CHI,Denzel Valentine,1627756,0,0,DNP - Coach's Decision,0,0,0,0,0,0,0,0,0,0,0,0,0,0,0
2020-21,2021-04-09,0022000791,CHI,Javonte Green,1629750,0,0,DNP - Coach's Decision,0,0,0,0,0,0,0,0,0,0,0,0,0,0,0
2020-21,2021-04-09,0022000791,CHI,Lauri Markkanen,1628374,1617,0,,5,1,4,1,3,2,2,0,5,5,1,0,0,2,1
2020-21,2021-04-09,0022000791,CHI,Nikola Vucevic,202696,2181,1,,25,11,19,3,5,0,0,3,7,10,2,1,0,3,0
2020-21,2021-04-09,0022000791,CHI,Patrick Williams,1630172,1548,1,,4,2,4,0,1,0,0,1,1,2,0,2,0,0,4
2020-21,2021-04-09,0022000791,CHI,Thaddeus Young,201152,1424,1,,4,2,4,0,0,0,0,2,3,5,3,0,1,3,1
2020-21,2021-04-09,0022000791,CHI,Tomas Satoransky,203107,1991,1,,0,0,6,0,3,0,0,0,1,1,10,2,0,2,2
2020-21,2021-04-09,0022000791,CHI,Zach LaVine,203897,2324,1,,50,18,31,7,12,7,8,1,7,8,5,0,0,3,1
2020-21,2021-04-09,0022000797,SAS,DeMar DeRozan,201942,2195,1,,24,8,14,0,0,8,8,1,2,3,12,1,0,3,3
2020-21,2021-04-10,0022000199,OKC,Tony Bradley,1628396,1529,0,,16,7,11,0,0,2,4,3,11,14,1,0,3,1,3
2020-21,2021-04-10,0022000794,TOR,Stanley Johnson,1626169,1173,0,,6,2,4,0,2,2,2,1,2,3,2,3,2,1,1
2020-21,2021-04-10,0022000800,LAL,Alex Caruso,1627936,1417,0,,5,2,3,1,2,0,0,0,3,3,1,2,0,1,2
2020-21,2021-04-11,0022000808,ORL,Wendell Carter Jr.,1628976,1630,1,,8,3,7,0,2,2,3,3,4,7,2,2,2,1,0
2020-21,2021-04-11,0022000809,TOR,Stanley Johnson,1626169,0,0,DNP - Coach's Decision,0,0,0,0,0,0,0,0,0,0,0,0,0,0,0
2020-21,2021-04-11,0022000810,SAS,DeMar DeRozan,201942,2089,1,,33,13,25,0,1,7,8,1,4,5,8,0,0,2,1
2020-21,2021-04-11,0022000812,CHI,Coby White,1629632,1382,0,,11,4,8,1,4,2,2,0,0,0,2,3,0,3,4
2020-21,2021-04-11,0022000812,CHI,Denzel Valentine,1627756,740,0,,3,1,5,1,4,0,0,0,1,1,2,0,0,0,0
2020-21,2021-04-11,0022000812,CHI,Javonte Green,1629750,0,0,DNP - Coach's Decision,0,0,0,0,0,0,0,0,0,0,0,0,0,0,0
2020-21,2021-04-11,0022000812,CHI,Lauri Markkanen,1628374,1127,0,,8,3,4,2,3,0,1,1,1,2,1,0,0,0,0
2020-21,2021-04-11,0022000812,CHI,Nikola Vucevic,202696,1649,1,,18,7,13,2,3,2,2,2,3,5,5,0,3,2,3
2020-21,2021-04-11,0022000812,CHI,Patrick Williams,1630172,1580,1,,0,0,3,0,1,0,0,0,1,1,0,2,1,2,2
2020-21,2021-04-11,0022000812,CHI,Thaddeus Young,201152,1224,1,,9,4,7,0,0,1,2,2,6,8,3,1,2,3,1
2020-21,2021-04-11,0022000812,CHI,Tomas Satoransky,203107,1553,1,,10,4,7,0,2,2,3,0,0,0,6,0,1,1,2
2020-21,2021-04-11,0022000812,CHI,Zach LaVine,203897,2140,1,,30,13,28,4,12,0,1,0,7,7,6,0,1,1,2
2020-21,2021-04-12,0022000278,CHI,Coby White,1629632,1462,0,,6,2,8,0,4,2,2,0,2,2,2,0,0,2,3
2020-21,2021-04-12,0022000278,CHI,Denzel Valentine,1627756,501,0,,2,1,1,0,0,0,0,0,0,0,1,0,0,0,1
2020-21,2021-04-12,0022000278,CHI,Javonte Green,1629750,0,0,DNP - Coach's Decision,0,0,0,0,0,0,0,0,0,0,0,0,0,0,0
2020-21,2021-04-12,0022000278,CHI,Lauri Markkanen,1628374,964,0,,0,0,3,0,1,0,0,3,4,7,2,0,0,3,2
2020-21,2021-04-12,0022000278,CHI,Nikola Vucevic,202696,1988,1,,17,7,19,3,7,0,1,1,9,10,1,5,1,0,2
2020-21,2021-04-12,0022000278,CHI,Patrick Williams,1630172,1638,1,,2,1,3,0,1,0,0,2,1,3,1,2,0,2,0
2020-21,2021-04-12,0022000278,CHI,Thaddeus Young,201152,1183,1,,20,10,15,0,2,0,0,1,0,1,1,0,0,1,0
2020-21,2021-04-12,0022000278,CHI,Tomas Satoransky,203107,1323,1,,2,1,5,0,1,0,0,0,1,1,2,1,0,3,4
2020-21,2021-04-12,0022000278,CHI,Zach LaVine,203897,2181,1,,21,5,14,2,8,9,11,1,3,4,9,0,2,4,2
2020-21,2021-04-12,0022000815,LAL,Alex Caruso,1627936,924,0,,4,2,4,0,1,0,0,1,2,3,3,1,0,1,0
2020-21,2021-04-12,0022000816,SAS,DeMar DeRozan,201942,1556,1,,19,7,11,0,0,5,5,0,2,2,6,0,0,1,3
2020-21,2021-04-12,0022000816,ORL,Wendell Carter Jr.,1628976,1796,1,,15,6,11,0,1,3,4,3,5,8,4,1,0,3,5
2020-21,2021-04-13,0022000824,TOR,Stanley Johnson,1626169,0,0,DNP - Coach's Decision,0,0,0,0,0,0,0,0,0,0,0,0,0,0,0
2020-21,2021-04-13,0022000825,LAL,Alex Caruso,1627936,1484,0,,13,4,6,3,5,2,2,0,2,2,6,1,0,2,1
2020-21,2021-04-13,0022000826,OKC,Tony Bradley,1628396,638,0,,0,0,1,0,0,0,0,2,3,5,0,0,0,0,0
2020-21,2021-04-14,0022000831,SAS,DeMar DeRozan,201942,2256,1,,19,6,11,0,0,7,9,2,2,4,11,1,0,3,3
2020-21,2021-04-14,0022000831,TOR,Stanley Johnson,1626169,320,0,,0,0,1,0,1,0,0,0,0,0,0,0,0,0,0
2020-21,2021-04-14,0022000833,CHI,Coby White,1629632,720,0,,2,1,4,0,1,0,0,0,2,2,0,0,0,3,0
2020-21,2021-04-14,0022000833,CHI,Denzel Valentine,1627756,667,0,,0,0,1,0,0,0,0,0,3,3,2,0,0,1,0
2020-21,2021-04-14,0022000833,CHI,Javonte Green,1629750,0,0,DNP - Coach's Decision,0,0,0,0,0,0,0,0,0,0,0,0,0,0,0
2020-21,2021-04-14,0022000833,CHI,Lauri Markkanen,1628374,993,0,,6,2,6,2,5,0,0,0,1,1,0,1,0,0,0
2020-21,2021-04-14,0022000833,CHI,Nikola Vucevic,202696,2015,1,,29,11,20,5,8,2,2,1,10,11,1,1,2,0,3
2020-21,2021-04-14,0022000833,CHI,Patrick Williams,1630172,1668,1,,9,3,4,1,1,2,3,0,6,6,3,3,0,0,2
2020-21,2021-04-14,0022000833,CHI,Thaddeus Young,201152,852,1,,2,1,5,0,1,0,0,1,1,2,2,0,0,1,0
2020-21,2021-04-14,0022000833,CHI,Tomas Satoransky,203107,1801,1,,9,4,7,1,3,0,0,0,0,0,6,0,1,1,2
2020-21,2021-04-14,0022000833,ORL,Wendell Carter Jr.,1628976,1874,1,,19,8,16,0,0,3,5,5,7,12,4,2,1,1,2
2020-21,2021-04-14,0022000833,CHI,Zach LaVine,203897,2339,1,,30,11,22,6,12,2,2,0,5,5,7,1,2,4,4
2020-21,2021-04-14,0022000836,OKC,Tony Bradley,1628396,876,0,,13,6,7,0,0,1,4,4,3,7,1,0,0,0,0
2020-21,2021-04-15,0022000842,LAL,Alex Caruso,1627936,940,0,,6,3,6,0,2,0,0,1,1,2,2,1,0,2,2
2020-21,2021-04-16,0022000845,OKC,Tony Bradley,1628396,1350,0,,11,4,6,0,0,3,3,2,5,7,1,2,2,4,1
2020-21,2021-04-16,0022000847,NOP,Lonzo Ball,1628366,1186,1,,4,2,10,0,7,0,0,0,2,2,3,1,2,0,0
2020-21,2021-04-16,0022000849,TOR,Stanley Johnson,1626169,1246,0,,13,5,8,3,5,0,0,1,5,6,2,2,1,3,3
2020-21,2021-04-16,0022000849,ORL,Wendell Carter Jr.,1628976,1893,1,,20,8,12,1,1,3,4,4,5,9,1,0,1,0,2
2020-21,2021-04-16,0022000850,CHI,Coby White,1629632,2004,1,,27,8,17,4,8,7,7,1,4,5,7,0,0,1,1
2020-21,2021-04-16,0022000850,CHI,Denzel Valentine,1627756,1027,0,,11,4,7,3,6,0,0,0,0,0,1,0,1,3,2
2020-21,2021-04-16,0022000850,CHI,Javonte Green,1629750,109,0,,0,0,0,0,0,0,0,0,0,0,1,0,0,0,0
2020-21,2021-04-16,0022000850,CHI,Lauri Markkanen,1628374,1257,0,,3,1,7,1,6,0,0,0,5,5,4,0,0,0,1
2020-21,2021-04-16,0022000850,CHI,Nikola Vucevic,202696,1960,1,,24,9,22,3,7,3,4,5,9,14,6,0,0,0,3
2020-21,2021-04-16,0022000850,CHI,Patrick Williams,1630172,1791,1,,6,3,8,0,1,0,0,0,6,6,1,1,0,0,1
2020-21,2021-04-16,0022000850,CHI,Thaddeus Young,201152,1324,0,,17,8,15,1,1,0,0,5,1,6,4,0,0,2,3
2020-21,2021-04-16,0022000853,SAS,DeMar DeRozan,201942,2231,1,,26,11,25,0,1,4,4,1,3,4,10,1,1,2,3
2020-21,2021-04-17,0022000855,LAL,Alex Caruso,1627936,1161,0,,4,2,2,0,0,0,0,0,1,1,1,1,0,1,1
2020-21,2021-04-17,0022000857,CHI,Coby White,1629632,1968,1,,8,2,10,1,6,3,4,0,3,3,9,1,0,4,2
2020-21,2021-04-17,0022000857,CHI,Denzel Valentine,1627756,1336,0,,13,5,10,2,7,1,1,0,2,2,2,0,1,1,2
2020-21,2021-04-17,0022000857,CHI,Javonte Green,1629750,0,0,DNP - Coach's Decision,0,0,0,0,0,0,0,0,0,0,0,0,0,0,0
2020-21,2021-04-17,0022000857,CHI,Lauri Markkanen,1628374,1558,0,,16,6,12,3,6,1,1,0,6,6,0,1,0,0,1
2020-21,2021-04-17,0022000857,CHI,Nikola Vucevic,202696,1968,1,,25,10,17,3,5,2,2,1,6,7,5,2,0,1,2
2020-21,2021-04-17,0022000857,CHI,Patrick Williams,1630172,1637,1,,12,5,6,1,1,1,1,0,4,4,3,1,1,0,1
2020-21,2021-04-17,0022000857,CHI,Thaddeus Young,201152,912,0,,5,2,7,1,2,0,0,1,4,5,4,0,0,2,1
2020-21,2021-04-17,0022000857,CHI,Tomas Satoransky,203107,901,0,,7,3,3,1,1,0,0,0,0,0,3,0,0,0,3
2020-21,2021-04-17,0022000860,SAS,DeMar DeRozan,201942,0,0,DND - Rest,0,0,0,0,0,0,0,0,0,0,0,0,0,0,0
2020-21,2021-04-18,0022000862,NOP,Lonzo Ball,1628366,1631,1,,5,2,9,1,5,0,0,0,7,7,3,2,0,0,2
2020-21,2021-04-18,0022000864,ORL,Wendell Carter Jr.,1628976,1895,1,,11,5,7,1,1,0,1,2,8,10,1,1,0,2,3
2020-21,2021-04-18,0022000865,TOR,Stanley Johnson,1626169,830,0,,12,3,9,1,5,5,5,0,3,3,1,2,0,3,1
2020-21,2021-04-18,0022000865,OKC,Tony Bradley,1628396,1170,0,,8,2,3,0,0,4,4,2,1,3,0,0,0,0,1
2020-21,2021-04-19,0022000473,SAS,DeMar DeRozan,201942,1910,1,,18,5,13,0,2,8,9,2,6,8,6,0,1,0,4
2020-21,2021-04-19,0022000869,CHI,Coby White,1629632,1775,1,,19,5,14,3,8,6,6,0,3,3,7,1,1,1,2
2020-21,2021-04-19,0022000869,CHI,Denzel Valentine,1627756,760,0,,0,0,2,0,1,0,0,0,0,0,1,0,1,0,1
2020-21,2021-04-19,0022000869,CHI,Javonte Green,1629750,0,0,DNP - Coach's Decision,0,0,0,0,0,0,0,0,0,0,0,0,0,0,0
2020-21,2021-04-19,0022000869,CHI,Lauri Markkanen,1628374,1169,0,,9,4,9,1,4,0,1,1,4,5,1,1,0,1,1
2020-21,2021-04-19,0022000869,CHI,Nikola Vucevic,202696,1896,1,,29,13,23,3,6,0,0,4,5,9,2,2,1,2,1
2020-21,2021-04-19,0022000869,CHI,Patrick Williams,1630172,1966,1,,6,3,6,0,2,0,0,0,6,6,3,1,2,2,0
2020-21,2021-04-19,0022000869,CHI,Thaddeus Young,201152,963,0,,13,6,12,0,2,1,1,1,1,2,3,2,0,1,2
2020-21,2021-04-19,0022000869,CHI,Tomas Satoransky,203107,1113,0,,3,1,4,1,2,0,0,0,3,3,4,1,0,1,1
2020-21,2021-04-19,0022000872,OKC,Tony Bradley,1628396,1193,0,,16,7,9,0,0,2,2,1,2,3,0,2,0,2,5
2020-21,2021-04-19,0022000875,LAL,Alex Caruso,1627936,1035,0,,3,1,4,1,3,0,0,0,2,2,0,0,1,2,3
2020-21,2021-04-20,0022000876,ORL,Wendell Carter Jr.,1628976,1550,1,,17,6,8,1,2,4,6,2,7,9,0,3,0,1,3
2020-21,2021-04-20,0022000878,NOP,Lonzo Ball,1628366,1555,1,,15,6,11,3,6,0,0,0,4,4,3,2,0,2,3
2020-21,2021-04-21,0022000881,CHI,Coby White,1629632,1836,1,,14,5,10,2,5,2,2,0,2,2,6,0,2,1,3
2020-21,2021-04-21,0022000881,CHI,Denzel Valentine,1627756,1499,0,,9,4,10,1,5,0,0,0,2,2,1,0,0,1,0
2020-21,2021-04-21,0022000881,CHI,Javonte Green,1629750,234,0,,2,0,0,0,0,2,2,0,0,0,0,0,0,0,0
2020-21,2021-04-21,0022000881,CHI,Lauri Markkanen,1628374,1269,0,,16,5,7,4,5,2,2,0,2,2,1,0,0,0,0
2020-21,2021-04-21,0022000881,CHI,Nikola Vucevic,202696,1512,1,,9,4,12,1,5,0,0,1,4,5,2,1,0,5,2
2020-21,2021-04-21,0022000881,CHI,Patrick Williams,1630172,1147,1,,9,3,4,2,2,1,2,0,7,7,2,1,0,3,1
2020-21,2021-04-21,0022000881,CHI,Thaddeus Young,201152,1047,0,,14,5,8,1,1,3,4,4,4,8,3,1,2,3,5
2020-21,2021-04-21,0022000881,CHI,Tomas Satoransky,203107,1263,0,,13,4,5,1,2,4,5,0,3,3,3,1,0,4,2
2020-21,2021-04-21,0022000882,OKC,Tony Bradley,1628396,908,0,,8,4,8,0,0,0,0,4,4,8,0,0,0,0,0
2020-21,2021-04-21,0022000884,TOR,Stanley Johnson,1626169,0,0,DNP - Coach's Decision,0,0,0,0,0,0,0,0,0,0,0,0,0,0,0
2020-21,2021-04-21,0022000888,SAS,DeMar DeRozan,201942,1909,1,,15,6,13,0,1,3,4,1,4,5,4,0,0,2,2
2020-21,2021-04-22,0022000893,NOP,Lonzo Ball,1628366,1477,1,,6,2,8,2,5,0,0,0,4,4,12,0,1,4,1
2020-21,2021-04-22,0022000893,ORL,Wendell Carter Jr.,1628976,0,0,DNP - Injury/Illness,0,0,0,0,0,0,0,0,0,0,0,0,0,0,0
2020-21,2021-04-22,0022000895,SAS,DeMar DeRozan,201942,0,0,DNP - Injury/Illness,0,0,0,0,0,0,0,0,0,0,0,0,0,0,0
2020-21,2021-04-22,0022000896,CHI,Coby White,1629632,1682,1,,18,7,10,4,6,0,0,0,3,3,3,1,0,0,0
2020-21,2021-04-22,0022000896,CHI,Denzel Valentine,1627756,969,0,,3,1,7,0,6,1,2,1,2,3,1,0,0,1,2
2020-21,2021-04-22,0022000896,CHI,Javonte Green,1629750,163,0,,0,0,1,0,0,0,0,0,1,1,0,0,0,1,0
2020-21,2021-04-22,0022000896,CHI,Lauri Markkanen,1628374,1591,0,,11,4,11,3,8,0,0,1,3,4,0,1,0,0,2
2020-21,2021-04-22,0022000896,CHI,Nikola Vucevic,202696,1722,1,,18,8,13,1,4,1,1,1,15,16,6,0,0,2,0
2020-21,2021-04-22,0022000896,CHI,Patrick Williams,1630172,1392,1,,7,3,6,0,2,1,2,1,2,3,3,1,0,1,1
2020-21,2021-04-22,0022000896,CHI,Thaddeus Young,201152,1203,0,,18,8,10,1,1,1,1,3,1,4,3,2,0,3,3
2020-21,2021-04-22,0022000896,CHI,Tomas Satoransky,203107,1246,0,,10,4,10,1,5,1,2,1,1,2,7,3,0,1,1
2020-21,2021-04-22,0022000897,LAL,Alex Caruso,1627936,1680,0,,5,2,6,1,3,0,0,0,4,4,2,2,1,0,1
2020-21,2021-04-23,0022000902,OKC,Tony Bradley,1628396,676,0,,4,2,4,0,0,0,0,1,2,3,0,1,0,2,1
2020-21,2021-04-24,0022000264,SAS,DeMar DeRozan,201942,2226,1,,32,10,21,0,3,12,12,2,5,7,8,1,0,5,2
2020-21,2021-04-24,0022000264,NOP,Lonzo Ball,1628366,2059,1,,24,9,16,6,10,0,0,0,2,2,4,2,0,4,2
2020-21,2021-04-24,0022000904,TOR,Stanley Johnson,1626169,0,0,DNP - Coach's Decision,0,0,0,0,0,0,0,0,0,0,0,0,0,0,0
2020-21,2021-04-24,0022000907,CHI,Coby White,1629632,2258,1,,31,11,18,3,9,6,6,0,5,5,5,2,0,6,4
2020-21,2021-04-24,0022000907,CHI,Denzel Valentine,1627756,1086,0,,9,3,7,3,5,0,0,0,4,4,3,3,2,1,2
2020-21,2021-04-24,0022000907,CHI,Javonte Green,1629750,0,0,DNP - Coach's Decision,0,0,0,0,0,0,0,0,0,0,0,0,0,0,0
2020-21,2021-04-24,0022000907,CHI,Lauri Markkanen,1628374,1251,0,,9,3,6,3,5,0,0,0,5,5,1,0,0,1,4
2020-21,2021-04-24,0022000907,CHI,Nikola Vucevic,202696,2336,1,,26,11,18,2,6,2,3,2,12,14,6,0,0,2,1
2020-21,2021-04-24,0022000907,CHI,Patrick Williams,1630172,1291,1,,4,2,6,0,1,0,0,1,3,4,1,0,0,3,1
2020-21,2021-04-24,0022000907,CHI,Thaddeus Young,201152,1305,0,,6,3,6,0,1,0,0,1,1,2,4,1,0,2,0
2020-21,2021-04-24,0022000907,CHI,Tomas Satoransky,203107,796,0,,2,0,3,0,3,2,2,0,1,1,0,0,0,2,1
2020-21,2021-04-24,0022000908,LAL,Alex Caruso,1627936,1422,0,,7,1,3,0,2,5,6,1,1,2,4,2,1,1,3
2020-21,2021-04-25,0022000914,ORL,Wendell Carter Jr.,1628976,1244,1,,10,4,10,1,1,1,2,4,9,13,1,0,1,1,2
2020-21,2021-04-26,0022000917,LAL,Alex Caruso,1627936,846,0,,7,2,3,1,2,2,2,1,1,2,2,0,0,1,2
2020-21,2021-04-26,0022000917,ORL,Wendell Carter Jr.,1628976,1737,1,,10,4,11,0,2,2,2,1,7,8,0,0,0,1,3
2020-21,2021-04-26,0022000918,OKC,Tony Bradley,1628396,0,0,DNP - Injury/Illness,0,0,0,0,0,0,0,0,0,0,0,0,0,0,0
2020-21,2021-04-26,0022000919,SAS,DeMar DeRozan,201942,2457,1,,37,12,23,0,0,13,13,1,1,2,10,0,0,2,3
2020-21,2021-04-26,0022000921,TOR,Stanley Johnson,1626169,636,0,,3,1,2,1,1,0,0,0,2,2,1,1,0,1,0
2020-21,2021-04-26,0022000922,CHI,Coby White,1629632,2142,1,,17,5,14,2,8,5,6,0,5,5,6,0,0,3,3
2020-21,2021-04-26,0022000922,CHI,Denzel Valentine,1627756,595,0,,0,0,1,0,1,0,0,0,3,3,1,0,0,2,3
2020-21,2021-04-26,0022000922,CHI,Javonte Green,1629750,0,0,DNP - Coach's Decision,0,0,0,0,0,0,0,0,0,0,0,0,0,0,0
2020-21,2021-04-26,0022000922,CHI,Lauri Markkanen,1628374,1389,0,,12,5,11,2,7,0,0,0,2,2,1,1,0,1,3
2020-21,2021-04-26,0022000922,CHI,Nikola Vucevic,202696,2114,1,,24,9,15,4,5,2,2,1,10,11,2,1,0,4,4
2020-21,2021-04-26,0022000922,CHI,Patrick Williams,1630172,1342,1,,8,2,7,0,1,4,5,0,2,2,2,0,1,3,1
2020-21,2021-04-26,0022000922,CHI,Thaddeus Young,201152,1577,0,,10,5,6,0,0,0,1,4,5,9,8,0,0,2,4
2020-21,2021-04-26,0022000922,CHI,Tomas Satoransky,203107,1087,0,,6,1,3,0,1,4,5,2,2,4,6,1,1,2,0
2020-21,2021-04-26,0022000924,NOP,Lonzo Ball,1628366,2267,1,,18,7,14,3,9,1,2,0,9,9,7,2,0,4,0
2020-21,2021-04-27,0022000927,OKC,Tony Bradley,1628396,760,0,,4,1,2,0,0,2,4,1,1,2,1,0,0,1,1
2020-21,2021-04-27,0022000930,TOR,Stanley Johnson,1626169,421,0,,0,0,2,0,1,0,0,0,0,0,1,0,0,1,1
2020-21,2021-04-28,0022000933,ORL,Wendell Carter Jr.,1628976,1266,1,,5,2,5,0,0,1,2,1,6,7,2,1,2,1,5
2020-21,2021-04-28,0022000935,LAL,Alex Caruso,1627936,0,0,DNP - Injury/Illness,0,0,0,0,0,0,0,0,0,0,0,0,0,0,0
2020-21,2021-04-28,0022000937,CHI,Coby White,1629632,2105,1,,12,5,13,2,6,0,0,0,2,2,9,0,1,3,5
2020-21,2021-04-28,0022000937,CHI,Denzel Valentine,1627756,93,0,,1,0,0,0,0,1,1,0,0,0,0,0,0,1,0
2020-21,2021-04-28,0022000937,CHI,Javonte Green,1629750,93,0,,0,0,1,0,0,0,0,0,0,0,0,0,0,0,0
2020-21,2021-04-28,0022000937,CHI,Lauri Markkanen,1628374,1528,0,,14,5,9,2,6,2,2,1,5,6,0,0,0,0,0
2020-21,2021-04-28,0022000937,CHI,Nikola Vucevic,202696,2226,1,,26,10,22,3,7,3,4,2,16,18,3,0,2,3,2
2020-21,2021-04-28,0022000937,CHI,Patrick Williams,1630172,1371,1,,7,3,6,1,2,0,0,0,1,1,2,0,0,0,0
2020-21,2021-04-28,0022000937,CHI,Thaddeus Young,201152,1720,0,,10,5,11,0,1,0,0,2,2,4,6,2,0,1,1
2020-21,2021-04-28,0022000937,CHI,Tomas Satoransky,203107,1379,0,,6,3,7,0,1,0,1,1,3,4,3,0,0,2,1
2020-21,2021-04-28,0022000938,SAS,DeMar DeRozan,201942,2129,1,,20,7,13,0,1,6,7,0,4,4,8,1,0,2,3
2020-21,2021-04-28,0022000940,NOP,Lonzo Ball,1628366,2179,1,,16,6,14,4,9,0,0,1,11,12,12,4,2,4,1
2020-21,2021-04-29,0022000947,NOP,Lonzo Ball,1628366,1900,1,,6,3,12,0,8,0,0,2,8,10,6,3,1,1,3
2020-21,2021-04-29,0022000947,OKC,Tony Bradley,1628396,0,0,DNP - Coach's Decision,0,0,0,0,0,0,0,0,0,0,0,0,0,0,0
2020-21,2021-04-29,0022000948,TOR,Stanley Johnson,1626169,656,0,,6,2,4,1,3,1,1,0,0,0,3,1,0,0,2
2020-21,2021-04-30,0022000950,SAS,DeMar DeRozan,201942,2535,1,,30,7,21,0,2,16,19,0,5,5,14,2,0,2,1
2020-21,2021-04-30,0022000953,ORL,Wendell Carter Jr.,1628976,1322,1,,8,3,11,0,2,2,3,4,4,8,2,0,0,2,1
2020-21,2021-04-30,0022000954,CHI,Coby White,1629632,2078,1,,21,6,15,4,8,5,5,0,1,1,7,1,1,1,2
2020-21,2021-04-30,0022000954,CHI,Denzel Valentine,1627756,1013,0,,5,2,9,1,4,0,0,2,3,5,3,1,0,1,2
2020-21,2021-04-30,0022000954,CHI,Javonte Green,1629750,57,0,,0,0,0,0,0,0,0,0,0,0,0,0,0,0,0
2020-21,2021-04-30,0022000954,CHI,Nikola Vucevic,202696,2170,1,,17,7,27,1,9,2,2,3,12,15,4,1,1,0,2
2020-21,2021-04-30,0022000954,CHI,Patrick Williams,1630172,2106,1,,5,2,6,0,1,1,4,1,4,5,0,1,1,1,1
2020-21,2021-04-30,0022000954,CHI,Thaddeus Young,201152,1120,0,,8,2,10,0,0,4,6,3,4,7,4,0,1,1,1
2020-21,2021-04-30,0022000954,CHI,Tomas Satoransky,203107,1324,0,,13,6,7,1,2,0,0,1,3,4,1,0,0,3,1
2020-21,2021-05-01,0022000957,CHA,LaMelo Ball,1630163,1674,1,,11,4,10,1,4,2,4,0,7,7,8,1,2,5,3
2020-21,2021-05-01,0022000959,CHI,Coby White,1629632,2018,1,,12,5,16,1,6,1,2,0,4,4,3,1,0,4,5
2020-21,2021-05-01,0022000959,CHI,Denzel Valentine,1627756,990,0,,9,4,9,1,3,0,0,1,1,2,3,0,0,1,3
2020-21,2021-05-01,0022000959,CHI,Javonte Green,1629750,0,0,DNP - Coach's Decision,0,0,0,0,0,0,0,0,0,0,0,0,0,0,0
2020-21,2021-05-01,0022000959,CHI,Lauri Markkanen,1628374,1367,0,,7,3,10,1,4,0,0,2,9,11,1,1,0,1,1
2020-21,2021-05-01,0022000959,CHI,Nikola Vucevic,202696,0,0,DND - Injury/Illness,0,0,0,0,0,0,0,0,0,0,0,0,0,0,0
2020-21,2021-05-01,0022000959,CHI,Patrick Williams,1630172,1983,1,,19,7,13,2,2,3,4,0,2,2,1,1,0,0,1
2020-21,2021-05-01,0022000959,CHI,Thaddeus Young,201152,1977,1,,20,10,12,0,0,0,0,3,4,7,9,2,0,2,4
2020-21,2021-05-01,0022000959,CHI,Tomas Satoransky,203107,997,0,,12,4,6,0,1,4,5,0,2,2,1,0,0,1,3
2020-21,2021-05-01,0022000961,ORL,Wendell Carter Jr.,1628976,1617,1,,6,2,6,0,1,2,2,1,3,4,1,0,0,2,0
2020-21,2021-05-01,0022000962,NOP,Lonzo Ball,1628366,2399,1,,33,10,21,8,17,5,6,0,11,11,8,3,0,5,1
2020-21,2021-05-01,0022000963,OKC,Tony Bradley,1628396,1408,0,,13,5,8,0,0,3,6,3,5,8,2,0,3,2,1
2020-21,2021-05-01,0022000965,TOR,Stanley Johnson,1626169,0,0,DNP - Coach's Decision,0,0,0,0,0,0,0,0,0,0,0,0,0,0,0
2020-21,2021-05-02,0022000969,CHA,LaMelo Ball,1630163,1817,1,,14,6,14,0,3,2,3,0,6,6,5,4,1,5,2
2020-21,2021-05-02,0022000972,OKC,Tony Bradley,1628396,572,0,,6,3,3,0,0,0,0,4,3,7,0,1,1,0,1
2020-21,2021-05-02,0022000973,SAS,DeMar DeRozan,201942,0,0,DNP - Rest,0,0,0,0,0,0,0,0,0,0,0,0,0,0,0
2020-21,2021-05-02,0022000974,LAL,Alex Caruso,1627936,1567,1,,7,3,9,1,4,0,2,1,3,4,5,0,0,1,2
2020-21,2021-05-02,0022000974,TOR,Stanley Johnson,1626169,1787,1,,0,0,5,0,5,0,0,0,2,2,2,1,1,2,3
2020-21,2021-05-03,0022000975,ORL,Wendell Carter Jr.,1628976,1163,1,,11,5,8,1,2,0,0,0,5,5,1,0,0,0,1
2020-21,2021-05-03,0022000977,NOP,Lonzo Ball,1628366,2258,1,,7,3,18,1,9,0,0,1,6,7,8,2,0,4,2
2020-21,2021-05-03,0022000979,CHI,Coby White,1629632,1728,1,,23,8,19,5,10,2,2,1,1,2,5,0,0,3,1
2020-21,2021-05-03,0022000979,CHI,Denzel Valentine,1627756,993,0,,11,3,7,3,6,2,2,0,2,2,4,0,0,1,1
2020-21,2021-05-03,0022000979,CHI,Javonte Green,1629750,673,0,,7,3,4,0,0,1,1,1,2,3,0,1,0,0,1
2020-21,2021-05-03,0022000979,CHI,Lauri Markkanen,1628374,1008,0,,5,2,8,1,6,0,0,2,2,4,0,0,0,2,1
2020-21,2021-05-03,0022000979,CHI,Patrick Williams,1630172,1660,1,,5,2,8,0,1,1,2,2,5,7,4,2,0,1,3
2020-21,2021-05-03,0022000979,CHI,Thaddeus Young,201152,1663,1,,13,6,13,0,1,1,2,1,3,4,3,1,0,3,0
2020-21,2021-05-03,0022000979,CHI,Tomas Satoransky,203107,1359,0,,10,5,9,0,4,0,0,1,3,4,6,0,1,3,1
2020-21,2021-05-03,0022000981,SAS,DeMar DeRozan,201942,1985,1,,22,10,17,0,0,2,2,0,1,1,6,3,1,0,3
2020-21,2021-05-03,0022000982,LAL,Alex Caruso,1627936,1657,1,,11,4,9,2,5,1,2,1,4,5,3,1,1,3,1
2020-21,2021-05-04,0022000984,CHA,LaMelo Ball,1630163,1837,1,,23,7,16,3,5,6,6,2,5,7,6,2,0,2,3
2020-21,2021-05-04,0022000987,NOP,Lonzo Ball,1628366,2017,1,,33,11,23,7,13,4,4,0,6,6,4,1,0,3,0
2020-21,2021-05-04,0022000988,OKC,Tony Bradley,1628396,0,0,DNP - Coach's Decision,0,0,0,0,0,0,0,0,0,0,0,0,0,0,0
2020-21,2021-05-04,0022000989,TOR,Stanley Johnson,1626169,1971,1,,5,2,7,1,4,0,0,1,2,3,0,2,1,1,3
2020-21,2021-05-05,0022000990,ORL,Wendell Carter Jr.,1628976,0,0,DND - Injury/Illness,0,0,0,0,0,0,0,0,0,0,0,0,0,0,0
2020-21,2021-05-05,0022000996,SAS,DeMar DeRozan,201942,1063,1,,6,3,8,0,0,0,0,0,1,1,3,1,0,0,1
2020-21,2021-05-06,0022000434,CHI,Coby White,1629632,1807,1,,14,5,12,3,8,1,2,0,4,4,6,0,0,4,5
2020-21,2021-05-06,0022000434,CHI,Denzel Valentine,1627756,117,0,,3,1,2,1,1,0,0,0,1,1,0,0,0,0,0
2020-21,2021-05-06,0022000434,CHI,Javonte Green,1629750,446,0,,3,0,2,0,1,3,3,0,1,1,2,1,0,0,0
2020-21,2021-05-06,0022000434,CHA,LaMelo Ball,1630163,1422,1,,4,1,10,0,2,2,4,0,4,4,9,0,0,1,4
2020-21,2021-05-06,0022000434,CHI,Lauri Markkanen,1628374,1250,0,,10,4,5,2,3,0,0,1,6,7,1,1,2,0,1
2020-21,2021-05-06,0022000434,CHI,Nikola Vucevic,202696,1839,1,,29,12,24,5,7,0,0,6,8,14,3,2,1,1,2
2020-21,2021-05-06,0022000434,CHI,Patrick Williams,1630172,1565,1,,11,4,5,0,0,3,5,1,8,9,2,0,1,2,1
2020-21,2021-05-06,0022000434,CHI,Thaddeus Young,201152,1196,0,,7,3,8,0,0,1,3,3,3,6,8,2,1,2,1
2020-21,2021-05-06,0022000434,CHI,Tomas Satoransky,203107,1197,0,,6,2,3,1,2,1,2,0,1,1,4,0,0,0,3
2020-21,2021-05-06,0022000434,CHI,Zach LaVine,203897,1647,1,,13,5,11,3,8,0,0,0,3,3,2,0,0,4,2
2020-21,2021-05-06,0022000997,TOR,Stanley Johnson,1626169,1764,1,,0,0,2,0,2,0,0,0,2,2,5,1,0,1,6
2020-21,2021-05-06,0022001001,OKC,Tony Bradley,1628396,1227,0,,8,4,4,0,0,0,0,0,5,5,0,0,0,0,0
2020-21,2021-05-06,0022001002,LAL,Alex Caruso,1627936,1715,1,,8,3,8,1,3,1,1,0,0,0,7,2,0,3,4
2020-21,2021-05-07,0022000160,CHI,Coby White,1629632,1989,1,,25,9,16,7,12,0,0,2,5,7,5,1,1,2,1
2020-21,2021-05-07,0022000160,CHI,Denzel Valentine,1627756,102,0,,2,1,1,0,0,0,0,0,0,0,1,0,0,0,0
2020-21,2021-05-07,0022000160,CHI,Javonte Green,1629750,367,0,,3,1,1,1,1,0,0,0,1,1,0,0,0,0,0
2020-21,2021-05-07,0022000160,CHI,Lauri Markkanen,1628374,853,0,,8,1,5,1,3,5,5,0,2,2,0,0,0,0,3
2020-21,2021-05-07,0022000160,CHI,Nikola Vucevic,202696,1925,1,,18,7,16,2,5,2,2,4,10,14,10,2,1,4,2
2020-21,2021-05-07,0022000160,CHI,Patrick Williams,1630172,1605,1,,7,3,7,1,3,0,0,1,3,4,2,2,0,1,2
2020-21,2021-05-07,0022000160,CHI,Thaddeus Young,201152,1067,0,,9,2,6,0,0,5,5,0,3,3,1,1,1,2,2
2020-21,2021-05-07,0022000160,CHI,Tomas Satoransky,203107,789,0,,4,2,6,0,1,0,0,0,1,1,4,0,1,0,1
2020-21,2021-05-07,0022000160,CHI,Zach LaVine,203897,1960,1,,25,10,24,3,9,2,2,3,2,5,2,2,0,0,2
2020-21,2021-05-07,0022001003,NOP,Lonzo Ball,1628366,2066,1,,18,6,18,4,13,2,4,2,5,7,3,2,0,5,2
2020-21,2021-05-07,0022001004,CHA,LaMelo Ball,1630163,2017,1,,27,11,22,0,7,5,8,0,6,6,6,2,0,4,1
2020-21,2021-05-07,0022001004,ORL,Wendell Carter Jr.,1628976,0,0,NWT - Injury/Illness,0,0,0,0,0,0,0,0,0,0,0,0,0,0,0
2020-21,2021-05-07,0022001010,LAL,Alex Caruso,1627936,2071,1,,18,8,16,2,2,0,0,1,5,6,2,0,0,1,2
2020-21,2021-05-07,0022001011,SAS,DeMar DeRozan,201942,2174,1,,25,7,14,0,0,11,13,0,6,6,3,1,1,2,4
2020-21,2021-05-08,0022001014,TOR,Stanley Johnson,1626169,753,0,,0,0,2,0,2,0,2,0,0,0,0,1,0,0,2
2020-21,2021-05-08,0022001017,OKC,Tony Bradley,1628396,0,0,DNP - Coach's Decision,0,0,0,0,0,0,0,0,0,0,0,0,0,0,0
2020-21,2021-05-08,0022001018,SAS,DeMar DeRozan,201942,1855,1,,20,6,15,0,0,8,8,0,2,2,4,2,0,1,2
2020-21,2021-05-09,0022001020,CHA,LaMelo Ball,1630163,1885,1,,22,10,19,2,5,0,3,2,2,4,5,2,0,5,2
2020-21,2021-05-09,0022001020,NOP,Lonzo Ball,1628366,1815,1,,12,4,14,4,11,0,0,0,3,3,6,0,0,2,1
2020-21,2021-05-09,0022001022,ORL,Wendell Carter Jr.,1628976,0,0,DND - Injury/Illness,0,0,0,0,0,0,0,0,0,0,0,0,0,0,0
2020-21,2021-05-09,0022001023,CHI,Coby White,1629632,1842,1,,21,8,16,5,11,0,0,0,4,4,3,0,0,1,2
2020-21,2021-05-09,0022001023,CHI,Denzel Valentine,1627756,0,0,DNP - Coach's Decision,0,0,0,0,0,0,0,0,0,0,0,0,0,0,0
2020-21,2021-05-09,0022001023,CHI,Javonte Green,1629750,759,0,,4,2,3,0,0,0,0,0,0,0,0,1,0,1,3
2020-21,2021-05-09,0022001023,CHI,Lauri Markkanen,1628374,1373,0,,2,1,2,0,1,0,2,0,7,7,1,3,0,1,3
2020-21,2021-05-09,0022001023,CHI,Nikola Vucevic,202696,2170,1,,29,14,27,1,8,0,0,3,13,16,2,0,1,0,4
2020-21,2021-05-09,0022001023,CHI,Patrick Williams,1630172,1380,1,,4,2,4,0,1,0,0,1,1,2,1,2,0,1,1
2020-21,2021-05-09,0022001023,CHI,Thaddeus Young,201152,1611,1,,11,4,10,2,3,1,2,0,3,3,3,0,0,2,3
2020-21,2021-05-09,0022001023,CHI,Tomas Satoransky,203107,1282,0,,6,2,4,1,2,1,1,1,2,3,7,0,0,0,1
2020-21,2021-05-09,0022001023,CHI,Zach LaVine,203897,2137,1,,30,10,16,3,5,7,7,0,3,3,6,0,0,1,4
2020-21,2021-05-09,0022001024,LAL,Alex Caruso,1627936,1913,1,,17,6,11,1,3,4,8,1,2,3,8,3,0,3,5
2020-21,2021-05-09,0022001025,OKC,Tony Bradley,1628396,0,0,DNP - Coach's Decision,0,0,0,0,0,0,0,0,0,0,0,0,0,0,0
2020-21,2021-05-10,0022001028,NOP,Lonzo Ball,1628366,2044,1,,12,5,7,2,2,0,0,2,6,8,3,1,2,1,2
2020-21,2021-05-10,0022001029,SAS,DeMar DeRozan,201942,1759,1,,23,9,17,0,0,5,7,0,3,3,3,0,0,5,2
2020-21,2021-05-11,0022000448,CHA,LaMelo Ball,1630163,1884,1,,5,1,9,0,3,3,4,1,11,12,7,0,0,5,2
2020-21,2021-05-11,0022001034,TOR,Stanley Johnson,1626169,1254,1,,9,3,6,1,1,2,2,0,2,2,3,1,0,2,5
2020-21,2021-05-11,0022001036,CHI,Coby White,1629632,2230,1,,16,6,17,4,11,0,0,0,3,3,4,1,0,0,4
2020-21,2021-05-11,0022001036,CHI,Denzel Valentine,1627756,0,0,DNP - Coach's Decision,0,0,0,0,0,0,0,0,0,0,0,0,0,0,0
2020-21,2021-05-11,0022001036,CHI,Javonte Green,1629750,158,0,,0,0,0,0,0,0,0,0,1,1,0,0,0,0,1
2020-21,2021-05-11,0022001036,CHI,Lauri Markkanen,1628374,1140,0,,11,4,8,3,7,0,0,0,2,2,0,0,0,0,0
2020-21,2021-05-11,0022001036,CHI,Nikola Vucevic,202696,2174,1,,12,5,18,2,6,0,0,2,10,12,6,0,0,1,1
2020-21,2021-05-11,0022001036,CHI,Patrick Williams,1630172,1369,1,,5,2,2,1,1,0,0,0,1,1,0,0,2,2,2
2020-21,2021-05-11,0022001036,CHI,Thaddeus Young,201152,1468,0,,4,2,10,0,2,0,0,3,6,9,3,1,1,2,1
2020-21,2021-05-11,0022001036,CHI,Tomas Satoransky,203107,650,0,,1,0,2,0,1,1,2,1,1,2,1,0,0,1,0
2020-21,2021-05-11,0022001036,CHI,Zach LaVine,203897,2192,1,,41,15,27,6,11,5,7,1,2,3,1,1,0,2,4
2020-21,2021-05-11,0022001038,ORL,Wendell Carter Jr.,1628976,1857,1,,8,3,11,0,2,2,2,2,12,14,4,0,0,1,3
2020-21,2021-05-11,0022001040,OKC,Tony Bradley,1628396,998,0,,10,4,7,0,0,2,2,0,6,6,1,0,0,2,2
2020-21,2021-05-11,0022001041,LAL,Alex Caruso,1627936,431,1,,0,0,1,0,0,0,0,0,2,2,2,0,0,2,0
2020-21,2021-05-12,0022000154,NOP,Lonzo Ball,1628366,0,0,DND - Injury/Illness,0,0,0,0,0,0,0,0,0,0,0,0,0,0,0
2020-21,2021-05-12,0022001043,SAS,DeMar DeRozan,201942,1773,1,,21,9,14,0,0,3,4,0,2,2,5,1,0,2,4
2020-21,2021-05-13,0022000458,SAS,DeMar DeRozan,201942,2252,1,,27,10,18,0,0,7,9,0,8,8,4,1,0,3,2
2020-21,2021-05-13,0022001047,CHA,LaMelo Ball,1630163,1883,1,,18,5,10,3,4,5,6,0,6,6,7,2,0,0,2
2020-21,2021-05-13,0022001049,ORL,Wendell Carter Jr.,1628976,1640,1,,12,4,11,0,2,4,6,6,5,11,0,0,1,1,3
2020-21,2021-05-13,0022001051,CHI,Coby White,1629632,2507,1,,17,7,12,3,7,0,0,0,5,5,10,1,0,2,3
2020-21,2021-05-13,0022001051,CHI,Denzel Valentine,1627756,0,0,DNP - Coach's Decision,0,0,0,0,0,0,0,0,0,0,0,0,0,0,0
2020-21,2021-05-13,0022001051,CHI,Javonte Green,1629750,752,0,,10,4,6,2,3,0,0,0,0,0,0,1,0,1,0
2020-21,2021-05-13,0022001051,CHI,Lauri Markkanen,1628374,1519,0,,20,7,10,6,9,0,0,1,6,7,2,1,1,2,3
2020-21,2021-05-13,0022001051,CHI,Nikola Vucevic,202696,1945,1,,16,7,19,2,7,0,0,0,16,16,6,0,0,2,2
2020-21,2021-05-13,0022001051,CHI,Patrick Williams,1630172,1099,1,,9,3,8,1,3,2,4,2,3,5,1,0,1,2,0
2020-21,2021-05-13,0022001051,TOR,Stanley Johnson,1626169,2584,1,,35,12,22,6,13,5,7,1,9,10,5,3,0,0,1
2020-21,2021-05-13,0022001051,CHI,Thaddeus Young,201152,1685,1,,10,5,8,0,0,0,0,5,4,9,7,0,1,4,1
2020-21,2021-05-13,0022001051,CHI,Tomas Satoransky,203107,1180,0,,6,3,4,0,0,0,0,0,2,2,2,0,0,2,1
2020-21,2021-05-13,0022001051,CHI,Zach LaVine,203897,2073,1,,24,8,15,3,7,5,6,0,5,5,2,0,0,3,2
2020-21,2021-05-14,0022001055,ORL,Wendell Carter Jr.,1628976,1289,1,,0,0,4,0,0,0,0,4,4,8,1,1,2,1,2
2020-21,2021-05-14,0022001056,OKC,Tony Bradley,1628396,1057,0,,4,1,3,0,0,2,2,2,2,4,3,0,0,1,3
2020-21,2021-05-14,0022001057,TOR,Stanley Johnson,1626169,2097,1,,15,5,16,2,6,3,3,2,8,10,1,1,0,1,3
2020-21,2021-05-14,0022001059,NOP,Lonzo Ball,1628366,0,0,DNP - Injury/Illness,0,0,0,0,0,0,0,0,0,0,0,0,0,0,0
2020-21,2021-05-15,0022001060,CHI,Coby White,1629632,2064,1,,3,1,10,1,6,0,0,2,5,7,6,0,0,3,3
2020-21,2021-05-15,0022001060,CHI,Denzel Valentine,1627756,961,0,,0,0,7,0,3,0,0,0,2,2,2,0,0,0,0
2020-21,2021-05-15,0022001060,CHI,Javonte Green,1629750,1035,0,,4,0,2,0,1,4,4,3,1,4,1,0,1,0,2
2020-21,2021-05-15,0022001060,CHI,Lauri Markkanen,1628374,1823,0,,14,5,10,4,7,0,0,0,2,2,1,1,0,1,0
2020-21,2021-05-15,0022001060,CHI,Nikola Vucevic,202696,1815,1,,10,4,18,0,8,2,2,2,9,11,3,0,1,2,4
2020-21,2021-05-15,0022001060,CHI,Patrick Williams,1630172,1972,1,,24,9,14,3,4,3,4,2,3,5,1,2,0,0,1
2020-21,2021-05-15,0022001060,CHI,Thaddeus Young,201152,1803,1,,19,9,18,0,1,1,3,8,5,13,4,1,0,0,0
2020-21,2021-05-15,0022001061,LAL,Alex Caruso,1627936,0,0,DNP - Coach's Decision,0,0,0,0,0,0,0,0,0,0,0,0,0,0,0
2020-21,2021-05-15,0022001064,CHA,LaMelo Ball,1630163,1247,1,,8,4,15,0,4,0,0,2,1,3,4,1,1,2,0
2020-21,2021-05-15,0022001065,SAS,DeMar DeRozan,201942,0,0,DNP - Rest,0,0,0,0,0,0,0,0,0,0,0,0,0,0,0
2020-21,2021-05-16,0022001068,CHI,Coby White,1629632,1876,1,,19,6,13,4,9,3,4,0,5,5,5,1,1,4,1
2020-21,2021-05-16,0022001068,CHI,Denzel Valentine,1627756,1249,0,,8,3,9,2,4,0,0,0,2,2,3,0,1,0,3
2020-21,2021-05-16,0022001068,CHI,Javonte Green,1629750,1394,0,,6,3,5,0,1,0,0,0,2,2,1,4,1,0,3
2020-21,2021-05-16,0022001068,CHI,Lauri Markkanen,1628374,1486,1,,17,6,11,2,4,3,4,0,5,5,1,0,0,2,1
2020-21,2021-05-16,0022001068,CHI,Patrick Williams,1630172,1778,1,,11,4,8,0,1,3,3,3,4,7,1,1,2,3,2
2020-21,2021-05-16,0022001068,CHI,Thaddeus Young,201152,1533,1,,20,8,15,0,1,4,6,1,6,7,3,0,3,4,2
2020-21,2021-05-16,0022001072,LAL,Alex Caruso,1627936,1162,0,,9,4,8,1,4,0,0,1,2,3,5,0,1,1,2
2020-21,2021-05-16,0022001072,NOP,Lonzo Ball,1628366,0,0,DND - Injury/Illness,0,0,0,0,0,0,0,0,0,0,0,0,0,0,0
2020-21,2021-05-16,0022001074,OKC,Tony Bradley,1628396,847,0,,8,4,5,0,0,0,0,2,5,7,1,0,2,0,0
2020-21,2021-05-16,0022001075,ORL,Wendell Carter Jr.,1628976,0,0,DND - Injury/Illness,0,0,0,0,0,0,0,0,0,0,0,0,0,0,0
2020-21,2021-05-16,0022001078,SAS,DeMar DeRozan,201942,1524,1,,23,8,14,1,1,6,7,1,2,3,4,0,0,2,1
2020-21,2021-05-16,0022001079,TOR,Stanley Johnson,1626169,2592,1,,24,6,18,3,12,9,11,3,2,5,7,2,0,6,1
2020-21,2021-05-16,0022001080,CHA,LaMelo Ball,1630163,2009,1,,19,7,21,2,8,3,4,2,5,7,5,2,0,1,1
2021-22,2021-10-20,0022100003,IND,Chris Duarte,1630537,1963,1,,27,9,15,6,9,3,3,0,5,5,1,1,0,1,4
2021-22,2021-10-20,0022100003,CHA,LaMelo Ball,1630163,1738,1,,31,11,23,7,9,2,2,2,7,9,7,2,0,2,3
2021-22,2021-10-20,0022100004,CHI,Alex Caruso,1627936,1628,0,,3,1,5,1,3,0,0,0,3,3,3,4,2,2,5
2021-22,2021-10-20,0022100004,CHI,Alize Johnson,1628993,714,0,,0,0,2,0,0,0,0,1,3,4,0,0,0,2,3
2021-22,2021-10-20,0022100004,CHI,Ayo Dosunmu,1630245,672,0,,7,3,8,1,3,0,0,0,2,2,0,0,1,1,1
2021-22,2021-10-20,0022100004,CHI,DeMar DeRozan,201942,2266,1,,17,8,17,1,1,0,2,0,7,7,2,3,0,2,2
2021-22,2021-10-20,0022100004,CHI,Derrick Jones Jr.,1627884,0,0,DNP - Coach's Decision,0,0,0,0,0,0,0,0,0,0,0,0,0,0,0
2021-22,2021-10-20,0022100004,CHI,Javonte Green,1629750,889,0,,0,0,1,0,1,0,0,0,3,3,1,0,0,0,0
2021-22,2021-10-20,0022100004,CHI,Lonzo Ball,1628366,2002,1,,12,5,12,2,6,0,0,3,3,6,4,0,1,4,0
2021-22,2021-10-20,0022100004,CHI,Marko Simonovic,1630250,0,0,DNP - Coach's Decision,0,0,0,0,0,0,0,0,0,0,0,0,0,0,0
2021-22,2021-10-20,0022100004,CHI,Matt Thomas,1629744,0,0,DNP - Coach's Decision,0,0,0,0,0,0,0,0,0,0,0,0,0,0,0
2021-22,2021-10-20,0022100004,CHI,Nikola Vucevic,202696,2153,1,,15,7,21,1,4,0,0,5,10,15,4,0,0,3,1
2021-22,2021-10-20,0022100004,CHI,Patrick Williams,1630172,1707,1,,6,2,3,0,0,2,2,0,1,1,0,0,0,1,2
2021-22,2021-10-20,0022100004,CHI,Tony Bradley,1628396,0,0,DNP - Coach's Decision,0,0,0,0,0,0,0,0,0,0,0,0,0,0,0
2021-22,2021-10-20,0022100004,CHI,Troy Brown Jr.,1628972,250,0,,0,0,0,0,0,0,0,0,0,0,0,0,0,0,3
2021-22,2021-10-20,0022100004,CHI,Zach LaVine,203897,2120,1,,34,11,17,1,5,11,11,0,7,7,4,1,1,2,2
2021-22,2021-10-20,0022100007,CLE,Denzel Valentine,1627756,0,0,DNP - Coach's Decision,0,0,0,0,0,0,0,0,0,0,0,0,0,0,0
2021-22,2021-10-20,0022100007,CLE,Lauri Markkanen,1628374,1888,1,,10,4,14,2,7,0,0,2,7,9,2,1,0,1,0
2021-22,2021-10-20,0022100009,NOP,Tomas Satoransky,203107,520,0,,0,0,1,0,1,0,0,0,2,2,2,1,0,1,1
2021-22,2021-10-20,0022100010,SAS,Thaddeus Young,201152,0,0,DNP - Coach's Decision,0,0,0,0,0,0,0,0,0,0,0,0,0,0,0
2021-22,2021-10-20,0022100010,ORL,Wendell Carter Jr.,1628976,1125,1,,13,5,10,1,1,2,2,1,7,8,1,1,0,0,1
2021-22,2021-10-22,0022100017,CLE,Denzel Valentine,1627756,112,0,,0,0,0,0,0,0,0,0,0,0,0,1,0,0,0
2021-22,2021-10-22,0022100017,CHA,LaMelo Ball,1630163,1734,1,,17,8,12,1,3,0,0,0,3,3,6,5,0,3,3
2021-22,2021-10-22,0022100017,CLE,Lauri Markkanen,1628374,2064,1,,13,5,11,2,5,1,2,1,4,5,2,0,0,0,1
2021-22,2021-10-22,0022100018,ORL,Wendell Carter Jr.,1628976,1808,1,,10,3,7,1,4,3,4,2,9,11,4,1,1,1,3
2021-22,2021-10-22,0022100019,IND,Chris Duarte,1630537,2718,1,,15,6,16,3,8,0,0,0,4,4,5,1,0,2,2
2021-22,2021-10-22,0022100022,CHI,Alex Caruso,1627936,1729,0,,9,4,7,0,0,1,2,1,2,3,3,0,0,0,0
2021-22,2021-10-22,0022100022,CHI,Alize Johnson,1628993,855,0,,8,3,3,0,0,2,3,2,6,8,2,0,0,1,1
2021-22,2021-10-22,0022100022,CHI,Ayo Dosunmu,1630245,146,0,,0,0,1,0,0,0,0,0,1,1,1,0,0,0,0
2021-22,2021-10-22,0022100022,CHI,DeMar DeRozan,201942,1896,1,,26,9,20,0,2,8,9,2,4,6,4,0,0,1,2
2021-22,2021-10-22,0022100022,CHI,Derrick Jones Jr.,1627884,146,0,,0,0,0,0,0,0,0,0,0,0,0,0,0,0,0
2021-22,2021-10-22,0022100022,CHI,Javonte Green,1629750,1032,0,,10,4,6,0,1,2,2,1,0,1,1,1,2,0,1
2021-22,2021-10-22,0022100022,CHI,Lonzo Ball,1628366,2108,1,,17,6,11,3,8,2,2,2,8,10,11,3,1,0,2
2021-22,2021-10-22,0022100022,CHI,Marko Simonovic,1630250,0,0,DNP - Coach's Decision,0,0,0,0,0,0,0,0,0,0,0,0,0,0,0
2021-22,2021-10-22,0022100022,CHI,Matt Thomas,1629744,146,0,,0,0,1,0,0,0,0,0,0,0,0,0,0,0,0
2021-22,2021-10-22,0022100022,CHI,Nikola Vucevic,202696,1880,1,,10,4,11,1,4,1,2,1,3,4,4,4,2,4,2
2021-22,2021-10-22,0022100022,CHI,Patrick Williams,1630172,1465,1,,8,3,5,2,2,0,0,1,3,4,0,1,0,0,4
2021-22,2021-10-22,0022100022,NOP,Tomas Satoransky,203107,433,0,,0,0,2,0,0,0,0,0,0,0,0,0,0,1,0
2021-22,2021-10-22,0022100022,CHI,Tony Bradley,1628396,146,0,,2,1,1,0,0,0,0,0,1,1,0,0,1,1,2
2021-22,2021-10-22,0022100022,CHI,Troy Brown Jr.,1628972,961,0,,6,2,4,2,2,0,0,0,2,2,1,0,0,1,0
2021-22,2021-10-22,0022100022,CHI,Zach LaVine,203897,1891,1,,32,11,19,6,9,4,5,1,5,6,5,0,1,6,0
2021-22,2021-10-22,0022100024,SAS,Thaddeus Young,201152,548,0,,2,1,3,0,0,0,0,0,0,0,0,0,0,2,0
2021-22,2021-10-23,0022100027,CLE,Denzel Valentine,1627756,0,0,DNP - Coach's Decision,0,0,0,0,0,0,0,0,0,0,0,0,0,0,0
2021-22,2021-10-23,0022100027,CLE,Lauri Markkanen,1628374,1902,1,,12,3,15,1,6,5,6,3,5,8,2,1,2,0,0
2021-22,2021-10-23,0022100028,IND,Chris Duarte,1630537,2488,1,,19,6,21,2,7,5,5,1,4,5,1,1,0,1,1
2021-22,2021-10-23,0022100030,CHI,Alex Caruso,1627936,1591,0,,12,3,4,2,2,4,4,0,0,0,4,5,1,2,1
2021-22,2021-10-23,0022100030,CHI,Alize Johnson,1628993,331,0,,0,0,0,0,0,0,0,0,0,0,0,1,0,0,1
2021-22,2021-10-23,0022100030,CHI,Ayo Dosunmu,1630245,684,0,,2,1,3,0,0,0,0,0,1,1,3,1,1,0,0
2021-22,2021-10-23,0022100030,CHI,DeMar DeRozan,201942,2033,1,,21,7,18,0,1,7,9,1,5,6,6,0,2,2,2
2021-22,2021-10-23,0022100030,CHI,Derrick Jones Jr.,1627884,0,0,DNP - Coach's Decision,0,0,0,0,0,0,0,0,0,0,0,0,0,0,0
2021-22,2021-10-23,0022100030,CHI,Javonte Green,1629750,1095,0,,10,3,3,2,2,2,2,0,4,4,1,0,0,1,5
2021-22,2021-10-23,0022100030,CHI,Lonzo Ball,1628366,2264,1,,13,5,12,3,7,0,0,0,4,4,1,3,4,2,3
2021-22,2021-10-23,0022100030,CHI,Marko Simonovic,1630250,0,0,DNP - Coach's Decision,0,0,0,0,0,0,0,0,0,0,0,0,0,0,0
2021-22,2021-10-23,0022100030,CHI,Matt Thomas,1629744,0,0,DNP - Coach's Decision,0,0,0,0,0,0,0,0,0,0,0,0,0,0,0
2021-22,2021-10-23,0022100030,CHI,Nikola Vucevic,202696,1986,1,,15,6,16,1,4,2,2,2,17,19,3,2,3,2,3
2021-22,2021-10-23,0022100030,CHI,Patrick Williams,1630172,1774,1,,9,4,7,1,3,0,0,0,4,4,1,0,0,1,0
2021-22,2021-10-23,0022100030,CHI,Tony Bradley,1628396,0,0,DNP - Coach's Decision,0,0,0,0,0,0,0,0,0,0,0,0,0,0,0
2021-22,2021-10-23,0022100030,CHI,Troy Brown Jr.,1628972,656,0,,1,0,3,0,1,1,2,0,0,0,0,1,0,0,1
2021-22,2021-10-23,0022100030,CHI,Zach LaVine,203897,1986,1,,14,6,18,2,6,0,0,0,4,4,5,0,0,2,1
2021-22,2021-10-23,0022100031,NOP,Tomas Satoransky,203107,0,0,DNP - Coach's Decision,0,0,0,0,0,0,0,0,0,0,0,0,0,0,0
2021-22,2021-10-23,0022100032,SAS,Joe Wieskamp,1630580,0,0,DNP - Coach's Decision,0,0,0,0,0,0,0,0,0,0,0,0,0,0,0
2021-22,2021-10-23,0022100032,SAS,Thaddeus Young,201152,0,0,DNP - Coach's Decision,0,0,0,0,0,0,0,0,0,0,0,0,0,0,0
2021-22,2021-10-24,0022100035,CHA,LaMelo Ball,1630163,1563,1,,18,8,18,1,6,1,1,0,5,5,5,0,1,0,3
2021-22,2021-10-24,0022100036,ORL,Wendell Carter Jr.,1628976,1854,1,,11,5,8,1,3,0,0,2,7,9,1,1,4,2,3
2021-22,2021-10-25,0022100041,CHA,LaMelo Ball,1630163,1978,1,,25,7,19,7,14,4,4,0,5,5,9,0,0,6,6
2021-22,2021-10-25,0022100042,IND,Chris Duarte,1630537,2007,1,,18,7,16,2,5,2,2,0,5,5,1,0,0,1,2
2021-22,2021-10-25,0022100045,ORL,Wendell Carter Jr.,1628976,1666,1,,9,3,7,1,5,2,2,3,6,9,1,0,1,2,2
2021-22,2021-10-25,0022100046,CHI,Alex Caruso,1627936,1663,0,,8,2,4,1,1,3,3,1,1,2,2,4,0,4,4
2021-22,2021-10-25,0022100046,CHI,Alize Johnson,1628993,814,0,,6,3,3,0,0,0,0,1,1,2,1,0,0,0,2
2021-22,2021-10-25,0022100046,CHI,Ayo Dosunmu,1630245,0,0,DNP - Coach's Decision,0,0,0,0,0,0,0,0,0,0,0,0,0,0,0
2021-22,2021-10-25,0022100046,CHI,DeMar DeRozan,201942,2149,1,,26,7,19,2,4,10,10,0,5,5,6,0,0,2,2
2021-22,2021-10-25,0022100046,CHI,Derrick Jones Jr.,1627884,0,0,DNP - Coach's Decision,0,0,0,0,0,0,0,0,0,0,0,0,0,0,0
2021-22,2021-10-25,0022100046,CHI,Javonte Green,1629750,776,0,,2,0,1,0,0,2,2,0,3,3,0,0,0,0,0
2021-22,2021-10-25,0022100046,CHI,Lonzo Ball,1628366,2283,1,,15,5,11,5,9,0,0,0,3,3,5,2,1,4,0
2021-22,2021-10-25,0022100046,CHI,Matt Thomas,1629744,0,0,DNP - Coach's Decision,0,0,0,0,0,0,0,0,0,0,0,0,0,0,0
2021-22,2021-10-25,0022100046,CHI,Nikola Vucevic,202696,2039,1,,17,8,15,0,2,1,2,1,7,8,2,3,0,1,2
2021-22,2021-10-25,0022100046,CHI,Patrick Williams,1630172,1551,1,,4,2,3,0,0,0,0,0,0,0,2,1,2,0,2
2021-22,2021-10-25,0022100046,CHI,Tony Bradley,1628396,0,0,DNP - Coach's Decision,0,0,0,0,0,0,0,0,0,0,0,0,0,0,0
2021-22,2021-10-25,0022100046,CHI,Troy Brown Jr.,1628972,1004,0,,11,5,9,1,4,0,0,2,0,2,1,0,0,0,3
2021-22,2021-10-25,0022100046,CHI,Zach LaVine,203897,2121,1,,22,7,16,3,7,5,5,0,4,4,5,1,0,2,1
2021-22,2021-10-25,0022100047,NOP,Tomas Satoransky,203107,0,0,DNP - Coach's Decision,0,0,0,0,0,0,0,0,0,0,0,0,0,0,0
2021-22,2021-10-25,0022100048,CLE,Denzel Valentine,1627756,98,0,,0,0,0,0,0,0,0,0,0,0,0,0,0,0,0
2021-22,2021-10-25,0022100048,CLE,Lauri Markkanen,1628374,1649,1,,12,4,12,2,8,2,2,0,4,4,2,4,1,1,1
2021-22,2021-10-26,0022100053,SAS,Thaddeus Young,201152,196,0,,0,0,0,0,0,0,0,1,0,1,1,0,0,0,2
2021-22,2021-10-27,0022100055,CHA,LaMelo Ball,1630163,1457,1,,7,3,14,1,5,0,0,2,4,6,3,3,0,3,2
2021-22,2021-10-27,0022100055,ORL,Wendell Carter Jr.,1628976,1969,1,,20,8,15,2,5,2,2,2,8,10,2,1,0,1,4
2021-22,2021-10-27,0022100058,IND,Chris Duarte,1630537,1926,1,,14,6,15,2,7,0,0,0,4,4,1,1,0,1,2
2021-22,2021-10-27,0022100059,NOP,Tomas Satoransky,203107,0,0,DNP - Coach's Decision,0,0,0,0,0,0,0,0,0,0,0,0,0,0,0
2021-22,2021-10-27,0022100064,CLE,Denzel Valentine,1627756,52,0,,0,0,0,0,0,0,0,0,0,0,0,0,0,0,0
2021-22,2021-10-27,0022100064,CLE,Lauri Markkanen,1628374,1715,1,,7,2,7,0,4,3,3,1,8,9,1,1,0,3,1
2021-22,2021-10-28,0022100067,CHI,Alex Caruso,1627936,1974,0,,10,4,10,2,6,0,0,0,1,1,6,2,0,0,2
2021-22,2021-10-28,0022100067,CHI,Alize Johnson,1628993,206,0,,2,1,2,0,0,0,0,0,0,0,0,0,0,0,0
2021-22,2021-10-28,0022100067,CHI,Ayo Dosunmu,1630245,546,0,,0,0,2,0,0,0,0,1,1,2,0,0,0,0,1
2021-22,2021-10-28,0022100067,CHI,DeMar DeRozan,201942,2093,1,,20,7,18,1,4,5,5,0,3,3,5,2,1,2,2
2021-22,2021-10-28,0022100067,CHI,Derrick Jones Jr.,1627884,0,0,DNP - Coach's Decision,0,0,0,0,0,0,0,0,0,0,0,0,0,0,0
2021-22,2021-10-28,0022100067,CHI,Javonte Green,1629750,962,0,,5,2,2,1,1,0,0,1,2,3,1,0,2,0,4
2021-22,2021-10-28,0022100067,CHI,Lonzo Ball,1628366,2003,1,,6,2,8,1,6,1,2,0,6,6,4,0,1,2,4
2021-22,2021-10-28,0022100067,CHI,Matt Thomas,1629744,0,0,DNP - Coach's Decision,0,0,0,0,0,0,0,0,0,0,0,0,0,0,0
2021-22,2021-10-28,0022100067,CHI,Nikola Vucevic,202696,2136,1,,22,8,13,3,5,3,4,0,8,8,6,1,0,0,1
2021-22,2021-10-28,0022100067,CHI,Patrick Williams,1630172,983,1,,6,2,5,0,1,2,2,0,2,2,0,1,0,0,1
2021-22,2021-10-28,0022100067,CHI,Tony Bradley,1628396,356,0,,2,1,2,0,0,0,0,3,0,3,0,0,0,0,0
2021-22,2021-10-28,0022100067,CHI,Troy Brown Jr.,1628972,1046,0,,5,2,5,1,3,0,0,0,4,4,0,0,0,0,0
2021-22,2021-10-28,0022100067,CHI,Zach LaVine,203897,2095,1,,25,7,17,2,6,9,9,0,5,5,3,0,1,3,3
2021-22,2021-10-28,0022100069,SAS,Thaddeus Young,201152,0,0,DNP - Coach's Decision,0,0,0,0,0,0,0,0,0,0,0,0,0,0,0
2021-22,2021-10-29,0022100071,ORL,Wendell Carter Jr.,1628976,2004,1,,17,8,12,1,4,0,1,4,8,12,3,0,0,2,4
2021-22,2021-10-29,0022100072,IND,Chris Duarte,1630537,2025,1,,19,9,19,1,4,0,1,1,3,4,2,1,1,4,5
2021-22,2021-10-29,0022100073,CHA,LaMelo Ball,1630163,1811,1,,6,2,14,0,5,2,2,2,3,5,6,0,1,2,3
2021-22,2021-10-29,0022100074,NOP,Tomas Satoransky,203107,0,0,DNP - Coach's Decision,0,0,0,0,0,0,0,0,0,0,0,0,0,0,0
2021-22,2021-10-29,0022100077,CLE,Denzel Valentine,1627756,134,0,,3,1,2,1,1,0,0,0,0,0,0,0,0,0,0
2021-22,2021-10-29,0022100077,CLE,Lauri Markkanen,1628374,1918,1,,17,7,14,3,8,0,0,0,3,3,1,0,0,0,3
2021-22,2021-10-30,0022100079,ORL,Wendell Carter Jr.,1628976,1007,1,,8,3,9,1,1,1,2,2,4,6,2,0,1,3,3
2021-22,2021-10-30,0022100080,NOP,Tomas Satoransky,203107,965,0,,3,1,3,1,1,0,0,0,0,0,0,0,0,1,1
2021-22,2021-10-30,0022100081,IND,Chris Duarte,1630537,1946,1,,12,5,11,2,6,0,0,1,5,6,6,1,0,5,1
2021-22,2021-10-30,0022100083,CHI,Alex Caruso,1627936,1499,0,,7,3,6,0,0,1,2,1,3,4,3,1,0,4,2
2021-22,2021-10-30,0022100083,CHI,Alize Johnson,1628993,0,0,DNP - Coach's Decision,0,0,0,0,0,0,0,0,0,0,0,0,0,0,0
2021-22,2021-10-30,0022100083,CHI,Ayo Dosunmu,1630245,1239,0,,4,1,6,1,2,1,2,0,3,3,1,0,0,0,1
2021-22,2021-10-30,0022100083,CHI,DeMar DeRozan,201942,2106,1,,32,13,22,0,1,6,6,1,5,6,3,0,0,1,1
2021-22,2021-10-30,0022100083,CHI,Derrick Jones Jr.,1627884,1137,0,,4,2,3,0,1,0,0,1,2,3,0,1,3,0,0
2021-22,2021-10-30,0022100083,CHI,Javonte Green,1629750,1323,1,,5,2,2,0,0,1,2,1,1,2,0,1,0,0,3
2021-22,2021-10-30,0022100083,CHI,Lonzo Ball,1628366,1993,1,,11,4,11,1,6,2,2,1,4,5,2,4,0,4,2
2021-22,2021-10-30,0022100083,CHI,Matt Thomas,1629744,0,0,DNP - Coach's Decision,0,0,0,0,0,0,0,0,0,0,0,0,0,0,0
2021-22,2021-10-30,0022100083,CHI,Nikola Vucevic,202696,2057,1,,16,4,19,2,6,6,8,0,12,12,2,1,0,0,5
2021-22,2021-10-30,0022100083,CHI,Tony Bradley,1628396,816,0,,2,1,2,0,0,0,0,1,3,4,0,0,2,0,2
2021-22,2021-10-30,0022100083,CHI,Troy Brown Jr.,1628972,163,0,,0,0,1,0,1,0,0,0,1,1,0,0,0,0,0
2021-22,2021-10-30,0022100083,CHI,Tyler Cook,1629076,0,0,DNP - Coach's Decision,0,0,0,0,0,0,0,0,0,0,0,0,0,0,0
2021-22,2021-10-30,0022100083,CHI,Zach LaVine,203897,2067,1,,26,9,19,1,4,7,8,3,2,5,5,0,0,0,3
2021-22,2021-10-30,0022100085,SAS,Thaddeus Young,201152,914,0,,10,5,9,0,1,0,0,5,3,8,3,2,0,0,2
2021-22,2021-10-30,0022100088,CLE,Denzel Valentine,1627756,322,0,,0,0,2,0,1,0,0,0,1,1,0,0,0,0,3
2021-22,2021-10-30,0022100088,CLE,Lauri Markkanen,1628374,1509,1,,11,3,5,2,4,3,3,0,1,1,2,1,2,0,2
2021-22,2021-10-31,0022100090,CHA,LaMelo Ball,1630163,1990,1,,27,10,20,4,9,3,4,1,8,9,7,1,0,1,2
2021-22,2021-11-01,0022100094,CLE,Denzel Valentine,1627756,0,0,DNP - Coach's Decision,0,0,0,0,0,0,0,0,0,0,0,0,0,0,0
2021-22,2021-11-01,0022100094,CHA,LaMelo Ball,1630163,2050,1,,30,12,22,5,8,1,1,4,3,7,6,2,2,3,6
2021-22,2021-11-01,0022100094,CLE,Lauri Markkanen,1628374,2103,1,,21,7,19,2,8,5,6,3,5,8,0,2,2,2,2
2021-22,2021-11-01,0022100095,IND,Chris Duarte,1630537,1694,1,,18,6,11,4,6,2,2,1,2,3,2,1,0,1,2
2021-22,2021-11-01,0022100095,SAS,Thaddeus Young,201152,918,0,,2,1,3,0,0,0,0,0,3,3,5,1,0,2,1
2021-22,2021-11-01,0022100098,CHI,Alex Caruso,1627936,1397,0,,9,2,5,1,3,4,4,0,3,3,6,2,1,3,4
2021-22,2021-11-01,0022100098,CHI,Alize Johnson,1628993,0,0,DNP - Coach's Decision,0,0,0,0,0,0,0,0,0,0,0,0,0,0,0
2021-22,2021-11-01,0022100098,CHI,Ayo Dosunmu,1630245,1309,0,,14,6,6,2,2,0,0,1,3,4,2,0,0,2,2
2021-22,2021-11-01,0022100098,CHI,DeMar DeRozan,201942,2021,1,,37,15,20,3,4,4,5,0,6,6,2,1,1,1,3
2021-22,2021-11-01,0022100098,CHI,Derrick Jones Jr.,1627884,1268,0,,9,3,5,1,2,2,2,1,3,4,0,1,2,0,1
2021-22,2021-11-01,0022100098,CHI,Javonte Green,1629750,1306,1,,6,3,6,0,1,0,0,4,4,8,0,1,0,1,1
2021-22,2021-11-01,0022100098,CHI,Lonzo Ball,1628366,1944,1,,12,4,10,4,6,0,0,0,6,6,4,1,0,3,2
2021-22,2021-11-01,0022100098,CHI,Matt Thomas,1629744,0,0,DNP - Coach's Decision,0,0,0,0,0,0,0,0,0,0,0,0,0,0,0
2021-22,2021-11-01,0022100098,CHI,Nikola Vucevic,202696,2075,1,,11,5,11,1,5,0,0,2,8,10,9,0,2,2,2
2021-22,2021-11-01,0022100098,CHI,Tony Bradley,1628396,776,0,,4,2,3,0,0,0,0,2,4,6,0,0,2,1,1
2021-22,2021-11-01,0022100098,CHI,Troy Brown Jr.,1628972,0,0,DNP - Coach's Decision,0,0,0,0,0,0,0,0,0,0,0,0,0,0,0
2021-22,2021-11-01,0022100098,CHI,Tyler Cook,1629076,0,0,DNP - Coach's Decision,0,0,0,0,0,0,0,0,0,0,0,0,0,0,0
2021-22,2021-11-01,0022100098,CHI,Zach LaVine,203897,2304,1,,26,9,20,1,8,7,7,0,3,3,7,1,0,1,3
2021-22,2021-11-01,0022100101,ORL,Wendell Carter Jr.,1628976,2136,1,,15,5,8,2,3,3,5,4,10,14,3,0,0,2,6
2021-22,2021-11-02,0022100106,NOP,Tomas Satoransky,203107,0,0,DNP - Coach's Decision,0,0,0,0,0,0,0,0,0,0,0,0,0,0,0
2021-22,2021-11-03,0022100108,CLE,Denzel Valentine,1627756,0,0,DNP - Coach's Decision,0,0,0,0,0,0,0,0,0,0,0,0,0,0,0
2021-22,2021-11-03,0022100109,IND,Chris Duarte,1630537,2033,1,,10,4,9,2,4,0,0,1,4,5,1,2,0,1,2
2021-22,2021-11-03,0022100110,ORL,Wendell Carter Jr.,1628976,2103,1,,13,5,12,2,5,1,2,3,10,13,4,2,0,4,0
2021-22,2021-11-03,0022100111,CHI,Alex Caruso,1627936,1915,0,,6,3,6,0,2,0,0,0,3,3,6,2,0,0,4
2021-22,2021-11-03,0022100111,CHI,Alize Johnson,1628993,0,0,DNP - Coach's Decision,0,0,0,0,0,0,0,0,0,0,0,0,0,0,0
2021-22,2021-11-03,0022100111,CHI,Ayo Dosunmu,1630245,785,0,,3,1,3,1,2,0,0,0,0,0,0,0,0,1,0
2021-22,2021-11-03,0022100111,CHI,DeMar DeRozan,201942,2173,1,,37,13,22,0,1,11,12,2,8,10,1,1,0,3,2
2021-22,2021-11-03,0022100111,CHI,Derrick Jones Jr.,1627884,998,0,,4,1,2,0,1,2,2,0,1,1,0,2,2,0,1
2021-22,2021-11-03,0022100111,CHI,Javonte Green,1629750,1400,1,,4,2,6,0,0,0,0,3,4,7,0,2,0,0,1
2021-22,2021-11-03,0022100111,CHI,Lonzo Ball,1628366,1970,1,,13,5,11,3,6,0,0,1,4,5,5,3,1,5,4
2021-22,2021-11-03,0022100111,CHI,Matt Thomas,1629744,0,0,DNP - Coach's Decision,0,0,0,0,0,0,0,0,0,0,0,0,0,0,0
2021-22,2021-11-03,0022100111,CHI,Nikola Vucevic,202696,2161,1,,4,2,7,0,2,0,0,2,8,10,6,0,0,1,3
2021-22,2021-11-03,0022100111,CHI,Tony Bradley,1628396,719,0,,0,0,1,0,0,0,0,1,1,2,0,0,1,0,2
2021-22,2021-11-03,0022100111,CHI,Troy Brown Jr.,1628972,0,0,DNP - Coach's Decision,0,0,0,0,0,0,0,0,0,0,0,0,0,0,0
2021-22,2021-11-03,0022100111,CHI,Tyler Cook,1629076,0,0,DNP - Coach's Decision,0,0,0,0,0,0,0,0,0,0,0,0,0,0,0
2021-22,2021-11-03,0022100111,CHI,Zach LaVine,203897,2279,1,,27,11,24,2,7,3,4,0,9,9,1,1,0,5,0
2021-22,2021-11-03,0022100116,SAS,Joe Wieskamp,1630580,0,0,DNP - Coach's Decision,0,0,0,0,0,0,0,0,0,0,0,0,0,0,0
2021-22,2021-11-03,0022100116,SAS,Thaddeus Young,201152,1335,0,,8,4,8,0,1,0,0,2,4,6,3,2,2,2,2
2021-22,2021-11-03,0022100117,CHA,LaMelo Ball,1630163,2013,1,,14,5,14,0,6,4,4,1,4,5,8,4,0,4,4
2021-22,2021-11-03,0022100118,NOP,Tomas Satoransky,203107,776,0,,5,2,5,0,0,1,1,0,0,0,2,0,0,2,1
2021-22,2021-11-05,0022100125,SAS,Thaddeus Young,201152,1579,0,,12,6,7,0,0,0,0,0,4,4,5,2,3,3,4
2021-22,2021-11-05,0022100125,ORL,Wendell Carter Jr.,1628976,1740,1,,13,6,16,1,5,0,0,3,7,10,1,0,1,0,1
2021-22,2021-11-05,0022100127,CLE,Denzel Valentine,1627756,0,0,DNP - Coach's Decision,0,0,0,0,0,0,0,0,0,0,0,0,0,0,0
2021-22,2021-11-05,0022100130,NOP,Tomas Satoransky,203107,1251,0,,9,4,5,0,0,1,1,0,1,1,4,2,0,0,0
2021-22,2021-11-05,0022100131,IND,Chris Duarte,1630537,1572,1,,9,4,7,1,3,0,0,1,2,3,4,1,0,1,1
2021-22,2021-11-05,0022100132,CHA,LaMelo Ball,1630163,1842,1,,24,9,14,4,8,2,2,1,2,3,13,0,0,2,1
2021-22,2021-11-06,0022100135,CHI,Alex Caruso,1627936,1933,0,,9,3,7,0,3,3,4,2,1,3,4,1,0,2,3
2021-22,2021-11-06,0022100135,CHI,Alize Johnson,1628993,0,0,DNP - Coach's Decision,0,0,0,0,0,0,0,0,0,0,0,0,0,0,0
2021-22,2021-11-06,0022100135,CHI,Ayo Dosunmu,1630245,760,0,,2,1,5,0,1,0,0,0,0,0,1,1,0,1,4
2021-22,2021-11-06,0022100135,CHI,DeMar DeRozan,201942,2115,1,,25,7,15,1,1,10,12,2,2,4,4,2,0,0,2
2021-22,2021-11-06,0022100135,CHI,Derrick Jones Jr.,1627884,1056,0,,12,3,4,0,1,6,6,3,1,4,0,0,1,0,1
2021-22,2021-11-06,0022100135,CHI,Javonte Green,1629750,1093,1,,2,1,5,0,1,0,0,2,1,3,0,2,0,0,0
2021-22,2021-11-06,0022100135,CHI,Lonzo Ball,1628366,2280,1,,8,3,9,2,5,0,0,1,4,5,5,1,0,2,4
2021-22,2021-11-06,0022100135,CHI,Matt Thomas,1629744,0,0,DNP - Coach's Decision,0,0,0,0,0,0,0,0,0,0,0,0,0,0,0
2021-22,2021-11-06,0022100135,CHI,Nikola Vucevic,202696,2140,1,,11,5,16,1,7,0,0,2,9,11,2,0,0,0,3
2021-22,2021-11-06,0022100135,CHI,Tony Bradley,1628396,740,0,,4,2,5,0,0,0,0,5,2,7,1,0,0,0,0
2021-22,2021-11-06,0022100135,CHI,Troy Brown Jr.,1628972,0,0,DNP - Coach's Decision,0,0,0,0,0,0,0,0,0,0,0,0,0,0,0
2021-22,2021-11-06,0022100135,CHI,Tyler Cook,1629076,0,0,DNP - Coach's Decision,0,0,0,0,0,0,0,0,0,0,0,0,0,0,0
2021-22,2021-11-06,0022100135,CHI,Zach LaVine,203897,2283,1,,32,12,26,3,10,5,8,1,8,9,3,0,0,4,2
2021-22,2021-11-07,0022100140,CLE,Denzel Valentine,1627756,68,0,,2,1,1,0,0,0,0,0,0,0,0,0,0,0,0
2021-22,2021-11-07,0022100141,ORL,Wendell Carter Jr.,1628976,1899,1,,22,9,14,4,7,0,0,1,14,15,6,0,1,1,4
2021-22,2021-11-07,0022100143,IND,Chris Duarte,1630537,1881,1,,15,6,12,2,5,1,2,0,5,5,2,1,0,2,2
2021-22,2021-11-07,0022100144,SAS,Joe Wieskamp,1630580,0,0,DNP - Coach's Decision,0,0,0,0,0,0,0,0,0,0,0,0,0,0,0
2021-22,2021-11-07,0022100144,SAS,Thaddeus Young,201152,1526,0,,10,5,5,0,0,0,1,4,4,8,3,1,1,2,0
2021-22,2021-11-07,0022100146,CHA,LaMelo Ball,1630163,1896,1,,21,8,19,2,5,3,3,3,4,7,3,3,0,2,5
2021-22,2021-11-08,0022100148,CHI,Alex Caruso,1627936,1438,0,,5,1,4,1,3,2,2,0,4,4,2,2,0,2,1
2021-22,2021-11-08,0022100148,CHI,Alize Johnson,1628993,21,0,,0,0,0,0,0,0,0,0,0,0,0,0,0,0,0
2021-22,2021-11-08,0022100148,CHI,Ayo Dosunmu,1630245,1176,0,,15,6,10,1,4,2,3,3,4,7,0,0,0,1,1
2021-22,2021-11-08,0022100148,CHI,DeMar DeRozan,201942,2081,1,,28,10,20,1,4,7,9,1,3,4,3,1,0,3,3
2021-22,2021-11-08,0022100148,CHI,Derrick Jones Jr.,1627884,1021,0,,7,2,5,1,3,2,2,0,3,3,0,0,0,0,3
2021-22,2021-11-08,0022100148,CHI,Javonte Green,1629750,1734,1,,11,5,11,1,3,0,0,2,5,7,2,3,0,1,3
2021-22,2021-11-08,0022100148,CHI,Lonzo Ball,1628366,1817,1,,11,4,12,3,7,0,0,1,3,4,3,0,0,0,2
2021-22,2021-11-08,0022100148,CHI,Matt Thomas,1629744,125,0,,0,0,0,0,0,0,0,0,1,1,0,0,0,0,0
2021-22,2021-11-08,0022100148,CHI,Nikola Vucevic,202696,1981,1,,11,5,14,1,3,0,0,3,10,13,5,1,3,1,1
2021-22,2021-11-08,0022100148,CHI,Tony Bradley,1628396,879,0,,4,2,4,0,0,0,0,4,4,8,1,0,1,0,3
2021-22,2021-11-08,0022100148,CHI,Troy Brown Jr.,1628972,125,0,,2,1,1,0,0,0,0,0,0,0,0,0,0,0,0
2021-22,2021-11-08,0022100148,CHI,Tyler Cook,1629076,0,0,DNP - Coach's Decision,0,0,0,0,0,0,0,0,0,0,0,0,0,0,0
2021-22,2021-11-08,0022100148,CHI,Zach LaVine,203897,2003,1,,24,10,17,0,4,4,4,1,4,5,5,1,1,1,0
2021-22,2021-11-08,0022100150,NOP,Tomas Satoransky,203107,1097,0,,0,0,4,0,0,0,0,1,4,5,2,0,0,0,0
2021-22,2021-11-08,0022100154,CHA,LaMelo Ball,1630163,2503,1,,25,8,19,3,8,6,6,3,13,16,11,1,1,3,2
2021-22,2021-11-10,0022100158,CLE,Denzel Valentine,1627756,0,0,DNP - Coach's Decision,0,0,0,0,0,0,0,0,0,0,0,0,0,0,0
2021-22,2021-11-10,0022100159,ORL,Wendell Carter Jr.,1628976,1088,1,,9,3,7,1,2,2,4,2,3,5,1,0,0,0,1
2021-22,2021-11-10,0022100163,CHI,Alex Caruso,1627936,1363,0,,16,6,7,3,4,1,1,0,2,2,1,6,0,2,2
2021-22,2021-11-10,0022100163,CHI,Alize Johnson,1628993,621,0,,2,1,1,0,0,0,0,4,3,7,1,0,0,1,0
2021-22,2021-11-10,0022100163,CHI,Ayo Dosunmu,1630245,1132,0,,7,3,9,1,3,0,0,0,1,1,0,0,0,1,0
2021-22,2021-11-10,0022100163,CHI,DeMar DeRozan,201942,2198,1,,17,7,20,0,3,3,4,0,7,7,6,0,1,3,3
2021-22,2021-11-10,0022100163,CHI,Derrick Jones Jr.,1627884,1186,0,,6,2,5,0,3,2,2,2,5,7,2,0,0,0,3
2021-22,2021-11-10,0022100163,CHI,Javonte Green,1629750,1271,1,,7,3,5,1,3,0,0,1,2,3,2,0,0,1,2
2021-22,2021-11-10,0022100163,CHI,Lonzo Ball,1628366,2317,1,,21,7,14,7,10,0,0,0,6,6,6,1,0,0,2
2021-22,2021-11-10,0022100163,CHI,Matt Thomas,1629744,63,0,,0,0,1,0,0,0,0,0,0,0,0,0,0,0,0
2021-22,2021-11-10,0022100163,CHI,Nikola Vucevic,202696,1929,1,,18,8,14,1,3,1,1,1,9,10,4,1,0,2,0
2021-22,2021-11-10,0022100163,CHI,Tony Bradley,1628396,372,0,,0,0,0,0,0,0,0,0,0,0,1,0,1,0,0
2021-22,2021-11-10,0022100163,CHI,Troy Brown Jr.,1628972,42,0,,0,0,1,0,0,0,0,0,0,0,0,0,0,0,0
2021-22,2021-11-10,0022100163,CHI,Zach LaVine,203897,1906,1,,23,8,12,2,2,5,6,0,3,3,3,1,0,1,3
2021-22,2021-11-10,0022100164,CHA,LaMelo Ball,1630163,1948,1,,12,5,13,2,7,0,1,1,8,9,8,2,0,4,3
2021-22,2021-11-10,0022100165,NOP,Tomas Satoransky,203107,1138,0,,1,0,3,0,3,1,2,0,3,3,2,1,0,1,2
2021-22,2021-11-10,0022100166,SAS,Joe Wieskamp,1630580,194,0,,3,1,1,1,1,0,0,0,0,0,0,0,0,0,0
2021-22,2021-11-10,0022100166,SAS,Thaddeus Young,201152,1414,0,,17,7,10,0,0,3,6,3,1,4,8,2,0,1,1
2021-22,2021-11-10,0022100167,IND,Chris Duarte,1630537,1270,1,,6,2,9,2,7,0,0,0,3,3,1,0,0,1,1
2021-22,2021-11-11,0022100172,IND,Chris Duarte,1630537,1878,1,,11,5,14,1,4,0,2,0,5,5,0,0,0,1,2
2021-22,2021-11-12,0022100174,CHA,LaMelo Ball,1630163,2243,1,,12,4,13,0,5,4,5,1,16,17,9,5,1,4,2
2021-22,2021-11-12,0022100176,CLE,Denzel Valentine,1627756,219,0,,3,1,4,1,3,0,0,1,0,1,0,1,0,0,0
2021-22,2021-11-12,0022100179,NOP,Tomas Satoransky,203107,938,0,,2,1,3,0,0,0,0,0,1,1,6,1,0,0,2
2021-22,2021-11-12,0022100181,SAS,Thaddeus Young,201152,1445,0,,9,4,7,0,0,1,3,1,1,2,5,1,0,1,3
2021-22,2021-11-12,0022100183,CHI,Alex Caruso,1627936,1485,0,,4,2,5,0,3,0,0,0,3,3,5,1,0,1,4
2021-22,2021-11-12,0022100183,CHI,Alize Johnson,1628993,1271,0,,9,4,8,0,1,1,2,3,4,7,0,1,0,1,0
2021-22,2021-11-12,0022100183,CHI,Ayo Dosunmu,1630245,977,0,,6,2,6,2,3,0,0,0,0,0,1,0,0,2,1
2021-22,2021-11-12,0022100183,CHI,DeMar DeRozan,201942,2147,1,,18,4,13,1,3,9,10,1,1,2,5,1,0,2,3
2021-22,2021-11-12,0022100183,CHI,Derrick Jones Jr.,1627884,1230,0,,9,3,3,1,1,2,2,2,4,6,1,1,0,1,1
2021-22,2021-11-12,0022100183,CHI,Javonte Green,1629750,971,1,,3,1,5,0,3,1,2,0,4,4,0,0,0,1,3
2021-22,2021-11-12,0022100183,CHI,Lonzo Ball,1628366,2200,1,,5,2,11,1,7,0,0,0,3,3,3,4,1,2,0
2021-22,2021-11-12,0022100183,CHI,Marko Simonovic,1630250,0,0,DNP - Coach's Decision,0,0,0,0,0,0,0,0,0,0,0,0,0,0,0
2021-22,2021-11-12,0022100183,CHI,Matt Thomas,1629744,258,0,,2,1,2,0,1,0,0,0,0,0,0,0,1,0,0
2021-22,2021-11-12,0022100183,CHI,Tony Bradley,1628396,816,1,,3,1,3,0,0,1,2,1,4,5,1,0,0,1,1
2021-22,2021-11-12,0022100183,CHI,Troy Brown Jr.,1628972,258,0,,5,2,2,1,1,0,0,0,0,0,0,0,0,1,0
2021-22,2021-11-12,0022100183,CHI,Tyler Cook,1629076,720,0,,6,2,3,0,0,2,2,0,2,2,2,0,0,1,1
2021-22,2021-11-12,0022100183,CHI,Zach LaVine,203897,2067,1,,23,10,17,2,4,1,2,0,6,6,0,1,0,7,2
2021-22,2021-11-13,0022100186,IND,Chris Duarte,1630537,1596,1,,7,3,6,1,2,0,0,2,3,5,3,2,0,2,1
2021-22,2021-11-13,0022100187,ORL,Wendell Carter Jr.,1628976,1926,1,,17,6,11,4,6,1,2,3,4,7,2,3,0,2,3
2021-22,2021-11-13,0022100188,NOP,Tomas Satoransky,203107,1057,0,,5,1,5,1,2,2,2,2,2,4,5,0,0,0,1
2021-22,2021-11-13,0022100190,CLE,Denzel Valentine,1627756,1378,0,,6,2,9,2,7,0,0,1,0,1,0,0,0,0,1
2021-22,2021-11-14,0022100192,SAS,Thaddeus Young,201152,1578,0,,17,8,14,0,0,1,3,4,5,9,2,1,0,1,3
2021-22,2021-11-14,0022100194,CHA,LaMelo Ball,1630163,2253,1,,21,8,17,4,8,1,1,0,7,7,5,3,0,4,5
2021-22,2021-11-14,0022100198,CHI,Alex Caruso,1627936,2320,1,,7,2,11,1,5,2,2,3,6,9,5,3,1,1,4
2021-22,2021-11-14,0022100198,CHI,Alize Johnson,1628993,0,0,DNP - Coach's Decision,0,0,0,0,0,0,0,0,0,0,0,0,0,0,0
2021-22,2021-11-14,0022100198,CHI,Ayo Dosunmu,1630245,1116,0,,4,2,4,0,1,0,0,0,4,4,2,1,0,2,2
2021-22,2021-11-14,0022100198,CHI,DeMar DeRozan,201942,2265,1,,35,12,16,1,1,10,11,1,6,7,5,0,0,2,3
2021-22,2021-11-14,0022100198,CHI,Derrick Jones Jr.,1627884,1080,0,,2,1,2,0,0,0,0,0,1,1,1,1,1,2,2
2021-22,2021-11-14,0022100198,CHI,Javonte Green,1629750,1333,0,,9,4,6,1,2,0,0,1,0,1,1,0,1,0,1
2021-22,2021-11-14,0022100198,CHI,Lonzo Ball,1628366,2035,1,,10,4,14,2,6,0,0,1,4,5,3,3,0,2,4
2021-22,2021-11-14,0022100198,CHI,Marko Simonovic,1630250,0,0,DNP - Coach's Decision,0,0,0,0,0,0,0,0,0,0,0,0,0,0,0
2021-22,2021-11-14,0022100198,CHI,Matt Thomas,1629744,0,0,DNP - Coach's Decision,0,0,0,0,0,0,0,0,0,0,0,0,0,0,0
2021-22,2021-11-14,0022100198,CHI,Tony Bradley,1628396,1425,1,,4,2,5,0,0,0,0,1,4,5,0,1,1,2,3
2021-22,2021-11-14,0022100198,CHI,Troy Brown Jr.,1628972,549,0,,0,0,1,0,1,0,0,0,5,5,0,0,0,0,0
2021-22,2021-11-14,0022100198,CHI,Tyler Cook,1629076,0,0,DNP - Coach's Decision,0,0,0,0,0,0,0,0,0,0,0,0,0,0,0
2021-22,2021-11-14,0022100198,CHI,Zach LaVine,203897,2277,1,,29,11,27,6,13,1,1,0,8,8,2,0,0,4,1
2021-22,2021-11-15,0022100199,CLE,Denzel Valentine,1627756,1322,0,,6,2,7,2,5,0,0,3,6,9,1,0,0,3,2
2021-22,2021-11-15,0022100201,NOP,Tomas Satoransky,203107,1015,0,,0,0,0,0,0,0,0,0,0,0,2,0,0,2,4
2021-22,2021-11-15,0022100202,ORL,Wendell Carter Jr.,1628976,2022,1,,15,6,8,3,3,0,0,2,7,9,2,1,1,3,3
2021-22,2021-11-15,0022100209,CHI,Alex Caruso,1627936,2067,1,,0,0,1,0,1,0,0,0,6,6,5,2,0,1,4
2021-22,2021-11-15,0022100209,CHI,Alize Johnson,1628993,188,0,,0,0,0,0,0,0,0,0,0,0,2,0,0,0,0
2021-22,2021-11-15,0022100209,CHI,Ayo Dosunmu,1630245,1252,0,,5,2,7,0,2,1,2,0,1,1,2,0,0,1,4
2021-22,2021-11-15,0022100209,CHI,Coby White,1629632,657,0,,0,0,2,0,0,0,0,0,1,1,0,0,0,0,0
2021-22,2021-11-15,0022100209,CHI,DeMar DeRozan,201942,2107,1,,38,15,23,2,5,6,6,0,3,3,6,1,1,3,2
2021-22,2021-11-15,0022100209,CHI,Derrick Jones Jr.,1627884,977,0,,13,6,7,0,0,1,3,0,3,3,2,1,1,1,5
2021-22,2021-11-15,0022100209,CHI,Javonte Green,1629750,840,0,,2,1,3,0,1,0,0,0,1,1,0,2,0,1,0
2021-22,2021-11-15,0022100209,CHI,Lonzo Ball,1628366,2255,1,,27,10,13,7,10,0,0,2,5,7,8,2,0,4,2
2021-22,2021-11-15,0022100209,CHI,Matt Thomas,1629744,188,0,,0,0,3,0,1,0,0,0,0,0,0,0,0,0,0
2021-22,2021-11-15,0022100209,CHI,Tony Bradley,1628396,1633,1,,6,3,5,0,0,0,0,1,8,9,1,0,0,3,2
2021-22,2021-11-15,0022100209,CHI,Troy Brown Jr.,1628972,188,0,,4,2,3,0,1,0,0,0,0,0,0,1,0,0,0
2021-22,2021-11-15,0022100209,CHI,Tyler Cook,1629076,0,0,DNP - Coach's Decision,0,0,0,0,0,0,0,0,0,0,0,0,0,0,0
2021-22,2021-11-15,0022100209,CHI,Zach LaVine,203897,2048,1,,26,10,22,6,13,0,0,1,4,5,5,0,0,2,2
2021-22,2021-11-16,0022100212,SAS,Thaddeus Young,201152,1433,0,,10,5,11,0,0,0,1,1,3,4,5,2,0,3,2
2021-22,2021-11-17,0022100213,CHA,LaMelo Ball,1630163,2154,1,,11,4,18,2,7,1,1,2,4,6,14,2,0,5,3
2021-22,2021-11-17,0022100216,CLE,Denzel Valentine,1627756,633,0,,2,1,3,0,2,0,0,1,1,2,1,1,0,1,2
2021-22,2021-11-17,0022100217,NOP,Tomas Satoransky,203107,1000,0,,3,1,4,0,2,1,2,1,2,3,1,0,0,0,1
2021-22,2021-11-17,0022100218,ORL,Wendell Carter Jr.,1628976,1496,1,,11,5,11,1,4,0,2,2,6,8,2,1,0,1,4
2021-22,2021-11-17,0022100223,CHI,Alex Caruso,1627936,2256,1,,12,3,9,1,4,5,6,4,6,10,9,2,2,1,4
2021-22,2021-11-17,0022100223,CHI,Alize Johnson,1628993,114,0,,0,0,1,0,0,0,0,1,0,1,0,0,0,1,1
2021-22,2021-11-17,0022100223,CHI,Ayo Dosunmu,1630245,1022,0,,8,3,3,1,1,1,2,0,2,2,0,1,0,0,0
2021-22,2021-11-17,0022100223,CHI,Coby White,1629632,629,0,,0,0,2,0,2,0,0,0,1,1,1,0,0,0,1
2021-22,2021-11-17,0022100223,CHI,DeMar DeRozan,201942,2186,1,,22,7,19,1,5,7,8,1,3,4,5,1,2,5,3
2021-22,2021-11-17,0022100223,CHI,Derrick Jones Jr.,1627884,1218,0,,6,3,7,0,0,0,0,2,1,3,1,1,1,2,5
2021-22,2021-11-17,0022100223,CHI,Javonte Green,1629750,1212,0,,6,2,3,0,0,2,2,1,0,1,1,0,0,0,1
2021-22,2021-11-17,0022100223,CHI,Lonzo Ball,1628366,2242,1,,17,7,13,3,5,0,0,1,3,4,4,2,2,1,5
2021-22,2021-11-17,0022100223,CHI,Marko Simonovic,1630250,0,0,DNP - Coach's Decision,0,0,0,0,0,0,0,0,0,0,0,0,0,0,0
2021-22,2021-11-17,0022100223,CHI,Matt Thomas,1629744,0,0,DNP - Coach's Decision,0,0,0,0,0,0,0,0,0,0,0,0,0,0,0
2021-22,2021-11-17,0022100223,CHI,Tony Bradley,1628396,1279,1,,6,3,6,0,0,0,0,0,4,4,0,0,1,1,3
2021-22,2021-11-17,0022100223,CHI,Troy Brown Jr.,1628972,0,0,DNP - Coach's Decision,0,0,0,0,0,0,0,0,0,0,0,0,0,0,0
2021-22,2021-11-17,0022100223,CHI,Tyler Cook,1629076,0,0,DNP - Coach's Decision,0,0,0,0,0,0,0,0,0,0,0,0,0,0,0
2021-22,2021-11-17,0022100223,CHI,Zach LaVine,203897,2242,1,,30,11,20,7,12,1,2,0,6,6,2,0,1,4,0
2021-22,2021-11-18,0022100224,CLE,Denzel Valentine,1627756,520,0,,2,1,4,0,2,0,0,0,2,2,0,0,0,0,0
2021-22,2021-11-18,0022100227,SAS,Thaddeus Young,201152,243,0,,0,0,1,0,0,0,0,0,0,0,2,1,0,0,0
2021-22,2021-11-19,0022100230,IND,Chris Duarte,1630537,813,1,,6,3,5,0,1,0,0,0,1,1,1,0,0,1,3
2021-22,2021-11-19,0022100230,CHA,LaMelo Ball,1630163,2365,1,,32,12,22,4,9,4,4,1,10,11,8,1,0,5,1
2021-22,2021-11-19,0022100233,ORL,Wendell Carter Jr.,1628976,1601,1,,1,0,5,0,4,1,2,2,7,9,3,0,1,3,3
2021-22,2021-11-19,0022100235,NOP,Tomas Satoransky,203107,1525,1,,4,2,5,0,0,0,0,2,3,5,2,0,0,1,3
2021-22,2021-11-19,0022100236,CHI,Alex Caruso,1627936,2058,1,,4,1,8,0,5,2,2,1,3,4,2,1,1,0,3
2021-22,2021-11-19,0022100236,CHI,Alize Johnson,1628993,0,0,DNP - Coach's Decision,0,0,0,0,0,0,0,0,0,0,0,0,0,0,0
2021-22,2021-11-19,0022100236,CHI,Ayo Dosunmu,1630245,1358,0,,10,4,8,2,4,0,0,4,4,8,0,1,0,1,2
2021-22,2021-11-19,0022100236,CHI,Coby White,1629632,654,0,,2,1,7,0,3,0,0,0,2,2,0,0,0,2,1
2021-22,2021-11-19,0022100236,CHI,DeMar DeRozan,201942,2182,1,,26,7,21,0,2,12,12,0,6,6,4,2,0,0,1
2021-22,2021-11-19,0022100236,CHI,Derrick Jones Jr.,1627884,1411,0,,16,7,10,0,1,2,2,3,5,8,0,0,1,1,4
2021-22,2021-11-19,0022100236,CHI,Javonte Green,1629750,1341,0,,5,1,3,1,1,2,2,6,3,9,1,1,1,2,4
2021-22,2021-11-19,0022100236,CHI,Lonzo Ball,1628366,2273,1,,7,3,9,1,6,0,0,0,3,3,6,1,0,1,1
2021-22,2021-11-19,0022100236,CHI,Marko Simonovic,1630250,0,0,DNP - Coach's Decision,0,0,0,0,0,0,0,0,0,0,0,0,0,0,0
2021-22,2021-11-19,0022100236,CHI,Matt Thomas,1629744,0,0,DNP - Coach's Decision,0,0,0,0,0,0,0,0,0,0,0,0,0,0,0
2021-22,2021-11-19,0022100236,CHI,Tony Bradley,1628396,914,1,,8,3,3,0,0,2,2,3,2,5,2,0,0,2,3
2021-22,2021-11-19,0022100236,CHI,Troy Brown Jr.,1628972,0,0,DNP - Coach's Decision,0,0,0,0,0,0,0,0,0,0,0,0,0,0,0
2021-22,2021-11-19,0022100236,CHI,Tyler Cook,1629076,0,0,DNP - Coach's Decision,0,0,0,0,0,0,0,0,0,0,0,0,0,0,0
2021-22,2021-11-19,0022100236,CHI,Zach LaVine,203897,2209,1,,36,14,24,4,9,4,4,0,5,5,4,1,0,2,1
2021-22,2021-11-20,0022100240,IND,Chris Duarte,1630537,1373,0,,8,4,10,0,1,0,0,0,4,4,1,2,0,1,1
2021-22,2021-11-20,0022100240,NOP,Tomas Satoransky,203107,1269,1,,2,1,3,0,1,0,0,1,3,4,0,0,0,2,0
2021-22,2021-11-20,0022100242,CHA,LaMelo Ball,1630163,2057,1,,15,5,18,3,7,2,2,3,6,9,11,2,1,1,2
2021-22,2021-11-20,0022100244,ORL,Wendell Carter Jr.,1628976,853,1,,8,3,6,2,3,0,1,0,2,2,2,0,0,0,4
2021-22,2021-11-21,0022100250,CHI,Alex Caruso,1627936,1802,1,,7,2,7,1,4,2,2,0,4,4,4,0,0,0,6
2021-22,2021-11-21,0022100250,CHI,Alize Johnson,1628993,246,0,,0,0,0,0,0,0,0,0,0,0,0,0,0,0,2
2021-22,2021-11-21,0022100250,CHI,Ayo Dosunmu,1630245,1193,0,,5,2,6,1,4,0,0,0,2,2,1,1,0,0,1
2021-22,2021-11-21,0022100250,CHI,Coby White,1629632,1259,0,,14,5,11,3,6,1,2,0,0,0,2,0,0,0,2
2021-22,2021-11-21,0022100250,CHI,DeMar DeRozan,201942,2261,1,,31,10,20,2,2,9,9,1,5,6,5,2,0,3,1
2021-22,2021-11-21,0022100250,CHI,Derrick Jones Jr.,1627884,1291,0,,8,3,6,1,1,1,2,4,3,7,0,0,0,0,3
2021-22,2021-11-21,0022100250,CHI,Javonte Green,1629750,955,0,,5,1,2,0,0,3,4,1,8,9,0,0,0,1,4
2021-22,2021-11-21,0022100250,CHI,Lonzo Ball,1628366,2134,1,,11,4,11,3,7,0,0,3,3,6,5,1,0,2,4
2021-22,2021-11-21,0022100250,CHI,Matt Thomas,1629744,0,0,DNP - Coach's Decision,0,0,0,0,0,0,0,0,0,0,0,0,0,0,0
2021-22,2021-11-21,0022100250,CHI,Tony Bradley,1628396,1089,1,,7,3,5,0,0,1,1,2,2,4,0,0,0,1,1
2021-22,2021-11-21,0022100250,CHI,Troy Brown Jr.,1628972,0,0,DNP - Coach's Decision,0,0,0,0,0,0,0,0,0,0,0,0,0,0,0
2021-22,2021-11-21,0022100250,CHI,Zach LaVine,203897,2170,1,,21,7,20,0,5,7,7,0,6,6,4,1,1,2,2
2021-22,2021-11-22,0022100253,CLE,Denzel Valentine,1627756,0,0,DNP - Coach's Decision,0,0,0,0,0,0,0,0,0,0,0,0,0,0,0
2021-22,2021-11-22,0022100253,CLE,Lauri Markkanen,1628374,1849,1,,22,7,17,3,9,5,5,2,6,8,1,0,1,1,1
2021-22,2021-11-22,0022100254,CHA,LaMelo Ball,1630163,2296,1,,28,10,24,3,9,5,7,1,12,13,7,3,1,6,1
2021-22,2021-11-22,0022100257,CHI,Alize Johnson,1628993,316,0,,0,0,1,0,0,0,0,0,0,0,0,1,0,0,0
2021-22,2021-11-22,0022100257,CHI,Ayo Dosunmu,1630245,1430,0,,7,3,4,1,2,0,0,0,1,1,1,0,1,0,3
2021-22,2021-11-22,0022100257,IND,Chris Duarte,1630537,1352,0,,9,3,11,2,6,1,2,0,6,6,3,1,1,2,0
2021-22,2021-11-22,0022100257,CHI,Coby White,1629632,1479,1,,4,2,10,0,3,0,0,0,5,5,3,0,0,0,4
2021-22,2021-11-22,0022100257,CHI,DeMar DeRozan,201942,1592,1,,18,8,16,0,1,2,2,0,1,1,2,1,0,4,2
2021-22,2021-11-22,0022100257,CHI,Derrick Jones Jr.,1627884,1121,0,,8,2,3,0,0,4,6,2,3,5,0,1,0,0,1
2021-22,2021-11-22,0022100257,CHI,Devon Dotson,1629653,404,0,,2,1,3,0,2,0,0,0,3,3,0,0,0,0,0
2021-22,2021-11-22,0022100257,CHI,Javonte Green,1629750,984,0,,3,1,2,0,0,1,2,1,3,4,0,2,0,0,2
2021-22,2021-11-22,0022100257,CHI,Lonzo Ball,1628366,1506,1,,0,0,7,0,4,0,0,0,5,5,2,0,1,1,1
2021-22,2021-11-22,0022100257,CHI,Marko Simonovic,1630250,404,0,,1,0,1,0,1,1,2,0,1,1,0,0,0,1,0
2021-22,2021-11-22,0022100257,CHI,Matt Thomas,1629744,720,0,,5,2,7,1,4,0,0,0,1,1,0,1,0,0,1
2021-22,2021-11-22,0022100257,CHI,Tony Bradley,1628396,1039,1,,6,3,4,0,0,0,0,0,5,5,0,0,0,0,1
2021-22,2021-11-22,0022100257,CHI,Troy Brown Jr.,1628972,1822,0,,6,2,9,1,4,1,2,1,4,5,2,0,0,0,1
2021-22,2021-11-22,0022100257,CHI,Tyler Cook,1629076,0,0,DNP - Coach's Decision,0,0,0,0,0,0,0,0,0,0,0,0,0,0,0
2021-22,2021-11-22,0022100257,CHI,Zach LaVine,203897,1583,1,,17,7,18,3,7,0,1,1,1,2,3,0,0,3,0
2021-22,2021-11-22,0022100258,ORL,Wendell Carter Jr.,1628976,1656,1,,8,3,6,0,3,2,2,0,10,10,3,0,1,2,0
2021-22,2021-11-22,0022100259,NOP,Tomas Satoransky,203107,773,1,,2,1,3,0,1,0,0,1,0,1,0,0,0,1,2
2021-22,2021-11-22,0022100260,SAS,Thaddeus Young,201152,296,0,,4,2,4,0,0,0,0,1,0,1,0,0,0,0,0
2021-22,2021-11-24,0022100267,CLE,Denzel Valentine,1627756,331,0,,0,0,1,0,0,0,0,0,0,0,1,2,0,0,0
2021-22,2021-11-24,0022100267,CLE,Lauri Markkanen,1628374,2148,1,,14,5,13,2,7,2,2,2,9,11,0,1,0,1,2
2021-22,2021-11-24,0022100268,IND,Chris Duarte,1630537,1803,0,,17,7,18,3,10,0,2,0,2,2,1,0,1,3,3
2021-22,2021-11-24,0022100269,CHA,LaMelo Ball,1630163,1542,1,,22,7,17,4,9,4,4,1,3,4,4,0,0,2,4
2021-22,2021-11-24,0022100269,ORL,Wendell Carter Jr.,1628976,1925,1,,14,6,9,1,4,1,1,1,10,11,2,2,0,0,3
2021-22,2021-11-24,0022100271,CHI,Alex Caruso,1627936,1969,0,,15,6,10,3,5,0,0,1,3,4,2,3,0,0,2
2021-22,2021-11-24,0022100271,CHI,Alize Johnson,1628993,0,0,DNP - Coach's Decision,0,0,0,0,0,0,0,0,0,0,0,0,0,0,0
2021-22,2021-11-24,0022100271,CHI,Ayo Dosunmu,1630245,1040,0,,8,3,4,0,0,2,2,0,0,0,0,2,0,1,0
2021-22,2021-11-24,0022100271,CHI,Coby White,1629632,882,0,,3,1,5,1,4,0,0,0,1,1,2,0,0,0,2
2021-22,2021-11-24,0022100271,CHI,DeMar DeRozan,201942,2163,1,,17,6,19,0,4,5,5,0,5,5,7,1,0,2,1
2021-22,2021-11-24,0022100271,CHI,Derrick Jones Jr.,1627884,661,0,,0,0,2,0,0,0,0,1,1,2,1,0,1,0,1
2021-22,2021-11-24,0022100271,CHI,Devon Dotson,1629653,0,0,DNP - Coach's Decision,0,0,0,0,0,0,0,0,0,0,0,0,0,0,0
2021-22,2021-11-24,0022100271,CHI,Javonte Green,1629750,1610,1,,9,4,6,1,1,0,0,4,2,6,1,2,1,2,3
2021-22,2021-11-24,0022100271,CHI,Lonzo Ball,1628366,2231,1,,19,7,11,5,7,0,0,0,5,5,5,2,2,3,4
2021-22,2021-11-24,0022100271,CHI,Matt Thomas,1629744,0,0,DNP - Coach's Decision,0,0,0,0,0,0,0,0,0,0,0,0,0,0,0
2021-22,2021-11-24,0022100271,CHI,Nikola Vucevic,202696,1563,1,,14,6,16,2,5,0,0,1,12,13,4,1,1,2,6
2021-22,2021-11-24,0022100271,CHI,Tony Bradley,1628396,115,0,,0,0,1,0,0,0,0,1,1,2,0,0,0,0,1
2021-22,2021-11-24,0022100271,CHI,Troy Brown Jr.,1628972,0,0,DNP - Coach's Decision,0,0,0,0,0,0,0,0,0,0,0,0,0,0,0
2021-22,2021-11-24,0022100271,CHI,Tyler Cook,1629076,0,0,DNP - Coach's Decision,0,0,0,0,0,0,0,0,0,0,0,0,0,0,0
2021-22,2021-11-24,0022100271,CHI,Zach LaVine,203897,2166,1,,28,11,22,3,9,3,5,0,2,2,4,1,1,3,2
2021-22,2021-11-24,0022100275,NOP,Tomas Satoransky,203107,826,0,,4,1,4,0,1,2,3,1,1,2,5,1,0,0,2
2021-22,2021-11-24,0022100277,SAS,Thaddeus Young,201152,481,0,,6,3,4,0,0,0,0,2,2,4,0,0,0,1,2
2021-22,2021-11-26,0022100281,CHA,LaMelo Ball,1630163,1748,1,,10,4,10,0,3,2,3,1,5,6,13,1,0,4,2
2021-22,2021-11-26,0022100283,CHI,Alex Caruso,1627936,1515,0,,4,2,5,0,1,0,0,1,4,5,3,4,0,0,1
2021-22,2021-11-26,0022100283,CHI,Alize Johnson,1628993,141,0,,0,0,0,0,0,0,0,1,0,1,2,0,0,0,2
2021-22,2021-11-26,0022100283,CHI,Ayo Dosunmu,1630245,1107,0,,8,3,4,2,3,0,0,0,1,1,2,0,0,1,1
2021-22,2021-11-26,0022100283,CHI,Coby White,1629632,1433,0,,20,9,11,2,4,0,1,0,4,4,2,1,0,1,1
2021-22,2021-11-26,0022100283,CHI,DeMar DeRozan,201942,1689,1,,23,7,16,3,3,6,6,0,5,5,4,0,0,0,2
2021-22,2021-11-26,0022100283,CHI,Derrick Jones Jr.,1627884,604,0,,2,1,2,0,0,0,0,1,1,2,0,0,0,0,6
2021-22,2021-11-26,0022100283,CHI,Devon Dotson,1629653,354,0,,0,0,0,0,0,0,0,0,2,2,3,0,0,1,2
2021-22,2021-11-26,0022100283,CHI,Javonte Green,1629750,1401,1,,5,2,7,1,2,0,0,1,7,8,0,1,0,4,2
2021-22,2021-11-26,0022100283,CHI,Lonzo Ball,1628366,1883,1,,13,4,7,4,7,1,2,0,4,4,6,5,0,3,2
2021-22,2021-11-26,0022100283,CHI,Matt Thomas,1629744,275,0,,2,1,2,0,1,0,0,0,0,0,0,0,0,0,0
2021-22,2021-11-26,0022100283,CHI,Nikola Vucevic,202696,1721,1,,16,7,13,1,4,1,5,2,6,8,3,0,1,2,3
2021-22,2021-11-26,0022100283,CHI,Tony Bradley,1628396,213,0,,4,2,2,0,0,0,0,0,1,1,0,0,0,0,0
2021-22,2021-11-26,0022100283,CHI,Troy Brown Jr.,1628972,354,0,,5,2,3,1,2,0,0,0,2,2,2,0,0,1,2
2021-22,2021-11-26,0022100283,CHI,Tyler Cook,1629076,0,0,DNP - Coach's Decision,0,0,0,0,0,0,0,0,0,0,0,0,0,0,0
2021-22,2021-11-26,0022100283,ORL,Wendell Carter Jr.,1628976,1793,1,,26,8,15,2,6,8,10,2,8,10,2,0,2,0,1
2021-22,2021-11-26,0022100283,CHI,Zach LaVine,203897,1710,1,,21,8,14,3,7,2,2,0,4,4,5,0,0,0,0
2021-22,2021-11-26,0022100284,IND,Chris Duarte,1630537,1389,0,,12,5,14,1,8,1,1,2,4,6,1,0,0,2,2
2021-22,2021-11-26,0022100287,SAS,Joe Wieskamp,1630580,0,0,DNP - Coach's Decision,0,0,0,0,0,0,0,0,0,0,0,0,0,0,0
2021-22,2021-11-26,0022100287,SAS,Thaddeus Young,201152,364,0,,0,0,1,0,0,0,0,0,0,0,2,0,0,0,0
2021-22,2021-11-26,0022100289,NOP,Tomas Satoransky,203107,528,0,,0,0,0,0,0,0,0,0,1,1,2,0,0,0,2
2021-22,2021-11-27,0022100295,CLE,Denzel Valentine,1627756,0,0,DNP - Coach's Decision,0,0,0,0,0,0,0,0,0,0,0,0,0,0,0
2021-22,2021-11-27,0022100295,CLE,Lauri Markkanen,1628374,1938,1,,20,8,13,4,8,0,0,2,3,5,0,0,0,1,0
2021-22,2021-11-27,0022100295,ORL,Wendell Carter Jr.,1628976,1892,1,,19,8,13,1,4,2,2,3,8,11,1,2,0,0,0
2021-22,2021-11-27,0022100296,CHI,Alex Caruso,1627936,2047,0,,22,6,8,3,4,7,7,2,1,3,6,1,0,2,0
2021-22,2021-11-27,0022100296,CHI,Alize Johnson,1628993,0,0,DNP - Coach's Decision,0,0,0,0,0,0,0,0,0,0,0,0,0,0,0
2021-22,2021-11-27,0022100296,CHI,Ayo Dosunmu,1630245,547,0,,2,1,2,0,0,0,0,1,0,1,0,0,0,1,2
2021-22,2021-11-27,0022100296,CHI,Coby White,1629632,1173,0,,4,2,8,0,5,0,0,1,5,6,2,0,1,5,2
2021-22,2021-11-27,0022100296,CHI,DeMar DeRozan,201942,2432,1,,28,11,19,0,4,6,7,2,5,7,1,1,0,4,3
2021-22,2021-11-27,0022100296,CHI,Derrick Jones Jr.,1627884,975,0,,7,3,3,0,0,1,1,0,1,1,1,0,1,0,2
2021-22,2021-11-27,0022100296,CHI,Javonte Green,1629750,1032,1,,7,2,4,1,2,2,4,0,1,1,1,0,0,1,2
2021-22,2021-11-27,0022100296,CHI,Lonzo Ball,1628366,2202,1,,11,4,12,3,11,0,0,1,10,11,6,1,0,4,4
2021-22,2021-11-27,0022100296,CHI,Matt Thomas,1629744,0,0,DNP - Coach's Decision,0,0,0,0,0,0,0,0,0,0,0,0,0,0,0
2021-22,2021-11-27,0022100296,CHI,Nikola Vucevic,202696,1786,1,,7,3,9,0,3,1,2,3,10,13,3,2,2,3,1
2021-22,2021-11-27,0022100296,CHI,Tony Bradley,1628396,0,0,DNP - Coach's Decision,0,0,0,0,0,0,0,0,0,0,0,0,0,0,0
2021-22,2021-11-27,0022100296,CHI,Troy Brown Jr.,1628972,0,0,DNP - Coach's Decision,0,0,0,0,0,0,0,0,0,0,0,0,0,0,0
2021-22,2021-11-27,0022100296,CHI,Zach LaVine,203897,2206,1,,16,6,16,4,10,0,0,0,4,4,2,1,0,2,4
2021-22,2021-11-27,0022100297,CHA,LaMelo Ball,1630163,2373,1,,19,7,19,2,6,3,3,4,7,11,13,1,0,2,5
2021-22,2021-11-27,0022100299,NOP,Tomas Satoransky,203107,1070,0,,6,3,6,0,0,0,0,0,1,1,3,0,0,1,2
2021-22,2021-11-28,0022100301,IND,Chris Duarte,1630537,1812,0,,10,4,10,2,6,0,0,0,4,4,4,3,0,1,0
2021-22,2021-11-29,0022100305,ORL,Wendell Carter Jr.,1628976,2020,1,,8,4,11,0,6,0,0,2,10,12,2,1,0,0,4
2021-22,2021-11-29,0022100307,CHI,Alex Caruso,1627936,1505,0,,14,5,7,1,3,3,6,1,2,3,7,0,1,3,1
2021-22,2021-11-29,0022100307,CHI,Alize Johnson,1628993,0,0,DNP - Coach's Decision,0,0,0,0,0,0,0,0,0,0,0,0,0,0,0
2021-22,2021-11-29,0022100307,CHI,Ayo Dosunmu,1630245,345,0,,4,2,3,0,1,0,0,0,2,2,0,0,0,0,1
2021-22,2021-11-29,0022100307,CHI,Coby White,1629632,1297,0,,8,2,7,1,4,3,4,0,3,3,0,0,0,0,2
2021-22,2021-11-29,0022100307,CHI,DeMar DeRozan,201942,2042,1,,28,12,20,0,2,4,5,0,5,5,6,1,0,0,3
2021-22,2021-11-29,0022100307,CHI,Derrick Jones Jr.,1627884,873,0,,4,2,4,0,1,0,0,2,0,2,1,0,0,1,2
2021-22,2021-11-29,0022100307,CHI,Javonte Green,1629750,2153,1,,4,2,3,0,1,0,0,1,4,5,3,1,1,0,2
2021-22,2021-11-29,0022100307,CHA,LaMelo Ball,1630163,1920,1,,18,5,15,3,8,5,6,2,5,7,13,2,1,3,3
2021-22,2021-11-29,0022100307,CHI,Lonzo Ball,1628366,1958,1,,16,6,8,4,5,0,0,0,1,1,8,1,1,2,4
2021-22,2021-11-29,0022100307,CHI,Matt Thomas,1629744,0,0,DNP - Coach's Decision,0,0,0,0,0,0,0,0,0,0,0,0,0,0,0
2021-22,2021-11-29,0022100307,CHI,Nikola Vucevic,202696,2123,1,,30,12,19,6,6,0,0,1,13,14,5,0,2,2,3
2021-22,2021-11-29,0022100307,CHI,Tony Bradley,1628396,0,0,DNP - Coach's Decision,0,0,0,0,0,0,0,0,0,0,0,0,0,0,0
2021-22,2021-11-29,0022100307,CHI,Troy Brown Jr.,1628972,0,0,DNP - Coach's Decision,0,0,0,0,0,0,0,0,0,0,0,0,0,0,0
2021-22,2021-11-29,0022100307,CHI,Zach LaVine,203897,2104,1,,25,10,18,2,7,3,4,0,6,6,5,0,0,2,1
2021-22,2021-11-29,0022100309,IND,Chris Duarte,1630537,1286,0,,14,5,11,3,5,1,2,0,2,2,2,0,0,2,2
2021-22,2021-11-29,0022100310,CLE,Denzel Valentine,1627756,291,0,,0,0,1,0,0,0,0,0,0,0,0,0,0,0,0
2021-22,2021-11-29,0022100310,CLE,Lauri Markkanen,1628374,1998,1,,24,9,15,5,9,1,1,1,7,8,2,1,0,0,4
2021-22,2021-11-29,0022100311,SAS,Joe Wieskamp,1630580,105,0,,0,0,0,0,0,0,0,0,0,0,0,0,0,0,0
2021-22,2021-11-29,0022100311,SAS,Thaddeus Young,201152,751,0,,10,5,7,0,0,0,0,1,2,3,2,1,0,0,1
2021-22,2021-11-29,0022100313,NOP,Tomas Satoransky,203107,615,0,,0,0,0,0,0,0,0,0,1,1,3,0,0,0,1
2021-22,2021-12-01,0022100319,IND,Chris Duarte,1630537,2101,1,,11,5,13,1,6,0,0,0,2,2,2,1,0,4,3
2021-22,2021-12-01,0022100320,ORL,Wendell Carter Jr.,1628976,1970,1,,18,8,11,1,3,1,1,1,7,8,0,0,0,1,3
2021-22,2021-12-01,0022100323,CLE,Denzel Valentine,1627756,219,0,,3,1,1,1,1,0,0,0,1,1,0,0,0,1,1
2021-22,2021-12-01,0022100323,CLE,Lauri Markkanen,1628374,1576,1,,6,2,8,1,5,1,2,0,1,1,0,1,0,1,2
2021-22,2021-12-01,0022100324,CHA,LaMelo Ball,1630163,2471,1,,36,12,22,8,15,4,4,1,4,5,9,3,1,7,4
2021-22,2021-12-01,0022100325,NOP,Tomas Satoransky,203107,898,0,,6,2,4,1,2,1,2,2,2,4,1,1,0,1,0
2021-22,2021-12-02,0022100328,CHI,Alex Caruso,1627936,1830,0,,6,2,7,0,3,2,2,3,3,6,6,4,0,4,4
2021-22,2021-12-02,0022100328,CHI,Alize Johnson,1628993,0,0,DNP - Coach's Decision,0,0,0,0,0,0,0,0,0,0,0,0,0,0,0
2021-22,2021-12-02,0022100328,CHI,Ayo Dosunmu,1630245,1019,0,,2,1,3,0,0,0,0,0,0,0,1,1,0,0,3
2021-22,2021-12-02,0022100328,CHI,DeMar DeRozan,201942,2268,1,,34,12,19,0,0,10,11,0,6,6,3,1,1,2,4
2021-22,2021-12-02,0022100328,CHI,Derrick Jones Jr.,1627884,830,0,,6,3,3,0,0,0,0,0,1,1,0,2,2,1,2
2021-22,2021-12-02,0022100328,CHI,Javonte Green,1629750,1738,1,,4,2,5,0,0,0,0,4,1,5,0,0,0,0,1
2021-22,2021-12-02,0022100328,CHI,Lonzo Ball,1628366,2041,1,,8,3,14,2,10,0,0,1,4,5,6,0,3,2,4
2021-22,2021-12-02,0022100328,CHI,Matt Thomas,1629744,0,0,DNP - Coach's Decision,0,0,0,0,0,0,0,0,0,0,0,0,0,0,0
2021-22,2021-12-02,0022100328,CHI,Nikola Vucevic,202696,2030,1,,27,10,18,5,9,2,2,3,4,7,3,0,1,2,3
2021-22,2021-12-02,0022100328,CHI,Tony Bradley,1628396,0,0,DNP - Coach's Decision,0,0,0,0,0,0,0,0,0,0,0,0,0,0,0
2021-22,2021-12-02,0022100328,CHI,Troy Brown Jr.,1628972,545,0,,5,2,2,1,1,0,0,1,1,2,0,1,0,1,0
2021-22,2021-12-02,0022100328,CHI,Zach LaVine,203897,2100,1,,27,9,18,3,6,6,6,1,6,7,5,1,1,3,1
2021-22,2021-12-02,0022100332,SAS,Thaddeus Young,201152,876,0,,8,3,4,0,0,2,2,2,2,4,1,2,0,3,2
2021-22,2021-12-03,0022100333,IND,Chris Duarte,1630537,2198,1,,15,6,15,1,6,2,3,0,4,4,1,2,0,1,2
2021-22,2021-12-03,0022100334,CLE,Denzel Valentine,1627756,129,0,,0,0,1,0,1,0,0,0,0,0,0,0,0,1,0
2021-22,2021-12-03,0022100334,CLE,Lauri Markkanen,1628374,2164,1,,15,5,14,4,12,1,1,1,5,6,2,0,0,0,0
2021-22,2021-12-03,0022100337,ORL,Wendell Carter Jr.,1628976,1981,1,,10,4,9,0,3,2,2,5,11,16,2,0,2,2,2
2021-22,2021-12-03,0022100338,NOP,Tomas Satoransky,203107,875,0,,3,1,4,0,0,1,1,1,2,3,1,0,0,0,2
2021-22,2021-12-04,0022100343,CHI,Alex Caruso,1627936,479,1,,6,2,4,2,4,0,0,1,0,1,0,1,0,0,0
2021-22,2021-12-04,0022100343,CHI,Alize Johnson,1628993,398,0,,0,0,0,0,0,0,0,1,1,2,0,0,0,1,0
2021-22,2021-12-04,0022100343,CHI,Ayo Dosunmu,1630245,1386,0,,11,5,6,0,1,1,4,1,2,3,0,0,2,1,2
2021-22,2021-12-04,0022100343,CHI,DeMar DeRozan,201942,2307,1,,29,13,24,1,2,2,4,0,6,6,3,0,0,2,3
2021-22,2021-12-04,0022100343,CHI,Derrick Jones Jr.,1627884,1954,0,,8,2,4,2,3,2,2,1,2,3,1,0,4,1,3
2021-22,2021-12-04,0022100343,CHI,Devon Dotson,1629653,0,0,DNP - Coach's Decision,0,0,0,0,0,0,0,0,0,0,0,0,0,0,0
2021-22,2021-12-04,0022100343,CHI,Lonzo Ball,1628366,2391,1,,8,3,10,2,7,0,0,2,8,10,7,2,3,3,1
2021-22,2021-12-04,0022100343,CHI,Marko Simonovic,1630250,0,0,DNP - Coach's Decision,0,0,0,0,0,0,0,0,0,0,0,0,0,0,0
2021-22,2021-12-04,0022100343,CHI,Matt Thomas,1629744,0,0,DNP - Coach's Decision,0,0,0,0,0,0,0,0,0,0,0,0,0,0,0
2021-22,2021-12-04,0022100343,CHI,Nikola Vucevic,202696,2079,1,,11,5,13,1,3,0,0,0,5,5,2,1,0,0,1
2021-22,2021-12-04,0022100343,CHI,Tony Bradley,1628396,390,0,,2,1,1,0,0,0,0,1,2,3,0,0,0,0,0
2021-22,2021-12-04,0022100343,CHI,Troy Brown Jr.,1628972,771,0,,5,1,4,0,2,3,4,0,6,6,3,0,0,1,1
2021-22,2021-12-04,0022100343,CHI,Tyler Cook,1629076,0,0,DNP - Coach's Decision,0,0,0,0,0,0,0,0,0,0,0,0,0,0,0
2021-22,2021-12-04,0022100343,CHI,Zach LaVine,203897,2245,1,,31,9,20,2,9,11,13,0,8,8,6,0,1,0,1
2021-22,2021-12-04,0022100346,SAS,Joe Wieskamp,1630580,0,0,DNP - Coach's Decision,0,0,0,0,0,0,0,0,0,0,0,0,0,0,0
2021-22,2021-12-04,0022100346,SAS,Thaddeus Young,201152,840,0,,0,0,1,0,0,0,0,1,4,5,0,0,0,0,0
2021-22,2021-12-05,0022100349,CLE,Denzel Valentine,1627756,0,0,DNP - Coach's Decision,0,0,0,0,0,0,0,0,0,0,0,0,0,0,0
2021-22,2021-12-05,0022100349,CLE,Lauri Markkanen,1628374,2079,1,,9,4,10,1,5,0,1,2,3,5,0,0,0,0,1
2021-22,2021-12-05,0022100352,NOP,Tomas Satoransky,203107,750,0,,4,1,1,0,0,2,2,1,2,3,0,0,0,1,0
2021-22,2021-12-06,0022100355,IND,Chris Duarte,1630537,1508,1,,13,4,8,1,4,4,4,3,2,5,1,4,0,0,0
2021-22,2021-12-06,0022100357,CHI,Alize Johnson,1628993,0,0,DNP - Coach's Decision,0,0,0,0,0,0,0,0,0,0,0,0,0,0,0
2021-22,2021-12-06,0022100357,CHI,Ayo Dosunmu,1630245,2512,1,,11,4,6,1,2,2,2,1,5,6,8,1,0,3,2
2021-22,2021-12-06,0022100357,CHI,Derrick Jones Jr.,1627884,1668,1,,12,5,12,1,5,1,2,4,5,9,1,0,1,1,4
2021-22,2021-12-06,0022100357,CHI,Devon Dotson,1629653,76,0,,2,0,0,0,0,2,2,0,0,0,0,0,0,0,0
2021-22,2021-12-06,0022100357,CHI,Lonzo Ball,1628366,2380,1,,20,7,15,4,8,2,3,5,5,10,4,0,4,2,1
2021-22,2021-12-06,0022100357,CHI,Marko Simonovic,1630250,49,0,,0,0,0,0,0,0,0,0,0,0,0,0,0,0,0
2021-22,2021-12-06,0022100357,CHI,Matt Thomas,1629744,1150,0,,3,1,3,1,2,0,0,0,3,3,0,1,0,0,2
2021-22,2021-12-06,0022100357,CHI,Nikola Vucevic,202696,2094,1,,20,8,24,3,8,1,2,1,9,10,2,1,1,2,2
2021-22,2021-12-06,0022100357,CHI,Tony Bradley,1628396,737,0,,3,1,2,0,0,1,2,0,6,6,1,0,1,0,0
2021-22,2021-12-06,0022100357,CHI,Troy Brown Jr.,1628972,1412,0,,6,2,6,0,1,2,3,2,6,8,1,0,0,0,1
2021-22,2021-12-06,0022100357,CHI,Tyler Cook,1629076,0,0,DNP - Coach's Decision,0,0,0,0,0,0,0,0,0,0,0,0,0,0,0
2021-22,2021-12-06,0022100357,CHI,Zach LaVine,203897,2322,1,,32,13,23,3,9,3,4,0,3,3,8,1,0,3,3
2021-22,2021-12-06,0022100358,CLE,Denzel Valentine,1627756,0,0,DNP - Coach's Decision,0,0,0,0,0,0,0,0,0,0,0,0,0,0,0
2021-22,2021-12-06,0022100358,CLE,Lauri Markkanen,1628374,2066,1,,20,7,15,4,9,2,2,1,6,7,2,0,1,0,3
2021-22,2021-12-06,0022100360,SAS,Joe Wieskamp,1630580,0,0,DNP - Coach's Decision,0,0,0,0,0,0,0,0,0,0,0,0,0,0,0
2021-22,2021-12-06,0022100360,SAS,Thaddeus Young,201152,473,0,,2,1,4,0,1,0,0,0,1,1,2,1,0,1,2
2021-22,2021-12-06,0022100361,ORL,Wendell Carter Jr.,1628976,1772,1,,14,4,8,2,4,4,5,1,11,12,3,1,0,1,2
2021-22,2021-12-07,0022100364,SAS,Joe Wieskamp,1630580,165,0,,0,0,0,0,0,0,0,0,0,0,0,0,0,0,1
2021-22,2021-12-07,0022100364,SAS,Thaddeus Young,201152,0,0,DNP - Coach's Decision,0,0,0,0,0,0,0,0,0,0,0,0,0,0,0
2021-22,2021-12-08,0022100367,CHI,Alize Johnson,1628993,713,0,,1,0,2,0,1,1,2,2,1,3,0,0,0,1,1
2021-22,2021-12-08,0022100367,CHI,Ayo Dosunmu,1630245,2045,1,,5,2,2,0,0,1,2,0,0,0,3,0,0,0,3
2021-22,2021-12-08,0022100367,CLE,Denzel Valentine,1627756,283,0,,0,0,0,0,0,0,0,0,0,0,0,0,0,0,0
2021-22,2021-12-08,0022100367,CHI,Derrick Jones Jr.,1627884,1683,1,,11,4,7,1,2,2,2,1,1,2,0,1,0,1,2
2021-22,2021-12-08,0022100367,CHI,Devon Dotson,1629653,1161,0,,6,2,6,0,1,2,2,1,0,1,0,0,0,0,2
2021-22,2021-12-08,0022100367,CLE,Lauri Markkanen,1628374,1633,1,,14,5,8,2,4,2,2,0,1,1,1,0,0,1,1
2021-22,2021-12-08,0022100367,CHI,Lonzo Ball,1628366,2362,1,,19,6,12,4,9,3,3,1,3,4,7,3,0,5,0
2021-22,2021-12-08,0022100367,CHI,Marko Simonovic,1630250,0,0,DNP - Coach's Decision,0,0,0,0,0,0,0,0,0,0,0,0,0,0,0
2021-22,2021-12-08,0022100367,CHI,Nikola Vucevic,202696,1836,1,,18,8,23,1,7,1,2,3,9,12,0,0,2,2,3
2021-22,2021-12-08,0022100367,CHI,Tony Bradley,1628396,890,0,,2,1,3,0,0,0,0,3,4,7,1,0,0,2,1
2021-22,2021-12-08,0022100367,CHI,Troy Brown Jr.,1628972,1598,0,,7,3,8,0,3,1,1,0,4,4,1,2,1,2,2
2021-22,2021-12-08,0022100367,CHI,Tyler Cook,1629076,0,0,DNP - Coach's Decision,0,0,0,0,0,0,0,0,0,0,0,0,0,0,0
2021-22,2021-12-08,0022100367,CHI,Zach LaVine,203897,2112,1,,23,9,21,1,3,4,7,0,4,4,9,0,0,4,3
2021-22,2021-12-08,0022100369,IND,Chris Duarte,1630537,1810,1,,23,9,11,2,2,3,4,0,3,3,6,1,0,1,2
2021-22,2021-12-08,0022100375,NOP,Tomas Satoransky,203107,339,0,,2,1,1,0,0,0,0,0,0,0,0,0,0,1,1
2021-22,2021-12-08,0022100377,ORL,Wendell Carter Jr.,1628976,2176,1,,19,7,14,1,3,4,6,2,8,10,6,0,1,4,5
2021-22,2021-12-09,0022100381,SAS,Thaddeus Young,201152,82,0,,0,0,0,0,0,0,0,0,1,1,1,0,0,0,0
2021-22,2021-12-10,0022100383,IND,Chris Duarte,1630537,1517,1,,8,2,10,0,5,4,4,1,3,4,2,1,0,0,0
2021-22,2021-12-10,0022100387,CLE,Denzel Valentine,1627756,322,0,,0,0,0,0,0,0,0,0,1,1,0,0,0,0,0
2021-22,2021-12-10,0022100387,CLE,Lauri Markkanen,1628374,1299,1,,19,7,8,4,5,1,2,0,2,2,2,2,0,1,2
2021-22,2021-12-10,0022100388,NOP,Tomas Satoransky,203107,1172,0,,4,2,6,0,4,0,0,0,4,4,3,0,0,2,1
2021-22,2021-12-11,0022100391,ORL,Wendell Carter Jr.,1628976,1999,1,,2,1,5,0,1,0,0,2,12,14,7,0,0,3,1
2021-22,2021-12-11,0022100393,CLE,Denzel Valentine,1627756,0,0,DNP - Coach's Decision,0,0,0,0,0,0,0,0,0,0,0,0,0,0,0
2021-22,2021-12-11,0022100393,CLE,Lauri Markkanen,1628374,1569,1,,3,1,8,0,3,1,2,0,2,2,2,2,0,2,6
2021-22,2021-12-11,0022100394,CHI,Alex Caruso,1627936,1645,1,,6,2,5,2,3,0,0,0,1,1,5,1,0,2,3
2021-22,2021-12-11,0022100394,CHI,Alfonzo McKinnie,1628035,1741,0,,6,2,6,2,3,0,0,0,0,0,1,0,1,1,2
2021-22,2021-12-11,0022100394,CHI,Alize Johnson,1628993,284,0,,0,0,0,0,0,0,0,0,1,1,0,0,0,0,2
2021-22,2021-12-11,0022100394,CHI,Devon Dotson,1629653,873,0,,6,2,3,1,2,1,4,0,0,0,1,0,0,0,1
2021-22,2021-12-11,0022100394,CHI,Lonzo Ball,1628366,2388,1,,15,5,15,4,12,1,3,1,4,5,3,1,1,5,1
2021-22,2021-12-11,0022100394,CHI,Marko Simonovic,1630250,284,0,,2,0,4,0,2,2,2,1,0,1,0,0,0,0,0
2021-22,2021-12-11,0022100394,CHI,Nikola Vucevic,202696,2032,1,,10,3,15,1,4,3,4,0,8,8,2,1,0,1,3
2021-22,2021-12-11,0022100394,CHI,Tony Bradley,1628396,564,0,,4,2,3,0,0,0,0,3,4,7,1,0,1,1,1
2021-22,2021-12-11,0022100394,CHI,Troy Brown Jr.,1628972,2041,1,,10,4,11,0,3,2,2,2,2,4,4,1,0,0,0
2021-22,2021-12-11,0022100394,CHI,Tyler Cook,1629076,284,0,,0,0,1,0,0,0,0,0,0,0,1,0,0,0,0
2021-22,2021-12-11,0022100394,CHI,Zach LaVine,203897,2264,1,,33,11,20,7,11,4,5,0,7,7,4,1,0,4,2
2021-22,2021-12-11,0022100397,SAS,Thaddeus Young,201152,1132,0,,7,3,8,0,0,1,2,4,2,6,4,1,0,0,2
2021-22,2021-12-12,0022100401,SAS,Thaddeus Young,201152,0,0,DNP - Coach's Decision,0,0,0,0,0,0,0,0,0,0,0,0,0,0,0
2021-22,2021-12-12,0022100401,NOP,Tomas Satoransky,203107,1009,0,,0,0,3,0,1,0,0,0,0,0,3,1,0,0,0
2021-22,2021-12-12,0022100403,ORL,Wendell Carter Jr.,1628976,1954,1,,16,6,12,2,6,2,2,2,6,8,3,0,1,2,2
2021-22,2021-12-13,0022100404,CLE,Denzel Valentine,1627756,0,0,DNP - Coach's Decision,0,0,0,0,0,0,0,0,0,0,0,0,0,0,0
2021-22,2021-12-13,0022100404,CLE,Lauri Markkanen,1628374,1893,1,,12,5,13,2,7,0,0,1,3,4,2,0,0,0,1
2021-22,2021-12-13,0022100405,IND,Chris Duarte,1630537,1315,1,,3,1,6,1,3,0,0,0,4,4,1,0,0,3,4
2021-22,2021-12-15,0022100417,CLE,Denzel Valentine,1627756,450,0,,3,1,2,1,2,0,0,0,0,0,2,0,0,1,1
2021-22,2021-12-15,0022100417,CLE,Lauri Markkanen,1628374,1138,1,,12,5,10,2,5,0,0,0,2,2,1,0,0,1,1
2021-22,2021-12-15,0022100418,ORL,Wendell Carter Jr.,1628976,1794,1,,9,4,10,1,4,0,0,4,11,15,3,1,0,1,3
2021-22,2021-12-15,0022100421,IND,Chris Duarte,1630537,1568,1,,10,4,9,2,7,0,0,0,3,3,0,0,1,2,1
2021-22,2021-12-15,0022100422,NOP,Tomas Satoransky,203107,676,0,,2,0,3,0,2,2,2,2,0,2,1,0,0,0,0
2021-22,2021-12-15,0022100423,SAS,Thaddeus Young,201152,246,0,,2,1,2,0,0,0,0,1,0,1,0,0,0,0,1
2021-22,2021-12-16,0022100428,IND,Chris Duarte,1630537,1743,0,,15,5,13,2,6,3,4,3,6,9,4,0,0,1,0
2021-22,2021-12-17,0022100433,ORL,Wendell Carter Jr.,1628976,650,1,,4,2,6,0,1,0,0,0,4,4,1,0,1,0,1
2021-22,2021-12-17,0022100437,SAS,Thaddeus Young,201152,0,0,DNP - Coach's Decision,0,0,0,0,0,0,0,0,0,0,0,0,0,0,0
2021-22,2021-12-17,0022100438,NOP,Tomas Satoransky,203107,737,0,,2,1,4,0,1,0,0,1,2,3,2,0,0,0,0
2021-22,2021-12-17,0022100439,CHA,LaMelo Ball,1630163,1716,1,,27,11,17,3,5,2,2,1,3,4,5,1,0,2,4
2021-22,2021-12-18,0022100442,ORL,Wendell Carter Jr.,1628976,0,0,DND - Injury/Illness,0,0,0,0,0,0,0,0,0,0,0,0,0,0,0
2021-22,2021-12-18,0022100446,CLE,Denzel Valentine,1627756,744,0,,3,1,3,1,2,0,0,0,2,2,1,0,0,1,1
2021-22,2021-12-18,0022100446,CLE,Lauri Markkanen,1628374,1750,1,,8,3,14,0,7,2,3,1,1,2,2,0,0,2,1
2021-22,2021-12-19,0022100448,CHI,Alex Caruso,1627936,2266,1,,17,6,11,3,5,2,4,2,7,9,2,1,0,3,2
2021-22,2021-12-19,0022100448,CHI,Alfonzo McKinnie,1628035,1031,0,,2,1,4,0,3,0,2,1,1,2,1,1,0,1,3
2021-22,2021-12-19,0022100448,CHI,Coby White,1629632,1467,0,,5,2,7,0,4,1,2,0,1,1,2,1,0,1,2
2021-22,2021-12-19,0022100448,CHI,DeMar DeRozan,201942,2059,1,,38,11,24,0,0,16,17,1,3,4,6,1,0,3,2
2021-22,2021-12-19,0022100448,CHI,Derrick Jones Jr.,1627884,332,0,,0,0,2,0,1,0,0,0,1,1,0,0,0,0,0
2021-22,2021-12-19,0022100448,CHI,Devon Dotson,1629653,0,0,DNP - Coach's Decision,0,0,0,0,0,0,0,0,0,0,0,0,0,0,0
2021-22,2021-12-19,0022100448,CHI,Javonte Green,1629750,2081,1,,9,3,9,1,2,2,2,5,1,6,2,1,1,0,3
2021-22,2021-12-19,0022100448,CHI,Lonzo Ball,1628366,2284,1,,19,7,15,3,9,2,2,1,3,4,4,1,1,1,3
2021-22,2021-12-19,0022100448,CHI,Marko Simonovic,1630250,0,0,DNP - Coach's Decision,0,0,0,0,0,0,0,0,0,0,0,0,0,0,0
2021-22,2021-12-19,0022100448,CHI,Nikola Vucevic,202696,2084,1,,19,8,17,3,6,0,0,4,9,13,2,1,1,1,0
2021-22,2021-12-19,0022100448,CHI,Tony Bradley,1628396,657,0,,4,2,4,0,0,0,0,2,1,3,1,3,0,0,1
2021-22,2021-12-19,0022100448,CHI,Tyler Cook,1629076,139,0,,2,0,0,0,0,2,2,0,0,0,0,0,0,0,1
2021-22,2021-12-19,0022100451,SAS,Thaddeus Young,201152,0,0,DNP - Coach's Decision,0,0,0,0,0,0,0,0,0,0,0,0,0,0,0
2021-22,2021-12-19,0022100456,CHA,LaMelo Ball,1630163,1485,1,,9,2,12,1,6,4,4,5,5,10,7,2,1,2,2
2021-22,2021-12-20,0022100459,CHI,Alex Caruso,1627936,364,1,,0,0,0,0,0,0,0,1,0,1,2,0,0,0,0
2021-22,2021-12-20,0022100459,CHI,Alfonzo McKinnie,1628035,1748,0,,16,6,10,4,6,0,0,2,3,5,1,0,1,0,3
2021-22,2021-12-20,0022100459,CHI,Coby White,1629632,1906,0,,24,7,15,5,9,5,5,2,3,5,2,0,0,2,1
2021-22,2021-12-20,0022100459,CHI,DeMar DeRozan,201942,1938,1,,26,11,18,0,0,4,4,0,3,3,6,0,0,0,1
2021-22,2021-12-20,0022100459,CHI,Devon Dotson,1629653,856,0,,5,2,2,1,1,0,0,0,0,0,4,1,0,1,2
2021-22,2021-12-20,0022100459,CHI,Javonte Green,1629750,1600,1,,4,2,5,0,2,0,0,0,3,3,4,0,0,0,5
2021-22,2021-12-20,0022100459,CHI,Lonzo Ball,1628366,2096,1,,19,6,12,4,9,3,3,0,5,5,8,5,1,2,4
2021-22,2021-12-20,0022100459,CHI,Marko Simonovic,1630250,173,0,,2,0,2,0,0,2,2,1,0,1,0,0,0,0,0
2021-22,2021-12-20,0022100459,CHI,Nikola Vucevic,202696,1811,1,,18,8,18,2,8,0,0,1,5,6,4,0,2,0,2
2021-22,2021-12-20,0022100459,CHI,Tony Bradley,1628396,896,0,,8,3,3,0,0,2,2,1,3,4,2,1,1,1,3
2021-22,2021-12-20,0022100459,CHI,Tyler Cook,1629076,1012,0,,11,2,3,0,0,7,8,1,0,1,0,0,0,2,2
2021-22,2021-12-20,0022100461,CHA,LaMelo Ball,1630163,1965,1,,21,8,20,3,7,2,2,2,4,6,11,0,1,4,6
2021-22,2021-12-20,0022100463,SAS,Thaddeus Young,201152,0,0,DNP - Coach's Decision,0,0,0,0,0,0,0,0,0,0,0,0,0,0,0
2021-22,2021-12-21,0022100465,IND,Chris Duarte,1630537,1117,0,,17,5,7,3,4,4,5,1,3,4,2,2,0,1,1
2021-22,2021-12-21,0022100467,NOP,Tomas Satoransky,203107,658,0,,0,0,3,0,0,0,0,0,0,0,1,1,0,1,0
2021-22,2021-12-22,0022100470,ORL,Wendell Carter Jr.,1628976,0,0,DND - Injury/Illness,0,0,0,0,0,0,0,0,0,0,0,0,0,0,0
2021-22,2021-12-22,0022100471,CLE,Denzel Valentine,1627756,1584,0,,8,3,6,2,4,0,0,2,4,6,0,0,0,2,2
2021-22,2021-12-22,0022100471,CLE,Lauri Markkanen,1628374,1977,1,,7,2,12,0,5,3,3,3,6,9,0,0,1,1,1
2021-22,2021-12-23,0022100476,IND,Chris Duarte,1630537,2227,1,,18,7,15,3,11,1,2,1,1,2,4,0,0,2,1
2021-22,2021-12-23,0022100477,NOP,Tomas Satoransky,203107,926,0,,9,3,6,1,2,2,3,0,0,0,3,1,1,1,0
2021-22,2021-12-23,0022100477,ORL,Wendell Carter Jr.,1628976,1770,1,,17,5,12,1,3,6,6,5,7,12,3,2,3,0,3
2021-22,2021-12-23,0022100482,CHA,LaMelo Ball,1630163,1496,1,,16,5,11,1,5,5,5,0,5,5,4,4,1,3,4
2021-22,2021-12-23,0022100487,SAS,Thaddeus Young,201152,0,0,DNP - Coach's Decision,0,0,0,0,0,0,0,0,0,0,0,0,0,0,0
2021-22,2021-12-25,0022100491,LAL,Stanley Johnson,1626169,1644,0,,7,2,4,1,3,2,2,0,1,1,1,1,0,0,5
2021-22,2021-12-26,0022100493,ORL,Wendell Carter Jr.,1628976,1525,1,,8,3,7,1,3,1,2,3,11,14,2,0,0,6,5
2021-22,2021-12-26,0022100494,CLE,Denzel Valentine,1627756,1570,0,,17,6,11,5,9,0,0,1,8,9,2,2,0,0,1
2021-22,2021-12-26,0022100494,CLE,Lauri Markkanen,1628374,1329,1,,20,9,13,1,3,1,1,2,5,7,1,0,1,2,2
2021-22,2021-12-26,0022100497,NOP,Tomas Satoransky,203107,1013,0,,2,1,6,0,2,0,0,2,3,5,4,1,0,2,1
2021-22,2021-12-26,0022100498,SAS,Joe Wieskamp,1630580,467,0,,3,1,2,0,1,1,2,1,0,1,1,0,1,0,0
2021-22,2021-12-26,0022100498,SAS,Thaddeus Young,201152,0,0,DNP - Coach's Decision,0,0,0,0,0,0,0,0,0,0,0,0,0,0,0
2021-22,2021-12-26,0022100499,CHI,Ayo Dosunmu,1630245,1404,0,,6,3,4,0,1,0,2,0,2,2,0,0,1,2,1
2021-22,2021-12-26,0022100499,IND,Chris Duarte,1630537,1993,1,,16,7,14,2,4,0,2,1,4,5,1,2,0,3,2
2021-22,2021-12-26,0022100499,CHI,Coby White,1629632,1997,1,,8,3,10,0,4,2,2,0,2,2,1,0,1,2,4
2021-22,2021-12-26,0022100499,CHI,DeMar DeRozan,201942,2156,1,,24,9,20,1,1,5,7,1,2,3,3,2,0,2,3
2021-22,2021-12-26,0022100499,CHI,Devon Dotson,1629653,0,0,DNP - Coach's Decision,0,0,0,0,0,0,0,0,0,0,0,0,0,0,0
2021-22,2021-12-26,0022100499,CHI,Ersan Ilyasova,101141,0,0,DNP - Coach's Decision,0,0,0,0,0,0,0,0,0,0,0,0,0,0,0
2021-22,2021-12-26,0022100499,CHI,Javonte Green,1629750,1692,1,,13,4,4,1,1,4,4,0,4,4,1,0,0,1,0
2021-22,2021-12-26,0022100499,CHI,Mac McClung,1630644,0,0,DNP - Coach's Decision,0,0,0,0,0,0,0,0,0,0,0,0,0,0,0
2021-22,2021-12-26,0022100499,CHI,Marko Simonovic,1630250,0,0,DNP - Coach's Decision,0,0,0,0,0,0,0,0,0,0,0,0,0,0,0
2021-22,2021-12-26,0022100499,CHI,Matt Thomas,1629744,1142,0,,5,1,3,1,2,2,2,0,3,3,2,0,0,0,0
2021-22,2021-12-26,0022100499,CHI,Nikola Vucevic,202696,1985,1,,16,7,10,2,3,0,0,1,14,15,3,2,2,3,4
2021-22,2021-12-26,0022100499,CHI,Troy Brown Jr.,1628972,1144,0,,5,2,5,1,2,0,0,0,2,2,2,0,0,0,2
2021-22,2021-12-26,0022100499,CHI,Tyler Cook,1629076,895,0,,4,2,2,0,0,0,0,0,5,5,0,0,1,1,3
2021-22,2021-12-26,0022100499,CHI,Zach LaVine,203897,1985,1,,32,12,18,5,9,3,5,0,4,4,5,1,1,4,3
2021-22,2021-12-27,0022100501,CHA,LaMelo Ball,1630163,1471,1,,16,6,12,4,7,0,0,1,4,5,7,2,0,1,2
2021-22,2021-12-27,0022100502,CHI,Ayo Dosunmu,1630245,1482,0,,8,4,6,0,2,0,0,0,0,0,2,0,1,1,4
2021-22,2021-12-27,0022100502,CHI,Coby White,1629632,1501,1,,13,5,11,3,7,0,0,0,4,4,0,2,0,1,5
2021-22,2021-12-27,0022100502,CHI,DeMar DeRozan,201942,2268,1,,35,14,20,2,2,5,8,1,4,5,10,0,0,3,3
2021-22,2021-12-27,0022100502,CHI,Devon Dotson,1629653,0,0,DNP - Coach's Decision,0,0,0,0,0,0,0,0,0,0,0,0,0,0,0
2021-22,2021-12-27,0022100502,CHI,Ersan Ilyasova,101141,0,0,DNP - Coach's Decision,0,0,0,0,0,0,0,0,0,0,0,0,0,0,0
2021-22,2021-12-27,0022100502,CHI,Javonte Green,1629750,1762,1,,2,1,2,0,1,0,0,1,5,6,0,0,1,0,3
2021-22,2021-12-27,0022100502,CHI,Mac McClung,1630644,0,0,DNP - Coach's Decision,0,0,0,0,0,0,0,0,0,0,0,0,0,0,0
2021-22,2021-12-27,0022100502,CHI,Marko Simonovic,1630250,0,0,DNP - Coach's Decision,0,0,0,0,0,0,0,0,0,0,0,0,0,0,0
2021-22,2021-12-27,0022100502,CHI,Matt Thomas,1629744,1151,0,,9,3,6,3,5,0,0,1,1,2,1,1,0,0,0
2021-22,2021-12-27,0022100502,CHI,Nikola Vucevic,202696,2049,1,,24,9,19,4,8,2,3,4,13,17,6,0,4,0,3
2021-22,2021-12-27,0022100502,CHI,Troy Brown Jr.,1628972,1119,0,,7,3,6,1,4,0,0,0,2,2,1,1,0,0,0
2021-22,2021-12-27,0022100502,CHI,Tyler Cook,1629076,831,0,,2,1,2,0,0,0,0,1,3,4,0,0,0,0,1
2021-22,2021-12-27,0022100502,CHI,Zach LaVine,203897,2237,1,,30,11,22,5,8,3,3,1,3,4,9,1,0,2,0
2021-22,2021-12-27,0022100504,SAS,Joe Wieskamp,1630580,110,0,,2,1,1,0,0,0,0,0,0,0,0,0,1,0,1
2021-22,2021-12-27,0022100504,SAS,Thaddeus Young,201152,0,0,DNP - Coach's Decision,0,0,0,0,0,0,0,0,0,0,0,0,0,0,0
2021-22,2021-12-28,0022100508,ORL,Wendell Carter Jr.,1628976,1999,1,,19,6,14,2,7,5,6,0,10,10,1,3,0,2,3
2021-22,2021-12-28,0022100511,LAL,Stanley Johnson,1626169,1914,1,,9,3,8,0,4,3,3,0,5,5,2,1,0,0,5
2021-22,2021-12-28,0022100513,CLE,Denzel Valentine,1627756,1432,0,,6,2,4,2,4,0,0,0,3,3,3,0,0,0,3
2021-22,2021-12-28,0022100513,CLE,Lauri Markkanen,1628374,1830,1,,14,6,15,0,4,2,2,1,4,5,2,2,0,1,4
2021-22,2021-12-28,0022100513,NOP,Tomas Satoransky,203107,1035,0,,3,1,4,1,3,0,0,0,2,2,5,0,0,1,0
2021-22,2021-12-29,0022100517,IND,Chris Duarte,1630537,1379,1,,11,5,7,1,1,0,0,0,0,0,4,1,0,3,1
2021-22,2021-12-29,0022100517,CHA,LaMelo Ball,1630163,2021,1,,21,8,13,1,4,4,5,5,7,12,9,1,0,4,2
2021-22,2021-12-29,0022100519,CHI,Ayo Dosunmu,1630245,1171,0,,14,6,7,1,1,1,2,0,2,2,1,1,2,3,2
2021-22,2021-12-29,0022100519,CHI,Coby White,1629632,2111,1,,17,6,14,3,9,2,4,0,3,3,12,0,1,3,3
2021-22,2021-12-29,0022100519,CHI,DeMar DeRozan,201942,2142,1,,20,8,18,0,0,4,4,0,4,4,8,0,1,0,1
2021-22,2021-12-29,0022100519,CHI,Derrick Jones Jr.,1627884,270,0,,2,0,0,0,0,2,2,0,2,2,1,0,0,0,2
2021-22,2021-12-29,0022100519,CHI,Devon Dotson,1629653,183,0,,2,1,1,0,0,0,0,0,0,0,0,0,0,0,2
2021-22,2021-12-29,0022100519,CHI,Javonte Green,1629750,1387,1,,14,4,5,0,0,6,8,1,1,2,3,2,1,0,3
2021-22,2021-12-29,0022100519,CHI,Mac McClung,1630644,153,0,,2,1,1,0,0,0,0,0,0,0,0,0,0,1,0
2021-22,2021-12-29,0022100519,CHI,Matt Thomas,1629744,975,0,,5,2,3,1,1,0,0,0,0,0,1,0,0,0,1
2021-22,2021-12-29,0022100519,CHI,Nikola Vucevic,202696,1958,1,,16,8,14,0,3,0,0,3,17,20,1,3,1,2,0
2021-22,2021-12-29,0022100519,CHI,Troy Brown Jr.,1628972,1398,0,,4,1,2,0,1,2,2,0,3,3,6,3,0,0,1
2021-22,2021-12-29,0022100519,CHI,Tyler Cook,1629076,739,0,,10,5,6,0,0,0,0,2,1,3,0,0,0,0,2
2021-22,2021-12-29,0022100519,CHI,Zach LaVine,203897,1913,1,,25,10,13,5,7,0,0,0,2,2,5,0,0,4,1
2021-22,2021-12-29,0022100520,LAL,Stanley Johnson,1626169,1352,0,,7,3,5,1,3,0,0,0,3,3,0,1,2,2,3
2021-22,2021-12-30,0022100526,ORL,Wendell Carter Jr.,1628976,1984,1,,14,5,11,1,4,3,5,2,8,10,5,1,1,1,4
2021-22,2021-12-30,0022100527,CLE,Denzel Valentine,1627756,0,0,DNP - Coach's Decision,0,0,0,0,0,0,0,0,0,0,0,0,0,0,0
2021-22,2021-12-30,0022100527,CLE,Lauri Markkanen,1628374,1574,1,,11,4,10,1,4,2,2,2,6,8,4,1,1,2,3
2021-22,2021-12-31,0022100530,CHI,Ayo Dosunmu,1630245,1293,0,,3,0,1,0,0,3,4,0,2,2,2,0,1,1,0
2021-22,2021-12-31,0022100530,CHI,Coby White,1629632,2009,1,,24,7,11,6,7,4,5,0,2,2,4,3,1,1,3
2021-22,2021-12-31,0022100530,CHI,DeMar DeRozan,201942,2106,1,,28,8,24,1,3,11,12,2,1,3,6,3,0,3,3
2021-22,2021-12-31,0022100530,CHI,Derrick Jones Jr.,1627884,860,0,,7,3,3,1,1,0,0,0,2,2,0,0,0,0,2
2021-22,2021-12-31,0022100530,CHI,Devon Dotson,1629653,0,0,DNP - Coach's Decision,0,0,0,0,0,0,0,0,0,0,0,0,0,0,0
2021-22,2021-12-31,0022100530,CHI,Javonte Green,1629750,1650,1,,2,0,3,0,1,2,2,2,2,4,2,2,1,0,3
2021-22,2021-12-31,0022100530,CHI,Jordan Bell,1628395,0,0,DNP - Coach's Decision,0,0,0,0,0,0,0,0,0,0,0,0,0,0,0
2021-22,2021-12-31,0022100530,CHI,Mac McClung,1630644,0,0,DNP - Coach's Decision,0,0,0,0,0,0,0,0,0,0,0,0,0,0,0
2021-22,2021-12-31,0022100530,CHI,Matt Thomas,1629744,1195,0,,8,3,7,2,5,0,0,0,2,2,0,0,0,0,0
2021-22,2021-12-31,0022100530,CHI,Nikola Vucevic,202696,2046,1,,14,6,16,2,7,0,0,2,14,16,4,0,0,0,2
2021-22,2021-12-31,0022100530,CHI,Troy Brown Jr.,1628972,250,0,,0,0,1,0,0,0,0,0,0,0,0,0,0,0,1
2021-22,2021-12-31,0022100530,CHI,Tyler Cook,1629076,834,0,,5,1,3,0,0,3,4,1,4,5,0,2,0,0,3
2021-22,2021-12-31,0022100530,CHI,Zach LaVine,203897,2157,1,,17,7,17,0,3,3,3,1,5,6,4,1,2,4,2
2021-22,2021-12-31,0022100533,CLE,Lauri Markkanen,1628374,1833,1,,8,4,10,0,2,0,0,0,5,5,2,0,1,2,2
2021-22,2021-12-31,0022100535,SAS,Joe Wieskamp,1630580,297,0,,0,0,1,0,1,0,0,0,0,0,1,0,0,0,0
2021-22,2021-12-31,0022100535,SAS,Thaddeus Young,201152,729,0,,2,1,1,0,0,0,0,1,3,4,1,0,0,1,3
2021-22,2021-12-31,0022100538,LAL,Stanley Johnson,1626169,1383,1,,10,3,4,2,3,2,2,0,3,3,2,0,0,0,6
2021-22,2022-01-01,0022100539,NOP,Tomas Satoransky,203107,824,0,,5,1,2,0,1,3,4,0,3,3,6,3,0,0,2
2021-22,2022-01-01,0022100540,SAS,Joe Wieskamp,1630580,258,0,,0,0,1,0,1,0,0,0,0,0,0,1,0,0,0
2021-22,2022-01-01,0022100540,SAS,Thaddeus Young,201152,0,0,DNP - Coach's Decision,0,0,0,0,0,0,0,0,0,0,0,0,0,0,0
2021-22,2022-01-01,0022100541,CHI,Ayo Dosunmu,1630245,1287,0,,4,1,3,0,0,2,2,1,4,5,1,1,1,0,5
2021-22,2022-01-01,0022100541,CHI,Coby White,1629632,2269,1,,20,7,14,4,8,2,2,0,2,2,5,1,0,0,4
2021-22,2022-01-01,0022100541,CHI,DeMar DeRozan,201942,2115,1,,28,10,22,1,1,7,10,2,7,9,5,0,0,4,3
2021-22,2022-01-01,0022100541,CHI,Derrick Jones Jr.,1627884,1655,1,,9,2,2,2,2,3,4,1,3,4,1,1,2,2,3
2021-22,2022-01-01,0022100541,CHI,Devon Dotson,1629653,0,0,DNP - Coach's Decision,0,0,0,0,0,0,0,0,0,0,0,0,0,0,0
2021-22,2022-01-01,0022100541,CHI,Jordan Bell,1628395,0,0,DNP - Coach's Decision,0,0,0,0,0,0,0,0,0,0,0,0,0,0,0
2021-22,2022-01-01,0022100541,CHI,Mac McClung,1630644,0,0,DNP - Coach's Decision,0,0,0,0,0,0,0,0,0,0,0,0,0,0,0
2021-22,2022-01-01,0022100541,CHI,Matt Thomas,1629744,735,0,,0,0,4,0,4,0,0,0,0,0,0,0,0,0,1
2021-22,2022-01-01,0022100541,CHI,Nikola Vucevic,202696,2128,1,,22,9,15,3,7,1,1,1,11,12,1,0,1,5,3
2021-22,2022-01-01,0022100541,CHI,Troy Brown Jr.,1628972,1780,0,,2,1,2,0,0,0,0,0,6,6,1,0,0,0,2
2021-22,2022-01-01,0022100541,CHI,Tyler Cook,1629076,159,0,,0,0,0,0,0,0,0,1,0,1,0,1,0,0,1
2021-22,2022-01-01,0022100541,CHI,Zach LaVine,203897,2273,1,,35,11,22,7,12,6,6,0,5,5,3,0,0,4,2
2021-22,2022-01-02,0022100546,ORL,Wendell Carter Jr.,1628976,2451,1,,15,5,16,1,4,4,5,3,13,16,7,1,1,2,5
2021-22,2022-01-02,0022100547,CLE,Lauri Markkanen,1628374,2017,1,,12,5,12,2,6,0,0,2,4,6,2,0,1,0,2
2021-22,2022-01-02,0022100549,CHA,LaMelo Ball,1630163,1390,1,,17,5,12,3,6,4,6,0,3,3,1,0,1,1,1
2021-22,2022-01-02,0022100551,LAL,Stanley Johnson,1626169,1241,1,,1,0,3,0,3,1,2,1,1,2,2,2,0,0,3
2021-22,2022-01-03,0022100553,CHA,LaMelo Ball,1630163,1880,1,,18,8,21,2,9,0,1,1,3,4,2,0,0,2,4
2021-22,2022-01-03,0022100555,CHI,Alfonzo McKinnie,1628035,448,0,,0,0,1,0,1,0,0,1,1,2,0,0,0,0,0
2021-22,2022-01-03,0022100555,CHI,Ayo Dosunmu,1630245,1155,0,,3,1,2,1,1,0,0,0,2,2,1,0,0,2,2
2021-22,2022-01-03,0022100555,CHI,Coby White,1629632,2076,0,,17,7,11,2,5,1,1,0,2,2,2,0,1,1,1
2021-22,2022-01-03,0022100555,CHI,DeMar DeRozan,201942,2150,1,,29,11,24,0,2,7,13,1,2,3,2,1,0,3,3
2021-22,2022-01-03,0022100555,CHI,Derrick Jones Jr.,1627884,1265,1,,7,3,4,1,1,0,0,3,2,5,0,1,0,0,2
2021-22,2022-01-03,0022100555,CHI,Devon Dotson,1629653,0,0,DNP - Coach's Decision,0,0,0,0,0,0,0,0,0,0,0,0,0,0,0
2021-22,2022-01-03,0022100555,CHI,Jordan Bell,1628395,0,0,DNP - Coach's Decision,0,0,0,0,0,0,0,0,0,0,0,0,0,0,0
2021-22,2022-01-03,0022100555,CHI,Lonzo Ball,1628366,1931,1,,3,1,8,1,7,0,0,1,6,7,7,3,0,2,2
2021-22,2022-01-03,0022100555,CHI,Mac McClung,1630644,0,0,DNP - Coach's Decision,0,0,0,0,0,0,0,0,0,0,0,0,0,0,0
2021-22,2022-01-03,0022100555,CHI,Matt Thomas,1629744,0,0,DNP - Coach's Decision,0,0,0,0,0,0,0,0,0,0,0,0,0,0,0
2021-22,2022-01-03,0022100555,CHI,Nikola Vucevic,202696,2131,1,,13,5,13,1,3,2,2,2,15,17,1,2,2,2,4
2021-22,2022-01-03,0022100555,CHI,Troy Brown Jr.,1628972,1182,0,,3,1,4,1,2,0,0,2,6,8,4,2,1,0,0
2021-22,2022-01-03,0022100555,ORL,Wendell Carter Jr.,1628976,2124,1,,21,8,15,1,4,4,5,0,10,10,4,1,0,3,0
2021-22,2022-01-03,0022100555,CHI,Zach LaVine,203897,2062,1,,27,8,19,4,9,7,7,0,3,3,0,1,0,3,2
2021-22,2022-01-04,0022100562,CLE,Lauri Markkanen,1628374,2179,1,,13,5,11,1,5,2,2,1,6,7,5,0,1,1,3
2021-22,2022-01-04,0022100563,SAS,Joe Wieskamp,1630580,720,0,,13,5,8,3,5,0,0,1,0,1,1,1,0,0,0
2021-22,2022-01-04,0022100563,SAS,Thaddeus Young,201152,0,0,DNP - Coach's Decision,0,0,0,0,0,0,0,0,0,0,0,0,0,0,0
2021-22,2022-01-05,0022100567,CHA,LaMelo Ball,1630163,1780,1,,12,4,11,3,9,1,2,0,8,8,12,1,1,4,2
2021-22,2022-01-05,0022100568,ORL,Wendell Carter Jr.,1628976,1409,1,,12,3,4,0,1,6,10,4,6,10,3,0,0,3,6
2021-22,2022-01-05,0022100570,SAS,Joe Wieskamp,1630580,0,0,DNP - Coach's Decision,0,0,0,0,0,0,0,0,0,0,0,0,0,0,0
2021-22,2022-01-05,0022100570,SAS,Thaddeus Young,201152,0,0,DNP - Coach's Decision,0,0,0,0,0,0,0,0,0,0,0,0,0,0,0
2021-22,2022-01-07,0022100582,SAS,Joe Wieskamp,1630580,706,0,,1,0,3,0,2,1,3,0,2,2,0,0,0,0,1
2021-22,2022-01-07,0022100585,CHI,Alfonzo McKinnie,1628035,65,0,,0,0,0,0,0,0,0,0,0,0,0,0,0,0,0
2021-22,2022-01-07,0022100585,CHI,Ayo Dosunmu,1630245,1865,0,,18,7,9,3,4,1,2,0,5,5,4,3,0,2,2
2021-22,2022-01-07,0022100585,CHI,Coby White,1629632,1909,0,,21,7,8,4,4,3,3,0,2,2,3,0,0,2,2
2021-22,2022-01-07,0022100585,CHI,DeMar DeRozan,201942,1867,1,,15,5,16,0,1,5,6,2,3,5,8,0,1,4,3
2021-22,2022-01-07,0022100585,CHI,Derrick Jones Jr.,1627884,962,1,,2,0,2,0,1,2,2,0,3,3,2,0,0,1,4
2021-22,2022-01-07,0022100585,CHI,Devon Dotson,1629653,0,0,DNP - Coach's Decision,0,0,0,0,0,0,0,0,0,0,0,0,0,0,0
2021-22,2022-01-07,0022100585,CHI,Jordan Bell,1628395,121,0,,0,0,0,0,0,0,0,1,0,1,0,1,0,0,2
2021-22,2022-01-07,0022100585,CHI,Lonzo Ball,1628366,2085,1,,18,6,11,6,11,0,0,1,4,5,6,2,0,1,1
2021-22,2022-01-07,0022100585,CHI,Marko Simonovic,1630250,65,0,,0,0,0,0,0,0,0,0,0,0,0,0,0,1,1
2021-22,2022-01-07,0022100585,CHI,Matt Thomas,1629744,0,0,DNP - Coach's Decision,0,0,0,0,0,0,0,0,0,0,0,0,0,0,0
2021-22,2022-01-07,0022100585,CHI,Nikola Vucevic,202696,2007,1,,16,8,19,0,4,0,0,4,10,14,7,4,0,0,1
2021-22,2022-01-07,0022100585,CHI,Tony Bradley,1628396,649,0,,8,4,5,0,0,0,0,1,3,4,1,0,2,0,1
2021-22,2022-01-07,0022100585,CHI,Troy Brown Jr.,1628972,815,0,,5,2,3,1,2,0,0,1,0,1,0,0,0,0,2
2021-22,2022-01-07,0022100585,CHI,Zach LaVine,203897,1990,1,,27,9,18,1,6,8,8,0,1,1,3,1,0,4,2
2021-22,2022-01-07,0022100589,LAL,Stanley Johnson,1626169,1173,1,,3,1,2,0,1,1,1,1,1,2,2,2,1,1,3
2021-22,2022-01-07,0022100590,CLE,Lauri Markkanen,1628374,2004,1,,15,4,9,2,6,5,6,0,1,1,5,1,1,0,2
2021-22,2022-01-08,0022100592,CHA,LaMelo Ball,1630163,1581,1,,19,8,19,2,7,1,2,2,7,9,8,1,0,2,5
2021-22,2022-01-08,0022100593,ORL,Wendell Carter Jr.,1628976,0,0,DNP - Injury/Illness,0,0,0,0,0,0,0,0,0,0,0,0,0,0,0
2021-22,2022-01-08,0022100594,IND,Chris Duarte,1630537,1133,0,,9,2,6,1,3,4,6,0,3,3,0,1,1,0,3
2021-22,2022-01-09,0022100602,SAS,Joe Wieskamp,1630580,195,0,,3,1,2,1,2,0,0,0,0,0,0,0,0,0,1
2021-22,2022-01-09,0022100603,CHI,Alfonzo McKinnie,1628035,141,0,,2,1,2,0,1,0,0,0,0,0,0,0,0,0,0
2021-22,2022-01-09,0022100603,CHI,Ayo Dosunmu,1630245,1399,0,,6,2,4,2,3,0,0,0,1,1,2,0,0,0,2
2021-22,2022-01-09,0022100603,CHI,Coby White,1629632,1642,0,,13,5,9,1,4,2,3,0,4,4,2,0,0,0,0
2021-22,2022-01-09,0022100603,CHI,DeMar DeRozan,201942,2007,1,,20,9,16,0,1,2,4,0,4,4,8,0,1,1,3
2021-22,2022-01-09,0022100603,CHI,Derrick Jones Jr.,1627884,1429,1,,9,3,7,1,4,2,2,3,5,8,0,1,0,0,2
2021-22,2022-01-09,0022100603,CHI,Devon Dotson,1629653,141,0,,2,1,1,0,0,0,0,0,1,1,0,0,0,1,0
2021-22,2022-01-09,0022100603,CHI,Lonzo Ball,1628366,1937,1,,9,3,7,3,6,0,0,1,5,6,5,3,0,1,4
2021-22,2022-01-09,0022100603,CHI,Mac McClung,1630644,0,0,DNP - Coach's Decision,0,0,0,0,0,0,0,0,0,0,0,0,0,0,0
2021-22,2022-01-09,0022100603,CHI,Marko Simonovic,1630250,0,0,DNP - Coach's Decision,0,0,0,0,0,0,0,0,0,0,0,0,0,0,0
2021-22,2022-01-09,0022100603,CHI,Matt Thomas,1629744,141,0,,0,0,1,0,0,0,0,0,0,0,2,0,0,0,0
2021-22,2022-01-09,0022100603,CHI,Nikola Vucevic,202696,2056,1,,13,6,17,1,5,0,0,3,3,6,2,1,1,0,0
2021-22,2022-01-09,0022100603,CHI,Tony Bradley,1628396,635,0,,2,1,2,0,0,0,0,0,5,5,0,0,1,0,1
2021-22,2022-01-09,0022100603,CHI,Troy Brown Jr.,1628972,800,0,,3,1,3,1,2,0,0,1,1,2,0,1,0,0,0
2021-22,2022-01-09,0022100603,CHI,Zach LaVine,203897,2072,1,,20,7,21,2,7,4,4,0,2,2,2,2,0,4,3
2021-22,2022-01-09,0022100604,CLE,Lauri Markkanen,1628374,1746,1,,9,2,6,1,3,4,4,1,5,6,2,1,0,0,1
2021-22,2022-01-09,0022100606,LAL,Stanley Johnson,1626169,793,1,,2,1,4,0,1,0,0,1,2,3,0,1,0,0,3
2021-22,2022-01-10,0022100607,CHA,LaMelo Ball,1630163,2121,1,,23,8,19,4,12,3,3,3,2,5,3,0,0,4,0
2021-22,2022-01-10,0022100608,UTA,Denzel Valentine,1627756,0,0,DNP - Coach's Decision,0,0,0,0,0,0,0,0,0,0,0,0,0,0,0
2021-22,2022-01-10,0022100610,SAS,Joe Wieskamp,1630580,696,0,,7,2,2,2,2,1,2,0,1,1,0,0,0,0,1
2021-22,2022-01-10,0022100611,CLE,Lauri Markkanen,1628374,1971,1,,15,6,14,3,8,0,0,1,4,5,1,0,1,0,2
2021-22,2022-01-11,0022100415,CHI,Alfonzo McKinnie,1628035,727,0,,10,4,5,2,2,0,0,1,1,2,0,1,0,1,1
2021-22,2022-01-11,0022100415,CHI,Ayo Dosunmu,1630245,1630,0,,10,4,9,1,4,1,1,0,1,1,0,0,1,1,2
2021-22,2022-01-11,0022100415,CHI,Coby White,1629632,1382,0,,13,4,8,1,3,4,4,0,1,1,3,0,0,3,3
2021-22,2022-01-11,0022100415,CHI,DeMar DeRozan,201942,1595,1,,20,8,13,0,0,4,5,2,10,12,7,0,0,3,1
2021-22,2022-01-11,0022100415,CHI,Derrick Jones Jr.,1627884,801,1,,6,2,3,2,2,0,0,0,2,2,0,0,0,0,4
2021-22,2022-01-11,0022100415,CHI,Devon Dotson,1629653,366,0,,2,1,3,0,1,0,0,0,1,1,2,0,0,2,0
2021-22,2022-01-11,0022100415,CHI,Lonzo Ball,1628366,1636,1,,18,6,9,4,7,2,3,1,5,6,5,3,1,1,3
2021-22,2022-01-11,0022100415,CHI,Marko Simonovic,1630250,366,0,,0,0,0,0,0,0,0,1,2,3,0,0,1,0,4
2021-22,2022-01-11,0022100415,CHI,Matt Thomas,1629744,440,0,,10,3,4,3,4,1,2,0,2,2,0,0,0,1,0
2021-22,2022-01-11,0022100415,CHI,Nikola Vucevic,202696,1628,1,,22,10,18,2,4,0,0,3,5,8,4,2,0,2,2
2021-22,2022-01-11,0022100415,CHI,Tony Bradley,1628396,612,0,,5,2,3,0,0,1,2,4,3,7,0,0,1,1,2
2021-22,2022-01-11,0022100415,CHI,Troy Brown Jr.,1628972,1472,0,,7,3,7,1,2,0,0,2,5,7,5,6,0,1,0
2021-22,2022-01-11,0022100415,CHI,Zach LaVine,203897,1745,1,,10,3,10,2,5,2,2,0,9,9,7,1,0,1,1
2021-22,2022-01-11,0022100615,NOP,Tomas Satoransky,203107,0,0,DNP - Coach's Decision,0,0,0,0,0,0,0,0,0,0,0,0,0,0,0
2021-22,2022-01-12,0022100619,CHA,LaMelo Ball,1630163,2141,1,,13,5,16,0,8,3,3,0,7,7,8,1,0,1,0
2021-22,2022-01-12,0022100620,ORL,Wendell Carter Jr.,1628976,0,0,DNP - Injury/Illness,0,0,0,0,0,0,0,0,0,0,0,0,0,0,0
2021-22,2022-01-12,0022100623,SAS,Joe Wieskamp,1630580,0,0,DNP - Coach's Decision,0,0,0,0,0,0,0,0,0,0,0,0,0,0,0
2021-22,2022-01-12,0022100623,SAS,Thaddeus Young,201152,0,0,DNP - Coach's Decision,0,0,0,0,0,0,0,0,0,0,0,0,0,0,0
2021-22,2022-01-12,0022100624,UTA,Denzel Valentine,1627756,1009,0,,5,2,4,1,3,0,0,0,3,3,0,1,0,2,3
2021-22,2022-01-12,0022100624,CLE,Lauri Markkanen,1628374,2108,1,,20,8,11,4,5,0,0,3,3,6,1,0,1,0,2
2021-22,2022-01-12,0022100625,CHI,Alfonzo McKinnie,1628035,1177,0,,5,2,10,1,5,0,0,4,1,5,0,0,0,3,5
2021-22,2022-01-12,0022100625,CHI,Ayo Dosunmu,1630245,1401,0,,5,1,3,0,2,3,4,0,1,1,1,0,1,2,3
2021-22,2022-01-12,0022100625,CHI,Coby White,1629632,1504,0,,16,6,10,4,8,0,0,0,2,2,0,2,0,1,3
2021-22,2022-01-12,0022100625,CHI,DeMar DeRozan,201942,1928,1,,19,7,16,0,0,5,7,2,2,4,1,1,0,2,1
2021-22,2022-01-12,0022100625,CHI,Derrick Jones Jr.,1627884,36,1,,0,0,0,0,0,0,0,0,0,0,0,0,0,1,0
2021-22,2022-01-12,0022100625,CHI,Devon Dotson,1629653,240,0,,0,0,0,0,0,0,0,0,1,1,3,0,0,0,0
2021-22,2022-01-12,0022100625,CHI,Lonzo Ball,1628366,1893,1,,9,3,6,2,4,1,2,2,5,7,7,1,1,1,2
2021-22,2022-01-12,0022100625,CHI,Marko Simonovic,1630250,167,0,,4,1,2,0,0,2,2,0,0,0,0,0,0,0,0
2021-22,2022-01-12,0022100625,CHI,Matt Thomas,1629744,432,0,,8,2,4,0,2,4,6,0,0,0,0,0,0,1,0
2021-22,2022-01-12,0022100625,CHI,Nikola Vucevic,202696,1852,1,,14,5,13,0,3,4,4,2,3,5,3,0,1,1,1
2021-22,2022-01-12,0022100625,CHI,Tony Bradley,1628396,861,0,,2,0,1,0,0,2,2,0,5,5,0,0,2,0,0
2021-22,2022-01-12,0022100625,CHI,Troy Brown Jr.,1628972,937,0,,8,3,3,2,2,0,0,0,4,4,1,0,0,0,4
2021-22,2022-01-12,0022100625,CHI,Zach LaVine,203897,1972,1,,22,8,13,2,4,4,4,0,1,1,6,1,1,5,1
2021-22,2022-01-12,0022100626,LAL,Stanley Johnson,1626169,699,0,,8,3,5,2,3,0,0,0,0,0,1,0,0,1,1
2021-22,2022-01-13,0022100629,NOP,Tomas Satoransky,203107,0,0,DNP - Coach's Decision,0,0,0,0,0,0,0,0,0,0,0,0,0,0,0
2021-22,2022-01-14,0022100632,CHA,LaMelo Ball,1630163,1816,1,,23,8,18,3,7,4,4,2,2,4,8,3,0,3,5
2021-22,2022-01-14,0022100634,IND,Chris Duarte,1630537,1518,0,,7,2,9,0,5,3,6,1,2,3,1,2,0,2,1
2021-22,2022-01-14,0022100637,CHI,Alfonzo McKinnie,1628035,1165,0,,7,3,7,0,2,1,2,1,2,3,0,0,1,0,2
2021-22,2022-01-14,0022100637,CHI,Ayo Dosunmu,1630245,1908,0,,0,0,5,0,1,0,2,1,1,2,0,0,0,0,4
2021-22,2022-01-14,0022100637,CHI,Coby White,1629632,1718,0,,20,9,17,2,9,0,0,0,1,1,1,1,0,2,2
2021-22,2022-01-14,0022100637,CHI,DeMar DeRozan,201942,1743,1,,17,5,10,0,0,7,7,0,2,2,7,1,0,1,1
2021-22,2022-01-14,0022100637,CHI,Devon Dotson,1629653,456,0,,2,1,4,0,2,0,1,0,0,0,2,0,0,0,2
2021-22,2022-01-14,0022100637,CHI,Lonzo Ball,1628366,1416,1,,15,5,12,4,10,1,1,1,1,2,3,0,0,5,3
2021-22,2022-01-14,0022100637,CHI,Marko Simonovic,1630250,393,0,,8,3,5,1,2,1,3,2,2,4,0,1,0,0,1
2021-22,2022-01-14,0022100637,CHI,Matt Thomas,1629744,1103,0,,6,2,7,2,6,0,0,0,3,3,3,1,0,1,0
2021-22,2022-01-14,0022100637,CHI,Nikola Vucevic,202696,1784,1,,19,9,13,1,4,0,0,2,12,14,5,0,3,2,1
2021-22,2022-01-14,0022100637,CHI,Tony Bradley,1628396,872,0,,2,0,4,0,0,2,2,2,1,3,2,0,1,1,0
2021-22,2022-01-14,0022100637,CHI,Troy Brown Jr.,1628972,1630,1,,0,0,3,0,2,0,0,0,1,1,3,0,0,1,2
2021-22,2022-01-14,0022100637,CHI,Zach LaVine,203897,212,1,,0,0,0,0,0,0,0,1,0,1,0,0,0,1,1
2021-22,2022-01-14,0022100638,CLE,Lauri Markkanen,1628374,2012,1,,8,4,5,0,1,0,0,1,5,6,0,1,1,1,2
2021-22,2022-01-14,0022100638,SAS,Thaddeus Young,201152,0,0,DNP - Coach's Decision,0,0,0,0,0,0,0,0,0,0,0,0,0,0,0
2021-22,2022-01-15,0022100644,NOP,Tomas Satoransky,203107,0,0,DNP - Coach's Decision,0,0,0,0,0,0,0,0,0,0,0,0,0,0,0
2021-22,2022-01-15,0022100646,CLE,Lauri Markkanen,1628374,1911,1,,12,4,10,2,6,2,2,0,5,5,1,4,0,0,2
2021-22,2022-01-15,0022100647,CHI,Alfonzo McKinnie,1628035,1631,1,,4,2,6,0,1,0,2,1,2,3,1,0,0,0,4
2021-22,2022-01-15,0022100647,CHI,Ayo Dosunmu,1630245,2373,1,,21,9,10,3,3,0,0,1,3,4,10,0,0,1,2
2021-22,2022-01-15,0022100647,CHI,Coby White,1629632,2369,1,,19,7,16,5,10,0,0,0,3,3,5,0,1,0,4
2021-22,2022-01-15,0022100647,CHI,DeMar DeRozan,201942,2232,1,,23,7,20,0,0,9,9,1,7,8,7,0,1,2,1
2021-22,2022-01-15,0022100647,CHI,Devon Dotson,1629653,0,0,DNP - Coach's Decision,0,0,0,0,0,0,0,0,0,0,0,0,0,0,0
2021-22,2022-01-15,0022100647,CHI,Malcolm Hill,1630792,1084,0,,5,1,5,1,3,2,3,0,1,1,1,0,0,0,2
2021-22,2022-01-15,0022100647,CHI,Marko Simonovic,1630250,0,0,DNP - Coach's Decision,0,0,0,0,0,0,0,0,0,0,0,0,0,0,0
2021-22,2022-01-15,0022100647,CHI,Matt Thomas,1629744,1047,0,,5,2,5,1,4,0,0,1,1,2,0,0,0,0,2
2021-22,2022-01-15,0022100647,CHI,Nikola Vucevic,202696,2127,1,,27,12,20,2,7,1,1,1,5,6,6,2,1,1,1
2021-22,2022-01-15,0022100647,CHI,Tony Bradley,1628396,753,0,,6,3,3,0,0,0,0,0,2,2,0,0,0,0,1
2021-22,2022-01-15,0022100647,CHI,Troy Brown Jr.,1628972,784,0,,2,1,2,0,1,0,0,2,1,3,1,1,0,2,2
2021-22,2022-01-15,0022100648,SAS,Thaddeus Young,201152,0,0,DNP - Coach's Decision,0,0,0,0,0,0,0,0,0,0,0,0,0,0,0
2021-22,2022-01-15,0022100649,LAL,Stanley Johnson,1626169,793,0,,2,1,2,0,1,0,0,0,2,2,0,0,0,0,2
2021-22,2022-01-16,0022100653,UTA,Denzel Valentine,1627756,98,0,,0,0,0,0,0,0,0,0,1,1,0,0,0,0,0
2021-22,2022-01-17,0022100654,NOP,Tomas Satoransky,203107,0,0,DNP - Coach's Decision,0,0,0,0,0,0,0,0,0,0,0,0,0,0,0
2021-22,2022-01-17,0022100655,CHA,LaMelo Ball,1630163,0,0,DNP - Coach's Decision,0,0,0,0,0,0,0,0,0,0,0,0,0,0,0
2021-22,2022-01-17,0022100657,CLE,Lauri Markkanen,1628374,1786,1,,14,5,12,4,9,0,0,0,6,6,1,1,0,3,2
2021-22,2022-01-17,0022100658,CHI,Alfonzo McKinnie,1628035,926,1,,2,1,4,0,2,0,0,2,1,3,0,0,0,0,0
2021-22,2022-01-17,0022100658,CHI,Ayo Dosunmu,1630245,2299,1,,15,7,12,1,3,0,0,0,10,10,6,4,2,4,2
2021-22,2022-01-17,0022100658,CHI,Coby White,1629632,1900,1,,16,6,14,4,7,0,0,0,6,6,5,0,0,2,2
2021-22,2022-01-17,0022100658,CHI,DeMar DeRozan,201942,1952,1,,24,10,24,0,1,4,4,0,0,0,5,0,0,4,2
2021-22,2022-01-17,0022100658,CHI,Lonzo Ball,1628366,0,0,NWT - Injury/Illness,0,0,0,0,0,0,0,0,0,0,0,0,0,0,0
2021-22,2022-01-17,0022100658,CHI,Malcolm Hill,1630792,1775,0,,12,4,6,2,4,2,3,4,4,8,1,0,0,1,5
2021-22,2022-01-17,0022100658,CHI,Marko Simonovic,1630250,210,0,,0,0,1,0,0,0,0,0,0,0,0,0,0,0,0
2021-22,2022-01-17,0022100658,CHI,Matt Thomas,1629744,1409,0,,13,5,7,3,4,0,0,0,1,1,2,2,0,2,0
2021-22,2022-01-17,0022100658,CHI,Nikola Vucevic,202696,1815,1,,7,2,13,1,5,2,2,2,8,10,3,2,2,2,1
2021-22,2022-01-17,0022100658,CHI,Tony Bradley,1628396,855,0,,3,1,3,0,0,1,2,0,0,0,2,2,2,1,3
2021-22,2022-01-17,0022100658,CHI,Troy Brown Jr.,1628972,1259,0,,14,4,8,2,5,4,4,1,4,5,0,0,1,2,0
2021-22,2022-01-17,0022100659,IND,Chris Duarte,1630537,2057,0,,24,10,14,2,5,2,2,2,5,7,6,3,0,2,4
2021-22,2022-01-17,0022100664,SAS,Joe Wieskamp,1630580,169,0,,0,0,0,0,0,0,0,0,0,0,0,0,0,0,0
2021-22,2022-01-17,0022100664,SAS,Thaddeus Young,201152,0,0,DNP - Coach's Decision,0,0,0,0,0,0,0,0,0,0,0,0,0,0,0
2021-22,2022-01-17,0022100665,UTA,Denzel Valentine,1627756,0,0,DNP - Coach's Decision,0,0,0,0,0,0,0,0,0,0,0,0,0,0,0
2021-22,2022-01-17,0022100665,LAL,Stanley Johnson,1626169,1472,0,,15,7,9,1,2,0,1,1,4,5,3,1,1,1,5
2021-22,2022-01-19,0022100671,CHA,LaMelo Ball,1630163,1943,1,,15,5,15,3,6,2,2,4,6,10,10,0,1,8,2
2021-22,2022-01-19,0022100673,CHI,Alex Caruso,1627936,1375,0,,9,2,8,1,4,4,4,0,3,3,2,0,1,1,0
2021-22,2022-01-19,0022100673,CHI,Alfonzo McKinnie,1628035,311,1,,2,1,2,0,0,0,0,0,0,0,0,0,0,0,0
2021-22,2022-01-19,0022100673,CHI,Ayo Dosunmu,1630245,2315,1,,18,7,8,3,4,1,2,0,3,3,8,2,0,1,4
2021-22,2022-01-19,0022100673,CHI,Coby White,1629632,2270,1,,16,5,11,1,2,5,5,0,4,4,3,4,0,1,0
2021-22,2022-01-19,0022100673,CHI,DeMar DeRozan,201942,2172,1,,30,14,24,0,0,2,5,0,2,2,7,1,2,4,4
2021-22,2022-01-19,0022100673,CLE,Lauri Markkanen,1628374,1953,1,,28,9,14,5,9,5,6,1,6,7,0,1,1,0,2
2021-22,2022-01-19,0022100673,CHI,Malcolm Hill,1630792,93,0,,0,0,0,0,0,0,0,0,0,0,0,0,0,0,1
2021-22,2022-01-19,0022100673,CHI,Matt Thomas,1629744,1416,0,,8,3,4,2,2,0,0,0,1,1,2,0,0,0,1
2021-22,2022-01-19,0022100673,CHI,Nikola Vucevic,202696,2221,1,,24,11,21,2,6,0,0,3,9,12,3,0,1,2,4
2021-22,2022-01-19,0022100673,CHI,Tony Bradley,1628396,659,0,,4,2,2,0,0,0,0,2,4,6,0,0,0,0,3
2021-22,2022-01-19,0022100673,CHI,Troy Brown Jr.,1628972,1568,0,,6,2,6,1,4,1,2,2,4,6,0,0,0,0,1
2021-22,2022-01-19,0022100673,CHI,Tyler Cook,1629076,0,0,DNP - Coach's Decision,0,0,0,0,0,0,0,0,0,0,0,0,0,0,0
2021-22,2022-01-19,0022100676,SAS,Joe Wieskamp,1630580,525,0,,0,0,2,0,2,0,0,0,2,2,1,0,0,0,0
2021-22,2022-01-19,0022100676,SAS,Thaddeus Young,201152,639,0,,1,0,2,0,0,1,2,0,3,3,0,0,1,3,1
2021-22,2022-01-19,0022100680,IND,Chris Duarte,1630537,1936,0,,11,4,13,2,4,1,1,3,2,5,3,1,1,1,0
2021-22,2022-01-19,0022100680,LAL,Stanley Johnson,1626169,985,0,,4,1,3,0,1,2,2,1,1,2,2,0,0,0,2
2021-22,2022-01-20,0022100681,NOP,Tomas Satoransky,203107,0,0,DNP - Coach's Decision,0,0,0,0,0,0,0,0,0,0,0,0,0,0,0
2021-22,2022-01-20,0022100683,IND,Chris Duarte,1630537,2311,1,,27,10,16,2,3,5,5,2,5,7,3,3,0,0,3
2021-22,2022-01-21,0022100684,CHA,LaMelo Ball,1630163,1577,1,,10,4,12,2,6,0,0,4,5,9,8,0,1,1,3
2021-22,2022-01-21,0022100685,LAL,Stanley Johnson,1626169,1295,0,,11,3,5,3,4,2,4,1,4,5,2,1,1,2,0
2021-22,2022-01-21,0022100685,ORL,Wendell Carter Jr.,1628976,1166,0,,19,6,10,2,4,5,8,0,5,5,1,1,1,1,0
2021-22,2022-01-21,0022100690,CHI,Alex Caruso,1627936,1414,0,,7,3,11,1,6,0,2,0,8,8,4,1,1,0,2
2021-22,2022-01-21,0022100690,CHI,Alfonzo McKinnie,1628035,0,0,DNP - Coach's Decision,0,0,0,0,0,0,0,0,0,0,0,0,0,0,0
2021-22,2022-01-21,0022100690,CHI,Ayo Dosunmu,1630245,2364,1,,5,2,9,1,5,0,0,0,5,5,6,1,0,2,3
2021-22,2022-01-21,0022100690,CHI,Coby White,1629632,2219,1,,7,3,15,0,9,1,1,2,2,4,4,0,0,1,4
2021-22,2022-01-21,0022100690,CHI,DeMar DeRozan,201942,2308,1,,35,9,18,0,3,17,18,1,5,6,3,0,0,1,0
2021-22,2022-01-21,0022100690,CHI,Malcolm Hill,1630792,134,0,,0,0,1,0,1,0,0,0,0,0,0,0,0,0,0
2021-22,2022-01-21,0022100690,CHI,Matt Thomas,1629744,1154,0,,11,4,7,3,5,0,0,0,3,3,0,0,0,0,2
2021-22,2022-01-21,0022100690,CHI,Nikola Vucevic,202696,2111,1,,19,7,17,2,7,3,3,0,11,11,3,1,2,2,5
2021-22,2022-01-21,0022100690,CHI,Tony Bradley,1628396,0,0,DNP - Coach's Decision,0,0,0,0,0,0,0,0,0,0,0,0,0,0,0
2021-22,2022-01-21,0022100690,CHI,Troy Brown Jr.,1628972,1164,0,,2,1,4,0,2,0,0,2,3,5,1,0,0,1,0
2021-22,2022-01-21,0022100690,CHI,Tyler Cook,1629076,1532,1,,4,2,3,0,0,0,0,1,6,7,0,1,1,1,5
2021-22,2022-01-21,0022100691,SAS,Joe Wieskamp,1630580,0,0,DNP - Coach's Decision,0,0,0,0,0,0,0,0,0,0,0,0,0,0,0
2021-22,2022-01-21,0022100691,SAS,Thaddeus Young,201152,0,0,DNP - Coach's Decision,0,0,0,0,0,0,0,0,0,0,0,0,0,0,0
2021-22,2022-01-22,0022100695,CLE,Lauri Markkanen,1628374,780,1,,9,3,4,3,4,0,0,0,2,2,0,0,1,0,1
2021-22,2022-01-22,0022100697,IND,Chris Duarte,1630537,1832,1,,17,7,15,3,6,0,1,0,4,4,4,1,0,4,1
2021-22,2022-01-23,0022100700,LAL,Stanley Johnson,1626169,1351,0,,7,2,3,1,2,2,2,0,2,2,0,0,0,0,2
2021-22,2022-01-23,0022100701,CHI,Alex Caruso,1627936,0,0,NWT - Injury/Illness,0,0,0,0,0,0,0,0,0,0,0,0,0,0,0
2021-22,2022-01-23,0022100701,CHI,Alfonzo McKinnie,1628035,244,0,,0,0,0,0,0,0,0,0,1,1,1,0,0,0,1
2021-22,2022-01-23,0022100701,CHI,Ayo Dosunmu,1630245,2402,1,,7,2,6,0,1,3,3,1,4,5,0,0,1,3,2
2021-22,2022-01-23,0022100701,CHI,Coby White,1629632,2119,1,,22,8,18,1,7,5,7,1,3,4,0,1,1,3,3
2021-22,2022-01-23,0022100701,CHI,DeMar DeRozan,201942,2296,1,,41,15,21,0,0,11,13,2,3,5,3,2,0,3,3
2021-22,2022-01-23,0022100701,CHI,Malcolm Hill,1630792,479,0,,2,1,2,0,1,0,0,0,0,0,0,0,0,0,0
2021-22,2022-01-23,0022100701,CHI,Matt Thomas,1629744,1216,0,,5,1,1,1,1,2,2,0,2,2,0,0,0,1,0
2021-22,2022-01-23,0022100701,CHI,Nikola Vucevic,202696,1819,1,,13,4,19,2,8,3,4,3,10,13,3,0,0,5,6
2021-22,2022-01-23,0022100701,CHI,Tony Bradley,1628396,370,0,,0,0,1,0,0,0,0,0,1,1,1,0,1,3,2
2021-22,2022-01-23,0022100701,CHI,Troy Brown Jr.,1628972,1822,0,,3,1,5,1,3,0,0,1,3,4,2,0,0,2,2
2021-22,2022-01-23,0022100701,CHI,Tyler Cook,1629076,1634,1,,2,1,3,0,0,0,3,3,6,9,0,0,1,1,3
2021-22,2022-01-23,0022100701,ORL,Wendell Carter Jr.,1628976,1691,1,,19,8,12,2,3,1,4,0,7,7,1,0,3,3,3
2021-22,2022-01-23,0022100703,CHA,LaMelo Ball,1630163,2038,1,,19,6,17,0,8,7,7,1,5,6,4,0,1,4,4
2021-22,2022-01-23,0022100704,SAS,Thaddeus Young,201152,0,0,DNP - Coach's Decision,0,0,0,0,0,0,0,0,0,0,0,0,0,0,0
2021-22,2022-01-24,0022100712,IND,Chris Duarte,1630537,1607,1,,14,4,11,2,6,4,4,0,4,4,3,1,1,0,2
2021-22,2022-01-24,0022100712,NOP,Tomas Satoransky,203107,0,0,DNP - Coach's Decision,0,0,0,0,0,0,0,0,0,0,0,0,0,0,0
2021-22,2022-01-24,0022100730,CHI,Alfonzo McKinnie,1628035,650,0,,2,1,2,0,0,0,0,0,4,4,0,0,0,1,4
2021-22,2022-01-24,0022100730,CHI,Ayo Dosunmu,1630245,2082,1,,24,10,14,4,6,0,0,0,5,5,8,0,1,3,6
2021-22,2022-01-24,0022100730,CHI,Coby White,1629632,1872,0,,9,3,14,1,7,2,2,2,5,7,7,0,1,3,3
2021-22,2022-01-24,0022100730,CHI,Javonte Green,1629750,1474,1,,5,2,3,0,0,1,2,0,2,2,1,2,1,0,0
2021-22,2022-01-24,0022100730,CHI,Malcolm Hill,1630792,1033,0,,4,2,4,0,2,0,0,1,0,1,1,1,0,0,2
2021-22,2022-01-24,0022100730,CHI,Marko Simonovic,1630250,0,0,DNP - Coach's Decision,0,0,0,0,0,0,0,0,0,0,0,0,0,0,0
2021-22,2022-01-24,0022100730,CHI,Matt Thomas,1629744,430,0,,3,1,4,1,3,0,1,0,1,1,1,0,0,0,1
2021-22,2022-01-24,0022100730,CHI,Nikola Vucevic,202696,2320,1,,26,10,18,4,7,2,2,5,10,15,4,1,3,4,2
2021-22,2022-01-24,0022100730,CHI,Tony Bradley,1628396,90,0,,0,0,0,0,0,0,0,0,1,1,0,0,1,1,1
2021-22,2022-01-24,0022100730,CHI,Troy Brown Jr.,1628972,1878,1,,10,4,9,2,4,0,0,0,3,3,2,1,1,1,4
2021-22,2022-01-24,0022100730,CHI,Tyler Cook,1629076,471,0,,5,2,2,0,0,1,2,2,3,5,0,0,0,0,0
2021-22,2022-01-24,0022100730,CHI,Zach LaVine,203897,2101,1,,23,6,19,3,10,8,10,0,7,7,7,2,1,3,0
2021-22,2022-01-25,0022100454,NOP,Tomas Satoransky,203107,1140,0,,0,0,4,0,1,0,0,0,1,1,5,0,0,0,1
2021-22,2022-01-25,0022100715,CHA,LaMelo Ball,1630163,1927,1,,25,8,16,1,5,8,9,1,2,3,7,1,0,4,4
2021-22,2022-01-25,0022100718,LAL,Stanley Johnson,1626169,1730,1,,4,2,5,0,1,0,0,0,2,2,1,1,0,0,2
2021-22,2022-01-25,0022100719,SAS,Thaddeus Young,201152,720,0,,12,6,8,0,2,0,0,1,2,3,1,1,0,1,2
2021-22,2022-01-26,0022100472,CHI,Alfonzo McKinnie,1628035,0,0,DNP - Coach's Decision,0,0,0,0,0,0,0,0,0,0,0,0,0,0,0
2021-22,2022-01-26,0022100472,CHI,Ayo Dosunmu,1630245,2288,1,,7,3,10,0,4,1,2,0,2,2,4,1,0,0,2
2021-22,2022-01-26,0022100472,CHI,Coby White,1629632,1445,0,,9,4,10,1,4,0,0,0,1,1,1,0,1,1,2
2021-22,2022-01-26,0022100472,CHI,DeMar DeRozan,201942,2235,1,,29,11,19,1,4,6,7,3,4,7,7,0,0,4,4
2021-22,2022-01-26,0022100472,CHI,Javonte Green,1629750,1433,1,,12,6,9,0,2,0,1,3,3,6,1,0,0,0,4
2021-22,2022-01-26,0022100472,CHI,Malcolm Hill,1630792,0,0,DNP - Coach's Decision,0,0,0,0,0,0,0,0,0,0,0,0,0,0,0
2021-22,2022-01-26,0022100472,CHI,Matt Thomas,1629744,501,0,,3,1,3,1,2,0,0,0,1,1,1,0,0,0,0
2021-22,2022-01-26,0022100472,CHI,Nikola Vucevic,202696,2093,1,,17,8,11,1,2,0,0,1,14,15,8,0,0,4,5
2021-22,2022-01-26,0022100472,CHI,Tony Bradley,1628396,0,0,DNP - Coach's Decision,0,0,0,0,0,0,0,0,0,0,0,0,0,0,0
2021-22,2022-01-26,0022100472,CHI,Troy Brown Jr.,1628972,1346,0,,8,3,4,2,3,0,0,1,2,3,2,0,0,1,0
2021-22,2022-01-26,0022100472,CHI,Tyler Cook,1629076,784,0,,3,1,2,0,0,1,2,2,0,2,0,0,0,0,1
2021-22,2022-01-26,0022100472,CHI,Zach LaVine,203897,2275,1,,23,9,16,1,5,4,4,0,8,8,8,1,0,3,4
2021-22,2022-01-26,0022100723,IND,Chris Duarte,1630537,1339,1,,11,3,8,1,3,4,4,1,3,4,0,1,0,1,0
2021-22,2022-01-26,0022100723,CHA,LaMelo Ball,1630163,2281,1,,29,11,16,3,4,4,5,1,9,10,13,1,1,4,3
2021-22,2022-01-26,0022100724,ORL,Wendell Carter Jr.,1628976,1877,1,,11,4,10,0,2,3,5,1,8,9,2,0,0,3,6
2021-22,2022-01-26,0022100728,SAS,Joe Wieskamp,1630580,0,0,DNP - Coach's Decision,0,0,0,0,0,0,0,0,0,0,0,0,0,0,0
2021-22,2022-01-26,0022100728,SAS,Thaddeus Young,201152,0,0,DNP - Coach's Decision,0,0,0,0,0,0,0,0,0,0,0,0,0,0,0
2021-22,2022-01-27,0022100733,LAL,Stanley Johnson,1626169,1505,1,,2,1,6,0,3,0,0,1,6,7,2,1,3,1,2
2021-22,2022-01-28,0022100729,NOP,Tomas Satoransky,203107,0,0,DNP - Coach's Decision,0,0,0,0,0,0,0,0,0,0,0,0,0,0,0
2021-22,2022-01-28,0022100735,CHA,LaMelo Ball,1630163,2051,1,,20,7,18,2,8,4,6,1,6,7,2,1,1,1,3
2021-22,2022-01-28,0022100735,LAL,Stanley Johnson,1626169,1665,1,,4,2,7,0,2,0,0,2,3,5,2,0,0,0,3
2021-22,2022-01-28,0022100736,ORL,Wendell Carter Jr.,1628976,1730,1,,9,2,10,0,1,5,5,2,9,11,3,1,0,0,2
2021-22,2022-01-28,0022100741,IND,Chris Duarte,1630537,1838,1,,5,2,9,1,3,0,0,1,6,7,2,1,0,1,0
2021-22,2022-01-28,0022100742,CHI,Alfonzo McKinnie,1628035,0,0,DNP - Coach's Decision,0,0,0,0,0,0,0,0,0,0,0,0,0,0,0
2021-22,2022-01-28,0022100742,CHI,Ayo Dosunmu,1630245,2153,1,,10,3,9,0,3,4,4,0,6,6,3,2,0,0,3
2021-22,2022-01-28,0022100742,CHI,Coby White,1629632,1758,0,,18,7,9,4,6,0,0,0,2,2,1,0,0,0,2
2021-22,2022-01-28,0022100742,CHI,DeMar DeRozan,201942,2197,1,,32,13,22,1,1,5,5,0,6,6,8,0,0,1,1
2021-22,2022-01-28,0022100742,CHI,Javonte Green,1629750,1363,1,,8,3,5,0,2,2,2,1,1,2,2,1,1,0,3
2021-22,2022-01-28,0022100742,SAS,Joe Wieskamp,1630580,0,0,DNP - Coach's Decision,0,0,0,0,0,0,0,0,0,0,0,0,0,0,0
2021-22,2022-01-28,0022100742,CHI,Malcolm Hill,1630792,0,0,DNP - Coach's Decision,0,0,0,0,0,0,0,0,0,0,0,0,0,0,0
2021-22,2022-01-28,0022100742,CHI,Matt Thomas,1629744,582,0,,0,0,2,0,1,0,0,0,1,1,0,0,0,0,0
2021-22,2022-01-28,0022100742,CHI,Nikola Vucevic,202696,2195,1,,18,8,14,1,5,1,2,2,6,8,4,2,0,2,4
2021-22,2022-01-28,0022100742,SAS,Thaddeus Young,201152,0,0,DNP - Coach's Decision,0,0,0,0,0,0,0,0,0,0,0,0,0,0,0
2021-22,2022-01-28,0022100742,CHI,Tony Bradley,1628396,156,0,,0,0,0,0,0,0,0,0,0,0,0,0,0,0,0
2021-22,2022-01-28,0022100742,CHI,Troy Brown Jr.,1628972,1374,0,,4,2,4,0,2,0,0,1,6,7,0,0,0,0,1
2021-22,2022-01-28,0022100742,CHI,Tyler Cook,1629076,529,0,,2,0,0,0,0,2,4,0,1,1,0,0,0,1,1
2021-22,2022-01-28,0022100742,CHI,Zach LaVine,203897,2093,1,,30,10,23,2,10,8,9,0,4,4,4,0,1,2,1
2021-22,2022-01-29,0022100745,NOP,Tomas Satoransky,203107,0,0,DNP - Coach's Decision,0,0,0,0,0,0,0,0,0,0,0,0,0,0,0
2021-22,2022-01-29,0022100746,IND,Chris Duarte,1630537,1327,1,,12,5,11,0,3,2,2,1,2,3,2,0,0,2,3
2021-22,2022-01-30,0022100751,LAL,Stanley Johnson,1626169,1753,1,,10,4,6,2,3,0,1,2,1,3,2,0,0,0,2
2021-22,2022-01-30,0022100752,CHA,LaMelo Ball,1630163,2274,1,,23,8,19,1,6,6,6,0,5,5,10,2,0,0,3
2021-22,2022-01-30,0022100753,CHI,Alfonzo McKinnie,1628035,70,0,,0,0,1,0,0,0,0,0,1,1,0,0,0,0,0
2021-22,2022-01-30,0022100753,CHI,Ayo Dosunmu,1630245,2018,1,,7,2,3,1,1,2,2,0,6,6,11,2,0,3,2
2021-22,2022-01-30,0022100753,CHI,Coby White,1629632,1849,0,,18,5,12,3,7,5,5,1,2,3,6,0,0,1,1
2021-22,2022-01-30,0022100753,CHI,DeMar DeRozan,201942,2059,1,,23,9,13,1,1,4,4,0,4,4,10,2,0,1,0
2021-22,2022-01-30,0022100753,CHI,Javonte Green,1629750,1413,1,,16,6,9,2,5,2,2,1,2,3,1,1,1,0,3
2021-22,2022-01-30,0022100753,CHI,Malcolm Hill,1630792,70,0,,0,0,1,0,1,0,0,0,0,0,0,0,0,0,0
2021-22,2022-01-30,0022100753,CHI,Matt Thomas,1629744,1016,0,,9,4,8,1,4,0,0,1,1,2,0,0,0,0,2
2021-22,2022-01-30,0022100753,CHI,Nikola Vucevic,202696,1921,1,,24,11,15,1,2,1,1,1,13,14,3,1,1,1,2
2021-22,2022-01-30,0022100753,CHI,Tony Bradley,1628396,959,0,,10,5,7,0,0,0,0,3,3,6,0,2,0,0,0
2021-22,2022-01-30,0022100753,CHI,Troy Brown Jr.,1628972,1061,0,,3,1,3,1,2,0,0,1,2,3,1,1,0,1,4
2021-22,2022-01-30,0022100753,CHI,Tyler Cook,1629076,0,0,DNP - Coach's Decision,0,0,0,0,0,0,0,0,0,0,0,0,0,0,0
2021-22,2022-01-30,0022100753,CHI,Zach LaVine,203897,1964,1,,20,7,18,3,9,3,4,0,2,2,4,1,1,0,2
2021-22,2022-01-30,0022100755,ORL,Wendell Carter Jr.,1628976,1989,1,,14,5,10,2,3,2,4,3,11,14,1,1,0,1,2
2021-22,2022-01-30,0022100758,SAS,Joe Wieskamp,1630580,0,0,DNP - Coach's Decision,0,0,0,0,0,0,0,0,0,0,0,0,0,0,0
2021-22,2022-01-30,0022100758,SAS,Thaddeus Young,201152,0,0,DNP - Coach's Decision,0,0,0,0,0,0,0,0,0,0,0,0,0,0,0
2021-22,2022-01-31,0022100759,NOP,Tomas Satoransky,203107,0,0,DNP - Coach's Decision,0,0,0,0,0,0,0,0,0,0,0,0,0,0,0
2021-22,2022-01-31,0022100760,IND,Chris Duarte,1630537,1780,1,,8,3,11,0,1,2,2,1,4,5,2,2,1,1,0
2021-22,2022-02-01,0022100766,NOP,Tomas Satoransky,203107,0,0,DNP - Coach's Decision,0,0,0,0,0,0,0,0,0,0,0,0,0,0,0
2021-22,2022-02-01,0022100769,CHI,Alfonzo McKinnie,1628035,0,0,DNP - Coach's Decision,0,0,0,0,0,0,0,0,0,0,0,0,0,0,0
2021-22,2022-02-01,0022100769,CHI,Ayo Dosunmu,1630245,2161,1,,13,4,7,3,5,2,2,0,1,1,9,1,0,1,3
2021-22,2022-02-01,0022100769,CHI,Coby White,1629632,1731,0,,9,4,12,1,5,0,0,1,2,3,5,0,0,1,1
2021-22,2022-02-01,0022100769,CHI,DeMar DeRozan,201942,2243,1,,29,12,20,2,3,3,4,4,6,10,5,2,1,1,1
2021-22,2022-02-01,0022100769,CHI,Javonte Green,1629750,1558,1,,11,3,8,0,3,5,7,3,4,7,0,2,1,1,1
2021-22,2022-02-01,0022100769,CHI,Malcolm Hill,1630792,0,0,DNP - Coach's Decision,0,0,0,0,0,0,0,0,0,0,0,0,0,0,0
2021-22,2022-02-01,0022100769,CHI,Matt Thomas,1629744,742,0,,3,1,1,1,1,0,0,0,1,1,0,0,0,0,1
2021-22,2022-02-01,0022100769,CHI,Nikola Vucevic,202696,2126,1,,18,8,17,0,5,2,2,1,12,13,2,0,3,1,3
2021-22,2022-02-01,0022100769,CHI,Tony Bradley,1628396,246,0,,2,1,1,0,0,0,0,1,0,1,1,0,0,1,2
2021-22,2022-02-01,0022100769,CHI,Troy Brown Jr.,1628972,946,0,,9,3,4,2,3,1,2,0,3,3,0,0,0,0,2
2021-22,2022-02-01,0022100769,CHI,Tyler Cook,1629076,508,0,,6,2,3,0,0,2,4,1,4,5,0,0,1,0,0
2021-22,2022-02-01,0022100769,ORL,Wendell Carter Jr.,1628976,2053,1,,24,11,15,1,5,1,1,1,7,8,6,0,0,3,4
2021-22,2022-02-01,0022100769,CHI,Zach LaVine,203897,2139,1,,26,8,17,2,5,8,8,0,5,5,3,0,0,3,1
2021-22,2022-02-01,0022100771,SAS,Thaddeus Young,201152,0,0,DNP - Coach's Decision,0,0,0,0,0,0,0,0,0,0,0,0,0,0,0
2021-22,2022-02-02,0022100773,IND,Chris Duarte,1630537,1902,1,,11,3,11,2,2,3,3,0,7,7,1,0,0,1,3
2021-22,2022-02-02,0022100773,ORL,Wendell Carter Jr.,1628976,2022,1,,19,7,13,0,2,5,5,3,15,18,2,1,1,3,3
2021-22,2022-02-02,0022100775,CHA,LaMelo Ball,1630163,2338,1,,38,12,24,4,10,10,13,2,4,6,9,2,0,3,2
2021-22,2022-02-02,0022100781,LAL,Stanley Johnson,1626169,1036,1,,3,1,4,0,1,1,2,0,1,1,0,1,0,1,2
2021-22,2022-02-03,0022100430,CHI,Alfonzo McKinnie,1628035,0,0,DNP - Coach's Decision,0,0,0,0,0,0,0,0,0,0,0,0,0,0,0
2021-22,2022-02-03,0022100430,CHI,Ayo Dosunmu,1630245,2538,1,,11,5,12,1,5,0,0,0,4,4,8,0,1,3,4
2021-22,2022-02-03,0022100430,CHI,Coby White,1629632,1373,0,,16,6,15,4,8,0,0,0,1,1,2,0,0,2,3
2021-22,2022-02-03,0022100430,CHI,DeMar DeRozan,201942,2676,1,,28,7,17,0,1,14,14,0,6,6,7,2,0,4,1
2021-22,2022-02-03,0022100430,CHI,Javonte Green,1629750,1991,1,,13,3,7,0,1,7,8,1,5,6,2,3,1,1,1
2021-22,2022-02-03,0022100430,CHI,Malcolm Hill,1630792,0,0,DNP - Coach's Decision,0,0,0,0,0,0,0,0,0,0,0,0,0,0,0
2021-22,2022-02-03,0022100430,CHI,Matt Thomas,1629744,642,0,,0,0,0,0,0,0,0,0,3,3,0,0,1,0,0
2021-22,2022-02-03,0022100430,CHI,Nikola Vucevic,202696,2340,1,,30,13,21,4,6,0,0,4,14,18,4,1,1,3,3
2021-22,2022-02-03,0022100430,CHI,Tony Bradley,1628396,643,0,,0,0,0,0,0,0,0,2,1,3,0,0,2,2,1
2021-22,2022-02-03,0022100430,CHI,Troy Brown Jr.,1628972,972,0,,5,2,6,1,4,0,0,2,2,4,0,0,0,0,1
2021-22,2022-02-03,0022100430,CHI,Tyler Cook,1629076,197,0,,2,1,2,0,0,0,0,1,0,1,0,0,0,0,0
2021-22,2022-02-03,0022100430,CHI,Zach LaVine,203897,2528,1,,15,6,10,2,4,1,2,0,5,5,7,2,1,2,5
2021-22,2022-02-03,0022100521,SAS,Joe Wieskamp,1630580,655,0,,5,2,4,1,1,0,0,0,0,0,0,0,0,1,0
2021-22,2022-02-03,0022100521,SAS,Thaddeus Young,201152,1463,1,,7,3,4,0,0,1,2,5,3,8,3,2,0,3,2
2021-22,2022-02-03,0022100786,LAL,Stanley Johnson,1626169,1356,1,,2,1,3,0,1,0,0,0,3,3,0,2,1,1,2
2021-22,2022-02-04,0022100787,CHA,LaMelo Ball,1630163,1910,1,,15,5,14,2,3,3,3,1,5,6,3,0,0,6,5
2021-22,2022-02-04,0022100789,CHI,Alfonzo McKinnie,1628035,0,0,DNP - Coach's Decision,0,0,0,0,0,0,0,0,0,0,0,0,0,0,0
2021-22,2022-02-04,0022100789,CHI,Ayo Dosunmu,1630245,2234,1,,15,6,9,2,3,1,2,0,0,0,14,2,0,2,3
2021-22,2022-02-04,0022100789,IND,Chris Duarte,1630537,1416,1,,12,5,11,2,3,0,0,0,2,2,3,0,0,1,2
2021-22,2022-02-04,0022100789,CHI,Coby White,1629632,0,0,DNP - Injury/Illness,0,0,0,0,0,0,0,0,0,0,0,0,0,0,0
2021-22,2022-02-04,0022100789,CHI,DeMar DeRozan,201942,2316,1,,31,11,26,0,4,9,9,1,4,5,7,1,1,6,4
2021-22,2022-02-04,0022100789,CHI,Javonte Green,1629750,2098,1,,16,7,10,0,2,2,2,1,2,3,2,1,2,0,3
2021-22,2022-02-04,0022100789,CHI,Malcolm Hill,1630792,1132,0,,5,2,6,1,5,0,0,2,2,4,0,0,0,0,2
2021-22,2022-02-04,0022100789,CHI,Matt Thomas,1629744,1622,0,,10,3,9,2,8,2,2,0,2,2,1,0,0,0,1
2021-22,2022-02-04,0022100789,CHI,Nikola Vucevic,202696,2213,1,,36,16,21,1,2,3,7,3,14,17,4,0,3,1,2
2021-22,2022-02-04,0022100789,CHI,Tony Bradley,1628396,479,0,,0,0,0,0,0,0,0,3,3,6,1,0,0,0,1
2021-22,2022-02-04,0022100789,CHI,Troy Brown Jr.,1628972,2118,1,,9,4,8,0,2,1,1,0,6,6,1,1,0,0,1
2021-22,2022-02-04,0022100789,CHI,Tyler Cook,1629076,188,0,,0,0,1,0,0,0,0,0,0,0,0,0,0,0,0
2021-22,2022-02-04,0022100792,SAS,Thaddeus Young,201152,0,0,DNP - Coach's Decision,0,0,0,0,0,0,0,0,0,0,0,0,0,0,0
2021-22,2022-02-04,0022100794,NOP,Tomas Satoransky,203107,0,0,DNP - Coach's Decision,0,0,0,0,0,0,0,0,0,0,0,0,0,0,0
2021-22,2022-02-05,0022100796,ORL,Wendell Carter Jr.,1628976,1406,1,,12,4,10,0,5,4,6,2,8,10,2,0,0,2,4
2021-22,2022-02-05,0022100797,CHA,LaMelo Ball,1630163,1290,1,,12,5,11,2,6,0,0,0,6,6,3,0,0,1,3
2021-22,2022-02-05,0022100799,LAL,Stanley Johnson,1626169,1331,1,,9,4,7,1,2,0,0,1,4,5,2,1,0,1,4
2021-22,2022-02-06,0022100802,CHI,Alfonzo McKinnie,1628035,203,0,,0,0,1,0,1,0,0,0,1,1,0,0,0,0,1
2021-22,2022-02-06,0022100802,CHI,Ayo Dosunmu,1630245,2252,1,,8,3,8,1,3,1,1,0,2,2,7,1,0,1,3
2021-22,2022-02-06,0022100802,CHI,Coby White,1629632,0,0,DND - Injury/Illness,0,0,0,0,0,0,0,0,0,0,0,0,0,0,0
2021-22,2022-02-06,0022100802,CHI,DeMar DeRozan,201942,2460,1,,45,18,30,0,2,9,11,1,8,9,7,1,0,3,3
2021-22,2022-02-06,0022100802,CHI,Javonte Green,1629750,1903,1,,17,5,6,1,1,6,6,2,0,2,1,1,2,1,3
2021-22,2022-02-06,0022100802,CHI,Malcolm Hill,1630792,1307,0,,5,1,3,1,2,2,2,1,2,3,0,0,1,0,1
2021-22,2022-02-06,0022100802,CHI,Matt Thomas,1629744,2064,0,,5,2,10,1,7,0,0,0,6,6,1,0,0,0,0
2021-22,2022-02-06,0022100802,CHI,Nikola Vucevic,202696,2132,1,,23,8,18,2,7,5,6,2,5,7,5,0,0,3,5
2021-22,2022-02-06,0022100802,CHI,Tony Bradley,1628396,748,0,,0,0,0,0,0,0,0,0,3,3,0,0,1,0,2
2021-22,2022-02-06,0022100802,CHI,Troy Brown Jr.,1628972,1331,1,,5,2,5,1,3,0,0,0,5,5,0,0,0,0,1
2021-22,2022-02-06,0022100802,CHI,Tyler Cook,1629076,0,0,DNP - Coach's Decision,0,0,0,0,0,0,0,0,0,0,0,0,0,0,0
2021-22,2022-02-06,0022100805,IND,Chris Duarte,1630537,2144,1,,22,7,12,2,5,6,6,0,5,5,2,1,1,2,2
2021-22,2022-02-06,0022100806,ORL,Wendell Carter Jr.,1628976,1681,1,,14,6,8,0,0,2,3,3,5,8,2,0,1,3,0
2021-22,2022-02-06,0022100808,NOP,Tomas Satoransky,203107,0,0,DNP - Coach's Decision,0,0,0,0,0,0,0,0,0,0,0,0,0,0,0
2021-22,2022-02-07,0022100810,CHA,LaMelo Ball,1630163,2645,1,,15,5,19,1,6,4,5,3,1,4,9,4,0,7,5
2021-22,2022-02-07,0022100812,CHI,Alfonzo McKinnie,1628035,101,0,,1,0,0,0,0,1,2,0,1,1,0,0,0,0,0
2021-22,2022-02-07,0022100812,CHI,Ayo Dosunmu,1630245,1968,1,,2,1,7,0,4,0,0,0,2,2,0,0,0,0,4
2021-22,2022-02-07,0022100812,CHI,Coby White,1629632,1537,0,,13,3,7,2,5,5,5,0,1,1,1,0,0,1,3
2021-22,2022-02-07,0022100812,CHI,DeMar DeRozan,201942,2136,1,,38,16,27,0,1,6,8,2,3,5,4,2,0,3,2
2021-22,2022-02-07,0022100812,CHI,Javonte Green,1629750,1427,1,,4,1,5,0,2,2,2,4,4,8,3,0,1,0,2
2021-22,2022-02-07,0022100812,CHI,Malcolm Hill,1630792,101,0,,8,3,3,2,2,0,0,0,2,2,0,0,0,0,0
2021-22,2022-02-07,0022100812,CHI,Matt Thomas,1629744,720,0,,5,1,1,1,1,2,2,0,2,2,2,1,0,0,1
2021-22,2022-02-07,0022100812,CHI,Nikola Vucevic,202696,2029,1,,13,6,15,0,3,1,1,4,8,12,0,2,0,2,2
2021-22,2022-02-07,0022100812,CHI,Tony Bradley,1628396,778,0,,5,2,3,0,0,1,1,0,0,0,0,1,1,0,1
2021-22,2022-02-07,0022100812,CHI,Troy Brown Jr.,1628972,1305,0,,3,1,2,1,1,0,0,0,1,1,0,1,0,1,1
2021-22,2022-02-07,0022100812,CHI,Tyler Cook,1629076,73,0,,0,0,0,0,0,0,0,0,0,0,0,0,0,0,0
2021-22,2022-02-07,0022100812,CHI,Zach LaVine,203897,2225,1,,32,9,20,4,7,10,10,1,5,6,8,0,0,2,2
2021-22,2022-02-08,0022100816,IND,Chris Duarte,1630537,2081,1,,25,8,16,2,6,7,7,2,0,2,4,1,1,4,0
2021-22,2022-02-08,0022100822,LAL,Stanley Johnson,1626169,1540,0,,16,7,13,1,4,1,3,3,3,6,1,0,0,1,5
2021-22,2022-02-08,0022100823,ORL,Wendell Carter Jr.,1628976,1788,1,,18,7,10,2,3,2,2,1,7,8,5,0,3,1,2
2021-22,2022-02-09,0022100825,SAS,Thaddeus Young,201152,0,0,DNP - Coach's Decision,0,0,0,0,0,0,0,0,0,0,0,0,0,0,0
2021-22,2022-02-09,0022100826,CHI,Alfonzo McKinnie,1628035,0,0,DNP - Coach's Decision,0,0,0,0,0,0,0,0,0,0,0,0,0,0,0
2021-22,2022-02-09,0022100826,CHI,Coby White,1629632,2287,1,,15,6,14,3,10,0,0,0,3,3,3,0,1,0,2
2021-22,2022-02-09,0022100826,CHI,DeMar DeRozan,201942,2266,1,,36,13,19,3,4,7,10,0,5,5,4,0,0,5,4
2021-22,2022-02-09,0022100826,CHI,Javonte Green,1629750,2033,1,,6,3,5,0,2,0,0,1,2,3,3,1,0,0,2
2021-22,2022-02-09,0022100826,CHA,LaMelo Ball,1630163,2263,1,,33,12,25,5,10,4,6,3,6,9,5,4,0,4,4
2021-22,2022-02-09,0022100826,CHI,Malcolm Hill,1630792,598,0,,6,2,4,2,3,0,0,0,2,2,0,1,1,1,0
2021-22,2022-02-09,0022100826,CHI,Matt Thomas,1629744,247,0,,3,1,1,1,1,0,0,0,0,0,0,0,0,0,1
2021-22,2022-02-09,0022100826,CHI,Nikola Vucevic,202696,2265,1,,18,9,13,0,0,0,0,1,15,16,8,0,3,4,3
2021-22,2022-02-09,0022100826,CHI,Tony Bradley,1628396,615,0,,2,1,2,0,0,0,2,1,0,1,0,0,0,0,2
2021-22,2022-02-09,0022100826,CHI,Troy Brown Jr.,1628972,1670,0,,8,3,6,2,3,0,0,2,2,4,4,2,0,0,1
2021-22,2022-02-09,0022100826,CHI,Tyler Cook,1629076,0,0,DNP - Coach's Decision,0,0,0,0,0,0,0,0,0,0,0,0,0,0,0
2021-22,2022-02-09,0022100826,CHI,Zach LaVine,203897,2419,1,,27,8,18,5,10,6,7,0,6,6,5,0,0,2,2
2021-22,2022-02-09,0022100829,LAL,Stanley Johnson,1626169,1540,0,,11,3,5,1,2,4,6,0,6,6,1,1,1,1,3
2021-22,2022-02-11,0022100838,CHA,LaMelo Ball,1630163,1939,1,,31,10,14,7,9,4,5,3,2,5,12,4,0,2,2
2021-22,2022-02-11,0022100839,IND,Chris Duarte,1630537,2228,1,,18,5,12,4,7,4,5,1,3,4,3,1,0,2,3
2021-22,2022-02-11,0022100841,SAS,Joe Wieskamp,1630580,250,0,,0,0,1,0,1,0,0,1,0,1,1,0,0,0,1
2021-22,2022-02-11,0022100843,CHI,Alfonzo McKinnie,1628035,0,0,DNP - Coach's Decision,0,0,0,0,0,0,0,0,0,0,0,0,0,0,0
2021-22,2022-02-11,0022100843,CHI,Ayo Dosunmu,1630245,2518,1,,14,6,7,2,3,0,0,0,4,4,10,3,0,1,2
2021-22,2022-02-11,0022100843,CHI,Coby White,1629632,1726,0,,22,8,12,6,10,0,0,1,5,6,1,2,0,3,3
2021-22,2022-02-11,0022100843,CHI,DeMar DeRozan,201942,2281,1,,35,14,22,0,1,7,7,0,6,6,6,1,0,0,1
2021-22,2022-02-11,0022100843,CHI,Javonte Green,1629750,1883,1,,23,10,13,3,4,0,0,1,3,4,1,0,0,3,1
2021-22,2022-02-11,0022100843,CHI,Malcolm Hill,1630792,257,0,,0,0,1,0,1,0,0,1,1,2,0,0,0,0,0
2021-22,2022-02-11,0022100843,CHI,Matt Thomas,1629744,0,0,DNP - Coach's Decision,0,0,0,0,0,0,0,0,0,0,0,0,0,0,0
2021-22,2022-02-11,0022100843,CHI,Nikola Vucevic,202696,2111,1,,26,11,14,2,4,2,2,0,8,8,7,0,0,1,5
2021-22,2022-02-11,0022100843,CHI,Tony Bradley,1628396,769,0,,2,1,1,0,0,0,1,2,2,4,1,0,2,0,0
2021-22,2022-02-11,0022100843,CHI,Troy Brown Jr.,1628972,651,0,,0,0,3,0,2,0,0,1,4,5,0,0,0,1,1
2021-22,2022-02-11,0022100843,CHI,Tyler Cook,1629076,0,0,DNP - Coach's Decision,0,0,0,0,0,0,0,0,0,0,0,0,0,0,0
2021-22,2022-02-11,0022100843,CHI,Zach LaVine,203897,2204,1,,12,5,14,1,6,1,3,0,4,4,6,0,1,4,2
2021-22,2022-02-11,0022100844,ORL,Wendell Carter Jr.,1628976,2057,1,,22,9,17,1,5,3,6,2,7,9,2,0,1,4,1
2021-22,2022-02-12,0022100846,CHA,LaMelo Ball,1630163,1959,1,,25,8,21,5,12,4,4,1,3,4,2,1,0,4,5
2021-22,2022-02-12,0022100848,SAS,Joe Wieskamp,1630580,0,0,DNP - Coach's Decision,0,0,0,0,0,0,0,0,0,0,0,0,0,0,0
2021-22,2022-02-12,0022100848,SAS,Tomas Satoransky,203107,0,0,DNP - Coach's Decision,0,0,0,0,0,0,0,0,0,0,0,0,0,0,0
2021-22,2022-02-12,0022100850,TOR,Thaddeus Young,201152,0,0,DNP - Coach's Decision,0,0,0,0,0,0,0,0,0,0,0,0,0,0,0
2021-22,2022-02-12,0022100852,CHI,Alfonzo McKinnie,1628035,0,0,DNP - Coach's Decision,0,0,0,0,0,0,0,0,0,0,0,0,0,0,0
2021-22,2022-02-12,0022100852,CHI,Ayo Dosunmu,1630245,2503,1,,12,5,8,2,4,0,0,0,8,8,9,1,0,3,3
2021-22,2022-02-12,0022100852,CHI,Coby White,1629632,2222,1,,16,6,13,4,6,0,0,1,8,9,5,1,0,1,3
2021-22,2022-02-12,0022100852,CHI,DeMar DeRozan,201942,2388,1,,38,12,24,0,1,14,16,1,5,6,5,1,0,2,2
2021-22,2022-02-12,0022100852,CHI,Derrick Jones Jr.,1627884,1374,0,,3,1,5,0,1,1,2,1,1,2,1,1,0,0,6
2021-22,2022-02-12,0022100852,CHI,Malcolm Hill,1630792,940,0,,6,2,4,1,3,1,2,0,3,3,0,0,0,0,1
2021-22,2022-02-12,0022100852,CHI,Matt Thomas,1629744,832,0,,0,0,1,0,1,0,0,0,2,2,0,0,1,1,0
2021-22,2022-02-12,0022100852,CHI,Nikola Vucevic,202696,2179,1,,31,14,25,0,4,3,3,5,10,15,0,2,2,6,2
2021-22,2022-02-12,0022100852,CHI,Tony Bradley,1628396,77,0,,0,0,0,0,0,0,0,0,0,0,0,0,0,0,0
2021-22,2022-02-12,0022100852,CHI,Troy Brown Jr.,1628972,1655,1,,0,0,9,0,5,0,0,3,8,11,0,0,0,0,0
2021-22,2022-02-12,0022100852,CHI,Tyler Cook,1629076,230,0,,0,0,0,0,0,0,0,0,1,1,0,0,0,0,2
2021-22,2022-02-12,0022100854,LAL,Stanley Johnson,1626169,977,1,,4,2,4,0,0,0,0,1,0,1,1,0,0,0,2
2021-22,2022-02-12,0022100855,ORL,Wendell Carter Jr.,1628976,1552,1,,14,6,12,0,4,2,3,2,9,11,2,0,0,1,0
2021-22,2022-02-13,0022100857,IND,Chris Duarte,1630537,254,1,,2,1,2,0,1,0,0,1,0,1,0,0,0,2,0
2021-22,2022-02-14,0022100861,CHI,Alfonzo McKinnie,1628035,0,0,DNP - Coach's Decision,0,0,0,0,0,0,0,0,0,0,0,0,0,0,0
2021-22,2022-02-14,0022100861,CHI,Ayo Dosunmu,1630245,2244,1,,12,5,9,1,4,1,2,1,2,3,4,1,1,0,6
2021-22,2022-02-14,0022100861,CHI,Coby White,1629632,2055,1,,24,6,11,5,6,7,8,0,5,5,6,0,0,1,4
2021-22,2022-02-14,0022100861,CHI,DeMar DeRozan,201942,2094,1,,40,16,24,0,0,8,8,0,3,3,7,0,0,3,1
2021-22,2022-02-14,0022100861,CHI,Derrick Jones Jr.,1627884,1321,0,,4,2,7,0,1,0,1,4,3,7,1,0,0,2,1
2021-22,2022-02-14,0022100861,CHI,Javonte Green,1629750,2087,1,,7,2,6,1,2,2,2,4,5,9,1,1,0,1,3
2021-22,2022-02-14,0022100861,SAS,Joe Wieskamp,1630580,0,0,DNP - Coach's Decision,0,0,0,0,0,0,0,0,0,0,0,0,0,0,0
2021-22,2022-02-14,0022100861,CHI,Malcolm Hill,1630792,0,0,DNP - Coach's Decision,0,0,0,0,0,0,0,0,0,0,0,0,0,0,0
2021-22,2022-02-14,0022100861,CHI,Matt Thomas,1629744,371,0,,0,0,1,0,1,0,0,0,0,0,0,0,0,0,0
2021-22,2022-02-14,0022100861,CHI,Nikola Vucevic,202696,2164,1,,25,12,24,1,7,0,0,0,16,16,5,0,1,5,2
2021-22,2022-02-14,0022100861,SAS,Tomas Satoransky,203107,0,0,DNP - Coach's Decision,0,0,0,0,0,0,0,0,0,0,0,0,0,0,0
2021-22,2022-02-14,0022100861,CHI,Tony Bradley,1628396,226,0,,0,0,1,0,0,0,0,1,3,4,0,0,1,2,0
2021-22,2022-02-14,0022100861,CHI,Troy Brown Jr.,1628972,1838,0,,8,3,5,2,3,0,0,0,6,6,1,1,0,1,2
2021-22,2022-02-14,0022100861,CHI,Tyler Cook,1629076,0,0,DNP - Coach's Decision,0,0,0,0,0,0,0,0,0,0,0,0,0,0,0
2021-22,2022-02-14,0022100863,TOR,Thaddeus Young,201152,743,0,,4,2,5,0,1,0,0,3,1,4,1,1,0,1,0
2021-22,2022-02-14,0022100864,ORL,Wendell Carter Jr.,1628976,2043,1,,25,12,22,1,5,0,0,4,8,12,4,2,1,2,3
2021-22,2022-02-15,0022100870,IND,Chris Duarte,1630537,0,0,DND - Injury/Illness,0,0,0,0,0,0,0,0,0,0,0,0,0,0,0
2021-22,2022-02-15,0022100871,CHA,LaMelo Ball,1630163,2451,1,,22,8,22,3,8,3,5,1,8,9,6,1,1,2,6
2021-22,2022-02-16,0022100874,ORL,Wendell Carter Jr.,1628976,1639,1,,10,4,7,2,3,0,0,2,8,10,6,0,1,2,2
2021-22,2022-02-16,0022100876,IND,Chris Duarte,1630537,0,0,DND - Injury/Illness,0,0,0,0,0,0,0,0,0,0,0,0,0,0,0
2021-22,2022-02-16,0022100878,CHI,Alfonzo McKinnie,1628035,0,0,DNP - Coach's Decision,0,0,0,0,0,0,0,0,0,0,0,0,0,0,0
2021-22,2022-02-16,0022100878,CHI,Ayo Dosunmu,1630245,2402,1,,12,4,11,0,2,4,4,0,6,6,6,2,1,4,2
2021-22,2022-02-16,0022100878,CHI,Coby White,1629632,2378,1,,31,11,19,6,11,3,4,1,4,5,6,1,0,1,2
2021-22,2022-02-16,0022100878,CHI,DeMar DeRozan,201942,2459,1,,38,16,27,1,1,5,5,1,5,6,6,1,0,4,3
2021-22,2022-02-16,0022100878,CHI,Derrick Jones Jr.,1627884,980,0,,5,2,4,1,1,0,0,3,1,4,1,0,0,0,3
2021-22,2022-02-16,0022100878,CHI,Javonte Green,1629750,1730,1,,15,6,7,3,4,0,0,1,5,6,0,0,1,0,2
2021-22,2022-02-16,0022100878,CHI,Malcolm Hill,1630792,0,0,DNP - Coach's Decision,0,0,0,0,0,0,0,0,0,0,0,0,0,0,0
2021-22,2022-02-16,0022100878,CHI,Marko Simonovic,1630250,0,0,DNP - Coach's Decision,0,0,0,0,0,0,0,0,0,0,0,0,0,0,0
2021-22,2022-02-16,0022100878,CHI,Matt Thomas,1629744,636,0,,3,0,3,0,2,3,3,0,1,1,1,1,0,1,1
2021-22,2022-02-16,0022100878,CHI,Nikola Vucevic,202696,2292,1,,21,8,18,1,6,4,4,3,7,10,3,2,0,1,2
2021-22,2022-02-16,0022100878,CHI,Tony Bradley,1628396,509,0,,0,0,0,0,0,0,0,2,2,4,0,0,0,0,0
2021-22,2022-02-16,0022100878,CHI,Troy Brown Jr.,1628972,1015,0,,0,0,5,0,2,0,0,2,3,5,2,1,0,0,1
2021-22,2022-02-16,0022100880,TOR,Thaddeus Young,201152,1239,0,,10,5,9,0,1,0,1,1,4,5,1,1,1,2,3
2021-22,2022-02-16,0022100881,SAS,Tomas Satoransky,203107,0,0,DNP - Coach's Decision,0,0,0,0,0,0,0,0,0,0,0,0,0,0,0
2021-22,2022-02-16,0022100884,LAL,Stanley Johnson,1626169,1143,1,,4,2,6,0,1,0,0,0,2,2,4,0,0,0,1
2021-22,2022-02-17,0022100885,CHA,LaMelo Ball,1630163,2318,1,,14,5,15,1,9,3,4,2,8,10,14,0,1,5,6
2021-22,2022-02-24,0022100889,CLE,Lauri Markkanen,1628374,1663,1,,22,6,16,2,7,8,10,2,4,6,1,0,1,0,4
2021-22,2022-02-24,0022100891,CHI,Ayo Dosunmu,1630245,2053,1,,12,5,9,2,3,0,0,2,4,6,3,0,3,2,5
2021-22,2022-02-24,0022100891,CHI,Coby White,1629632,1184,0,,9,4,10,1,4,0,0,0,0,0,2,0,0,0,5
2021-22,2022-02-24,0022100891,CHI,DeMar DeRozan,201942,2225,1,,37,15,21,2,3,5,7,1,5,6,3,1,0,2,2
2021-22,2022-02-24,0022100891,CHI,Derrick Jones Jr.,1627884,1226,0,,2,0,2,0,2,2,2,0,3,3,0,0,2,0,0
2021-22,2022-02-24,0022100891,CHI,Javonte Green,1629750,1659,1,,4,1,5,0,3,2,2,0,4,4,1,1,1,0,2
2021-22,2022-02-24,0022100891,CHI,Malcolm Hill,1630792,0,0,DNP - Coach's Decision,0,0,0,0,0,0,0,0,0,0,0,0,0,0,0
2021-22,2022-02-24,0022100891,CHI,Matt Thomas,1629744,0,0,DNP - Coach's Decision,0,0,0,0,0,0,0,0,0,0,0,0,0,0,0
2021-22,2022-02-24,0022100891,CHI,Nikola Vucevic,202696,2082,1,,12,4,13,0,2,4,4,1,9,10,3,2,2,3,2
2021-22,2022-02-24,0022100891,CHI,Tony Bradley,1628396,0,0,DNP - Coach's Decision,0,0,0,0,0,0,0,0,0,0,0,0,0,0,0
2021-22,2022-02-24,0022100891,CHI,Tristan Thompson,202684,794,0,,11,3,3,0,0,5,8,2,4,6,1,1,0,0,1
2021-22,2022-02-24,0022100891,CHI,Troy Brown Jr.,1628972,1028,0,,5,2,4,1,2,0,0,0,3,3,0,0,0,0,2
2021-22,2022-02-24,0022100891,CHI,Zach LaVine,203897,2151,1,,20,7,17,2,8,4,4,0,5,5,3,0,0,1,1
2021-22,2022-02-25,0022100896,CHA,LaMelo Ball,1630163,1753,1,,13,5,16,2,7,1,1,1,4,5,6,1,0,6,2
2021-22,2022-02-25,0022100896,TOR,Thaddeus Young,201152,1277,0,,5,2,4,0,0,1,3,3,2,5,2,0,0,2,1
2021-22,2022-02-25,0022100898,ORL,Wendell Carter Jr.,1628976,2107,1,,24,9,11,1,2,5,7,4,8,12,2,0,0,3,1
2021-22,2022-02-25,0022100899,SAS,Tomas Satoransky,203107,550,0,,3,0,0,0,0,3,4,0,1,1,0,0,0,0,0
2021-22,2022-02-25,0022100904,LAL,Stanley Johnson,1626169,820,0,,0,0,2,0,0,0,0,0,2,2,2,0,0,0,0
2021-22,2022-02-26,0022100906,TOR,Thaddeus Young,201152,1341,0,,10,4,8,1,1,1,3,1,1,2,3,2,0,1,3
2021-22,2022-02-26,0022100907,CLE,Lauri Markkanen,1628374,2073,1,,23,6,18,6,9,5,6,0,6,6,1,0,1,1,0
2021-22,2022-02-26,0022100908,SAS,Joe Wieskamp,1630580,82,0,,0,0,1,0,1,0,0,0,0,0,0,0,0,0,0
2021-22,2022-02-26,0022100909,CHI,Ayo Dosunmu,1630245,1341,1,,0,0,2,0,2,0,0,0,2,2,3,2,0,3,3
2021-22,2022-02-26,0022100909,CHI,Coby White,1629632,2113,0,,15,5,11,3,6,2,2,0,4,4,5,0,0,0,2
2021-22,2022-02-26,0022100909,CHI,DeMar DeRozan,201942,2504,1,,31,10,29,2,2,9,10,1,6,7,3,2,1,1,2
2021-22,2022-02-26,0022100909,CHI,Derrick Jones Jr.,1627884,1167,0,,8,3,4,0,0,2,4,2,4,6,0,0,1,0,1
2021-22,2022-02-26,0022100909,CHI,Javonte Green,1629750,1719,1,,12,5,7,1,2,1,1,1,1,2,0,3,0,0,1
2021-22,2022-02-26,0022100909,CHI,Malcolm Hill,1630792,0,0,DNP - Coach's Decision,0,0,0,0,0,0,0,0,0,0,0,0,0,0,0
2021-22,2022-02-26,0022100909,CHI,Matt Thomas,1629744,5,0,,0,0,0,0,0,0,0,0,0,0,0,0,0,0,0
2021-22,2022-02-26,0022100909,CHI,Nikola Vucevic,202696,1888,1,,11,5,17,0,5,1,2,1,11,12,0,0,1,1,3
2021-22,2022-02-26,0022100909,CHI,Tony Bradley,1628396,0,0,DNP - Coach's Decision,0,0,0,0,0,0,0,0,0,0,0,0,0,0,0
2021-22,2022-02-26,0022100909,CHI,Tristan Thompson,202684,981,0,,5,2,4,0,0,1,4,1,3,4,0,1,0,1,1
2021-22,2022-02-26,0022100909,CHI,Troy Brown Jr.,1628972,402,0,,0,0,0,0,0,0,0,0,0,0,0,0,0,0,0
2021-22,2022-02-26,0022100909,CHI,Zach LaVine,203897,2280,1,,28,9,19,3,3,7,7,0,4,4,6,1,0,3,4
2021-22,2022-02-27,0022100914,IND,Chris Duarte,1630537,1566,0,,11,4,11,1,3,2,2,1,3,4,1,2,0,2,3
2021-22,2022-02-27,0022100915,CHA,LaMelo Ball,1630163,2282,1,,17,6,24,3,8,2,2,1,6,7,7,1,2,4,3
2021-22,2022-02-27,0022100919,LAL,Stanley Johnson,1626169,730,0,,4,1,2,0,1,2,2,0,1,1,2,0,0,0,0
2021-22,2022-02-28,0022100726,TOR,Thaddeus Young,201152,882,0,,11,4,6,3,3,0,2,0,3,3,1,1,1,0,3
2021-22,2022-02-28,0022100920,CLE,Lauri Markkanen,1628374,2105,1,,10,2,7,1,6,5,6,0,4,4,1,0,0,5,2
2021-22,2022-02-28,0022100921,IND,Chris Duarte,1630537,870,0,,7,3,6,1,2,0,0,1,3,4,1,1,0,4,2
2021-22,2022-02-28,0022100921,ORL,Wendell Carter Jr.,1628976,1670,1,,21,8,10,1,1,4,6,3,9,12,1,0,0,3,5
2021-22,2022-02-28,0022100922,CHI,Ayo Dosunmu,1630245,2158,1,,18,8,14,2,5,0,0,0,4,4,5,2,1,3,4
2021-22,2022-02-28,0022100922,CHI,Coby White,1629632,1855,0,,9,3,11,3,7,0,0,0,4,4,6,0,0,0,1
2021-22,2022-02-28,0022100922,CHI,DeMar DeRozan,201942,2015,1,,18,7,16,0,2,4,5,0,7,7,3,3,1,3,2
2021-22,2022-02-28,0022100922,CHI,Derrick Jones Jr.,1627884,1206,0,,2,1,1,0,0,0,0,0,3,3,1,0,0,1,4
2021-22,2022-02-28,0022100922,CHI,Javonte Green,1629750,1257,1,,4,2,2,0,0,0,0,2,1,3,0,1,1,0,2
2021-22,2022-02-28,0022100922,CHI,Malcolm Hill,1630792,57,0,,0,0,1,0,1,0,0,0,0,0,1,0,0,0,1
2021-22,2022-02-28,0022100922,CHI,Matt Thomas,1629744,198,0,,4,2,2,0,0,0,0,0,1,1,0,0,0,0,0
2021-22,2022-02-28,0022100922,CHI,Nikola Vucevic,202696,1542,1,,14,7,14,0,3,0,0,1,6,7,2,1,0,2,2
2021-22,2022-02-28,0022100922,CHI,Tony Bradley,1628396,352,0,,4,2,2,0,0,0,0,0,3,3,1,0,1,1,1
2021-22,2022-02-28,0022100922,CHI,Tristan Thompson,202684,986,0,,2,0,1,0,0,2,4,1,0,1,0,0,0,1,3
2021-22,2022-02-28,0022100922,CHI,Troy Brown Jr.,1628972,806,0,,2,1,4,0,3,0,0,0,1,1,0,2,0,0,0
2021-22,2022-02-28,0022100922,CHI,Zach LaVine,203897,1968,1,,22,8,16,2,8,4,6,1,3,4,4,0,0,3,4
2021-22,2022-02-28,0022100923,SAS,Joe Wieskamp,1630580,83,0,,0,0,0,0,0,0,0,0,0,0,0,1,0,0,0
2021-22,2022-02-28,0022100924,CHA,LaMelo Ball,1630163,1802,1,,24,9,18,4,7,2,2,2,2,4,2,1,0,3,4
2021-22,2022-03-01,0022100926,WAS,Tomas Satoransky,203107,831,0,,4,1,1,0,0,2,2,0,3,3,1,2,1,0,0
2021-22,2022-03-01,0022100928,TOR,Thaddeus Young,201152,1381,0,,11,4,9,2,3,1,2,1,2,3,2,1,0,1,3
2021-22,2022-03-01,0022100931,LAL,Stanley Johnson,1626169,1336,1,,11,4,6,3,4,0,0,0,2,2,0,0,1,1,3
2021-22,2022-03-02,0022100932,CHA,LaMelo Ball,1630163,478,1,,2,0,3,0,1,2,2,0,0,0,4,2,0,1,4
2021-22,2022-03-02,0022100932,CLE,Lauri Markkanen,1628374,1847,1,,12,3,10,2,6,4,4,0,5,5,3,2,0,1,0
2021-22,2022-03-02,0022100933,IND,Chris Duarte,1630537,0,0,DNP - Injury/Illness,0,0,0,0,0,0,0,0,0,0,0,0,0,0,0
2021-22,2022-03-02,0022100933,ORL,Wendell Carter Jr.,1628976,2435,1,,13,5,12,0,2,3,5,6,12,18,5,1,1,6,4
2021-22,2022-03-03,0022100710,CHI,Ayo Dosunmu,1630245,2132,1,,15,7,10,1,1,0,0,0,0,0,4,1,1,1,2
2021-22,2022-03-03,0022100710,CHI,Coby White,1629632,1590,0,,15,6,8,3,5,0,0,0,1,1,5,0,0,0,1
2021-22,2022-03-03,0022100710,CHI,DeMar DeRozan,201942,2320,1,,22,10,20,0,1,2,2,1,6,7,8,2,0,4,6
2021-22,2022-03-03,0022100710,CHI,Derrick Jones Jr.,1627884,759,0,,4,2,5,0,2,0,1,0,1,1,0,0,0,0,1
2021-22,2022-03-03,0022100710,CHI,Javonte Green,1629750,1249,1,,8,3,7,2,3,0,0,0,2,2,0,0,0,1,2
2021-22,2022-03-03,0022100710,CHI,Malcolm Hill,1630792,0,0,DNP - Coach's Decision,0,0,0,0,0,0,0,0,0,0,0,0,0,0,0
2021-22,2022-03-03,0022100710,CHI,Matt Thomas,1629744,0,0,DNP - Coach's Decision,0,0,0,0,0,0,0,0,0,0,0,0,0,0,0
2021-22,2022-03-03,0022100710,CHI,Nikola Vucevic,202696,2135,1,,21,10,17,1,4,0,0,2,9,11,5,0,0,2,4
2021-22,2022-03-03,0022100710,CHI,Tony Bradley,1628396,0,0,DNP - Coach's Decision,0,0,0,0,0,0,0,0,0,0,0,0,0,0,0
2021-22,2022-03-03,0022100710,CHI,Tristan Thompson,202684,1260,0,,8,3,4,0,0,2,2,1,4,5,1,1,0,1,0
2021-22,2022-03-03,0022100710,CHI,Troy Brown Jr.,1628972,887,0,,9,3,3,3,3,0,0,1,1,2,0,1,0,0,0
2021-22,2022-03-03,0022100710,CHI,Zach LaVine,203897,2069,1,,22,8,14,4,7,2,2,0,3,3,7,0,1,4,3
2021-22,2022-03-03,0022100944,SAS,Joe Wieskamp,1630580,0,0,DNP - Coach's Decision,0,0,0,0,0,0,0,0,0,0,0,0,0,0,0
2021-22,2022-03-03,0022100945,LAL,Stanley Johnson,1626169,1188,0,,8,3,5,0,2,2,2,0,2,2,2,2,0,2,3
2021-22,2022-03-04,0022100458,TOR,Thaddeus Young,201152,892,0,,2,1,5,0,2,0,0,3,4,7,2,0,1,1,1
2021-22,2022-03-04,0022100946,IND,Chris Duarte,1630537,0,0,DNP - Injury/Illness,0,0,0,0,0,0,0,0,0,0,0,0,0,0,0
2021-22,2022-03-04,0022100947,CLE,Lauri Markkanen,1628374,1052,1,,6,3,7,0,1,0,0,3,4,7,0,1,0,1,4
2021-22,2022-03-04,0022100948,WAS,Tomas Satoransky,203107,994,0,,0,0,1,0,0,0,0,1,1,2,2,0,0,1,3
2021-22,2022-03-04,0022100949,CHI,Ayo Dosunmu,1630245,2115,1,,8,4,7,0,2,0,0,0,5,5,7,1,0,3,2
2021-22,2022-03-04,0022100949,CHI,Coby White,1629632,1410,0,,3,1,4,1,4,0,0,0,4,4,2,0,0,1,0
2021-22,2022-03-04,0022100949,CHI,DeMar DeRozan,201942,2366,1,,29,11,30,2,3,5,5,0,3,3,5,1,1,2,1
2021-22,2022-03-04,0022100949,CHI,Derrick Jones Jr.,1627884,989,0,,5,2,3,0,0,1,1,0,4,4,1,0,0,1,4
2021-22,2022-03-04,0022100949,CHI,Javonte Green,1629750,1463,0,,9,4,5,1,2,0,0,0,3,3,1,0,1,0,4
2021-22,2022-03-04,0022100949,CHI,Malcolm Hill,1630792,0,0,DNP - Coach's Decision,0,0,0,0,0,0,0,0,0,0,0,0,0,0,0
2021-22,2022-03-04,0022100949,CHI,Matt Thomas,1629744,0,0,DNP - Coach's Decision,0,0,0,0,0,0,0,0,0,0,0,0,0,0,0
2021-22,2022-03-04,0022100949,CHI,Nikola Vucevic,202696,2066,1,,19,8,13,2,4,1,2,2,7,9,2,2,0,3,3
2021-22,2022-03-04,0022100949,CHI,Tony Bradley,1628396,0,0,DNP - Coach's Decision,0,0,0,0,0,0,0,0,0,0,0,0,0,0,0
2021-22,2022-03-04,0022100949,CHI,Tristan Thompson,202684,1207,1,,4,2,4,0,0,0,0,3,0,3,1,0,0,1,5
2021-22,2022-03-04,0022100949,CHI,Troy Brown Jr.,1628972,485,0,,5,2,2,1,1,0,0,0,1,1,0,0,0,0,1
2021-22,2022-03-04,0022100949,CHI,Zach LaVine,203897,2299,1,,30,13,26,3,10,1,3,0,8,8,6,1,0,1,3
2021-22,2022-03-05,0022100955,SAS,Joe Wieskamp,1630580,0,0,DNP - Coach's Decision,0,0,0,0,0,0,0,0,0,0,0,0,0,0,0
2021-22,2022-03-05,0022100955,CHA,LaMelo Ball,1630163,1763,1,,24,7,16,4,9,6,6,1,7,8,7,0,1,4,2
2021-22,2022-03-05,0022100959,LAL,Stanley Johnson,1626169,1575,1,,4,2,7,0,3,0,0,4,2,6,4,2,1,1,0
2021-22,2022-03-06,0022100962,CLE,Lauri Markkanen,1628374,2263,1,,22,8,18,3,12,3,4,0,12,12,0,0,1,1,0
2021-22,2022-03-06,0022100962,TOR,Thaddeus Young,201152,868,0,,0,0,4,0,0,0,0,2,2,4,0,0,0,1,0
2021-22,2022-03-06,0022100963,IND,Chris Duarte,1630537,0,0,DNP - Injury/Illness,0,0,0,0,0,0,0,0,0,0,0,0,0,0,0
2021-22,2022-03-06,0022100963,WAS,Tomas Satoransky,203107,832,0,,10,3,4,1,2,3,3,0,1,1,5,0,0,1,1
2021-22,2022-03-07,0022100969,CHI,Ayo Dosunmu,1630245,1879,1,,11,5,12,0,2,1,2,0,3,3,4,1,0,2,2
2021-22,2022-03-07,0022100969,CHI,Coby White,1629632,2042,0,,19,7,16,3,9,2,2,1,3,4,2,0,1,0,1
2021-22,2022-03-07,0022100969,CHI,DeMar DeRozan,201942,2356,1,,23,6,17,0,2,11,12,2,9,11,8,0,0,3,3
2021-22,2022-03-07,0022100969,CHI,Derrick Jones Jr.,1627884,1272,0,,8,4,6,0,0,0,0,3,3,6,0,2,3,2,4
2021-22,2022-03-07,0022100969,CHI,Javonte Green,1629750,2187,1,,5,2,7,1,3,0,0,4,2,6,2,2,0,0,3
2021-22,2022-03-07,0022100969,CHI,Malcolm Hill,1630792,0,0,DNP - Coach's Decision,0,0,0,0,0,0,0,0,0,0,0,0,0,0,0
2021-22,2022-03-07,0022100969,CHI,Matt Thomas,1629744,0,0,DNP - Coach's Decision,0,0,0,0,0,0,0,0,0,0,0,0,0,0,0
2021-22,2022-03-07,0022100969,CHI,Tony Bradley,1628396,343,0,,0,0,0,0,0,0,0,0,1,1,1,0,0,0,2
2021-22,2022-03-07,0022100969,CHI,Tristan Thompson,202684,1744,1,,13,6,8,0,0,1,2,2,7,9,0,0,0,1,5
2021-22,2022-03-07,0022100969,CHI,Troy Brown Jr.,1628972,351,0,,3,1,2,1,2,0,0,0,0,0,0,0,0,0,0
2021-22,2022-03-07,0022100969,CHI,Zach LaVine,203897,2226,1,,24,8,19,3,6,5,8,2,6,8,5,0,0,5,4
2021-22,2022-03-07,0022100973,SAS,Joe Wieskamp,1630580,0,0,DNP - Coach's Decision,0,0,0,0,0,0,0,0,0,0,0,0,0,0,0
2021-22,2022-03-07,0022100973,LAL,Stanley Johnson,1626169,1829,0,,7,3,8,1,2,0,0,1,2,3,3,3,0,1,1
2021-22,2022-03-08,0022100975,CHA,LaMelo Ball,1630163,1829,1,,24,9,22,2,8,4,5,2,3,5,7,2,0,4,1
2021-22,2022-03-08,0022100976,IND,Chris Duarte,1630537,937,0,,11,4,14,1,4,2,2,1,1,2,1,1,0,0,3
2021-22,2022-03-08,0022100976,CLE,Lauri Markkanen,1628374,1808,1,,21,8,14,1,5,4,4,3,2,5,1,1,1,0,3
2021-22,2022-03-08,0022100977,ORL,Wendell Carter Jr.,1628976,1895,1,,20,8,14,1,3,3,4,2,10,12,0,0,1,1,3
2021-22,2022-03-09,0022100981,CHA,LaMelo Ball,1630163,1708,1,,15,6,12,0,4,3,3,1,7,8,4,0,1,6,5
2021-22,2022-03-09,0022100982,CHI,Ayo Dosunmu,1630245,2210,1,,9,4,6,0,1,1,2,0,4,4,7,3,0,2,2
2021-22,2022-03-09,0022100982,CHI,Coby White,1629632,1685,0,,8,3,9,2,3,0,0,0,5,5,3,0,0,1,3
2021-22,2022-03-09,0022100982,CHI,DeMar DeRozan,201942,2483,1,,36,12,25,0,1,12,13,0,8,8,4,2,0,2,0
2021-22,2022-03-09,0022100982,CHI,Derrick Jones Jr.,1627884,1331,0,,6,3,3,0,0,0,0,0,1,1,0,1,0,0,1
2021-22,2022-03-09,0022100982,CHI,Javonte Green,1629750,1010,1,,4,2,3,0,1,0,0,0,0,0,0,3,0,0,3
2021-22,2022-03-09,0022100982,CHI,Malcolm Hill,1630792,0,0,DNP - Coach's Decision,0,0,0,0,0,0,0,0,0,0,0,0,0,0,0
2021-22,2022-03-09,0022100982,CHI,Matt Thomas,1629744,0,0,DNP - Coach's Decision,0,0,0,0,0,0,0,0,0,0,0,0,0,0,0
2021-22,2022-03-09,0022100982,CHI,Nikola Vucevic,202696,1750,1,,21,8,11,0,1,5,5,0,6,6,2,2,0,3,2
2021-22,2022-03-09,0022100982,CHI,Tony Bradley,1628396,0,0,DNP - Coach's Decision,0,0,0,0,0,0,0,0,0,0,0,0,0,0,0
2021-22,2022-03-09,0022100982,CHI,Tristan Thompson,202684,1115,0,,5,1,4,0,0,3,4,1,3,4,1,1,0,1,2
2021-22,2022-03-09,0022100982,CHI,Troy Brown Jr.,1628972,554,0,,0,0,1,0,1,0,0,0,0,0,1,0,0,0,0
2021-22,2022-03-09,0022100982,CHI,Zach LaVine,203897,2262,1,,25,7,14,1,7,10,11,1,4,5,1,1,0,2,2
2021-22,2022-03-09,0022100985,LAL,Stanley Johnson,1626169,1485,1,,5,2,3,1,1,0,2,0,2,2,1,3,0,1,3
2021-22,2022-03-09,0022100987,ORL,Wendell Carter Jr.,1628976,1727,1,,13,6,11,0,1,1,2,4,4,8,5,0,0,1,4
2021-22,2022-03-09,0022100989,SAS,Joe Wieskamp,1630580,160,0,,0,0,1,0,0,0,0,0,0,0,0,0,0,0,0
2021-22,2022-03-09,0022100989,TOR,Thaddeus Young,201152,1177,0,,7,3,6,1,1,0,0,3,4,7,0,0,0,1,3
2021-22,2022-03-09,0022100992,WAS,Tomas Satoransky,203107,1124,0,,0,0,2,0,0,0,0,0,1,1,1,2,0,1,1
2021-22,2022-03-11,0022100995,ORL,Wendell Carter Jr.,1628976,2116,1,,20,7,15,2,4,4,5,4,6,10,5,0,0,2,3
2021-22,2022-03-11,0022100998,CLE,Lauri Markkanen,1628374,1909,1,,15,6,12,2,6,1,1,0,4,4,1,1,1,1,2
2021-22,2022-03-11,0022101001,CHA,LaMelo Ball,1630163,1878,1,,17,6,12,2,7,3,4,0,6,6,9,3,0,1,2
2021-22,2022-03-11,0022101002,SAS,Joe Wieskamp,1630580,444,0,,0,0,0,0,0,0,0,0,0,0,0,0,0,0,0
2021-22,2022-03-11,0022101003,TOR,Thaddeus Young,201152,1164,0,,5,2,5,0,1,1,1,0,3,3,1,2,0,0,1
2021-22,2022-03-11,0022101004,LAL,Stanley Johnson,1626169,1646,1,,7,3,5,1,3,0,0,2,4,6,0,2,0,0,2
2021-22,2022-03-11,0022101004,WAS,Tomas Satoransky,203107,1196,0,,14,5,6,0,1,4,4,0,3,3,4,1,1,0,2
2021-22,2022-03-12,0022101006,CHI,Alex Caruso,1627936,1752,0,,11,4,8,1,2,2,2,0,1,1,4,4,1,1,4
2021-22,2022-03-12,0022101006,CHI,Ayo Dosunmu,1630245,2176,1,,17,7,10,3,4,0,0,0,2,2,3,2,2,2,5
2021-22,2022-03-12,0022101006,CHI,Coby White,1629632,2134,1,,9,4,11,1,4,0,0,2,5,7,7,2,0,2,0
2021-22,2022-03-12,0022101006,CHI,DeMar DeRozan,201942,2396,1,,25,9,26,0,3,7,7,1,3,4,6,1,0,3,0
2021-22,2022-03-12,0022101006,CHI,Derrick Jones Jr.,1627884,926,0,,2,1,3,0,1,0,0,0,2,2,0,0,0,0,1
2021-22,2022-03-12,0022101006,CHI,Javonte Green,1629750,1567,1,,12,3,7,2,2,4,4,2,6,8,0,2,1,1,2
2021-22,2022-03-12,0022101006,CHI,Malcolm Hill,1630792,0,0,DNP - Coach's Decision,0,0,0,0,0,0,0,0,0,0,0,0,0,0,0
2021-22,2022-03-12,0022101006,CHI,Matt Thomas,1629744,0,0,DNP - Coach's Decision,0,0,0,0,0,0,0,0,0,0,0,0,0,0,0
2021-22,2022-03-12,0022101006,CHI,Nikola Vucevic,202696,2014,1,,20,9,19,2,5,0,1,2,12,14,0,1,1,3,3
2021-22,2022-03-12,0022101006,CHI,Tony Bradley,1628396,0,0,DNP - Coach's Decision,0,0,0,0,0,0,0,0,0,0,0,0,0,0,0
2021-22,2022-03-12,0022101006,CHI,Tristan Thompson,202684,866,0,,5,2,3,0,0,1,1,1,5,6,0,0,0,0,2
2021-22,2022-03-12,0022101006,CHI,Troy Brown Jr.,1628972,569,0,,0,0,1,0,0,0,0,0,2,2,0,0,0,0,1
2021-22,2022-03-12,0022101007,IND,Chris Duarte,1630537,2019,1,,15,5,9,3,5,2,2,1,7,8,1,0,0,1,3
2021-22,2022-03-12,0022101007,SAS,Joe Wieskamp,1630580,0,0,DND - Injury/Illness,0,0,0,0,0,0,0,0,0,0,0,0,0,0,0
2021-22,2022-03-12,0022101009,TOR,Thaddeus Young,201152,1364,0,,9,4,6,0,1,1,1,1,2,3,3,3,0,1,2
2021-22,2022-03-12,0022101011,WAS,Tomas Satoransky,203107,959,0,,0,0,5,0,2,0,0,1,3,4,4,2,1,2,1
2021-22,2022-03-13,0022101015,ORL,Wendell Carter Jr.,1628976,2351,1,,23,10,19,2,5,1,2,0,12,12,2,0,3,2,4
2021-22,2022-03-13,0022101016,IND,Chris Duarte,1630537,0,0,DND - Injury/Illness,0,0,0,0,0,0,0,0,0,0,0,0,0,0,0
2021-22,2022-03-13,0022101019,LAL,Stanley Johnson,1626169,652,1,,2,0,2,0,1,2,2,0,3,3,1,0,0,0,2
2021-22,2022-03-14,0022101020,CLE,Lauri Markkanen,1628374,2764,1,,17,5,9,4,6,3,4,1,8,9,1,1,0,1,2
2021-22,2022-03-14,0022101023,CHA,LaMelo Ball,1630163,1783,1,,21,6,13,5,8,4,4,1,4,5,7,2,0,3,3
2021-22,2022-03-14,0022101024,SAS,Joe Wieskamp,1630580,183,0,,0,0,2,0,2,0,0,0,0,0,0,0,0,0,1
2021-22,2022-03-14,0022101025,WAS,Tomas Satoransky,203107,383,0,,0,0,1,0,0,0,0,0,0,0,1,0,0,0,1
2021-22,2022-03-14,0022101026,CHI,Alex Caruso,1627936,1628,0,,6,2,7,1,4,1,2,0,1,1,2,0,1,4,3
2021-22,2022-03-14,0022101026,CHI,Ayo Dosunmu,1630245,1856,1,,6,3,9,0,5,0,0,1,1,2,2,0,0,2,1
2021-22,2022-03-14,0022101026,CHI,Coby White,1629632,1391,0,,13,4,10,3,9,2,2,0,0,0,3,0,0,1,2
2021-22,2022-03-14,0022101026,CHI,DeMar DeRozan,201942,2371,1,,21,7,17,0,0,7,7,1,6,7,6,0,0,2,3
2021-22,2022-03-14,0022101026,CHI,Derrick Jones Jr.,1627884,1099,0,,2,0,1,0,1,2,2,2,4,6,1,2,1,1,0
2021-22,2022-03-14,0022101026,CHI,Javonte Green,1629750,1020,1,,5,2,4,1,1,0,0,3,3,6,0,1,0,0,2
2021-22,2022-03-14,0022101026,CHI,Matt Thomas,1629744,0,0,DNP - Coach's Decision,0,0,0,0,0,0,0,0,0,0,0,0,0,0,0
2021-22,2022-03-14,0022101026,CHI,Nikola Vucevic,202696,1961,1,,23,10,22,3,7,0,0,1,9,10,2,0,0,0,3
2021-22,2022-03-14,0022101026,CHI,Tony Bradley,1628396,0,0,DNP - Coach's Decision,0,0,0,0,0,0,0,0,0,0,0,0,0,0,0
2021-22,2022-03-14,0022101026,CHI,Tristan Thompson,202684,914,0,,0,0,0,0,0,0,0,0,5,5,0,2,2,1,5
2021-22,2022-03-14,0022101026,CHI,Troy Brown Jr.,1628972,0,0,DNP - Coach's Decision,0,0,0,0,0,0,0,0,0,0,0,0,0,0,0
2021-22,2022-03-14,0022101026,CHI,Zach LaVine,203897,2160,1,,27,8,18,2,7,9,9,1,2,3,6,0,1,2,1
2021-22,2022-03-14,0022101028,LAL,Stanley Johnson,1626169,928,1,,2,0,1,0,1,2,2,0,3,3,1,0,1,1,1
2021-22,2022-03-14,0022101028,TOR,Thaddeus Young,201152,917,0,,2,1,5,0,1,0,0,3,7,10,2,2,1,2,3
2021-22,2022-03-15,0022101029,IND,Chris Duarte,1630537,1056,0,,5,2,6,1,2,0,0,1,2,3,0,0,0,0,1
2021-22,2022-03-15,0022101030,ORL,Wendell Carter Jr.,1628976,1551,1,,18,6,11,1,1,5,5,3,5,8,4,0,1,1,2
2021-22,2022-03-16,0022101033,CHA,LaMelo Ball,1630163,2166,1,,22,7,16,5,10,3,3,0,8,8,11,1,1,3,4
2021-22,2022-03-16,0022101034,CLE,Lauri Markkanen,1628374,1991,1,,13,4,9,2,6,3,4,0,4,4,2,2,0,0,2
2021-22,2022-03-16,0022101035,WAS,Tomas Satoransky,203107,277,0,,2,1,1,0,0,0,0,0,1,1,1,0,0,0,0
2021-22,2022-03-16,0022101039,LAL,Stanley Johnson,1626169,427,0,,3,1,1,1,1,0,0,0,0,0,1,0,0,0,1
2021-22,2022-03-16,0022101040,SAS,Joe Wieskamp,1630580,0,0,DNP - Coach's Decision,0,0,0,0,0,0,0,0,0,0,0,0,0,0,0
2021-22,2022-03-16,0022101041,CHI,Alex Caruso,1627936,1529,0,,2,1,5,0,2,0,0,0,2,2,1,1,1,3,4
2021-22,2022-03-16,0022101041,CHI,Ayo Dosunmu,1630245,1857,1,,15,6,11,2,3,1,1,1,2,3,6,1,0,2,4
2021-22,2022-03-16,0022101041,CHI,Coby White,1629632,1182,0,,12,5,10,2,5,0,0,0,1,1,3,0,0,0,4
2021-22,2022-03-16,0022101041,CHI,DeMar DeRozan,201942,2076,1,,25,10,20,2,2,3,4,0,5,5,7,0,0,4,3
2021-22,2022-03-16,0022101041,CHI,Derrick Jones Jr.,1627884,1165,0,,1,0,1,0,1,1,2,1,0,1,2,1,0,0,0
2021-22,2022-03-16,0022101041,CHI,Javonte Green,1629750,1313,1,,5,2,3,1,2,0,0,0,4,4,2,1,0,1,1
2021-22,2022-03-16,0022101041,CHI,Matt Thomas,1629744,172,0,,0,0,2,0,2,0,0,0,1,1,0,0,0,0,0
2021-22,2022-03-16,0022101041,CHI,Nikola Vucevic,202696,1744,1,,10,5,14,0,6,0,0,1,10,11,1,1,0,0,2
2021-22,2022-03-16,0022101041,CHI,Tony Bradley,1628396,172,0,,0,0,0,0,0,0,0,0,0,0,0,0,0,1,0
2021-22,2022-03-16,0022101041,CHI,Tristan Thompson,202684,965,0,,5,2,4,0,1,1,2,2,3,5,1,2,0,0,1
2021-22,2022-03-16,0022101041,CHI,Troy Brown Jr.,1628972,239,0,,2,1,1,0,0,0,0,0,2,2,0,0,0,0,0
2021-22,2022-03-16,0022101041,CHI,Zach LaVine,203897,1987,1,,33,11,20,5,10,6,8,0,2,2,5,3,1,1,3
2021-22,2022-03-16,0022101044,TOR,Thaddeus Young,201152,733,0,,3,1,2,1,2,0,2,0,2,2,1,0,0,0,1
2021-22,2022-03-18,0022101049,CLE,Lauri Markkanen,1628374,2522,1,,31,11,18,6,12,3,4,0,10,10,3,4,0,1,4
2021-22,2022-03-18,0022101050,WAS,Tomas Satoransky,203107,585,0,,3,1,3,1,2,0,0,0,2,2,1,0,0,1,5
2021-22,2022-03-18,0022101051,LAL,Stanley Johnson,1626169,1805,0,,4,2,9,0,2,0,0,1,2,3,5,2,0,1,1
2021-22,2022-03-18,0022101051,TOR,Thaddeus Young,201152,754,0,,3,1,4,1,2,0,0,0,2,2,0,0,0,2,1
2021-22,2022-03-18,0022101054,SAS,Joe Wieskamp,1630580,1176,0,,11,4,6,3,5,0,0,0,0,0,2,0,1,1,0
2021-22,2022-03-18,0022101056,CHI,Alex Caruso,1627936,1529,0,,8,3,7,2,4,0,0,1,2,3,3,1,0,1,3
2021-22,2022-03-18,0022101056,CHI,Ayo Dosunmu,1630245,1727,1,,4,2,9,0,3,0,0,1,1,2,1,1,0,1,2
2021-22,2022-03-18,0022101056,CHI,Coby White,1629632,1515,0,,14,5,11,2,6,2,2,0,2,2,1,0,0,0,2
2021-22,2022-03-18,0022101056,CHI,DeMar DeRozan,201942,2011,1,,19,6,14,0,1,7,8,0,1,1,2,0,0,2,4
2021-22,2022-03-18,0022101056,CHI,Derrick Jones Jr.,1627884,1119,0,,2,1,4,0,3,0,0,1,3,4,1,0,0,2,1
2021-22,2022-03-18,0022101056,CHI,Javonte Green,1629750,1290,1,,6,2,3,1,2,1,2,3,4,7,0,1,0,0,3
2021-22,2022-03-18,0022101056,CHI,Matt Thomas,1629744,233,0,,8,3,4,2,3,0,0,0,0,0,0,0,0,0,0
2021-22,2022-03-18,0022101056,CHI,Nikola Vucevic,202696,1587,1,,16,8,16,0,2,0,1,3,4,7,1,2,0,1,1
2021-22,2022-03-18,0022101056,CHI,Tony Bradley,1628396,298,0,,2,0,1,0,0,2,2,0,2,2,1,0,0,0,0
2021-22,2022-03-18,0022101056,CHI,Tristan Thompson,202684,909,0,,11,4,7,0,0,3,4,4,1,5,1,1,0,1,1
2021-22,2022-03-18,0022101056,CHI,Troy Brown Jr.,1628972,385,0,,0,0,2,0,2,0,0,0,2,2,0,0,0,1,1
2021-22,2022-03-18,0022101056,CHI,Zach LaVine,203897,1798,1,,12,1,7,0,1,10,12,0,2,2,9,0,0,2,0
2021-22,2022-03-19,0022101059,CHA,LaMelo Ball,1630163,1825,1,,17,6,12,5,8,0,0,1,3,4,7,4,1,0,3
2021-22,2022-03-19,0022101060,CLE,Lauri Markkanen,1628374,1969,1,,8,3,8,1,4,1,2,0,4,4,2,0,0,1,2
2021-22,2022-03-19,0022101061,LAL,Stanley Johnson,1626169,1525,1,,12,5,9,0,2,2,2,0,4,4,3,1,0,0,2
2021-22,2022-03-19,0022101061,WAS,Tomas Satoransky,203107,1604,0,,16,6,6,2,2,2,2,2,1,3,6,2,0,0,1
2021-22,2022-03-20,0022101062,IND,Chris Duarte,1630537,0,0,DND - Injury/Illness,0,0,0,0,0,0,0,0,0,0,0,0,0,0,0
2021-22,2022-03-20,0022101065,ORL,Wendell Carter Jr.,1628976,1841,1,,30,12,15,2,3,4,7,4,12,16,2,2,1,5,3
2021-22,2022-03-20,0022101069,TOR,Thaddeus Young,201152,1163,0,,2,1,2,0,1,0,0,1,6,7,3,1,2,2,0
2021-22,2022-03-20,0022101070,SAS,Joe Wieskamp,1630580,302,0,,2,0,1,0,1,2,2,0,0,0,0,0,0,0,2
2021-22,2022-03-21,0022101071,CHA,LaMelo Ball,1630163,1941,1,,17,6,12,4,9,1,1,0,4,4,9,0,2,1,1
2021-22,2022-03-21,0022101072,CLE,Lauri Markkanen,1628374,2238,1,,18,6,12,4,10,2,2,1,8,9,1,0,0,0,2
2021-22,2022-03-21,0022101072,LAL,Stanley Johnson,1626169,1384,0,,12,5,8,2,4,0,0,1,2,3,1,3,0,0,2
2021-22,2022-03-21,0022101076,CHI,Alex Caruso,1627936,1957,1,,7,2,7,2,4,1,2,0,2,2,6,1,0,0,2
2021-22,2022-03-21,0022101076,CHI,Ayo Dosunmu,1630245,1452,0,,11,5,9,1,2,0,0,1,1,2,6,0,1,0,4
2021-22,2022-03-21,0022101076,CHI,Coby White,1629632,805,0,,2,1,5,0,2,0,0,0,2,2,4,0,0,0,1
2021-22,2022-03-21,0022101076,CHI,DeMar DeRozan,201942,2085,1,,26,11,14,1,4,3,5,0,5,5,1,1,3,1,3
2021-22,2022-03-21,0022101076,CHI,Derrick Jones Jr.,1627884,0,0,DNP - Coach's Decision,0,0,0,0,0,0,0,0,0,0,0,0,0,0,0
2021-22,2022-03-21,0022101076,CHI,Javonte Green,1629750,1789,1,,7,3,5,0,1,1,2,1,3,4,2,1,0,0,0
2021-22,2022-03-21,0022101076,CHI,Matt Thomas,1629744,77,0,,0,0,0,0,0,0,0,0,0,0,0,0,0,0,0
2021-22,2022-03-21,0022101076,CHI,Nikola Vucevic,202696,1957,1,,19,7,17,2,4,3,5,7,6,13,2,1,1,2,2
2021-22,2022-03-21,0022101076,CHI,Patrick Williams,1630172,1132,0,,7,3,8,1,3,0,0,1,1,2,0,1,0,1,1
2021-22,2022-03-21,0022101076,TOR,Thaddeus Young,201152,868,0,,4,2,4,0,0,0,0,1,1,2,1,2,0,1,1
2021-22,2022-03-21,0022101076,CHI,Tony Bradley,1628396,118,0,,1,0,1,0,0,1,2,1,0,1,0,0,0,0,1
2021-22,2022-03-21,0022101076,CHI,Tristan Thompson,202684,805,0,,4,2,4,0,0,0,0,0,4,4,1,0,2,1,0
2021-22,2022-03-21,0022101076,CHI,Troy Brown Jr.,1628972,118,0,,3,1,2,1,2,0,0,1,0,1,0,0,0,0,0
2021-22,2022-03-21,0022101076,CHI,Zach LaVine,203897,2105,1,,26,9,18,3,6,5,8,2,4,6,6,1,0,0,0
2021-22,2022-03-21,0022101077,WAS,Tomas Satoransky,203107,1435,0,,3,1,4,0,2,1,2,0,4,4,1,0,0,3,2
2021-22,2022-03-22,0022101080,ORL,Wendell Carter Jr.,1628976,1966,1,,19,7,12,1,4,4,5,2,6,8,0,0,0,2,4
2021-22,2022-03-22,0022101082,CHI,Alex Caruso,1627936,1786,1,,3,1,5,1,3,0,2,1,4,5,6,1,0,2,1
2021-22,2022-03-22,0022101082,CHI,Ayo Dosunmu,1630245,1649,0,,7,3,8,1,3,0,0,0,0,0,1,0,0,0,0
2021-22,2022-03-22,0022101082,CHI,Coby White,1629632,1358,0,,5,2,10,1,6,0,0,0,0,0,2,2,0,1,1
2021-22,2022-03-22,0022101082,CHI,DeMar DeRozan,201942,2147,1,,21,10,23,1,5,0,0,1,3,4,2,1,1,1,3
2021-22,2022-03-22,0022101082,CHI,Derrick Jones Jr.,1627884,0,0,DNP - Coach's Decision,0,0,0,0,0,0,0,0,0,0,0,0,0,0,0
2021-22,2022-03-22,0022101082,CHI,Javonte Green,1629750,1184,1,,4,2,4,0,2,0,0,0,6,6,0,2,2,0,1
2021-22,2022-03-22,0022101082,CHI,Matt Thomas,1629744,0,0,DNP - Coach's Decision,0,0,0,0,0,0,0,0,0,0,0,0,0,0,0
2021-22,2022-03-22,0022101082,CHI,Nikola Vucevic,202696,1923,1,,22,9,15,4,5,0,0,1,6,7,2,0,0,1,2
2021-22,2022-03-22,0022101082,CHI,Patrick Williams,1630172,1102,0,,6,2,6,1,2,1,3,1,3,4,1,1,0,0,1
2021-22,2022-03-22,0022101082,CHI,Tony Bradley,1628396,0,0,DNP - Coach's Decision,0,0,0,0,0,0,0,0,0,0,0,0,0,0,0
2021-22,2022-03-22,0022101082,CHI,Tristan Thompson,202684,957,0,,5,2,3,0,0,1,2,1,3,4,0,1,0,0,1
2021-22,2022-03-22,0022101082,CHI,Troy Brown Jr.,1628972,268,0,,4,2,2,0,0,0,0,0,0,0,0,0,1,0,1
2021-22,2022-03-22,0022101082,CHI,Zach LaVine,203897,2026,1,,21,6,16,4,7,5,6,0,3,3,7,1,0,2,1
2021-22,2022-03-23,0022101084,CHA,LaMelo Ball,1630163,2317,1,,32,13,23,6,14,0,0,1,8,9,5,1,0,4,5
2021-22,2022-03-23,0022101093,LAL,Stanley Johnson,1626169,2104,1,,13,5,7,3,3,0,0,1,4,5,8,0,0,1,3
2021-22,2022-03-23,0022101094,SAS,Joe Wieskamp,1630580,1179,0,,6,2,9,2,8,0,0,1,0,1,0,0,0,0,1
2021-22,2022-03-24,0022101095,CLE,Lauri Markkanen,1628374,2167,1,,20,6,10,2,6,6,6,1,4,5,1,1,0,1,2
2021-22,2022-03-24,0022101095,TOR,Thaddeus Young,201152,923,0,,8,4,6,0,1,0,0,2,2,4,2,1,0,0,0
2021-22,2022-03-24,0022101097,WAS,Tomas Satoransky,203107,779,0,,2,1,5,0,1,0,0,0,2,2,2,1,0,0,4
2021-22,2022-03-24,0022101098,CHI,Alex Caruso,1627936,1678,1,,11,3,7,1,3,4,4,0,1,1,2,1,0,3,5
2021-22,2022-03-24,0022101098,CHI,Ayo Dosunmu,1630245,1936,1,,4,2,8,0,3,0,0,1,3,4,5,0,0,1,4
2021-22,2022-03-24,0022101098,CHI,Coby White,1629632,1723,0,,23,9,15,5,8,0,0,0,3,3,6,1,0,3,6
2021-22,2022-03-24,0022101098,CHI,Derrick Jones Jr.,1627884,368,0,,2,1,2,0,0,0,0,0,1,1,0,0,0,0,0
2021-22,2022-03-24,0022101098,CHI,Javonte Green,1629750,1523,1,,5,2,3,1,2,0,0,1,5,6,2,0,1,0,0
2021-22,2022-03-24,0022101098,CHI,Matt Thomas,1629744,0,0,DNP - Coach's Decision,0,0,0,0,0,0,0,0,0,0,0,0,0,0,0
2021-22,2022-03-24,0022101098,CHI,Nikola Vucevic,202696,1905,1,,16,7,11,2,3,0,0,0,9,9,3,2,2,1,3
2021-22,2022-03-24,0022101098,CHI,Patrick Williams,1630172,1049,0,,2,1,2,0,1,0,2,1,1,2,1,0,0,1,3
2021-22,2022-03-24,0022101098,CHI,Tony Bradley,1628396,60,0,,0,0,0,0,0,0,0,0,0,0,1,0,0,0,0
2021-22,2022-03-24,0022101098,CHI,Tristan Thompson,202684,915,0,,4,2,5,0,1,0,0,1,3,4,2,0,0,1,0
2021-22,2022-03-24,0022101098,CHI,Troy Brown Jr.,1628972,857,0,,3,1,2,1,2,0,0,0,0,0,0,0,0,0,2
2021-22,2022-03-24,0022101098,CHI,Zach LaVine,203897,2386,1,,39,12,23,4,11,11,13,0,3,3,3,1,1,5,1
2021-22,2022-03-25,0022101100,CHA,LaMelo Ball,1630163,2017,1,,21,9,22,2,6,1,1,1,3,4,5,2,0,2,4
2021-22,2022-03-25,0022101101,WAS,Tomas Satoransky,203107,1736,1,,6,2,4,0,0,2,2,1,2,3,6,2,0,1,0
2021-22,2022-03-26,0022101107,SAS,Joe Wieskamp,1630580,495,0,,0,0,2,0,2,0,0,0,0,0,0,0,0,0,1
2021-22,2022-03-26,0022101109,TOR,Thaddeus Young,201152,928,0,,11,4,8,1,2,2,2,0,0,0,1,2,1,0,1
2021-22,2022-03-26,0022101110,CHI,Alex Caruso,1627936,2283,1,,10,3,5,2,2,2,2,2,6,8,7,2,0,0,2
2021-22,2022-03-26,0022101110,CHI,Ayo Dosunmu,1630245,1901,1,,11,5,6,0,1,1,1,0,2,2,5,0,0,1,5
2021-22,2022-03-26,0022101110,CHI,Coby White,1629632,1177,0,,0,0,3,0,2,0,0,0,2,2,0,1,0,2,1
2021-22,2022-03-26,0022101110,CHI,DeMar DeRozan,201942,2094,1,,20,8,17,0,1,4,5,0,5,5,2,0,0,4,5
2021-22,2022-03-26,0022101110,CHI,Derrick Jones Jr.,1627884,0,0,DNP - Coach's Decision,0,0,0,0,0,0,0,0,0,0,0,0,0,0,0
2021-22,2022-03-26,0022101110,CHI,Javonte Green,1629750,890,0,,7,2,5,0,3,3,3,1,1,2,0,0,0,1,4
2021-22,2022-03-26,0022101110,CLE,Lauri Markkanen,1628374,1941,1,,14,5,13,1,7,3,4,3,6,9,2,2,1,2,6
2021-22,2022-03-26,0022101110,CHI,Matt Thomas,1629744,0,0,DNP - Coach's Decision,0,0,0,0,0,0,0,0,0,0,0,0,0,0,0
2021-22,2022-03-26,0022101110,CHI,Nikola Vucevic,202696,2132,1,,16,6,14,1,4,3,3,1,8,9,4,1,1,2,3
2021-22,2022-03-26,0022101110,CHI,Patrick Williams,1630172,852,0,,4,2,4,0,1,0,0,0,4,4,1,0,0,1,0
2021-22,2022-03-26,0022101110,CHI,Tony Bradley,1628396,0,0,DNP - Coach's Decision,0,0,0,0,0,0,0,0,0,0,0,0,0,0,0
2021-22,2022-03-26,0022101110,CHI,Tristan Thompson,202684,746,0,,5,2,4,0,0,1,3,2,2,4,1,1,0,0,1
2021-22,2022-03-26,0022101110,CHI,Troy Brown Jr.,1628972,0,0,DNP - Coach's Decision,0,0,0,0,0,0,0,0,0,0,0,0,0,0,0
2021-22,2022-03-26,0022101110,CHI,Zach LaVine,203897,2325,1,,25,8,17,2,7,7,8,0,1,1,3,1,0,2,0
2021-22,2022-03-27,0022101117,WAS,Tomas Satoransky,203107,1803,1,,9,4,9,0,2,1,2,0,3,3,7,1,0,2,2
2021-22,2022-03-27,0022101119,LAL,Stanley Johnson,1626169,1147,0,,0,0,0,0,0,0,0,0,1,1,0,1,0,0,3
2021-22,2022-03-27,0022101120,CHA,LaMelo Ball,1630163,2228,1,,33,10,21,7,12,6,8,1,6,7,9,3,0,1,3
2021-22,2022-03-28,0022101122,CHA,LaMelo Ball,1630163,2053,1,,22,8,21,4,11,2,2,3,3,6,11,2,0,3,4
2021-22,2022-03-28,0022101123,CLE,Lauri Markkanen,1628374,1748,1,,20,6,15,3,9,5,5,0,3,3,0,0,0,2,3
2021-22,2022-03-28,0022101123,ORL,Wendell Carter Jr.,1628976,1600,1,,15,7,14,0,4,1,6,1,11,12,6,1,0,2,2
2021-22,2022-03-28,0022101126,CHI,Alex Caruso,1627936,1817,1,,3,1,4,1,4,0,0,0,5,5,2,2,1,1,6
2021-22,2022-03-28,0022101126,CHI,Ayo Dosunmu,1630245,2162,1,,10,4,8,2,5,0,0,1,1,2,3,0,0,1,4
2021-22,2022-03-28,0022101126,CHI,Coby White,1629632,1282,0,,6,2,9,0,5,2,2,0,7,7,0,0,0,2,2
2021-22,2022-03-28,0022101126,CHI,DeMar DeRozan,201942,2479,1,,37,12,26,1,1,12,12,0,6,6,7,0,0,4,4
2021-22,2022-03-28,0022101126,CHI,Derrick Jones Jr.,1627884,0,0,DNP - Coach's Decision,0,0,0,0,0,0,0,0,0,0,0,0,0,0,0
2021-22,2022-03-28,0022101126,CHI,Javonte Green,1629750,850,0,,3,0,1,0,0,3,4,0,2,2,0,1,0,1,1
2021-22,2022-03-28,0022101126,CHI,Matt Thomas,1629744,0,0,DNP - Coach's Decision,0,0,0,0,0,0,0,0,0,0,0,0,0,0,0
2021-22,2022-03-28,0022101126,CHI,Nikola Vucevic,202696,2021,1,,16,6,11,0,1,4,5,2,11,13,1,2,1,2,4
2021-22,2022-03-28,0022101126,CHI,Patrick Williams,1630172,759,0,,0,0,0,0,0,0,0,1,1,2,0,1,1,1,0
2021-22,2022-03-28,0022101126,CHI,Tony Bradley,1628396,0,0,DNP - Coach's Decision,0,0,0,0,0,0,0,0,0,0,0,0,0,0,0
2021-22,2022-03-28,0022101126,CHI,Tristan Thompson,202684,858,0,,2,1,3,0,0,0,0,2,4,6,0,0,0,0,1
2021-22,2022-03-28,0022101126,CHI,Troy Brown Jr.,1628972,0,0,DNP - Coach's Decision,0,0,0,0,0,0,0,0,0,0,0,0,0,0,0
2021-22,2022-03-28,0022101126,CHI,Zach LaVine,203897,2173,1,,27,8,17,2,7,9,10,0,4,4,3,0,0,0,2
2021-22,2022-03-28,0022101127,TOR,Thaddeus Young,201152,1654,0,,12,5,9,2,5,0,0,3,5,8,3,1,3,0,2
2021-22,2022-03-28,0022101128,SAS,Joe Wieskamp,1630580,0,0,DNP - Coach's Decision,0,0,0,0,0,0,0,0,0,0,0,0,0,0,0
2021-22,2022-03-29,0022101132,CHI,Alex Caruso,1627936,1685,1,,2,1,3,0,1,0,0,0,3,3,4,3,0,1,1
2021-22,2022-03-29,0022101132,CHI,Ayo Dosunmu,1630245,1599,1,,4,2,5,0,1,0,0,0,1,1,6,0,0,0,1
2021-22,2022-03-29,0022101132,CHI,Coby White,1629632,1753,0,,9,4,9,1,3,0,0,0,4,4,5,0,0,2,2
2021-22,2022-03-29,0022101132,CHI,DeMar DeRozan,201942,2176,1,,32,12,27,1,2,7,7,0,7,7,4,2,0,1,3
2021-22,2022-03-29,0022101132,CHI,Derrick Jones Jr.,1627884,0,0,DNP - Coach's Decision,0,0,0,0,0,0,0,0,0,0,0,0,0,0,0
2021-22,2022-03-29,0022101132,CHI,Javonte Green,1629750,776,0,,9,4,4,0,0,1,1,0,2,2,0,2,0,0,1
2021-22,2022-03-29,0022101132,CHI,Matt Thomas,1629744,0,0,DNP - Coach's Decision,0,0,0,0,0,0,0,0,0,0,0,0,0,0,0
2021-22,2022-03-29,0022101132,CHI,Nikola Vucevic,202696,1858,1,,27,12,19,2,5,1,1,1,4,5,4,1,0,1,2
2021-22,2022-03-29,0022101132,CHI,Patrick Williams,1630172,1477,0,,6,2,5,0,1,2,3,3,4,7,0,1,0,0,1
2021-22,2022-03-29,0022101132,WAS,Tomas Satoransky,203107,1526,1,,3,1,4,0,1,1,2,0,3,3,10,1,1,0,3
2021-22,2022-03-29,0022101132,CHI,Tony Bradley,1628396,0,0,DNP - Coach's Decision,0,0,0,0,0,0,0,0,0,0,0,0,0,0,0
2021-22,2022-03-29,0022101132,CHI,Tristan Thompson,202684,1022,0,,4,2,3,0,0,0,0,2,1,3,2,0,1,0,1
2021-22,2022-03-29,0022101132,CHI,Troy Brown Jr.,1628972,0,0,DNP - Coach's Decision,0,0,0,0,0,0,0,0,0,0,0,0,0,0,0
2021-22,2022-03-29,0022101132,CHI,Zach LaVine,203897,2055,1,,14,4,10,2,5,4,6,0,4,4,1,0,0,3,2
2021-22,2022-03-29,0022101134,LAL,Stanley Johnson,1626169,2099,1,,16,6,10,1,4,3,3,3,2,5,3,1,1,0,1
2021-22,2022-03-30,0022101136,CLE,Lauri Markkanen,1628374,1976,1,,13,5,12,1,6,2,2,1,5,6,1,0,1,0,2
2021-22,2022-03-30,0022101138,WAS,Tomas Satoransky,203107,1618,1,,0,0,2,0,1,0,0,2,8,10,13,0,0,2,0
2021-22,2022-03-30,0022101140,CHA,LaMelo Ball,1630163,2200,1,,20,8,18,1,8,3,3,1,4,5,15,3,0,6,4
2021-22,2022-03-30,0022101141,TOR,Thaddeus Young,201152,1028,0,,10,4,6,2,3,0,0,0,4,4,2,1,0,0,2
2021-22,2022-03-30,0022101144,SAS,Joe Wieskamp,1630580,0,0,DNP - Coach's Decision,0,0,0,0,0,0,0,0,0,0,0,0,0,0,0
2021-22,2022-03-31,0022100452,CLE,Lauri Markkanen,1628374,1172,1,,8,3,8,1,4,1,1,2,2,4,0,1,0,2,4
2021-22,2022-03-31,0022101149,CHI,Alex Caruso,1627936,2006,1,,7,3,8,1,4,0,0,1,2,3,7,0,0,0,1
2021-22,2022-03-31,0022101149,CHI,Ayo Dosunmu,1630245,1411,1,,8,4,8,0,3,0,0,0,2,2,2,1,1,2,2
2021-22,2022-03-31,0022101149,CHI,Coby White,1629632,1406,0,,11,5,12,1,7,0,0,0,1,1,1,0,0,0,2
2021-22,2022-03-31,0022101149,CHI,DeMar DeRozan,201942,2604,1,,50,17,26,2,2,14,15,0,5,5,6,1,0,2,4
2021-22,2022-03-31,0022101149,CHI,Derrick Jones Jr.,1627884,0,0,DNP - Coach's Decision,0,0,0,0,0,0,0,0,0,0,0,0,0,0,0
2021-22,2022-03-31,0022101149,CHI,Javonte Green,1629750,720,0,,2,1,3,0,0,0,0,1,2,3,1,2,0,0,2
2021-22,2022-03-31,0022101149,CHI,Matt Thomas,1629744,0,0,DNP - Coach's Decision,0,0,0,0,0,0,0,0,0,0,0,0,0,0,0
2021-22,2022-03-31,0022101149,CHI,Nikola Vucevic,202696,2376,1,,22,9,19,3,5,1,2,5,9,14,1,0,0,2,2
2021-22,2022-03-31,0022101149,CHI,Patrick Williams,1630172,2209,0,,10,4,4,2,2,0,0,3,9,12,0,1,2,0,2
2021-22,2022-03-31,0022101149,CHI,Tony Bradley,1628396,0,0,DNP - Coach's Decision,0,0,0,0,0,0,0,0,0,0,0,0,0,0,0
2021-22,2022-03-31,0022101149,CHI,Tristan Thompson,202684,729,0,,4,2,5,0,0,0,2,3,3,6,1,0,0,0,0
2021-22,2022-03-31,0022101149,CHI,Troy Brown Jr.,1628972,0,0,DNP - Coach's Decision,0,0,0,0,0,0,0,0,0,0,0,0,0,0,0
2021-22,2022-03-31,0022101149,CHI,Zach LaVine,203897,2439,1,,21,5,17,1,6,10,13,0,4,4,5,1,0,2,2
2021-22,2022-03-31,0022101150,LAL,Stanley Johnson,1626169,1377,1,,2,0,3,0,1,2,2,0,0,0,1,1,0,1,3
2021-22,2022-04-01,0022101151,TOR,Thaddeus Young,201152,737,0,,1,0,2,0,2,1,2,1,2,3,2,3,0,1,0
2021-22,2022-04-01,0022101152,WAS,Tomas Satoransky,203107,901,1,,2,0,1,0,0,2,2,0,4,4,7,0,0,1,3
2021-22,2022-04-01,0022101160,LAL,Stanley Johnson,1626169,1336,0,,4,0,2,0,2,4,6,0,1,1,1,2,0,0,3
2021-22,2022-04-02,0022101161,CHA,LaMelo Ball,1630163,1669,1,,13,5,12,3,6,0,0,0,2,2,5,2,0,6,1
2021-22,2022-04-02,0022101162,CLE,Lauri Markkanen,1628374,1441,1,,10,2,3,1,2,5,6,0,9,9,1,0,0,0,4
2021-22,2022-04-02,0022101164,CHI,Alex Caruso,1627936,1303,1,,0,0,2,0,1,0,0,2,1,3,4,1,0,1,2
2021-22,2022-04-02,0022101164,CHI,Ayo Dosunmu,1630245,1884,1,,11,5,10,1,4,0,0,0,3,3,4,0,0,0,3
2021-22,2022-04-02,0022101164,CHI,Coby White,1629632,1215,0,,2,0,9,0,7,2,2,1,2,3,2,0,0,1,3
2021-22,2022-04-02,0022101164,CHI,DeMar DeRozan,201942,2261,1,,26,6,18,1,4,13,13,0,1,1,2,1,0,0,1
2021-22,2022-04-02,0022101164,CHI,Derrick Jones Jr.,1627884,192,0,,3,1,1,0,0,1,1,1,0,1,0,0,0,0,0
2021-22,2022-04-02,0022101164,CHI,Javonte Green,1629750,789,0,,8,3,6,1,2,1,1,2,1,3,0,0,0,0,3
2021-22,2022-04-02,0022101164,CHI,Matt Thomas,1629744,0,0,DNP - Injury/Illness,0,0,0,0,0,0,0,0,0,0,0,0,0,0,0
2021-22,2022-04-02,0022101164,CHI,Nikola Vucevic,202696,1903,1,,12,6,11,0,3,0,0,2,8,10,5,0,1,0,1
2021-22,2022-04-02,0022101164,CHI,Patrick Williams,1630172,1784,0,,12,4,6,1,1,3,4,0,6,6,2,1,2,1,2
2021-22,2022-04-02,0022101164,CHI,Tony Bradley,1628396,96,0,,0,0,0,0,0,0,0,0,1,1,0,0,0,0,0
2021-22,2022-04-02,0022101164,CHI,Tristan Thompson,202684,785,0,,2,1,2,0,0,0,2,1,2,3,0,1,1,1,1
2021-22,2022-04-02,0022101164,CHI,Troy Brown Jr.,1628972,96,0,,0,0,0,0,0,0,0,0,0,0,0,0,0,0,0
2021-22,2022-04-02,0022101164,CHI,Zach LaVine,203897,2092,1,,33,11,21,5,12,6,6,2,3,5,2,1,0,1,3
2021-22,2022-04-03,0022101166,WAS,Tomas Satoransky,203107,1205,1,,7,2,4,0,0,3,4,0,1,1,7,0,0,1,2
2021-22,2022-04-03,0022101168,LAL,Stanley Johnson,1626169,935,0,,3,1,2,1,2,0,0,1,1,2,2,0,0,1,0
2021-22,2022-04-03,0022101170,CLE,Lauri Markkanen,1628374,2324,1,,16,5,12,4,7,2,2,0,7,7,2,0,0,1,6
2021-22,2022-04-03,0022101172,TOR,Thaddeus Young,201152,1068,0,,2,0,2,0,1,2,4,3,4,7,2,1,0,1,0
2021-22,2022-04-03,0022101175,SAS,Joe Wieskamp,1630580,118,0,,0,0,0,0,0,0,0,0,0,0,0,1,0,0,0
2021-22,2022-04-05,0022101179,CLE,Lauri Markkanen,1628374,2083,1,,25,7,16,6,12,5,5,0,4,4,1,0,2,0,3
2021-22,2022-04-05,0022101181,CHA,LaMelo Ball,1630163,2064,1,,18,7,13,4,9,0,0,1,4,5,14,1,0,5,3
2021-22,2022-04-05,0022101182,TOR,Thaddeus Young,201152,872,0,,7,3,6,1,1,0,0,5,3,8,1,0,0,0,2
2021-22,2022-04-05,0022101183,CHI,Alex Caruso,1627936,1330,1,,0,0,6,0,5,0,0,1,2,3,8,0,0,0,4
2021-22,2022-04-05,0022101183,CHI,Ayo Dosunmu,1630245,1453,1,,9,4,9,0,1,1,1,0,6,6,1,2,0,3,1
2021-22,2022-04-05,0022101183,CHI,Coby White,1629632,1871,0,,13,5,11,3,7,0,0,0,3,3,1,0,0,2,0
2021-22,2022-04-05,0022101183,CHI,DeMar DeRozan,201942,2195,1,,40,16,26,0,2,8,8,2,1,3,6,1,0,4,5
2021-22,2022-04-05,0022101183,CHI,Derrick Jones Jr.,1627884,1244,0,,6,2,5,2,5,0,0,1,1,2,2,1,1,1,1
2021-22,2022-04-05,0022101183,CHI,Javonte Green,1629750,1320,0,,7,2,5,1,2,2,2,1,2,3,1,3,0,0,1
2021-22,2022-04-05,0022101183,CHI,Malcolm Hill,1630792,0,0,DNP - Coach's Decision,0,0,0,0,0,0,0,0,0,0,0,0,0,0,0
2021-22,2022-04-05,0022101183,CHI,Marko Simonovic,1630250,0,0,DNP - Coach's Decision,0,0,0,0,0,0,0,0,0,0,0,0,0,0,0
2021-22,2022-04-05,0022101183,CHI,Matt Thomas,1629744,0,0,DNP - Injury/Illness,0,0,0,0,0,0,0,0,0,0,0,0,0,0,0
2021-22,2022-04-05,0022101183,CHI,Nikola Vucevic,202696,1570,1,,7,3,19,1,6,0,0,1,5,6,3,1,0,2,4
2021-22,2022-04-05,0022101183,CHI,Patrick Williams,1630172,1904,1,,18,7,9,2,4,2,2,4,2,6,0,0,0,1,2
2021-22,2022-04-05,0022101183,CHI,Tony Bradley,1628396,219,0,,2,1,1,0,0,0,0,0,2,2,0,0,0,0,0
2021-22,2022-04-05,0022101183,CHI,Tristan Thompson,202684,983,0,,4,2,5,0,0,0,0,3,4,7,0,0,1,0,3
2021-22,2022-04-05,0022101183,CHI,Troy Brown Jr.,1628972,311,0,,0,0,2,0,1,0,0,0,1,1,0,0,0,1,0
2021-22,2022-04-05,0022101183,CHI,Tyler Cook,1629076,0,0,DNP - Coach's Decision,0,0,0,0,0,0,0,0,0,0,0,0,0,0,0
2021-22,2022-04-05,0022101184,WAS,Tomas Satoransky,203107,1218,1,,8,4,7,0,1,0,0,0,2,2,7,0,0,1,3
2021-22,2022-04-05,0022101186,SAS,Joe Wieskamp,1630580,198,0,,0,0,1,0,1,0,0,0,1,1,0,0,0,0,0
2021-22,2022-04-05,0022101189,LAL,Stanley Johnson,1626169,880,0,,2,0,4,0,2,2,2,0,3,3,1,0,0,2,0
2021-22,2022-04-06,0022101192,WAS,Tomas Satoransky,203107,1528,1,,9,4,5,1,2,0,0,0,1,1,5,0,0,2,1
2021-22,2022-04-06,0022101193,CHI,Ayo Dosunmu,1630245,1362,1,,7,3,4,1,1,0,0,0,2,2,3,1,0,2,1
2021-22,2022-04-06,0022101193,CHI,Coby White,1629632,1558,0,,10,3,6,2,3,2,2,0,3,3,2,2,0,1,4
2021-22,2022-04-06,0022101193,CHI,DeMar DeRozan,201942,1979,1,,16,6,16,1,1,3,4,0,2,2,5,2,0,2,2
2021-22,2022-04-06,0022101193,CHI,Derrick Jones Jr.,1627884,1385,0,,9,3,8,0,4,3,4,1,3,4,1,0,1,1,2
2021-22,2022-04-06,0022101193,CHI,Javonte Green,1629750,1268,0,,9,4,6,1,2,0,0,1,5,6,0,1,2,1,1
2021-22,2022-04-06,0022101193,CHI,Malcolm Hill,1630792,151,0,,0,0,1,0,1,0,0,0,0,0,0,0,0,0,0
2021-22,2022-04-06,0022101193,CHI,Marko Simonovic,1630250,0,0,DNP - Coach's Decision,0,0,0,0,0,0,0,0,0,0,0,0,0,0,0
2021-22,2022-04-06,0022101193,CHI,Nikola Vucevic,202696,1522,1,,13,5,13,1,3,2,2,1,6,7,1,1,0,4,3
2021-22,2022-04-06,0022101193,CHI,Patrick Williams,1630172,1549,1,,5,2,7,0,2,1,3,1,4,5,0,0,0,2,5
2021-22,2022-04-06,0022101193,CHI,Tony Bradley,1628396,375,0,,5,2,3,0,0,1,2,1,0,1,0,0,0,1,0
2021-22,2022-04-06,0022101193,CHI,Tristan Thompson,202684,1272,0,,10,4,5,0,0,2,3,2,4,6,1,0,0,1,2
2021-22,2022-04-06,0022101193,CHI,Troy Brown Jr.,1628972,348,0,,3,1,2,1,1,0,0,0,2,2,2,0,0,0,0
2021-22,2022-04-06,0022101193,CHI,Tyler Cook,1629076,0,0,DNP - Coach's Decision,0,0,0,0,0,0,0,0,0,0,0,0,0,0,0
2021-22,2022-04-06,0022101193,CHI,Zach LaVine,203897,1631,1,,7,2,9,0,5,3,3,0,2,2,4,0,1,2,2
2021-22,2022-04-07,0022101196,CHA,LaMelo Ball,1630163,2081,1,,26,10,21,4,10,2,2,0,8,8,9,4,0,3,1
2021-22,2022-04-07,0022101197,TOR,Thaddeus Young,201152,1856,0,,6,2,10,1,5,1,2,2,3,5,2,3,0,0,5
2021-22,2022-04-07,0022101199,SAS,Joe Wieskamp,1630580,507,0,,1,0,2,0,1,1,2,0,1,1,0,0,0,0,2
2021-22,2022-04-07,0022101202,LAL,Stanley Johnson,1626169,2087,1,,8,2,7,1,4,3,7,1,5,6,2,2,0,6,3
2021-22,2022-04-08,0022101204,WAS,Tomas Satoransky,203107,1211,1,,4,2,6,0,2,0,0,0,2,2,8,0,0,3,1
2021-22,2022-04-08,0022101205,CLE,Lauri Markkanen,1628374,1501,1,,17,7,14,2,5,1,1,1,3,4,0,0,0,2,4
2021-22,2022-04-08,0022101206,TOR,Thaddeus Young,201152,1458,0,,14,6,8,0,2,2,2,1,3,4,3,1,0,1,3
2021-22,2022-04-08,0022101208,CHI,Ayo Dosunmu,1630245,1676,0,,16,7,10,1,2,1,2,0,1,1,3,2,0,2,3
2021-22,2022-04-08,0022101208,CHI,Coby White,1629632,2184,1,,19,6,14,6,9,1,2,0,1,1,4,1,0,2,4
2021-22,2022-04-08,0022101208,CHI,DeMar DeRozan,201942,1819,1,,17,7,13,0,1,3,4,0,1,1,1,0,0,5,2
2021-22,2022-04-08,0022101208,CHI,Derrick Jones Jr.,1627884,1134,0,,4,2,3,0,0,0,0,0,3,3,0,0,0,0,0
2021-22,2022-04-08,0022101208,CHI,Javonte Green,1629750,905,0,,4,2,4,0,1,0,0,0,3,3,0,1,0,0,0
2021-22,2022-04-08,0022101208,CHA,LaMelo Ball,1630163,1766,1,,24,8,16,5,9,3,3,1,4,5,9,0,0,4,5
2021-22,2022-04-08,0022101208,CHI,Malcolm Hill,1630792,0,0,DNP - Coach's Decision,0,0,0,0,0,0,0,0,0,0,0,0,0,0,0
2021-22,2022-04-08,0022101208,CHI,Marko Simonovic,1630250,0,0,DNP - Coach's Decision,0,0,0,0,0,0,0,0,0,0,0,0,0,0,0
2021-22,2022-04-08,0022101208,CHI,Nikola Vucevic,202696,1325,1,,6,2,6,0,1,2,2,1,4,5,3,0,0,1,0
2021-22,2022-04-08,0022101208,CHI,Patrick Williams,1630172,1577,1,,15,4,7,2,2,5,6,1,3,4,3,0,1,1,0
2021-22,2022-04-08,0022101208,CHI,Tony Bradley,1628396,0,0,DNP - Coach's Decision,0,0,0,0,0,0,0,0,0,0,0,0,0,0,0
2021-22,2022-04-08,0022101208,CHI,Tristan Thompson,202684,835,0,,7,3,5,0,0,1,1,4,0,4,0,0,0,0,1
2021-22,2022-04-08,0022101208,CHI,Troy Brown Jr.,1628972,1137,0,,6,2,5,2,4,0,0,0,5,5,4,3,0,0,0
2021-22,2022-04-08,0022101208,CHI,Tyler Cook,1629076,0,0,DNP - Coach's Decision,0,0,0,0,0,0,0,0,0,0,0,0,0,0,0
2021-22,2022-04-08,0022101208,CHI,Zach LaVine,203897,1808,1,,23,9,15,2,4,3,3,0,4,4,7,0,0,1,2
2021-22,2022-04-08,0022101211,LAL,Stanley Johnson,1626169,1908,1,,21,8,16,1,5,4,7,3,5,8,0,1,0,1,0
2021-22,2022-04-09,0022101215,SAS,Joe Wieskamp,1630580,1343,0,,4,1,3,1,3,1,2,0,2,2,2,0,0,0,0
2021-22,2022-04-10,0022101217,CHA,LaMelo Ball,1630163,1711,1,,24,8,16,6,7,2,2,2,8,10,9,1,0,8,1
2021-22,2022-04-10,0022101217,WAS,Tomas Satoransky,203107,1216,1,,5,2,3,1,1,0,0,2,4,6,9,1,0,1,2
2021-22,2022-04-10,0022101218,CLE,Lauri Markkanen,1628374,1239,1,,23,8,11,4,7,3,3,0,7,7,0,0,0,0,1
2021-22,2022-04-10,0022101219,SAS,Joe Wieskamp,1630580,527,0,,0,0,0,0,0,0,0,0,1,1,0,0,0,0,1
2021-22,2022-04-10,0022101220,LAL,Stanley Johnson,1626169,2789,1,,15,5,9,1,4,4,4,0,8,8,3,0,0,2,4
2021-22,2022-04-10,0022101224,CHI,Ayo Dosunmu,1630245,2684,1,,26,9,18,3,6,5,7,2,3,5,6,2,0,7,2
2021-22,2022-04-10,0022101224,CHI,Coby White,1629632,0,0,DNP - Injury/Illness,0,0,0,0,0,0,0,0,0,0,0,0,0,0,0
2021-22,2022-04-10,0022101224,CHI,Derrick Jones Jr.,1627884,1712,0,,12,3,5,2,2,4,4,3,1,4,2,2,1,3,4
2021-22,2022-04-10,0022101224,CHI,Javonte Green,1629750,2381,1,,8,4,8,0,2,0,0,1,6,7,2,2,0,0,3
2021-22,2022-04-10,0022101224,CHI,Malcolm Hill,1630792,763,0,,2,1,2,0,1,0,0,0,3,3,3,1,0,1,2
2021-22,2022-04-10,0022101224,CHI,Marko Simonovic,1630250,0,0,DNP - Coach's Decision,0,0,0,0,0,0,0,0,0,0,0,0,0,0,0
2021-22,2022-04-10,0022101224,CHI,Patrick Williams,1630172,2467,1,,35,10,21,3,4,12,14,0,4,4,4,0,1,5,2
2021-22,2022-04-10,0022101224,CHI,Tony Bradley,1628396,890,0,,11,5,8,0,0,1,2,6,2,8,1,0,1,3,4
2021-22,2022-04-10,0022101224,CHI,Tristan Thompson,202684,911,1,,10,4,6,0,0,2,4,2,3,5,0,0,0,0,2
2021-22,2022-04-10,0022101224,CHI,Troy Brown Jr.,1628972,2374,1,,17,7,13,2,6,1,1,2,9,11,4,2,0,2,1
2021-22,2022-04-10,0022101224,CHI,Tyler Cook,1629076,218,0,,3,1,2,0,0,1,1,0,1,1,0,0,0,0,2
2021-22,2022-04-10,0022101226,TOR,Thaddeus Young,201152,1205,0,,5,2,3,1,1,0,0,0,3,3,4,2,1,1,2
