event_id,date,team,policy_id,contact,conditional_newcomers,removed_players,execution_conditions,phase,minute_allocation_status,incumbent_rule,observation_rows,observed_seconds,positive_minute_players,coach_dnp_players,injury_protocol_dnp_players,conditional_newcomers_without_row,observed_source_game_id
2020-12-22_BKN_GSW,2020-12-22,BKN,INCUMBENT_CONDITIONAL,NO_DIRECT_DELTA_IDENTIFIED,,,EX07,PREDEADLINE,NOT_CALCULATED,observed date availability and incumbent transactions conditional; no new injury/event selected,15,14400,15,,,,0022000001
2020-12-22_BKN_GSW,2020-12-22,GSW,GSW_WIGGINS_HUTCHISON_INACTIVE,TRANSACTION_DEPENDENCY,,,EX06;EX07,PREDEADLINE,NOT_CALCULATED,observed date availability and incumbent transactions conditional; no new injury/event selected,13,14400,13,,,,0022000001
2020-12-22_LAL_LAC,2020-12-22,LAL,LAL_AD_CORE,TRANSACTION_DEPENDENCY,,,EX06;EX07,PREDEADLINE,NOT_CALCULATED,observed date availability and incumbent transactions conditional; no new injury/event selected,14,14400,12,Alfonzo McKinnie;Jared Dudley,,,0022000002
2020-12-22_LAL_LAC,2020-12-22,LAC,INCUMBENT_CONDITIONAL,NO_DIRECT_DELTA_IDENTIFIED,,,EX07,PREDEADLINE,NOT_CALCULATED,observed date availability and incumbent transactions conditional; no new injury/event selected,14,14400,13,Daniel Oturu,,,0022000002
2020-12-23_BOS_MIL,2020-12-23,BOS,INCUMBENT_CONDITIONAL,NO_DIRECT_DELTA_IDENTIFIED,,,EX07,PREDEADLINE,NOT_CALCULATED,observed date availability and incumbent transactions conditional; no new injury/event selected,14,14400,10,Aaron Nesmith;Carsen Edwards;Javonte Green;Tremont Waters,,,0022000003
2020-12-23_BOS_MIL,2020-12-23,MIL,INCUMBENT_CONDITIONAL,NO_DIRECT_DELTA_IDENTIFIED,,,EX07,PREDEADLINE,NOT_CALCULATED,observed date availability and incumbent transactions conditional; no new injury/event selected,15,14401,10,Jaylen Adams;Jordan Nwora;Mamadi Diakite;Thanasis Antetokounmpo;Torrey Craig,,,0022000003
2020-12-23_CLE_CHA,2020-12-23,CLE,INCUMBENT_CONDITIONAL,NO_DIRECT_DELTA_IDENTIFIED,,,EX07,PREDEADLINE,NOT_CALCULATED,observed date availability and incumbent transactions conditional; no new injury/event selected,13,14400,11,Lamar Stevens;Thon Maker,,,0022000010
2020-12-23_CLE_CHA,2020-12-23,CHA,CHA_EDWARDS_TERRY,DIRECT_ROSTER_CONTACT,Anthony Edwards;Tyrell Terry,LaMelo Ball;Grant Riller,EX07,PREDEADLINE,NOT_CALCULATED,observed date availability and incumbent transactions conditional; no new injury/event selected,14,14400,10,Caleb Martin;Malik Monk;Nick Richards;Vernon Carey Jr.,,Anthony Edwards;Tyrell Terry,0022000010
2020-12-23_DEN_SAC,2020-12-23,DEN,DEN_BEY_NNAJI,DIRECT_ROSTER_CONTACT,Saddiq Bey,R.J. Hampton,EX07,PREDEADLINE,NOT_CALCULATED,observed date availability and incumbent transactions conditional; no new injury/event selected,15,15900,10,Bol Bol;Markus Howard;R.J. Hampton;Vlatko Cancar;Zeke Nnaji,,Saddiq Bey,0022000019
2020-12-23_DEN_SAC,2020-12-23,SAC,INCUMBENT_CONDITIONAL,NO_DIRECT_DELTA_IDENTIFIED,,,EX07,PREDEADLINE,NOT_CALCULATED,observed date availability and incumbent transactions conditional; no new injury/event selected,14,15900,9,Glenn Robinson III;Jahmi'us Ramsey;Justin James;Kyle Guy;Robert Woodard II,,,0022000019
2020-12-23_IND_NYK,2020-12-23,IND,INCUMBENT_CONDITIONAL,NO_DIRECT_DELTA_IDENTIFIED,,,EX07,PREDEADLINE,NOT_CALCULATED,observed date availability and incumbent transactions conditional; no new injury/event selected,14,14401,9,Cassius Stanley;Edmond Sumner;JaKarr Sampson;Jalen Lecque;Kelan Martin,,,0022000011
2020-12-23_IND_NYK,2020-12-23,NYK,INCUMBENT_CONDITIONAL,NO_DIRECT_DELTA_IDENTIFIED,,,EX07,PREDEADLINE,NOT_CALCULATED,observed date availability and incumbent transactions conditional; no new injury/event selected,15,14400,12,Dennis Smith Jr.;Ignas Brazdeikis;Jared Harper,,,0022000011
2020-12-23_MEM_SAS,2020-12-23,MEM,INCUMBENT_CONDITIONAL,NO_DIRECT_DELTA_IDENTIFIED,,,EX07,PREDEADLINE,NOT_CALCULATED,observed date availability and incumbent transactions conditional; no new injury/event selected,12,14401,10,John Konchar;Sean McDermott,,,0022000017
2020-12-23_MEM_SAS,2020-12-23,SAS,INCUMBENT_CONDITIONAL,NO_DIRECT_DELTA_IDENTIFIED,,,EX07,PREDEADLINE,NOT_CALCULATED,observed date availability and incumbent transactions conditional; no new injury/event selected,14,14400,9,Drew Eubanks;Keita Bates-Diop;Luka Samanic;Tre Jones;Trey Lyles,,,0022000017
2020-12-23_MIN_DET,2020-12-23,MIN,MIN_RIVAL,DIRECT_ROSTER_CONTACT,Fictional Rival,Anthony Edwards,EX07,PREDEADLINE,NOT_CALCULATED,observed date availability and incumbent transactions conditional; no new injury/event selected,13,14400,10,Ed Davis;Jaden McDaniels;Jarred Vanderbilt,,Fictional Rival,0022000018
2020-12-23_MIN_DET,2020-12-23,DET,DET_PATRICK_KIRA,DIRECT_ROSTER_CONTACT,Patrick Williams;Kira Lewis Jr.,Saddiq Bey;Killian Hayes,EX07,PREDEADLINE,NOT_CALCULATED,observed date availability and incumbent transactions conditional; no new injury/event selected,15,14400,10,Isaiah Stewart;Rodney McGruder;Saben Lee;Saddiq Bey;Wayne Ellington,,Patrick Williams;Kira Lewis Jr.,0022000018
2020-12-23_ORL_MIA,2020-12-23,ORL,INCUMBENT_CONDITIONAL,NO_DIRECT_DELTA_IDENTIFIED,,,EX07,PREDEADLINE,NOT_CALCULATED,observed date availability and incumbent transactions conditional; no new injury/event selected,14,14401,10,Gary Clark;Jordan Bone;Karim Mane;Mo Bamba,,,0022000012
2020-12-23_ORL_MIA,2020-12-23,MIA,INCUMBENT_CONDITIONAL,NO_DIRECT_DELTA_IDENTIFIED,,,EX07,PREDEADLINE,NOT_CALCULATED,observed date availability and incumbent transactions conditional; no new injury/event selected,15,14402,10,Avery Bradley;Chris Silva;KZ Okpala;Meyers Leonard;Udonis Haslem,,,0022000012
2020-12-23_PHI_WAS,2020-12-23,PHI,INCUMBENT_CONDITIONAL,NO_DIRECT_DELTA_IDENTIFIED,,,EX07,PREDEADLINE,NOT_CALCULATED,observed date availability and incumbent transactions conditional; no new injury/event selected,15,14400,11,Dakota Mathias;Isaiah Joe;Terrance Ferguson;Tony Bradley,,,0022000013
2020-12-23_PHI_WAS,2020-12-23,WAS,WAS_TRENT,DIRECT_ROSTER_CONTACT,Gary Trent Jr.,Isaac Bonga;Chandler Hutchison,EX07,PREDEADLINE,NOT_CALCULATED,observed date availability and incumbent transactions conditional; no new injury/event selected,14,14400,11,Anthony Gill;Anzejs Pasecniks;Jerome Robinson,,Gary Trent Jr.,0022000013
2020-12-23_PHX_DAL,2020-12-23,PHX,INCUMBENT_CONDITIONAL,NO_DIRECT_DELTA_IDENTIFIED,,,EX07,PREDEADLINE,NOT_CALCULATED,observed date availability and incumbent transactions conditional; no new injury/event selected,14,14401,11,E'Twaun Moore;Ty-Shon Alexander,Dario Saric,,0022000004
2020-12-23_PHX_DAL,2020-12-23,DAL,DAL_HAMPTON,DIRECT_ROSTER_CONTACT,R.J. Hampton,Tyrell Terry,EX07,PREDEADLINE,NOT_CALCULATED,observed date availability and incumbent transactions conditional; no new injury/event selected,14,14401,11,Boban Marjanovic;Tyrell Terry;Wes Iwundu,,R.J. Hampton,0022000004
2020-12-23_POR_UTA,2020-12-23,POR,POR_NO_TRENT,DIRECT_ROSTER_CONTACT,,Gary Trent Jr.;Norman Powell,EX07,PREDEADLINE,NOT_CALCULATED,observed date availability and incumbent transactions conditional; no new injury/event selected,12,14400,12,,,,0022000020
2020-12-23_POR_UTA,2020-12-23,UTA,INCUMBENT_CONDITIONAL,NO_DIRECT_DELTA_IDENTIFIED,,,EX07,PREDEADLINE,NOT_CALCULATED,observed date availability and incumbent transactions conditional; no new injury/event selected,14,14400,14,,,,0022000020
2020-12-23_TOR_NOP,2020-12-23,TOR,INCUMBENT_CONDITIONAL,NO_DIRECT_DELTA_IDENTIFIED,,,EX07,PREDEADLINE,NOT_CALCULATED,observed date availability and incumbent transactions conditional; no new injury/event selected,15,14400,12,Alex Len;Paul Watson;Yuta Watanabe,,,0022000014
2020-12-23_TOR_NOP,2020-12-23,NOP,NOP_HAYES,DIRECT_ROSTER_CONTACT,Killian Hayes,Kira Lewis Jr.,EX07,PREDEADLINE,NOT_CALCULATED,observed date availability and incumbent transactions conditional; no new injury/event selected,14,14400,10,Kira Lewis Jr.;Naji Marshall;Sindarius Thornwell;Willy Hernangomez,,Killian Hayes,0022000014
2020-12-25_BOS_BKN,2020-12-25,BOS,INCUMBENT_CONDITIONAL,NO_DIRECT_DELTA_IDENTIFIED,,,EX07,PREDEADLINE,NOT_CALCULATED,observed date availability and incumbent transactions conditional; no new injury/event selected,13,14400,13,,,,0022000007
2020-12-25_BOS_BKN,2020-12-25,BKN,INCUMBENT_CONDITIONAL,NO_DIRECT_DELTA_IDENTIFIED,,,EX07,PREDEADLINE,NOT_CALCULATED,observed date availability and incumbent transactions conditional; no new injury/event selected,15,14400,15,,,,0022000007
2020-12-25_DEN_LAC,2020-12-25,DEN,DEN_BEY_NNAJI,DIRECT_ROSTER_CONTACT,Saddiq Bey,R.J. Hampton,EX07,PREDEADLINE,NOT_CALCULATED,observed date availability and incumbent transactions conditional; no new injury/event selected,15,14400,12,R.J. Hampton;Vlatko Cancar;Zeke Nnaji,,Saddiq Bey,0022000009
2020-12-25_DEN_LAC,2020-12-25,LAC,INCUMBENT_CONDITIONAL,NO_DIRECT_DELTA_IDENTIFIED,,,EX07,PREDEADLINE,NOT_CALCULATED,observed date availability and incumbent transactions conditional; no new injury/event selected,14,14400,14,,,,0022000009
2020-12-25_LAL_DAL,2020-12-25,LAL,LAL_AD_CORE,TRANSACTION_DEPENDENCY,,,EX06;EX07,PREDEADLINE,NOT_CALCULATED,observed date availability and incumbent transactions conditional; no new injury/event selected,14,14400,14,,,,0022000008
2020-12-25_LAL_DAL,2020-12-25,DAL,DAL_HAMPTON,DIRECT_ROSTER_CONTACT,R.J. Hampton,Tyrell Terry,EX07,PREDEADLINE,NOT_CALCULATED,observed date availability and incumbent transactions conditional; no new injury/event selected,14,14400,14,,,R.J. Hampton,0022000008
2020-12-25_MIA_NOP,2020-12-25,MIA,INCUMBENT_CONDITIONAL,NO_DIRECT_DELTA_IDENTIFIED,,,EX07,PREDEADLINE,NOT_CALCULATED,observed date availability and incumbent transactions conditional; no new injury/event selected,15,14401,12,Kelly Olynyk;Kendrick Nunn;Udonis Haslem,,,0022000005
2020-12-25_MIA_NOP,2020-12-25,NOP,NOP_HAYES,DIRECT_ROSTER_CONTACT,Killian Hayes,Kira Lewis Jr.,EX07,PREDEADLINE,NOT_CALCULATED,observed date availability and incumbent transactions conditional; no new injury/event selected,14,14400,9,Kira Lewis Jr.;Naji Marshall;Nickeil Alexander-Walker;Sindarius Thornwell;Willy Hernangomez,,Killian Hayes,0022000005
2020-12-25_MIL_GSW,2020-12-25,MIL,INCUMBENT_CONDITIONAL,NO_DIRECT_DELTA_IDENTIFIED,,,EX07,PREDEADLINE,NOT_CALCULATED,observed date availability and incumbent transactions conditional; no new injury/event selected,15,14400,14,Jaylen Adams,,,0022000006
2020-12-25_MIL_GSW,2020-12-25,GSW,GSW_WIGGINS_HUTCHISON_INACTIVE,TRANSACTION_DEPENDENCY,,,EX06;EX07,PREDEADLINE,NOT_CALCULATED,observed date availability and incumbent transactions conditional; no new injury/event selected,13,14400,13,,,,0022000006
2020-12-26_DET_CLE,2020-12-26,DET,DET_PATRICK_KIRA,DIRECT_ROSTER_CONTACT,Patrick Williams;Kira Lewis Jr.,Saddiq Bey;Killian Hayes,EX07,PREDEADLINE,NOT_CALCULATED,observed date availability and incumbent transactions conditional; no new injury/event selected,15,17400,11,Deividas Sirvydis;Isaiah Stewart;Rodney McGruder;Wayne Ellington,,Patrick Williams;Kira Lewis Jr.,0022000023
2020-12-26_DET_CLE,2020-12-26,CLE,INCUMBENT_CONDITIONAL,NO_DIRECT_DELTA_IDENTIFIED,,,EX07,PREDEADLINE,NOT_CALCULATED,observed date availability and incumbent transactions conditional; no new injury/event selected,14,17401,9,Damyean Dotson;Dean Wade;Lamar Stevens;Marques Bolden;Thon Maker,,,0022000023
2020-12-26_MEM_ATL,2020-12-26,MEM,INCUMBENT_CONDITIONAL,NO_DIRECT_DELTA_IDENTIFIED,,,EX07,PREDEADLINE,NOT_CALCULATED,observed date availability and incumbent transactions conditional; no new injury/event selected,12,14400,10,Sean McDermott,Xavier Tillman,,0022000021
2020-12-26_MEM_ATL,2020-12-26,ATL,INCUMBENT_CONDITIONAL,NO_DIRECT_DELTA_IDENTIFIED,,,EX07,PREDEADLINE,NOT_CALCULATED,observed date availability and incumbent transactions conditional; no new injury/event selected,13,14400,10,Rajon Rondo;Skylar Mays,Danilo Gallinari,,0022000021
2020-12-26_NYK_PHI,2020-12-26,NYK,INCUMBENT_CONDITIONAL,NO_DIRECT_DELTA_IDENTIFIED,,,EX07,PREDEADLINE,NOT_CALCULATED,observed date availability and incumbent transactions conditional; no new injury/event selected,13,14400,11,Ignas Brazdeikis;Jared Harper,,,0022000025
2020-12-26_NYK_PHI,2020-12-26,PHI,INCUMBENT_CONDITIONAL,NO_DIRECT_DELTA_IDENTIFIED,,,EX07,PREDEADLINE,NOT_CALCULATED,observed date availability and incumbent transactions conditional; no new injury/event selected,15,14400,11,Dakota Mathias;Isaiah Joe;Terrance Ferguson;Tony Bradley,,,0022000025
2020-12-26_SAC_PHX,2020-12-26,SAC,INCUMBENT_CONDITIONAL,NO_DIRECT_DELTA_IDENTIFIED,,,EX07,PREDEADLINE,NOT_CALCULATED,observed date availability and incumbent transactions conditional; no new injury/event selected,15,14400,10,Chimezie Metu;Jabari Parker;Justin James;Kyle Guy;Robert Woodard II,,,0022000030
2020-12-26_SAC_PHX,2020-12-26,PHX,INCUMBENT_CONDITIONAL,NO_DIRECT_DELTA_IDENTIFIED,,,EX07,PREDEADLINE,NOT_CALCULATED,observed date availability and incumbent transactions conditional; no new injury/event selected,15,14400,12,E'Twaun Moore;Ty-Shon Alexander,Dario Saric,,0022000030
2020-12-26_SAS_TOR,2020-12-26,SAS,INCUMBENT_CONDITIONAL,NO_DIRECT_DELTA_IDENTIFIED,,,EX07,PREDEADLINE,NOT_CALCULATED,observed date availability and incumbent transactions conditional; no new injury/event selected,14,14400,10,Drew Eubanks;Keita Bates-Diop;Luka Samanic;Tre Jones,,,0022000027
2020-12-26_SAS_TOR,2020-12-26,TOR,INCUMBENT_CONDITIONAL,NO_DIRECT_DELTA_IDENTIFIED,,,EX07,PREDEADLINE,NOT_CALCULATED,observed date availability and incumbent transactions conditional; no new injury/event selected,15,14400,9,Alex Len;Malachi Flynn;Paul Watson;Stanley Johnson;Terence Davis;Yuta Watanabe,,,0022000027
2020-12-26_UTA_MIN,2020-12-26,UTA,INCUMBENT_CONDITIONAL,NO_DIRECT_DELTA_IDENTIFIED,,,EX07,PREDEADLINE,NOT_CALCULATED,observed date availability and incumbent transactions conditional; no new injury/event selected,14,14401,10,Elijah Hughes;Miye Oni;Shaquille Harrison;Udoka Azubuike,,,0022000028
2020-12-26_UTA_MIN,2020-12-26,MIN,MIN_RIVAL,DIRECT_ROSTER_CONTACT,Fictional Rival,Anthony Edwards,EX07,PREDEADLINE,NOT_CALCULATED,observed date availability and incumbent transactions conditional; no new injury/event selected,13,14401,11,Jaden McDaniels;Jarred Vanderbilt,,Fictional Rival,0022000028
2020-12-26_WAS_ORL,2020-12-26,WAS,WAS_TRENT,DIRECT_ROSTER_CONTACT,Gary Trent Jr.,Isaac Bonga;Chandler Hutchison,EX07,PREDEADLINE,NOT_CALCULATED,observed date availability and incumbent transactions conditional; no new injury/event selected,14,14400,11,Anthony Gill;Anzejs Pasecniks;Moritz Wagner,,Gary Trent Jr.,0022000024
2020-12-26_WAS_ORL,2020-12-26,ORL,INCUMBENT_CONDITIONAL,NO_DIRECT_DELTA_IDENTIFIED,,,EX07,PREDEADLINE,NOT_CALCULATED,observed date availability and incumbent transactions conditional; no new injury/event selected,14,14400,10,Gary Clark;Jordan Bone;Karim Mane;Mo Bamba,,,0022000024
2020-12-27_CLE_PHI,2020-12-27,CLE,INCUMBENT_CONDITIONAL,NO_DIRECT_DELTA_IDENTIFIED,,,EX07,PREDEADLINE,NOT_CALCULATED,observed date availability and incumbent transactions conditional; no new injury/event selected,13,14401,13,,,,0022000035
2020-12-27_CLE_PHI,2020-12-27,PHI,INCUMBENT_CONDITIONAL,NO_DIRECT_DELTA_IDENTIFIED,,,EX07,PREDEADLINE,NOT_CALCULATED,observed date availability and incumbent transactions conditional; no new injury/event selected,15,14402,14,,Joel Embiid,,0022000035
2020-12-27_LAC_DAL,2020-12-27,LAC,INCUMBENT_CONDITIONAL,NO_DIRECT_DELTA_IDENTIFIED,,,EX07,PREDEADLINE,NOT_CALCULATED,observed date availability and incumbent transactions conditional; no new injury/event selected,14,14400,13,,Kawhi Leonard,,0022000031
2020-12-27_LAC_DAL,2020-12-27,DAL,DAL_HAMPTON,DIRECT_ROSTER_CONTACT,R.J. Hampton,Tyrell Terry,EX07,PREDEADLINE,NOT_CALCULATED,observed date availability and incumbent transactions conditional; no new injury/event selected,14,14400,14,,,R.J. Hampton,0022000031
2020-12-27_LAL_MIN,2020-12-27,LAL,LAL_AD_CORE,TRANSACTION_DEPENDENCY,,,EX06;EX07,PREDEADLINE,NOT_CALCULATED,observed date availability and incumbent transactions conditional; no new injury/event selected,14,14400,14,,,,0022000040
2020-12-27_LAL_MIN,2020-12-27,MIN,MIN_RIVAL,DIRECT_ROSTER_CONTACT,Fictional Rival,Anthony Edwards,EX07,PREDEADLINE,NOT_CALCULATED,observed date availability and incumbent transactions conditional; no new injury/event selected,13,14400,13,,,Fictional Rival,0022000040
2020-12-27_NOP_SAS,2020-12-27,NOP,NOP_HAYES,DIRECT_ROSTER_CONTACT,Killian Hayes,Kira Lewis Jr.,EX07,PREDEADLINE,NOT_CALCULATED,observed date availability and incumbent transactions conditional; no new injury/event selected,14,14400,8,Kira Lewis Jr.;Naji Marshall;Nickeil Alexander-Walker;Nicolo Melli;Sindarius Thornwell;Willy Hernangomez,,Killian Hayes,0022000034
2020-12-27_NOP_SAS,2020-12-27,SAS,INCUMBENT_CONDITIONAL,NO_DIRECT_DELTA_IDENTIFIED,,,EX07,PREDEADLINE,NOT_CALCULATED,observed date availability and incumbent transactions conditional; no new injury/event selected,14,14400,10,Drew Eubanks;Keita Bates-Diop;Luka Samanic;Tre Jones,,,0022000034
2020-12-27_NYK_MIL,2020-12-27,NYK,INCUMBENT_CONDITIONAL,NO_DIRECT_DELTA_IDENTIFIED,,,EX07,PREDEADLINE,NOT_CALCULATED,observed date availability and incumbent transactions conditional; no new injury/event selected,12,14400,12,,,,0022000036
2020-12-27_NYK_MIL,2020-12-27,MIL,INCUMBENT_CONDITIONAL,NO_DIRECT_DELTA_IDENTIFIED,,,EX07,PREDEADLINE,NOT_CALCULATED,observed date availability and incumbent transactions conditional; no new injury/event selected,14,14399,14,,,,0022000036
2020-12-27_SAC_PHX,2020-12-27,SAC,INCUMBENT_CONDITIONAL,NO_DIRECT_DELTA_IDENTIFIED,,,EX07,PREDEADLINE,NOT_CALCULATED,observed date availability and incumbent transactions conditional; no new injury/event selected,15,14401,14,Jabari Parker,,,0022000039
2020-12-27_SAC_PHX,2020-12-27,PHX,INCUMBENT_CONDITIONAL,NO_DIRECT_DELTA_IDENTIFIED,,,EX07,PREDEADLINE,NOT_CALCULATED,observed date availability and incumbent transactions conditional; no new injury/event selected,15,14400,12,E'Twaun Moore,Dario Saric;Jalen Smith,,0022000039
2020-12-27_WAS_ORL,2020-12-27,WAS,WAS_TRENT,DIRECT_ROSTER_CONTACT,Gary Trent Jr.,Isaac Bonga;Chandler Hutchison,EX07,PREDEADLINE,NOT_CALCULATED,observed date availability and incumbent transactions conditional; no new injury/event selected,13,14400,10,Anthony Gill;Anzejs Pasecniks;Moritz Wagner,,Gary Trent Jr.,0022000033
2020-12-27_WAS_ORL,2020-12-27,ORL,INCUMBENT_CONDITIONAL,NO_DIRECT_DELTA_IDENTIFIED,,,EX07,PREDEADLINE,NOT_CALCULATED,observed date availability and incumbent transactions conditional; no new injury/event selected,14,14400,11,Jordan Bone;Karim Mane;Mo Bamba,,,0022000033
2020-12-28_ATL_DET,2020-12-28,ATL,INCUMBENT_CONDITIONAL,NO_DIRECT_DELTA_IDENTIFIED,,,EX07,PREDEADLINE,NOT_CALCULATED,observed date availability and incumbent transactions conditional; no new injury/event selected,14,14400,10,Brandon Goodwin;Nathan Knight;Skylar Mays,Danilo Gallinari,,0022000041
2020-12-28_ATL_DET,2020-12-28,DET,DET_PATRICK_KIRA,DIRECT_ROSTER_CONTACT,Patrick Williams;Kira Lewis Jr.,Saddiq Bey;Killian Hayes,EX07,PREDEADLINE,NOT_CALCULATED,observed date availability and incumbent transactions conditional; no new injury/event selected,14,14400,10,Deividas Sirvydis;Rodney McGruder;Saben Lee,Jahlil Okafor,Patrick Williams;Kira Lewis Jr.,0022000041
2020-12-28_BKN_MEM,2020-12-28,BKN,INCUMBENT_CONDITIONAL,NO_DIRECT_DELTA_IDENTIFIED,,,EX07,PREDEADLINE,NOT_CALCULATED,observed date availability and incumbent transactions conditional; no new injury/event selected,13,15900,9,Bruce Brown;Reggie Perry;Rodions Kurucs;Tyler Johnson,,,0022000042
2020-12-28_BKN_MEM,2020-12-28,MEM,INCUMBENT_CONDITIONAL,NO_DIRECT_DELTA_IDENTIFIED,,,EX07,PREDEADLINE,NOT_CALCULATED,observed date availability and incumbent transactions conditional; no new injury/event selected,12,15900,10,Sean McDermott,Xavier Tillman,,0022000042
2020-12-28_DEN_HOU,2020-12-28,DEN,DEN_BEY_NNAJI,DIRECT_ROSTER_CONTACT,Saddiq Bey,R.J. Hampton,EX07,PREDEADLINE,NOT_CALCULATED,observed date availability and incumbent transactions conditional; no new injury/event selected,15,14400,14,Markus Howard,,Saddiq Bey,0022000044
2020-12-28_DEN_HOU,2020-12-28,HOU,INCUMBENT_CONDITIONAL,NO_DIRECT_DELTA_IDENTIFIED,,,EX07,PREDEADLINE,NOT_CALCULATED,observed date availability and incumbent transactions conditional; no new injury/event selected,13,14400,9,,,,0022000044
2020-12-28_LAL_POR,2020-12-28,LAL,LAL_AD_CORE,TRANSACTION_DEPENDENCY,,,EX06;EX07,PREDEADLINE,NOT_CALCULATED,observed date availability and incumbent transactions conditional; no new injury/event selected,13,14400,10,Alfonzo McKinnie;Jared Dudley;Quinn Cook,,,0022000045
2020-12-28_LAL_POR,2020-12-28,POR,POR_NO_TRENT,DIRECT_ROSTER_CONTACT,,Gary Trent Jr.;Norman Powell,EX07,PREDEADLINE,NOT_CALCULATED,observed date availability and incumbent transactions conditional; no new injury/event selected,12,14400,9,CJ Elleby;Harry Giles III;Keljin Blevins,,,0022000045
2020-12-28_OKC_UTA,2020-12-28,OKC,INCUMBENT_CONDITIONAL,NO_DIRECT_DELTA_IDENTIFIED,,,EX07,PREDEADLINE,NOT_CALCULATED,observed date availability and incumbent transactions conditional; no new injury/event selected,15,14400,10,Darius Miller;Isaiah Roby;Josh Hall;Justin Jackson;Moses Brown,,,0022000043
2020-12-28_OKC_UTA,2020-12-28,UTA,INCUMBENT_CONDITIONAL,NO_DIRECT_DELTA_IDENTIFIED,,,EX07,PREDEADLINE,NOT_CALCULATED,observed date availability and incumbent transactions conditional; no new injury/event selected,14,14400,10,Elijah Hughes;Juwan Morgan;Shaquille Harrison;Udoka Azubuike,,,0022000043
2020-12-29_CLE_NYK,2020-12-29,CLE,INCUMBENT_CONDITIONAL,NO_DIRECT_DELTA_IDENTIFIED,,,EX07,PREDEADLINE,NOT_CALCULATED,observed date availability and incumbent transactions conditional; no new injury/event selected,12,14400,9,Lamar Stevens;Marques Bolden;Thon Maker,,,0022000046
2020-12-29_CLE_NYK,2020-12-29,NYK,INCUMBENT_CONDITIONAL,NO_DIRECT_DELTA_IDENTIFIED,,,EX07,PREDEADLINE,NOT_CALCULATED,observed date availability and incumbent transactions conditional; no new injury/event selected,12,14401,8,Ignas Brazdeikis;Jared Harper;Theo Pinson,Alec Burks,,0022000046
2020-12-29_DET_GSW,2020-12-29,DET,DET_PATRICK_KIRA,DIRECT_ROSTER_CONTACT,Patrick Williams;Kira Lewis Jr.,Saddiq Bey;Killian Hayes,EX07,PREDEADLINE,NOT_CALCULATED,observed date availability and incumbent transactions conditional; no new injury/event selected,15,14400,11,Deividas Sirvydis;Rodney McGruder;Wayne Ellington,Jahlil Okafor,Patrick Williams;Kira Lewis Jr.,0022000047
2020-12-29_DET_GSW,2020-12-29,GSW,GSW_WIGGINS_HUTCHISON_INACTIVE,TRANSACTION_DEPENDENCY,,,EX06;EX07,PREDEADLINE,NOT_CALCULATED,observed date availability and incumbent transactions conditional; no new injury/event selected,12,14400,11,Kent Bazemore,,,0022000047
2020-12-29_IND_BOS,2020-12-29,IND,INCUMBENT_CONDITIONAL,NO_DIRECT_DELTA_IDENTIFIED,,,EX07,PREDEADLINE,NOT_CALCULATED,observed date availability and incumbent transactions conditional; no new injury/event selected,14,14400,9,Cassius Stanley;Edmond Sumner;JaKarr Sampson;Jalen Lecque;Kelan Martin,,,0022000048
2020-12-29_IND_BOS,2020-12-29,BOS,INCUMBENT_CONDITIONAL,NO_DIRECT_DELTA_IDENTIFIED,,,EX07,PREDEADLINE,NOT_CALCULATED,observed date availability and incumbent transactions conditional; no new injury/event selected,14,14400,10,Aaron Nesmith;Carsen Edwards;Semi Ojeleye;Tremont Waters,,,0022000048
2020-12-29_LAC_MIN,2020-12-29,LAC,INCUMBENT_CONDITIONAL,NO_DIRECT_DELTA_IDENTIFIED,,,EX07,PREDEADLINE,NOT_CALCULATED,observed date availability and incumbent transactions conditional; no new injury/event selected,14,14400,12,Patrick Patterson,Kawhi Leonard,,0022000054
2020-12-29_LAC_MIN,2020-12-29,MIN,MIN_RIVAL,DIRECT_ROSTER_CONTACT,Fictional Rival,Anthony Edwards,EX07,PREDEADLINE,NOT_CALCULATED,observed date availability and incumbent transactions conditional; no new injury/event selected,12,14400,12,,,Fictional Rival,0022000054
2020-12-29_MIA_MIL,2020-12-29,MIA,INCUMBENT_CONDITIONAL,NO_DIRECT_DELTA_IDENTIFIED,,,EX07,PREDEADLINE,NOT_CALCULATED,observed date availability and incumbent transactions conditional; no new injury/event selected,15,14400,13,Udonis Haslem,,,0022000051
2020-12-29_MIA_MIL,2020-12-29,MIL,INCUMBENT_CONDITIONAL,NO_DIRECT_DELTA_IDENTIFIED,,,EX07,PREDEADLINE,NOT_CALCULATED,observed date availability and incumbent transactions conditional; no new injury/event selected,13,14399,13,,,,0022000051
2020-12-29_OKC_ORL,2020-12-29,OKC,INCUMBENT_CONDITIONAL,NO_DIRECT_DELTA_IDENTIFIED,,,EX07,PREDEADLINE,NOT_CALCULATED,observed date availability and incumbent transactions conditional; no new injury/event selected,13,14400,11,Darius Miller;Moses Brown,,,0022000052
2020-12-29_OKC_ORL,2020-12-29,ORL,INCUMBENT_CONDITIONAL,NO_DIRECT_DELTA_IDENTIFIED,,,EX07,PREDEADLINE,NOT_CALCULATED,observed date availability and incumbent transactions conditional; no new injury/event selected,14,14400,10,Gary Clark;Jordan Bone;Karim Mane;Mo Bamba,,,0022000052
2020-12-29_PHI_TOR,2020-12-29,PHI,INCUMBENT_CONDITIONAL,NO_DIRECT_DELTA_IDENTIFIED,,,EX07,PREDEADLINE,NOT_CALCULATED,observed date availability and incumbent transactions conditional; no new injury/event selected,15,14400,10,Dakota Mathias;Isaiah Joe;Terrance Ferguson;Tony Bradley;Vincent Poirier,,,0022000049
2020-12-29_PHI_TOR,2020-12-29,TOR,INCUMBENT_CONDITIONAL,NO_DIRECT_DELTA_IDENTIFIED,,,EX07,PREDEADLINE,NOT_CALCULATED,observed date availability and incumbent transactions conditional; no new injury/event selected,15,14400,10,DeAndre' Bembry;Malachi Flynn;Paul Watson;Terence Davis;Yuta Watanabe,,,0022000049
2020-12-29_PHX_NOP,2020-12-29,PHX,INCUMBENT_CONDITIONAL,NO_DIRECT_DELTA_IDENTIFIED,,,EX07,PREDEADLINE,NOT_CALCULATED,observed date availability and incumbent transactions conditional; no new injury/event selected,15,14400,14,,Jalen Smith,,0022000053
2020-12-29_PHX_NOP,2020-12-29,NOP,NOP_HAYES,DIRECT_ROSTER_CONTACT,Killian Hayes,Kira Lewis Jr.,EX07,PREDEADLINE,NOT_CALCULATED,observed date availability and incumbent transactions conditional; no new injury/event selected,14,14400,13,Naji Marshall,,Killian Hayes,0022000053
2020-12-29_SAC_DEN,2020-12-29,SAC,INCUMBENT_CONDITIONAL,NO_DIRECT_DELTA_IDENTIFIED,,,EX07,PREDEADLINE,NOT_CALCULATED,observed date availability and incumbent transactions conditional; no new injury/event selected,15,14401,9,Glenn Robinson III;Jabari Parker;Jahmi'us Ramsey;Justin James;Kyle Guy;Robert Woodard II,,,0022000055
2020-12-29_SAC_DEN,2020-12-29,DEN,DEN_BEY_NNAJI,DIRECT_ROSTER_CONTACT,Saddiq Bey,R.J. Hampton,EX07,PREDEADLINE,NOT_CALCULATED,observed date availability and incumbent transactions conditional; no new injury/event selected,15,14401,13,Vlatko Cancar,Jamal Murray,Saddiq Bey,0022000055
2020-12-30_BKN_ATL,2020-12-30,BKN,INCUMBENT_CONDITIONAL,NO_DIRECT_DELTA_IDENTIFIED,,,EX07,PREDEADLINE,NOT_CALCULATED,observed date availability and incumbent transactions conditional; no new injury/event selected,15,14400,10,Bruce Brown;Chris Chiozza;Reggie Perry;Rodions Kurucs;Tyler Johnson,,,0022000057
2020-12-30_BKN_ATL,2020-12-30,ATL,INCUMBENT_CONDITIONAL,NO_DIRECT_DELTA_IDENTIFIED,,,EX07,PREDEADLINE,NOT_CALCULATED,observed date availability and incumbent transactions conditional; no new injury/event selected,14,14401,11,Brandon Goodwin;Nathan Knight;Skylar Mays,,,0022000057
2020-12-30_BOS_MEM,2020-12-30,BOS,INCUMBENT_CONDITIONAL,NO_DIRECT_DELTA_IDENTIFIED,,,EX07,PREDEADLINE,NOT_CALCULATED,observed date availability and incumbent transactions conditional; no new injury/event selected,13,14400,13,,,,0022000056
2020-12-30_BOS_MEM,2020-12-30,MEM,INCUMBENT_CONDITIONAL,NO_DIRECT_DELTA_IDENTIFIED,,,EX07,PREDEADLINE,NOT_CALCULATED,observed date availability and incumbent transactions conditional; no new injury/event selected,12,14400,10,,Jontay Porter;Xavier Tillman,,0022000056
2020-12-30_DAL_CHA,2020-12-30,DAL,DAL_HAMPTON,DIRECT_ROSTER_CONTACT,R.J. Hampton,Tyrell Terry,EX07,PREDEADLINE,NOT_CALCULATED,observed date availability and incumbent transactions conditional; no new injury/event selected,14,14400,14,,,R.J. Hampton,0022000059
2020-12-30_DAL_CHA,2020-12-30,CHA,CHA_EDWARDS_TERRY,DIRECT_ROSTER_CONTACT,Anthony Edwards;Tyrell Terry,LaMelo Ball;Grant Riller,EX07,PREDEADLINE,NOT_CALCULATED,observed date availability and incumbent transactions conditional; no new injury/event selected,13,14400,12,Malik Monk,,Anthony Edwards;Tyrell Terry,0022000059
2020-12-30_LAC_POR,2020-12-30,LAC,INCUMBENT_CONDITIONAL,NO_DIRECT_DELTA_IDENTIFIED,,,EX07,PREDEADLINE,NOT_CALCULATED,observed date availability and incumbent transactions conditional; no new injury/event selected,14,14400,14,,,,0022000061
2020-12-30_LAC_POR,2020-12-30,POR,POR_NO_TRENT,DIRECT_ROSTER_CONTACT,,Gary Trent Jr.;Norman Powell,EX07,PREDEADLINE,NOT_CALCULATED,observed date availability and incumbent transactions conditional; no new injury/event selected,12,14400,12,,,,0022000061
2020-12-30_MIA_MIL,2020-12-30,MIA,INCUMBENT_CONDITIONAL,NO_DIRECT_DELTA_IDENTIFIED,,,EX07,PREDEADLINE,NOT_CALCULATED,observed date availability and incumbent transactions conditional; no new injury/event selected,15,14400,11,Chris Silva;KZ Okpala;Meyers Leonard;Udonis Haslem,,,0022000058
2020-12-30_MIA_MIL,2020-12-30,MIL,INCUMBENT_CONDITIONAL,NO_DIRECT_DELTA_IDENTIFIED,,,EX07,PREDEADLINE,NOT_CALCULATED,observed date availability and incumbent transactions conditional; no new injury/event selected,13,14399,10,D.J. Wilson;Jordan Nwora;Sam Merrill,,,0022000058
2020-12-30_SAS_LAL,2020-12-30,SAS,INCUMBENT_CONDITIONAL,NO_DIRECT_DELTA_IDENTIFIED,,,EX07,PREDEADLINE,NOT_CALCULATED,observed date availability and incumbent transactions conditional; no new injury/event selected,13,14400,12,Trey Lyles,,,0022000060
2020-12-30_SAS_LAL,2020-12-30,LAL,LAL_AD_CORE,TRANSACTION_DEPENDENCY,,,EX06;EX07,PREDEADLINE,NOT_CALCULATED,observed date availability and incumbent transactions conditional; no new injury/event selected,14,14400,12,Alex Caruso;Talen Horton-Tucker,,,0022000060
2020-12-31_HOU_SAC,2020-12-31,HOU,INCUMBENT_CONDITIONAL,NO_DIRECT_DELTA_IDENTIFIED,,,EX07,PREDEADLINE,NOT_CALCULATED,observed date availability and incumbent transactions conditional; no new injury/event selected,12,14400,9,Brodric Thomas;Bruno Caboclo;David Nwaba,,,0022000065
2020-12-31_HOU_SAC,2020-12-31,SAC,INCUMBENT_CONDITIONAL,NO_DIRECT_DELTA_IDENTIFIED,,,EX07,PREDEADLINE,NOT_CALCULATED,observed date availability and incumbent transactions conditional; no new injury/event selected,15,14400,9,Glenn Robinson III;Jabari Parker;Jahmi'us Ramsey;Justin James;Kyle Guy;Robert Woodard II,,,0022000065
2020-12-31_IND_CLE,2020-12-31,IND,INCUMBENT_CONDITIONAL,NO_DIRECT_DELTA_IDENTIFIED,,,EX07,PREDEADLINE,NOT_CALCULATED,observed date availability and incumbent transactions conditional; no new injury/event selected,13,14400,13,,,,0022000062
2020-12-31_IND_CLE,2020-12-31,CLE,INCUMBENT_CONDITIONAL,NO_DIRECT_DELTA_IDENTIFIED,,,EX07,PREDEADLINE,NOT_CALCULATED,observed date availability and incumbent transactions conditional; no new injury/event selected,12,14400,12,,,,0022000062
2020-12-31_OKC_NOP,2020-12-31,OKC,INCUMBENT_CONDITIONAL,NO_DIRECT_DELTA_IDENTIFIED,,,EX07,PREDEADLINE,NOT_CALCULATED,observed date availability and incumbent transactions conditional; no new injury/event selected,15,14400,13,Darius Miller;Justin Jackson,,,0022000067
2020-12-31_OKC_NOP,2020-12-31,NOP,NOP_HAYES,DIRECT_ROSTER_CONTACT,Killian Hayes,Kira Lewis Jr.,EX07,PREDEADLINE,NOT_CALCULATED,observed date availability and incumbent transactions conditional; no new injury/event selected,14,14400,12,Naji Marshall;Willy Hernangomez,,Killian Hayes,0022000067
2020-12-31_ORL_PHI,2020-12-31,ORL,INCUMBENT_CONDITIONAL,NO_DIRECT_DELTA_IDENTIFIED,,,EX07,PREDEADLINE,NOT_CALCULATED,observed date availability and incumbent transactions conditional; no new injury/event selected,13,14400,12,Mo Bamba,,,0022000064
2020-12-31_ORL_PHI,2020-12-31,PHI,INCUMBENT_CONDITIONAL,NO_DIRECT_DELTA_IDENTIFIED,,,EX07,PREDEADLINE,NOT_CALCULATED,observed date availability and incumbent transactions conditional; no new injury/event selected,15,14400,14,Tony Bradley,,,0022000064
2020-12-31_TOR_NYK,2020-12-31,TOR,INCUMBENT_CONDITIONAL,NO_DIRECT_DELTA_IDENTIFIED,,,EX07,PREDEADLINE,NOT_CALCULATED,observed date availability and incumbent transactions conditional; no new injury/event selected,15,14400,13,Matt Thomas,,,0022000066
2020-12-31_TOR_NYK,2020-12-31,NYK,INCUMBENT_CONDITIONAL,NO_DIRECT_DELTA_IDENTIFIED,,,EX07,PREDEADLINE,NOT_CALCULATED,observed date availability and incumbent transactions conditional; no new injury/event selected,12,14400,11,,Alec Burks,,0022000066
2020-12-31_UTA_PHX,2020-12-31,UTA,INCUMBENT_CONDITIONAL,NO_DIRECT_DELTA_IDENTIFIED,,,EX07,PREDEADLINE,NOT_CALCULATED,observed date availability and incumbent transactions conditional; no new injury/event selected,14,14400,9,Elijah Hughes;Juwan Morgan;Miye Oni;Shaquille Harrison;Udoka Azubuike,,,0022000068
2020-12-31_UTA_PHX,2020-12-31,PHX,INCUMBENT_CONDITIONAL,NO_DIRECT_DELTA_IDENTIFIED,,,EX07,PREDEADLINE,NOT_CALCULATED,observed date availability and incumbent transactions conditional; no new injury/event selected,14,14400,11,Damian Jones;E'Twaun Moore;Ty-Shon Alexander,,,0022000068
2021-01-01_BKN_ATL,2021-01-01,BKN,INCUMBENT_CONDITIONAL,NO_DIRECT_DELTA_IDENTIFIED,,,EX07,PREDEADLINE,NOT_CALCULATED,observed date availability and incumbent transactions conditional; no new injury/event selected,15,14400,15,,,,0022000072
2021-01-01_BKN_ATL,2021-01-01,ATL,INCUMBENT_CONDITIONAL,NO_DIRECT_DELTA_IDENTIFIED,,,EX07,PREDEADLINE,NOT_CALCULATED,observed date availability and incumbent transactions conditional; no new injury/event selected,13,14399,12,,Danilo Gallinari,,0022000072
2021-01-01_CHA_MEM,2021-01-01,CHA,CHA_EDWARDS_TERRY,DIRECT_ROSTER_CONTACT,Anthony Edwards;Tyrell Terry,LaMelo Ball;Grant Riller,EX07,PREDEADLINE,NOT_CALCULATED,observed date availability and incumbent transactions conditional; no new injury/event selected,13,14400,11,Malik Monk;Vernon Carey Jr.,,Anthony Edwards;Tyrell Terry,0022000069
2021-01-01_CHA_MEM,2021-01-01,MEM,INCUMBENT_CONDITIONAL,NO_DIRECT_DELTA_IDENTIFIED,,,EX07,PREDEADLINE,NOT_CALCULATED,observed date availability and incumbent transactions conditional; no new injury/event selected,12,14400,9,,Grayson Allen;Jontay Porter;Xavier Tillman,,0022000069
2021-01-01_DAL_MIA,2021-01-01,DAL,DAL_HAMPTON,DIRECT_ROSTER_CONTACT,R.J. Hampton,Tyrell Terry,EX07,PREDEADLINE,NOT_CALCULATED,observed date availability and incumbent transactions conditional; no new injury/event selected,14,14400,10,Boban Marjanovic;Josh Green;Tyrell Terry;Wes Iwundu,,R.J. Hampton,0022000071
2021-01-01_DAL_MIA,2021-01-01,MIA,INCUMBENT_CONDITIONAL,NO_DIRECT_DELTA_IDENTIFIED,,,EX07,PREDEADLINE,NOT_CALCULATED,observed date availability and incumbent transactions conditional; no new injury/event selected,15,14400,11,Chris Silva;KZ Okpala;Meyers Leonard;Udonis Haslem,,,0022000071
2021-01-01_DEN_PHX,2021-01-01,DEN,DEN_BEY_NNAJI,DIRECT_ROSTER_CONTACT,Saddiq Bey,R.J. Hampton,EX07,PREDEADLINE,NOT_CALCULATED,observed date availability and incumbent transactions conditional; no new injury/event selected,15,14401,11,Bol Bol;Markus Howard;Vlatko Cancar;Zeke Nnaji,,Saddiq Bey,0022000076
2021-01-01_DEN_PHX,2021-01-01,PHX,INCUMBENT_CONDITIONAL,NO_DIRECT_DELTA_IDENTIFIED,,,EX07,PREDEADLINE,NOT_CALCULATED,observed date availability and incumbent transactions conditional; no new injury/event selected,14,14401,10,Damian Jones;E'Twaun Moore;Ty-Shon Alexander,Dario Saric,,0022000076
2021-01-01_DET_BOS,2021-01-01,DET,DET_PATRICK_KIRA,DIRECT_ROSTER_CONTACT,Patrick Williams;Kira Lewis Jr.,Saddiq Bey;Killian Hayes,EX07,PREDEADLINE,NOT_CALCULATED,observed date availability and incumbent transactions conditional; no new injury/event selected,15,14401,10,Deividas Sirvydis;Jahlil Okafor;Rodney McGruder;Saben Lee;Wayne Ellington,,Patrick Williams;Kira Lewis Jr.,0022000070
2021-01-01_DET_BOS,2021-01-01,BOS,INCUMBENT_CONDITIONAL,NO_DIRECT_DELTA_IDENTIFIED,,,EX07,PREDEADLINE,NOT_CALCULATED,observed date availability and incumbent transactions conditional; no new injury/event selected,14,14400,11,Aaron Nesmith;Tacko Fall;Tremont Waters,,,0022000070
2021-01-01_GSW_POR,2021-01-01,GSW,GSW_WIGGINS_HUTCHISON_INACTIVE,TRANSACTION_DEPENDENCY,,,EX06;EX07,PREDEADLINE,NOT_CALCULATED,observed date availability and incumbent transactions conditional; no new injury/event selected,13,14400,13,,,,0022000078
2021-01-01_GSW_POR,2021-01-01,POR,POR_NO_TRENT,DIRECT_ROSTER_CONTACT,,Gary Trent Jr.;Norman Powell,EX07,PREDEADLINE,NOT_CALCULATED,observed date availability and incumbent transactions conditional; no new injury/event selected,12,14400,12,,,,0022000078
2021-01-01_MIN_WAS,2021-01-01,MIN,MIN_RIVAL,DIRECT_ROSTER_CONTACT,Fictional Rival,Anthony Edwards,EX07,PREDEADLINE,NOT_CALCULATED,observed date availability and incumbent transactions conditional; no new injury/event selected,12,14400,12,,,Fictional Rival,0022000074
2021-01-01_MIN_WAS,2021-01-01,WAS,WAS_TRENT,DIRECT_ROSTER_CONTACT,Gary Trent Jr.,Isaac Bonga;Chandler Hutchison,EX07,PREDEADLINE,NOT_CALCULATED,observed date availability and incumbent transactions conditional; no new injury/event selected,15,14400,14,Moritz Wagner,,Gary Trent Jr.,0022000074
2021-01-01_SAS_LAL,2021-01-01,SAS,INCUMBENT_CONDITIONAL,NO_DIRECT_DELTA_IDENTIFIED,,,EX07,PREDEADLINE,NOT_CALCULATED,observed date availability and incumbent transactions conditional; no new injury/event selected,13,14400,9,Devin Vassell;Luka Samanic;Tre Jones;Trey Lyles,,,0022000075
2021-01-01_SAS_LAL,2021-01-01,LAL,LAL_AD_CORE,TRANSACTION_DEPENDENCY,,,EX06;EX07,PREDEADLINE,NOT_CALCULATED,observed date availability and incumbent transactions conditional; no new injury/event selected,14,14400,10,Alex Caruso;Alfonzo McKinnie;Jared Dudley;Quinn Cook,,,0022000075
2021-01-01_UTA_LAC,2021-01-01,UTA,INCUMBENT_CONDITIONAL,NO_DIRECT_DELTA_IDENTIFIED,,,EX07,PREDEADLINE,NOT_CALCULATED,observed date availability and incumbent transactions conditional; no new injury/event selected,14,14400,9,Elijah Hughes;Juwan Morgan;Miye Oni;Shaquille Harrison;Udoka Azubuike,,,0022000077
2021-01-01_UTA_LAC,2021-01-01,LAC,INCUMBENT_CONDITIONAL,NO_DIRECT_DELTA_IDENTIFIED,,,EX07,PREDEADLINE,NOT_CALCULATED,observed date availability and incumbent transactions conditional; no new injury/event selected,14,14400,11,Daniel Oturu;Mfiondu Kabengele;Patrick Patterson,,,0022000077
2021-01-02_ATL_CLE,2021-01-02,ATL,INCUMBENT_CONDITIONAL,NO_DIRECT_DELTA_IDENTIFIED,,,EX07,PREDEADLINE,NOT_CALCULATED,observed date availability and incumbent transactions conditional; no new injury/event selected,12,14400,10,Nathan Knight;Skylar Mays,,,0022000083
2021-01-02_ATL_CLE,2021-01-02,CLE,INCUMBENT_CONDITIONAL,NO_DIRECT_DELTA_IDENTIFIED,,,EX07,PREDEADLINE,NOT_CALCULATED,observed date availability and incumbent transactions conditional; no new injury/event selected,12,14400,10,Lamar Stevens;Marques Bolden,,,0022000083
2021-01-02_HOU_SAC,2021-01-02,HOU,INCUMBENT_CONDITIONAL,NO_DIRECT_DELTA_IDENTIFIED,,,EX07,PREDEADLINE,NOT_CALCULATED,observed date availability and incumbent transactions conditional; no new injury/event selected,12,14400,9,Brodric Thomas;Bruno Caboclo,James Harden,,0022000079
2021-01-02_HOU_SAC,2021-01-02,SAC,INCUMBENT_CONDITIONAL,NO_DIRECT_DELTA_IDENTIFIED,,,EX07,PREDEADLINE,NOT_CALCULATED,observed date availability and incumbent transactions conditional; no new injury/event selected,15,14400,9,Chimezie Metu;Hassan Whiteside;Jabari Parker;Jahmi'us Ramsey;Justin James;Robert Woodard II,,,0022000079
2021-01-02_IND_NYK,2021-01-02,IND,INCUMBENT_CONDITIONAL,NO_DIRECT_DELTA_IDENTIFIED,,,EX07,PREDEADLINE,NOT_CALCULATED,observed date availability and incumbent transactions conditional; no new injury/event selected,13,14400,9,Cassius Stanley;Edmond Sumner;JaKarr Sampson;Jalen Lecque,,,0022000080
2021-01-02_IND_NYK,2021-01-02,NYK,INCUMBENT_CONDITIONAL,NO_DIRECT_DELTA_IDENTIFIED,,,EX07,PREDEADLINE,NOT_CALCULATED,observed date availability and incumbent transactions conditional; no new injury/event selected,12,14400,9,Ignas Brazdeikis;Jared Harper;Theo Pinson,,,0022000080
2021-01-02_NOP_TOR,2021-01-02,NOP,NOP_HAYES,DIRECT_ROSTER_CONTACT,Killian Hayes,Kira Lewis Jr.,EX07,PREDEADLINE,NOT_CALCULATED,observed date availability and incumbent transactions conditional; no new injury/event selected,14,14400,10,Kira Lewis Jr.;Naji Marshall;Will Magnay;Willy Hernangomez,,Killian Hayes,0022000084
2021-01-02_NOP_TOR,2021-01-02,TOR,INCUMBENT_CONDITIONAL,NO_DIRECT_DELTA_IDENTIFIED,,,EX07,PREDEADLINE,NOT_CALCULATED,observed date availability and incumbent transactions conditional; no new injury/event selected,15,14400,10,DeAndre' Bembry;Malachi Flynn;Matt Thomas;Paul Watson;Yuta Watanabe,,,0022000084
2021-01-02_ORL_OKC,2021-01-02,ORL,INCUMBENT_CONDITIONAL,NO_DIRECT_DELTA_IDENTIFIED,,,EX07,PREDEADLINE,NOT_CALCULATED,observed date availability and incumbent transactions conditional; no new injury/event selected,12,14400,9,Jordan Bone;Karim Mane;Mo Bamba,,,0022000081
2021-01-02_ORL_OKC,2021-01-02,OKC,INCUMBENT_CONDITIONAL,NO_DIRECT_DELTA_IDENTIFIED,,,EX07,PREDEADLINE,NOT_CALCULATED,observed date availability and incumbent transactions conditional; no new injury/event selected,15,14400,10,Darius Miller;Isaiah Roby;Josh Hall;Justin Jackson;Moses Brown,,,0022000081
2021-01-02_PHI_CHA,2021-01-02,PHI,INCUMBENT_CONDITIONAL,NO_DIRECT_DELTA_IDENTIFIED,,,EX07,PREDEADLINE,NOT_CALCULATED,observed date availability and incumbent transactions conditional; no new injury/event selected,15,14400,9,Dakota Mathias;Isaiah Joe;Paul Reed;Terrance Ferguson;Tony Bradley;Vincent Poirier,,,0022000082
2021-01-02_PHI_CHA,2021-01-02,CHA,CHA_EDWARDS_TERRY,DIRECT_ROSTER_CONTACT,Anthony Edwards;Tyrell Terry,LaMelo Ball;Grant Riller,EX07,PREDEADLINE,NOT_CALCULATED,observed date availability and incumbent transactions conditional; no new injury/event selected,13,14401,9,Cody Martin;Malik Monk;Nick Richards;Vernon Carey Jr.,,Anthony Edwards;Tyrell Terry,0022000082
2021-01-03_DET_BOS,2021-01-03,DET,DET_PATRICK_KIRA,DIRECT_ROSTER_CONTACT,Patrick Williams;Kira Lewis Jr.,Saddiq Bey;Killian Hayes,EX07,PREDEADLINE,NOT_CALCULATED,observed date availability and incumbent transactions conditional; no new injury/event selected,15,14400,12,Deividas Sirvydis;Rodney McGruder;Wayne Ellington,,Patrick Williams;Kira Lewis Jr.,0022000085
2021-01-03_DET_BOS,2021-01-03,BOS,INCUMBENT_CONDITIONAL,NO_DIRECT_DELTA_IDENTIFIED,,,EX07,PREDEADLINE,NOT_CALCULATED,observed date availability and incumbent transactions conditional; no new injury/event selected,14,14399,9,Aaron Nesmith;Carsen Edwards;Grant Williams;Tacko Fall;Tremont Waters,,,0022000085
2021-01-03_GSW_POR,2021-01-03,GSW,GSW_WIGGINS_HUTCHISON_INACTIVE,TRANSACTION_DEPENDENCY,,,EX06;EX07,PREDEADLINE,NOT_CALCULATED,observed date availability and incumbent transactions conditional; no new injury/event selected,13,14400,12,Jordan Poole,,,0022000092
2021-01-03_GSW_POR,2021-01-03,POR,POR_NO_TRENT,DIRECT_ROSTER_CONTACT,,Gary Trent Jr.;Norman Powell,EX07,PREDEADLINE,NOT_CALCULATED,observed date availability and incumbent transactions conditional; no new injury/event selected,13,14401,9,CJ Elleby;Harry Giles III;Keljin Blevins;Nassir Little,,,0022000092
2021-01-03_MEM_LAL,2021-01-03,MEM,INCUMBENT_CONDITIONAL,NO_DIRECT_DELTA_IDENTIFIED,,,EX07,PREDEADLINE,NOT_CALCULATED,observed date availability and incumbent transactions conditional; no new injury/event selected,12,14400,11,De'Anthony Melton,,,0022000087
2021-01-03_MEM_LAL,2021-01-03,LAL,LAL_AD_CORE,TRANSACTION_DEPENDENCY,,,EX06;EX07,PREDEADLINE,NOT_CALCULATED,observed date availability and incumbent transactions conditional; no new injury/event selected,12,14400,12,,,,0022000087
2021-01-03_MIN_DEN,2021-01-03,MIN,MIN_RIVAL,DIRECT_ROSTER_CONTACT,Fictional Rival,Anthony Edwards,EX07,PREDEADLINE,NOT_CALCULATED,observed date availability and incumbent transactions conditional; no new injury/event selected,12,14400,12,,,Fictional Rival,0022000088
2021-01-03_MIN_DEN,2021-01-03,DEN,DEN_BEY_NNAJI,DIRECT_ROSTER_CONTACT,Saddiq Bey,R.J. Hampton,EX07,PREDEADLINE,NOT_CALCULATED,observed date availability and incumbent transactions conditional; no new injury/event selected,15,14400,13,Bol Bol;Isaiah Hartenstein,,Saddiq Bey,0022000088
2021-01-03_PHX_LAC,2021-01-03,PHX,INCUMBENT_CONDITIONAL,NO_DIRECT_DELTA_IDENTIFIED,,,EX07,PREDEADLINE,NOT_CALCULATED,observed date availability and incumbent transactions conditional; no new injury/event selected,14,14400,10,Damian Jones;E'Twaun Moore;Frank Kaminsky;Ty-Shon Alexander,,,0022000091
2021-01-03_PHX_LAC,2021-01-03,LAC,INCUMBENT_CONDITIONAL,NO_DIRECT_DELTA_IDENTIFIED,,,EX07,PREDEADLINE,NOT_CALCULATED,observed date availability and incumbent transactions conditional; no new injury/event selected,15,14399,9,Amir Coffey;Daniel Oturu;Mfiondu Kabengele;Patrick Patterson;Terance Mann,Marcus Morris Sr.,,0022000091
2021-01-03_SAS_UTA,2021-01-03,SAS,INCUMBENT_CONDITIONAL,NO_DIRECT_DELTA_IDENTIFIED,,,EX07,PREDEADLINE,NOT_CALCULATED,observed date availability and incumbent transactions conditional; no new injury/event selected,12,14400,12,,,,0022000089
2021-01-03_SAS_UTA,2021-01-03,UTA,INCUMBENT_CONDITIONAL,NO_DIRECT_DELTA_IDENTIFIED,,,EX07,PREDEADLINE,NOT_CALCULATED,observed date availability and incumbent transactions conditional; no new injury/event selected,14,14400,14,,,,0022000089
2021-01-04_ATL_NYK,2021-01-04,ATL,INCUMBENT_CONDITIONAL,NO_DIRECT_DELTA_IDENTIFIED,,,EX07,PREDEADLINE,NOT_CALCULATED,observed date availability and incumbent transactions conditional; no new injury/event selected,13,14400,9,Bruno Fernando;Nathan Knight;Rajon Rondo;Skylar Mays,,,0022000095
2021-01-04_ATL_NYK,2021-01-04,NYK,INCUMBENT_CONDITIONAL,NO_DIRECT_DELTA_IDENTIFIED,,,EX07,PREDEADLINE,NOT_CALCULATED,observed date availability and incumbent transactions conditional; no new injury/event selected,12,14400,8,Ignas Brazdeikis;Jared Harper;Theo Pinson,Nerlens Noel,,0022000095
2021-01-04_GSW_SAC,2021-01-04,GSW,GSW_WIGGINS_HUTCHISON_INACTIVE,TRANSACTION_DEPENDENCY,,,EX06;EX07,PREDEADLINE,NOT_CALCULATED,observed date availability and incumbent transactions conditional; no new injury/event selected,13,14400,13,,,,0022000101
2021-01-04_GSW_SAC,2021-01-04,SAC,INCUMBENT_CONDITIONAL,NO_DIRECT_DELTA_IDENTIFIED,,,EX07,PREDEADLINE,NOT_CALCULATED,observed date availability and incumbent transactions conditional; no new injury/event selected,14,14401,14,,,,0022000101
2021-01-04_HOU_DAL,2021-01-04,HOU,INCUMBENT_CONDITIONAL,NO_DIRECT_DELTA_IDENTIFIED,,,EX07,PREDEADLINE,NOT_CALCULATED,observed date availability and incumbent transactions conditional; no new injury/event selected,13,14401,11,Ben McLemore;Kenyon Martin Jr.,,,0022000098
2021-01-04_HOU_DAL,2021-01-04,DAL,DAL_HAMPTON,DIRECT_ROSTER_CONTACT,R.J. Hampton,Tyrell Terry,EX07,PREDEADLINE,NOT_CALCULATED,observed date availability and incumbent transactions conditional; no new injury/event selected,14,14402,11,Boban Marjanovic;Josh Green;Tyrell Terry,,R.J. Hampton,0022000098
2021-01-04_MIA_OKC,2021-01-04,MIA,INCUMBENT_CONDITIONAL,NO_DIRECT_DELTA_IDENTIFIED,,,EX07,PREDEADLINE,NOT_CALCULATED,observed date availability and incumbent transactions conditional; no new injury/event selected,15,14400,13,Meyers Leonard;Udonis Haslem,,,0022000096
2021-01-04_MIA_OKC,2021-01-04,OKC,INCUMBENT_CONDITIONAL,NO_DIRECT_DELTA_IDENTIFIED,,,EX07,PREDEADLINE,NOT_CALCULATED,observed date availability and incumbent transactions conditional; no new injury/event selected,14,14400,14,,,,0022000096
2021-01-04_MIL_DET,2021-01-04,MIL,INCUMBENT_CONDITIONAL,NO_DIRECT_DELTA_IDENTIFIED,,,EX07,PREDEADLINE,NOT_CALCULATED,observed date availability and incumbent transactions conditional; no new injury/event selected,12,14400,10,D.J. Wilson;Jaylen Adams,,,0022000099
2021-01-04_MIL_DET,2021-01-04,DET,DET_PATRICK_KIRA,DIRECT_ROSTER_CONTACT,Patrick Williams;Kira Lewis Jr.,Saddiq Bey;Killian Hayes,EX07,PREDEADLINE,NOT_CALCULATED,observed date availability and incumbent transactions conditional; no new injury/event selected,14,14400,12,Deividas Sirvydis;Saben Lee,,Patrick Williams;Kira Lewis Jr.,0022000099
2021-01-04_ORL_CLE,2021-01-04,ORL,INCUMBENT_CONDITIONAL,NO_DIRECT_DELTA_IDENTIFIED,,,EX07,PREDEADLINE,NOT_CALCULATED,observed date availability and incumbent transactions conditional; no new injury/event selected,12,14400,12,,,,0022000093
2021-01-04_ORL_CLE,2021-01-04,CLE,INCUMBENT_CONDITIONAL,NO_DIRECT_DELTA_IDENTIFIED,,,EX07,PREDEADLINE,NOT_CALCULATED,observed date availability and incumbent transactions conditional; no new injury/event selected,12,14400,11,,Darius Garland,,0022000093
2021-01-04_PHI_CHA,2021-01-04,PHI,INCUMBENT_CONDITIONAL,NO_DIRECT_DELTA_IDENTIFIED,,,EX07,PREDEADLINE,NOT_CALCULATED,observed date availability and incumbent transactions conditional; no new injury/event selected,15,14402,14,Tony Bradley,,,0022000094
2021-01-04_PHI_CHA,2021-01-04,CHA,CHA_EDWARDS_TERRY,DIRECT_ROSTER_CONTACT,Anthony Edwards;Tyrell Terry,LaMelo Ball;Grant Riller,EX07,PREDEADLINE,NOT_CALCULATED,observed date availability and incumbent transactions conditional; no new injury/event selected,13,14400,11,Cody Martin;Vernon Carey Jr.,,Anthony Edwards;Tyrell Terry,0022000094
2021-01-04_TOR_BOS,2021-01-04,TOR,INCUMBENT_CONDITIONAL,NO_DIRECT_DELTA_IDENTIFIED,,,EX07,PREDEADLINE,NOT_CALCULATED,observed date availability and incumbent transactions conditional; no new injury/event selected,15,14400,13,DeAndre' Bembry;Matt Thomas,,,0022000097
2021-01-04_TOR_BOS,2021-01-04,BOS,INCUMBENT_CONDITIONAL,NO_DIRECT_DELTA_IDENTIFIED,,,EX07,PREDEADLINE,NOT_CALCULATED,observed date availability and incumbent transactions conditional; no new injury/event selected,12,14401,10,Carsen Edwards;Tacko Fall,,,0022000097
2021-01-05_BKN_UTA,2021-01-05,BKN,INCUMBENT_CONDITIONAL,NO_DIRECT_DELTA_IDENTIFIED,,,EX07,PREDEADLINE,NOT_CALCULATED,observed date availability and incumbent transactions conditional; no new injury/event selected,14,14400,13,,Rodions Kurucs,,0022000102
2021-01-05_BKN_UTA,2021-01-05,UTA,INCUMBENT_CONDITIONAL,NO_DIRECT_DELTA_IDENTIFIED,,,EX07,PREDEADLINE,NOT_CALCULATED,observed date availability and incumbent transactions conditional; no new injury/event selected,14,14400,14,,,,0022000102
2021-01-05_DEN_MIN,2021-01-05,DEN,DEN_BEY_NNAJI,DIRECT_ROSTER_CONTACT,Saddiq Bey,R.J. Hampton,EX07,PREDEADLINE,NOT_CALCULATED,observed date availability and incumbent transactions conditional; no new injury/event selected,15,14399,10,Bol Bol;Isaiah Hartenstein;Markus Howard;Vlatko Cancar;Zeke Nnaji,,Saddiq Bey,0022000104
2021-01-05_DEN_MIN,2021-01-05,MIN,MIN_RIVAL,DIRECT_ROSTER_CONTACT,Fictional Rival,Anthony Edwards,EX07,PREDEADLINE,NOT_CALCULATED,observed date availability and incumbent transactions conditional; no new injury/event selected,12,14400,10,Jaden McDaniels;Jaylen Nowell,,Fictional Rival,0022000104
2021-01-05_LAC_SAS,2021-01-05,LAC,INCUMBENT_CONDITIONAL,NO_DIRECT_DELTA_IDENTIFIED,,,EX07,PREDEADLINE,NOT_CALCULATED,observed date availability and incumbent transactions conditional; no new injury/event selected,15,14400,11,Daniel Oturu;Mfiondu Kabengele,Marcus Morris Sr.;Paul George,,0022000105
2021-01-05_LAC_SAS,2021-01-05,SAS,INCUMBENT_CONDITIONAL,NO_DIRECT_DELTA_IDENTIFIED,,,EX07,PREDEADLINE,NOT_CALCULATED,observed date availability and incumbent transactions conditional; no new injury/event selected,13,14400,9,Drew Eubanks;Luka Samanic;Tre Jones;Trey Lyles,,,0022000105
2021-01-06_ATL_CHA,2021-01-06,ATL,INCUMBENT_CONDITIONAL,NO_DIRECT_DELTA_IDENTIFIED,,,EX07,PREDEADLINE,NOT_CALCULATED,observed date availability and incumbent transactions conditional; no new injury/event selected,12,14400,10,Bruno Fernando;Skylar Mays,,,0022000110
2021-01-06_ATL_CHA,2021-01-06,CHA,CHA_EDWARDS_TERRY,DIRECT_ROSTER_CONTACT,Anthony Edwards;Tyrell Terry,LaMelo Ball;Grant Riller,EX07,PREDEADLINE,NOT_CALCULATED,observed date availability and incumbent transactions conditional; no new injury/event selected,12,14400,9,Jalen McDaniels;Malik Monk;Vernon Carey Jr.,,Anthony Edwards;Tyrell Terry,0022000110
2021-01-06_GSW_LAC,2021-01-06,GSW,GSW_WIGGINS_HUTCHISON_INACTIVE,TRANSACTION_DEPENDENCY,,,EX06;EX07,PREDEADLINE,NOT_CALCULATED,observed date availability and incumbent transactions conditional; no new injury/event selected,12,14400,11,Jordan Poole,,,0022000116
2021-01-06_GSW_LAC,2021-01-06,LAC,INCUMBENT_CONDITIONAL,NO_DIRECT_DELTA_IDENTIFIED,,,EX07,PREDEADLINE,NOT_CALCULATED,observed date availability and incumbent transactions conditional; no new injury/event selected,15,14400,12,Amir Coffey;Daniel Oturu;Patrick Patterson,,,0022000116
2021-01-06_IND_HOU,2021-01-06,IND,INCUMBENT_CONDITIONAL,NO_DIRECT_DELTA_IDENTIFIED,,,EX07,PREDEADLINE,NOT_CALCULATED,observed date availability and incumbent transactions conditional; no new injury/event selected,12,14400,8,Cassius Stanley;Edmond Sumner;JaKarr Sampson;Kelan Martin,,,0022000107
2021-01-06_IND_HOU,2021-01-06,HOU,INCUMBENT_CONDITIONAL,NO_DIRECT_DELTA_IDENTIFIED,,,EX07,PREDEADLINE,NOT_CALCULATED,observed date availability and incumbent transactions conditional; no new injury/event selected,12,14400,8,Brodric Thomas;Bruno Caboclo,Ben McLemore;Christian Wood,,0022000107
2021-01-06_MIA_BOS,2021-01-06,MIA,INCUMBENT_CONDITIONAL,NO_DIRECT_DELTA_IDENTIFIED,,,EX07,PREDEADLINE,NOT_CALCULATED,observed date availability and incumbent transactions conditional; no new injury/event selected,15,14400,9,Chris Silva;Gabe Vincent;KZ Okpala;Kendrick Nunn;Meyers Leonard;Udonis Haslem,,,0022000111
2021-01-06_MIA_BOS,2021-01-06,BOS,INCUMBENT_CONDITIONAL,NO_DIRECT_DELTA_IDENTIFIED,,,EX07,PREDEADLINE,NOT_CALCULATED,observed date availability and incumbent transactions conditional; no new injury/event selected,13,14400,10,Aaron Nesmith;Tacko Fall;Tremont Waters,,,0022000111
2021-01-06_MIL_DET,2021-01-06,MIL,INCUMBENT_CONDITIONAL,NO_DIRECT_DELTA_IDENTIFIED,,,EX07,PREDEADLINE,NOT_CALCULATED,observed date availability and incumbent transactions conditional; no new injury/event selected,12,14400,11,D.J. Wilson,,,0022000113
2021-01-06_MIL_DET,2021-01-06,DET,DET_PATRICK_KIRA,DIRECT_ROSTER_CONTACT,Patrick Williams;Kira Lewis Jr.,Saddiq Bey;Killian Hayes,EX07,PREDEADLINE,NOT_CALCULATED,observed date availability and incumbent transactions conditional; no new injury/event selected,14,14400,14,,,Patrick Williams;Kira Lewis Jr.,0022000113
2021-01-06_NOP_OKC,2021-01-06,NOP,NOP_HAYES,DIRECT_ROSTER_CONTACT,Killian Hayes,Kira Lewis Jr.,EX07,PREDEADLINE,NOT_CALCULATED,observed date availability and incumbent transactions conditional; no new injury/event selected,15,14400,9,Kira Lewis Jr.;Naji Marshall;Wenyen Gabriel;Will Magnay;Willy Hernangomez,,Killian Hayes,0022000114
2021-01-06_NOP_OKC,2021-01-06,OKC,INCUMBENT_CONDITIONAL,NO_DIRECT_DELTA_IDENTIFIED,,,EX07,PREDEADLINE,NOT_CALCULATED,observed date availability and incumbent transactions conditional; no new injury/event selected,14,14400,10,Darius Miller;Josh Hall;Justin Jackson;Moses Brown,,,0022000114
2021-01-06_NYK_UTA,2021-01-06,NYK,INCUMBENT_CONDITIONAL,NO_DIRECT_DELTA_IDENTIFIED,,,EX07,PREDEADLINE,NOT_CALCULATED,observed date availability and incumbent transactions conditional; no new injury/event selected,13,14402,8,Dennis Smith Jr.;Ignas Brazdeikis;Jared Harper;Omari Spellman;Theo Pinson,,,0022000112
2021-01-06_NYK_UTA,2021-01-06,UTA,INCUMBENT_CONDITIONAL,NO_DIRECT_DELTA_IDENTIFIED,,,EX07,PREDEADLINE,NOT_CALCULATED,observed date availability and incumbent transactions conditional; no new injury/event selected,14,14403,9,Elijah Hughes;Miye Oni;Shaquille Harrison;Trent Forrest;Udoka Azubuike,,,0022000112
2021-01-06_ORL_CLE,2021-01-06,ORL,INCUMBENT_CONDITIONAL,NO_DIRECT_DELTA_IDENTIFIED,,,EX07,PREDEADLINE,NOT_CALCULATED,observed date availability and incumbent transactions conditional; no new injury/event selected,13,14400,12,,Evan Fournier,,0022000108
2021-01-06_ORL_CLE,2021-01-06,CLE,INCUMBENT_CONDITIONAL,NO_DIRECT_DELTA_IDENTIFIED,,,EX07,PREDEADLINE,NOT_CALCULATED,observed date availability and incumbent transactions conditional; no new injury/event selected,12,14400,11,,Darius Garland,,0022000108
2021-01-06_PHI_WAS,2021-01-06,PHI,INCUMBENT_CONDITIONAL,NO_DIRECT_DELTA_IDENTIFIED,,,EX07,PREDEADLINE,NOT_CALCULATED,observed date availability and incumbent transactions conditional; no new injury/event selected,15,14400,10,Dakota Mathias;Isaiah Joe;Paul Reed;Tony Bradley;Vincent Poirier,,,0022000109
2021-01-06_PHI_WAS,2021-01-06,WAS,WAS_TRENT,DIRECT_ROSTER_CONTACT,Gary Trent Jr.,Isaac Bonga;Chandler Hutchison,EX07,PREDEADLINE,NOT_CALCULATED,observed date availability and incumbent transactions conditional; no new injury/event selected,15,14400,11,Garrison Mathews;Isaac Bonga;Moritz Wagner;Troy Brown Jr.,,Gary Trent Jr.,0022000109
2021-01-06_PHX_TOR,2021-01-06,PHX,INCUMBENT_CONDITIONAL,NO_DIRECT_DELTA_IDENTIFIED,,,EX07,PREDEADLINE,NOT_CALCULATED,observed date availability and incumbent transactions conditional; no new injury/event selected,15,14400,10,Abdel Nader;Damian Jones;E'Twaun Moore;Frank Kaminsky;Jalen Smith,,,0022000115
2021-01-06_PHX_TOR,2021-01-06,TOR,INCUMBENT_CONDITIONAL,NO_DIRECT_DELTA_IDENTIFIED,,,EX07,PREDEADLINE,NOT_CALCULATED,observed date availability and incumbent transactions conditional; no new injury/event selected,15,14400,11,Matt Thomas;Paul Watson;Stanley Johnson;Terence Davis,,,0022000115
2021-01-07_BKN_PHI,2021-01-07,BKN,INCUMBENT_CONDITIONAL,NO_DIRECT_DELTA_IDENTIFIED,,,EX07,PREDEADLINE,NOT_CALCULATED,observed date availability and incumbent transactions conditional; no new injury/event selected,12,14400,11,,Tyler Johnson,,0022000118
2021-01-07_BKN_PHI,2021-01-07,PHI,INCUMBENT_CONDITIONAL,NO_DIRECT_DELTA_IDENTIFIED,,,EX07,PREDEADLINE,NOT_CALCULATED,observed date availability and incumbent transactions conditional; no new injury/event selected,13,14400,11,Paul Reed;Tony Bradley,,,0022000118
2021-01-07_DEN_DAL,2021-01-07,DEN,DEN_BEY_NNAJI,DIRECT_ROSTER_CONTACT,Saddiq Bey,R.J. Hampton,EX07,PREDEADLINE,NOT_CALCULATED,observed date availability and incumbent transactions conditional; no new injury/event selected,15,15900,9,Bol Bol;Facundo Campazzo;Markus Howard;R.J. Hampton;Vlatko Cancar;Zeke Nnaji,,Saddiq Bey,0022000120
2021-01-07_DEN_DAL,2021-01-07,DAL,DAL_HAMPTON,DIRECT_ROSTER_CONTACT,R.J. Hampton,Tyrell Terry,EX07,PREDEADLINE,NOT_CALCULATED,observed date availability and incumbent transactions conditional; no new injury/event selected,14,15900,11,Nate Hinton;Tyrell Terry;Wes Iwundu,,R.J. Hampton,0022000120
2021-01-07_LAL_SAS,2021-01-07,LAL,LAL_AD_CORE,TRANSACTION_DEPENDENCY,,,EX06;EX07,PREDEADLINE,NOT_CALCULATED,observed date availability and incumbent transactions conditional; no new injury/event selected,13,14400,13,,,,0022000121
2021-01-07_LAL_SAS,2021-01-07,SAS,INCUMBENT_CONDITIONAL,NO_DIRECT_DELTA_IDENTIFIED,,,EX07,PREDEADLINE,NOT_CALCULATED,observed date availability and incumbent transactions conditional; no new injury/event selected,13,14400,13,,,,0022000121
2021-01-07_MEM_CLE,2021-01-07,MEM,INCUMBENT_CONDITIONAL,NO_DIRECT_DELTA_IDENTIFIED,,,EX07,PREDEADLINE,NOT_CALCULATED,observed date availability and incumbent transactions conditional; no new injury/event selected,13,14400,10,Sean McDermott;Tim Frazier,John Konchar,,0022000119
2021-01-07_MEM_CLE,2021-01-07,CLE,INCUMBENT_CONDITIONAL,NO_DIRECT_DELTA_IDENTIFIED,,,EX07,PREDEADLINE,NOT_CALCULATED,observed date availability and incumbent transactions conditional; no new injury/event selected,12,14400,9,Marques Bolden,Collin Sexton;Darius Garland,,0022000119
2021-01-07_POR_MIN,2021-01-07,POR,POR_NO_TRENT,DIRECT_ROSTER_CONTACT,,Gary Trent Jr.;Norman Powell,EX07,PREDEADLINE,NOT_CALCULATED,observed date availability and incumbent transactions conditional; no new injury/event selected,14,14400,14,,,,0022000122
2021-01-07_POR_MIN,2021-01-07,MIN,MIN_RIVAL,DIRECT_ROSTER_CONTACT,Fictional Rival,Anthony Edwards,EX07,PREDEADLINE,NOT_CALCULATED,observed date availability and incumbent transactions conditional; no new injury/event selected,12,14400,12,,,Fictional Rival,0022000122
2021-01-08_BOS_WAS,2021-01-08,BOS,INCUMBENT_CONDITIONAL,NO_DIRECT_DELTA_IDENTIFIED,,,EX07,PREDEADLINE,NOT_CALCULATED,observed date availability and incumbent transactions conditional; no new injury/event selected,12,14400,9,Aaron Nesmith;Carsen Edwards;Tremont Waters,,,0022000124
2021-01-08_BOS_WAS,2021-01-08,WAS,WAS_TRENT,DIRECT_ROSTER_CONTACT,Gary Trent Jr.,Isaac Bonga;Chandler Hutchison,EX07,PREDEADLINE,NOT_CALCULATED,observed date availability and incumbent transactions conditional; no new injury/event selected,15,14400,12,Anthony Gill;Jerome Robinson;Troy Brown Jr.,,Gary Trent Jr.,0022000124
2021-01-08_DET_PHX,2021-01-08,DET,DET_PATRICK_KIRA,DIRECT_ROSTER_CONTACT,Patrick Williams;Kira Lewis Jr.,Saddiq Bey;Killian Hayes,EX07,PREDEADLINE,NOT_CALCULATED,observed date availability and incumbent transactions conditional; no new injury/event selected,15,15900,13,Rodney McGruder;Saben Lee,,Patrick Williams;Kira Lewis Jr.,0022000123
2021-01-08_DET_PHX,2021-01-08,PHX,INCUMBENT_CONDITIONAL,NO_DIRECT_DELTA_IDENTIFIED,,,EX07,PREDEADLINE,NOT_CALCULATED,observed date availability and incumbent transactions conditional; no new injury/event selected,15,15900,10,Abdel Nader;Damian Jones;E'Twaun Moore;Frank Kaminsky;Ty-Shon Alexander,,,0022000123
2021-01-08_GSW_LAC,2021-01-08,GSW,GSW_WIGGINS_HUTCHISON_INACTIVE,TRANSACTION_DEPENDENCY,,,EX06;EX07,PREDEADLINE,NOT_CALCULATED,observed date availability and incumbent transactions conditional; no new injury/event selected,13,14401,11,Jordan Poole;Nico Mannion,,,0022000130
2021-01-08_GSW_LAC,2021-01-08,LAC,INCUMBENT_CONDITIONAL,NO_DIRECT_DELTA_IDENTIFIED,,,EX07,PREDEADLINE,NOT_CALCULATED,observed date availability and incumbent transactions conditional; no new injury/event selected,15,14399,14,Patrick Patterson,,,0022000130
2021-01-08_HOU_ORL,2021-01-08,HOU,INCUMBENT_CONDITIONAL,NO_DIRECT_DELTA_IDENTIFIED,,,EX07,PREDEADLINE,NOT_CALCULATED,observed date availability and incumbent transactions conditional; no new injury/event selected,13,14400,13,,,,0022000127
2021-01-08_HOU_ORL,2021-01-08,ORL,INCUMBENT_CONDITIONAL,NO_DIRECT_DELTA_IDENTIFIED,,,EX07,PREDEADLINE,NOT_CALCULATED,observed date availability and incumbent transactions conditional; no new injury/event selected,12,14400,10,,Aaron Gordon;Evan Fournier,,0022000127
2021-01-08_MEM_BKN,2021-01-08,MEM,INCUMBENT_CONDITIONAL,NO_DIRECT_DELTA_IDENTIFIED,,,EX07,PREDEADLINE,NOT_CALCULATED,observed date availability and incumbent transactions conditional; no new injury/event selected,13,14400,11,Sean McDermott,John Konchar,,0022000128
2021-01-08_MEM_BKN,2021-01-08,BKN,INCUMBENT_CONDITIONAL,NO_DIRECT_DELTA_IDENTIFIED,,,EX07,PREDEADLINE,NOT_CALCULATED,observed date availability and incumbent transactions conditional; no new injury/event selected,12,14400,10,Reggie Perry;Rodions Kurucs,,,0022000128
2021-01-08_MIL_UTA,2021-01-08,MIL,INCUMBENT_CONDITIONAL,NO_DIRECT_DELTA_IDENTIFIED,,,EX07,PREDEADLINE,NOT_CALCULATED,observed date availability and incumbent transactions conditional; no new injury/event selected,12,14400,11,D.J. Wilson,,,0022000129
2021-01-08_MIL_UTA,2021-01-08,UTA,INCUMBENT_CONDITIONAL,NO_DIRECT_DELTA_IDENTIFIED,,,EX07,PREDEADLINE,NOT_CALCULATED,observed date availability and incumbent transactions conditional; no new injury/event selected,13,14400,13,,,,0022000129
2021-01-08_NOP_CHA,2021-01-08,NOP,NOP_HAYES,DIRECT_ROSTER_CONTACT,Killian Hayes,Kira Lewis Jr.,EX07,PREDEADLINE,NOT_CALCULATED,observed date availability and incumbent transactions conditional; no new injury/event selected,15,14401,10,Kira Lewis Jr.;Naji Marshall;Sindarius Thornwell;Wenyen Gabriel;Willy Hernangomez,,Killian Hayes,0022000126
2021-01-08_NOP_CHA,2021-01-08,CHA,CHA_EDWARDS_TERRY,DIRECT_ROSTER_CONTACT,Anthony Edwards;Tyrell Terry,LaMelo Ball;Grant Riller,EX07,PREDEADLINE,NOT_CALCULATED,observed date availability and incumbent transactions conditional; no new injury/event selected,13,14401,9,Jalen McDaniels;Malik Monk;Nick Richards;Vernon Carey Jr.,,Anthony Edwards;Tyrell Terry,0022000126
2021-01-08_NYK_OKC,2021-01-08,NYK,INCUMBENT_CONDITIONAL,NO_DIRECT_DELTA_IDENTIFIED,,,EX07,PREDEADLINE,NOT_CALCULATED,observed date availability and incumbent transactions conditional; no new injury/event selected,13,14400,9,Dennis Smith Jr.;Ignas Brazdeikis;Jared Harper;Theo Pinson,,,0022000125
2021-01-08_NYK_OKC,2021-01-08,OKC,INCUMBENT_CONDITIONAL,NO_DIRECT_DELTA_IDENTIFIED,,,EX07,PREDEADLINE,NOT_CALCULATED,observed date availability and incumbent transactions conditional; no new injury/event selected,15,14400,11,Darius Miller;Josh Hall;Justin Jackson;Moses Brown,,,0022000125
2021-01-08_SAC_TOR,2021-01-08,SAC,INCUMBENT_CONDITIONAL,NO_DIRECT_DELTA_IDENTIFIED,,,EX07,PREDEADLINE,NOT_CALCULATED,observed date availability and incumbent transactions conditional; no new injury/event selected,14,14400,13,Hassan Whiteside,,,0022000132
2021-01-08_SAC_TOR,2021-01-08,TOR,INCUMBENT_CONDITIONAL,NO_DIRECT_DELTA_IDENTIFIED,,,EX07,PREDEADLINE,NOT_CALCULATED,observed date availability and incumbent transactions conditional; no new injury/event selected,15,14400,14,Aron Baynes,,,0022000132
2021-01-09_CHA_ATL,2021-01-09,CHA,CHA_EDWARDS_TERRY,DIRECT_ROSTER_CONTACT,Anthony Edwards;Tyrell Terry,LaMelo Ball;Grant Riller,EX07,PREDEADLINE,NOT_CALCULATED,observed date availability and incumbent transactions conditional; no new injury/event selected,13,14401,9,Jalen McDaniels;Malik Monk;Nick Richards;Vernon Carey Jr.,,Anthony Edwards;Tyrell Terry,0022000134
2021-01-09_CHA_ATL,2021-01-09,ATL,INCUMBENT_CONDITIONAL,NO_DIRECT_DELTA_IDENTIFIED,,,EX07,PREDEADLINE,NOT_CALCULATED,observed date availability and incumbent transactions conditional; no new injury/event selected,12,14400,10,Bruno Fernando;Tony Snell,,,0022000134
2021-01-09_DAL_ORL,2021-01-09,DAL,DAL_HAMPTON,DIRECT_ROSTER_CONTACT,R.J. Hampton,Tyrell Terry,EX07,PREDEADLINE,NOT_CALCULATED,observed date availability and incumbent transactions conditional; no new injury/event selected,13,14400,10,Nate Hinton;Tyler Bey;Tyrell Terry,,R.J. Hampton,0022000139
2021-01-09_DAL_ORL,2021-01-09,ORL,INCUMBENT_CONDITIONAL,NO_DIRECT_DELTA_IDENTIFIED,,,EX07,PREDEADLINE,NOT_CALCULATED,observed date availability and incumbent transactions conditional; no new injury/event selected,12,14400,9,Karim Mane;Mo Bamba,Evan Fournier,,0022000139
2021-01-09_IND_PHX,2021-01-09,IND,INCUMBENT_CONDITIONAL,NO_DIRECT_DELTA_IDENTIFIED,,,EX07,PREDEADLINE,NOT_CALCULATED,observed date availability and incumbent transactions conditional; no new injury/event selected,12,14400,10,Kelan Martin,,,0022000135
2021-01-09_IND_PHX,2021-01-09,PHX,INCUMBENT_CONDITIONAL,NO_DIRECT_DELTA_IDENTIFIED,,,EX07,PREDEADLINE,NOT_CALCULATED,observed date availability and incumbent transactions conditional; no new injury/event selected,15,14400,9,Abdel Nader;Damian Jones;E'Twaun Moore;Frank Kaminsky;Ty-Shon Alexander,Cameron Payne,,0022000135
2021-01-09_MIL_CLE,2021-01-09,MIL,INCUMBENT_CONDITIONAL,NO_DIRECT_DELTA_IDENTIFIED,,,EX07,PREDEADLINE,NOT_CALCULATED,observed date availability and incumbent transactions conditional; no new injury/event selected,12,14400,10,Jordan Nwora;Sam Merrill,,,0022000137
2021-01-09_MIL_CLE,2021-01-09,CLE,INCUMBENT_CONDITIONAL,NO_DIRECT_DELTA_IDENTIFIED,,,EX07,PREDEADLINE,NOT_CALCULATED,observed date availability and incumbent transactions conditional; no new injury/event selected,12,14400,9,Marques Bolden,Collin Sexton;Darius Garland,,0022000137
2021-01-09_MIN_SAS,2021-01-09,MIN,MIN_RIVAL,DIRECT_ROSTER_CONTACT,Fictional Rival,Anthony Edwards,EX07,PREDEADLINE,NOT_CALCULATED,observed date availability and incumbent transactions conditional; no new injury/event selected,13,15899,10,Ed Davis;Jaden McDaniels;Jaylen Nowell,,Fictional Rival,0022000138
2021-01-09_MIN_SAS,2021-01-09,SAS,INCUMBENT_CONDITIONAL,NO_DIRECT_DELTA_IDENTIFIED,,,EX07,PREDEADLINE,NOT_CALCULATED,observed date availability and incumbent transactions conditional; no new injury/event selected,13,15900,9,Keita Bates-Diop;Luka Samanic;Tre Jones;Trey Lyles,,,0022000138
2021-01-09_PHI_DEN,2021-01-09,PHI,INCUMBENT_CONDITIONAL,NO_DIRECT_DELTA_IDENTIFIED,,,EX07,PREDEADLINE,NOT_CALCULATED,observed date availability and incumbent transactions conditional; no new injury/event selected,12,14400,7,,Furkan Korkmaz;Matisse Thybulle;Shake Milton;Vincent Poirier,,0022000133
2021-01-09_PHI_DEN,2021-01-09,DEN,DEN_BEY_NNAJI,DIRECT_ROSTER_CONTACT,Saddiq Bey,R.J. Hampton,EX07,PREDEADLINE,NOT_CALCULATED,observed date availability and incumbent transactions conditional; no new injury/event selected,15,14400,15,,,Saddiq Bey,0022000133
2021-01-09_SAC_POR,2021-01-09,SAC,INCUMBENT_CONDITIONAL,NO_DIRECT_DELTA_IDENTIFIED,,,EX07,PREDEADLINE,NOT_CALCULATED,observed date availability and incumbent transactions conditional; no new injury/event selected,14,14400,13,,Richaun Holmes,,0022000140
2021-01-09_SAC_POR,2021-01-09,POR,POR_NO_TRENT,DIRECT_ROSTER_CONTACT,,Gary Trent Jr.;Norman Powell,EX07,PREDEADLINE,NOT_CALCULATED,observed date availability and incumbent transactions conditional; no new injury/event selected,13,14400,13,,,,0022000140
2021-01-09_WAS_MIA,2021-01-09,WAS,WAS_TRENT,DIRECT_ROSTER_CONTACT,Gary Trent Jr.,Isaac Bonga;Chandler Hutchison,EX07,PREDEADLINE,NOT_CALCULATED,observed date availability and incumbent transactions conditional; no new injury/event selected,16,14400,12,Anthony Gill;Anzejs Pasecniks,Bradley Beal;Russell Westbrook,Gary Trent Jr.,0022000136
2021-01-09_WAS_MIA,2021-01-09,MIA,INCUMBENT_CONDITIONAL,NO_DIRECT_DELTA_IDENTIFIED,,,EX07,PREDEADLINE,NOT_CALCULATED,observed date availability and incumbent transactions conditional; no new injury/event selected,15,14400,11,Chris Silva;Kendrick Nunn;Maurice Harkless;Udonis Haslem,,,0022000136
2021-01-10_BKN_OKC,2021-01-10,BKN,INCUMBENT_CONDITIONAL,NO_DIRECT_DELTA_IDENTIFIED,,,EX07,PREDEADLINE,NOT_CALCULATED,observed date availability and incumbent transactions conditional; no new injury/event selected,13,14400,11,Chris Chiozza;Reggie Perry,,,0022000143
2021-01-10_BKN_OKC,2021-01-10,OKC,INCUMBENT_CONDITIONAL,NO_DIRECT_DELTA_IDENTIFIED,,,EX07,PREDEADLINE,NOT_CALCULATED,observed date availability and incumbent transactions conditional; no new injury/event selected,15,14400,11,Darius Miller;Josh Hall;Justin Jackson;Mike Muscala,,,0022000143
2021-01-10_DET_UTA,2021-01-10,DET,DET_PATRICK_KIRA,DIRECT_ROSTER_CONTACT,Patrick Williams;Kira Lewis Jr.,Saddiq Bey;Killian Hayes,EX07,PREDEADLINE,NOT_CALCULATED,observed date availability and incumbent transactions conditional; no new injury/event selected,15,14400,12,Deividas Sirvydis;Rodney McGruder;Saben Lee,,Patrick Williams;Kira Lewis Jr.,0022000141
2021-01-10_DET_UTA,2021-01-10,UTA,INCUMBENT_CONDITIONAL,NO_DIRECT_DELTA_IDENTIFIED,,,EX07,PREDEADLINE,NOT_CALCULATED,observed date availability and incumbent transactions conditional; no new injury/event selected,14,14400,9,Elijah Hughes;Miye Oni;Shaquille Harrison;Trent Forrest;Udoka Azubuike,,,0022000141
2021-01-10_GSW_TOR,2021-01-10,GSW,GSW_WIGGINS_HUTCHISON_INACTIVE,TRANSACTION_DEPENDENCY,,,EX06;EX07,PREDEADLINE,NOT_CALCULATED,observed date availability and incumbent transactions conditional; no new injury/event selected,14,14400,11,Jordan Poole;Juan Toscano-Anderson;Nico Mannion,,,0022000148
2021-01-10_GSW_TOR,2021-01-10,TOR,INCUMBENT_CONDITIONAL,NO_DIRECT_DELTA_IDENTIFIED,,,EX07,PREDEADLINE,NOT_CALCULATED,observed date availability and incumbent transactions conditional; no new injury/event selected,15,14400,10,Alex Len;Aron Baynes;DeAndre' Bembry;Matt Thomas;Paul Watson,,,0022000148
2021-01-10_HOU_LAL,2021-01-10,HOU,INCUMBENT_CONDITIONAL,NO_DIRECT_DELTA_IDENTIFIED,,,EX07,PREDEADLINE,NOT_CALCULATED,observed date availability and incumbent transactions conditional; no new injury/event selected,13,14400,13,,,,0022000146
2021-01-10_HOU_LAL,2021-01-10,LAL,LAL_AD_CORE,TRANSACTION_DEPENDENCY,,,EX06;EX07,PREDEADLINE,NOT_CALCULATED,observed date availability and incumbent transactions conditional; no new injury/event selected,13,14400,12,,Wesley Matthews,,0022000146
2021-01-10_MIN_SAS,2021-01-10,MIN,MIN_RIVAL,DIRECT_ROSTER_CONTACT,Fictional Rival,Anthony Edwards,EX07,PREDEADLINE,NOT_CALCULATED,observed date availability and incumbent transactions conditional; no new injury/event selected,14,14400,10,Jaden McDaniels;Jake Layman;Jaylen Nowell;Jordan McLaughlin,,Fictional Rival,0022000147
2021-01-10_MIN_SAS,2021-01-10,SAS,INCUMBENT_CONDITIONAL,NO_DIRECT_DELTA_IDENTIFIED,,,EX07,PREDEADLINE,NOT_CALCULATED,observed date availability and incumbent transactions conditional; no new injury/event selected,13,14400,9,Keita Bates-Diop;Luka Samanic;Tre Jones,,,0022000147
2021-01-10_NYK_DEN,2021-01-10,NYK,INCUMBENT_CONDITIONAL,NO_DIRECT_DELTA_IDENTIFIED,,,EX07,PREDEADLINE,NOT_CALCULATED,observed date availability and incumbent transactions conditional; no new injury/event selected,13,14401,12,Jared Harper,,,0022000144
2021-01-10_NYK_DEN,2021-01-10,DEN,DEN_BEY_NNAJI,DIRECT_ROSTER_CONTACT,Saddiq Bey,R.J. Hampton,EX07,PREDEADLINE,NOT_CALCULATED,observed date availability and incumbent transactions conditional; no new injury/event selected,15,14400,15,,,Saddiq Bey,0022000144
2021-01-11_ATL_PHI,2021-01-11,ATL,INCUMBENT_CONDITIONAL,NO_DIRECT_DELTA_IDENTIFIED,,,EX07,PREDEADLINE,NOT_CALCULATED,observed date availability and incumbent transactions conditional; no new injury/event selected,12,14400,12,,,,0022000153
2021-01-11_ATL_PHI,2021-01-11,PHI,INCUMBENT_CONDITIONAL,NO_DIRECT_DELTA_IDENTIFIED,,,EX07,PREDEADLINE,NOT_CALCULATED,observed date availability and incumbent transactions conditional; no new injury/event selected,12,14400,9,Matisse Thybulle;Shake Milton,Furkan Korkmaz,,0022000153
2021-01-11_CHA_NYK,2021-01-11,CHA,CHA_EDWARDS_TERRY,DIRECT_ROSTER_CONTACT,Anthony Edwards;Tyrell Terry,LaMelo Ball;Grant Riller,EX07,PREDEADLINE,NOT_CALCULATED,observed date availability and incumbent transactions conditional; no new injury/event selected,13,14400,12,Malik Monk,,Anthony Edwards;Tyrell Terry,0022000149
2021-01-11_CHA_NYK,2021-01-11,NYK,INCUMBENT_CONDITIONAL,NO_DIRECT_DELTA_IDENTIFIED,,,EX07,PREDEADLINE,NOT_CALCULATED,observed date availability and incumbent transactions conditional; no new injury/event selected,12,14400,8,Dennis Smith Jr.;Ignas Brazdeikis;Jared Harper;Theo Pinson,,,0022000149
2021-01-11_CLE_MEM,2021-01-11,CLE,INCUMBENT_CONDITIONAL,NO_DIRECT_DELTA_IDENTIFIED,,,EX07,PREDEADLINE,NOT_CALCULATED,observed date availability and incumbent transactions conditional; no new injury/event selected,12,14400,9,Marques Bolden;Thon Maker,Collin Sexton,,0022000150
2021-01-11_CLE_MEM,2021-01-11,MEM,INCUMBENT_CONDITIONAL,NO_DIRECT_DELTA_IDENTIFIED,,,EX07,PREDEADLINE,NOT_CALCULATED,observed date availability and incumbent transactions conditional; no new injury/event selected,13,14400,10,Gorgui Dieng;Sean McDermott,John Konchar,,0022000150
2021-01-11_ORL_MIL,2021-01-11,ORL,INCUMBENT_CONDITIONAL,NO_DIRECT_DELTA_IDENTIFIED,,,EX07,PREDEADLINE,NOT_CALCULATED,observed date availability and incumbent transactions conditional; no new injury/event selected,12,14400,11,,Evan Fournier,,0022000151
2021-01-11_ORL_MIL,2021-01-11,MIL,INCUMBENT_CONDITIONAL,NO_DIRECT_DELTA_IDENTIFIED,,,EX07,PREDEADLINE,NOT_CALCULATED,observed date availability and incumbent transactions conditional; no new injury/event selected,13,14401,13,,,,0022000151
2021-01-11_SAC_IND,2021-01-11,SAC,INCUMBENT_CONDITIONAL,NO_DIRECT_DELTA_IDENTIFIED,,,EX07,PREDEADLINE,NOT_CALCULATED,observed date availability and incumbent transactions conditional; no new injury/event selected,15,14400,9,Chimezie Metu;Jabari Parker;Justin James;Kyle Guy;Nemanja Bjelica;Robert Woodard II,,,0022000156
2021-01-11_SAC_IND,2021-01-11,IND,INCUMBENT_CONDITIONAL,NO_DIRECT_DELTA_IDENTIFIED,,,EX07,PREDEADLINE,NOT_CALCULATED,observed date availability and incumbent transactions conditional; no new injury/event selected,12,14400,9,Cassius Stanley;Kelan Martin,,,0022000156
2021-01-11_WAS_PHX,2021-01-11,WAS,WAS_TRENT,DIRECT_ROSTER_CONTACT,Gary Trent Jr.,Isaac Bonga;Chandler Hutchison,EX07,PREDEADLINE,NOT_CALCULATED,observed date availability and incumbent transactions conditional; no new injury/event selected,15,14400,12,Anzejs Pasecniks;Jerome Robinson;Troy Brown Jr.,,Gary Trent Jr.,0022000152
2021-01-11_WAS_PHX,2021-01-11,PHX,INCUMBENT_CONDITIONAL,NO_DIRECT_DELTA_IDENTIFIED,,,EX07,PREDEADLINE,NOT_CALCULATED,observed date availability and incumbent transactions conditional; no new injury/event selected,15,14400,13,Frank Kaminsky,Cameron Payne,,0022000152
2021-01-12_BKN_DEN,2021-01-12,BKN,INCUMBENT_CONDITIONAL,NO_DIRECT_DELTA_IDENTIFIED,,,EX07,PREDEADLINE,NOT_CALCULATED,observed date availability and incumbent transactions conditional; no new injury/event selected,13,14400,9,Chris Chiozza;DeAndre Jordan;Reggie Perry;Rodions Kurucs,,,0022000158
2021-01-12_BKN_DEN,2021-01-12,DEN,DEN_BEY_NNAJI,DIRECT_ROSTER_CONTACT,Saddiq Bey,R.J. Hampton,EX07,PREDEADLINE,NOT_CALCULATED,observed date availability and incumbent transactions conditional; no new injury/event selected,14,14400,11,Markus Howard;Vlatko Cancar;Zeke Nnaji,,Saddiq Bey,0022000158
2021-01-12_CLE_UTA,2021-01-12,CLE,INCUMBENT_CONDITIONAL,NO_DIRECT_DELTA_IDENTIFIED,,,EX07,PREDEADLINE,NOT_CALCULATED,observed date availability and incumbent transactions conditional; no new injury/event selected,12,14400,10,,Andre Drummond;Collin Sexton,,0022000159
2021-01-12_CLE_UTA,2021-01-12,UTA,INCUMBENT_CONDITIONAL,NO_DIRECT_DELTA_IDENTIFIED,,,EX07,PREDEADLINE,NOT_CALCULATED,observed date availability and incumbent transactions conditional; no new injury/event selected,13,14400,13,,,,0022000159
2021-01-12_GSW_IND,2021-01-12,GSW,GSW_WIGGINS_HUTCHISON_INACTIVE,TRANSACTION_DEPENDENCY,,,EX06;EX07,PREDEADLINE,NOT_CALCULATED,observed date availability and incumbent transactions conditional; no new injury/event selected,12,14400,10,Jordan Poole;Juan Toscano-Anderson,,,0022000163
2021-01-12_GSW_IND,2021-01-12,IND,INCUMBENT_CONDITIONAL,NO_DIRECT_DELTA_IDENTIFIED,,,EX07,PREDEADLINE,NOT_CALCULATED,observed date availability and incumbent transactions conditional; no new injury/event selected,12,14400,10,,Victor Oladipo,,0022000163
2021-01-12_HOU_LAL,2021-01-12,HOU,INCUMBENT_CONDITIONAL,NO_DIRECT_DELTA_IDENTIFIED,,,EX07,PREDEADLINE,NOT_CALCULATED,observed date availability and incumbent transactions conditional; no new injury/event selected,13,14400,13,,,,0022000161
2021-01-12_HOU_LAL,2021-01-12,LAL,LAL_AD_CORE,TRANSACTION_DEPENDENCY,,,EX06;EX07,PREDEADLINE,NOT_CALCULATED,observed date availability and incumbent transactions conditional; no new injury/event selected,12,14400,12,,,,0022000161
2021-01-12_OKC_SAS,2021-01-12,OKC,INCUMBENT_CONDITIONAL,NO_DIRECT_DELTA_IDENTIFIED,,,EX07,PREDEADLINE,NOT_CALCULATED,observed date availability and incumbent transactions conditional; no new injury/event selected,15,14403,13,Josh Hall;Moses Brown,,,0022000162
2021-01-12_OKC_SAS,2021-01-12,SAS,INCUMBENT_CONDITIONAL,NO_DIRECT_DELTA_IDENTIFIED,,,EX07,PREDEADLINE,NOT_CALCULATED,observed date availability and incumbent transactions conditional; no new injury/event selected,12,14400,9,Luka Samanic;Tre Jones,,,0022000162
2021-01-12_PHI_MIA,2021-01-12,PHI,INCUMBENT_CONDITIONAL,NO_DIRECT_DELTA_IDENTIFIED,,,EX07,PREDEADLINE,NOT_CALCULATED,observed date availability and incumbent transactions conditional; no new injury/event selected,12,15900,8,Paul Reed;Tony Bradley,Furkan Korkmaz;Terrance Ferguson,,0022000157
2021-01-12_PHI_MIA,2021-01-12,MIA,INCUMBENT_CONDITIONAL,NO_DIRECT_DELTA_IDENTIFIED,,,EX07,PREDEADLINE,NOT_CALCULATED,observed date availability and incumbent transactions conditional; no new injury/event selected,12,15900,8,,Avery Bradley;Bam Adebayo;Jimmy Butler;Meyers Leonard,,0022000157
2021-01-13_CHA_DAL,2021-01-13,CHA,CHA_EDWARDS_TERRY,DIRECT_ROSTER_CONTACT,Anthony Edwards;Tyrell Terry,LaMelo Ball;Grant Riller,EX07,PREDEADLINE,NOT_CALCULATED,observed date availability and incumbent transactions conditional; no new injury/event selected,13,14400,12,Nick Richards,,Anthony Edwards;Tyrell Terry,0022000164
2021-01-13_CHA_DAL,2021-01-13,DAL,DAL_HAMPTON,DIRECT_ROSTER_CONTACT,R.J. Hampton,Tyrell Terry,EX07,PREDEADLINE,NOT_CALCULATED,observed date availability and incumbent transactions conditional; no new injury/event selected,12,14400,12,,,R.J. Hampton,0022000164
2021-01-13_DET_MIL,2021-01-13,DET,DET_PATRICK_KIRA,DIRECT_ROSTER_CONTACT,Patrick Williams;Kira Lewis Jr.,Saddiq Bey;Killian Hayes,EX07,PREDEADLINE,NOT_CALCULATED,observed date availability and incumbent transactions conditional; no new injury/event selected,15,14400,12,Deividas Sirvydis;Rodney McGruder;Sekou Doumbouya,,Patrick Williams;Kira Lewis Jr.,0022000165
2021-01-13_DET_MIL,2021-01-13,MIL,INCUMBENT_CONDITIONAL,NO_DIRECT_DELTA_IDENTIFIED,,,EX07,PREDEADLINE,NOT_CALCULATED,observed date availability and incumbent transactions conditional; no new injury/event selected,13,14400,10,D.J. Wilson;Jordan Nwora;Sam Merrill,,,0022000165
2021-01-13_LAC_NOP,2021-01-13,LAC,INCUMBENT_CONDITIONAL,NO_DIRECT_DELTA_IDENTIFIED,,,EX07,PREDEADLINE,NOT_CALCULATED,observed date availability and incumbent transactions conditional; no new injury/event selected,14,14400,9,Daniel Oturu;Mfiondu Kabengele;Patrick Patterson;Reggie Jackson;Terance Mann,,,0022000172
2021-01-13_LAC_NOP,2021-01-13,NOP,NOP_HAYES,DIRECT_ROSTER_CONTACT,Killian Hayes,Kira Lewis Jr.,EX07,PREDEADLINE,NOT_CALCULATED,observed date availability and incumbent transactions conditional; no new injury/event selected,13,14400,9,Naji Marshall;Wenyen Gabriel;Will Magnay;Willy Hernangomez,,Killian Hayes,0022000172
2021-01-13_MIN_MEM,2021-01-13,MIN,MIN_RIVAL,DIRECT_ROSTER_CONTACT,Fictional Rival,Anthony Edwards,EX07,PREDEADLINE,NOT_CALCULATED,observed date availability and incumbent transactions conditional; no new injury/event selected,13,14400,10,Ed Davis;Jaden McDaniels;Jaylen Nowell,,Fictional Rival,0022000169
2021-01-13_MIN_MEM,2021-01-13,MEM,INCUMBENT_CONDITIONAL,NO_DIRECT_DELTA_IDENTIFIED,,,EX07,PREDEADLINE,NOT_CALCULATED,observed date availability and incumbent transactions conditional; no new injury/event selected,13,14400,10,Gorgui Dieng;John Konchar;Sean McDermott,,,0022000169
2021-01-13_NYK_BKN,2021-01-13,NYK,INCUMBENT_CONDITIONAL,NO_DIRECT_DELTA_IDENTIFIED,,,EX07,PREDEADLINE,NOT_CALCULATED,observed date availability and incumbent transactions conditional; no new injury/event selected,14,14400,9,Dennis Smith Jr.;Ignas Brazdeikis;Jared Harper;Taj Gibson;Theo Pinson,,,0022000168
2021-01-13_NYK_BKN,2021-01-13,BKN,INCUMBENT_CONDITIONAL,NO_DIRECT_DELTA_IDENTIFIED,,,EX07,PREDEADLINE,NOT_CALCULATED,observed date availability and incumbent transactions conditional; no new injury/event selected,12,14400,9,,Nic Claxton;Spencer Dinwiddie;Tyler Johnson,,0022000168
2021-01-13_OKC_LAL,2021-01-13,OKC,INCUMBENT_CONDITIONAL,NO_DIRECT_DELTA_IDENTIFIED,,,EX07,PREDEADLINE,NOT_CALCULATED,observed date availability and incumbent transactions conditional; no new injury/event selected,14,14401,13,Darius Miller,,,0022000170
2021-01-13_OKC_LAL,2021-01-13,LAL,LAL_AD_CORE,TRANSACTION_DEPENDENCY,,,EX06;EX07,PREDEADLINE,NOT_CALCULATED,observed date availability and incumbent transactions conditional; no new injury/event selected,12,14401,12,,,,0022000170
2021-01-13_SAC_POR,2021-01-13,SAC,INCUMBENT_CONDITIONAL,NO_DIRECT_DELTA_IDENTIFIED,,,EX07,PREDEADLINE,NOT_CALCULATED,observed date availability and incumbent transactions conditional; no new injury/event selected,15,14400,10,Jabari Parker;Jahmi'us Ramsey;Justin James;Nemanja Bjelica;Robert Woodard II,,,0022000173
2021-01-13_SAC_POR,2021-01-13,POR,POR_NO_TRENT,DIRECT_ROSTER_CONTACT,,Gary Trent Jr.;Norman Powell,EX07,PREDEADLINE,NOT_CALCULATED,observed date availability and incumbent transactions conditional; no new injury/event selected,13,14400,9,Anfernee Simons;CJ Elleby;Harry Giles III;Nassir Little,,,0022000173
2021-01-14_DEN_GSW,2021-01-14,DEN,DEN_BEY_NNAJI,DIRECT_ROSTER_CONTACT,Saddiq Bey,R.J. Hampton,EX07,PREDEADLINE,NOT_CALCULATED,observed date availability and incumbent transactions conditional; no new injury/event selected,15,14400,10,Markus Howard;R.J. Hampton;Vlatko Cancar;Zeke Nnaji,,Saddiq Bey,0022000177
2021-01-14_DEN_GSW,2021-01-14,GSW,GSW_WIGGINS_HUTCHISON_INACTIVE,TRANSACTION_DEPENDENCY,,,EX06;EX07,PREDEADLINE,NOT_CALCULATED,observed date availability and incumbent transactions conditional; no new injury/event selected,12,14400,12,,,,0022000177
2021-01-14_PHI_MIA,2021-01-14,PHI,INCUMBENT_CONDITIONAL,NO_DIRECT_DELTA_IDENTIFIED,,,EX07,PREDEADLINE,NOT_CALCULATED,observed date availability and incumbent transactions conditional; no new injury/event selected,14,14400,14,,,,0022000174
2021-01-14_PHI_MIA,2021-01-14,MIA,INCUMBENT_CONDITIONAL,NO_DIRECT_DELTA_IDENTIFIED,,,EX07,PREDEADLINE,NOT_CALCULATED,observed date availability and incumbent transactions conditional; no new injury/event selected,12,14400,8,,Avery Bradley;Bam Adebayo;Jimmy Butler;Meyers Leonard,,0022000174
2021-01-14_POR_IND,2021-01-14,POR,POR_NO_TRENT,DIRECT_ROSTER_CONTACT,,Gary Trent Jr.;Norman Powell,EX07,PREDEADLINE,NOT_CALCULATED,observed date availability and incumbent transactions conditional; no new injury/event selected,13,14400,13,,,,0022000178
2021-01-14_POR_IND,2021-01-14,IND,INCUMBENT_CONDITIONAL,NO_DIRECT_DELTA_IDENTIFIED,,,EX07,PREDEADLINE,NOT_CALCULATED,observed date availability and incumbent transactions conditional; no new injury/event selected,12,14400,11,,Jalen Lecque,,0022000178
2021-01-14_SAS_HOU,2021-01-14,SAS,INCUMBENT_CONDITIONAL,NO_DIRECT_DELTA_IDENTIFIED,,,EX07,PREDEADLINE,NOT_CALCULATED,observed date availability and incumbent transactions conditional; no new injury/event selected,12,14400,9,Luka Samanic;Tre Jones;Trey Lyles,,,0022000176
2021-01-14_SAS_HOU,2021-01-14,HOU,INCUMBENT_CONDITIONAL,NO_DIRECT_DELTA_IDENTIFIED,,,EX07,PREDEADLINE,NOT_CALCULATED,observed date availability and incumbent transactions conditional; no new injury/event selected,12,14400,9,,Eric Gordon;John Wall,,0022000176
2021-01-15_BOS_ORL,2021-01-15,BOS,INCUMBENT_CONDITIONAL,NO_DIRECT_DELTA_IDENTIFIED,,,EX07,PREDEADLINE,NOT_CALCULATED,observed date availability and incumbent transactions conditional; no new injury/event selected,12,14400,12,,,,0022000180
2021-01-15_BOS_ORL,2021-01-15,ORL,INCUMBENT_CONDITIONAL,NO_DIRECT_DELTA_IDENTIFIED,,,EX07,PREDEADLINE,NOT_CALCULATED,observed date availability and incumbent transactions conditional; no new injury/event selected,12,14400,10,,Evan Fournier;Mo Bamba,,0022000180
2021-01-15_CLE_NYK,2021-01-15,CLE,INCUMBENT_CONDITIONAL,NO_DIRECT_DELTA_IDENTIFIED,,,EX07,PREDEADLINE,NOT_CALCULATED,observed date availability and incumbent transactions conditional; no new injury/event selected,12,14400,8,Marques Bolden,Collin Sexton;Darius Garland;Dylan Windler,,0022000181
2021-01-15_CLE_NYK,2021-01-15,NYK,INCUMBENT_CONDITIONAL,NO_DIRECT_DELTA_IDENTIFIED,,,EX07,PREDEADLINE,NOT_CALCULATED,observed date availability and incumbent transactions conditional; no new injury/event selected,15,14400,10,Dennis Smith Jr.;Ignas Brazdeikis;Jared Harper;Taj Gibson;Theo Pinson,,,0022000181
2021-01-15_LAL_NOP,2021-01-15,LAL,LAL_AD_CORE,TRANSACTION_DEPENDENCY,,,EX06;EX07,PREDEADLINE,NOT_CALCULATED,observed date availability and incumbent transactions conditional; no new injury/event selected,13,14400,13,,,,0022000187
2021-01-15_LAL_NOP,2021-01-15,NOP,NOP_HAYES,DIRECT_ROSTER_CONTACT,Killian Hayes,Kira Lewis Jr.,EX07,PREDEADLINE,NOT_CALCULATED,observed date availability and incumbent transactions conditional; no new injury/event selected,14,14400,11,Sindarius Thornwell;Wenyen Gabriel;Willy Hernangomez,,Killian Hayes,0022000187
2021-01-15_MIL_DAL,2021-01-15,MIL,INCUMBENT_CONDITIONAL,NO_DIRECT_DELTA_IDENTIFIED,,,EX07,PREDEADLINE,NOT_CALCULATED,observed date availability and incumbent transactions conditional; no new injury/event selected,14,14400,10,D.J. Wilson;Jordan Nwora;Sam Merrill;Torrey Craig,,,0022000182
2021-01-15_MIL_DAL,2021-01-15,DAL,DAL_HAMPTON,DIRECT_ROSTER_CONTACT,R.J. Hampton,Tyrell Terry,EX07,PREDEADLINE,NOT_CALCULATED,observed date availability and incumbent transactions conditional; no new injury/event selected,12,14400,10,Nate Hinton;Tyler Bey,,R.J. Hampton,0022000182
2021-01-15_SAC_LAC,2021-01-15,SAC,INCUMBENT_CONDITIONAL,NO_DIRECT_DELTA_IDENTIFIED,,,EX07,PREDEADLINE,NOT_CALCULATED,observed date availability and incumbent transactions conditional; no new injury/event selected,13,14400,11,Jabari Parker;Nemanja Bjelica,,,0022000188
2021-01-15_SAC_LAC,2021-01-15,LAC,INCUMBENT_CONDITIONAL,NO_DIRECT_DELTA_IDENTIFIED,,,EX07,PREDEADLINE,NOT_CALCULATED,observed date availability and incumbent transactions conditional; no new injury/event selected,14,14400,12,Patrick Patterson,Lou Williams,,0022000188
2021-01-15_UTA_ATL,2021-01-15,UTA,INCUMBENT_CONDITIONAL,NO_DIRECT_DELTA_IDENTIFIED,,,EX07,PREDEADLINE,NOT_CALCULATED,observed date availability and incumbent transactions conditional; no new injury/event selected,12,14400,12,,,,0022000186
2021-01-15_UTA_ATL,2021-01-15,ATL,INCUMBENT_CONDITIONAL,NO_DIRECT_DELTA_IDENTIFIED,,,EX07,PREDEADLINE,NOT_CALCULATED,observed date availability and incumbent transactions conditional; no new injury/event selected,12,14401,12,,,,0022000186
2021-01-16_BKN_ORL,2021-01-16,BKN,INCUMBENT_CONDITIONAL,NO_DIRECT_DELTA_IDENTIFIED,,,EX07,PREDEADLINE,NOT_CALCULATED,observed date availability and incumbent transactions conditional; no new injury/event selected,12,14399,9,Chris Chiozza;Tyler Johnson,Nic Claxton,,0022000190
2021-01-16_BKN_ORL,2021-01-16,ORL,INCUMBENT_CONDITIONAL,NO_DIRECT_DELTA_IDENTIFIED,,,EX07,PREDEADLINE,NOT_CALCULATED,observed date availability and incumbent transactions conditional; no new injury/event selected,10,14400,9,Karim Mane,,,0022000190
2021-01-16_MEM_PHI,2021-01-16,MEM,INCUMBENT_CONDITIONAL,NO_DIRECT_DELTA_IDENTIFIED,,,EX07,PREDEADLINE,NOT_CALCULATED,observed date availability and incumbent transactions conditional; no new injury/event selected,14,14400,10,Gorgui Dieng;John Konchar;Killian Tillie;Sean McDermott,,,0022000193
2021-01-16_MEM_PHI,2021-01-16,PHI,INCUMBENT_CONDITIONAL,NO_DIRECT_DELTA_IDENTIFIED,,,EX07,PREDEADLINE,NOT_CALCULATED,observed date availability and incumbent transactions conditional; no new injury/event selected,14,14401,9,Dakota Mathias;Paul Reed;Terrance Ferguson,Furkan Korkmaz;Mike Scott,,0022000193
2021-01-16_MIA_DET,2021-01-16,MIA,INCUMBENT_CONDITIONAL,NO_DIRECT_DELTA_IDENTIFIED,,,EX07,PREDEADLINE,NOT_CALCULATED,observed date availability and incumbent transactions conditional; no new injury/event selected,15,14400,11,Maurice Harkless;Udonis Haslem,Meyers Leonard;Tyler Herro,,0022000192
2021-01-16_MIA_DET,2021-01-16,DET,DET_PATRICK_KIRA,DIRECT_ROSTER_CONTACT,Patrick Williams;Kira Lewis Jr.,Saddiq Bey;Killian Hayes,EX07,PREDEADLINE,NOT_CALCULATED,observed date availability and incumbent transactions conditional; no new injury/event selected,15,14400,13,Jahlil Okafor;Rodney McGruder,,Patrick Williams;Kira Lewis Jr.,0022000192
2021-01-16_POR_ATL,2021-01-16,POR,POR_NO_TRENT,DIRECT_ROSTER_CONTACT,,Gary Trent Jr.;Norman Powell,EX07,PREDEADLINE,NOT_CALCULATED,observed date availability and incumbent transactions conditional; no new injury/event selected,12,14400,10,Nassir Little,CJ Elleby,,0022000195
2021-01-16_POR_ATL,2021-01-16,ATL,INCUMBENT_CONDITIONAL,NO_DIRECT_DELTA_IDENTIFIED,,,EX07,PREDEADLINE,NOT_CALCULATED,observed date availability and incumbent transactions conditional; no new injury/event selected,14,14401,9,Bruno Fernando;Nathan Knight;Onyeka Okongwu;Skylar Mays,Cam Reddish,,0022000195
2021-01-16_SAS_HOU,2021-01-16,SAS,INCUMBENT_CONDITIONAL,NO_DIRECT_DELTA_IDENTIFIED,,,EX07,PREDEADLINE,NOT_CALCULATED,observed date availability and incumbent transactions conditional; no new injury/event selected,12,14400,9,Tre Jones;Trey Lyles,Luka Samanic,,0022000189
2021-01-16_SAS_HOU,2021-01-16,HOU,INCUMBENT_CONDITIONAL,NO_DIRECT_DELTA_IDENTIFIED,,,EX07,PREDEADLINE,NOT_CALCULATED,observed date availability and incumbent transactions conditional; no new injury/event selected,12,14400,8,,DeMarcus Cousins;Eric Gordon;John Wall;Sterling Brown,,0022000189
2021-01-17_BOS_NYK,2021-01-17,BOS,INCUMBENT_CONDITIONAL,NO_DIRECT_DELTA_IDENTIFIED,,,EX07,PREDEADLINE,NOT_CALCULATED,observed date availability and incumbent transactions conditional; no new injury/event selected,12,14400,12,,,,0022000196
2021-01-17_BOS_NYK,2021-01-17,NYK,INCUMBENT_CONDITIONAL,NO_DIRECT_DELTA_IDENTIFIED,,,EX07,PREDEADLINE,NOT_CALCULATED,observed date availability and incumbent transactions conditional; no new injury/event selected,15,14400,13,Jared Harper;Taj Gibson,,,0022000196
2021-01-17_DEN_UTA,2021-01-17,DEN,DEN_BEY_NNAJI,DIRECT_ROSTER_CONTACT,Saddiq Bey,R.J. Hampton,EX07,PREDEADLINE,NOT_CALCULATED,observed date availability and incumbent transactions conditional; no new injury/event selected,15,14400,10,Bol Bol;Markus Howard;R.J. Hampton;Vlatko Cancar;Zeke Nnaji,,Saddiq Bey,0022000200
2021-01-17_DEN_UTA,2021-01-17,UTA,INCUMBENT_CONDITIONAL,NO_DIRECT_DELTA_IDENTIFIED,,,EX07,PREDEADLINE,NOT_CALCULATED,observed date availability and incumbent transactions conditional; no new injury/event selected,12,14400,9,Jarrell Brantley;Shaquille Harrison;Udoka Azubuike,,,0022000200
2021-01-17_LAC_IND,2021-01-17,LAC,INCUMBENT_CONDITIONAL,NO_DIRECT_DELTA_IDENTIFIED,,,EX07,PREDEADLINE,NOT_CALCULATED,observed date availability and incumbent transactions conditional; no new injury/event selected,14,14401,13,,Lou Williams,,0022000202
2021-01-17_LAC_IND,2021-01-17,IND,INCUMBENT_CONDITIONAL,NO_DIRECT_DELTA_IDENTIFIED,,,EX07,PREDEADLINE,NOT_CALCULATED,observed date availability and incumbent transactions conditional; no new injury/event selected,12,14400,12,,,,0022000202
2021-01-17_SAC_NOP,2021-01-17,SAC,INCUMBENT_CONDITIONAL,NO_DIRECT_DELTA_IDENTIFIED,,,EX07,PREDEADLINE,NOT_CALCULATED,observed date availability and incumbent transactions conditional; no new injury/event selected,14,14401,9,Jabari Parker;Justin James;Kyle Guy;Nemanja Bjelica;Robert Woodard II,,,0022000201
2021-01-17_SAC_NOP,2021-01-17,NOP,NOP_HAYES,DIRECT_ROSTER_CONTACT,Killian Hayes,Kira Lewis Jr.,EX07,PREDEADLINE,NOT_CALCULATED,observed date availability and incumbent transactions conditional; no new injury/event selected,14,14399,9,Naji Marshall;Nicolo Melli;Sindarius Thornwell;Wenyen Gabriel;Willy Hernangomez,,Killian Hayes,0022000201
2021-01-18_ATL_MIN,2021-01-18,ATL,INCUMBENT_CONDITIONAL,NO_DIRECT_DELTA_IDENTIFIED,,,EX07,PREDEADLINE,NOT_CALCULATED,observed date availability and incumbent transactions conditional; no new injury/event selected,14,14399,9,Bruno Fernando;Nathan Knight;Onyeka Okongwu;Skylar Mays,Cam Reddish,,0022000205
2021-01-18_ATL_MIN,2021-01-18,MIN,MIN_RIVAL,DIRECT_ROSTER_CONTACT,Fictional Rival,Anthony Edwards,EX07,PREDEADLINE,NOT_CALCULATED,observed date availability and incumbent transactions conditional; no new injury/event selected,13,14400,10,Ashton Hagans;Jake Layman;Jaylen Nowell,,Fictional Rival,0022000205
2021-01-18_BKN_MIL,2021-01-18,BKN,INCUMBENT_CONDITIONAL,NO_DIRECT_DELTA_IDENTIFIED,,,EX07,PREDEADLINE,NOT_CALCULATED,observed date availability and incumbent transactions conditional; no new injury/event selected,12,14400,9,Chris Chiozza;Tyler Johnson,Nic Claxton,,0022000209
2021-01-18_BKN_MIL,2021-01-18,MIL,INCUMBENT_CONDITIONAL,NO_DIRECT_DELTA_IDENTIFIED,,,EX07,PREDEADLINE,NOT_CALCULATED,observed date availability and incumbent transactions conditional; no new injury/event selected,14,14400,9,D.J. Wilson;Jordan Nwora;Sam Merrill;Thanasis Antetokounmpo;Torrey Craig,,,0022000209
2021-01-18_MEM_PHX,2021-01-18,MEM,INCUMBENT_CONDITIONAL,NO_DIRECT_DELTA_IDENTIFIED,,,EX07,PREDEADLINE,NOT_CALCULATED,observed date availability and incumbent transactions conditional; no new injury/event selected,13,14402,10,De'Anthony Melton;Killian Tillie;Sean McDermott,,,0022000208
2021-01-18_MEM_PHX,2021-01-18,PHX,INCUMBENT_CONDITIONAL,NO_DIRECT_DELTA_IDENTIFIED,,,EX07,PREDEADLINE,NOT_CALCULATED,observed date availability and incumbent transactions conditional; no new injury/event selected,13,14400,10,Abdel Nader;E'Twaun Moore;Ty-Shon Alexander,,,0022000208
2021-01-18_MIA_DET,2021-01-18,MIA,INCUMBENT_CONDITIONAL,NO_DIRECT_DELTA_IDENTIFIED,,,EX07,PREDEADLINE,NOT_CALCULATED,observed date availability and incumbent transactions conditional; no new injury/event selected,15,14401,10,Chris Silva;Max Strus;Udonis Haslem,Meyers Leonard;Tyler Herro,,0022000206
2021-01-18_MIA_DET,2021-01-18,DET,DET_PATRICK_KIRA,DIRECT_ROSTER_CONTACT,Patrick Williams;Kira Lewis Jr.,Saddiq Bey;Killian Hayes,EX07,PREDEADLINE,NOT_CALCULATED,observed date availability and incumbent transactions conditional; no new injury/event selected,15,14399,11,Deividas Sirvydis;Jahlil Okafor;Rodney McGruder;Saben Lee,,Patrick Williams;Kira Lewis Jr.,0022000206
2021-01-18_NYK_ORL,2021-01-18,NYK,INCUMBENT_CONDITIONAL,NO_DIRECT_DELTA_IDENTIFIED,,,EX07,PREDEADLINE,NOT_CALCULATED,observed date availability and incumbent transactions conditional; no new injury/event selected,15,14400,10,Dennis Smith Jr.;Ignas Brazdeikis;Jared Harper;Taj Gibson;Theo Pinson,,,0022000203
2021-01-18_NYK_ORL,2021-01-18,ORL,INCUMBENT_CONDITIONAL,NO_DIRECT_DELTA_IDENTIFIED,,,EX07,PREDEADLINE,NOT_CALCULATED,observed date availability and incumbent transactions conditional; no new injury/event selected,12,14400,9,Karim Mane,Evan Fournier;Mo Bamba,,0022000203
2021-01-18_POR_SAS,2021-01-18,POR,POR_NO_TRENT,DIRECT_ROSTER_CONTACT,,Gary Trent Jr.;Norman Powell,EX07,PREDEADLINE,NOT_CALCULATED,observed date availability and incumbent transactions conditional; no new injury/event selected,12,14400,11,,CJ Elleby,,0022000207
2021-01-18_POR_SAS,2021-01-18,SAS,INCUMBENT_CONDITIONAL,NO_DIRECT_DELTA_IDENTIFIED,,,EX07,PREDEADLINE,NOT_CALCULATED,observed date availability and incumbent transactions conditional; no new injury/event selected,12,14400,11,,Luka Samanic,,0022000207
2021-01-18_TOR_DAL,2021-01-18,TOR,INCUMBENT_CONDITIONAL,NO_DIRECT_DELTA_IDENTIFIED,,,EX07,PREDEADLINE,NOT_CALCULATED,observed date availability and incumbent transactions conditional; no new injury/event selected,15,14400,14,Jalen Harris,,,0022000210
2021-01-18_TOR_DAL,2021-01-18,DAL,DAL_HAMPTON,DIRECT_ROSTER_CONTACT,R.J. Hampton,Tyrell Terry,EX07,PREDEADLINE,NOT_CALCULATED,observed date availability and incumbent transactions conditional; no new injury/event selected,13,14400,13,,,R.J. Hampton,0022000210
2021-01-19_DEN_OKC,2021-01-19,DEN,DEN_BEY_NNAJI,DIRECT_ROSTER_CONTACT,Saddiq Bey,R.J. Hampton,EX07,PREDEADLINE,NOT_CALCULATED,observed date availability and incumbent transactions conditional; no new injury/event selected,15,14401,15,,,Saddiq Bey,0022000213
2021-01-19_DEN_OKC,2021-01-19,OKC,INCUMBENT_CONDITIONAL,NO_DIRECT_DELTA_IDENTIFIED,,,EX07,PREDEADLINE,NOT_CALCULATED,observed date availability and incumbent transactions conditional; no new injury/event selected,14,14400,14,,,,0022000213
2021-01-19_UTA_NOP,2021-01-19,UTA,INCUMBENT_CONDITIONAL,NO_DIRECT_DELTA_IDENTIFIED,,,EX07,PREDEADLINE,NOT_CALCULATED,observed date availability and incumbent transactions conditional; no new injury/event selected,13,14400,13,,,,0022000214
2021-01-19_UTA_NOP,2021-01-19,NOP,NOP_HAYES,DIRECT_ROSTER_CONTACT,Killian Hayes,Kira Lewis Jr.,EX07,PREDEADLINE,NOT_CALCULATED,observed date availability and incumbent transactions conditional; no new injury/event selected,15,14400,13,Nicolo Melli;Wenyen Gabriel,,Killian Hayes,0022000214
2021-01-20_ATL_DET,2021-01-20,ATL,INCUMBENT_CONDITIONAL,NO_DIRECT_DELTA_IDENTIFIED,,,EX07,PREDEADLINE,NOT_CALCULATED,observed date availability and incumbent transactions conditional; no new injury/event selected,14,15900,10,Bruno Fernando;Skylar Mays,Cam Reddish;De'Andre Hunter,,0022000219
2021-01-20_ATL_DET,2021-01-20,DET,DET_PATRICK_KIRA,DIRECT_ROSTER_CONTACT,Patrick Williams;Kira Lewis Jr.,Saddiq Bey;Killian Hayes,EX07,PREDEADLINE,NOT_CALCULATED,observed date availability and incumbent transactions conditional; no new injury/event selected,15,15900,12,Deividas Sirvydis;Frank Jackson;Rodney McGruder,,Patrick Williams;Kira Lewis Jr.,0022000219
2021-01-20_CLE_BKN,2021-01-20,CLE,INCUMBENT_CONDITIONAL,NO_DIRECT_DELTA_IDENTIFIED,,,EX07,PREDEADLINE,NOT_CALCULATED,observed date availability and incumbent transactions conditional; no new injury/event selected,12,17401,8,Dean Wade;JaVale McGee;Lamar Stevens;Marques Bolden,,,0022000216
2021-01-20_CLE_BKN,2021-01-20,BKN,INCUMBENT_CONDITIONAL,NO_DIRECT_DELTA_IDENTIFIED,,,EX07,PREDEADLINE,NOT_CALCULATED,observed date availability and incumbent transactions conditional; no new injury/event selected,12,17400,9,Chris Chiozza;Landry Shamet;Tyler Johnson,,,0022000216
2021-01-20_GSW_SAS,2021-01-20,GSW,GSW_WIGGINS_HUTCHISON_INACTIVE,TRANSACTION_DEPENDENCY,,,EX06;EX07,PREDEADLINE,NOT_CALCULATED,observed date availability and incumbent transactions conditional; no new injury/event selected,12,14400,12,,,,0022000223
2021-01-20_GSW_SAS,2021-01-20,SAS,INCUMBENT_CONDITIONAL,NO_DIRECT_DELTA_IDENTIFIED,,,EX07,PREDEADLINE,NOT_CALCULATED,observed date availability and incumbent transactions conditional; no new injury/event selected,12,14400,11,,Luka Samanic,,0022000223
2021-01-20_HOU_PHX,2021-01-20,HOU,INCUMBENT_CONDITIONAL,NO_DIRECT_DELTA_IDENTIFIED,,,EX07,PREDEADLINE,NOT_CALCULATED,observed date availability and incumbent transactions conditional; no new injury/event selected,13,14400,10,Brodric Thomas;Kenyon Martin Jr.;Rodions Kurucs,,,0022000222
2021-01-20_HOU_PHX,2021-01-20,PHX,INCUMBENT_CONDITIONAL,NO_DIRECT_DELTA_IDENTIFIED,,,EX07,PREDEADLINE,NOT_CALCULATED,observed date availability and incumbent transactions conditional; no new injury/event selected,13,14400,10,E'Twaun Moore;Langston Galloway;Ty-Shon Alexander,,,0022000222
2021-01-20_IND_DAL,2021-01-20,IND,INCUMBENT_CONDITIONAL,NO_DIRECT_DELTA_IDENTIFIED,,,EX07,PREDEADLINE,NOT_CALCULATED,observed date availability and incumbent transactions conditional; no new injury/event selected,14,14401,11,Brian Bowen II;Goga Bitadze;Jalen Lecque,,,0022000217
2021-01-20_IND_DAL,2021-01-20,DAL,DAL_HAMPTON,DIRECT_ROSTER_CONTACT,R.J. Hampton,Tyrell Terry,EX07,PREDEADLINE,NOT_CALCULATED,observed date availability and incumbent transactions conditional; no new injury/event selected,13,14401,9,Boban Marjanovic;Nate Hinton;Tyler Bey;Tyrell Terry,,R.J. Hampton,0022000217
2021-01-20_LAC_SAC,2021-01-20,LAC,INCUMBENT_CONDITIONAL,NO_DIRECT_DELTA_IDENTIFIED,,,EX07,PREDEADLINE,NOT_CALCULATED,observed date availability and incumbent transactions conditional; no new injury/event selected,14,14400,13,Patrick Patterson,,,0022000224
2021-01-20_LAC_SAC,2021-01-20,SAC,INCUMBENT_CONDITIONAL,NO_DIRECT_DELTA_IDENTIFIED,,,EX07,PREDEADLINE,NOT_CALCULATED,observed date availability and incumbent transactions conditional; no new injury/event selected,14,14400,10,Jabari Parker;Kyle Guy;Nemanja Bjelica;Robert Woodard II,,,0022000224
2021-01-20_MIN_ORL,2021-01-20,MIN,MIN_RIVAL,DIRECT_ROSTER_CONTACT,Fictional Rival,Anthony Edwards,EX07,PREDEADLINE,NOT_CALCULATED,observed date availability and incumbent transactions conditional; no new injury/event selected,13,14400,10,Ashton Hagans;Jake Layman;Jaylen Nowell,,Fictional Rival,0022000221
2021-01-20_MIN_ORL,2021-01-20,ORL,INCUMBENT_CONDITIONAL,NO_DIRECT_DELTA_IDENTIFIED,,,EX07,PREDEADLINE,NOT_CALCULATED,observed date availability and incumbent transactions conditional; no new injury/event selected,12,14400,9,Jordan Bone;Karim Mane,Mo Bamba,,0022000221
2021-01-20_PHI_BOS,2021-01-20,PHI,INCUMBENT_CONDITIONAL,NO_DIRECT_DELTA_IDENTIFIED,,,EX07,PREDEADLINE,NOT_CALCULATED,observed date availability and incumbent transactions conditional; no new injury/event selected,13,14401,9,Isaiah Joe;Paul Reed;Terrance Ferguson;Tony Bradley,,,0022000218
2021-01-20_PHI_BOS,2021-01-20,BOS,INCUMBENT_CONDITIONAL,NO_DIRECT_DELTA_IDENTIFIED,,,EX07,PREDEADLINE,NOT_CALCULATED,observed date availability and incumbent transactions conditional; no new injury/event selected,14,14400,10,Aaron Nesmith;Robert Williams III;Tacko Fall;Tremont Waters,,,0022000218
2021-01-20_TOR_MIA,2021-01-20,TOR,INCUMBENT_CONDITIONAL,NO_DIRECT_DELTA_IDENTIFIED,,,EX07,PREDEADLINE,NOT_CALCULATED,observed date availability and incumbent transactions conditional; no new injury/event selected,15,14400,9,DeAndre' Bembry;Jalen Harris;Malachi Flynn;Matt Thomas;Paul Watson;Yuta Watanabe,,,0022000220
2021-01-20_TOR_MIA,2021-01-20,MIA,INCUMBENT_CONDITIONAL,NO_DIRECT_DELTA_IDENTIFIED,,,EX07,PREDEADLINE,NOT_CALCULATED,observed date availability and incumbent transactions conditional; no new injury/event selected,15,14401,9,Chris Silva;KZ Okpala;Maurice Harkless;Udonis Haslem,Meyers Leonard;Tyler Herro,,0022000220
2021-01-21_GSW_NYK,2021-01-21,GSW,GSW_WIGGINS_HUTCHISON_INACTIVE,TRANSACTION_DEPENDENCY,,,EX06;EX07,PREDEADLINE,NOT_CALCULATED,observed date availability and incumbent transactions conditional; no new injury/event selected,13,14400,13,,,,0022000228
2021-01-21_GSW_NYK,2021-01-21,NYK,INCUMBENT_CONDITIONAL,NO_DIRECT_DELTA_IDENTIFIED,,,EX07,PREDEADLINE,NOT_CALCULATED,observed date availability and incumbent transactions conditional; no new injury/event selected,15,14400,10,Dennis Smith Jr.;Ignas Brazdeikis;Jared Harper;Taj Gibson;Theo Pinson,,,0022000228
2021-01-21_MIL_LAL,2021-01-21,MIL,INCUMBENT_CONDITIONAL,NO_DIRECT_DELTA_IDENTIFIED,,,EX07,PREDEADLINE,NOT_CALCULATED,observed date availability and incumbent transactions conditional; no new injury/event selected,14,14400,10,D.J. Wilson;Jordan Nwora;Sam Merrill;Torrey Craig,,,0022000226
2021-01-21_MIL_LAL,2021-01-21,LAL,LAL_AD_CORE,TRANSACTION_DEPENDENCY,,,EX06;EX07,PREDEADLINE,NOT_CALCULATED,observed date availability and incumbent transactions conditional; no new injury/event selected,13,14400,10,Alfonzo McKinnie;Quinn Cook;Talen Horton-Tucker,,,0022000226
2021-01-21_UTA_NOP,2021-01-21,UTA,INCUMBENT_CONDITIONAL,NO_DIRECT_DELTA_IDENTIFIED,,,EX07,PREDEADLINE,NOT_CALCULATED,observed date availability and incumbent transactions conditional; no new injury/event selected,13,14400,13,,,,0022000227
2021-01-21_UTA_NOP,2021-01-21,NOP,NOP_HAYES,DIRECT_ROSTER_CONTACT,Killian Hayes,Kira Lewis Jr.,EX07,PREDEADLINE,NOT_CALCULATED,observed date availability and incumbent transactions conditional; no new injury/event selected,15,14400,14,Wenyen Gabriel,,Killian Hayes,0022000227
2021-01-22_CLE_BKN,2021-01-22,CLE,INCUMBENT_CONDITIONAL,NO_DIRECT_DELTA_IDENTIFIED,,,EX07,PREDEADLINE,NOT_CALCULATED,observed date availability and incumbent transactions conditional; no new injury/event selected,13,14400,12,JaVale McGee,,,0022000232
2021-01-22_CLE_BKN,2021-01-22,BKN,INCUMBENT_CONDITIONAL,NO_DIRECT_DELTA_IDENTIFIED,,,EX07,PREDEADLINE,NOT_CALCULATED,observed date availability and incumbent transactions conditional; no new injury/event selected,12,14400,11,,Kevin Durant,,0022000232
2021-01-22_DET_HOU,2021-01-22,DET,DET_PATRICK_KIRA,DIRECT_ROSTER_CONTACT,Patrick Williams;Kira Lewis Jr.,Saddiq Bey;Killian Hayes,EX07,PREDEADLINE,NOT_CALCULATED,observed date availability and incumbent transactions conditional; no new injury/event selected,15,14399,11,Frank Jackson;Jahlil Okafor;Rodney McGruder;Saben Lee,,Patrick Williams;Kira Lewis Jr.,0022000230
2021-01-22_DET_HOU,2021-01-22,HOU,INCUMBENT_CONDITIONAL,NO_DIRECT_DELTA_IDENTIFIED,,,EX07,PREDEADLINE,NOT_CALCULATED,observed date availability and incumbent transactions conditional; no new injury/event selected,12,14400,10,Brodric Thomas;Rodions Kurucs,,,0022000230
2021-01-22_LAC_OKC,2021-01-22,LAC,INCUMBENT_CONDITIONAL,NO_DIRECT_DELTA_IDENTIFIED,,,EX07,PREDEADLINE,NOT_CALCULATED,observed date availability and incumbent transactions conditional; no new injury/event selected,14,14400,12,Patrick Patterson;Reggie Jackson,,,0022000239
2021-01-22_LAC_OKC,2021-01-22,OKC,INCUMBENT_CONDITIONAL,NO_DIRECT_DELTA_IDENTIFIED,,,EX07,PREDEADLINE,NOT_CALCULATED,observed date availability and incumbent transactions conditional; no new injury/event selected,13,14400,10,Darius Miller;Justin Jackson;Moses Brown,,,0022000239
2021-01-22_MIN_ATL,2021-01-22,MIN,MIN_RIVAL,DIRECT_ROSTER_CONTACT,Fictional Rival,Anthony Edwards,EX07,PREDEADLINE,NOT_CALCULATED,observed date availability and incumbent transactions conditional; no new injury/event selected,13,14400,13,,,Fictional Rival,0022000236
2021-01-22_MIN_ATL,2021-01-22,ATL,INCUMBENT_CONDITIONAL,NO_DIRECT_DELTA_IDENTIFIED,,,EX07,PREDEADLINE,NOT_CALCULATED,observed date availability and incumbent transactions conditional; no new injury/event selected,13,14401,13,,,,0022000236
2021-01-22_PHI_BOS,2021-01-22,PHI,INCUMBENT_CONDITIONAL,NO_DIRECT_DELTA_IDENTIFIED,,,EX07,PREDEADLINE,NOT_CALCULATED,observed date availability and incumbent transactions conditional; no new injury/event selected,14,14401,10,Isaiah Joe;Paul Reed;Terrance Ferguson;Tony Bradley,,,0022000233
2021-01-22_PHI_BOS,2021-01-22,BOS,INCUMBENT_CONDITIONAL,NO_DIRECT_DELTA_IDENTIFIED,,,EX07,PREDEADLINE,NOT_CALCULATED,observed date availability and incumbent transactions conditional; no new injury/event selected,13,14400,11,Tacko Fall;Tremont Waters,,,0022000233
2021-01-22_PHX_DEN,2021-01-22,PHX,INCUMBENT_CONDITIONAL,NO_DIRECT_DELTA_IDENTIFIED,,,EX07,PREDEADLINE,NOT_CALCULATED,observed date availability and incumbent transactions conditional; no new injury/event selected,14,15900,10,E'Twaun Moore;Jalen Smith;Langston Galloway;Ty-Shon Alexander,,,0022000238
2021-01-22_PHX_DEN,2021-01-22,DEN,DEN_BEY_NNAJI,DIRECT_ROSTER_CONTACT,Saddiq Bey,R.J. Hampton,EX07,PREDEADLINE,NOT_CALCULATED,observed date availability and incumbent transactions conditional; no new injury/event selected,15,15900,10,Bol Bol;Isaiah Hartenstein;R.J. Hampton;Vlatko Cancar;Zeke Nnaji,,Saddiq Bey,0022000238
2021-01-22_SAC_NYK,2021-01-22,SAC,INCUMBENT_CONDITIONAL,NO_DIRECT_DELTA_IDENTIFIED,,,EX07,PREDEADLINE,NOT_CALCULATED,observed date availability and incumbent transactions conditional; no new injury/event selected,14,14400,9,Jabari Parker;Justin James;Kyle Guy;Nemanja Bjelica;Robert Woodard II,,,0022000241
2021-01-22_SAC_NYK,2021-01-22,NYK,INCUMBENT_CONDITIONAL,NO_DIRECT_DELTA_IDENTIFIED,,,EX07,PREDEADLINE,NOT_CALCULATED,observed date availability and incumbent transactions conditional; no new injury/event selected,15,14400,10,Dennis Smith Jr.;Ignas Brazdeikis;Jared Harper;Taj Gibson;Theo Pinson,,,0022000241
2021-01-22_SAS_DAL,2021-01-22,SAS,INCUMBENT_CONDITIONAL,NO_DIRECT_DELTA_IDENTIFIED,,,EX07,PREDEADLINE,NOT_CALCULATED,observed date availability and incumbent transactions conditional; no new injury/event selected,12,14400,10,Luka Samanic;Trey Lyles,,,0022000237
2021-01-22_SAS_DAL,2021-01-22,DAL,DAL_HAMPTON,DIRECT_ROSTER_CONTACT,R.J. Hampton,Tyrell Terry,EX07,PREDEADLINE,NOT_CALCULATED,observed date availability and incumbent transactions conditional; no new injury/event selected,13,14401,9,Boban Marjanovic;Nate Hinton;Tyler Bey;Tyrell Terry,,R.J. Hampton,0022000237
2021-01-22_TOR_MIA,2021-01-22,TOR,INCUMBENT_CONDITIONAL,NO_DIRECT_DELTA_IDENTIFIED,,,EX07,PREDEADLINE,NOT_CALCULATED,observed date availability and incumbent transactions conditional; no new injury/event selected,14,14400,14,,,,0022000234
2021-01-22_TOR_MIA,2021-01-22,MIA,INCUMBENT_CONDITIONAL,NO_DIRECT_DELTA_IDENTIFIED,,,EX07,PREDEADLINE,NOT_CALCULATED,observed date availability and incumbent transactions conditional; no new injury/event selected,14,14400,11,Udonis Haslem,Chris Silva;Meyers Leonard,,0022000234
2021-01-23_BKN_MIA,2021-01-23,BKN,INCUMBENT_CONDITIONAL,NO_DIRECT_DELTA_IDENTIFIED,,,EX07,PREDEADLINE,NOT_CALCULATED,observed date availability and incumbent transactions conditional; no new injury/event selected,12,14400,9,Chris Chiozza;Landry Shamet;Tyler Johnson,,,0022000244
2021-01-23_BKN_MIA,2021-01-23,MIA,INCUMBENT_CONDITIONAL,NO_DIRECT_DELTA_IDENTIFIED,,,EX07,PREDEADLINE,NOT_CALCULATED,observed date availability and incumbent transactions conditional; no new injury/event selected,14,14400,10,Max Strus;Udonis Haslem,Chris Silva;Meyers Leonard,,0022000244
2021-01-23_DAL_HOU,2021-01-23,DAL,DAL_HAMPTON,DIRECT_ROSTER_CONTACT,R.J. Hampton,Tyrell Terry,EX07,PREDEADLINE,NOT_CALCULATED,observed date availability and incumbent transactions conditional; no new injury/event selected,13,14400,12,,Kristaps Porzingis,R.J. Hampton,0022000247
2021-01-23_DAL_HOU,2021-01-23,HOU,INCUMBENT_CONDITIONAL,NO_DIRECT_DELTA_IDENTIFIED,,,EX07,PREDEADLINE,NOT_CALCULATED,observed date availability and incumbent transactions conditional; no new injury/event selected,13,14400,12,,Dante Exum,,0022000247
2021-01-23_DET_PHI,2021-01-23,DET,DET_PATRICK_KIRA,DIRECT_ROSTER_CONTACT,Patrick Williams;Kira Lewis Jr.,Saddiq Bey;Killian Hayes,EX07,PREDEADLINE,NOT_CALCULATED,observed date availability and incumbent transactions conditional; no new injury/event selected,14,14401,11,Deividas Sirvydis;Frank Jackson;Rodney McGruder,,Patrick Williams;Kira Lewis Jr.,0022000243
2021-01-23_DET_PHI,2021-01-23,PHI,INCUMBENT_CONDITIONAL,NO_DIRECT_DELTA_IDENTIFIED,,,EX07,PREDEADLINE,NOT_CALCULATED,observed date availability and incumbent transactions conditional; no new injury/event selected,14,14400,10,Isaiah Joe;Paul Reed;Terrance Ferguson;Tony Bradley,,,0022000243
2021-01-23_MIN_NOP,2021-01-23,MIN,MIN_RIVAL,DIRECT_ROSTER_CONTACT,Fictional Rival,Anthony Edwards,EX07,PREDEADLINE,NOT_CALCULATED,observed date availability and incumbent transactions conditional; no new injury/event selected,13,14401,10,Ashton Hagans;Jake Layman;Jaylen Nowell,,Fictional Rival,0022000246
2021-01-23_MIN_NOP,2021-01-23,NOP,NOP_HAYES,DIRECT_ROSTER_CONTACT,Killian Hayes,Kira Lewis Jr.,EX07,PREDEADLINE,NOT_CALCULATED,observed date availability and incumbent transactions conditional; no new injury/event selected,15,14401,9,Kira Lewis Jr.;Naji Marshall;Nicolo Melli;Sindarius Thornwell;Wenyen Gabriel;Willy Hernangomez,,Killian Hayes,0022000246
2021-01-23_PHX_DEN,2021-01-23,PHX,INCUMBENT_CONDITIONAL,NO_DIRECT_DELTA_IDENTIFIED,,,EX07,PREDEADLINE,NOT_CALCULATED,observed date availability and incumbent transactions conditional; no new injury/event selected,14,17401,11,E'Twaun Moore;Ty-Shon Alexander,Devin Booker,,0022000248
2021-01-23_PHX_DEN,2021-01-23,DEN,DEN_BEY_NNAJI,DIRECT_ROSTER_CONTACT,Saddiq Bey,R.J. Hampton,EX07,PREDEADLINE,NOT_CALCULATED,observed date availability and incumbent transactions conditional; no new injury/event selected,15,17400,10,Bol Bol;Isaiah Hartenstein;R.J. Hampton;Vlatko Cancar;Zeke Nnaji,,Saddiq Bey,0022000248
2021-01-23_UTA_GSW,2021-01-23,UTA,INCUMBENT_CONDITIONAL,NO_DIRECT_DELTA_IDENTIFIED,,,EX07,PREDEADLINE,NOT_CALCULATED,observed date availability and incumbent transactions conditional; no new injury/event selected,13,14400,13,,,,0022000242
2021-01-23_UTA_GSW,2021-01-23,GSW,GSW_WIGGINS_HUTCHISON_INACTIVE,TRANSACTION_DEPENDENCY,,,EX06;EX07,PREDEADLINE,NOT_CALCULATED,observed date availability and incumbent transactions conditional; no new injury/event selected,14,14400,14,,,,0022000242
2021-01-24_BOS_CLE,2021-01-24,BOS,INCUMBENT_CONDITIONAL,NO_DIRECT_DELTA_IDENTIFIED,,,EX07,PREDEADLINE,NOT_CALCULATED,observed date availability and incumbent transactions conditional; no new injury/event selected,14,14400,14,,,,0022000250
2021-01-24_BOS_CLE,2021-01-24,CLE,INCUMBENT_CONDITIONAL,NO_DIRECT_DELTA_IDENTIFIED,,,EX07,PREDEADLINE,NOT_CALCULATED,observed date availability and incumbent transactions conditional; no new injury/event selected,12,14400,12,,,,0022000250
2021-01-24_IND_TOR,2021-01-24,IND,INCUMBENT_CONDITIONAL,NO_DIRECT_DELTA_IDENTIFIED,,,EX07,PREDEADLINE,NOT_CALCULATED,observed date availability and incumbent transactions conditional; no new injury/event selected,15,14400,8,Brian Bowen II;Cassius Stanley;Edmond Sumner;Goga Bitadze;JaKarr Sampson;Jalen Lecque;Kelan Martin,,,0022000249
2021-01-24_IND_TOR,2021-01-24,TOR,INCUMBENT_CONDITIONAL,NO_DIRECT_DELTA_IDENTIFIED,,,EX07,PREDEADLINE,NOT_CALCULATED,observed date availability and incumbent transactions conditional; no new injury/event selected,13,14400,11,Jalen Harris;Paul Watson,,,0022000249
2021-01-24_LAC_OKC,2021-01-24,LAC,INCUMBENT_CONDITIONAL,NO_DIRECT_DELTA_IDENTIFIED,,,EX07,PREDEADLINE,NOT_CALCULATED,observed date availability and incumbent transactions conditional; no new injury/event selected,14,14401,12,Daniel Oturu;Mfiondu Kabengele,,,0022000251
2021-01-24_LAC_OKC,2021-01-24,OKC,INCUMBENT_CONDITIONAL,NO_DIRECT_DELTA_IDENTIFIED,,,EX07,PREDEADLINE,NOT_CALCULATED,observed date availability and incumbent transactions conditional; no new injury/event selected,13,14403,10,Darius Miller;Justin Jackson;Moses Brown,,,0022000251
2021-01-24_MIL_ATL,2021-01-24,MIL,INCUMBENT_CONDITIONAL,NO_DIRECT_DELTA_IDENTIFIED,,,EX07,PREDEADLINE,NOT_CALCULATED,observed date availability and incumbent transactions conditional; no new injury/event selected,14,14400,10,D.J. Wilson;Jordan Nwora;Sam Merrill;Thanasis Antetokounmpo,,,0022000254
2021-01-24_MIL_ATL,2021-01-24,ATL,INCUMBENT_CONDITIONAL,NO_DIRECT_DELTA_IDENTIFIED,,,EX07,PREDEADLINE,NOT_CALCULATED,observed date availability and incumbent transactions conditional; no new injury/event selected,15,14400,10,Bruno Fernando;Nathan Knight;Skylar Mays,Clint Capela;Trae Young,,0022000254
2021-01-24_SAS_WAS,2021-01-24,SAS,INCUMBENT_CONDITIONAL,NO_DIRECT_DELTA_IDENTIFIED,,,EX07,PREDEADLINE,NOT_CALCULATED,observed date availability and incumbent transactions conditional; no new injury/event selected,13,14400,13,,,,0022000253
2021-01-24_SAS_WAS,2021-01-24,WAS,WAS_TRENT,DIRECT_ROSTER_CONTACT,Gary Trent Jr.,Isaac Bonga;Chandler Hutchison,EX07,PREDEADLINE,NOT_CALCULATED,observed date availability and incumbent transactions conditional; no new injury/event selected,12,14400,10,,Moritz Wagner;Raul Neto,Gary Trent Jr.,0022000253
2021-01-25_BKN_MIA,2021-01-25,BKN,INCUMBENT_CONDITIONAL,NO_DIRECT_DELTA_IDENTIFIED,,,EX07,PREDEADLINE,NOT_CALCULATED,observed date availability and incumbent transactions conditional; no new injury/event selected,12,14401,9,Landry Shamet;Tyler Johnson,Nic Claxton,,0022000260
2021-01-25_BKN_MIA,2021-01-25,MIA,INCUMBENT_CONDITIONAL,NO_DIRECT_DELTA_IDENTIFIED,,,EX07,PREDEADLINE,NOT_CALCULATED,observed date availability and incumbent transactions conditional; no new injury/event selected,14,14400,10,Udonis Haslem,Chris Silva;Maurice Harkless,,0022000260
2021-01-25_CLE_LAL,2021-01-25,CLE,INCUMBENT_CONDITIONAL,NO_DIRECT_DELTA_IDENTIFIED,,,EX07,PREDEADLINE,NOT_CALCULATED,observed date availability and incumbent transactions conditional; no new injury/event selected,12,14400,10,Dean Wade;Lamar Stevens,,,0022000261
2021-01-25_CLE_LAL,2021-01-25,LAL,LAL_AD_CORE,TRANSACTION_DEPENDENCY,,,EX06;EX07,PREDEADLINE,NOT_CALCULATED,observed date availability and incumbent transactions conditional; no new injury/event selected,13,14400,10,Alfonzo McKinnie;Quinn Cook;Talen Horton-Tucker,,,0022000261
2021-01-25_DAL_DEN,2021-01-25,DAL,DAL_HAMPTON,DIRECT_ROSTER_CONTACT,R.J. Hampton,Tyrell Terry,EX07,PREDEADLINE,NOT_CALCULATED,observed date availability and incumbent transactions conditional; no new injury/event selected,13,14400,9,Josh Green;Nate Hinton;Tyler Bey;Tyrell Terry,,R.J. Hampton,0022000265
2021-01-25_DAL_DEN,2021-01-25,DEN,DEN_BEY_NNAJI,DIRECT_ROSTER_CONTACT,Saddiq Bey,R.J. Hampton,EX07,PREDEADLINE,NOT_CALCULATED,observed date availability and incumbent transactions conditional; no new injury/event selected,15,14400,11,Bol Bol;Isaiah Hartenstein;Vlatko Cancar;Zeke Nnaji,,Saddiq Bey,0022000265
2021-01-25_DET_PHI,2021-01-25,DET,DET_PATRICK_KIRA,DIRECT_ROSTER_CONTACT,Patrick Williams;Kira Lewis Jr.,Saddiq Bey;Killian Hayes,EX07,PREDEADLINE,NOT_CALCULATED,observed date availability and incumbent transactions conditional; no new injury/event selected,15,14400,12,Deividas Sirvydis;Frank Jackson;Jahlil Okafor,,Patrick Williams;Kira Lewis Jr.,0022000257
2021-01-25_DET_PHI,2021-01-25,PHI,INCUMBENT_CONDITIONAL,NO_DIRECT_DELTA_IDENTIFIED,,,EX07,PREDEADLINE,NOT_CALCULATED,observed date availability and incumbent transactions conditional; no new injury/event selected,13,14400,13,,,,0022000257
2021-01-25_GSW_MIN,2021-01-25,GSW,GSW_WIGGINS_HUTCHISON_INACTIVE,TRANSACTION_DEPENDENCY,,,EX06;EX07,PREDEADLINE,NOT_CALCULATED,observed date availability and incumbent transactions conditional; no new injury/event selected,13,14400,13,,,,0022000266
2021-01-25_GSW_MIN,2021-01-25,MIN,MIN_RIVAL,DIRECT_ROSTER_CONTACT,Fictional Rival,Anthony Edwards,EX07,PREDEADLINE,NOT_CALCULATED,observed date availability and incumbent transactions conditional; no new injury/event selected,13,14400,12,Jaylen Nowell,,Fictional Rival,0022000266
2021-01-25_IND_TOR,2021-01-25,IND,INCUMBENT_CONDITIONAL,NO_DIRECT_DELTA_IDENTIFIED,,,EX07,PREDEADLINE,NOT_CALCULATED,observed date availability and incumbent transactions conditional; no new injury/event selected,15,14400,11,Brian Bowen II;JaKarr Sampson;Jalen Lecque;Kelan Martin,,,0022000258
2021-01-25_IND_TOR,2021-01-25,TOR,INCUMBENT_CONDITIONAL,NO_DIRECT_DELTA_IDENTIFIED,,,EX07,PREDEADLINE,NOT_CALCULATED,observed date availability and incumbent transactions conditional; no new injury/event selected,14,14400,12,Jalen Harris;Malachi Flynn,,,0022000258
2021-01-25_ORL_CHA,2021-01-25,ORL,INCUMBENT_CONDITIONAL,NO_DIRECT_DELTA_IDENTIFIED,,,EX07,PREDEADLINE,NOT_CALCULATED,observed date availability and incumbent transactions conditional; no new injury/event selected,12,14400,9,Jordan Bone;Karim Mane;Mo Bamba,,,0022000259
2021-01-25_ORL_CHA,2021-01-25,CHA,CHA_EDWARDS_TERRY,DIRECT_ROSTER_CONTACT,Anthony Edwards;Tyrell Terry,LaMelo Ball;Grant Riller,EX07,PREDEADLINE,NOT_CALCULATED,observed date availability and incumbent transactions conditional; no new injury/event selected,13,14401,9,Cody Martin;Jalen McDaniels;Malik Monk;Vernon Carey Jr.,,Anthony Edwards;Tyrell Terry,0022000259
2021-01-26_ATL_LAC,2021-01-26,ATL,INCUMBENT_CONDITIONAL,NO_DIRECT_DELTA_IDENTIFIED,,,EX07,PREDEADLINE,NOT_CALCULATED,observed date availability and incumbent transactions conditional; no new injury/event selected,14,14400,11,Bruno Fernando;Onyeka Okongwu,Cam Reddish,,0022000268
2021-01-26_ATL_LAC,2021-01-26,LAC,INCUMBENT_CONDITIONAL,NO_DIRECT_DELTA_IDENTIFIED,,,EX07,PREDEADLINE,NOT_CALCULATED,observed date availability and incumbent transactions conditional; no new injury/event selected,12,14400,9,Daniel Oturu;Mfiondu Kabengele;Patrick Patterson,,,0022000268
2021-01-26_HOU_WAS,2021-01-26,HOU,INCUMBENT_CONDITIONAL,NO_DIRECT_DELTA_IDENTIFIED,,,EX07,PREDEADLINE,NOT_CALCULATED,observed date availability and incumbent transactions conditional; no new injury/event selected,14,14400,10,Brodric Thomas;Kenyon Martin Jr.;Mason Jones;Rodions Kurucs,,,0022000269
2021-01-26_HOU_WAS,2021-01-26,WAS,WAS_TRENT,DIRECT_ROSTER_CONTACT,Gary Trent Jr.,Isaac Bonga;Chandler Hutchison,EX07,PREDEADLINE,NOT_CALCULATED,observed date availability and incumbent transactions conditional; no new injury/event selected,12,14400,11,,Moritz Wagner,Gary Trent Jr.,0022000269
2021-01-26_UTA_NYK,2021-01-26,UTA,INCUMBENT_CONDITIONAL,NO_DIRECT_DELTA_IDENTIFIED,,,EX07,PREDEADLINE,NOT_CALCULATED,observed date availability and incumbent transactions conditional; no new injury/event selected,13,14400,13,,,,0022000270
2021-01-26_UTA_NYK,2021-01-26,NYK,INCUMBENT_CONDITIONAL,NO_DIRECT_DELTA_IDENTIFIED,,,EX07,PREDEADLINE,NOT_CALCULATED,observed date availability and incumbent transactions conditional; no new injury/event selected,15,14400,11,Dennis Smith Jr.;Frank Ntilikina;Ignas Brazdeikis;Taj Gibson,,,0022000270
2021-01-27_ATL_BKN,2021-01-27,ATL,INCUMBENT_CONDITIONAL,NO_DIRECT_DELTA_IDENTIFIED,,,EX07,PREDEADLINE,NOT_CALCULATED,observed date availability and incumbent transactions conditional; no new injury/event selected,12,15900,9,Bruno Fernando;Onyeka Okongwu;Tony Snell,,,0022000274
2021-01-27_ATL_BKN,2021-01-27,BKN,INCUMBENT_CONDITIONAL,NO_DIRECT_DELTA_IDENTIFIED,,,EX07,PREDEADLINE,NOT_CALCULATED,observed date availability and incumbent transactions conditional; no new injury/event selected,12,15900,9,Landry Shamet;Tyler Johnson,Nic Claxton,,0022000274
2021-01-27_CHA_IND,2021-01-27,CHA,CHA_EDWARDS_TERRY,DIRECT_ROSTER_CONTACT,Anthony Edwards;Tyrell Terry,LaMelo Ball;Grant Riller,EX07,PREDEADLINE,NOT_CALCULATED,observed date availability and incumbent transactions conditional; no new injury/event selected,12,14401,9,Caleb Martin;Cody Martin,,Anthony Edwards;Tyrell Terry,0022000271
2021-01-27_CHA_IND,2021-01-27,IND,INCUMBENT_CONDITIONAL,NO_DIRECT_DELTA_IDENTIFIED,,,EX07,PREDEADLINE,NOT_CALCULATED,observed date availability and incumbent transactions conditional; no new injury/event selected,12,14401,9,Edmond Sumner;JaKarr Sampson;Kelan Martin,,,0022000271
2021-01-27_CLE_DET,2021-01-27,CLE,INCUMBENT_CONDITIONAL,NO_DIRECT_DELTA_IDENTIFIED,,,EX07,PREDEADLINE,NOT_CALCULATED,observed date availability and incumbent transactions conditional; no new injury/event selected,12,14400,10,JaVale McGee,Larry Nance Jr.,,0022000272
2021-01-27_CLE_DET,2021-01-27,DET,DET_PATRICK_KIRA,DIRECT_ROSTER_CONTACT,Patrick Williams;Kira Lewis Jr.,Saddiq Bey;Killian Hayes,EX07,PREDEADLINE,NOT_CALCULATED,observed date availability and incumbent transactions conditional; no new injury/event selected,14,14400,12,Deividas Sirvydis;Rodney McGruder,,Patrick Williams;Kira Lewis Jr.,0022000272
2021-01-27_GSW_MIN,2021-01-27,GSW,GSW_WIGGINS_HUTCHISON_INACTIVE,TRANSACTION_DEPENDENCY,,,EX06;EX07,PREDEADLINE,NOT_CALCULATED,observed date availability and incumbent transactions conditional; no new injury/event selected,13,14402,13,,,,0022000283
2021-01-27_GSW_MIN,2021-01-27,MIN,MIN_RIVAL,DIRECT_ROSTER_CONTACT,Fictional Rival,Anthony Edwards,EX07,PREDEADLINE,NOT_CALCULATED,observed date availability and incumbent transactions conditional; no new injury/event selected,12,14400,12,,,Fictional Rival,0022000283
2021-01-27_MIA_DEN,2021-01-27,MIA,INCUMBENT_CONDITIONAL,NO_DIRECT_DELTA_IDENTIFIED,,,EX07,PREDEADLINE,NOT_CALCULATED,observed date availability and incumbent transactions conditional; no new injury/event selected,14,14400,10,Udonis Haslem,Goran Dragic;Maurice Harkless;Tyler Herro,,0022000275
2021-01-27_MIA_DEN,2021-01-27,DEN,DEN_BEY_NNAJI,DIRECT_ROSTER_CONTACT,Saddiq Bey,R.J. Hampton,EX07,PREDEADLINE,NOT_CALCULATED,observed date availability and incumbent transactions conditional; no new injury/event selected,15,14400,14,Isaiah Hartenstein,,Saddiq Bey,0022000275
2021-01-27_NOP_WAS,2021-01-27,NOP,NOP_HAYES,DIRECT_ROSTER_CONTACT,Killian Hayes,Kira Lewis Jr.,EX07,PREDEADLINE,NOT_CALCULATED,observed date availability and incumbent transactions conditional; no new injury/event selected,15,14400,9,Kira Lewis Jr.;Naji Marshall;Nicolo Melli;Sindarius Thornwell;Wenyen Gabriel;Willy Hernangomez,,Killian Hayes,0022000279
2021-01-27_NOP_WAS,2021-01-27,WAS,WAS_TRENT,DIRECT_ROSTER_CONTACT,Gary Trent Jr.,Isaac Bonga;Chandler Hutchison,EX07,PREDEADLINE,NOT_CALCULATED,observed date availability and incumbent transactions conditional; no new injury/event selected,12,14400,10,,Moritz Wagner,Gary Trent Jr.,0022000279
2021-01-27_ORL_SAC,2021-01-27,ORL,INCUMBENT_CONDITIONAL,NO_DIRECT_DELTA_IDENTIFIED,,,EX07,PREDEADLINE,NOT_CALCULATED,observed date availability and incumbent transactions conditional; no new injury/event selected,12,14400,11,,Michael Carter-Williams,,0022000273
2021-01-27_ORL_SAC,2021-01-27,SAC,INCUMBENT_CONDITIONAL,NO_DIRECT_DELTA_IDENTIFIED,,,EX07,PREDEADLINE,NOT_CALCULATED,observed date availability and incumbent transactions conditional; no new injury/event selected,13,14400,12,Jabari Parker,,,0022000273
2021-01-27_PHX_OKC,2021-01-27,PHX,INCUMBENT_CONDITIONAL,NO_DIRECT_DELTA_IDENTIFIED,,,EX07,PREDEADLINE,NOT_CALCULATED,observed date availability and incumbent transactions conditional; no new injury/event selected,13,14400,10,Langston Galloway,Cameron Payne;Devin Booker,,0022000281
2021-01-27_PHX_OKC,2021-01-27,OKC,INCUMBENT_CONDITIONAL,NO_DIRECT_DELTA_IDENTIFIED,,,EX07,PREDEADLINE,NOT_CALCULATED,observed date availability and incumbent transactions conditional; no new injury/event selected,13,14400,11,Darius Miller;Moses Brown,,,0022000281
2021-01-27_SAS_BOS,2021-01-27,SAS,INCUMBENT_CONDITIONAL,NO_DIRECT_DELTA_IDENTIFIED,,,EX07,PREDEADLINE,NOT_CALCULATED,observed date availability and incumbent transactions conditional; no new injury/event selected,13,14399,9,Drew Eubanks;Keita Bates-Diop;Tre Jones;Trey Lyles,,,0022000280
2021-01-27_SAS_BOS,2021-01-27,BOS,INCUMBENT_CONDITIONAL,NO_DIRECT_DELTA_IDENTIFIED,,,EX07,PREDEADLINE,NOT_CALCULATED,observed date availability and incumbent transactions conditional; no new injury/event selected,15,14401,13,Tacko Fall;Tremont Waters,,,0022000280
2021-01-27_TOR_MIL,2021-01-27,TOR,INCUMBENT_CONDITIONAL,NO_DIRECT_DELTA_IDENTIFIED,,,EX07,PREDEADLINE,NOT_CALCULATED,observed date availability and incumbent transactions conditional; no new injury/event selected,14,14401,10,DeAndre' Bembry;Jalen Harris;Malachi Flynn;Matt Thomas,,,0022000277
2021-01-27_TOR_MIL,2021-01-27,MIL,INCUMBENT_CONDITIONAL,NO_DIRECT_DELTA_IDENTIFIED,,,EX07,PREDEADLINE,NOT_CALCULATED,observed date availability and incumbent transactions conditional; no new injury/event selected,14,14400,10,D.J. Wilson;Jordan Nwora;Sam Merrill;Thanasis Antetokounmpo,,,0022000277
2021-01-27_UTA_DAL,2021-01-27,UTA,INCUMBENT_CONDITIONAL,NO_DIRECT_DELTA_IDENTIFIED,,,EX07,PREDEADLINE,NOT_CALCULATED,observed date availability and incumbent transactions conditional; no new injury/event selected,12,14400,12,,,,0022000282
2021-01-27_UTA_DAL,2021-01-27,DAL,DAL_HAMPTON,DIRECT_ROSTER_CONTACT,R.J. Hampton,Tyrell Terry,EX07,PREDEADLINE,NOT_CALCULATED,observed date availability and incumbent transactions conditional; no new injury/event selected,15,14400,15,,,R.J. Hampton,0022000282
2021-01-28_DET_LAL,2021-01-28,DET,DET_PATRICK_KIRA,DIRECT_ROSTER_CONTACT,Patrick Williams;Kira Lewis Jr.,Saddiq Bey;Killian Hayes,EX07,PREDEADLINE,NOT_CALCULATED,observed date availability and incumbent transactions conditional; no new injury/event selected,15,14400,12,Jahlil Okafor;Rodney McGruder;Saddiq Bey,,Patrick Williams;Kira Lewis Jr.,0022000284
2021-01-28_DET_LAL,2021-01-28,LAL,LAL_AD_CORE,TRANSACTION_DEPENDENCY,,,EX06;EX07,PREDEADLINE,NOT_CALCULATED,observed date availability and incumbent transactions conditional; no new injury/event selected,13,14400,13,,,,0022000284
2021-01-28_MIA_LAC,2021-01-28,MIA,INCUMBENT_CONDITIONAL,NO_DIRECT_DELTA_IDENTIFIED,,,EX07,PREDEADLINE,NOT_CALCULATED,observed date availability and incumbent transactions conditional; no new injury/event selected,15,14400,9,,Andre Iguodala;Avery Bradley;Goran Dragic;Jimmy Butler;Maurice Harkless,,0022000285
2021-01-28_MIA_LAC,2021-01-28,LAC,INCUMBENT_CONDITIONAL,NO_DIRECT_DELTA_IDENTIFIED,,,EX07,PREDEADLINE,NOT_CALCULATED,observed date availability and incumbent transactions conditional; no new injury/event selected,12,14399,9,Daniel Oturu;Mfiondu Kabengele;Patrick Patterson,,,0022000285
2021-01-28_PHX_GSW,2021-01-28,PHX,INCUMBENT_CONDITIONAL,NO_DIRECT_DELTA_IDENTIFIED,,,EX07,PREDEADLINE,NOT_CALCULATED,observed date availability and incumbent transactions conditional; no new injury/event selected,13,14400,11,,Cameron Payne;Devin Booker,,0022000286
2021-01-28_PHX_GSW,2021-01-28,GSW,GSW_WIGGINS_HUTCHISON_INACTIVE,TRANSACTION_DEPENDENCY,,,EX06;EX07,PREDEADLINE,NOT_CALCULATED,observed date availability and incumbent transactions conditional; no new injury/event selected,13,14400,13,,,,0022000286
2021-01-29_MIN_PHI,2021-01-29,MIN,MIN_RIVAL,DIRECT_ROSTER_CONTACT,Fictional Rival,Anthony Edwards,EX07,PREDEADLINE,NOT_CALCULATED,observed date availability and incumbent transactions conditional; no new injury/event selected,12,14400,11,,Naz Reid,Fictional Rival,0022000294
2021-01-29_MIN_PHI,2021-01-29,PHI,INCUMBENT_CONDITIONAL,NO_DIRECT_DELTA_IDENTIFIED,,,EX07,PREDEADLINE,NOT_CALCULATED,observed date availability and incumbent transactions conditional; no new injury/event selected,14,14400,12,Vincent Poirier,Mike Scott,,0022000294
2021-01-29_NOP_MIL,2021-01-29,NOP,NOP_HAYES,DIRECT_ROSTER_CONTACT,Killian Hayes,Kira Lewis Jr.,EX07,PREDEADLINE,NOT_CALCULATED,observed date availability and incumbent transactions conditional; no new injury/event selected,15,14401,8,JJ Redick;Jaxson Hayes;Kira Lewis Jr.;Sindarius Thornwell;Wenyen Gabriel;Will Magnay;Willy Hernangomez,,Killian Hayes,0022000293
2021-01-29_NOP_MIL,2021-01-29,MIL,INCUMBENT_CONDITIONAL,NO_DIRECT_DELTA_IDENTIFIED,,,EX07,PREDEADLINE,NOT_CALCULATED,observed date availability and incumbent transactions conditional; no new injury/event selected,14,14402,10,D.J. Wilson;Jordan Nwora;Sam Merrill;Thanasis Antetokounmpo,,,0022000293
2021-01-29_NYK_CLE,2021-01-29,NYK,INCUMBENT_CONDITIONAL,NO_DIRECT_DELTA_IDENTIFIED,,,EX07,PREDEADLINE,NOT_CALCULATED,observed date availability and incumbent transactions conditional; no new injury/event selected,15,14401,11,Dennis Smith Jr.;Frank Ntilikina;Ignas Brazdeikis;Theo Pinson,,,0022000291
2021-01-29_NYK_CLE,2021-01-29,CLE,INCUMBENT_CONDITIONAL,NO_DIRECT_DELTA_IDENTIFIED,,,EX07,PREDEADLINE,NOT_CALCULATED,observed date availability and incumbent transactions conditional; no new injury/event selected,12,14400,10,Damyean Dotson;JaVale McGee,,,0022000291
2021-01-29_OKC_BKN,2021-01-29,OKC,INCUMBENT_CONDITIONAL,NO_DIRECT_DELTA_IDENTIFIED,,,EX07,PREDEADLINE,NOT_CALCULATED,observed date availability and incumbent transactions conditional; no new injury/event selected,14,14400,13,Darius Miller,,,0022000295
2021-01-29_OKC_BKN,2021-01-29,BKN,INCUMBENT_CONDITIONAL,NO_DIRECT_DELTA_IDENTIFIED,,,EX07,PREDEADLINE,NOT_CALCULATED,observed date availability and incumbent transactions conditional; no new injury/event selected,12,14401,11,,Kevin Durant,,0022000295
2021-01-29_ORL_LAC,2021-01-29,ORL,INCUMBENT_CONDITIONAL,NO_DIRECT_DELTA_IDENTIFIED,,,EX07,PREDEADLINE,NOT_CALCULATED,observed date availability and incumbent transactions conditional; no new injury/event selected,12,14400,11,,Michael Carter-Williams,,0022000289
2021-01-29_ORL_LAC,2021-01-29,LAC,INCUMBENT_CONDITIONAL,NO_DIRECT_DELTA_IDENTIFIED,,,EX07,PREDEADLINE,NOT_CALCULATED,observed date availability and incumbent transactions conditional; no new injury/event selected,14,14400,13,Patrick Patterson,,,0022000289
2021-01-29_SAS_DEN,2021-01-29,SAS,INCUMBENT_CONDITIONAL,NO_DIRECT_DELTA_IDENTIFIED,,,EX07,PREDEADLINE,NOT_CALCULATED,observed date availability and incumbent transactions conditional; no new injury/event selected,14,14400,12,Drew Eubanks;Trey Lyles,,,0022000296
2021-01-29_SAS_DEN,2021-01-29,DEN,DEN_BEY_NNAJI,DIRECT_ROSTER_CONTACT,Saddiq Bey,R.J. Hampton,EX07,PREDEADLINE,NOT_CALCULATED,observed date availability and incumbent transactions conditional; no new injury/event selected,15,14400,14,Bol Bol,,Saddiq Bey,0022000296
2021-01-29_TOR_SAC,2021-01-29,TOR,INCUMBENT_CONDITIONAL,NO_DIRECT_DELTA_IDENTIFIED,,,EX07,PREDEADLINE,NOT_CALCULATED,observed date availability and incumbent transactions conditional; no new injury/event selected,12,14400,11,Malachi Flynn,,,0022000292
2021-01-29_TOR_SAC,2021-01-29,SAC,INCUMBENT_CONDITIONAL,NO_DIRECT_DELTA_IDENTIFIED,,,EX07,PREDEADLINE,NOT_CALCULATED,observed date availability and incumbent transactions conditional; no new injury/event selected,14,14401,9,Chimezie Metu;Jabari Parker;Justin James;Kyle Guy;Robert Woodard II,,,0022000292
2021-01-29_UTA_DAL,2021-01-29,UTA,INCUMBENT_CONDITIONAL,NO_DIRECT_DELTA_IDENTIFIED,,,EX07,PREDEADLINE,NOT_CALCULATED,observed date availability and incumbent transactions conditional; no new injury/event selected,12,14400,12,,,,0022000297
2021-01-29_UTA_DAL,2021-01-29,DAL,DAL_HAMPTON,DIRECT_ROSTER_CONTACT,R.J. Hampton,Tyrell Terry,EX07,PREDEADLINE,NOT_CALCULATED,observed date availability and incumbent transactions conditional; no new injury/event selected,14,14400,14,,,R.J. Hampton,0022000297
2021-01-29_WAS_ATL,2021-01-29,WAS,WAS_TRENT,DIRECT_ROSTER_CONTACT,Gary Trent Jr.,Isaac Bonga;Chandler Hutchison,EX07,PREDEADLINE,NOT_CALCULATED,observed date availability and incumbent transactions conditional; no new injury/event selected,14,14400,13,Jordan Bell,,Gary Trent Jr.,0022000290
2021-01-29_WAS_ATL,2021-01-29,ATL,INCUMBENT_CONDITIONAL,NO_DIRECT_DELTA_IDENTIFIED,,,EX07,PREDEADLINE,NOT_CALCULATED,observed date availability and incumbent transactions conditional; no new injury/event selected,13,14402,13,,,,0022000290
2021-01-30_CHA_MIL,2021-01-30,CHA,CHA_EDWARDS_TERRY,DIRECT_ROSTER_CONTACT,Anthony Edwards;Tyrell Terry,LaMelo Ball;Grant Riller,EX07,PREDEADLINE,NOT_CALCULATED,observed date availability and incumbent transactions conditional; no new injury/event selected,12,14399,11,Bismack Biyombo,,Anthony Edwards;Tyrell Terry,0022000299
2021-01-30_CHA_MIL,2021-01-30,MIL,INCUMBENT_CONDITIONAL,NO_DIRECT_DELTA_IDENTIFIED,,,EX07,PREDEADLINE,NOT_CALCULATED,observed date availability and incumbent transactions conditional; no new injury/event selected,14,14400,12,D.J. Wilson;Thanasis Antetokounmpo,,,0022000299
2021-01-30_DAL_PHX,2021-01-30,DAL,DAL_HAMPTON,DIRECT_ROSTER_CONTACT,R.J. Hampton,Tyrell Terry,EX07,PREDEADLINE,NOT_CALCULATED,observed date availability and incumbent transactions conditional; no new injury/event selected,15,14400,9,Boban Marjanovic;Josh Green;Nate Hinton;Tyler Bey;Tyrell Terry;Wes Iwundu,,R.J. Hampton,0022000303
2021-01-30_DAL_PHX,2021-01-30,PHX,INCUMBENT_CONDITIONAL,NO_DIRECT_DELTA_IDENTIFIED,,,EX07,PREDEADLINE,NOT_CALCULATED,observed date availability and incumbent transactions conditional; no new injury/event selected,13,14400,9,Damian Jones;Jalen Smith;Jevon Carter,Devin Booker,,0022000303
2021-01-30_GSW_DET,2021-01-30,GSW,GSW_WIGGINS_HUTCHISON_INACTIVE,TRANSACTION_DEPENDENCY,,,EX06;EX07,PREDEADLINE,NOT_CALCULATED,observed date availability and incumbent transactions conditional; no new injury/event selected,12,14400,12,,,,0022000305
2021-01-30_GSW_DET,2021-01-30,DET,DET_PATRICK_KIRA,DIRECT_ROSTER_CONTACT,Patrick Williams;Kira Lewis Jr.,Saddiq Bey;Killian Hayes,EX07,PREDEADLINE,NOT_CALCULATED,observed date availability and incumbent transactions conditional; no new injury/event selected,15,14400,14,Deividas Sirvydis,,Patrick Williams;Kira Lewis Jr.,0022000305
2021-01-30_MIA_SAC,2021-01-30,MIA,INCUMBENT_CONDITIONAL,NO_DIRECT_DELTA_IDENTIFIED,,,EX07,PREDEADLINE,NOT_CALCULATED,observed date availability and incumbent transactions conditional; no new injury/event selected,15,14402,10,Kendrick Nunn;Udonis Haslem,Avery Bradley;Goran Dragic;Maurice Harkless,,0022000301
2021-01-30_MIA_SAC,2021-01-30,SAC,INCUMBENT_CONDITIONAL,NO_DIRECT_DELTA_IDENTIFIED,,,EX07,PREDEADLINE,NOT_CALCULATED,observed date availability and incumbent transactions conditional; no new injury/event selected,13,14400,9,Chimezie Metu;Glenn Robinson III;Jabari Parker;Justin James,,,0022000301
2021-01-30_NOP_HOU,2021-01-30,NOP,NOP_HAYES,DIRECT_ROSTER_CONTACT,Killian Hayes,Kira Lewis Jr.,EX07,PREDEADLINE,NOT_CALCULATED,observed date availability and incumbent transactions conditional; no new injury/event selected,15,14400,12,JJ Redick;Will Magnay;Willy Hernangomez,,Killian Hayes,0022000300
2021-01-30_NOP_HOU,2021-01-30,HOU,INCUMBENT_CONDITIONAL,NO_DIRECT_DELTA_IDENTIFIED,,,EX07,PREDEADLINE,NOT_CALCULATED,observed date availability and incumbent transactions conditional; no new injury/event selected,13,14400,13,,,,0022000300
2021-01-30_SAS_MEM,2021-01-30,SAS,INCUMBENT_CONDITIONAL,NO_DIRECT_DELTA_IDENTIFIED,,,EX07,PREDEADLINE,NOT_CALCULATED,observed date availability and incumbent transactions conditional; no new injury/event selected,15,14400,15,,,,0022000304
2021-01-30_SAS_MEM,2021-01-30,MEM,INCUMBENT_CONDITIONAL,NO_DIRECT_DELTA_IDENTIFIED,,,EX07,PREDEADLINE,NOT_CALCULATED,observed date availability and incumbent transactions conditional; no new injury/event selected,12,14400,10,,Jonas Valanciunas;Jontay Porter,,0022000304
2021-01-31_DEN_UTA,2021-01-31,DEN,DEN_BEY_NNAJI,DIRECT_ROSTER_CONTACT,Saddiq Bey,R.J. Hampton,EX07,PREDEADLINE,NOT_CALCULATED,observed date availability and incumbent transactions conditional; no new injury/event selected,15,14400,14,Isaiah Hartenstein,,Saddiq Bey,0022000306
2021-01-31_DEN_UTA,2021-01-31,UTA,INCUMBENT_CONDITIONAL,NO_DIRECT_DELTA_IDENTIFIED,,,EX07,PREDEADLINE,NOT_CALCULATED,observed date availability and incumbent transactions conditional; no new injury/event selected,13,14400,13,,,,0022000306
2021-01-31_IND_PHI,2021-01-31,IND,INCUMBENT_CONDITIONAL,NO_DIRECT_DELTA_IDENTIFIED,,,EX07,PREDEADLINE,NOT_CALCULATED,observed date availability and incumbent transactions conditional; no new injury/event selected,12,14400,10,JaKarr Sampson;Kelan Martin,,,0022000307
2021-01-31_IND_PHI,2021-01-31,PHI,INCUMBENT_CONDITIONAL,NO_DIRECT_DELTA_IDENTIFIED,,,EX07,PREDEADLINE,NOT_CALCULATED,observed date availability and incumbent transactions conditional; no new injury/event selected,14,14400,10,Isaiah Joe;Vincent Poirier,Joel Embiid;Mike Scott,,0022000307
2021-01-31_MIN_CLE,2021-01-31,MIN,MIN_RIVAL,DIRECT_ROSTER_CONTACT,Fictional Rival,Anthony Edwards,EX07,PREDEADLINE,NOT_CALCULATED,observed date availability and incumbent transactions conditional; no new injury/event selected,12,14400,10,,Jarrett Culver;Naz Reid,Fictional Rival,0022000311
2021-01-31_MIN_CLE,2021-01-31,CLE,INCUMBENT_CONDITIONAL,NO_DIRECT_DELTA_IDENTIFIED,,,EX07,PREDEADLINE,NOT_CALCULATED,observed date availability and incumbent transactions conditional; no new injury/event selected,13,14400,10,Dean Wade;JaVale McGee;Lamar Stevens,,,0022000311
2021-01-31_NYK_LAC,2021-01-31,NYK,INCUMBENT_CONDITIONAL,NO_DIRECT_DELTA_IDENTIFIED,,,EX07,PREDEADLINE,NOT_CALCULATED,observed date availability and incumbent transactions conditional; no new injury/event selected,15,14400,10,Dennis Smith Jr.;Frank Ntilikina;Kevin Knox II;Theo Pinson,Nerlens Noel,,0022000308
2021-01-31_NYK_LAC,2021-01-31,LAC,INCUMBENT_CONDITIONAL,NO_DIRECT_DELTA_IDENTIFIED,,,EX07,PREDEADLINE,NOT_CALCULATED,observed date availability and incumbent transactions conditional; no new injury/event selected,13,14400,12,,Nicolas Batum,,0022000308
2021-01-31_TOR_ORL,2021-01-31,TOR,INCUMBENT_CONDITIONAL,NO_DIRECT_DELTA_IDENTIFIED,,,EX07,PREDEADLINE,NOT_CALCULATED,observed date availability and incumbent transactions conditional; no new injury/event selected,12,14400,12,,,,0022000309
2021-01-31_TOR_ORL,2021-01-31,ORL,INCUMBENT_CONDITIONAL,NO_DIRECT_DELTA_IDENTIFIED,,,EX07,PREDEADLINE,NOT_CALCULATED,observed date availability and incumbent transactions conditional; no new injury/event selected,12,14401,11,,,,0022000309
2021-02-01_ATL_LAL,2021-02-01,ATL,INCUMBENT_CONDITIONAL,NO_DIRECT_DELTA_IDENTIFIED,,,EX07,PREDEADLINE,NOT_CALCULATED,observed date availability and incumbent transactions conditional; no new injury/event selected,12,14400,9,Brandon Goodwin;Nathan Knight;Tony Snell,,,0022000313
2021-02-01_ATL_LAL,2021-02-01,LAL,LAL_AD_CORE,TRANSACTION_DEPENDENCY,,,EX06;EX07,PREDEADLINE,NOT_CALCULATED,observed date availability and incumbent transactions conditional; no new injury/event selected,14,14400,9,Alfonzo McKinnie;Devontae Cacok;Markieff Morris;Quinn Cook;Wesley Matthews,,,0022000313
2021-02-01_CLE_MIN,2021-02-01,CLE,INCUMBENT_CONDITIONAL,NO_DIRECT_DELTA_IDENTIFIED,,,EX07,PREDEADLINE,NOT_CALCULATED,observed date availability and incumbent transactions conditional; no new injury/event selected,12,14400,10,Dean Wade,Andre Drummond,,0022000312
2021-02-01_CLE_MIN,2021-02-01,MIN,MIN_RIVAL,DIRECT_ROSTER_CONTACT,Fictional Rival,Anthony Edwards,EX07,PREDEADLINE,NOT_CALCULATED,observed date availability and incumbent transactions conditional; no new injury/event selected,12,14400,11,Juancho Hernangomez,,Fictional Rival,0022000312
2021-02-01_DAL_PHX,2021-02-01,DAL,DAL_HAMPTON,DIRECT_ROSTER_CONTACT,R.J. Hampton,Tyrell Terry,EX07,PREDEADLINE,NOT_CALCULATED,observed date availability and incumbent transactions conditional; no new injury/event selected,15,14400,10,Boban Marjanovic;Dwight Powell;Josh Green;Tyrell Terry;Wes Iwundu,,R.J. Hampton,0022000319
2021-02-01_DAL_PHX,2021-02-01,PHX,INCUMBENT_CONDITIONAL,NO_DIRECT_DELTA_IDENTIFIED,,,EX07,PREDEADLINE,NOT_CALCULATED,observed date availability and incumbent transactions conditional; no new injury/event selected,13,14400,9,Abdel Nader;Damian Jones;Jalen Smith;Jevon Carter,,,0022000319
2021-02-01_MIA_CHA,2021-02-01,MIA,INCUMBENT_CONDITIONAL,NO_DIRECT_DELTA_IDENTIFIED,,,EX07,PREDEADLINE,NOT_CALCULATED,observed date availability and incumbent transactions conditional; no new injury/event selected,15,15901,10,Gabe Vincent;KZ Okpala;Kendrick Nunn;Udonis Haslem,Maurice Harkless,,0022000314
2021-02-01_MIA_CHA,2021-02-01,CHA,CHA_EDWARDS_TERRY,DIRECT_ROSTER_CONTACT,Anthony Edwards;Tyrell Terry,LaMelo Ball;Grant Riller,EX07,PREDEADLINE,NOT_CALCULATED,observed date availability and incumbent transactions conditional; no new injury/event selected,12,15901,8,Bismack Biyombo;Cody Martin;Nick Richards,Terry Rozier,Anthony Edwards;Tyrell Terry,0022000314
2021-02-01_MIL_POR,2021-02-01,MIL,INCUMBENT_CONDITIONAL,NO_DIRECT_DELTA_IDENTIFIED,,,EX07,PREDEADLINE,NOT_CALCULATED,observed date availability and incumbent transactions conditional; no new injury/event selected,14,14401,14,,,,0022000316
2021-02-01_MIL_POR,2021-02-01,POR,POR_NO_TRENT,DIRECT_ROSTER_CONTACT,,Gary Trent Jr.;Norman Powell,EX07,PREDEADLINE,NOT_CALCULATED,observed date availability and incumbent transactions conditional; no new injury/event selected,14,14400,11,,CJ McCollum;Jusuf Nurkic;Zach Collins,,0022000316
2021-02-01_NOP_SAC,2021-02-01,NOP,NOP_HAYES,DIRECT_ROSTER_CONTACT,Killian Hayes,Kira Lewis Jr.,EX07,PREDEADLINE,NOT_CALCULATED,observed date availability and incumbent transactions conditional; no new injury/event selected,14,14400,9,JJ Redick;Nicolo Melli;Sindarius Thornwell;Wenyen Gabriel;Will Magnay,,Killian Hayes,0022000317
2021-02-01_NOP_SAC,2021-02-01,SAC,INCUMBENT_CONDITIONAL,NO_DIRECT_DELTA_IDENTIFIED,,,EX07,PREDEADLINE,NOT_CALCULATED,observed date availability and incumbent transactions conditional; no new injury/event selected,14,14400,10,Glenn Robinson III;Jabari Parker;Justin James;Nemanja Bjelica,,,0022000317
2021-02-01_OKC_HOU,2021-02-01,OKC,INCUMBENT_CONDITIONAL,NO_DIRECT_DELTA_IDENTIFIED,,,EX07,PREDEADLINE,NOT_CALCULATED,observed date availability and incumbent transactions conditional; no new injury/event selected,14,14400,13,Darius Miller,,,0022000318
2021-02-01_OKC_HOU,2021-02-01,HOU,INCUMBENT_CONDITIONAL,NO_DIRECT_DELTA_IDENTIFIED,,,EX07,PREDEADLINE,NOT_CALCULATED,observed date availability and incumbent transactions conditional; no new injury/event selected,13,14400,12,,David Nwaba,,0022000318
2021-02-01_SAS_MEM,2021-02-01,SAS,INCUMBENT_CONDITIONAL,NO_DIRECT_DELTA_IDENTIFIED,,,EX07,PREDEADLINE,NOT_CALCULATED,observed date availability and incumbent transactions conditional; no new injury/event selected,14,14400,14,,,,0022000320
2021-02-01_SAS_MEM,2021-02-01,MEM,INCUMBENT_CONDITIONAL,NO_DIRECT_DELTA_IDENTIFIED,,,EX07,PREDEADLINE,NOT_CALCULATED,observed date availability and incumbent transactions conditional; no new injury/event selected,12,14400,10,,Jonas Valanciunas;Jontay Porter,,0022000320
2021-02-02_BKN_LAC,2021-02-02,BKN,INCUMBENT_CONDITIONAL,NO_DIRECT_DELTA_IDENTIFIED,,,EX07,PREDEADLINE,NOT_CALCULATED,observed date availability and incumbent transactions conditional; no new injury/event selected,12,14400,9,Norvel Pelle;Reggie Perry;Tyler Johnson,,,0022000324
2021-02-02_BKN_LAC,2021-02-02,LAC,INCUMBENT_CONDITIONAL,NO_DIRECT_DELTA_IDENTIFIED,,,EX07,PREDEADLINE,NOT_CALCULATED,observed date availability and incumbent transactions conditional; no new injury/event selected,13,14400,9,Amir Coffey;Mfiondu Kabengele;Patrick Patterson;Terance Mann,,,0022000324
2021-02-02_GSW_BOS,2021-02-02,GSW,GSW_WIGGINS_HUTCHISON_INACTIVE,TRANSACTION_DEPENDENCY,,,EX06;EX07,PREDEADLINE,NOT_CALCULATED,observed date availability and incumbent transactions conditional; no new injury/event selected,12,14402,11,,James Wiseman,,0022000326
2021-02-02_GSW_BOS,2021-02-02,BOS,INCUMBENT_CONDITIONAL,NO_DIRECT_DELTA_IDENTIFIED,,,EX07,PREDEADLINE,NOT_CALCULATED,observed date availability and incumbent transactions conditional; no new injury/event selected,14,14401,10,Aaron Nesmith;Carsen Edwards;Tacko Fall;Tremont Waters,,,0022000326
2021-02-02_IND_MEM,2021-02-02,IND,INCUMBENT_CONDITIONAL,NO_DIRECT_DELTA_IDENTIFIED,,,EX07,PREDEADLINE,NOT_CALCULATED,observed date availability and incumbent transactions conditional; no new injury/event selected,12,14400,12,,,,0022000322
2021-02-02_IND_MEM,2021-02-02,MEM,INCUMBENT_CONDITIONAL,NO_DIRECT_DELTA_IDENTIFIED,,,EX07,PREDEADLINE,NOT_CALCULATED,observed date availability and incumbent transactions conditional; no new injury/event selected,12,14400,10,,Jonas Valanciunas;Jontay Porter,,0022000322
2021-02-02_ORL_TOR,2021-02-02,ORL,INCUMBENT_CONDITIONAL,NO_DIRECT_DELTA_IDENTIFIED,,,EX07,PREDEADLINE,NOT_CALCULATED,observed date availability and incumbent transactions conditional; no new injury/event selected,12,14400,11,,Michael Carter-Williams,,0022000323
2021-02-02_ORL_TOR,2021-02-02,TOR,INCUMBENT_CONDITIONAL,NO_DIRECT_DELTA_IDENTIFIED,,,EX07,PREDEADLINE,NOT_CALCULATED,observed date availability and incumbent transactions conditional; no new injury/event selected,13,14400,13,,,,0022000323
2021-02-02_UTA_DET,2021-02-02,UTA,INCUMBENT_CONDITIONAL,NO_DIRECT_DELTA_IDENTIFIED,,,EX07,PREDEADLINE,NOT_CALCULATED,observed date availability and incumbent transactions conditional; no new injury/event selected,13,14400,9,Jarrell Brantley;Juwan Morgan;Miye Oni;Shaquille Harrison,,,0022000325
2021-02-02_UTA_DET,2021-02-02,DET,DET_PATRICK_KIRA,DIRECT_ROSTER_CONTACT,Patrick Williams;Kira Lewis Jr.,Saddiq Bey;Killian Hayes,EX07,PREDEADLINE,NOT_CALCULATED,observed date availability and incumbent transactions conditional; no new injury/event selected,14,14400,11,Deividas Sirvydis;Derrick Rose;Frank Jackson,,Patrick Williams;Kira Lewis Jr.,0022000325
2021-02-02_WAS_POR,2021-02-02,WAS,WAS_TRENT,DIRECT_ROSTER_CONTACT,Gary Trent Jr.,Isaac Bonga;Chandler Hutchison,EX07,PREDEADLINE,NOT_CALCULATED,observed date availability and incumbent transactions conditional; no new injury/event selected,15,14400,12,Anthony Gill;Jerome Robinson;Troy Brown Jr.,,Gary Trent Jr.,0022000559
2021-02-02_WAS_POR,2021-02-02,POR,POR_NO_TRENT,DIRECT_ROSTER_CONTACT,,Gary Trent Jr.;Norman Powell,EX07,PREDEADLINE,NOT_CALCULATED,observed date availability and incumbent transactions conditional; no new injury/event selected,13,14400,10,,CJ McCollum;Jusuf Nurkic;Zach Collins,,0022000559
2021-02-03_ATL_DAL,2021-02-03,ATL,INCUMBENT_CONDITIONAL,NO_DIRECT_DELTA_IDENTIFIED,,,EX07,PREDEADLINE,NOT_CALCULATED,observed date availability and incumbent transactions conditional; no new injury/event selected,12,14400,10,Bruno Fernando,Onyeka Okongwu,,0022000330
2021-02-03_ATL_DAL,2021-02-03,DAL,DAL_HAMPTON,DIRECT_ROSTER_CONTACT,R.J. Hampton,Tyrell Terry,EX07,PREDEADLINE,NOT_CALCULATED,observed date availability and incumbent transactions conditional; no new injury/event selected,15,14399,10,Boban Marjanovic;Dwight Powell;Josh Green;Tyrell Terry;Wes Iwundu,,R.J. Hampton,0022000330
2021-02-03_CHA_PHI,2021-02-03,CHA,CHA_EDWARDS_TERRY,DIRECT_ROSTER_CONTACT,Anthony Edwards;Tyrell Terry,LaMelo Ball;Grant Riller,EX07,PREDEADLINE,NOT_CALCULATED,observed date availability and incumbent transactions conditional; no new injury/event selected,12,14400,9,Nick Richards,P.J. Washington;Terry Rozier,Anthony Edwards;Tyrell Terry,0022000327
2021-02-03_CHA_PHI,2021-02-03,PHI,INCUMBENT_CONDITIONAL,NO_DIRECT_DELTA_IDENTIFIED,,,EX07,PREDEADLINE,NOT_CALCULATED,observed date availability and incumbent transactions conditional; no new injury/event selected,14,14400,10,Isaiah Joe;Tony Bradley;Vincent Poirier,Mike Scott,,0022000327
2021-02-03_CLE_LAC,2021-02-03,CLE,INCUMBENT_CONDITIONAL,NO_DIRECT_DELTA_IDENTIFIED,,,EX07,PREDEADLINE,NOT_CALCULATED,observed date availability and incumbent transactions conditional; no new injury/event selected,12,14400,10,Damyean Dotson;JaVale McGee,,,0022000328
2021-02-03_CLE_LAC,2021-02-03,LAC,INCUMBENT_CONDITIONAL,NO_DIRECT_DELTA_IDENTIFIED,,,EX07,PREDEADLINE,NOT_CALCULATED,observed date availability and incumbent transactions conditional; no new injury/event selected,13,14400,12,Patrick Patterson,,,0022000328
2021-02-03_MIL_IND,2021-02-03,MIL,INCUMBENT_CONDITIONAL,NO_DIRECT_DELTA_IDENTIFIED,,,EX07,PREDEADLINE,NOT_CALCULATED,observed date availability and incumbent transactions conditional; no new injury/event selected,13,14398,13,,,,0022000329
2021-02-03_MIL_IND,2021-02-03,IND,INCUMBENT_CONDITIONAL,NO_DIRECT_DELTA_IDENTIFIED,,,EX07,PREDEADLINE,NOT_CALCULATED,observed date availability and incumbent transactions conditional; no new injury/event selected,12,14400,12,,,,0022000329
2021-02-03_NOP_PHX,2021-02-03,NOP,NOP_HAYES,DIRECT_ROSTER_CONTACT,Killian Hayes,Kira Lewis Jr.,EX07,PREDEADLINE,NOT_CALCULATED,observed date availability and incumbent transactions conditional; no new injury/event selected,14,14400,13,Jaxson Hayes,,Killian Hayes,0022000335
2021-02-03_NOP_PHX,2021-02-03,PHX,INCUMBENT_CONDITIONAL,NO_DIRECT_DELTA_IDENTIFIED,,,EX07,PREDEADLINE,NOT_CALCULATED,observed date availability and incumbent transactions conditional; no new injury/event selected,13,14400,13,,,,0022000335
2021-02-03_OKC_HOU,2021-02-03,OKC,INCUMBENT_CONDITIONAL,NO_DIRECT_DELTA_IDENTIFIED,,,EX07,PREDEADLINE,NOT_CALCULATED,observed date availability and incumbent transactions conditional; no new injury/event selected,12,14400,10,,George Hill;Shai Gilgeous-Alexander,,0022000333
2021-02-03_OKC_HOU,2021-02-03,HOU,INCUMBENT_CONDITIONAL,NO_DIRECT_DELTA_IDENTIFIED,,,EX07,PREDEADLINE,NOT_CALCULATED,observed date availability and incumbent transactions conditional; no new injury/event selected,12,14400,11,,David Nwaba,,0022000333
2021-02-03_SAC_BOS,2021-02-03,SAC,INCUMBENT_CONDITIONAL,NO_DIRECT_DELTA_IDENTIFIED,,,EX07,PREDEADLINE,NOT_CALCULATED,observed date availability and incumbent transactions conditional; no new injury/event selected,13,14400,9,Chimezie Metu;Jabari Parker;Justin James;Nemanja Bjelica,,,0022000336
2021-02-03_SAC_BOS,2021-02-03,BOS,INCUMBENT_CONDITIONAL,NO_DIRECT_DELTA_IDENTIFIED,,,EX07,PREDEADLINE,NOT_CALCULATED,observed date availability and incumbent transactions conditional; no new injury/event selected,13,14401,11,Aaron Nesmith;Tacko Fall,,,0022000336
2021-02-03_SAS_MIN,2021-02-03,SAS,INCUMBENT_CONDITIONAL,NO_DIRECT_DELTA_IDENTIFIED,,,EX07,PREDEADLINE,NOT_CALCULATED,observed date availability and incumbent transactions conditional; no new injury/event selected,12,14400,10,Keita Bates-Diop;Quinndary Weatherspoon,,,0022000334
2021-02-03_SAS_MIN,2021-02-03,MIN,MIN_RIVAL,DIRECT_ROSTER_CONTACT,Fictional Rival,Anthony Edwards,EX07,PREDEADLINE,NOT_CALCULATED,observed date availability and incumbent transactions conditional; no new injury/event selected,12,14400,10,Ed Davis;Juancho Hernangomez,,Fictional Rival,0022000334
2021-02-04_ATL_UTA,2021-02-04,ATL,INCUMBENT_CONDITIONAL,NO_DIRECT_DELTA_IDENTIFIED,,,EX07,PREDEADLINE,NOT_CALCULATED,observed date availability and incumbent transactions conditional; no new injury/event selected,12,14400,12,,,,0022000338
2021-02-04_ATL_UTA,2021-02-04,UTA,INCUMBENT_CONDITIONAL,NO_DIRECT_DELTA_IDENTIFIED,,,EX07,PREDEADLINE,NOT_CALCULATED,observed date availability and incumbent transactions conditional; no new injury/event selected,13,14400,13,,,,0022000338
2021-02-04_DAL_GSW,2021-02-04,DAL,DAL_HAMPTON,DIRECT_ROSTER_CONTACT,R.J. Hampton,Tyrell Terry,EX07,PREDEADLINE,NOT_CALCULATED,observed date availability and incumbent transactions conditional; no new injury/event selected,14,14400,14,,,R.J. Hampton,0022000339
2021-02-04_DAL_GSW,2021-02-04,GSW,GSW_WIGGINS_HUTCHISON_INACTIVE,TRANSACTION_DEPENDENCY,,,EX06;EX07,PREDEADLINE,NOT_CALCULATED,observed date availability and incumbent transactions conditional; no new injury/event selected,12,14400,9,,Eric Paschall;James Wiseman;Kevon Looney,,0022000339
2021-02-04_LAL_DEN,2021-02-04,LAL,LAL_AD_CORE,TRANSACTION_DEPENDENCY,,,EX06;EX07,PREDEADLINE,NOT_CALCULATED,observed date availability and incumbent transactions conditional; no new injury/event selected,13,14400,11,Markieff Morris;Wesley Matthews,,,0022000341
2021-02-04_LAL_DEN,2021-02-04,DEN,DEN_BEY_NNAJI,DIRECT_ROSTER_CONTACT,Saddiq Bey,R.J. Hampton,EX07,PREDEADLINE,NOT_CALCULATED,observed date availability and incumbent transactions conditional; no new injury/event selected,14,14400,14,,,Saddiq Bey,0022000341
2021-02-04_MEM_HOU,2021-02-04,MEM,INCUMBENT_CONDITIONAL,NO_DIRECT_DELTA_IDENTIFIED,,,EX07,PREDEADLINE,NOT_CALCULATED,observed date availability and incumbent transactions conditional; no new injury/event selected,12,14400,10,,Grayson Allen;Jonas Valanciunas,,0022000340
2021-02-04_MEM_HOU,2021-02-04,HOU,INCUMBENT_CONDITIONAL,NO_DIRECT_DELTA_IDENTIFIED,,,EX07,PREDEADLINE,NOT_CALCULATED,observed date availability and incumbent transactions conditional; no new injury/event selected,12,14400,11,,David Nwaba,,0022000340
2021-02-04_PHI_POR,2021-02-04,PHI,INCUMBENT_CONDITIONAL,NO_DIRECT_DELTA_IDENTIFIED,,,EX07,PREDEADLINE,NOT_CALCULATED,observed date availability and incumbent transactions conditional; no new injury/event selected,12,14400,12,,,,0022000337
2021-02-04_PHI_POR,2021-02-04,POR,POR_NO_TRENT,DIRECT_ROSTER_CONTACT,,Gary Trent Jr.;Norman Powell,EX07,PREDEADLINE,NOT_CALCULATED,observed date availability and incumbent transactions conditional; no new injury/event selected,12,14400,9,,CJ McCollum;Jusuf Nurkic;Zach Collins,,0022000337
2021-02-05_BKN_TOR,2021-02-05,BKN,INCUMBENT_CONDITIONAL,NO_DIRECT_DELTA_IDENTIFIED,,,EX07,PREDEADLINE,NOT_CALCULATED,observed date availability and incumbent transactions conditional; no new injury/event selected,13,14401,9,Chris Chiozza;Iman Shumpert;Norvel Pelle;Tyler Johnson,,,0022000345
2021-02-05_BKN_TOR,2021-02-05,TOR,INCUMBENT_CONDITIONAL,NO_DIRECT_DELTA_IDENTIFIED,,,EX07,PREDEADLINE,NOT_CALCULATED,observed date availability and incumbent transactions conditional; no new injury/event selected,12,14401,9,Matt Thomas;Paul Watson;Terence Davis,,,0022000345
2021-02-05_CHA_UTA,2021-02-05,CHA,CHA_EDWARDS_TERRY,DIRECT_ROSTER_CONTACT,Anthony Edwards;Tyrell Terry,LaMelo Ball;Grant Riller,EX07,PREDEADLINE,NOT_CALCULATED,observed date availability and incumbent transactions conditional; no new injury/event selected,12,14400,11,,P.J. Washington,Anthony Edwards;Tyrell Terry,0022000342
2021-02-05_CHA_UTA,2021-02-05,UTA,INCUMBENT_CONDITIONAL,NO_DIRECT_DELTA_IDENTIFIED,,,EX07,PREDEADLINE,NOT_CALCULATED,observed date availability and incumbent transactions conditional; no new injury/event selected,13,14400,10,Jarrell Brantley;Juwan Morgan;Shaquille Harrison,,,0022000342
2021-02-05_CLE_MIL,2021-02-05,CLE,INCUMBENT_CONDITIONAL,NO_DIRECT_DELTA_IDENTIFIED,,,EX07,PREDEADLINE,NOT_CALCULATED,observed date availability and incumbent transactions conditional; no new injury/event selected,12,14401,10,Damyean Dotson;JaVale McGee,,,0022000346
2021-02-05_CLE_MIL,2021-02-05,MIL,INCUMBENT_CONDITIONAL,NO_DIRECT_DELTA_IDENTIFIED,,,EX07,PREDEADLINE,NOT_CALCULATED,observed date availability and incumbent transactions conditional; no new injury/event selected,13,14400,11,D.J. Wilson;Thanasis Antetokounmpo,,,0022000346
2021-02-05_IND_NOP,2021-02-05,IND,INCUMBENT_CONDITIONAL,NO_DIRECT_DELTA_IDENTIFIED,,,EX07,PREDEADLINE,NOT_CALCULATED,observed date availability and incumbent transactions conditional; no new injury/event selected,12,14400,9,Edmond Sumner;JaKarr Sampson;Kelan Martin,,,0022000343
2021-02-05_IND_NOP,2021-02-05,NOP,NOP_HAYES,DIRECT_ROSTER_CONTACT,Killian Hayes,Kira Lewis Jr.,EX07,PREDEADLINE,NOT_CALCULATED,observed date availability and incumbent transactions conditional; no new injury/event selected,14,14401,10,Jaxson Hayes;Kira Lewis Jr.;Nicolo Melli;Wenyen Gabriel,,Killian Hayes,0022000343
2021-02-05_LAC_BOS,2021-02-05,LAC,INCUMBENT_CONDITIONAL,NO_DIRECT_DELTA_IDENTIFIED,,,EX07,PREDEADLINE,NOT_CALCULATED,observed date availability and incumbent transactions conditional; no new injury/event selected,12,14401,9,Mfiondu Kabengele;Patrick Patterson,Patrick Beverley,,0022000350
2021-02-05_LAC_BOS,2021-02-05,BOS,INCUMBENT_CONDITIONAL,NO_DIRECT_DELTA_IDENTIFIED,,,EX07,PREDEADLINE,NOT_CALCULATED,observed date availability and incumbent transactions conditional; no new injury/event selected,14,14400,10,Aaron Nesmith;Javonte Green;Tacko Fall;Tremont Waters,,,0022000350
2021-02-05_MIA_WAS,2021-02-05,MIA,INCUMBENT_CONDITIONAL,NO_DIRECT_DELTA_IDENTIFIED,,,EX07,PREDEADLINE,NOT_CALCULATED,observed date availability and incumbent transactions conditional; no new injury/event selected,15,14400,12,Udonis Haslem,Avery Bradley;Maurice Harkless,,0022000347
2021-02-05_MIA_WAS,2021-02-05,WAS,WAS_TRENT,DIRECT_ROSTER_CONTACT,Gary Trent Jr.,Isaac Bonga;Chandler Hutchison,EX07,PREDEADLINE,NOT_CALCULATED,observed date availability and incumbent transactions conditional; no new injury/event selected,14,14400,13,Anthony Gill,,Gary Trent Jr.,0022000347
2021-02-05_OKC_MIN,2021-02-05,OKC,INCUMBENT_CONDITIONAL,NO_DIRECT_DELTA_IDENTIFIED,,,EX07,PREDEADLINE,NOT_CALCULATED,observed date availability and incumbent transactions conditional; no new injury/event selected,12,14400,8,,George Hill;Luguentz Dort;Shai Gilgeous-Alexander;Theo Maledon,,0022000348
2021-02-05_OKC_MIN,2021-02-05,MIN,MIN_RIVAL,DIRECT_ROSTER_CONTACT,Fictional Rival,Anthony Edwards,EX07,PREDEADLINE,NOT_CALCULATED,observed date availability and incumbent transactions conditional; no new injury/event selected,12,14400,10,Ed Davis;Juancho Hernangomez,,Fictional Rival,0022000348
2021-02-05_PHX_DET,2021-02-05,PHX,INCUMBENT_CONDITIONAL,NO_DIRECT_DELTA_IDENTIFIED,,,EX07,PREDEADLINE,NOT_CALCULATED,observed date availability and incumbent transactions conditional; no new injury/event selected,15,14400,12,,Cameron Payne;Dario Saric;Jae Crowder,,0022000349
2021-02-05_PHX_DET,2021-02-05,DET,DET_PATRICK_KIRA,DIRECT_ROSTER_CONTACT,Patrick Williams;Kira Lewis Jr.,Saddiq Bey;Killian Hayes,EX07,PREDEADLINE,NOT_CALCULATED,observed date availability and incumbent transactions conditional; no new injury/event selected,13,14400,12,Deividas Sirvydis,,Patrick Williams;Kira Lewis Jr.,0022000349
2021-02-06_ATL_TOR,2021-02-06,ATL,INCUMBENT_CONDITIONAL,NO_DIRECT_DELTA_IDENTIFIED,,,EX07,PREDEADLINE,NOT_CALCULATED,observed date availability and incumbent transactions conditional; no new injury/event selected,12,14400,10,Brandon Goodwin;Bruno Fernando,,,0022000356
2021-02-06_ATL_TOR,2021-02-06,TOR,INCUMBENT_CONDITIONAL,NO_DIRECT_DELTA_IDENTIFIED,,,EX07,PREDEADLINE,NOT_CALCULATED,observed date availability and incumbent transactions conditional; no new injury/event selected,12,14400,10,Matt Thomas;Paul Watson,,,0022000356
2021-02-06_CLE_MIL,2021-02-06,CLE,INCUMBENT_CONDITIONAL,NO_DIRECT_DELTA_IDENTIFIED,,,EX07,PREDEADLINE,NOT_CALCULATED,observed date availability and incumbent transactions conditional; no new injury/event selected,13,14401,11,Damyean Dotson;JaVale McGee,,,0022000357
2021-02-06_CLE_MIL,2021-02-06,MIL,INCUMBENT_CONDITIONAL,NO_DIRECT_DELTA_IDENTIFIED,,,EX07,PREDEADLINE,NOT_CALCULATED,observed date availability and incumbent transactions conditional; no new injury/event selected,13,14400,13,,,,0022000357
2021-02-06_HOU_SAS,2021-02-06,HOU,INCUMBENT_CONDITIONAL,NO_DIRECT_DELTA_IDENTIFIED,,,EX07,PREDEADLINE,NOT_CALCULATED,observed date availability and incumbent transactions conditional; no new injury/event selected,12,14400,9,Ben McLemore;Mason Jones;Rodions Kurucs,,,0022000358
2021-02-06_HOU_SAS,2021-02-06,SAS,INCUMBENT_CONDITIONAL,NO_DIRECT_DELTA_IDENTIFIED,,,EX07,PREDEADLINE,NOT_CALCULATED,observed date availability and incumbent transactions conditional; no new injury/event selected,12,14400,9,Keita Bates-Diop;Quinndary Weatherspoon;Trey Lyles,,,0022000358
2021-02-06_LAL_DET,2021-02-06,LAL,LAL_AD_CORE,TRANSACTION_DEPENDENCY,,,EX06;EX07,PREDEADLINE,NOT_CALCULATED,observed date availability and incumbent transactions conditional; no new injury/event selected,13,17400,9,Alfonzo McKinnie;Markieff Morris;Quinn Cook;Wesley Matthews,,,0022000361
2021-02-06_LAL_DET,2021-02-06,DET,DET_PATRICK_KIRA,DIRECT_ROSTER_CONTACT,Patrick Williams;Kira Lewis Jr.,Saddiq Bey;Killian Hayes,EX07,PREDEADLINE,NOT_CALCULATED,observed date availability and incumbent transactions conditional; no new injury/event selected,13,17400,10,Blake Griffin;Deividas Sirvydis;Frank Jackson,,Patrick Williams;Kira Lewis Jr.,0022000361
2021-02-06_NOP_MEM,2021-02-06,NOP,NOP_HAYES,DIRECT_ROSTER_CONTACT,Killian Hayes,Kira Lewis Jr.,EX07,PREDEADLINE,NOT_CALCULATED,observed date availability and incumbent transactions conditional; no new injury/event selected,14,14400,9,Jaxson Hayes;Nickeil Alexander-Walker;Nicolo Melli;Sindarius Thornwell;Wenyen Gabriel,,Killian Hayes,0022000355
2021-02-06_NOP_MEM,2021-02-06,MEM,INCUMBENT_CONDITIONAL,NO_DIRECT_DELTA_IDENTIFIED,,,EX07,PREDEADLINE,NOT_CALCULATED,observed date availability and incumbent transactions conditional; no new injury/event selected,12,14400,10,John Konchar,Brandon Clarke,,0022000355
2021-02-06_NYK_POR,2021-02-06,NYK,INCUMBENT_CONDITIONAL,NO_DIRECT_DELTA_IDENTIFIED,,,EX07,PREDEADLINE,NOT_CALCULATED,observed date availability and incumbent transactions conditional; no new injury/event selected,13,14400,10,Frank Ntilikina;Kevin Knox II;Theo Pinson,,,0022000351
2021-02-06_NYK_POR,2021-02-06,POR,POR_NO_TRENT,DIRECT_ROSTER_CONTACT,,Gary Trent Jr.;Norman Powell,EX07,PREDEADLINE,NOT_CALCULATED,observed date availability and incumbent transactions conditional; no new injury/event selected,14,14400,9,CJ Elleby;Keljin Blevins,CJ McCollum;Jusuf Nurkic;Zach Collins,,0022000351
2021-02-06_OKC_MIN,2021-02-06,OKC,INCUMBENT_CONDITIONAL,NO_DIRECT_DELTA_IDENTIFIED,,,EX07,PREDEADLINE,NOT_CALCULATED,observed date availability and incumbent transactions conditional; no new injury/event selected,12,14400,9,,George Hill;Isaiah Roby,,0022000359
2021-02-06_OKC_MIN,2021-02-06,MIN,MIN_RIVAL,DIRECT_ROSTER_CONTACT,Fictional Rival,Anthony Edwards,EX07,PREDEADLINE,NOT_CALCULATED,observed date availability and incumbent transactions conditional; no new injury/event selected,12,14400,11,Juancho Hernangomez,,Fictional Rival,0022000359
2021-02-06_PHI_BKN,2021-02-06,PHI,INCUMBENT_CONDITIONAL,NO_DIRECT_DELTA_IDENTIFIED,,,EX07,PREDEADLINE,NOT_CALCULATED,observed date availability and incumbent transactions conditional; no new injury/event selected,13,14400,11,Tony Bradley;Vincent Poirier,,,0022000354
2021-02-06_PHI_BKN,2021-02-06,BKN,INCUMBENT_CONDITIONAL,NO_DIRECT_DELTA_IDENTIFIED,,,EX07,PREDEADLINE,NOT_CALCULATED,observed date availability and incumbent transactions conditional; no new injury/event selected,12,14400,10,Iman Shumpert,Nic Claxton,,0022000354
2021-02-06_SAC_DEN,2021-02-06,SAC,INCUMBENT_CONDITIONAL,NO_DIRECT_DELTA_IDENTIFIED,,,EX07,PREDEADLINE,NOT_CALCULATED,observed date availability and incumbent transactions conditional; no new injury/event selected,13,14402,9,Jabari Parker;Justin James;Kyle Guy;Nemanja Bjelica,,,0022000352
2021-02-06_SAC_DEN,2021-02-06,DEN,DEN_BEY_NNAJI,DIRECT_ROSTER_CONTACT,Saddiq Bey,R.J. Hampton,EX07,PREDEADLINE,NOT_CALCULATED,observed date availability and incumbent transactions conditional; no new injury/event selected,12,14401,9,Bol Bol;Isaiah Hartenstein;Zeke Nnaji,,Saddiq Bey,0022000352
2021-02-07_CHA_WAS,2021-02-07,CHA,CHA_EDWARDS_TERRY,DIRECT_ROSTER_CONTACT,Anthony Edwards;Tyrell Terry,LaMelo Ball;Grant Riller,EX07,PREDEADLINE,NOT_CALCULATED,observed date availability and incumbent transactions conditional; no new injury/event selected,12,14400,11,,Devonte' Graham,Anthony Edwards;Tyrell Terry,0022000215
2021-02-07_CHA_WAS,2021-02-07,WAS,WAS_TRENT,DIRECT_ROSTER_CONTACT,Gary Trent Jr.,Isaac Bonga;Chandler Hutchison,EX07,PREDEADLINE,NOT_CALCULATED,observed date availability and incumbent transactions conditional; no new injury/event selected,15,14400,14,Jerome Robinson,,Gary Trent Jr.,0022000215
2021-02-07_IND_UTA,2021-02-07,IND,INCUMBENT_CONDITIONAL,NO_DIRECT_DELTA_IDENTIFIED,,,EX07,PREDEADLINE,NOT_CALCULATED,observed date availability and incumbent transactions conditional; no new injury/event selected,12,14401,9,Edmond Sumner;JaKarr Sampson;Kelan Martin,,,0022000363
2021-02-07_IND_UTA,2021-02-07,UTA,INCUMBENT_CONDITIONAL,NO_DIRECT_DELTA_IDENTIFIED,,,EX07,PREDEADLINE,NOT_CALCULATED,observed date availability and incumbent transactions conditional; no new injury/event selected,13,14400,9,Jarrell Brantley;Shaquille Harrison;Trent Forrest,Juwan Morgan,,0022000363
2021-02-07_LAC_SAC,2021-02-07,LAC,INCUMBENT_CONDITIONAL,NO_DIRECT_DELTA_IDENTIFIED,,,EX07,PREDEADLINE,NOT_CALCULATED,observed date availability and incumbent transactions conditional; no new injury/event selected,12,14401,9,Mfiondu Kabengele;Patrick Patterson,Patrick Beverley,,0022000366
2021-02-07_LAC_SAC,2021-02-07,SAC,INCUMBENT_CONDITIONAL,NO_DIRECT_DELTA_IDENTIFIED,,,EX07,PREDEADLINE,NOT_CALCULATED,observed date availability and incumbent transactions conditional; no new injury/event selected,14,14399,11,Jabari Parker;Justin James;Nemanja Bjelica,,,0022000366
2021-02-07_NYK_MIA,2021-02-07,NYK,INCUMBENT_CONDITIONAL,NO_DIRECT_DELTA_IDENTIFIED,,,EX07,PREDEADLINE,NOT_CALCULATED,observed date availability and incumbent transactions conditional; no new injury/event selected,13,14400,10,Frank Ntilikina;Kevin Knox II;Theo Pinson,,,0022000364
2021-02-07_NYK_MIA,2021-02-07,MIA,INCUMBENT_CONDITIONAL,NO_DIRECT_DELTA_IDENTIFIED,,,EX07,PREDEADLINE,NOT_CALCULATED,observed date availability and incumbent transactions conditional; no new injury/event selected,15,14401,9,KZ Okpala;Max Strus;Udonis Haslem,Avery Bradley;Goran Dragic;Maurice Harkless,,0022000364
2021-02-07_PHX_BOS,2021-02-07,PHX,INCUMBENT_CONDITIONAL,NO_DIRECT_DELTA_IDENTIFIED,,,EX07,PREDEADLINE,NOT_CALCULATED,observed date availability and incumbent transactions conditional; no new injury/event selected,15,14401,10,Jalen Smith,Abdel Nader;Cameron Payne;Dario Saric;Jae Crowder,,0022000365
2021-02-07_PHX_BOS,2021-02-07,BOS,INCUMBENT_CONDITIONAL,NO_DIRECT_DELTA_IDENTIFIED,,,EX07,PREDEADLINE,NOT_CALCULATED,observed date availability and incumbent transactions conditional; no new injury/event selected,14,14400,11,Aaron Nesmith;Tacko Fall;Tremont Waters,,,0022000365
2021-02-08_CHA_HOU,2021-02-08,CHA,CHA_EDWARDS_TERRY,DIRECT_ROSTER_CONTACT,Anthony Edwards;Tyrell Terry,LaMelo Ball;Grant Riller,EX07,PREDEADLINE,NOT_CALCULATED,observed date availability and incumbent transactions conditional; no new injury/event selected,12,14401,11,,Devonte' Graham,Anthony Edwards;Tyrell Terry,0022000367
2021-02-08_CHA_HOU,2021-02-08,HOU,INCUMBENT_CONDITIONAL,NO_DIRECT_DELTA_IDENTIFIED,,,EX07,PREDEADLINE,NOT_CALCULATED,observed date availability and incumbent transactions conditional; no new injury/event selected,12,14401,10,,John Wall,,0022000367
2021-02-08_DAL_MIN,2021-02-08,DAL,DAL_HAMPTON,DIRECT_ROSTER_CONTACT,R.J. Hampton,Tyrell Terry,EX07,PREDEADLINE,NOT_CALCULATED,observed date availability and incumbent transactions conditional; no new injury/event selected,14,14400,10,Boban Marjanovic;James Johnson;Josh Green;Willie Cauley-Stein,,R.J. Hampton,0022000370
2021-02-08_DAL_MIN,2021-02-08,MIN,MIN_RIVAL,DIRECT_ROSTER_CONTACT,Fictional Rival,Anthony Edwards,EX07,PREDEADLINE,NOT_CALCULATED,observed date availability and incumbent transactions conditional; no new injury/event selected,12,14400,12,,,Fictional Rival,0022000370
2021-02-08_DEN_MIL,2021-02-08,DEN,DEN_BEY_NNAJI,DIRECT_ROSTER_CONTACT,Saddiq Bey,R.J. Hampton,EX07,PREDEADLINE,NOT_CALCULATED,observed date availability and incumbent transactions conditional; no new injury/event selected,14,14400,9,Bol Bol;Facundo Campazzo;Isaiah Hartenstein;Markus Howard;Zeke Nnaji,,Saddiq Bey,0022000373
2021-02-08_DEN_MIL,2021-02-08,MIL,INCUMBENT_CONDITIONAL,NO_DIRECT_DELTA_IDENTIFIED,,,EX07,PREDEADLINE,NOT_CALCULATED,observed date availability and incumbent transactions conditional; no new injury/event selected,12,14400,10,D.J. Wilson;Thanasis Antetokounmpo,,,0022000373
2021-02-08_LAL_OKC,2021-02-08,LAL,LAL_AD_CORE,TRANSACTION_DEPENDENCY,,,EX06;EX07,PREDEADLINE,NOT_CALCULATED,observed date availability and incumbent transactions conditional; no new injury/event selected,12,15901,9,Alfonzo McKinnie;Devontae Cacok;Quinn Cook,,,0022000374
2021-02-08_LAL_OKC,2021-02-08,OKC,INCUMBENT_CONDITIONAL,NO_DIRECT_DELTA_IDENTIFIED,,,EX07,PREDEADLINE,NOT_CALCULATED,observed date availability and incumbent transactions conditional; no new injury/event selected,12,15900,8,,George Hill;Isaiah Roby;Mike Muscala;Theo Maledon,,0022000374
2021-02-08_MEM_TOR,2021-02-08,MEM,INCUMBENT_CONDITIONAL,NO_DIRECT_DELTA_IDENTIFIED,,,EX07,PREDEADLINE,NOT_CALCULATED,observed date availability and incumbent transactions conditional; no new injury/event selected,12,14400,10,,Brandon Clarke;De'Anthony Melton,,0022000369
2021-02-08_MEM_TOR,2021-02-08,TOR,INCUMBENT_CONDITIONAL,NO_DIRECT_DELTA_IDENTIFIED,,,EX07,PREDEADLINE,NOT_CALCULATED,observed date availability and incumbent transactions conditional; no new injury/event selected,12,14400,11,Matt Thomas,,,0022000369
2021-02-08_PHX_CLE,2021-02-08,PHX,INCUMBENT_CONDITIONAL,NO_DIRECT_DELTA_IDENTIFIED,,,EX07,PREDEADLINE,NOT_CALCULATED,observed date availability and incumbent transactions conditional; no new injury/event selected,15,14401,9,Jalen Smith,Abdel Nader;Cameron Payne;Chris Paul;Dario Saric;Jae Crowder,,0022000372
2021-02-08_PHX_CLE,2021-02-08,CLE,INCUMBENT_CONDITIONAL,NO_DIRECT_DELTA_IDENTIFIED,,,EX07,PREDEADLINE,NOT_CALCULATED,observed date availability and incumbent transactions conditional; no new injury/event selected,12,14401,10,Dean Wade;Lamar Stevens,,,0022000372
2021-02-08_SAS_GSW,2021-02-08,SAS,INCUMBENT_CONDITIONAL,NO_DIRECT_DELTA_IDENTIFIED,,,EX07,PREDEADLINE,NOT_CALCULATED,observed date availability and incumbent transactions conditional; no new injury/event selected,12,14400,9,Keita Bates-Diop;Quinndary Weatherspoon;Trey Lyles,,,0022000371
2021-02-08_SAS_GSW,2021-02-08,GSW,GSW_WIGGINS_HUTCHISON_INACTIVE,TRANSACTION_DEPENDENCY,,,EX06;EX07,PREDEADLINE,NOT_CALCULATED,observed date availability and incumbent transactions conditional; no new injury/event selected,12,14400,10,,James Wiseman;Kevon Looney,,0022000371
2021-02-09_DET_BKN,2021-02-09,DET,DET_PATRICK_KIRA,DIRECT_ROSTER_CONTACT,Patrick Williams;Kira Lewis Jr.,Saddiq Bey;Killian Hayes,EX07,PREDEADLINE,NOT_CALCULATED,observed date availability and incumbent transactions conditional; no new injury/event selected,13,14400,11,Deividas Sirvydis;Svi Mykhailiuk,,Patrick Williams;Kira Lewis Jr.,0022000375
2021-02-09_DET_BKN,2021-02-09,BKN,INCUMBENT_CONDITIONAL,NO_DIRECT_DELTA_IDENTIFIED,,,EX07,PREDEADLINE,NOT_CALCULATED,observed date availability and incumbent transactions conditional; no new injury/event selected,12,14400,12,,,,0022000375
2021-02-09_MIA_NYK,2021-02-09,MIA,INCUMBENT_CONDITIONAL,NO_DIRECT_DELTA_IDENTIFIED,,,EX07,PREDEADLINE,NOT_CALCULATED,observed date availability and incumbent transactions conditional; no new injury/event selected,15,14400,9,KZ Okpala;Max Strus;Udonis Haslem,Avery Bradley;Goran Dragic;Maurice Harkless,,0022000376
2021-02-09_MIA_NYK,2021-02-09,NYK,INCUMBENT_CONDITIONAL,NO_DIRECT_DELTA_IDENTIFIED,,,EX07,PREDEADLINE,NOT_CALCULATED,observed date availability and incumbent transactions conditional; no new injury/event selected,14,14400,10,Austin Rivers;Kevin Knox II;Taj Gibson;Theo Pinson,,,0022000376
2021-02-09_NOP_HOU,2021-02-09,NOP,NOP_HAYES,DIRECT_ROSTER_CONTACT,Killian Hayes,Kira Lewis Jr.,EX07,PREDEADLINE,NOT_CALCULATED,observed date availability and incumbent transactions conditional; no new injury/event selected,14,14400,13,Nicolo Melli,,Killian Hayes,0022000377
2021-02-09_NOP_HOU,2021-02-09,HOU,INCUMBENT_CONDITIONAL,NO_DIRECT_DELTA_IDENTIFIED,,,EX07,PREDEADLINE,NOT_CALCULATED,observed date availability and incumbent transactions conditional; no new injury/event selected,12,14400,11,,Victor Oladipo,,0022000377
2021-02-09_POR_ORL,2021-02-09,POR,POR_NO_TRENT,DIRECT_ROSTER_CONTACT,,Gary Trent Jr.;Norman Powell,EX07,PREDEADLINE,NOT_CALCULATED,observed date availability and incumbent transactions conditional; no new injury/event selected,13,14400,10,,CJ McCollum;Jusuf Nurkic;Zach Collins,,0022000380
2021-02-09_POR_ORL,2021-02-09,ORL,INCUMBENT_CONDITIONAL,NO_DIRECT_DELTA_IDENTIFIED,,,EX07,PREDEADLINE,NOT_CALCULATED,observed date availability and incumbent transactions conditional; no new injury/event selected,12,14400,10,Mo Bamba,Michael Carter-Williams,,0022000380
2021-02-09_SAC_PHI,2021-02-09,SAC,INCUMBENT_CONDITIONAL,NO_DIRECT_DELTA_IDENTIFIED,,,EX07,PREDEADLINE,NOT_CALCULATED,observed date availability and incumbent transactions conditional; no new injury/event selected,14,14400,10,Chimezie Metu;Jabari Parker;Justin James;Nemanja Bjelica,,,0022000381
2021-02-09_SAC_PHI,2021-02-09,PHI,INCUMBENT_CONDITIONAL,NO_DIRECT_DELTA_IDENTIFIED,,,EX07,PREDEADLINE,NOT_CALCULATED,observed date availability and incumbent transactions conditional; no new injury/event selected,14,14401,9,Isaiah Joe;Terrance Ferguson;Tony Bradley;Tyrese Maxey;Vincent Poirier,,,0022000381
2021-02-09_SAS_GSW,2021-02-09,SAS,INCUMBENT_CONDITIONAL,NO_DIRECT_DELTA_IDENTIFIED,,,EX07,PREDEADLINE,NOT_CALCULATED,observed date availability and incumbent transactions conditional; no new injury/event selected,12,14400,12,,,,0022000378
2021-02-09_SAS_GSW,2021-02-09,GSW,GSW_WIGGINS_HUTCHISON_INACTIVE,TRANSACTION_DEPENDENCY,,,EX06;EX07,PREDEADLINE,NOT_CALCULATED,observed date availability and incumbent transactions conditional; no new injury/event selected,12,14400,10,,James Wiseman;Kevon Looney,,0022000378
2021-02-09_UTA_BOS,2021-02-09,UTA,INCUMBENT_CONDITIONAL,NO_DIRECT_DELTA_IDENTIFIED,,,EX07,PREDEADLINE,NOT_CALCULATED,observed date availability and incumbent transactions conditional; no new injury/event selected,12,14400,9,Juwan Morgan;Shaquille Harrison;Trent Forrest,,,0022000379
2021-02-09_UTA_BOS,2021-02-09,BOS,INCUMBENT_CONDITIONAL,NO_DIRECT_DELTA_IDENTIFIED,,,EX07,PREDEADLINE,NOT_CALCULATED,observed date availability and incumbent transactions conditional; no new injury/event selected,15,14400,10,Aaron Nesmith;Carsen Edwards;Javonte Green;Tacko Fall;Tremont Waters,,,0022000379
2021-02-10_BKN_IND,2021-02-10,BKN,INCUMBENT_CONDITIONAL,NO_DIRECT_DELTA_IDENTIFIED,,,EX07,PREDEADLINE,NOT_CALCULATED,observed date availability and incumbent transactions conditional; no new injury/event selected,12,14401,12,,,,0022000383
2021-02-10_BKN_IND,2021-02-10,IND,INCUMBENT_CONDITIONAL,NO_DIRECT_DELTA_IDENTIFIED,,,EX07,PREDEADLINE,NOT_CALCULATED,observed date availability and incumbent transactions conditional; no new injury/event selected,12,14400,12,,,,0022000383
2021-02-10_DEN_CLE,2021-02-10,DEN,DEN_BEY_NNAJI,DIRECT_ROSTER_CONTACT,Saddiq Bey,R.J. Hampton,EX07,PREDEADLINE,NOT_CALCULATED,observed date availability and incumbent transactions conditional; no new injury/event selected,14,14401,13,Vlatko Cancar,,Saddiq Bey,0022000388
2021-02-10_DEN_CLE,2021-02-10,CLE,INCUMBENT_CONDITIONAL,NO_DIRECT_DELTA_IDENTIFIED,,,EX07,PREDEADLINE,NOT_CALCULATED,observed date availability and incumbent transactions conditional; no new injury/event selected,12,14400,12,,,,0022000388
2021-02-10_MEM_CHA,2021-02-10,MEM,INCUMBENT_CONDITIONAL,NO_DIRECT_DELTA_IDENTIFIED,,,EX07,PREDEADLINE,NOT_CALCULATED,observed date availability and incumbent transactions conditional; no new injury/event selected,12,14401,10,,Brandon Clarke;De'Anthony Melton,,0022000386
2021-02-10_MEM_CHA,2021-02-10,CHA,CHA_EDWARDS_TERRY,DIRECT_ROSTER_CONTACT,Anthony Edwards;Tyrell Terry,LaMelo Ball;Grant Riller,EX07,PREDEADLINE,NOT_CALCULATED,observed date availability and incumbent transactions conditional; no new injury/event selected,12,14402,10,Nick Richards,Devonte' Graham,Anthony Edwards;Tyrell Terry,0022000386
2021-02-10_MIN_LAC,2021-02-10,MIN,MIN_RIVAL,DIRECT_ROSTER_CONTACT,Fictional Rival,Anthony Edwards,EX07,PREDEADLINE,NOT_CALCULATED,observed date availability and incumbent transactions conditional; no new injury/event selected,13,14400,10,Ed Davis;Jake Layman;Juancho Hernangomez,,Fictional Rival,0022000387
2021-02-10_MIN_LAC,2021-02-10,LAC,INCUMBENT_CONDITIONAL,NO_DIRECT_DELTA_IDENTIFIED,,,EX07,PREDEADLINE,NOT_CALCULATED,observed date availability and incumbent transactions conditional; no new injury/event selected,12,14400,10,Mfiondu Kabengele;Patrick Patterson,,,0022000387
2021-02-10_PHX_MIL,2021-02-10,PHX,INCUMBENT_CONDITIONAL,NO_DIRECT_DELTA_IDENTIFIED,,,EX07,PREDEADLINE,NOT_CALCULATED,observed date availability and incumbent transactions conditional; no new injury/event selected,15,14400,9,Damian Jones;Jalen Smith;Jevon Carter,Abdel Nader;Cameron Payne;Dario Saric,,0022000389
2021-02-10_PHX_MIL,2021-02-10,MIL,INCUMBENT_CONDITIONAL,NO_DIRECT_DELTA_IDENTIFIED,,,EX07,PREDEADLINE,NOT_CALCULATED,observed date availability and incumbent transactions conditional; no new injury/event selected,12,14403,9,D.J. Wilson;Jaylen Adams;Thanasis Antetokounmpo,,,0022000389
2021-02-10_WAS_TOR,2021-02-10,WAS,WAS_TRENT,DIRECT_ROSTER_CONTACT,Gary Trent Jr.,Isaac Bonga;Chandler Hutchison,EX07,PREDEADLINE,NOT_CALCULATED,observed date availability and incumbent transactions conditional; no new injury/event selected,15,14400,13,Isaac Bonga;Moritz Wagner,,Gary Trent Jr.,0022000382
2021-02-10_WAS_TOR,2021-02-10,TOR,INCUMBENT_CONDITIONAL,NO_DIRECT_DELTA_IDENTIFIED,,,EX07,PREDEADLINE,NOT_CALCULATED,observed date availability and incumbent transactions conditional; no new injury/event selected,12,14400,11,,Patrick McCaw,,0022000382
2021-02-11_BOS_TOR,2021-02-11,BOS,INCUMBENT_CONDITIONAL,NO_DIRECT_DELTA_IDENTIFIED,,,EX07,PREDEADLINE,NOT_CALCULATED,observed date availability and incumbent transactions conditional; no new injury/event selected,14,14401,13,Jeff Teague,,,0022000398
2021-02-11_BOS_TOR,2021-02-11,TOR,INCUMBENT_CONDITIONAL,NO_DIRECT_DELTA_IDENTIFIED,,,EX07,PREDEADLINE,NOT_CALCULATED,observed date availability and incumbent transactions conditional; no new injury/event selected,12,14400,11,,Patrick McCaw,,0022000398
2021-02-11_DET_IND,2021-02-11,DET,DET_PATRICK_KIRA,DIRECT_ROSTER_CONTACT,Patrick Williams;Kira Lewis Jr.,Saddiq Bey;Killian Hayes,EX07,PREDEADLINE,NOT_CALCULATED,observed date availability and incumbent transactions conditional; no new injury/event selected,12,14400,11,Rodney McGruder,,Patrick Williams;Kira Lewis Jr.,0022000391
2021-02-11_DET_IND,2021-02-11,IND,INCUMBENT_CONDITIONAL,NO_DIRECT_DELTA_IDENTIFIED,,,EX07,PREDEADLINE,NOT_CALCULATED,observed date availability and incumbent transactions conditional; no new injury/event selected,12,14400,10,JaKarr Sampson;Kelan Martin,,,0022000391
2021-02-11_GSW_ORL,2021-02-11,GSW,GSW_WIGGINS_HUTCHISON_INACTIVE,TRANSACTION_DEPENDENCY,,,EX06;EX07,PREDEADLINE,NOT_CALCULATED,observed date availability and incumbent transactions conditional; no new injury/event selected,12,14400,10,,James Wiseman;Kevon Looney,,0022000393
2021-02-11_GSW_ORL,2021-02-11,ORL,INCUMBENT_CONDITIONAL,NO_DIRECT_DELTA_IDENTIFIED,,,EX07,PREDEADLINE,NOT_CALCULATED,observed date availability and incumbent transactions conditional; no new injury/event selected,13,14400,9,,Al-Farouq Aminu;Cole Anthony;Evan Fournier;Michael Carter-Williams,,0022000393
2021-02-11_HOU_MIA,2021-02-11,HOU,INCUMBENT_CONDITIONAL,NO_DIRECT_DELTA_IDENTIFIED,,,EX07,PREDEADLINE,NOT_CALCULATED,observed date availability and incumbent transactions conditional; no new injury/event selected,12,14400,10,Mason Jones;Rodions Kurucs,,,0022000392
2021-02-11_HOU_MIA,2021-02-11,MIA,INCUMBENT_CONDITIONAL,NO_DIRECT_DELTA_IDENTIFIED,,,EX07,PREDEADLINE,NOT_CALCULATED,observed date availability and incumbent transactions conditional; no new injury/event selected,15,14400,9,KZ Okpala;Maurice Harkless;Udonis Haslem,Tyler Herro,,0022000392
2021-02-11_POR_PHI,2021-02-11,POR,POR_NO_TRENT,DIRECT_ROSTER_CONTACT,,Gary Trent Jr.;Norman Powell,EX07,PREDEADLINE,NOT_CALCULATED,observed date availability and incumbent transactions conditional; no new injury/event selected,13,14400,9,Nassir Little,CJ McCollum;Jusuf Nurkic;Zach Collins,,0022000394
2021-02-11_POR_PHI,2021-02-11,PHI,INCUMBENT_CONDITIONAL,NO_DIRECT_DELTA_IDENTIFIED,,,EX07,PREDEADLINE,NOT_CALCULATED,observed date availability and incumbent transactions conditional; no new injury/event selected,13,14400,9,Isaiah Joe;Terrance Ferguson;Tony Bradley;Vincent Poirier,,,0022000394
2021-02-12_ATL_SAS,2021-02-12,ATL,INCUMBENT_CONDITIONAL,NO_DIRECT_DELTA_IDENTIFIED,,,EX07,PREDEADLINE,NOT_CALCULATED,observed date availability and incumbent transactions conditional; no new injury/event selected,13,14400,13,,,,0022000397
2021-02-12_ATL_SAS,2021-02-12,SAS,INCUMBENT_CONDITIONAL,NO_DIRECT_DELTA_IDENTIFIED,,,EX07,PREDEADLINE,NOT_CALCULATED,observed date availability and incumbent transactions conditional; no new injury/event selected,13,14400,13,,,,0022000397
2021-02-12_BOS_DET,2021-02-12,BOS,INCUMBENT_CONDITIONAL,NO_DIRECT_DELTA_IDENTIFIED,,,EX07,PREDEADLINE,NOT_CALCULATED,observed date availability and incumbent transactions conditional; no new injury/event selected,13,14400,10,Aaron Nesmith;Tacko Fall;Tremont Waters,,,0022000412
2021-02-12_BOS_DET,2021-02-12,DET,DET_PATRICK_KIRA,DIRECT_ROSTER_CONTACT,Patrick Williams;Kira Lewis Jr.,Saddiq Bey;Killian Hayes,EX07,PREDEADLINE,NOT_CALCULATED,observed date availability and incumbent transactions conditional; no new injury/event selected,12,14401,9,Deividas Sirvydis;Rodney McGruder,,Patrick Williams;Kira Lewis Jr.,0022000412
2021-02-12_CHA_MIN,2021-02-12,CHA,CHA_EDWARDS_TERRY,DIRECT_ROSTER_CONTACT,Anthony Edwards;Tyrell Terry,LaMelo Ball;Grant Riller,EX07,PREDEADLINE,NOT_CALCULATED,observed date availability and incumbent transactions conditional; no new injury/event selected,12,14400,8,Nick Richards,Caleb Martin;Cody Martin;P.J. Washington,Anthony Edwards;Tyrell Terry,0022000395
2021-02-12_CHA_MIN,2021-02-12,MIN,MIN_RIVAL,DIRECT_ROSTER_CONTACT,Fictional Rival,Anthony Edwards,EX07,PREDEADLINE,NOT_CALCULATED,observed date availability and incumbent transactions conditional; no new injury/event selected,13,14400,10,Ed Davis;Jake Layman;Juancho Hernangomez,,Fictional Rival,0022000395
2021-02-12_DAL_NOP,2021-02-12,DAL,DAL_HAMPTON,DIRECT_ROSTER_CONTACT,R.J. Hampton,Tyrell Terry,EX07,PREDEADLINE,NOT_CALCULATED,observed date availability and incumbent transactions conditional; no new injury/event selected,14,14400,10,Boban Marjanovic;James Johnson;Josh Green;Wes Iwundu,,R.J. Hampton,0022000399
2021-02-12_DAL_NOP,2021-02-12,NOP,NOP_HAYES,DIRECT_ROSTER_CONTACT,Killian Hayes,Kira Lewis Jr.,EX07,PREDEADLINE,NOT_CALCULATED,observed date availability and incumbent transactions conditional; no new injury/event selected,14,14400,9,Jaxson Hayes;Nickeil Alexander-Walker;Nicolo Melli;Sindarius Thornwell;Wenyen Gabriel,,Killian Hayes,0022000399
2021-02-12_DEN_OKC,2021-02-12,DEN,DEN_BEY_NNAJI,DIRECT_ROSTER_CONTACT,Saddiq Bey,R.J. Hampton,EX07,PREDEADLINE,NOT_CALCULATED,observed date availability and incumbent transactions conditional; no new injury/event selected,14,14402,10,Bol Bol;Isaiah Hartenstein;Markus Howard;Vlatko Cancar,,Saddiq Bey,0022000401
2021-02-12_DEN_OKC,2021-02-12,OKC,INCUMBENT_CONDITIONAL,NO_DIRECT_DELTA_IDENTIFIED,,,EX07,PREDEADLINE,NOT_CALCULATED,observed date availability and incumbent transactions conditional; no new injury/event selected,12,14400,9,,George Hill;Shai Gilgeous-Alexander;Theo Maledon,,0022000401
2021-02-12_LAL_MEM,2021-02-12,LAL,LAL_AD_CORE,TRANSACTION_DEPENDENCY,,,EX06;EX07,PREDEADLINE,NOT_CALCULATED,observed date availability and incumbent transactions conditional; no new injury/event selected,14,14400,12,Jared Dudley;Markieff Morris,,,0022000403
2021-02-12_LAL_MEM,2021-02-12,MEM,INCUMBENT_CONDITIONAL,NO_DIRECT_DELTA_IDENTIFIED,,,EX07,PREDEADLINE,NOT_CALCULATED,observed date availability and incumbent transactions conditional; no new injury/event selected,12,14400,9,,Brandon Clarke;De'Anthony Melton,,0022000403
2021-02-12_POR_CLE,2021-02-12,POR,POR_NO_TRENT,DIRECT_ROSTER_CONTACT,,Gary Trent Jr.;Norman Powell,EX07,PREDEADLINE,NOT_CALCULATED,observed date availability and incumbent transactions conditional; no new injury/event selected,14,14400,11,,CJ McCollum;Jusuf Nurkic;Zach Collins,,0022000404
2021-02-12_POR_CLE,2021-02-12,CLE,INCUMBENT_CONDITIONAL,NO_DIRECT_DELTA_IDENTIFIED,,,EX07,PREDEADLINE,NOT_CALCULATED,observed date availability and incumbent transactions conditional; no new injury/event selected,12,14400,11,JaVale McGee,,,0022000404
2021-02-12_SAC_ORL,2021-02-12,SAC,INCUMBENT_CONDITIONAL,NO_DIRECT_DELTA_IDENTIFIED,,,EX07,PREDEADLINE,NOT_CALCULATED,observed date availability and incumbent transactions conditional; no new injury/event selected,15,14400,11,Chimezie Metu;Jabari Parker,De'Aaron Fox;Marvin Bagley III,,0022000405
2021-02-12_SAC_ORL,2021-02-12,ORL,INCUMBENT_CONDITIONAL,NO_DIRECT_DELTA_IDENTIFIED,,,EX07,PREDEADLINE,NOT_CALCULATED,observed date availability and incumbent transactions conditional; no new injury/event selected,12,14400,9,,Al-Farouq Aminu;Cole Anthony;Evan Fournier,,0022000405
2021-02-12_UTA_MIL,2021-02-12,UTA,INCUMBENT_CONDITIONAL,NO_DIRECT_DELTA_IDENTIFIED,,,EX07,PREDEADLINE,NOT_CALCULATED,observed date availability and incumbent transactions conditional; no new injury/event selected,13,14400,9,Jarrell Brantley;Juwan Morgan;Shaquille Harrison;Trent Forrest,,,0022000402
2021-02-12_UTA_MIL,2021-02-12,MIL,INCUMBENT_CONDITIONAL,NO_DIRECT_DELTA_IDENTIFIED,,,EX07,PREDEADLINE,NOT_CALCULATED,observed date availability and incumbent transactions conditional; no new injury/event selected,12,14400,11,D.J. Wilson,,,0022000402
2021-02-12_WAS_NYK,2021-02-12,WAS,WAS_TRENT,DIRECT_ROSTER_CONTACT,Gary Trent Jr.,Isaac Bonga;Chandler Hutchison,EX07,PREDEADLINE,NOT_CALCULATED,observed date availability and incumbent transactions conditional; no new injury/event selected,14,14401,11,Anthony Gill;Isaac Bonga;Jerome Robinson,,Gary Trent Jr.,0022000396
2021-02-12_WAS_NYK,2021-02-12,NYK,INCUMBENT_CONDITIONAL,NO_DIRECT_DELTA_IDENTIFIED,,,EX07,PREDEADLINE,NOT_CALCULATED,observed date availability and incumbent transactions conditional; no new injury/event selected,14,14400,14,,,,0022000396
2021-02-13_ATL_IND,2021-02-13,ATL,INCUMBENT_CONDITIONAL,NO_DIRECT_DELTA_IDENTIFIED,,,EX07,PREDEADLINE,NOT_CALCULATED,observed date availability and incumbent transactions conditional; no new injury/event selected,12,14400,10,Nathan Knight;Onyeka Okongwu,,,0022000407
2021-02-13_ATL_IND,2021-02-13,IND,INCUMBENT_CONDITIONAL,NO_DIRECT_DELTA_IDENTIFIED,,,EX07,PREDEADLINE,NOT_CALCULATED,observed date availability and incumbent transactions conditional; no new injury/event selected,12,14400,10,Edmond Sumner;Goga Bitadze,,,0022000407
2021-02-13_GSW_BKN,2021-02-13,GSW,GSW_WIGGINS_HUTCHISON_INACTIVE,TRANSACTION_DEPENDENCY,,,EX06;EX07,PREDEADLINE,NOT_CALCULATED,observed date availability and incumbent transactions conditional; no new injury/event selected,12,14400,10,,James Wiseman;Kevon Looney,,0022000409
2021-02-13_GSW_BKN,2021-02-13,BKN,INCUMBENT_CONDITIONAL,NO_DIRECT_DELTA_IDENTIFIED,,,EX07,PREDEADLINE,NOT_CALCULATED,observed date availability and incumbent transactions conditional; no new injury/event selected,12,14400,10,Norvel Pelle,Nic Claxton,,0022000409
2021-02-13_NYK_HOU,2021-02-13,NYK,INCUMBENT_CONDITIONAL,NO_DIRECT_DELTA_IDENTIFIED,,,EX07,PREDEADLINE,NOT_CALCULATED,observed date availability and incumbent transactions conditional; no new injury/event selected,13,14400,13,,,,0022000408
2021-02-13_NYK_HOU,2021-02-13,HOU,INCUMBENT_CONDITIONAL,NO_DIRECT_DELTA_IDENTIFIED,,,EX07,PREDEADLINE,NOT_CALCULATED,observed date availability and incumbent transactions conditional; no new injury/event selected,12,14400,12,,,,0022000408
2021-02-13_PHX_PHI,2021-02-13,PHX,INCUMBENT_CONDITIONAL,NO_DIRECT_DELTA_IDENTIFIED,,,EX07,PREDEADLINE,NOT_CALCULATED,observed date availability and incumbent transactions conditional; no new injury/event selected,15,14400,14,Langston Galloway,,,0022000406
2021-02-13_PHX_PHI,2021-02-13,PHI,INCUMBENT_CONDITIONAL,NO_DIRECT_DELTA_IDENTIFIED,,,EX07,PREDEADLINE,NOT_CALCULATED,observed date availability and incumbent transactions conditional; no new injury/event selected,14,14400,13,Vincent Poirier,,,0022000406
2021-02-13_UTA_MIA,2021-02-13,UTA,INCUMBENT_CONDITIONAL,NO_DIRECT_DELTA_IDENTIFIED,,,EX07,PREDEADLINE,NOT_CALCULATED,observed date availability and incumbent transactions conditional; no new injury/event selected,13,14400,13,,,,0022000410
2021-02-13_UTA_MIA,2021-02-13,MIA,INCUMBENT_CONDITIONAL,NO_DIRECT_DELTA_IDENTIFIED,,,EX07,PREDEADLINE,NOT_CALCULATED,observed date availability and incumbent transactions conditional; no new injury/event selected,15,14400,11,Maurice Harkless;Udonis Haslem,,,0022000410
2021-02-14_CHA_SAS,2021-02-14,CHA,CHA_EDWARDS_TERRY,DIRECT_ROSTER_CONTACT,Anthony Edwards;Tyrell Terry,LaMelo Ball;Grant Riller,EX07,PREDEADLINE,NOT_CALCULATED,observed date availability and incumbent transactions conditional; no new injury/event selected,13,14400,8,Nick Richards,Caleb Martin;Cody Martin;Gordon Hayward;P.J. Washington,Anthony Edwards;Tyrell Terry,0022000414
2021-02-14_CHA_SAS,2021-02-14,SAS,INCUMBENT_CONDITIONAL,NO_DIRECT_DELTA_IDENTIFIED,,,EX07,PREDEADLINE,NOT_CALCULATED,observed date availability and incumbent transactions conditional; no new injury/event selected,12,14401,10,Keita Bates-Diop;Trey Lyles,,,0022000414
2021-02-14_DEN_LAL,2021-02-14,DEN,DEN_BEY_NNAJI,DIRECT_ROSTER_CONTACT,Saddiq Bey,R.J. Hampton,EX07,PREDEADLINE,NOT_CALCULATED,observed date availability and incumbent transactions conditional; no new injury/event selected,13,14401,12,Bol Bol,,Saddiq Bey,0022000416
2021-02-14_DEN_LAL,2021-02-14,LAL,LAL_AD_CORE,TRANSACTION_DEPENDENCY,,,EX06;EX07,PREDEADLINE,NOT_CALCULATED,observed date availability and incumbent transactions conditional; no new injury/event selected,14,14400,13,Jared Dudley,,,0022000416
2021-02-14_DET_NOP,2021-02-14,DET,DET_PATRICK_KIRA,DIRECT_ROSTER_CONTACT,Patrick Williams;Kira Lewis Jr.,Saddiq Bey;Killian Hayes,EX07,PREDEADLINE,NOT_CALCULATED,observed date availability and incumbent transactions conditional; no new injury/event selected,12,14400,9,Deividas Sirvydis;Rodney McGruder,Jahlil Okafor,Patrick Williams;Kira Lewis Jr.,0022000561
2021-02-14_DET_NOP,2021-02-14,NOP,NOP_HAYES,DIRECT_ROSTER_CONTACT,Killian Hayes,Kira Lewis Jr.,EX07,PREDEADLINE,NOT_CALCULATED,observed date availability and incumbent transactions conditional; no new injury/event selected,14,14400,10,Jaxson Hayes;Nicolo Melli;Sindarius Thornwell;Wenyen Gabriel,,Killian Hayes,0022000561
2021-02-14_LAC_CLE,2021-02-14,LAC,INCUMBENT_CONDITIONAL,NO_DIRECT_DELTA_IDENTIFIED,,,EX07,PREDEADLINE,NOT_CALCULATED,observed date availability and incumbent transactions conditional; no new injury/event selected,12,14400,11,Patrick Patterson,,,0022000419
2021-02-14_LAC_CLE,2021-02-14,CLE,INCUMBENT_CONDITIONAL,NO_DIRECT_DELTA_IDENTIFIED,,,EX07,PREDEADLINE,NOT_CALCULATED,observed date availability and incumbent transactions conditional; no new injury/event selected,12,14400,11,,,,0022000419
2021-02-14_OKC_MIL,2021-02-14,OKC,INCUMBENT_CONDITIONAL,NO_DIRECT_DELTA_IDENTIFIED,,,EX07,PREDEADLINE,NOT_CALCULATED,observed date availability and incumbent transactions conditional; no new injury/event selected,12,14400,9,,George Hill;Shai Gilgeous-Alexander;Theo Maledon,,0022000415
2021-02-14_OKC_MIL,2021-02-14,MIL,INCUMBENT_CONDITIONAL,NO_DIRECT_DELTA_IDENTIFIED,,,EX07,PREDEADLINE,NOT_CALCULATED,observed date availability and incumbent transactions conditional; no new injury/event selected,12,14400,9,D.J. Wilson;Jaylen Adams;Thanasis Antetokounmpo,,,0022000415
2021-02-14_PHX_ORL,2021-02-14,PHX,INCUMBENT_CONDITIONAL,NO_DIRECT_DELTA_IDENTIFIED,,,EX07,PREDEADLINE,NOT_CALCULATED,observed date availability and incumbent transactions conditional; no new injury/event selected,14,14400,14,,,,0022000417
2021-02-14_PHX_ORL,2021-02-14,ORL,INCUMBENT_CONDITIONAL,NO_DIRECT_DELTA_IDENTIFIED,,,EX07,PREDEADLINE,NOT_CALCULATED,observed date availability and incumbent transactions conditional; no new injury/event selected,12,14400,8,,Al-Farouq Aminu;Cole Anthony;Evan Fournier;James Ennis III,,0022000417
2021-02-14_SAC_MEM,2021-02-14,SAC,INCUMBENT_CONDITIONAL,NO_DIRECT_DELTA_IDENTIFIED,,,EX07,PREDEADLINE,NOT_CALCULATED,observed date availability and incumbent transactions conditional; no new injury/event selected,15,14400,12,Jabari Parker;Justin James,Marvin Bagley III,,0022000418
2021-02-14_SAC_MEM,2021-02-14,MEM,INCUMBENT_CONDITIONAL,NO_DIRECT_DELTA_IDENTIFIED,,,EX07,PREDEADLINE,NOT_CALCULATED,observed date availability and incumbent transactions conditional; no new injury/event selected,12,14400,10,Gorgui Dieng,De'Anthony Melton,,0022000418
2021-02-14_TOR_MIN,2021-02-14,TOR,INCUMBENT_CONDITIONAL,NO_DIRECT_DELTA_IDENTIFIED,,,EX07,PREDEADLINE,NOT_CALCULATED,observed date availability and incumbent transactions conditional; no new injury/event selected,12,14400,9,Matt Thomas;Paul Watson,Patrick McCaw,,0022000413
2021-02-14_TOR_MIN,2021-02-14,MIN,MIN_RIVAL,DIRECT_ROSTER_CONTACT,Fictional Rival,Anthony Edwards,EX07,PREDEADLINE,NOT_CALCULATED,observed date availability and incumbent transactions conditional; no new injury/event selected,13,14401,11,Ed Davis;Jake Layman,,Fictional Rival,0022000413
2021-02-14_WAS_BOS,2021-02-14,WAS,WAS_TRENT,DIRECT_ROSTER_CONTACT,Gary Trent Jr.,Isaac Bonga;Chandler Hutchison,EX07,PREDEADLINE,NOT_CALCULATED,observed date availability and incumbent transactions conditional; no new injury/event selected,13,14400,12,Alex Len,,Gary Trent Jr.,0022000560
2021-02-14_WAS_BOS,2021-02-14,BOS,INCUMBENT_CONDITIONAL,NO_DIRECT_DELTA_IDENTIFIED,,,EX07,PREDEADLINE,NOT_CALCULATED,observed date availability and incumbent transactions conditional; no new injury/event selected,15,14400,14,Jeff Teague,,,0022000560
2021-02-15_GSW_CLE,2021-02-15,GSW,GSW_WIGGINS_HUTCHISON_INACTIVE,TRANSACTION_DEPENDENCY,,,EX06;EX07,PREDEADLINE,NOT_CALCULATED,observed date availability and incumbent transactions conditional; no new injury/event selected,12,14400,10,,James Wiseman;Kevon Looney,,0022000424
2021-02-15_GSW_CLE,2021-02-15,CLE,INCUMBENT_CONDITIONAL,NO_DIRECT_DELTA_IDENTIFIED,,,EX07,PREDEADLINE,NOT_CALCULATED,observed date availability and incumbent transactions conditional; no new injury/event selected,12,14400,9,,Dylan Windler;Taurean Prince,,0022000424
2021-02-15_LAC_MIA,2021-02-15,LAC,INCUMBENT_CONDITIONAL,NO_DIRECT_DELTA_IDENTIFIED,,,EX07,PREDEADLINE,NOT_CALCULATED,observed date availability and incumbent transactions conditional; no new injury/event selected,11,14400,9,Mfiondu Kabengele,Kawhi Leonard,,0022000425
2021-02-15_LAC_MIA,2021-02-15,MIA,INCUMBENT_CONDITIONAL,NO_DIRECT_DELTA_IDENTIFIED,,,EX07,PREDEADLINE,NOT_CALCULATED,observed date availability and incumbent transactions conditional; no new injury/event selected,15,14400,10,Gabe Vincent;KZ Okpala;Udonis Haslem,,,0022000425
2021-02-15_NYK_ATL,2021-02-15,NYK,INCUMBENT_CONDITIONAL,NO_DIRECT_DELTA_IDENTIFIED,,,EX07,PREDEADLINE,NOT_CALCULATED,observed date availability and incumbent transactions conditional; no new injury/event selected,13,14400,10,Austin Rivers;Kevin Knox II;Theo Pinson,,,0022000422
2021-02-15_NYK_ATL,2021-02-15,ATL,INCUMBENT_CONDITIONAL,NO_DIRECT_DELTA_IDENTIFIED,,,EX07,PREDEADLINE,NOT_CALCULATED,observed date availability and incumbent transactions conditional; no new injury/event selected,12,14400,9,Brandon Goodwin;Bruno Fernando;Nathan Knight,,,0022000422
2021-02-15_SAC_BKN,2021-02-15,SAC,INCUMBENT_CONDITIONAL,NO_DIRECT_DELTA_IDENTIFIED,,,EX07,PREDEADLINE,NOT_CALCULATED,observed date availability and incumbent transactions conditional; no new injury/event selected,14,14400,10,Chimezie Metu;Jabari Parker;Justin James,Richaun Holmes,,0022000426
2021-02-15_SAC_BKN,2021-02-15,BKN,INCUMBENT_CONDITIONAL,NO_DIRECT_DELTA_IDENTIFIED,,,EX07,PREDEADLINE,NOT_CALCULATED,observed date availability and incumbent transactions conditional; no new injury/event selected,12,14400,9,Noah Vonleh;Norvel Pelle,Nic Claxton,,0022000426
2021-02-15_UTA_PHI,2021-02-15,UTA,INCUMBENT_CONDITIONAL,NO_DIRECT_DELTA_IDENTIFIED,,,EX07,PREDEADLINE,NOT_CALCULATED,observed date availability and incumbent transactions conditional; no new injury/event selected,12,14400,9,Juwan Morgan;Shaquille Harrison;Trent Forrest,,,0022000423
2021-02-15_UTA_PHI,2021-02-15,PHI,INCUMBENT_CONDITIONAL,NO_DIRECT_DELTA_IDENTIFIED,,,EX07,PREDEADLINE,NOT_CALCULATED,observed date availability and incumbent transactions conditional; no new injury/event selected,14,14400,10,Terrance Ferguson;Tony Bradley;Vincent Poirier,Joel Embiid,,0022000423
2021-02-15_WAS_HOU,2021-02-15,WAS,WAS_TRENT,DIRECT_ROSTER_CONTACT,Gary Trent Jr.,Isaac Bonga;Chandler Hutchison,EX07,PREDEADLINE,NOT_CALCULATED,observed date availability and incumbent transactions conditional; no new injury/event selected,14,14400,9,Alex Len;Anthony Gill;Isaac Bonga;Jerome Robinson;Troy Brown Jr.,,Gary Trent Jr.,0022000421
2021-02-15_WAS_HOU,2021-02-15,HOU,INCUMBENT_CONDITIONAL,NO_DIRECT_DELTA_IDENTIFIED,,,EX07,PREDEADLINE,NOT_CALCULATED,observed date availability and incumbent transactions conditional; no new injury/event selected,12,14401,9,Rodions Kurucs,Eric Gordon;P.J. Tucker,,0022000421
2021-02-16_BOS_DEN,2021-02-16,BOS,INCUMBENT_CONDITIONAL,NO_DIRECT_DELTA_IDENTIFIED,,,EX07,PREDEADLINE,NOT_CALCULATED,observed date availability and incumbent transactions conditional; no new injury/event selected,14,14400,9,Carsen Edwards;Grant Williams;Jeff Teague;Tacko Fall;Tremont Waters,,,0022000427
2021-02-16_BOS_DEN,2021-02-16,DEN,DEN_BEY_NNAJI,DIRECT_ROSTER_CONTACT,Saddiq Bey,R.J. Hampton,EX07,PREDEADLINE,NOT_CALCULATED,observed date availability and incumbent transactions conditional; no new injury/event selected,12,14400,10,Bol Bol,Monte Morris,Saddiq Bey,0022000427
2021-02-16_MEM_NOP,2021-02-16,MEM,INCUMBENT_CONDITIONAL,NO_DIRECT_DELTA_IDENTIFIED,,,EX07,PREDEADLINE,NOT_CALCULATED,observed date availability and incumbent transactions conditional; no new injury/event selected,12,14401,11,,De'Anthony Melton,,0022000429
2021-02-16_MEM_NOP,2021-02-16,NOP,NOP_HAYES,DIRECT_ROSTER_CONTACT,Killian Hayes,Kira Lewis Jr.,EX07,PREDEADLINE,NOT_CALCULATED,observed date availability and incumbent transactions conditional; no new injury/event selected,14,14400,13,Wenyen Gabriel,,Killian Hayes,0022000429
2021-02-16_MIL_TOR,2021-02-16,MIL,INCUMBENT_CONDITIONAL,NO_DIRECT_DELTA_IDENTIFIED,,,EX07,PREDEADLINE,NOT_CALCULATED,observed date availability and incumbent transactions conditional; no new injury/event selected,12,14400,10,D.J. Wilson;Jaylen Adams,,,0022000430
2021-02-16_MIL_TOR,2021-02-16,TOR,INCUMBENT_CONDITIONAL,NO_DIRECT_DELTA_IDENTIFIED,,,EX07,PREDEADLINE,NOT_CALCULATED,observed date availability and incumbent transactions conditional; no new injury/event selected,12,14400,10,Paul Watson;Stanley Johnson,,,0022000430
2021-02-16_MIN_LAL,2021-02-16,MIN,MIN_RIVAL,DIRECT_ROSTER_CONTACT,Fictional Rival,Anthony Edwards,EX07,PREDEADLINE,NOT_CALCULATED,observed date availability and incumbent transactions conditional; no new injury/event selected,13,14400,10,Ed Davis;Jake Layman;Juancho Hernangomez,,Fictional Rival,0022000431
2021-02-16_MIN_LAL,2021-02-16,LAL,LAL_AD_CORE,TRANSACTION_DEPENDENCY,,,EX06;EX07,PREDEADLINE,NOT_CALCULATED,observed date availability and incumbent transactions conditional; no new injury/event selected,14,14400,10,Alfonzo McKinnie;Devontae Cacok;Jared Dudley;Quinn Cook,,,0022000431
2021-02-16_OKC_POR,2021-02-16,OKC,INCUMBENT_CONDITIONAL,NO_DIRECT_DELTA_IDENTIFIED,,,EX07,PREDEADLINE,NOT_CALCULATED,observed date availability and incumbent transactions conditional; no new injury/event selected,12,14400,10,,George Hill;Shai Gilgeous-Alexander,,0022000432
2021-02-16_OKC_POR,2021-02-16,POR,POR_NO_TRENT,DIRECT_ROSTER_CONTACT,,Gary Trent Jr.;Norman Powell,EX07,PREDEADLINE,NOT_CALCULATED,observed date availability and incumbent transactions conditional; no new injury/event selected,13,14400,9,Keljin Blevins,CJ McCollum;Jusuf Nurkic;Zach Collins,,0022000432
2021-02-16_PHX_BKN,2021-02-16,PHX,INCUMBENT_CONDITIONAL,NO_DIRECT_DELTA_IDENTIFIED,,,EX07,PREDEADLINE,NOT_CALCULATED,observed date availability and incumbent transactions conditional; no new injury/event selected,14,14398,10,Damian Jones;Frank Kaminsky;Jevon Carter;Langston Galloway,,,0022000433
2021-02-16_PHX_BKN,2021-02-16,BKN,INCUMBENT_CONDITIONAL,NO_DIRECT_DELTA_IDENTIFIED,,,EX07,PREDEADLINE,NOT_CALCULATED,observed date availability and incumbent transactions conditional; no new injury/event selected,12,14400,9,Andre Roberson;Noah Vonleh,Nic Claxton,,0022000433
2021-02-17_BOS_ATL,2021-02-17,BOS,INCUMBENT_CONDITIONAL,NO_DIRECT_DELTA_IDENTIFIED,,,EX07,PREDEADLINE,NOT_CALCULATED,observed date availability and incumbent transactions conditional; no new injury/event selected,13,14400,10,Carsen Edwards;Tacko Fall;Tremont Waters,,,0022000438
2021-02-17_BOS_ATL,2021-02-17,ATL,INCUMBENT_CONDITIONAL,NO_DIRECT_DELTA_IDENTIFIED,,,EX07,PREDEADLINE,NOT_CALCULATED,observed date availability and incumbent transactions conditional; no new injury/event selected,12,14400,10,Brandon Goodwin;Onyeka Okongwu,,,0022000438
2021-02-17_GSW_MIA,2021-02-17,GSW,GSW_WIGGINS_HUTCHISON_INACTIVE,TRANSACTION_DEPENDENCY,,,EX06;EX07,PREDEADLINE,NOT_CALCULATED,observed date availability and incumbent transactions conditional; no new injury/event selected,12,15900,9,,Draymond Green;James Wiseman;Kevon Looney,,0022000443
2021-02-17_GSW_MIA,2021-02-17,MIA,INCUMBENT_CONDITIONAL,NO_DIRECT_DELTA_IDENTIFIED,,,EX07,PREDEADLINE,NOT_CALCULATED,observed date availability and incumbent transactions conditional; no new injury/event selected,15,15900,9,KZ Okpala;Maurice Harkless;Max Strus;Udonis Haslem,Avery Bradley;Goran Dragic,,0022000443
2021-02-17_LAC_UTA,2021-02-17,LAC,INCUMBENT_CONDITIONAL,NO_DIRECT_DELTA_IDENTIFIED,,,EX07,PREDEADLINE,NOT_CALCULATED,observed date availability and incumbent transactions conditional; no new injury/event selected,12,14400,10,,Luke Kennard;Paul George,,0022000444
2021-02-17_LAC_UTA,2021-02-17,UTA,INCUMBENT_CONDITIONAL,NO_DIRECT_DELTA_IDENTIFIED,,,EX07,PREDEADLINE,NOT_CALCULATED,observed date availability and incumbent transactions conditional; no new injury/event selected,13,14400,13,,,,0022000444
2021-02-17_MEM_OKC,2021-02-17,MEM,INCUMBENT_CONDITIONAL,NO_DIRECT_DELTA_IDENTIFIED,,,EX07,PREDEADLINE,NOT_CALCULATED,observed date availability and incumbent transactions conditional; no new injury/event selected,12,14401,10,Gorgui Dieng,De'Anthony Melton,,0022000562
2021-02-17_MEM_OKC,2021-02-17,OKC,INCUMBENT_CONDITIONAL,NO_DIRECT_DELTA_IDENTIFIED,,,EX07,PREDEADLINE,NOT_CALCULATED,observed date availability and incumbent transactions conditional; no new injury/event selected,12,14400,10,,George Hill,,0022000562
2021-02-17_MIN_IND,2021-02-17,MIN,MIN_RIVAL,DIRECT_ROSTER_CONTACT,Fictional Rival,Anthony Edwards,EX07,PREDEADLINE,NOT_CALCULATED,observed date availability and incumbent transactions conditional; no new injury/event selected,13,15900,10,Ed Davis;Jake Layman;Juancho Hernangomez,,Fictional Rival,0022000440
2021-02-17_MIN_IND,2021-02-17,IND,INCUMBENT_CONDITIONAL,NO_DIRECT_DELTA_IDENTIFIED,,,EX07,PREDEADLINE,NOT_CALCULATED,observed date availability and incumbent transactions conditional; no new injury/event selected,12,15900,8,Edmond Sumner;Goga Bitadze;JaKarr Sampson;Kelan Martin,,,0022000440
2021-02-17_ORL_NYK,2021-02-17,ORL,INCUMBENT_CONDITIONAL,NO_DIRECT_DELTA_IDENTIFIED,,,EX07,PREDEADLINE,NOT_CALCULATED,observed date availability and incumbent transactions conditional; no new injury/event selected,12,14400,11,,James Ennis III,,0022000436
2021-02-17_ORL_NYK,2021-02-17,NYK,INCUMBENT_CONDITIONAL,NO_DIRECT_DELTA_IDENTIFIED,,,EX07,PREDEADLINE,NOT_CALCULATED,observed date availability and incumbent transactions conditional; no new injury/event selected,14,14400,11,Austin Rivers;Frank Ntilikina;Theo Pinson,,,0022000436
2021-02-17_PHI_HOU,2021-02-17,PHI,INCUMBENT_CONDITIONAL,NO_DIRECT_DELTA_IDENTIFIED,,,EX07,PREDEADLINE,NOT_CALCULATED,observed date availability and incumbent transactions conditional; no new injury/event selected,13,14400,10,Terrance Ferguson;Tony Bradley;Vincent Poirier,,,0022000439
2021-02-17_PHI_HOU,2021-02-17,HOU,INCUMBENT_CONDITIONAL,NO_DIRECT_DELTA_IDENTIFIED,,,EX07,PREDEADLINE,NOT_CALCULATED,observed date availability and incumbent transactions conditional; no new injury/event selected,12,14400,9,Rodions Kurucs,P.J. Tucker;Victor Oladipo,,0022000439
2021-02-18_LAL_BKN,2021-02-18,LAL,LAL_AD_CORE,TRANSACTION_DEPENDENCY,,,EX06;EX07,PREDEADLINE,NOT_CALCULATED,observed date availability and incumbent transactions conditional; no new injury/event selected,13,14400,13,,,,0022000446
2021-02-18_LAL_BKN,2021-02-18,BKN,INCUMBENT_CONDITIONAL,NO_DIRECT_DELTA_IDENTIFIED,,,EX07,PREDEADLINE,NOT_CALCULATED,observed date availability and incumbent transactions conditional; no new injury/event selected,12,14400,11,,Nic Claxton,,0022000446
2021-02-18_MIL_TOR,2021-02-18,MIL,INCUMBENT_CONDITIONAL,NO_DIRECT_DELTA_IDENTIFIED,,,EX07,PREDEADLINE,NOT_CALCULATED,observed date availability and incumbent transactions conditional; no new injury/event selected,12,14400,11,D.J. Wilson,,,0022000445
2021-02-18_MIL_TOR,2021-02-18,TOR,INCUMBENT_CONDITIONAL,NO_DIRECT_DELTA_IDENTIFIED,,,EX07,PREDEADLINE,NOT_CALCULATED,observed date availability and incumbent transactions conditional; no new injury/event selected,13,14400,13,,,,0022000445
2021-02-18_SAC_MIA,2021-02-18,SAC,INCUMBENT_CONDITIONAL,NO_DIRECT_DELTA_IDENTIFIED,,,EX07,PREDEADLINE,NOT_CALCULATED,observed date availability and incumbent transactions conditional; no new injury/event selected,13,14400,11,Jabari Parker,Richaun Holmes,,0022000447
2021-02-18_SAC_MIA,2021-02-18,MIA,INCUMBENT_CONDITIONAL,NO_DIRECT_DELTA_IDENTIFIED,,,EX07,PREDEADLINE,NOT_CALCULATED,observed date availability and incumbent transactions conditional; no new injury/event selected,15,14400,10,Maurice Harkless;Max Strus;Udonis Haslem,Avery Bradley;Goran Dragic,,0022000447
2021-02-19_BOS_ATL,2021-02-19,BOS,INCUMBENT_CONDITIONAL,NO_DIRECT_DELTA_IDENTIFIED,,,EX07,PREDEADLINE,NOT_CALCULATED,observed date availability and incumbent transactions conditional; no new injury/event selected,15,14400,10,Carsen Edwards;Grant Williams;Jeff Teague;Tacko Fall;Tremont Waters,,,0022000451
2021-02-19_BOS_ATL,2021-02-19,ATL,INCUMBENT_CONDITIONAL,NO_DIRECT_DELTA_IDENTIFIED,,,EX07,PREDEADLINE,NOT_CALCULATED,observed date availability and incumbent transactions conditional; no new injury/event selected,12,14400,11,Onyeka Okongwu,,,0022000451
2021-02-19_CLE_DEN,2021-02-19,CLE,INCUMBENT_CONDITIONAL,NO_DIRECT_DELTA_IDENTIFIED,,,EX07,PREDEADLINE,NOT_CALCULATED,observed date availability and incumbent transactions conditional; no new injury/event selected,12,14400,9,Dean Wade,Larry Nance Jr.;Taurean Prince,,0022000563
2021-02-19_CLE_DEN,2021-02-19,DEN,DEN_BEY_NNAJI,DIRECT_ROSTER_CONTACT,Saddiq Bey,R.J. Hampton,EX07,PREDEADLINE,NOT_CALCULATED,observed date availability and incumbent transactions conditional; no new injury/event selected,13,14400,12,Bol Bol,,Saddiq Bey,0022000563
2021-02-19_LAC_UTA,2021-02-19,LAC,INCUMBENT_CONDITIONAL,NO_DIRECT_DELTA_IDENTIFIED,,,EX07,PREDEADLINE,NOT_CALCULATED,observed date availability and incumbent transactions conditional; no new injury/event selected,14,14400,11,Luke Kennard;Mfiondu Kabengele;Patrick Patterson,,,0022000457
2021-02-19_LAC_UTA,2021-02-19,UTA,INCUMBENT_CONDITIONAL,NO_DIRECT_DELTA_IDENTIFIED,,,EX07,PREDEADLINE,NOT_CALCULATED,observed date availability and incumbent transactions conditional; no new injury/event selected,13,14400,9,Juwan Morgan;Miye Oni;Shaquille Harrison;Trent Forrest,,,0022000457
2021-02-19_MEM_DET,2021-02-19,MEM,INCUMBENT_CONDITIONAL,NO_DIRECT_DELTA_IDENTIFIED,,,EX07,PREDEADLINE,NOT_CALCULATED,observed date availability and incumbent transactions conditional; no new injury/event selected,12,14400,10,Gorgui Dieng;John Konchar,,,0022000452
2021-02-19_MEM_DET,2021-02-19,DET,DET_PATRICK_KIRA,DIRECT_ROSTER_CONTACT,Patrick Williams;Kira Lewis Jr.,Saddiq Bey;Killian Hayes,EX07,PREDEADLINE,NOT_CALCULATED,observed date availability and incumbent transactions conditional; no new injury/event selected,12,14400,10,Deividas Sirvydis;Rodney McGruder,,Patrick Williams;Kira Lewis Jr.,0022000452
2021-02-19_MIL_OKC,2021-02-19,MIL,INCUMBENT_CONDITIONAL,NO_DIRECT_DELTA_IDENTIFIED,,,EX07,PREDEADLINE,NOT_CALCULATED,observed date availability and incumbent transactions conditional; no new injury/event selected,12,14402,9,D.J. Wilson;Torrey Craig,Jrue Holiday,,0022000453
2021-02-19_MIL_OKC,2021-02-19,OKC,INCUMBENT_CONDITIONAL,NO_DIRECT_DELTA_IDENTIFIED,,,EX07,PREDEADLINE,NOT_CALCULATED,observed date availability and incumbent transactions conditional; no new injury/event selected,12,14400,10,Darius Miller,George Hill,,0022000453
2021-02-19_MIN_TOR,2021-02-19,MIN,MIN_RIVAL,DIRECT_ROSTER_CONTACT,Fictional Rival,Anthony Edwards,EX07,PREDEADLINE,NOT_CALCULATED,observed date availability and incumbent transactions conditional; no new injury/event selected,13,14400,11,Ed Davis;Juancho Hernangomez,,Fictional Rival,0022000454
2021-02-19_MIN_TOR,2021-02-19,TOR,INCUMBENT_CONDITIONAL,NO_DIRECT_DELTA_IDENTIFIED,,,EX07,PREDEADLINE,NOT_CALCULATED,observed date availability and incumbent transactions conditional; no new injury/event selected,14,14400,12,Paul Watson,O.G. Anunoby,,0022000454
2021-02-19_NOP_PHX,2021-02-19,NOP,NOP_HAYES,DIRECT_ROSTER_CONTACT,Killian Hayes,Kira Lewis Jr.,EX07,PREDEADLINE,NOT_CALCULATED,observed date availability and incumbent transactions conditional; no new injury/event selected,14,14400,13,,Steven Adams,Killian Hayes,0022000455
2021-02-19_NOP_PHX,2021-02-19,PHX,INCUMBENT_CONDITIONAL,NO_DIRECT_DELTA_IDENTIFIED,,,EX07,PREDEADLINE,NOT_CALCULATED,observed date availability and incumbent transactions conditional; no new injury/event selected,14,14400,14,,,,0022000455
2021-02-19_ORL_GSW,2021-02-19,ORL,INCUMBENT_CONDITIONAL,NO_DIRECT_DELTA_IDENTIFIED,,,EX07,PREDEADLINE,NOT_CALCULATED,observed date availability and incumbent transactions conditional; no new injury/event selected,12,14400,11,Gary Clark,,,0022000449
2021-02-19_ORL_GSW,2021-02-19,GSW,GSW_WIGGINS_HUTCHISON_INACTIVE,TRANSACTION_DEPENDENCY,,,EX06;EX07,PREDEADLINE,NOT_CALCULATED,observed date availability and incumbent transactions conditional; no new injury/event selected,12,14400,10,,James Wiseman;Kevon Looney,,0022000449
2021-02-20_MEM_PHX,2021-02-20,MEM,INCUMBENT_CONDITIONAL,NO_DIRECT_DELTA_IDENTIFIED,,,EX07,PREDEADLINE,NOT_CALCULATED,observed date availability and incumbent transactions conditional; no new injury/event selected,12,14400,10,,,,0022000462
2021-02-20_MEM_PHX,2021-02-20,PHX,INCUMBENT_CONDITIONAL,NO_DIRECT_DELTA_IDENTIFIED,,,EX07,PREDEADLINE,NOT_CALCULATED,observed date availability and incumbent transactions conditional; no new injury/event selected,14,14400,14,,,,0022000462
2021-02-20_POR_WAS,2021-02-20,POR,POR_NO_TRENT,DIRECT_ROSTER_CONTACT,,Gary Trent Jr.;Norman Powell,EX07,PREDEADLINE,NOT_CALCULATED,observed date availability and incumbent transactions conditional; no new injury/event selected,14,14400,9,CJ Elleby;Keljin Blevins,CJ McCollum;Jusuf Nurkic;Zach Collins,,0022000464
2021-02-20_POR_WAS,2021-02-20,WAS,WAS_TRENT,DIRECT_ROSTER_CONTACT,Gary Trent Jr.,Isaac Bonga;Chandler Hutchison,EX07,PREDEADLINE,NOT_CALCULATED,observed date availability and incumbent transactions conditional; no new injury/event selected,14,14400,11,Anthony Gill;Jerome Robinson;Troy Brown Jr.,,Gary Trent Jr.,0022000464
2021-02-21_ATL_DEN,2021-02-21,ATL,INCUMBENT_CONDITIONAL,NO_DIRECT_DELTA_IDENTIFIED,,,EX07,PREDEADLINE,NOT_CALCULATED,observed date availability and incumbent transactions conditional; no new injury/event selected,12,14400,10,Brandon Goodwin;Bruno Fernando,,,0022000470
2021-02-21_ATL_DEN,2021-02-21,DEN,DEN_BEY_NNAJI,DIRECT_ROSTER_CONTACT,Saddiq Bey,R.J. Hampton,EX07,PREDEADLINE,NOT_CALCULATED,observed date availability and incumbent transactions conditional; no new injury/event selected,12,14400,12,,,Saddiq Bey,0022000470
2021-02-21_CLE_OKC,2021-02-21,CLE,INCUMBENT_CONDITIONAL,NO_DIRECT_DELTA_IDENTIFIED,,,EX07,PREDEADLINE,NOT_CALCULATED,observed date availability and incumbent transactions conditional; no new injury/event selected,12,14402,9,Dean Wade,Larry Nance Jr.;Taurean Prince,,0022000466
2021-02-21_CLE_OKC,2021-02-21,OKC,INCUMBENT_CONDITIONAL,NO_DIRECT_DELTA_IDENTIFIED,,,EX07,PREDEADLINE,NOT_CALCULATED,observed date availability and incumbent transactions conditional; no new injury/event selected,12,14400,9,Darius Miller;Justin Jackson,George Hill,,0022000466
2021-02-21_LAC_BKN,2021-02-21,LAC,INCUMBENT_CONDITIONAL,NO_DIRECT_DELTA_IDENTIFIED,,,EX07,PREDEADLINE,NOT_CALCULATED,observed date availability and incumbent transactions conditional; no new injury/event selected,13,14400,10,Luke Kennard;Mfiondu Kabengele;Patrick Patterson,,,0022000472
2021-02-21_LAC_BKN,2021-02-21,BKN,INCUMBENT_CONDITIONAL,NO_DIRECT_DELTA_IDENTIFIED,,,EX07,PREDEADLINE,NOT_CALCULATED,observed date availability and incumbent transactions conditional; no new injury/event selected,12,14400,8,Andre Roberson;Chris Chiozza;Nic Claxton;Noah Vonleh,,,0022000472
2021-02-21_MIL_SAC,2021-02-21,MIL,INCUMBENT_CONDITIONAL,NO_DIRECT_DELTA_IDENTIFIED,,,EX07,PREDEADLINE,NOT_CALCULATED,observed date availability and incumbent transactions conditional; no new injury/event selected,12,14400,10,D.J. Wilson;Torrey Craig,,,0022000471
2021-02-21_MIL_SAC,2021-02-21,SAC,INCUMBENT_CONDITIONAL,NO_DIRECT_DELTA_IDENTIFIED,,,EX07,PREDEADLINE,NOT_CALCULATED,observed date availability and incumbent transactions conditional; no new injury/event selected,13,14400,11,Nemanja Bjelica,Harrison Barnes,,0022000471
2021-02-21_NOP_BOS,2021-02-21,NOP,NOP_HAYES,DIRECT_ROSTER_CONTACT,Killian Hayes,Kira Lewis Jr.,EX07,PREDEADLINE,NOT_CALCULATED,observed date availability and incumbent transactions conditional; no new injury/event selected,14,15900,11,Sindarius Thornwell;Wenyen Gabriel,Steven Adams,Killian Hayes,0022000465
2021-02-21_NOP_BOS,2021-02-21,BOS,INCUMBENT_CONDITIONAL,NO_DIRECT_DELTA_IDENTIFIED,,,EX07,PREDEADLINE,NOT_CALCULATED,observed date availability and incumbent transactions conditional; no new injury/event selected,15,15900,9,Carsen Edwards;Grant Williams;Javonte Green;Jeff Teague;Tacko Fall;Tremont Waters,,,0022000465
2021-02-21_NYK_MIN,2021-02-21,NYK,INCUMBENT_CONDITIONAL,NO_DIRECT_DELTA_IDENTIFIED,,,EX07,PREDEADLINE,NOT_CALCULATED,observed date availability and incumbent transactions conditional; no new injury/event selected,13,14400,10,Frank Ntilikina;Kevin Knox II;Theo Pinson,,,0022000469
2021-02-21_NYK_MIN,2021-02-21,MIN,MIN_RIVAL,DIRECT_ROSTER_CONTACT,Fictional Rival,Anthony Edwards,EX07,PREDEADLINE,NOT_CALCULATED,observed date availability and incumbent transactions conditional; no new injury/event selected,13,14400,12,Ed Davis,,Fictional Rival,0022000469
2021-02-21_ORL_DET,2021-02-21,ORL,INCUMBENT_CONDITIONAL,NO_DIRECT_DELTA_IDENTIFIED,,,EX07,PREDEADLINE,NOT_CALCULATED,observed date availability and incumbent transactions conditional; no new injury/event selected,12,14400,10,Gary Clark;Mo Bamba,,,0022000467
2021-02-21_ORL_DET,2021-02-21,DET,DET_PATRICK_KIRA,DIRECT_ROSTER_CONTACT,Patrick Williams;Kira Lewis Jr.,Saddiq Bey;Killian Hayes,EX07,PREDEADLINE,NOT_CALCULATED,observed date availability and incumbent transactions conditional; no new injury/event selected,13,14400,10,Deividas Sirvydis;Frank Jackson;Rodney McGruder,,Patrick Williams;Kira Lewis Jr.,0022000467
2021-02-21_TOR_PHI,2021-02-21,TOR,INCUMBENT_CONDITIONAL,NO_DIRECT_DELTA_IDENTIFIED,,,EX07,PREDEADLINE,NOT_CALCULATED,observed date availability and incumbent transactions conditional; no new injury/event selected,14,14400,10,Malachi Flynn;Patrick McCaw;Paul Watson;Yuta Watanabe,,,0022000468
2021-02-21_TOR_PHI,2021-02-21,PHI,INCUMBENT_CONDITIONAL,NO_DIRECT_DELTA_IDENTIFIED,,,EX07,PREDEADLINE,NOT_CALCULATED,observed date availability and incumbent transactions conditional; no new injury/event selected,15,14400,10,Mike Scott;Terrance Ferguson;Tony Bradley;Tyrese Maxey;Vincent Poirier,,,0022000468
2021-02-22_DAL_MEM,2021-02-22,DAL,DAL_HAMPTON,DIRECT_ROSTER_CONTACT,R.J. Hampton,Tyrell Terry,EX07,PREDEADLINE,NOT_CALCULATED,observed date availability and incumbent transactions conditional; no new injury/event selected,13,14400,9,Boban Marjanovic;James Johnson;Tyrell Terry;Wes Iwundu,,R.J. Hampton,0022000476
2021-02-22_DAL_MEM,2021-02-22,MEM,INCUMBENT_CONDITIONAL,NO_DIRECT_DELTA_IDENTIFIED,,,EX07,PREDEADLINE,NOT_CALCULATED,observed date availability and incumbent transactions conditional; no new injury/event selected,12,14400,10,Gorgui Dieng;John Konchar,,,0022000476
2021-02-22_OKC_MIA,2021-02-22,OKC,INCUMBENT_CONDITIONAL,NO_DIRECT_DELTA_IDENTIFIED,,,EX07,PREDEADLINE,NOT_CALCULATED,observed date availability and incumbent transactions conditional; no new injury/event selected,12,14400,9,Darius Miller,George Hill,,0022000475
2021-02-22_OKC_MIA,2021-02-22,MIA,INCUMBENT_CONDITIONAL,NO_DIRECT_DELTA_IDENTIFIED,,,EX07,PREDEADLINE,NOT_CALCULATED,observed date availability and incumbent transactions conditional; no new injury/event selected,15,14401,10,Maurice Harkless;Udonis Haslem,Tyler Herro,,0022000475
2021-02-22_PHX_POR,2021-02-22,PHX,INCUMBENT_CONDITIONAL,NO_DIRECT_DELTA_IDENTIFIED,,,EX07,PREDEADLINE,NOT_CALCULATED,observed date availability and incumbent transactions conditional; no new injury/event selected,14,14400,14,,,,0022000477
2021-02-22_PHX_POR,2021-02-22,POR,POR_NO_TRENT,DIRECT_ROSTER_CONTACT,,Gary Trent Jr.;Norman Powell,EX07,PREDEADLINE,NOT_CALCULATED,observed date availability and incumbent transactions conditional; no new injury/event selected,14,14400,11,,CJ McCollum;Jusuf Nurkic;Zach Collins,,0022000477
2021-02-22_UTA_CHA,2021-02-22,UTA,INCUMBENT_CONDITIONAL,NO_DIRECT_DELTA_IDENTIFIED,,,EX07,PREDEADLINE,NOT_CALCULATED,observed date availability and incumbent transactions conditional; no new injury/event selected,13,14400,13,,,,0022000478
2021-02-22_UTA_CHA,2021-02-22,CHA,CHA_EDWARDS_TERRY,DIRECT_ROSTER_CONTACT,Anthony Edwards;Tyrell Terry,LaMelo Ball;Grant Riller,EX07,PREDEADLINE,NOT_CALCULATED,observed date availability and incumbent transactions conditional; no new injury/event selected,12,14400,10,,Caleb Martin;Devonte' Graham,Anthony Edwards;Tyrell Terry,0022000478
2021-02-23_BKN_SAC,2021-02-23,BKN,INCUMBENT_CONDITIONAL,NO_DIRECT_DELTA_IDENTIFIED,,,EX07,PREDEADLINE,NOT_CALCULATED,observed date availability and incumbent transactions conditional; no new injury/event selected,12,14400,10,Noah Vonleh,Jeff Green,,0022000482
2021-02-23_BKN_SAC,2021-02-23,SAC,INCUMBENT_CONDITIONAL,NO_DIRECT_DELTA_IDENTIFIED,,,EX07,PREDEADLINE,NOT_CALCULATED,observed date availability and incumbent transactions conditional; no new injury/event selected,13,14400,8,Hassan Whiteside;Jabari Parker;Justin James;Kyle Guy;Nemanja Bjelica,,,0022000482
2021-02-23_CLE_ATL,2021-02-23,CLE,INCUMBENT_CONDITIONAL,NO_DIRECT_DELTA_IDENTIFIED,,,EX07,PREDEADLINE,NOT_CALCULATED,observed date availability and incumbent transactions conditional; no new injury/event selected,12,14401,9,Damyean Dotson,Larry Nance Jr.;Taurean Prince,,0022000480
2021-02-23_CLE_ATL,2021-02-23,ATL,INCUMBENT_CONDITIONAL,NO_DIRECT_DELTA_IDENTIFIED,,,EX07,PREDEADLINE,NOT_CALCULATED,observed date availability and incumbent transactions conditional; no new injury/event selected,13,14401,10,Brandon Goodwin;Bruno Fernando;Nathan Knight,,,0022000480
2021-02-23_DEN_POR,2021-02-23,DEN,DEN_BEY_NNAJI,DIRECT_ROSTER_CONTACT,Saddiq Bey,R.J. Hampton,EX07,PREDEADLINE,NOT_CALCULATED,observed date availability and incumbent transactions conditional; no new injury/event selected,12,14400,8,Bol Bol;Markus Howard;R.J. Hampton;Vlatko Cancar,,Saddiq Bey,0022000487
2021-02-23_DEN_POR,2021-02-23,POR,POR_NO_TRENT,DIRECT_ROSTER_CONTACT,,Gary Trent Jr.;Norman Powell,EX07,PREDEADLINE,NOT_CALCULATED,observed date availability and incumbent transactions conditional; no new injury/event selected,14,14400,9,CJ Elleby;Keljin Blevins,CJ McCollum;Jusuf Nurkic;Zach Collins,,0022000487
2021-02-23_LAC_WAS,2021-02-23,LAC,INCUMBENT_CONDITIONAL,NO_DIRECT_DELTA_IDENTIFIED,,,EX07,PREDEADLINE,NOT_CALCULATED,observed date availability and incumbent transactions conditional; no new injury/event selected,13,14400,11,Patrick Patterson,,,0022000488
2021-02-23_LAC_WAS,2021-02-23,WAS,WAS_TRENT,DIRECT_ROSTER_CONTACT,Gary Trent Jr.,Isaac Bonga;Chandler Hutchison,EX07,PREDEADLINE,NOT_CALCULATED,observed date availability and incumbent transactions conditional; no new injury/event selected,14,14400,11,Alex Len;Anthony Gill;Jerome Robinson,,Gary Trent Jr.,0022000488
2021-02-23_MIL_MIN,2021-02-23,MIL,INCUMBENT_CONDITIONAL,NO_DIRECT_DELTA_IDENTIFIED,,,EX07,PREDEADLINE,NOT_CALCULATED,observed date availability and incumbent transactions conditional; no new injury/event selected,12,14400,10,D.J. Wilson;Torrey Craig,,,0022000486
2021-02-23_MIL_MIN,2021-02-23,MIN,MIN_RIVAL,DIRECT_ROSTER_CONTACT,Fictional Rival,Anthony Edwards,EX07,PREDEADLINE,NOT_CALCULATED,observed date availability and incumbent transactions conditional; no new injury/event selected,13,14400,12,Ed Davis,,Fictional Rival,0022000486
2021-02-23_NYK_GSW,2021-02-23,NYK,INCUMBENT_CONDITIONAL,NO_DIRECT_DELTA_IDENTIFIED,,,EX07,PREDEADLINE,NOT_CALCULATED,observed date availability and incumbent transactions conditional; no new injury/event selected,14,14401,10,Austin Rivers;Frank Ntilikina;Kevin Knox II;Theo Pinson,,,0022000483
2021-02-23_NYK_GSW,2021-02-23,GSW,GSW_WIGGINS_HUTCHISON_INACTIVE,TRANSACTION_DEPENDENCY,,,EX06;EX07,PREDEADLINE,NOT_CALCULATED,observed date availability and incumbent transactions conditional; no new injury/event selected,12,14400,10,Juan Toscano-Anderson;Mychal Mulder,,,0022000483
2021-02-23_ORL_DET,2021-02-23,ORL,INCUMBENT_CONDITIONAL,NO_DIRECT_DELTA_IDENTIFIED,,,EX07,PREDEADLINE,NOT_CALCULATED,observed date availability and incumbent transactions conditional; no new injury/event selected,12,14400,10,Gary Clark;Mo Bamba,,,0022000481
2021-02-23_ORL_DET,2021-02-23,DET,DET_PATRICK_KIRA,DIRECT_ROSTER_CONTACT,Patrick Williams;Kira Lewis Jr.,Saddiq Bey;Killian Hayes,EX07,PREDEADLINE,NOT_CALCULATED,observed date availability and incumbent transactions conditional; no new injury/event selected,12,14400,10,Deividas Sirvydis;Rodney McGruder,,Patrick Williams;Kira Lewis Jr.,0022000481
2021-02-23_TOR_PHI,2021-02-23,TOR,INCUMBENT_CONDITIONAL,NO_DIRECT_DELTA_IDENTIFIED,,,EX07,PREDEADLINE,NOT_CALCULATED,observed date availability and incumbent transactions conditional; no new injury/event selected,14,14400,9,Malachi Flynn;Patrick McCaw;Paul Watson;Stanley Johnson;Yuta Watanabe,,,0022000484
2021-02-23_TOR_PHI,2021-02-23,PHI,INCUMBENT_CONDITIONAL,NO_DIRECT_DELTA_IDENTIFIED,,,EX07,PREDEADLINE,NOT_CALCULATED,observed date availability and incumbent transactions conditional; no new injury/event selected,14,14400,10,Terrance Ferguson;Tony Bradley;Tyrese Maxey;Vincent Poirier,,,0022000484
2021-02-24_ATL_BOS,2021-02-24,ATL,INCUMBENT_CONDITIONAL,NO_DIRECT_DELTA_IDENTIFIED,,,EX07,PREDEADLINE,NOT_CALCULATED,observed date availability and incumbent transactions conditional; no new injury/event selected,13,14400,13,,,,0022000490
2021-02-24_ATL_BOS,2021-02-24,BOS,INCUMBENT_CONDITIONAL,NO_DIRECT_DELTA_IDENTIFIED,,,EX07,PREDEADLINE,NOT_CALCULATED,observed date availability and incumbent transactions conditional; no new injury/event selected,14,14400,14,,,,0022000490
2021-02-24_CLE_HOU,2021-02-24,CLE,INCUMBENT_CONDITIONAL,NO_DIRECT_DELTA_IDENTIFIED,,,EX07,PREDEADLINE,NOT_CALCULATED,observed date availability and incumbent transactions conditional; no new injury/event selected,12,14400,11,,Larry Nance Jr.,,0022000491
2021-02-24_CLE_HOU,2021-02-24,HOU,INCUMBENT_CONDITIONAL,NO_DIRECT_DELTA_IDENTIFIED,,,EX07,PREDEADLINE,NOT_CALCULATED,observed date availability and incumbent transactions conditional; no new injury/event selected,12,14400,9,Ben McLemore;Mason Jones;Rodions Kurucs,,,0022000491
2021-02-24_IND_GSW,2021-02-24,IND,INCUMBENT_CONDITIONAL,NO_DIRECT_DELTA_IDENTIFIED,,,EX07,PREDEADLINE,NOT_CALCULATED,observed date availability and incumbent transactions conditional; no new injury/event selected,12,14400,10,JaKarr Sampson;Kelan Martin,,,0022000489
2021-02-24_IND_GSW,2021-02-24,GSW,GSW_WIGGINS_HUTCHISON_INACTIVE,TRANSACTION_DEPENDENCY,,,EX06;EX07,PREDEADLINE,NOT_CALCULATED,observed date availability and incumbent transactions conditional; no new injury/event selected,12,14401,11,Mychal Mulder,,,0022000489
2021-02-24_MIA_TOR,2021-02-24,MIA,INCUMBENT_CONDITIONAL,NO_DIRECT_DELTA_IDENTIFIED,,,EX07,PREDEADLINE,NOT_CALCULATED,observed date availability and incumbent transactions conditional; no new injury/event selected,15,14399,9,Chris Silva;KZ Okpala;Maurice Harkless;Max Strus;Udonis Haslem,Tyler Herro,,0022000492
2021-02-24_MIA_TOR,2021-02-24,TOR,INCUMBENT_CONDITIONAL,NO_DIRECT_DELTA_IDENTIFIED,,,EX07,PREDEADLINE,NOT_CALCULATED,observed date availability and incumbent transactions conditional; no new injury/event selected,15,14400,12,Malachi Flynn;Paul Watson;Yuta Watanabe,,,0022000492
2021-02-24_NOP_DET,2021-02-24,NOP,NOP_HAYES,DIRECT_ROSTER_CONTACT,Killian Hayes,Kira Lewis Jr.,EX07,PREDEADLINE,NOT_CALCULATED,observed date availability and incumbent transactions conditional; no new injury/event selected,14,14401,10,Jaxson Hayes;Nicolo Melli;Sindarius Thornwell;Wenyen Gabriel,,Killian Hayes,0022000494
2021-02-24_NOP_DET,2021-02-24,DET,DET_PATRICK_KIRA,DIRECT_ROSTER_CONTACT,Patrick Williams;Kira Lewis Jr.,Saddiq Bey;Killian Hayes,EX07,PREDEADLINE,NOT_CALCULATED,observed date availability and incumbent transactions conditional; no new injury/event selected,12,14400,11,Deividas Sirvydis,,Patrick Williams;Kira Lewis Jr.,0022000494
2021-02-24_OKC_SAS,2021-02-24,OKC,INCUMBENT_CONDITIONAL,NO_DIRECT_DELTA_IDENTIFIED,,,EX07,PREDEADLINE,NOT_CALCULATED,observed date availability and incumbent transactions conditional; no new injury/event selected,12,14400,10,Darius Miller,George Hill,,0022000495
2021-02-24_OKC_SAS,2021-02-24,SAS,INCUMBENT_CONDITIONAL,NO_DIRECT_DELTA_IDENTIFIED,,,EX07,PREDEADLINE,NOT_CALCULATED,observed date availability and incumbent transactions conditional; no new injury/event selected,12,14401,10,,Derrick White,,0022000495
2021-02-24_UTA_LAL,2021-02-24,UTA,INCUMBENT_CONDITIONAL,NO_DIRECT_DELTA_IDENTIFIED,,,EX07,PREDEADLINE,NOT_CALCULATED,observed date availability and incumbent transactions conditional; no new injury/event selected,13,14400,13,,,,0022000497
2021-02-24_UTA_LAL,2021-02-24,LAL,LAL_AD_CORE,TRANSACTION_DEPENDENCY,,,EX06;EX07,PREDEADLINE,NOT_CALCULATED,observed date availability and incumbent transactions conditional; no new injury/event selected,13,14400,13,,,,0022000497
2021-02-25_BKN_ORL,2021-02-25,BKN,INCUMBENT_CONDITIONAL,NO_DIRECT_DELTA_IDENTIFIED,,,EX07,PREDEADLINE,NOT_CALCULATED,observed date availability and incumbent transactions conditional; no new injury/event selected,12,14400,11,,Jeff Green,,0022000499
2021-02-25_BKN_ORL,2021-02-25,ORL,INCUMBENT_CONDITIONAL,NO_DIRECT_DELTA_IDENTIFIED,,,EX07,PREDEADLINE,NOT_CALCULATED,observed date availability and incumbent transactions conditional; no new injury/event selected,12,14400,12,,,,0022000499
2021-02-25_MEM_LAC,2021-02-25,MEM,INCUMBENT_CONDITIONAL,NO_DIRECT_DELTA_IDENTIFIED,,,EX07,PREDEADLINE,NOT_CALCULATED,observed date availability and incumbent transactions conditional; no new injury/event selected,13,14400,13,,,,0022000501
2021-02-25_MEM_LAC,2021-02-25,LAC,INCUMBENT_CONDITIONAL,NO_DIRECT_DELTA_IDENTIFIED,,,EX07,PREDEADLINE,NOT_CALCULATED,observed date availability and incumbent transactions conditional; no new injury/event selected,12,14400,12,,,,0022000501
2021-02-25_MIL_NOP,2021-02-25,MIL,INCUMBENT_CONDITIONAL,NO_DIRECT_DELTA_IDENTIFIED,,,EX07,PREDEADLINE,NOT_CALCULATED,observed date availability and incumbent transactions conditional; no new injury/event selected,12,14400,9,D.J. Wilson;Torrey Craig,,,0022000503
2021-02-25_MIL_NOP,2021-02-25,NOP,NOP_HAYES,DIRECT_ROSTER_CONTACT,Killian Hayes,Kira Lewis Jr.,EX07,PREDEADLINE,NOT_CALCULATED,observed date availability and incumbent transactions conditional; no new injury/event selected,14,14400,8,Jaxson Hayes;Kira Lewis Jr.;Nickeil Alexander-Walker;Nicolo Melli;Sindarius Thornwell;Wenyen Gabriel,,Killian Hayes,0022000503
2021-02-25_NYK_SAC,2021-02-25,NYK,INCUMBENT_CONDITIONAL,NO_DIRECT_DELTA_IDENTIFIED,,,EX07,PREDEADLINE,NOT_CALCULATED,observed date availability and incumbent transactions conditional; no new injury/event selected,13,14400,12,Austin Rivers,,,0022000500
2021-02-25_NYK_SAC,2021-02-25,SAC,INCUMBENT_CONDITIONAL,NO_DIRECT_DELTA_IDENTIFIED,,,EX07,PREDEADLINE,NOT_CALCULATED,observed date availability and incumbent transactions conditional; no new injury/event selected,12,14400,11,Nemanja Bjelica,,,0022000500
2021-02-25_PHI_DAL,2021-02-25,PHI,INCUMBENT_CONDITIONAL,NO_DIRECT_DELTA_IDENTIFIED,,,EX07,PREDEADLINE,NOT_CALCULATED,observed date availability and incumbent transactions conditional; no new injury/event selected,15,14401,15,,,,0022000498
2021-02-25_PHI_DAL,2021-02-25,DAL,DAL_HAMPTON,DIRECT_ROSTER_CONTACT,R.J. Hampton,Tyrell Terry,EX07,PREDEADLINE,NOT_CALCULATED,observed date availability and incumbent transactions conditional; no new injury/event selected,12,14400,12,,,R.J. Hampton,0022000498
2021-02-26_BOS_IND,2021-02-26,BOS,INCUMBENT_CONDITIONAL,NO_DIRECT_DELTA_IDENTIFIED,,,EX07,PREDEADLINE,NOT_CALCULATED,observed date availability and incumbent transactions conditional; no new injury/event selected,15,14400,10,Carsen Edwards;Grant Williams;Semi Ojeleye;Tacko Fall;Tremont Waters,,,0022000505
2021-02-26_BOS_IND,2021-02-26,IND,INCUMBENT_CONDITIONAL,NO_DIRECT_DELTA_IDENTIFIED,,,EX07,PREDEADLINE,NOT_CALCULATED,observed date availability and incumbent transactions conditional; no new injury/event selected,12,14400,9,Goga Bitadze;Kelan Martin,JaKarr Sampson,,0022000505
2021-02-26_DET_SAC,2021-02-26,DET,DET_PATRICK_KIRA,DIRECT_ROSTER_CONTACT,Patrick Williams;Kira Lewis Jr.,Saddiq Bey;Killian Hayes,EX07,PREDEADLINE,NOT_CALCULATED,observed date availability and incumbent transactions conditional; no new injury/event selected,12,14400,10,Deividas Sirvydis;Rodney McGruder,,Patrick Williams;Kira Lewis Jr.,0022000504
2021-02-26_DET_SAC,2021-02-26,SAC,INCUMBENT_CONDITIONAL,NO_DIRECT_DELTA_IDENTIFIED,,,EX07,PREDEADLINE,NOT_CALCULATED,observed date availability and incumbent transactions conditional; no new injury/event selected,12,14401,10,Norvel Pelle,Jabari Parker,,0022000504
2021-02-26_GSW_CHA,2021-02-26,GSW,GSW_WIGGINS_HUTCHISON_INACTIVE,TRANSACTION_DEPENDENCY,,,EX06;EX07,PREDEADLINE,NOT_CALCULATED,observed date availability and incumbent transactions conditional; no new injury/event selected,12,14401,12,,,,0022000511
2021-02-26_GSW_CHA,2021-02-26,CHA,CHA_EDWARDS_TERRY,DIRECT_ROSTER_CONTACT,Anthony Edwards;Tyrell Terry,LaMelo Ball;Grant Riller,EX07,PREDEADLINE,NOT_CALCULATED,observed date availability and incumbent transactions conditional; no new injury/event selected,12,14400,9,,Caleb Martin;Cody Zeller;Devonte' Graham,Anthony Edwards;Tyrell Terry,0022000511
2021-02-26_LAL_POR,2021-02-26,LAL,LAL_AD_CORE,TRANSACTION_DEPENDENCY,,,EX06;EX07,PREDEADLINE,NOT_CALCULATED,observed date availability and incumbent transactions conditional; no new injury/event selected,15,14401,10,Alfonzo McKinnie;Damian Jones;Devontae Cacok;Jared Dudley;Kostas Antetokounmpo,,,0022000512
2021-02-26_LAL_POR,2021-02-26,POR,POR_NO_TRENT,DIRECT_ROSTER_CONTACT,,Gary Trent Jr.;Norman Powell,EX07,PREDEADLINE,NOT_CALCULATED,observed date availability and incumbent transactions conditional; no new injury/event selected,14,14400,9,CJ Elleby;Keljin Blevins,CJ McCollum;Jusuf Nurkic;Zach Collins,,0022000512
2021-02-26_MEM_LAC,2021-02-26,MEM,INCUMBENT_CONDITIONAL,NO_DIRECT_DELTA_IDENTIFIED,,,EX07,PREDEADLINE,NOT_CALCULATED,observed date availability and incumbent transactions conditional; no new injury/event selected,12,14400,10,Gorgui Dieng;John Konchar,,,0022000509
2021-02-26_MEM_LAC,2021-02-26,LAC,INCUMBENT_CONDITIONAL,NO_DIRECT_DELTA_IDENTIFIED,,,EX07,PREDEADLINE,NOT_CALCULATED,observed date availability and incumbent transactions conditional; no new injury/event selected,12,14402,12,,,,0022000509
2021-02-26_MIA_UTA,2021-02-26,MIA,INCUMBENT_CONDITIONAL,NO_DIRECT_DELTA_IDENTIFIED,,,EX07,PREDEADLINE,NOT_CALCULATED,observed date availability and incumbent transactions conditional; no new injury/event selected,15,14401,9,Chris Silva;Maurice Harkless;Max Strus;Precious Achiuwa;Udonis Haslem,Tyler Herro,,0022000507
2021-02-26_MIA_UTA,2021-02-26,UTA,INCUMBENT_CONDITIONAL,NO_DIRECT_DELTA_IDENTIFIED,,,EX07,PREDEADLINE,NOT_CALCULATED,observed date availability and incumbent transactions conditional; no new injury/event selected,13,14400,9,Jarrell Brantley;Juwan Morgan;Miye Oni;Trent Forrest,,,0022000507
2021-02-26_OKC_ATL,2021-02-26,OKC,INCUMBENT_CONDITIONAL,NO_DIRECT_DELTA_IDENTIFIED,,,EX07,PREDEADLINE,NOT_CALCULATED,observed date availability and incumbent transactions conditional; no new injury/event selected,12,14400,9,Darius Miller,George Hill,,0022000510
2021-02-26_OKC_ATL,2021-02-26,ATL,INCUMBENT_CONDITIONAL,NO_DIRECT_DELTA_IDENTIFIED,,,EX07,PREDEADLINE,NOT_CALCULATED,observed date availability and incumbent transactions conditional; no new injury/event selected,13,14400,10,Brandon Goodwin;Bruno Fernando;Nathan Knight,,,0022000510
2021-02-26_TOR_HOU,2021-02-26,TOR,INCUMBENT_CONDITIONAL,NO_DIRECT_DELTA_IDENTIFIED,,,EX07,PREDEADLINE,NOT_CALCULATED,observed date availability and incumbent transactions conditional; no new injury/event selected,14,14400,12,Malachi Flynn;Paul Watson,,,0022000506
2021-02-26_TOR_HOU,2021-02-26,HOU,INCUMBENT_CONDITIONAL,NO_DIRECT_DELTA_IDENTIFIED,,,EX07,PREDEADLINE,NOT_CALCULATED,observed date availability and incumbent transactions conditional; no new injury/event selected,12,14400,9,Ben McLemore;Mason Jones;Rodions Kurucs,,,0022000506
2021-02-27_BKN_DAL,2021-02-27,BKN,INCUMBENT_CONDITIONAL,NO_DIRECT_DELTA_IDENTIFIED,,,EX07,PREDEADLINE,NOT_CALCULATED,observed date availability and incumbent transactions conditional; no new injury/event selected,13,14400,12,,Tyler Johnson,,0022000519
2021-02-27_BKN_DAL,2021-02-27,DAL,DAL_HAMPTON,DIRECT_ROSTER_CONTACT,R.J. Hampton,Tyrell Terry,EX07,PREDEADLINE,NOT_CALCULATED,observed date availability and incumbent transactions conditional; no new injury/event selected,13,14400,13,,,R.J. Hampton,0022000519
2021-02-27_NYK_IND,2021-02-27,NYK,INCUMBENT_CONDITIONAL,NO_DIRECT_DELTA_IDENTIFIED,,,EX07,PREDEADLINE,NOT_CALCULATED,observed date availability and incumbent transactions conditional; no new injury/event selected,13,14400,11,Austin Rivers;Theo Pinson,,,0022000515
2021-02-27_NYK_IND,2021-02-27,IND,INCUMBENT_CONDITIONAL,NO_DIRECT_DELTA_IDENTIFIED,,,EX07,PREDEADLINE,NOT_CALCULATED,observed date availability and incumbent transactions conditional; no new injury/event selected,12,14401,10,Kelan Martin,Malcolm Brogdon,,0022000515
2021-02-27_OKC_DEN,2021-02-27,OKC,INCUMBENT_CONDITIONAL,NO_DIRECT_DELTA_IDENTIFIED,,,EX07,PREDEADLINE,NOT_CALCULATED,observed date availability and incumbent transactions conditional; no new injury/event selected,12,14400,10,,George Hill;Hamidou Diallo,,0022000518
2021-02-27_OKC_DEN,2021-02-27,DEN,DEN_BEY_NNAJI,DIRECT_ROSTER_CONTACT,Saddiq Bey,R.J. Hampton,EX07,PREDEADLINE,NOT_CALCULATED,observed date availability and incumbent transactions conditional; no new injury/event selected,14,14400,14,,,Saddiq Bey,0022000518
2021-02-27_ORL_UTA,2021-02-27,ORL,INCUMBENT_CONDITIONAL,NO_DIRECT_DELTA_IDENTIFIED,,,EX07,PREDEADLINE,NOT_CALCULATED,observed date availability and incumbent transactions conditional; no new injury/event selected,12,14400,10,Khem Birch,James Ennis III,,0022000516
2021-02-27_ORL_UTA,2021-02-27,UTA,INCUMBENT_CONDITIONAL,NO_DIRECT_DELTA_IDENTIFIED,,,EX07,PREDEADLINE,NOT_CALCULATED,observed date availability and incumbent transactions conditional; no new injury/event selected,12,14400,12,,,,0022000516
2021-02-27_PHI_CLE,2021-02-27,PHI,INCUMBENT_CONDITIONAL,NO_DIRECT_DELTA_IDENTIFIED,,,EX07,PREDEADLINE,NOT_CALCULATED,observed date availability and incumbent transactions conditional; no new injury/event selected,14,15900,10,Isaiah Joe;Terrance Ferguson;Tony Bradley;Vincent Poirier,,,0022000513
2021-02-27_PHI_CLE,2021-02-27,CLE,INCUMBENT_CONDITIONAL,NO_DIRECT_DELTA_IDENTIFIED,,,EX07,PREDEADLINE,NOT_CALCULATED,observed date availability and incumbent transactions conditional; no new injury/event selected,12,15901,9,,Cedi Osman;Larry Nance Jr.,,0022000513
2021-02-27_WAS_MIN,2021-02-27,WAS,WAS_TRENT,DIRECT_ROSTER_CONTACT,Gary Trent Jr.,Isaac Bonga;Chandler Hutchison,EX07,PREDEADLINE,NOT_CALCULATED,observed date availability and incumbent transactions conditional; no new injury/event selected,14,14400,13,Jerome Robinson,,Gary Trent Jr.,0022000517
2021-02-27_WAS_MIN,2021-02-27,MIN,MIN_RIVAL,DIRECT_ROSTER_CONTACT,Fictional Rival,Anthony Edwards,EX07,PREDEADLINE,NOT_CALCULATED,observed date availability and incumbent transactions conditional; no new injury/event selected,14,14402,11,Ed Davis;Jake Layman,,Fictional Rival,0022000517
2021-02-28_DET_NYK,2021-02-28,DET,DET_PATRICK_KIRA,DIRECT_ROSTER_CONTACT,Patrick Williams;Kira Lewis Jr.,Saddiq Bey;Killian Hayes,EX07,PREDEADLINE,NOT_CALCULATED,observed date availability and incumbent transactions conditional; no new injury/event selected,12,14400,11,Deividas Sirvydis,,Patrick Williams;Kira Lewis Jr.,0022000521
2021-02-28_DET_NYK,2021-02-28,NYK,INCUMBENT_CONDITIONAL,NO_DIRECT_DELTA_IDENTIFIED,,,EX07,PREDEADLINE,NOT_CALCULATED,observed date availability and incumbent transactions conditional; no new injury/event selected,12,14400,9,Austin Rivers;Kevin Knox II;Theo Pinson,,,0022000521
2021-02-28_HOU_MEM,2021-02-28,HOU,INCUMBENT_CONDITIONAL,NO_DIRECT_DELTA_IDENTIFIED,,,EX07,PREDEADLINE,NOT_CALCULATED,observed date availability and incumbent transactions conditional; no new injury/event selected,12,14400,11,,Victor Oladipo,,0022000525
2021-02-28_HOU_MEM,2021-02-28,MEM,INCUMBENT_CONDITIONAL,NO_DIRECT_DELTA_IDENTIFIED,,,EX07,PREDEADLINE,NOT_CALCULATED,observed date availability and incumbent transactions conditional; no new injury/event selected,13,14400,13,,,,0022000525
2021-02-28_LAL_GSW,2021-02-28,LAL,LAL_AD_CORE,TRANSACTION_DEPENDENCY,,,EX06;EX07,PREDEADLINE,NOT_CALCULATED,observed date availability and incumbent transactions conditional; no new injury/event selected,15,14400,15,,,,0022000527
2021-02-28_LAL_GSW,2021-02-28,GSW,GSW_WIGGINS_HUTCHISON_INACTIVE,TRANSACTION_DEPENDENCY,,,EX06;EX07,PREDEADLINE,NOT_CALCULATED,observed date availability and incumbent transactions conditional; no new injury/event selected,12,14400,12,,,,0022000527
2021-02-28_MIA_ATL,2021-02-28,MIA,INCUMBENT_CONDITIONAL,NO_DIRECT_DELTA_IDENTIFIED,,,EX07,PREDEADLINE,NOT_CALCULATED,observed date availability and incumbent transactions conditional; no new injury/event selected,15,14400,10,Chris Silva;Maurice Harkless;Max Strus;Udonis Haslem,Jimmy Butler,,0022000522
2021-02-28_MIA_ATL,2021-02-28,ATL,INCUMBENT_CONDITIONAL,NO_DIRECT_DELTA_IDENTIFIED,,,EX07,PREDEADLINE,NOT_CALCULATED,observed date availability and incumbent transactions conditional; no new injury/event selected,13,14400,10,Brandon Goodwin;Bruno Fernando;Nathan Knight,,,0022000522
2021-02-28_MIL_LAC,2021-02-28,MIL,INCUMBENT_CONDITIONAL,NO_DIRECT_DELTA_IDENTIFIED,,,EX07,PREDEADLINE,NOT_CALCULATED,observed date availability and incumbent transactions conditional; no new injury/event selected,13,14400,10,D.J. Wilson;Sam Merrill;Torrey Craig,,,0022000520
2021-02-28_MIL_LAC,2021-02-28,LAC,INCUMBENT_CONDITIONAL,NO_DIRECT_DELTA_IDENTIFIED,,,EX07,PREDEADLINE,NOT_CALCULATED,observed date availability and incumbent transactions conditional; no new injury/event selected,12,14401,10,Luke Kennard;Mfiondu Kabengele,,,0022000520
2021-02-28_MIN_PHX,2021-02-28,MIN,MIN_RIVAL,DIRECT_ROSTER_CONTACT,Fictional Rival,Anthony Edwards,EX07,PREDEADLINE,NOT_CALCULATED,observed date availability and incumbent transactions conditional; no new injury/event selected,14,14400,12,Ed Davis,,Fictional Rival,0022000526
2021-02-28_MIN_PHX,2021-02-28,PHX,INCUMBENT_CONDITIONAL,NO_DIRECT_DELTA_IDENTIFIED,,,EX07,PREDEADLINE,NOT_CALCULATED,observed date availability and incumbent transactions conditional; no new injury/event selected,14,14400,13,Langston Galloway,,,0022000526
2021-03-01_HOU_CLE,2021-03-01,HOU,INCUMBENT_CONDITIONAL,NO_DIRECT_DELTA_IDENTIFIED,,,EX07,PREDEADLINE,NOT_CALCULATED,observed date availability and incumbent transactions conditional; no new injury/event selected,12,14400,9,David Nwaba,Eric Gordon;Rodions Kurucs,,0022000532
2021-03-01_HOU_CLE,2021-03-01,CLE,INCUMBENT_CONDITIONAL,NO_DIRECT_DELTA_IDENTIFIED,,,EX07,PREDEADLINE,NOT_CALCULATED,observed date availability and incumbent transactions conditional; no new injury/event selected,12,14400,10,,Larry Nance Jr.;Taurean Prince,,0022000532
2021-03-01_NOP_UTA,2021-03-01,NOP,NOP_HAYES,DIRECT_ROSTER_CONTACT,Killian Hayes,Kira Lewis Jr.,EX07,PREDEADLINE,NOT_CALCULATED,observed date availability and incumbent transactions conditional; no new injury/event selected,14,14400,8,Jaxson Hayes;Kira Lewis Jr.;Nickeil Alexander-Walker;Nicolo Melli;Sindarius Thornwell;Wenyen Gabriel,,Killian Hayes,0022000533
2021-03-01_NOP_UTA,2021-03-01,UTA,INCUMBENT_CONDITIONAL,NO_DIRECT_DELTA_IDENTIFIED,,,EX07,PREDEADLINE,NOT_CALCULATED,observed date availability and incumbent transactions conditional; no new injury/event selected,13,14401,9,Jarrell Brantley;Juwan Morgan;Miye Oni;Trent Forrest,,,0022000533
2021-03-01_ORL_DAL,2021-03-01,ORL,INCUMBENT_CONDITIONAL,NO_DIRECT_DELTA_IDENTIFIED,,,EX07,PREDEADLINE,NOT_CALCULATED,observed date availability and incumbent transactions conditional; no new injury/event selected,12,14400,10,Mo Bamba,James Ennis III,,0022000529
2021-03-01_ORL_DAL,2021-03-01,DAL,DAL_HAMPTON,DIRECT_ROSTER_CONTACT,R.J. Hampton,Tyrell Terry,EX07,PREDEADLINE,NOT_CALCULATED,observed date availability and incumbent transactions conditional; no new injury/event selected,13,14400,10,Boban Marjanovic;James Johnson;Wes Iwundu,,R.J. Hampton,0022000529
2021-03-01_PHI_IND,2021-03-01,PHI,INCUMBENT_CONDITIONAL,NO_DIRECT_DELTA_IDENTIFIED,,,EX07,PREDEADLINE,NOT_CALCULATED,observed date availability and incumbent transactions conditional; no new injury/event selected,13,14401,13,,,,0022000530
2021-03-01_PHI_IND,2021-03-01,IND,INCUMBENT_CONDITIONAL,NO_DIRECT_DELTA_IDENTIFIED,,,EX07,PREDEADLINE,NOT_CALCULATED,observed date availability and incumbent transactions conditional; no new injury/event selected,12,14400,11,,Jeremy Lamb,,0022000530
2021-03-01_POR_CHA,2021-03-01,POR,POR_NO_TRENT,DIRECT_ROSTER_CONTACT,,Gary Trent Jr.;Norman Powell,EX07,PREDEADLINE,NOT_CALCULATED,observed date availability and incumbent transactions conditional; no new injury/event selected,14,14400,9,CJ Elleby;Keljin Blevins,CJ McCollum;Jusuf Nurkic;Zach Collins,,0022000535
2021-03-01_POR_CHA,2021-03-01,CHA,CHA_EDWARDS_TERRY,DIRECT_ROSTER_CONTACT,Anthony Edwards;Tyrell Terry,LaMelo Ball;Grant Riller,EX07,PREDEADLINE,NOT_CALCULATED,observed date availability and incumbent transactions conditional; no new injury/event selected,12,14400,9,,Cody Zeller;Devonte' Graham;Gordon Hayward,Anthony Edwards;Tyrell Terry,0022000535
2021-03-01_SAS_BKN,2021-03-01,SAS,INCUMBENT_CONDITIONAL,NO_DIRECT_DELTA_IDENTIFIED,,,EX07,PREDEADLINE,NOT_CALCULATED,observed date availability and incumbent transactions conditional; no new injury/event selected,12,15900,11,,Derrick White,,0022000534
2021-03-01_SAS_BKN,2021-03-01,BKN,INCUMBENT_CONDITIONAL,NO_DIRECT_DELTA_IDENTIFIED,,,EX07,PREDEADLINE,NOT_CALCULATED,observed date availability and incumbent transactions conditional; no new injury/event selected,12,15903,10,Chris Chiozza;Iman Shumpert,,,0022000534
2021-03-02_BOS_LAC,2021-03-02,BOS,INCUMBENT_CONDITIONAL,NO_DIRECT_DELTA_IDENTIFIED,,,EX07,PREDEADLINE,NOT_CALCULATED,observed date availability and incumbent transactions conditional; no new injury/event selected,15,14400,9,Aaron Nesmith;Carsen Edwards;Grant Williams;Javonte Green;Tacko Fall;Tremont Waters,,,0022000537
2021-03-02_BOS_LAC,2021-03-02,LAC,INCUMBENT_CONDITIONAL,NO_DIRECT_DELTA_IDENTIFIED,,,EX07,PREDEADLINE,NOT_CALCULATED,observed date availability and incumbent transactions conditional; no new injury/event selected,12,14400,10,Mfiondu Kabengele,Kawhi Leonard,,0022000537
2021-03-02_LAL_PHX,2021-03-02,LAL,LAL_AD_CORE,TRANSACTION_DEPENDENCY,,,EX06;EX07,PREDEADLINE,NOT_CALCULATED,observed date availability and incumbent transactions conditional; no new injury/event selected,14,14400,10,Alfonzo McKinnie;Devontae Cacok;Kostas Antetokounmpo,Kyle Kuzma,,0022000542
2021-03-02_LAL_PHX,2021-03-02,PHX,INCUMBENT_CONDITIONAL,NO_DIRECT_DELTA_IDENTIFIED,,,EX07,PREDEADLINE,NOT_CALCULATED,observed date availability and incumbent transactions conditional; no new injury/event selected,14,14400,10,Frank Kaminsky;Jalen Smith;Jevon Carter;Langston Galloway,,,0022000542
2021-03-02_MIA_ATL,2021-03-02,MIA,INCUMBENT_CONDITIONAL,NO_DIRECT_DELTA_IDENTIFIED,,,EX07,PREDEADLINE,NOT_CALCULATED,observed date availability and incumbent transactions conditional; no new injury/event selected,15,14401,10,Chris Silva;KZ Okpala;Maurice Harkless;Udonis Haslem,Jimmy Butler,,0022000538
2021-03-02_MIA_ATL,2021-03-02,ATL,INCUMBENT_CONDITIONAL,NO_DIRECT_DELTA_IDENTIFIED,,,EX07,PREDEADLINE,NOT_CALCULATED,observed date availability and incumbent transactions conditional; no new injury/event selected,14,14400,10,Brandon Goodwin;Bruno Fernando;Nathan Knight;Skylar Mays,,,0022000538
2021-03-02_MIL_DEN,2021-03-02,MIL,INCUMBENT_CONDITIONAL,NO_DIRECT_DELTA_IDENTIFIED,,,EX07,PREDEADLINE,NOT_CALCULATED,observed date availability and incumbent transactions conditional; no new injury/event selected,13,14400,13,,,,0022000540
2021-03-02_MIL_DEN,2021-03-02,DEN,DEN_BEY_NNAJI,DIRECT_ROSTER_CONTACT,Saddiq Bey,R.J. Hampton,EX07,PREDEADLINE,NOT_CALCULATED,observed date availability and incumbent transactions conditional; no new injury/event selected,12,14400,11,,JaMychal Green,Saddiq Bey,0022000540
2021-03-02_SAS_NYK,2021-03-02,SAS,INCUMBENT_CONDITIONAL,NO_DIRECT_DELTA_IDENTIFIED,,,EX07,PREDEADLINE,NOT_CALCULATED,observed date availability and incumbent transactions conditional; no new injury/event selected,12,14400,11,,LaMarcus Aldridge,,0022000541
2021-03-02_SAS_NYK,2021-03-02,NYK,INCUMBENT_CONDITIONAL,NO_DIRECT_DELTA_IDENTIFIED,,,EX07,PREDEADLINE,NOT_CALCULATED,observed date availability and incumbent transactions conditional; no new injury/event selected,12,14400,10,Austin Rivers,Elfrid Payton,,0022000541
2021-03-02_WAS_MEM,2021-03-02,WAS,WAS_TRENT,DIRECT_ROSTER_CONTACT,Gary Trent Jr.,Isaac Bonga;Chandler Hutchison,EX07,PREDEADLINE,NOT_CALCULATED,observed date availability and incumbent transactions conditional; no new injury/event selected,14,14400,13,Jerome Robinson,,Gary Trent Jr.,0022000536
2021-03-02_WAS_MEM,2021-03-02,MEM,INCUMBENT_CONDITIONAL,NO_DIRECT_DELTA_IDENTIFIED,,,EX07,PREDEADLINE,NOT_CALCULATED,observed date availability and incumbent transactions conditional; no new injury/event selected,12,14400,10,Gorgui Dieng;John Konchar,,,0022000536
2021-03-03_DAL_OKC,2021-03-03,DAL,DAL_HAMPTON,DIRECT_ROSTER_CONTACT,R.J. Hampton,Tyrell Terry,EX07,PREDEADLINE,NOT_CALCULATED,observed date availability and incumbent transactions conditional; no new injury/event selected,12,14400,10,Boban Marjanovic;Willie Cauley-Stein,,R.J. Hampton,0022000549
2021-03-03_DAL_OKC,2021-03-03,OKC,INCUMBENT_CONDITIONAL,NO_DIRECT_DELTA_IDENTIFIED,,,EX07,PREDEADLINE,NOT_CALCULATED,observed date availability and incumbent transactions conditional; no new injury/event selected,12,14400,10,Darius Miller,George Hill,,0022000549
2021-03-03_HOU_BKN,2021-03-03,HOU,INCUMBENT_CONDITIONAL,NO_DIRECT_DELTA_IDENTIFIED,,,EX07,PREDEADLINE,NOT_CALCULATED,observed date availability and incumbent transactions conditional; no new injury/event selected,12,14400,8,,Danuel House Jr.;David Nwaba;Eric Gordon;Rodions Kurucs,,0022000546
2021-03-03_HOU_BKN,2021-03-03,BKN,INCUMBENT_CONDITIONAL,NO_DIRECT_DELTA_IDENTIFIED,,,EX07,PREDEADLINE,NOT_CALCULATED,observed date availability and incumbent transactions conditional; no new injury/event selected,12,14400,11,Iman Shumpert,,,0022000546
2021-03-03_MIN_CHA,2021-03-03,MIN,MIN_RIVAL,DIRECT_ROSTER_CONTACT,Fictional Rival,Anthony Edwards,EX07,PREDEADLINE,NOT_CALCULATED,observed date availability and incumbent transactions conditional; no new injury/event selected,14,14400,10,Ed Davis;Josh Okogie;Juancho Hernangomez,,Fictional Rival,0022000547
2021-03-03_MIN_CHA,2021-03-03,CHA,CHA_EDWARDS_TERRY,DIRECT_ROSTER_CONTACT,Anthony Edwards;Tyrell Terry,LaMelo Ball;Grant Riller,EX07,PREDEADLINE,NOT_CALCULATED,observed date availability and incumbent transactions conditional; no new injury/event selected,12,14400,10,,Cody Zeller;Devonte' Graham,Anthony Edwards;Tyrell Terry,0022000547
2021-03-03_ORL_ATL,2021-03-03,ORL,INCUMBENT_CONDITIONAL,NO_DIRECT_DELTA_IDENTIFIED,,,EX07,PREDEADLINE,NOT_CALCULATED,observed date availability and incumbent transactions conditional; no new injury/event selected,12,14400,10,,Evan Fournier;James Ennis III,,0022000544
2021-03-03_ORL_ATL,2021-03-03,ATL,INCUMBENT_CONDITIONAL,NO_DIRECT_DELTA_IDENTIFIED,,,EX07,PREDEADLINE,NOT_CALCULATED,observed date availability and incumbent transactions conditional; no new injury/event selected,13,14400,10,Brandon Goodwin;Nathan Knight;Skylar Mays,,,0022000544
2021-03-03_PHI_UTA,2021-03-03,PHI,INCUMBENT_CONDITIONAL,NO_DIRECT_DELTA_IDENTIFIED,,,EX07,PREDEADLINE,NOT_CALCULATED,observed date availability and incumbent transactions conditional; no new injury/event selected,14,15901,10,Terrance Ferguson;Tony Bradley;Tyrese Maxey;Vincent Poirier,,,0022000545
2021-03-03_PHI_UTA,2021-03-03,UTA,INCUMBENT_CONDITIONAL,NO_DIRECT_DELTA_IDENTIFIED,,,EX07,PREDEADLINE,NOT_CALCULATED,observed date availability and incumbent transactions conditional; no new injury/event selected,13,15900,9,Jarrell Brantley;Juwan Morgan;Miye Oni;Trent Forrest,,,0022000545
2021-03-03_TOR_DET,2021-03-03,TOR,INCUMBENT_CONDITIONAL,NO_DIRECT_DELTA_IDENTIFIED,,,EX07,PREDEADLINE,NOT_CALCULATED,observed date availability and incumbent transactions conditional; no new injury/event selected,12,14400,10,Donta Hall;Jalen Harris,,,0022000539
2021-03-03_TOR_DET,2021-03-03,DET,DET_PATRICK_KIRA,DIRECT_ROSTER_CONTACT,Patrick Williams;Kira Lewis Jr.,Saddiq Bey;Killian Hayes,EX07,PREDEADLINE,NOT_CALCULATED,observed date availability and incumbent transactions conditional; no new injury/event selected,12,14400,10,,Jahlil Okafor;Josh Jackson,Patrick Williams;Kira Lewis Jr.,0022000539
2021-03-04_BOS_TOR,2021-03-04,BOS,INCUMBENT_CONDITIONAL,NO_DIRECT_DELTA_IDENTIFIED,,,EX07,PREDEADLINE,NOT_CALCULATED,observed date availability and incumbent transactions conditional; no new injury/event selected,15,14400,10,Aaron Nesmith;Carsen Edwards;Javonte Green;Tacko Fall;Tremont Waters,,,0022000552
2021-03-04_BOS_TOR,2021-03-04,TOR,INCUMBENT_CONDITIONAL,NO_DIRECT_DELTA_IDENTIFIED,,,EX07,PREDEADLINE,NOT_CALCULATED,observed date availability and incumbent transactions conditional; no new injury/event selected,12,14400,8,Donta Hall;Matt Thomas;Yuta Watanabe,Malachi Flynn,,0022000552
2021-03-04_IND_DEN,2021-03-04,IND,INCUMBENT_CONDITIONAL,NO_DIRECT_DELTA_IDENTIFIED,,,EX07,PREDEADLINE,NOT_CALCULATED,observed date availability and incumbent transactions conditional; no new injury/event selected,12,14401,9,Goga Bitadze;JaKarr Sampson;Kelan Martin,,,0022000553
2021-03-04_IND_DEN,2021-03-04,DEN,DEN_BEY_NNAJI,DIRECT_ROSTER_CONTACT,Saddiq Bey,R.J. Hampton,EX07,PREDEADLINE,NOT_CALCULATED,observed date availability and incumbent transactions conditional; no new injury/event selected,12,14400,9,Bol Bol;Greg Whittington,JaMychal Green,Saddiq Bey,0022000553
2021-03-04_MEM_MIL,2021-03-04,MEM,INCUMBENT_CONDITIONAL,NO_DIRECT_DELTA_IDENTIFIED,,,EX07,PREDEADLINE,NOT_CALCULATED,observed date availability and incumbent transactions conditional; no new injury/event selected,13,14400,10,Gorgui Dieng;John Konchar;Killian Tillie,,,0022000555
2021-03-04_MEM_MIL,2021-03-04,MIL,INCUMBENT_CONDITIONAL,NO_DIRECT_DELTA_IDENTIFIED,,,EX07,PREDEADLINE,NOT_CALCULATED,observed date availability and incumbent transactions conditional; no new injury/event selected,13,14401,10,D.J. Wilson;Sam Merrill;Torrey Craig,,,0022000555
2021-03-04_NOP_MIA,2021-03-04,NOP,NOP_HAYES,DIRECT_ROSTER_CONTACT,Killian Hayes,Kira Lewis Jr.,EX07,PREDEADLINE,NOT_CALCULATED,observed date availability and incumbent transactions conditional; no new injury/event selected,13,14401,9,Sindarius Thornwell;Willy Hernangomez,JJ Redick;Zion Williamson,Killian Hayes,0022000557
2021-03-04_NOP_MIA,2021-03-04,MIA,INCUMBENT_CONDITIONAL,NO_DIRECT_DELTA_IDENTIFIED,,,EX07,PREDEADLINE,NOT_CALCULATED,observed date availability and incumbent transactions conditional; no new injury/event selected,15,14400,9,Chris Silva;Gabe Vincent;Maurice Harkless;Max Strus;Udonis Haslem,Bam Adebayo,,0022000557
2021-03-04_NYK_DET,2021-03-04,NYK,INCUMBENT_CONDITIONAL,NO_DIRECT_DELTA_IDENTIFIED,,,EX07,PREDEADLINE,NOT_CALCULATED,observed date availability and incumbent transactions conditional; no new injury/event selected,12,14400,9,Austin Rivers;Kevin Knox II;Theo Pinson,,,0022000565
2021-03-04_NYK_DET,2021-03-04,DET,DET_PATRICK_KIRA,DIRECT_ROSTER_CONTACT,Patrick Williams;Kira Lewis Jr.,Saddiq Bey;Killian Hayes,EX07,PREDEADLINE,NOT_CALCULATED,observed date availability and incumbent transactions conditional; no new injury/event selected,12,14400,9,Deividas Sirvydis,Jahlil Okafor;Josh Jackson,Patrick Williams;Kira Lewis Jr.,0022000565
2021-03-04_PHX_GSW,2021-03-04,PHX,INCUMBENT_CONDITIONAL,NO_DIRECT_DELTA_IDENTIFIED,,,EX07,PREDEADLINE,NOT_CALCULATED,observed date availability and incumbent transactions conditional; no new injury/event selected,13,14400,12,Langston Galloway,,,0022000185
2021-03-04_PHX_GSW,2021-03-04,GSW,GSW_WIGGINS_HUTCHISON_INACTIVE,TRANSACTION_DEPENDENCY,,,EX06;EX07,PREDEADLINE,NOT_CALCULATED,observed date availability and incumbent transactions conditional; no new injury/event selected,12,14400,11,,Kelly Oubre Jr.,,0022000185
2021-03-04_POR_SAC,2021-03-04,POR,POR_NO_TRENT,DIRECT_ROSTER_CONTACT,,Gary Trent Jr.;Norman Powell,EX07,PREDEADLINE,NOT_CALCULATED,observed date availability and incumbent transactions conditional; no new injury/event selected,14,14401,9,CJ Elleby;Keljin Blevins,CJ McCollum;Jusuf Nurkic;Zach Collins,,0022000558
2021-03-04_POR_SAC,2021-03-04,SAC,INCUMBENT_CONDITIONAL,NO_DIRECT_DELTA_IDENTIFIED,,,EX07,PREDEADLINE,NOT_CALCULATED,observed date availability and incumbent transactions conditional; no new injury/event selected,12,14400,8,Justin James;Kyle Guy;Norvel Pelle,Jabari Parker,,0022000558
2021-03-04_SAS_OKC,2021-03-04,SAS,INCUMBENT_CONDITIONAL,NO_DIRECT_DELTA_IDENTIFIED,,,EX07,PREDEADLINE,NOT_CALCULATED,observed date availability and incumbent transactions conditional; no new injury/event selected,12,14401,10,Tre Jones,LaMarcus Aldridge,,0022000556
2021-03-04_SAS_OKC,2021-03-04,OKC,INCUMBENT_CONDITIONAL,NO_DIRECT_DELTA_IDENTIFIED,,,EX07,PREDEADLINE,NOT_CALCULATED,observed date availability and incumbent transactions conditional; no new injury/event selected,12,14401,9,Darius Miller,George Hill,,0022000556
2021-03-10_DAL_SAS,2021-03-10,DAL,DAL_HAMPTON,DIRECT_ROSTER_CONTACT,R.J. Hampton,Tyrell Terry,EX07,PREDEADLINE,NOT_CALCULATED,observed date availability and incumbent transactions conditional; no new injury/event selected,15,14400,10,Boban Marjanovic;Dwight Powell;Josh Green;Tyler Bey;Wes Iwundu,,R.J. Hampton,0022000567
2021-03-10_DAL_SAS,2021-03-10,SAS,INCUMBENT_CONDITIONAL,NO_DIRECT_DELTA_IDENTIFIED,,,EX07,PREDEADLINE,NOT_CALCULATED,observed date availability and incumbent transactions conditional; no new injury/event selected,13,14400,13,,,,0022000567
2021-03-10_MEM_WAS,2021-03-10,MEM,INCUMBENT_CONDITIONAL,NO_DIRECT_DELTA_IDENTIFIED,,,EX07,PREDEADLINE,NOT_CALCULATED,observed date availability and incumbent transactions conditional; no new injury/event selected,15,14400,10,Gorgui Dieng;John Konchar;Jontay Porter;Killian Tillie;Sean McDermott,,,0022000566
2021-03-10_MEM_WAS,2021-03-10,WAS,WAS_TRENT,DIRECT_ROSTER_CONTACT,Gary Trent Jr.,Isaac Bonga;Chandler Hutchison,EX07,PREDEADLINE,NOT_CALCULATED,observed date availability and incumbent transactions conditional; no new injury/event selected,14,14400,11,Anthony Gill;Isaac Bonga;Jerome Robinson,,Gary Trent Jr.,0022000566
2021-03-11_BKN_BOS,2021-03-11,BKN,INCUMBENT_CONDITIONAL,NO_DIRECT_DELTA_IDENTIFIED,,,EX07,PREDEADLINE,NOT_CALCULATED,observed date availability and incumbent transactions conditional; no new injury/event selected,12,14400,9,Chris Chiozza;Reggie Perry,Timothe Luwawu-Cabarrot,,0022000569
2021-03-11_BKN_BOS,2021-03-11,BOS,INCUMBENT_CONDITIONAL,NO_DIRECT_DELTA_IDENTIFIED,,,EX07,PREDEADLINE,NOT_CALCULATED,observed date availability and incumbent transactions conditional; no new injury/event selected,15,14400,10,Aaron Nesmith;Carsen Edwards;Javonte Green;Semi Ojeleye;Tacko Fall,,,0022000569
2021-03-11_LAC_GSW,2021-03-11,LAC,INCUMBENT_CONDITIONAL,NO_DIRECT_DELTA_IDENTIFIED,,,EX07,PREDEADLINE,NOT_CALCULATED,observed date availability and incumbent transactions conditional; no new injury/event selected,14,14400,14,,,,0022000576
2021-03-11_LAC_GSW,2021-03-11,GSW,GSW_WIGGINS_HUTCHISON_INACTIVE,TRANSACTION_DEPENDENCY,,,EX06;EX07,PREDEADLINE,NOT_CALCULATED,observed date availability and incumbent transactions conditional; no new injury/event selected,14,14400,12,Brad Wanamaker;Mychal Mulder,,,0022000576
2021-03-11_MIA_ORL,2021-03-11,MIA,INCUMBENT_CONDITIONAL,NO_DIRECT_DELTA_IDENTIFIED,,,EX07,PREDEADLINE,NOT_CALCULATED,observed date availability and incumbent transactions conditional; no new injury/event selected,15,14400,11,Gabe Vincent;Max Strus;Udonis Haslem,Bam Adebayo,,0022000571
2021-03-11_MIA_ORL,2021-03-11,ORL,INCUMBENT_CONDITIONAL,NO_DIRECT_DELTA_IDENTIFIED,,,EX07,PREDEADLINE,NOT_CALCULATED,observed date availability and incumbent transactions conditional; no new injury/event selected,12,14400,10,,Evan Fournier;Terrence Ross,,0022000571
2021-03-11_MIL_NYK,2021-03-11,MIL,INCUMBENT_CONDITIONAL,NO_DIRECT_DELTA_IDENTIFIED,,,EX07,PREDEADLINE,NOT_CALCULATED,observed date availability and incumbent transactions conditional; no new injury/event selected,14,14400,14,,,,0022000573
2021-03-11_MIL_NYK,2021-03-11,NYK,INCUMBENT_CONDITIONAL,NO_DIRECT_DELTA_IDENTIFIED,,,EX07,PREDEADLINE,NOT_CALCULATED,observed date availability and incumbent transactions conditional; no new injury/event selected,14,14400,12,Ignas Brazdeikis;Jared Harper,,,0022000573
2021-03-11_NOP_MIN,2021-03-11,NOP,NOP_HAYES,DIRECT_ROSTER_CONTACT,Killian Hayes,Kira Lewis Jr.,EX07,PREDEADLINE,NOT_CALCULATED,observed date availability and incumbent transactions conditional; no new injury/event selected,14,14400,12,Naji Marshall;Wenyen Gabriel,,Killian Hayes,0022000574
2021-03-11_NOP_MIN,2021-03-11,MIN,MIN_RIVAL,DIRECT_ROSTER_CONTACT,Fictional Rival,Anthony Edwards,EX07,PREDEADLINE,NOT_CALCULATED,observed date availability and incumbent transactions conditional; no new injury/event selected,13,14400,10,Ed Davis,Jarrett Culver,Fictional Rival,0022000574
2021-03-11_OKC_DAL,2021-03-11,OKC,INCUMBENT_CONDITIONAL,NO_DIRECT_DELTA_IDENTIFIED,,,EX07,PREDEADLINE,NOT_CALCULATED,observed date availability and incumbent transactions conditional; no new injury/event selected,12,14400,9,Darius Miller;Justin Jackson;Mike Muscala,,,0022000575
2021-03-11_OKC_DAL,2021-03-11,DAL,DAL_HAMPTON,DIRECT_ROSTER_CONTACT,R.J. Hampton,Tyrell Terry,EX07,PREDEADLINE,NOT_CALCULATED,observed date availability and incumbent transactions conditional; no new injury/event selected,15,14400,11,Tyler Bey;Wes Iwundu,Kristaps Porzingis;Luka Doncic,R.J. Hampton,0022000575
2021-03-11_POR_PHX,2021-03-11,POR,POR_NO_TRENT,DIRECT_ROSTER_CONTACT,,Gary Trent Jr.;Norman Powell,EX07,PREDEADLINE,NOT_CALCULATED,observed date availability and incumbent transactions conditional; no new injury/event selected,14,14401,9,CJ Elleby;Keljin Blevins,CJ McCollum;Jusuf Nurkic;Zach Collins,,0022000577
2021-03-11_POR_PHX,2021-03-11,PHX,INCUMBENT_CONDITIONAL,NO_DIRECT_DELTA_IDENTIFIED,,,EX07,PREDEADLINE,NOT_CALCULATED,observed date availability and incumbent transactions conditional; no new injury/event selected,14,14400,10,Jalen Smith;Jevon Carter;Langston Galloway;Ty-Shon Alexander,,,0022000577
2021-03-11_SAC_HOU,2021-03-11,SAC,INCUMBENT_CONDITIONAL,NO_DIRECT_DELTA_IDENTIFIED,,,EX07,PREDEADLINE,NOT_CALCULATED,observed date availability and incumbent transactions conditional; no new injury/event selected,13,14400,11,Jabari Parker;Jahmi'us Ramsey,,,0022000578
2021-03-11_SAC_HOU,2021-03-11,HOU,INCUMBENT_CONDITIONAL,NO_DIRECT_DELTA_IDENTIFIED,,,EX07,PREDEADLINE,NOT_CALCULATED,observed date availability and incumbent transactions conditional; no new injury/event selected,12,14401,9,P.J. Tucker,Danuel House Jr.;David Nwaba,,0022000578
2021-03-11_TOR_ATL,2021-03-11,TOR,INCUMBENT_CONDITIONAL,NO_DIRECT_DELTA_IDENTIFIED,,,EX07,PREDEADLINE,NOT_CALCULATED,observed date availability and incumbent transactions conditional; no new injury/event selected,12,14400,10,Henry Ellenson;Jalen Harris,,,0022000570
2021-03-11_TOR_ATL,2021-03-11,ATL,INCUMBENT_CONDITIONAL,NO_DIRECT_DELTA_IDENTIFIED,,,EX07,PREDEADLINE,NOT_CALCULATED,observed date availability and incumbent transactions conditional; no new injury/event selected,14,14400,10,Brandon Goodwin;Bruno Fernando;Nathan Knight;Skylar Mays,,,0022000570
2021-03-12_LAL_IND,2021-03-12,LAL,LAL_AD_CORE,TRANSACTION_DEPENDENCY,,,EX06;EX07,PREDEADLINE,NOT_CALCULATED,observed date availability and incumbent transactions conditional; no new injury/event selected,12,14400,10,Alfonzo McKinnie;Devontae Cacok,,,0022000585
2021-03-12_LAL_IND,2021-03-12,IND,INCUMBENT_CONDITIONAL,NO_DIRECT_DELTA_IDENTIFIED,,,EX07,PREDEADLINE,NOT_CALCULATED,observed date availability and incumbent transactions conditional; no new injury/event selected,15,14400,10,Brian Bowen II;Cassius Stanley;JaKarr Sampson;Jalen Lecque;Kelan Martin,,,0022000585
2021-03-12_MEM_DEN,2021-03-12,MEM,INCUMBENT_CONDITIONAL,NO_DIRECT_DELTA_IDENTIFIED,,,EX07,PREDEADLINE,NOT_CALCULATED,observed date availability and incumbent transactions conditional; no new injury/event selected,15,14401,10,Gorgui Dieng;Grayson Allen;John Konchar;Jontay Porter;Killian Tillie,,,0022000580
2021-03-12_MEM_DEN,2021-03-12,DEN,DEN_BEY_NNAJI,DIRECT_ROSTER_CONTACT,Saddiq Bey,R.J. Hampton,EX07,PREDEADLINE,NOT_CALCULATED,observed date availability and incumbent transactions conditional; no new injury/event selected,14,14400,9,Bol Bol;Greg Whittington;Markus Howard;Vlatko Cancar,Zeke Nnaji,Saddiq Bey,0022000580
2021-03-12_NOP_CLE,2021-03-12,NOP,NOP_HAYES,DIRECT_ROSTER_CONTACT,Killian Hayes,Kira Lewis Jr.,EX07,PREDEADLINE,NOT_CALCULATED,observed date availability and incumbent transactions conditional; no new injury/event selected,15,14400,14,Will Magnay,,Killian Hayes,0022000581
2021-03-12_NOP_CLE,2021-03-12,CLE,INCUMBENT_CONDITIONAL,NO_DIRECT_DELTA_IDENTIFIED,,,EX07,PREDEADLINE,NOT_CALCULATED,observed date availability and incumbent transactions conditional; no new injury/event selected,13,14401,13,,,,0022000581
2021-03-12_SAS_ORL,2021-03-12,SAS,INCUMBENT_CONDITIONAL,NO_DIRECT_DELTA_IDENTIFIED,,,EX07,PREDEADLINE,NOT_CALCULATED,observed date availability and incumbent transactions conditional; no new injury/event selected,14,14400,13,Quinndary Weatherspoon,,,0022000583
2021-03-12_SAS_ORL,2021-03-12,ORL,INCUMBENT_CONDITIONAL,NO_DIRECT_DELTA_IDENTIFIED,,,EX07,PREDEADLINE,NOT_CALCULATED,observed date availability and incumbent transactions conditional; no new injury/event selected,12,14400,9,,Aaron Gordon;Evan Fournier;Terrence Ross,,0022000583
2021-03-12_UTA_HOU,2021-03-12,UTA,INCUMBENT_CONDITIONAL,NO_DIRECT_DELTA_IDENTIFIED,,,EX07,PREDEADLINE,NOT_CALCULATED,observed date availability and incumbent transactions conditional; no new injury/event selected,15,14400,10,Elijah Hughes;Ersan Ilyasova;Jarrell Brantley;Juwan Morgan,Trent Forrest,,0022000584
2021-03-12_UTA_HOU,2021-03-12,HOU,INCUMBENT_CONDITIONAL,NO_DIRECT_DELTA_IDENTIFIED,,,EX07,PREDEADLINE,NOT_CALCULATED,observed date availability and incumbent transactions conditional; no new injury/event selected,12,14400,9,,Christian Wood;Danuel House Jr.;Victor Oladipo,,0022000584
2021-03-12_WAS_PHI,2021-03-12,WAS,WAS_TRENT,DIRECT_ROSTER_CONTACT,Gary Trent Jr.,Isaac Bonga;Chandler Hutchison,EX07,PREDEADLINE,NOT_CALCULATED,observed date availability and incumbent transactions conditional; no new injury/event selected,15,14400,13,Anthony Gill;Jerome Robinson,,Gary Trent Jr.,0022000579
2021-03-12_WAS_PHI,2021-03-12,PHI,INCUMBENT_CONDITIONAL,NO_DIRECT_DELTA_IDENTIFIED,,,EX07,PREDEADLINE,NOT_CALCULATED,observed date availability and incumbent transactions conditional; no new injury/event selected,13,14401,13,,,,0022000579
2021-03-13_ATL_SAC,2021-03-13,ATL,INCUMBENT_CONDITIONAL,NO_DIRECT_DELTA_IDENTIFIED,,,EX07,PREDEADLINE,NOT_CALCULATED,observed date availability and incumbent transactions conditional; no new injury/event selected,14,14400,14,,,,0022000590
2021-03-13_ATL_SAC,2021-03-13,SAC,INCUMBENT_CONDITIONAL,NO_DIRECT_DELTA_IDENTIFIED,,,EX07,PREDEADLINE,NOT_CALCULATED,observed date availability and incumbent transactions conditional; no new injury/event selected,13,14400,12,Jabari Parker,,,0022000590
2021-03-13_BKN_DET,2021-03-13,BKN,INCUMBENT_CONDITIONAL,NO_DIRECT_DELTA_IDENTIFIED,,,EX07,PREDEADLINE,NOT_CALCULATED,observed date availability and incumbent transactions conditional; no new injury/event selected,12,14400,9,Chris Chiozza;Reggie Perry,Timothe Luwawu-Cabarrot,,0022000587
2021-03-13_BKN_DET,2021-03-13,DET,DET_PATRICK_KIRA,DIRECT_ROSTER_CONTACT,Patrick Williams;Kira Lewis Jr.,Saddiq Bey;Killian Hayes,EX07,PREDEADLINE,NOT_CALCULATED,observed date availability and incumbent transactions conditional; no new injury/event selected,14,14401,10,Deividas Sirvydis;Frank Jackson;Hamidou Diallo,Dennis Smith Jr.,Patrick Williams;Kira Lewis Jr.,0022000587
2021-03-13_CHA_TOR,2021-03-13,CHA,CHA_EDWARDS_TERRY,DIRECT_ROSTER_CONTACT,Anthony Edwards;Tyrell Terry,LaMelo Ball;Grant Riller,EX07,PREDEADLINE,NOT_CALCULATED,observed date availability and incumbent transactions conditional; no new injury/event selected,15,14401,15,,,Anthony Edwards;Tyrell Terry,0022000588
2021-03-13_CHA_TOR,2021-03-13,TOR,INCUMBENT_CONDITIONAL,NO_DIRECT_DELTA_IDENTIFIED,,,EX07,PREDEADLINE,NOT_CALCULATED,observed date availability and incumbent transactions conditional; no new injury/event selected,12,14401,12,,,,0022000588
2021-03-13_DEN_DAL,2021-03-13,DEN,DEN_BEY_NNAJI,DIRECT_ROSTER_CONTACT,Saddiq Bey,R.J. Hampton,EX07,PREDEADLINE,NOT_CALCULATED,observed date availability and incumbent transactions conditional; no new injury/event selected,14,14400,13,Isaiah Hartenstein,,Saddiq Bey,0022000592
2021-03-13_DEN_DAL,2021-03-13,DAL,DAL_HAMPTON,DIRECT_ROSTER_CONTACT,R.J. Hampton,Tyrell Terry,EX07,PREDEADLINE,NOT_CALCULATED,observed date availability and incumbent transactions conditional; no new injury/event selected,14,14400,11,Boban Marjanovic;Wes Iwundu;Willie Cauley-Stein,,R.J. Hampton,0022000592
2021-03-13_MIN_POR,2021-03-13,MIN,MIN_RIVAL,DIRECT_ROSTER_CONTACT,Fictional Rival,Anthony Edwards,EX07,PREDEADLINE,NOT_CALCULATED,observed date availability and incumbent transactions conditional; no new injury/event selected,13,14400,10,Ed Davis,Jarrett Culver,Fictional Rival,0022000591
2021-03-13_MIN_POR,2021-03-13,POR,POR_NO_TRENT,DIRECT_ROSTER_CONTACT,,Gary Trent Jr.;Norman Powell,EX07,PREDEADLINE,NOT_CALCULATED,observed date availability and incumbent transactions conditional; no new injury/event selected,14,14400,9,CJ Elleby;Keljin Blevins,CJ McCollum;Jusuf Nurkic;Zach Collins,,0022000591
2021-03-13_OKC_NYK,2021-03-13,OKC,INCUMBENT_CONDITIONAL,NO_DIRECT_DELTA_IDENTIFIED,,,EX07,PREDEADLINE,NOT_CALCULATED,observed date availability and incumbent transactions conditional; no new injury/event selected,12,14400,9,Darius Miller;Mike Muscala,Josh Hall,,0022000586
2021-03-13_OKC_NYK,2021-03-13,NYK,INCUMBENT_CONDITIONAL,NO_DIRECT_DELTA_IDENTIFIED,,,EX07,PREDEADLINE,NOT_CALCULATED,observed date availability and incumbent transactions conditional; no new injury/event selected,13,14400,11,Ignas Brazdeikis;Jared Harper,,,0022000586
2021-03-13_PHX_IND,2021-03-13,PHX,INCUMBENT_CONDITIONAL,NO_DIRECT_DELTA_IDENTIFIED,,,EX07,PREDEADLINE,NOT_CALCULATED,observed date availability and incumbent transactions conditional; no new injury/event selected,14,14400,11,Jalen Smith;Langston Galloway;Ty-Shon Alexander,,,0022000194
2021-03-13_PHX_IND,2021-03-13,IND,INCUMBENT_CONDITIONAL,NO_DIRECT_DELTA_IDENTIFIED,,,EX07,PREDEADLINE,NOT_CALCULATED,observed date availability and incumbent transactions conditional; no new injury/event selected,15,14400,10,Cassius Stanley;JaKarr Sampson;Jalen Lecque;Kelan Martin,Jeremy Lamb,,0022000194
2021-03-13_WAS_MIL,2021-03-13,WAS,WAS_TRENT,DIRECT_ROSTER_CONTACT,Gary Trent Jr.,Isaac Bonga;Chandler Hutchison,EX07,PREDEADLINE,NOT_CALCULATED,observed date availability and incumbent transactions conditional; no new injury/event selected,15,14400,9,Anthony Gill;Cassius Winston;Jerome Robinson;Moritz Wagner,Davis Bertans,Gary Trent Jr.,0022000589
2021-03-13_WAS_MIL,2021-03-13,MIL,INCUMBENT_CONDITIONAL,NO_DIRECT_DELTA_IDENTIFIED,,,EX07,PREDEADLINE,NOT_CALCULATED,observed date availability and incumbent transactions conditional; no new injury/event selected,15,14400,10,D.J. Wilson;Jordan Nwora;Mamadi Diakite;Sam Merrill;Torrey Craig,,,0022000589
2021-03-14_ATL_CLE,2021-03-14,ATL,INCUMBENT_CONDITIONAL,NO_DIRECT_DELTA_IDENTIFIED,,,EX07,PREDEADLINE,NOT_CALCULATED,observed date availability and incumbent transactions conditional; no new injury/event selected,12,14400,12,,,,0022000597
2021-03-14_ATL_CLE,2021-03-14,CLE,INCUMBENT_CONDITIONAL,NO_DIRECT_DELTA_IDENTIFIED,,,EX07,PREDEADLINE,NOT_CALCULATED,observed date availability and incumbent transactions conditional; no new injury/event selected,14,14400,13,Damyean Dotson,,,0022000597
2021-03-14_GSW_UTA,2021-03-14,GSW,GSW_WIGGINS_HUTCHISON_INACTIVE,TRANSACTION_DEPENDENCY,,,EX06;EX07,PREDEADLINE,NOT_CALCULATED,observed date availability and incumbent transactions conditional; no new injury/event selected,15,14400,11,Alen Smailagic;Brad Wanamaker;Damion Lee;Mychal Mulder,,,0022000594
2021-03-14_GSW_UTA,2021-03-14,UTA,INCUMBENT_CONDITIONAL,NO_DIRECT_DELTA_IDENTIFIED,,,EX07,PREDEADLINE,NOT_CALCULATED,observed date availability and incumbent transactions conditional; no new injury/event selected,15,14400,9,Elijah Hughes;Ersan Ilyasova;Jarrell Brantley;Juwan Morgan;Miye Oni;Trent Forrest,,,0022000594
2021-03-14_HOU_BOS,2021-03-14,HOU,INCUMBENT_CONDITIONAL,NO_DIRECT_DELTA_IDENTIFIED,,,EX07,PREDEADLINE,NOT_CALCULATED,observed date availability and incumbent transactions conditional; no new injury/event selected,12,14400,10,,Christian Wood;Danuel House Jr.,,0022000598
2021-03-14_HOU_BOS,2021-03-14,BOS,INCUMBENT_CONDITIONAL,NO_DIRECT_DELTA_IDENTIFIED,,,EX07,PREDEADLINE,NOT_CALCULATED,observed date availability and incumbent transactions conditional; no new injury/event selected,15,14400,15,,,,0022000598
2021-03-14_NOP_LAC,2021-03-14,NOP,NOP_HAYES,DIRECT_ROSTER_CONTACT,Killian Hayes,Kira Lewis Jr.,EX07,PREDEADLINE,NOT_CALCULATED,observed date availability and incumbent transactions conditional; no new injury/event selected,15,14400,13,Wenyen Gabriel;Will Magnay,,Killian Hayes,0022000601
2021-03-14_NOP_LAC,2021-03-14,LAC,INCUMBENT_CONDITIONAL,NO_DIRECT_DELTA_IDENTIFIED,,,EX07,PREDEADLINE,NOT_CALCULATED,observed date availability and incumbent transactions conditional; no new injury/event selected,13,14400,13,,,,0022000601
2021-03-14_OKC_MEM,2021-03-14,OKC,INCUMBENT_CONDITIONAL,NO_DIRECT_DELTA_IDENTIFIED,,,EX07,PREDEADLINE,NOT_CALCULATED,observed date availability and incumbent transactions conditional; no new injury/event selected,12,14400,9,,Darius Bazley;Luguentz Dort;Theo Maledon,,0022000593
2021-03-14_OKC_MEM,2021-03-14,MEM,INCUMBENT_CONDITIONAL,NO_DIRECT_DELTA_IDENTIFIED,,,EX07,PREDEADLINE,NOT_CALCULATED,observed date availability and incumbent transactions conditional; no new injury/event selected,15,14399,10,Gorgui Dieng;Grayson Allen;John Konchar;Jontay Porter;Killian Tillie,,,0022000593
2021-03-14_ORL_MIA,2021-03-14,ORL,INCUMBENT_CONDITIONAL,NO_DIRECT_DELTA_IDENTIFIED,,,EX07,PREDEADLINE,NOT_CALCULATED,observed date availability and incumbent transactions conditional; no new injury/event selected,12,14400,10,Karim Mane,Aaron Gordon,,0022000596
2021-03-14_ORL_MIA,2021-03-14,MIA,INCUMBENT_CONDITIONAL,NO_DIRECT_DELTA_IDENTIFIED,,,EX07,PREDEADLINE,NOT_CALCULATED,observed date availability and incumbent transactions conditional; no new injury/event selected,15,14400,10,Gabe Vincent;Maurice Harkless;Max Strus;Udonis Haslem,,,0022000596
2021-03-14_PHI_SAS,2021-03-14,PHI,INCUMBENT_CONDITIONAL,NO_DIRECT_DELTA_IDENTIFIED,,,EX07,PREDEADLINE,NOT_CALCULATED,observed date availability and incumbent transactions conditional; no new injury/event selected,15,14400,15,,,,0022000595
2021-03-14_PHI_SAS,2021-03-14,SAS,INCUMBENT_CONDITIONAL,NO_DIRECT_DELTA_IDENTIFIED,,,EX07,PREDEADLINE,NOT_CALCULATED,observed date availability and incumbent transactions conditional; no new injury/event selected,14,14400,14,,,,0022000595
2021-03-15_BKN_NYK,2021-03-15,BKN,INCUMBENT_CONDITIONAL,NO_DIRECT_DELTA_IDENTIFIED,,,EX07,PREDEADLINE,NOT_CALCULATED,observed date availability and incumbent transactions conditional; no new injury/event selected,12,14400,10,Chris Chiozza;Reggie Perry,,,0022000604
2021-03-15_BKN_NYK,2021-03-15,NYK,INCUMBENT_CONDITIONAL,NO_DIRECT_DELTA_IDENTIFIED,,,EX07,PREDEADLINE,NOT_CALCULATED,observed date availability and incumbent transactions conditional; no new injury/event selected,13,14400,9,Ignas Brazdeikis;Jared Harper;Kevin Knox II;Theo Pinson,,,0022000604
2021-03-15_CHA_SAC,2021-03-15,CHA,CHA_EDWARDS_TERRY,DIRECT_ROSTER_CONTACT,Anthony Edwards;Tyrell Terry,LaMelo Ball;Grant Riller,EX07,PREDEADLINE,NOT_CALCULATED,observed date availability and incumbent transactions conditional; no new injury/event selected,15,14400,10,Caleb Martin;Jalen McDaniels;Nate Darling;Nick Richards;Vernon Carey Jr.,,Anthony Edwards;Tyrell Terry,0022000602
2021-03-15_CHA_SAC,2021-03-15,SAC,INCUMBENT_CONDITIONAL,NO_DIRECT_DELTA_IDENTIFIED,,,EX07,PREDEADLINE,NOT_CALCULATED,observed date availability and incumbent transactions conditional; no new injury/event selected,13,14401,10,DaQuan Jeffries;Jahmi'us Ramsey;Kyle Guy,,,0022000602
2021-03-15_DAL_LAC,2021-03-15,DAL,DAL_HAMPTON,DIRECT_ROSTER_CONTACT,R.J. Hampton,Tyrell Terry,EX07,PREDEADLINE,NOT_CALCULATED,observed date availability and incumbent transactions conditional; no new injury/event selected,15,14400,9,Boban Marjanovic;Josh Green;Nate Hinton;Tyler Bey;Tyrell Terry;Wes Iwundu,,R.J. Hampton,0022000605
2021-03-15_DAL_LAC,2021-03-15,LAC,INCUMBENT_CONDITIONAL,NO_DIRECT_DELTA_IDENTIFIED,,,EX07,PREDEADLINE,NOT_CALCULATED,observed date availability and incumbent transactions conditional; no new injury/event selected,13,14400,10,Daniel Oturu;Luke Kennard;Mfiondu Kabengele,,,0022000605
2021-03-15_DEN_IND,2021-03-15,DEN,DEN_BEY_NNAJI,DIRECT_ROSTER_CONTACT,Saddiq Bey,R.J. Hampton,EX07,PREDEADLINE,NOT_CALCULATED,observed date availability and incumbent transactions conditional; no new injury/event selected,14,14400,14,,,Saddiq Bey,0022000606
2021-03-15_DEN_IND,2021-03-15,IND,INCUMBENT_CONDITIONAL,NO_DIRECT_DELTA_IDENTIFIED,,,EX07,PREDEADLINE,NOT_CALCULATED,observed date availability and incumbent transactions conditional; no new injury/event selected,15,14400,13,JaKarr Sampson;Jalen Lecque,,,0022000606
2021-03-15_DET_SAS,2021-03-15,DET,DET_PATRICK_KIRA,DIRECT_ROSTER_CONTACT,Patrick Williams;Kira Lewis Jr.,Saddiq Bey;Killian Hayes,EX07,PREDEADLINE,NOT_CALCULATED,observed date availability and incumbent transactions conditional; no new injury/event selected,12,14400,11,,Dennis Smith Jr.,Patrick Williams;Kira Lewis Jr.,0022000428
2021-03-15_DET_SAS,2021-03-15,SAS,INCUMBENT_CONDITIONAL,NO_DIRECT_DELTA_IDENTIFIED,,,EX07,PREDEADLINE,NOT_CALCULATED,observed date availability and incumbent transactions conditional; no new injury/event selected,13,14400,12,Trey Lyles,,,0022000428
2021-03-15_GSW_LAL,2021-03-15,GSW,GSW_WIGGINS_HUTCHISON_INACTIVE,TRANSACTION_DEPENDENCY,,,EX06;EX07,PREDEADLINE,NOT_CALCULATED,observed date availability and incumbent transactions conditional; no new injury/event selected,15,14400,13,Brad Wanamaker;Mychal Mulder,,,0022000608
2021-03-15_GSW_LAL,2021-03-15,LAL,LAL_AD_CORE,TRANSACTION_DEPENDENCY,,,EX06;EX07,PREDEADLINE,NOT_CALCULATED,observed date availability and incumbent transactions conditional; no new injury/event selected,12,14400,11,,Alex Caruso,,0022000608
2021-03-15_PHX_MEM,2021-03-15,PHX,INCUMBENT_CONDITIONAL,NO_DIRECT_DELTA_IDENTIFIED,,,EX07,PREDEADLINE,NOT_CALCULATED,observed date availability and incumbent transactions conditional; no new injury/event selected,14,14400,11,E'Twaun Moore;Ty-Shon Alexander,Abdel Nader,,0022000607
2021-03-15_PHX_MEM,2021-03-15,MEM,INCUMBENT_CONDITIONAL,NO_DIRECT_DELTA_IDENTIFIED,,,EX07,PREDEADLINE,NOT_CALCULATED,observed date availability and incumbent transactions conditional; no new injury/event selected,15,14400,14,Gorgui Dieng,,,0022000607
2021-03-15_WAS_MIL,2021-03-15,WAS,WAS_TRENT,DIRECT_ROSTER_CONTACT,Gary Trent Jr.,Isaac Bonga;Chandler Hutchison,EX07,PREDEADLINE,NOT_CALCULATED,observed date availability and incumbent transactions conditional; no new injury/event selected,15,14401,10,Anthony Gill;Isaac Bonga;Jerome Robinson;Moritz Wagner;Troy Brown Jr.,,Gary Trent Jr.,0022000603
2021-03-15_WAS_MIL,2021-03-15,MIL,INCUMBENT_CONDITIONAL,NO_DIRECT_DELTA_IDENTIFIED,,,EX07,PREDEADLINE,NOT_CALCULATED,observed date availability and incumbent transactions conditional; no new injury/event selected,15,14400,9,D.J. Wilson;Jordan Nwora;Mamadi Diakite;Sam Merrill;Thanasis Antetokounmpo;Torrey Craig,,,0022000603
2021-03-16_BOS_UTA,2021-03-16,BOS,INCUMBENT_CONDITIONAL,NO_DIRECT_DELTA_IDENTIFIED,,,EX07,PREDEADLINE,NOT_CALCULATED,observed date availability and incumbent transactions conditional; no new injury/event selected,15,14401,10,Aaron Nesmith;Carsen Edwards;Javonte Green;Tacko Fall;Tremont Waters,,,0022000609
2021-03-16_BOS_UTA,2021-03-16,UTA,INCUMBENT_CONDITIONAL,NO_DIRECT_DELTA_IDENTIFIED,,,EX07,PREDEADLINE,NOT_CALCULATED,observed date availability and incumbent transactions conditional; no new injury/event selected,15,14400,9,Elijah Hughes;Ersan Ilyasova;Jarrell Brantley;Juwan Morgan;Miye Oni;Trent Forrest,,,0022000609
2021-03-16_HOU_ATL,2021-03-16,HOU,INCUMBENT_CONDITIONAL,NO_DIRECT_DELTA_IDENTIFIED,,,EX07,PREDEADLINE,NOT_CALCULATED,observed date availability and incumbent transactions conditional; no new injury/event selected,12,14400,8,,Ben McLemore;Christian Wood;Danuel House Jr.;John Wall,,0022000613
2021-03-16_HOU_ATL,2021-03-16,ATL,INCUMBENT_CONDITIONAL,NO_DIRECT_DELTA_IDENTIFIED,,,EX07,PREDEADLINE,NOT_CALCULATED,observed date availability and incumbent transactions conditional; no new injury/event selected,12,14400,9,Brandon Goodwin;Bruno Fernando;Skylar Mays,,,0022000613
2021-03-16_LAL_MIN,2021-03-16,LAL,LAL_AD_CORE,TRANSACTION_DEPENDENCY,,,EX06;EX07,PREDEADLINE,NOT_CALCULATED,observed date availability and incumbent transactions conditional; no new injury/event selected,12,14400,11,,Alex Caruso,,0022000615
2021-03-16_LAL_MIN,2021-03-16,MIN,MIN_RIVAL,DIRECT_ROSTER_CONTACT,Fictional Rival,Anthony Edwards,EX07,PREDEADLINE,NOT_CALCULATED,observed date availability and incumbent transactions conditional; no new injury/event selected,12,14400,10,Ed Davis,,Fictional Rival,0022000615
2021-03-16_MIA_CLE,2021-03-16,MIA,INCUMBENT_CONDITIONAL,NO_DIRECT_DELTA_IDENTIFIED,,,EX07,PREDEADLINE,NOT_CALCULATED,observed date availability and incumbent transactions conditional; no new injury/event selected,15,14400,11,Maurice Harkless;Max Strus;Precious Achiuwa;Udonis Haslem,,,0022000610
2021-03-16_MIA_CLE,2021-03-16,CLE,INCUMBENT_CONDITIONAL,NO_DIRECT_DELTA_IDENTIFIED,,,EX07,PREDEADLINE,NOT_CALCULATED,observed date availability and incumbent transactions conditional; no new injury/event selected,13,14400,10,Brodric Thomas;Damyean Dotson;Lamar Stevens,,,0022000610
2021-03-16_PHI_NYK,2021-03-16,PHI,INCUMBENT_CONDITIONAL,NO_DIRECT_DELTA_IDENTIFIED,,,EX07,PREDEADLINE,NOT_CALCULATED,observed date availability and incumbent transactions conditional; no new injury/event selected,15,14400,10,Isaiah Joe;Paul Reed;Terrance Ferguson;Tyrese Maxey;Vincent Poirier,,,0022000611
2021-03-16_PHI_NYK,2021-03-16,NYK,INCUMBENT_CONDITIONAL,NO_DIRECT_DELTA_IDENTIFIED,,,EX07,PREDEADLINE,NOT_CALCULATED,observed date availability and incumbent transactions conditional; no new injury/event selected,13,14400,9,Ignas Brazdeikis;Jared Harper;Kevin Knox II;Theo Pinson,,,0022000611
2021-03-17_CLE_BOS,2021-03-17,CLE,INCUMBENT_CONDITIONAL,NO_DIRECT_DELTA_IDENTIFIED,,,EX07,PREDEADLINE,NOT_CALCULATED,observed date availability and incumbent transactions conditional; no new injury/event selected,13,14400,10,Brodric Thomas;Damyean Dotson;Lamar Stevens,,,0022000620
2021-03-17_CLE_BOS,2021-03-17,BOS,INCUMBENT_CONDITIONAL,NO_DIRECT_DELTA_IDENTIFIED,,,EX07,PREDEADLINE,NOT_CALCULATED,observed date availability and incumbent transactions conditional; no new injury/event selected,14,14400,11,Aaron Nesmith;Tacko Fall;Tremont Waters,,,0022000620
2021-03-17_DAL_LAC,2021-03-17,DAL,DAL_HAMPTON,DIRECT_ROSTER_CONTACT,R.J. Hampton,Tyrell Terry,EX07,PREDEADLINE,NOT_CALCULATED,observed date availability and incumbent transactions conditional; no new injury/event selected,14,14401,10,Boban Marjanovic;Josh Green;Nate Hinton;Tyler Bey,,R.J. Hampton,0022000625
2021-03-17_DAL_LAC,2021-03-17,LAC,INCUMBENT_CONDITIONAL,NO_DIRECT_DELTA_IDENTIFIED,,,EX07,PREDEADLINE,NOT_CALCULATED,observed date availability and incumbent transactions conditional; no new injury/event selected,13,14400,11,Luke Kennard;Patrick Patterson,,,0022000625
2021-03-17_DEN_CHA,2021-03-17,DEN,DEN_BEY_NNAJI,DIRECT_ROSTER_CONTACT,Saddiq Bey,R.J. Hampton,EX07,PREDEADLINE,NOT_CALCULATED,observed date availability and incumbent transactions conditional; no new injury/event selected,14,14400,13,Greg Whittington,,Saddiq Bey,0022000624
2021-03-17_DEN_CHA,2021-03-17,CHA,CHA_EDWARDS_TERRY,DIRECT_ROSTER_CONTACT,Anthony Edwards;Tyrell Terry,LaMelo Ball;Grant Riller,EX07,PREDEADLINE,NOT_CALCULATED,observed date availability and incumbent transactions conditional; no new injury/event selected,15,14400,14,Nate Darling,,Anthony Edwards;Tyrell Terry,0022000624
2021-03-17_DET_TOR,2021-03-17,DET,DET_PATRICK_KIRA,DIRECT_ROSTER_CONTACT,Patrick Williams;Kira Lewis Jr.,Saddiq Bey;Killian Hayes,EX07,PREDEADLINE,NOT_CALCULATED,observed date availability and incumbent transactions conditional; no new injury/event selected,12,14400,9,Deividas Sirvydis;Dennis Smith Jr.,Rodney McGruder,Patrick Williams;Kira Lewis Jr.,0022000616
2021-03-17_DET_TOR,2021-03-17,TOR,INCUMBENT_CONDITIONAL,NO_DIRECT_DELTA_IDENTIFIED,,,EX07,PREDEADLINE,NOT_CALCULATED,observed date availability and incumbent transactions conditional; no new injury/event selected,15,14400,10,DeAndre' Bembry;Henry Ellenson;Malachi Flynn;Patrick McCaw;Terence Davis,,,0022000616
2021-03-17_HOU_GSW,2021-03-17,HOU,INCUMBENT_CONDITIONAL,NO_DIRECT_DELTA_IDENTIFIED,,,EX07,PREDEADLINE,NOT_CALCULATED,observed date availability and incumbent transactions conditional; no new injury/event selected,12,14400,9,,Ben McLemore;John Wall;Victor Oladipo,,0022000622
2021-03-17_HOU_GSW,2021-03-17,GSW,GSW_WIGGINS_HUTCHISON_INACTIVE,TRANSACTION_DEPENDENCY,,,EX06;EX07,PREDEADLINE,NOT_CALCULATED,observed date availability and incumbent transactions conditional; no new injury/event selected,13,14401,10,Alen Smailagic;Brad Wanamaker;Mychal Mulder,,,0022000622
2021-03-17_IND_BKN,2021-03-17,IND,INCUMBENT_CONDITIONAL,NO_DIRECT_DELTA_IDENTIFIED,,,EX07,PREDEADLINE,NOT_CALCULATED,observed date availability and incumbent transactions conditional; no new injury/event selected,15,14400,10,Brian Bowen II;Cassius Stanley;JaKarr Sampson;Jalen Lecque;Kelan Martin,,,0022000617
2021-03-17_IND_BKN,2021-03-17,BKN,INCUMBENT_CONDITIONAL,NO_DIRECT_DELTA_IDENTIFIED,,,EX07,PREDEADLINE,NOT_CALCULATED,observed date availability and incumbent transactions conditional; no new injury/event selected,12,14400,9,Chris Chiozza;Reggie Perry,Kyrie Irving,,0022000617
2021-03-17_MEM_MIA,2021-03-17,MEM,INCUMBENT_CONDITIONAL,NO_DIRECT_DELTA_IDENTIFIED,,,EX07,PREDEADLINE,NOT_CALCULATED,observed date availability and incumbent transactions conditional; no new injury/event selected,15,14400,10,Gorgui Dieng;John Konchar;Jontay Porter;Killian Tillie;Xavier Tillman,,,0022000623
2021-03-17_MEM_MIA,2021-03-17,MIA,INCUMBENT_CONDITIONAL,NO_DIRECT_DELTA_IDENTIFIED,,,EX07,PREDEADLINE,NOT_CALCULATED,observed date availability and incumbent transactions conditional; no new injury/event selected,15,14402,10,Chris Silva;Gabe Vincent;Udonis Haslem,Andre Iguodala;Maurice Harkless,,0022000623
2021-03-17_PHI_MIL,2021-03-17,PHI,INCUMBENT_CONDITIONAL,NO_DIRECT_DELTA_IDENTIFIED,,,EX07,PREDEADLINE,NOT_CALCULATED,observed date availability and incumbent transactions conditional; no new injury/event selected,15,15900,10,Isaiah Joe;Paul Reed;Terrance Ferguson;Tyrese Maxey;Vincent Poirier,,,0022000618
2021-03-17_PHI_MIL,2021-03-17,MIL,INCUMBENT_CONDITIONAL,NO_DIRECT_DELTA_IDENTIFIED,,,EX07,PREDEADLINE,NOT_CALCULATED,observed date availability and incumbent transactions conditional; no new injury/event selected,15,15901,9,D.J. Augustin;D.J. Wilson;Jordan Nwora;Mamadi Diakite;Sam Merrill;Torrey Craig,,,0022000618
2021-03-18_ATL_OKC,2021-03-18,ATL,INCUMBENT_CONDITIONAL,NO_DIRECT_DELTA_IDENTIFIED,,,EX07,PREDEADLINE,NOT_CALCULATED,observed date availability and incumbent transactions conditional; no new injury/event selected,14,14400,14,,,,0022000626
2021-03-18_ATL_OKC,2021-03-18,OKC,INCUMBENT_CONDITIONAL,NO_DIRECT_DELTA_IDENTIFIED,,,EX07,PREDEADLINE,NOT_CALCULATED,observed date availability and incumbent transactions conditional; no new injury/event selected,13,14400,10,Darius Miller;Justin Jackson;Mike Muscala,,,0022000626
2021-03-18_LAL_CHA,2021-03-18,LAL,LAL_AD_CORE,TRANSACTION_DEPENDENCY,,,EX06;EX07,PREDEADLINE,NOT_CALCULATED,observed date availability and incumbent transactions conditional; no new injury/event selected,12,14400,10,Alfonzo McKinnie;Devontae Cacok,,,0022000630
2021-03-18_LAL_CHA,2021-03-18,CHA,CHA_EDWARDS_TERRY,DIRECT_ROSTER_CONTACT,Anthony Edwards;Tyrell Terry,LaMelo Ball;Grant Riller,EX07,PREDEADLINE,NOT_CALCULATED,observed date availability and incumbent transactions conditional; no new injury/event selected,15,14400,10,Caleb Martin;Jalen McDaniels;Nate Darling;Nick Richards;Vernon Carey Jr.,,Anthony Edwards;Tyrell Terry,0022000630
2021-03-18_NYK_ORL,2021-03-18,NYK,INCUMBENT_CONDITIONAL,NO_DIRECT_DELTA_IDENTIFIED,,,EX07,PREDEADLINE,NOT_CALCULATED,observed date availability and incumbent transactions conditional; no new injury/event selected,12,14399,9,Ignas Brazdeikis;Jared Harper;Theo Pinson,,,0022000627
2021-03-18_NYK_ORL,2021-03-18,ORL,INCUMBENT_CONDITIONAL,NO_DIRECT_DELTA_IDENTIFIED,,,EX07,PREDEADLINE,NOT_CALCULATED,observed date availability and incumbent transactions conditional; no new injury/event selected,13,14400,9,Gary Clark;Karim Mane,Michael Carter-Williams;Terrence Ross,,0022000627
2021-03-18_PHX_MIN,2021-03-18,PHX,INCUMBENT_CONDITIONAL,NO_DIRECT_DELTA_IDENTIFIED,,,EX07,PREDEADLINE,NOT_CALCULATED,observed date availability and incumbent transactions conditional; no new injury/event selected,14,14400,11,E'Twaun Moore;Jalen Smith;Ty-Shon Alexander,,,0022000628
2021-03-18_PHX_MIN,2021-03-18,MIN,MIN_RIVAL,DIRECT_ROSTER_CONTACT,Fictional Rival,Anthony Edwards,EX07,PREDEADLINE,NOT_CALCULATED,observed date availability and incumbent transactions conditional; no new injury/event selected,13,14400,10,Ed Davis,Jarrett Culver,Fictional Rival,0022000628
2021-03-18_POR_NOP,2021-03-18,POR,POR_NO_TRENT,DIRECT_ROSTER_CONTACT,,Gary Trent Jr.;Norman Powell,EX07,PREDEADLINE,NOT_CALCULATED,observed date availability and incumbent transactions conditional; no new injury/event selected,14,14400,9,Anfernee Simons;CJ Elleby;Harry Giles III,Jusuf Nurkic;Zach Collins,,0022000629
2021-03-18_POR_NOP,2021-03-18,NOP,NOP_HAYES,DIRECT_ROSTER_CONTACT,Killian Hayes,Kira Lewis Jr.,EX07,PREDEADLINE,NOT_CALCULATED,observed date availability and incumbent transactions conditional; no new injury/event selected,15,14401,9,Naji Marshall;Nicolo Melli;Sindarius Thornwell;Wenyen Gabriel;Will Magnay;Willy Hernangomez,,Killian Hayes,0022000629
2021-03-18_WAS_UTA,2021-03-18,WAS,WAS_TRENT,DIRECT_ROSTER_CONTACT,Gary Trent Jr.,Isaac Bonga;Chandler Hutchison,EX07,PREDEADLINE,NOT_CALCULATED,observed date availability and incumbent transactions conditional; no new injury/event selected,15,14399,10,Anthony Gill;Cassius Winston;Jerome Robinson;Moritz Wagner;Troy Brown Jr.,,Gary Trent Jr.,0022000166
2021-03-18_WAS_UTA,2021-03-18,UTA,INCUMBENT_CONDITIONAL,NO_DIRECT_DELTA_IDENTIFIED,,,EX07,PREDEADLINE,NOT_CALCULATED,observed date availability and incumbent transactions conditional; no new injury/event selected,14,14400,13,Ersan Ilyasova,,,0022000166
2021-03-19_BOS_SAC,2021-03-19,BOS,INCUMBENT_CONDITIONAL,NO_DIRECT_DELTA_IDENTIFIED,,,EX07,PREDEADLINE,NOT_CALCULATED,observed date availability and incumbent transactions conditional; no new injury/event selected,15,14401,9,Carsen Edwards;Javonte Green;Jeff Teague;Semi Ojeleye;Tacko Fall;Tremont Waters,,,0022000631
2021-03-19_BOS_SAC,2021-03-19,SAC,INCUMBENT_CONDITIONAL,NO_DIRECT_DELTA_IDENTIFIED,,,EX07,PREDEADLINE,NOT_CALCULATED,observed date availability and incumbent transactions conditional; no new injury/event selected,13,14400,9,DaQuan Jeffries;Jabari Parker;Kyle Guy;Robert Woodard II,,,0022000631
2021-03-19_CLE_SAS,2021-03-19,CLE,INCUMBENT_CONDITIONAL,NO_DIRECT_DELTA_IDENTIFIED,,,EX07,PREDEADLINE,NOT_CALCULATED,observed date availability and incumbent transactions conditional; no new injury/event selected,12,14400,10,Damyean Dotson;Quinn Cook,,,0022000435
2021-03-19_CLE_SAS,2021-03-19,SAS,INCUMBENT_CONDITIONAL,NO_DIRECT_DELTA_IDENTIFIED,,,EX07,PREDEADLINE,NOT_CALCULATED,observed date availability and incumbent transactions conditional; no new injury/event selected,14,14400,10,Lonnie Walker IV;Luka Samanic;Quinndary Weatherspoon;Trey Lyles,,,0022000435
2021-03-19_HOU_DET,2021-03-19,HOU,INCUMBENT_CONDITIONAL,NO_DIRECT_DELTA_IDENTIFIED,,,EX07,PREDEADLINE,NOT_CALCULATED,observed date availability and incumbent transactions conditional; no new injury/event selected,14,14400,11,Ben McLemore;Justin Patton;Mason Jones,,,0022000635
2021-03-19_HOU_DET,2021-03-19,DET,DET_PATRICK_KIRA,DIRECT_ROSTER_CONTACT,Patrick Williams;Kira Lewis Jr.,Saddiq Bey;Killian Hayes,EX07,PREDEADLINE,NOT_CALCULATED,observed date availability and incumbent transactions conditional; no new injury/event selected,12,14400,12,,,Patrick Williams;Kira Lewis Jr.,0022000635
2021-03-19_MEM_GSW,2021-03-19,MEM,INCUMBENT_CONDITIONAL,NO_DIRECT_DELTA_IDENTIFIED,,,EX07,PREDEADLINE,NOT_CALCULATED,observed date availability and incumbent transactions conditional; no new injury/event selected,15,14400,13,Gorgui Dieng;Jontay Porter,,,0022000636
2021-03-19_MEM_GSW,2021-03-19,GSW,GSW_WIGGINS_HUTCHISON_INACTIVE,TRANSACTION_DEPENDENCY,,,EX06;EX07,PREDEADLINE,NOT_CALCULATED,observed date availability and incumbent transactions conditional; no new injury/event selected,13,14400,12,,Stephen Curry,,0022000636
2021-03-19_MIA_IND,2021-03-19,MIA,INCUMBENT_CONDITIONAL,NO_DIRECT_DELTA_IDENTIFIED,,,EX07,PREDEADLINE,NOT_CALCULATED,observed date availability and incumbent transactions conditional; no new injury/event selected,15,14400,13,Maurice Harkless,Andre Iguodala,,0022000632
2021-03-19_MIA_IND,2021-03-19,IND,INCUMBENT_CONDITIONAL,NO_DIRECT_DELTA_IDENTIFIED,,,EX07,PREDEADLINE,NOT_CALCULATED,observed date availability and incumbent transactions conditional; no new injury/event selected,15,14400,12,Brian Bowen II;Jalen Lecque;Kelan Martin,,,0022000632
2021-03-19_ORL_BKN,2021-03-19,ORL,INCUMBENT_CONDITIONAL,NO_DIRECT_DELTA_IDENTIFIED,,,EX07,PREDEADLINE,NOT_CALCULATED,observed date availability and incumbent transactions conditional; no new injury/event selected,12,14400,9,Gary Clark;Karim Mane,Terrence Ross,,0022000633
2021-03-19_ORL_BKN,2021-03-19,BKN,INCUMBENT_CONDITIONAL,NO_DIRECT_DELTA_IDENTIFIED,,,EX07,PREDEADLINE,NOT_CALCULATED,observed date availability and incumbent transactions conditional; no new injury/event selected,12,14400,9,Chris Chiozza;Reggie Perry;Timothe Luwawu-Cabarrot,,,0022000633
2021-03-19_PHX_MIN,2021-03-19,PHX,INCUMBENT_CONDITIONAL,NO_DIRECT_DELTA_IDENTIFIED,,,EX07,PREDEADLINE,NOT_CALCULATED,observed date availability and incumbent transactions conditional; no new injury/event selected,15,14400,11,E'Twaun Moore;Jevon Carter;Torrey Craig;Ty-Shon Alexander,,,0022000638
2021-03-19_PHX_MIN,2021-03-19,MIN,MIN_RIVAL,DIRECT_ROSTER_CONTACT,Fictional Rival,Anthony Edwards,EX07,PREDEADLINE,NOT_CALCULATED,observed date availability and incumbent transactions conditional; no new injury/event selected,13,14400,11,Ed Davis,,Fictional Rival,0022000638
2021-03-19_POR_DAL,2021-03-19,POR,POR_NO_TRENT,DIRECT_ROSTER_CONTACT,,Gary Trent Jr.;Norman Powell,EX07,PREDEADLINE,NOT_CALCULATED,observed date availability and incumbent transactions conditional; no new injury/event selected,14,14401,9,Anfernee Simons;CJ Elleby;Harry Giles III,Jusuf Nurkic;Zach Collins,,0022000639
2021-03-19_POR_DAL,2021-03-19,DAL,DAL_HAMPTON,DIRECT_ROSTER_CONTACT,R.J. Hampton,Tyrell Terry,EX07,PREDEADLINE,NOT_CALCULATED,observed date availability and incumbent transactions conditional; no new injury/event selected,13,14401,9,Boban Marjanovic;Josh Green;Nate Hinton;Tyler Bey,,R.J. Hampton,0022000639
2021-03-19_TOR_UTA,2021-03-19,TOR,INCUMBENT_CONDITIONAL,NO_DIRECT_DELTA_IDENTIFIED,,,EX07,PREDEADLINE,NOT_CALCULATED,observed date availability and incumbent transactions conditional; no new injury/event selected,15,14401,9,DeAndre' Bembry;Matt Thomas;Patrick McCaw;Stanley Johnson;Terence Davis;Yuta Watanabe,,,0022000634
2021-03-19_TOR_UTA,2021-03-19,UTA,INCUMBENT_CONDITIONAL,NO_DIRECT_DELTA_IDENTIFIED,,,EX07,PREDEADLINE,NOT_CALCULATED,observed date availability and incumbent transactions conditional; no new injury/event selected,15,14400,9,Elijah Hughes;Ersan Ilyasova;Jarrell Brantley;Juwan Morgan;Miye Oni;Trent Forrest,,,0022000634
2021-03-20_LAC_CHA,2021-03-20,LAC,INCUMBENT_CONDITIONAL,NO_DIRECT_DELTA_IDENTIFIED,,,EX07,PREDEADLINE,NOT_CALCULATED,observed date availability and incumbent transactions conditional; no new injury/event selected,13,14400,13,,,,0022000644
2021-03-20_LAC_CHA,2021-03-20,CHA,CHA_EDWARDS_TERRY,DIRECT_ROSTER_CONTACT,Anthony Edwards;Tyrell Terry,LaMelo Ball;Grant Riller,EX07,PREDEADLINE,NOT_CALCULATED,observed date availability and incumbent transactions conditional; no new injury/event selected,15,14400,12,Grant Riller;Nate Darling;Nick Richards,,Anthony Edwards;Tyrell Terry,0022000644
2021-03-20_LAL_ATL,2021-03-20,LAL,LAL_AD_CORE,TRANSACTION_DEPENDENCY,,,EX06;EX07,PREDEADLINE,NOT_CALCULATED,observed date availability and incumbent transactions conditional; no new injury/event selected,13,14402,11,Devontae Cacok;Kostas Antetokounmpo,,,0022000640
2021-03-20_LAL_ATL,2021-03-20,ATL,INCUMBENT_CONDITIONAL,NO_DIRECT_DELTA_IDENTIFIED,,,EX07,PREDEADLINE,NOT_CALCULATED,observed date availability and incumbent transactions conditional; no new injury/event selected,13,14400,11,Bruno Fernando;Skylar Mays,,,0022000640
2021-03-20_MEM_GSW,2021-03-20,MEM,INCUMBENT_CONDITIONAL,NO_DIRECT_DELTA_IDENTIFIED,,,EX07,PREDEADLINE,NOT_CALCULATED,observed date availability and incumbent transactions conditional; no new injury/event selected,15,14400,10,Gorgui Dieng;John Konchar;Jontay Porter;Killian Tillie;Xavier Tillman,,,0022000642
2021-03-20_MEM_GSW,2021-03-20,GSW,GSW_WIGGINS_HUTCHISON_INACTIVE,TRANSACTION_DEPENDENCY,,,EX06;EX07,PREDEADLINE,NOT_CALCULATED,observed date availability and incumbent transactions conditional; no new injury/event selected,12,14400,11,,Stephen Curry,,0022000642
2021-03-20_MIL_SAS,2021-03-20,MIL,INCUMBENT_CONDITIONAL,NO_DIRECT_DELTA_IDENTIFIED,,,EX07,PREDEADLINE,NOT_CALCULATED,observed date availability and incumbent transactions conditional; no new injury/event selected,14,14400,11,Axel Toupane;Mamadi Diakite;Thanasis Antetokounmpo,,,0022000643
2021-03-20_MIL_SAS,2021-03-20,SAS,INCUMBENT_CONDITIONAL,NO_DIRECT_DELTA_IDENTIFIED,,,EX07,PREDEADLINE,NOT_CALCULATED,observed date availability and incumbent transactions conditional; no new injury/event selected,14,14400,10,Luka Samanic;Trey Lyles,,,0022000643
2021-03-20_PHI_SAC,2021-03-20,PHI,INCUMBENT_CONDITIONAL,NO_DIRECT_DELTA_IDENTIFIED,,,EX07,PREDEADLINE,NOT_CALCULATED,observed date availability and incumbent transactions conditional; no new injury/event selected,15,14399,14,,Ben Simmons,,0022000641
2021-03-20_PHI_SAC,2021-03-20,SAC,INCUMBENT_CONDITIONAL,NO_DIRECT_DELTA_IDENTIFIED,,,EX07,PREDEADLINE,NOT_CALCULATED,observed date availability and incumbent transactions conditional; no new injury/event selected,13,14400,12,Jabari Parker,,,0022000641
2021-03-21_BKN_WAS,2021-03-21,BKN,INCUMBENT_CONDITIONAL,NO_DIRECT_DELTA_IDENTIFIED,,,EX07,PREDEADLINE,NOT_CALCULATED,observed date availability and incumbent transactions conditional; no new injury/event selected,13,14401,10,Chris Chiozza;Reggie Perry;Timothe Luwawu-Cabarrot,,,0022000647
2021-03-21_BKN_WAS,2021-03-21,WAS,WAS_TRENT,DIRECT_ROSTER_CONTACT,Gary Trent Jr.,Isaac Bonga;Chandler Hutchison,EX07,PREDEADLINE,NOT_CALCULATED,observed date availability and incumbent transactions conditional; no new injury/event selected,14,14400,9,Anthony Gill;Cassius Winston;Jerome Robinson;Moritz Wagner;Troy Brown Jr.,,Gary Trent Jr.,0022000647
2021-03-21_BOS_ORL,2021-03-21,BOS,INCUMBENT_CONDITIONAL,NO_DIRECT_DELTA_IDENTIFIED,,,EX07,PREDEADLINE,NOT_CALCULATED,observed date availability and incumbent transactions conditional; no new injury/event selected,15,14400,11,Carsen Edwards;Javonte Green;Jeff Teague;Tremont Waters,,,0022000167
2021-03-21_BOS_ORL,2021-03-21,ORL,INCUMBENT_CONDITIONAL,NO_DIRECT_DELTA_IDENTIFIED,,,EX07,PREDEADLINE,NOT_CALCULATED,observed date availability and incumbent transactions conditional; no new injury/event selected,12,14400,12,,,,0022000167
2021-03-21_CLE_TOR,2021-03-21,CLE,INCUMBENT_CONDITIONAL,NO_DIRECT_DELTA_IDENTIFIED,,,EX07,PREDEADLINE,NOT_CALCULATED,observed date availability and incumbent transactions conditional; no new injury/event selected,13,14400,9,Brodric Thomas;Damyean Dotson;Lamar Stevens;Quinn Cook,,,0022000648
2021-03-21_CLE_TOR,2021-03-21,TOR,INCUMBENT_CONDITIONAL,NO_DIRECT_DELTA_IDENTIFIED,,,EX07,PREDEADLINE,NOT_CALCULATED,observed date availability and incumbent transactions conditional; no new injury/event selected,15,14400,11,DeAndre' Bembry;Matt Thomas;Terence Davis;Yuta Watanabe,,,0022000648
2021-03-21_DEN_NOP,2021-03-21,DEN,DEN_BEY_NNAJI,DIRECT_ROSTER_CONTACT,Saddiq Bey,R.J. Hampton,EX07,PREDEADLINE,NOT_CALCULATED,observed date availability and incumbent transactions conditional; no new injury/event selected,14,14400,9,Bol Bol;Markus Howard;R.J. Hampton;Vlatko Cancar;Zeke Nnaji,,Saddiq Bey,0022000646
2021-03-21_DEN_NOP,2021-03-21,NOP,NOP_HAYES,DIRECT_ROSTER_CONTACT,Killian Hayes,Kira Lewis Jr.,EX07,PREDEADLINE,NOT_CALCULATED,observed date availability and incumbent transactions conditional; no new injury/event selected,14,14400,9,Naji Marshall;Wenyen Gabriel;Will Magnay;Willy Hernangomez,Lonzo Ball,Killian Hayes,0022000646
2021-03-21_HOU_OKC,2021-03-21,HOU,INCUMBENT_CONDITIONAL,NO_DIRECT_DELTA_IDENTIFIED,,,EX07,PREDEADLINE,NOT_CALCULATED,observed date availability and incumbent transactions conditional; no new injury/event selected,12,14400,9,Anthony Lamb;Ben McLemore;Justin Patton,,,0022000016
2021-03-21_HOU_OKC,2021-03-21,OKC,INCUMBENT_CONDITIONAL,NO_DIRECT_DELTA_IDENTIFIED,,,EX07,PREDEADLINE,NOT_CALCULATED,observed date availability and incumbent transactions conditional; no new injury/event selected,12,14400,9,Darius Miller;Mike Muscala,Shai Gilgeous-Alexander,,0022000016
2021-03-21_NYK_PHI,2021-03-21,NYK,INCUMBENT_CONDITIONAL,NO_DIRECT_DELTA_IDENTIFIED,,,EX07,PREDEADLINE,NOT_CALCULATED,observed date availability and incumbent transactions conditional; no new injury/event selected,14,15901,9,Ignas Brazdeikis;Jared Harper;Kevin Knox II;Taj Gibson;Theo Pinson,,,0022000650
2021-03-21_NYK_PHI,2021-03-21,PHI,INCUMBENT_CONDITIONAL,NO_DIRECT_DELTA_IDENTIFIED,,,EX07,PREDEADLINE,NOT_CALCULATED,observed date availability and incumbent transactions conditional; no new injury/event selected,15,15900,10,Isaiah Joe;Paul Reed;Rayjon Tucker;Terrance Ferguson;Vincent Poirier,,,0022000650
2021-03-21_PHX_LAL,2021-03-21,PHX,INCUMBENT_CONDITIONAL,NO_DIRECT_DELTA_IDENTIFIED,,,EX07,PREDEADLINE,NOT_CALCULATED,observed date availability and incumbent transactions conditional; no new injury/event selected,15,14400,13,E'Twaun Moore;Frank Kaminsky,,,0022000651
2021-03-21_PHX_LAL,2021-03-21,LAL,LAL_AD_CORE,TRANSACTION_DEPENDENCY,,,EX06;EX07,PREDEADLINE,NOT_CALCULATED,observed date availability and incumbent transactions conditional; no new injury/event selected,12,14400,11,Marc Gasol,,,0022000651
2021-03-21_POR_DAL,2021-03-21,POR,POR_NO_TRENT,DIRECT_ROSTER_CONTACT,,Gary Trent Jr.;Norman Powell,EX07,PREDEADLINE,NOT_CALCULATED,observed date availability and incumbent transactions conditional; no new injury/event selected,14,14400,12,,Jusuf Nurkic;Zach Collins,,0022000652
2021-03-21_POR_DAL,2021-03-21,DAL,DAL_HAMPTON,DIRECT_ROSTER_CONTACT,R.J. Hampton,Tyrell Terry,EX07,PREDEADLINE,NOT_CALCULATED,observed date availability and incumbent transactions conditional; no new injury/event selected,14,14400,14,,,R.J. Hampton,0022000652
2021-03-22_CLE_SAC,2021-03-22,CLE,INCUMBENT_CONDITIONAL,NO_DIRECT_DELTA_IDENTIFIED,,,EX07,PREDEADLINE,NOT_CALCULATED,observed date availability and incumbent transactions conditional; no new injury/event selected,13,14400,12,Damyean Dotson,,,0022000653
2021-03-22_CLE_SAC,2021-03-22,SAC,INCUMBENT_CONDITIONAL,NO_DIRECT_DELTA_IDENTIFIED,,,EX07,PREDEADLINE,NOT_CALCULATED,observed date availability and incumbent transactions conditional; no new injury/event selected,13,14399,9,DaQuan Jeffries;Jabari Parker;Kyle Guy;Robert Woodard II,,,0022000653
2021-03-22_HOU_TOR,2021-03-22,HOU,INCUMBENT_CONDITIONAL,NO_DIRECT_DELTA_IDENTIFIED,,,EX07,PREDEADLINE,NOT_CALCULATED,observed date availability and incumbent transactions conditional; no new injury/event selected,12,14400,9,Anthony Lamb;Justin Patton,Kevin Porter Jr.,,0022000657
2021-03-22_HOU_TOR,2021-03-22,TOR,INCUMBENT_CONDITIONAL,NO_DIRECT_DELTA_IDENTIFIED,,,EX07,PREDEADLINE,NOT_CALCULATED,observed date availability and incumbent transactions conditional; no new injury/event selected,15,14400,11,Jalen Harris;Matt Thomas;Terence Davis;Yuta Watanabe,,,0022000657
2021-03-22_LAC_ATL,2021-03-22,LAC,INCUMBENT_CONDITIONAL,NO_DIRECT_DELTA_IDENTIFIED,,,EX07,PREDEADLINE,NOT_CALCULATED,observed date availability and incumbent transactions conditional; no new injury/event selected,13,14400,11,Daniel Oturu;Mfiondu Kabengele,,,0022000660
2021-03-22_LAC_ATL,2021-03-22,ATL,INCUMBENT_CONDITIONAL,NO_DIRECT_DELTA_IDENTIFIED,,,EX07,PREDEADLINE,NOT_CALCULATED,observed date availability and incumbent transactions conditional; no new injury/event selected,15,14400,11,Brandon Goodwin;Bruno Fernando;Nathan Knight;Skylar Mays,,,0022000660
2021-03-22_MEM_BOS,2021-03-22,MEM,INCUMBENT_CONDITIONAL,NO_DIRECT_DELTA_IDENTIFIED,,,EX07,PREDEADLINE,NOT_CALCULATED,observed date availability and incumbent transactions conditional; no new injury/event selected,15,15900,10,Gorgui Dieng;John Konchar;Jontay Porter;Killian Tillie;Xavier Tillman,,,0022000658
2021-03-22_MEM_BOS,2021-03-22,BOS,INCUMBENT_CONDITIONAL,NO_DIRECT_DELTA_IDENTIFIED,,,EX07,PREDEADLINE,NOT_CALCULATED,observed date availability and incumbent transactions conditional; no new injury/event selected,14,15899,11,Carsen Edwards;Tacko Fall,Jayson Tatum,,0022000658
2021-03-22_MIL_IND,2021-03-22,MIL,INCUMBENT_CONDITIONAL,NO_DIRECT_DELTA_IDENTIFIED,,,EX07,PREDEADLINE,NOT_CALCULATED,observed date availability and incumbent transactions conditional; no new injury/event selected,13,14400,13,,,,0022000659
2021-03-22_MIL_IND,2021-03-22,IND,INCUMBENT_CONDITIONAL,NO_DIRECT_DELTA_IDENTIFIED,,,EX07,PREDEADLINE,NOT_CALCULATED,observed date availability and incumbent transactions conditional; no new injury/event selected,14,14400,12,Brian Bowen II;JaKarr Sampson,,,0022000659
2021-03-22_MIN_OKC,2021-03-22,MIN,MIN_RIVAL,DIRECT_ROSTER_CONTACT,Fictional Rival,Anthony Edwards,EX07,PREDEADLINE,NOT_CALCULATED,observed date availability and incumbent transactions conditional; no new injury/event selected,13,14400,11,Ed Davis,,Fictional Rival,0022000654
2021-03-22_MIN_OKC,2021-03-22,OKC,INCUMBENT_CONDITIONAL,NO_DIRECT_DELTA_IDENTIFIED,,,EX07,PREDEADLINE,NOT_CALCULATED,observed date availability and incumbent transactions conditional; no new injury/event selected,12,14400,9,Darius Miller;Mike Muscala,Luguentz Dort,,0022000654
2021-03-23_GSW_PHI,2021-03-23,GSW,GSW_WIGGINS_HUTCHISON_INACTIVE,TRANSACTION_DEPENDENCY,,,EX06;EX07,PREDEADLINE,NOT_CALCULATED,observed date availability and incumbent transactions conditional; no new injury/event selected,14,14400,9,Alen Smailagic;Brad Wanamaker;Eric Paschall;Juan Toscano-Anderson;Mychal Mulder,,,0022000665
2021-03-23_GSW_PHI,2021-03-23,PHI,INCUMBENT_CONDITIONAL,NO_DIRECT_DELTA_IDENTIFIED,,,EX07,PREDEADLINE,NOT_CALCULATED,observed date availability and incumbent transactions conditional; no new injury/event selected,15,14400,10,Isaiah Joe;Paul Reed;Rayjon Tucker;Terrance Ferguson;Vincent Poirier,,,0022000665
2021-03-23_MIA_PHX,2021-03-23,MIA,INCUMBENT_CONDITIONAL,NO_DIRECT_DELTA_IDENTIFIED,,,EX07,PREDEADLINE,NOT_CALCULATED,observed date availability and incumbent transactions conditional; no new injury/event selected,15,14400,11,Chris Silva;Maurice Harkless,Goran Dragic;KZ Okpala,,0022000664
2021-03-23_MIA_PHX,2021-03-23,PHX,INCUMBENT_CONDITIONAL,NO_DIRECT_DELTA_IDENTIFIED,,,EX07,PREDEADLINE,NOT_CALCULATED,observed date availability and incumbent transactions conditional; no new injury/event selected,15,14400,13,E'Twaun Moore;Frank Kaminsky,,,0022000664
2021-03-23_NOP_LAL,2021-03-23,NOP,NOP_HAYES,DIRECT_ROSTER_CONTACT,Killian Hayes,Kira Lewis Jr.,EX07,PREDEADLINE,NOT_CALCULATED,observed date availability and incumbent transactions conditional; no new injury/event selected,14,14400,12,Willy Hernangomez,Lonzo Ball,Killian Hayes,0022000663
2021-03-23_NOP_LAL,2021-03-23,LAL,LAL_AD_CORE,TRANSACTION_DEPENDENCY,,,EX06;EX07,PREDEADLINE,NOT_CALCULATED,observed date availability and incumbent transactions conditional; no new injury/event selected,12,14400,11,Marc Gasol,,,0022000663
2021-03-23_NYK_WAS,2021-03-23,NYK,INCUMBENT_CONDITIONAL,NO_DIRECT_DELTA_IDENTIFIED,,,EX07,PREDEADLINE,NOT_CALCULATED,observed date availability and incumbent transactions conditional; no new injury/event selected,15,14400,12,Ignas Brazdeikis;Taj Gibson;Theo Pinson,,,0022000662
2021-03-23_NYK_WAS,2021-03-23,WAS,WAS_TRENT,DIRECT_ROSTER_CONTACT,Gary Trent Jr.,Isaac Bonga;Chandler Hutchison,EX07,PREDEADLINE,NOT_CALCULATED,observed date availability and incumbent transactions conditional; no new injury/event selected,14,14400,13,Jerome Robinson,,Gary Trent Jr.,0022000662
2021-03-23_ORL_DEN,2021-03-23,ORL,INCUMBENT_CONDITIONAL,NO_DIRECT_DELTA_IDENTIFIED,,,EX07,PREDEADLINE,NOT_CALCULATED,observed date availability and incumbent transactions conditional; no new injury/event selected,11,14400,10,Karim Mane,,,0022000661
2021-03-23_ORL_DEN,2021-03-23,DEN,DEN_BEY_NNAJI,DIRECT_ROSTER_CONTACT,Saddiq Bey,R.J. Hampton,EX07,PREDEADLINE,NOT_CALCULATED,observed date availability and incumbent transactions conditional; no new injury/event selected,14,14400,9,Bol Bol;Isaiah Hartenstein;Markus Howard;R.J. Hampton;Vlatko Cancar,,Saddiq Bey,0022000661
2021-03-23_POR_BKN,2021-03-23,POR,POR_NO_TRENT,DIRECT_ROSTER_CONTACT,,Gary Trent Jr.;Norman Powell,EX07,PREDEADLINE,NOT_CALCULATED,observed date availability and incumbent transactions conditional; no new injury/event selected,13,14401,8,CJ Elleby;Harry Giles III;Keljin Blevins,Jusuf Nurkic;Zach Collins,,0022000666
2021-03-23_POR_BKN,2021-03-23,BKN,INCUMBENT_CONDITIONAL,NO_DIRECT_DELTA_IDENTIFIED,,,EX07,PREDEADLINE,NOT_CALCULATED,observed date availability and incumbent transactions conditional; no new injury/event selected,12,14400,9,Chris Chiozza;Reggie Perry,Landry Shamet,,0022000666
2021-03-24_HOU_CHA,2021-03-24,HOU,INCUMBENT_CONDITIONAL,NO_DIRECT_DELTA_IDENTIFIED,,,EX07,PREDEADLINE,NOT_CALCULATED,observed date availability and incumbent transactions conditional; no new injury/event selected,12,14400,11,,Kevin Porter Jr.,,0022000672
2021-03-24_HOU_CHA,2021-03-24,CHA,CHA_EDWARDS_TERRY,DIRECT_ROSTER_CONTACT,Anthony Edwards;Tyrell Terry,LaMelo Ball;Grant Riller,EX07,PREDEADLINE,NOT_CALCULATED,observed date availability and incumbent transactions conditional; no new injury/event selected,15,14400,14,Grant Riller,,Anthony Edwards;Tyrell Terry,0022000672
2021-03-24_IND_DET,2021-03-24,IND,INCUMBENT_CONDITIONAL,NO_DIRECT_DELTA_IDENTIFIED,,,EX07,PREDEADLINE,NOT_CALCULATED,observed date availability and incumbent transactions conditional; no new injury/event selected,15,14400,10,Aaron Holiday;Brian Bowen II;Cassius Stanley;JaKarr Sampson;Kelan Martin,,,0022000667
2021-03-24_IND_DET,2021-03-24,DET,DET_PATRICK_KIRA,DIRECT_ROSTER_CONTACT,Patrick Williams;Kira Lewis Jr.,Saddiq Bey;Killian Hayes,EX07,PREDEADLINE,NOT_CALCULATED,observed date availability and incumbent transactions conditional; no new injury/event selected,13,14400,12,Deividas Sirvydis,,Patrick Williams;Kira Lewis Jr.,0022000667
2021-03-24_MIL_BOS,2021-03-24,MIL,INCUMBENT_CONDITIONAL,NO_DIRECT_DELTA_IDENTIFIED,,,EX07,PREDEADLINE,NOT_CALCULATED,observed date availability and incumbent transactions conditional; no new injury/event selected,13,14400,10,Axel Toupane;Jordan Nwora;Mamadi Diakite,,,0022000669
2021-03-24_MIL_BOS,2021-03-24,BOS,INCUMBENT_CONDITIONAL,NO_DIRECT_DELTA_IDENTIFIED,,,EX07,PREDEADLINE,NOT_CALCULATED,observed date availability and incumbent transactions conditional; no new injury/event selected,15,14401,10,Aaron Nesmith;Carsen Edwards;Javonte Green;Tacko Fall;Tremont Waters,,,0022000669
2021-03-24_MIN_DAL,2021-03-24,MIN,MIN_RIVAL,DIRECT_ROSTER_CONTACT,Fictional Rival,Anthony Edwards,EX07,PREDEADLINE,NOT_CALCULATED,observed date availability and incumbent transactions conditional; no new injury/event selected,14,14400,10,Ed Davis;Jordan McLaughlin,Josh Okogie,Fictional Rival,0022000673
2021-03-24_MIN_DAL,2021-03-24,DAL,DAL_HAMPTON,DIRECT_ROSTER_CONTACT,R.J. Hampton,Tyrell Terry,EX07,PREDEADLINE,NOT_CALCULATED,observed date availability and incumbent transactions conditional; no new injury/event selected,15,14400,12,Boban Marjanovic;James Johnson;Wes Iwundu,,R.J. Hampton,0022000673
2021-03-24_OKC_MEM,2021-03-24,OKC,INCUMBENT_CONDITIONAL,NO_DIRECT_DELTA_IDENTIFIED,,,EX07,PREDEADLINE,NOT_CALCULATED,observed date availability and incumbent transactions conditional; no new injury/event selected,12,14402,9,Darius Miller;Justin Jackson;Mike Muscala,,,0022000674
2021-03-24_OKC_MEM,2021-03-24,MEM,INCUMBENT_CONDITIONAL,NO_DIRECT_DELTA_IDENTIFIED,,,EX07,PREDEADLINE,NOT_CALCULATED,observed date availability and incumbent transactions conditional; no new injury/event selected,15,14402,10,Gorgui Dieng;John Konchar;Jontay Porter;Killian Tillie;Xavier Tillman,,,0022000674
2021-03-24_ORL_PHX,2021-03-24,ORL,INCUMBENT_CONDITIONAL,NO_DIRECT_DELTA_IDENTIFIED,,,EX07,PREDEADLINE,NOT_CALCULATED,observed date availability and incumbent transactions conditional; no new injury/event selected,13,14400,10,Gary Clark;Karim Mane;Mo Bamba,,,0022000670
2021-03-24_ORL_PHX,2021-03-24,PHX,INCUMBENT_CONDITIONAL,NO_DIRECT_DELTA_IDENTIFIED,,,EX07,PREDEADLINE,NOT_CALCULATED,observed date availability and incumbent transactions conditional; no new injury/event selected,15,14400,10,E'Twaun Moore;Frank Kaminsky;Jalen Smith;Jevon Carter;Ty-Shon Alexander,,,0022000670
2021-03-24_SAC_ATL,2021-03-24,SAC,INCUMBENT_CONDITIONAL,NO_DIRECT_DELTA_IDENTIFIED,,,EX07,PREDEADLINE,NOT_CALCULATED,observed date availability and incumbent transactions conditional; no new injury/event selected,15,14401,9,DaQuan Jeffries;Jabari Parker;Kyle Guy;Mfiondu Kabengele;Nemanja Bjelica;Robert Woodard II,,,0022000677
2021-03-24_SAC_ATL,2021-03-24,ATL,INCUMBENT_CONDITIONAL,NO_DIRECT_DELTA_IDENTIFIED,,,EX07,PREDEADLINE,NOT_CALCULATED,observed date availability and incumbent transactions conditional; no new injury/event selected,15,14400,10,Brandon Goodwin;Bruno Fernando;Rajon Rondo;Skylar Mays;Solomon Hill,,,0022000677
2021-03-24_SAS_LAC,2021-03-24,SAS,INCUMBENT_CONDITIONAL,NO_DIRECT_DELTA_IDENTIFIED,,,EX07,PREDEADLINE,NOT_CALCULATED,observed date availability and incumbent transactions conditional; no new injury/event selected,14,14400,12,,Lonnie Walker IV;Rudy Gay,,0022000675
2021-03-24_SAS_LAC,2021-03-24,LAC,INCUMBENT_CONDITIONAL,NO_DIRECT_DELTA_IDENTIFIED,,,EX07,PREDEADLINE,NOT_CALCULATED,observed date availability and incumbent transactions conditional; no new injury/event selected,12,14400,12,,,,0022000675
2021-03-24_TOR_DEN,2021-03-24,TOR,INCUMBENT_CONDITIONAL,NO_DIRECT_DELTA_IDENTIFIED,,,EX07,PREDEADLINE,NOT_CALCULATED,observed date availability and incumbent transactions conditional; no new injury/event selected,15,14400,14,Jalen Harris,,,0022000668
2021-03-24_TOR_DEN,2021-03-24,DEN,DEN_BEY_NNAJI,DIRECT_ROSTER_CONTACT,Saddiq Bey,R.J. Hampton,EX07,PREDEADLINE,NOT_CALCULATED,observed date availability and incumbent transactions conditional; no new injury/event selected,14,14401,13,Isaiah Hartenstein,,Saddiq Bey,0022000668
2021-03-24_UTA_BKN,2021-03-24,UTA,INCUMBENT_CONDITIONAL,NO_DIRECT_DELTA_IDENTIFIED,,,EX07,PREDEADLINE,NOT_CALCULATED,observed date availability and incumbent transactions conditional; no new injury/event selected,15,14400,15,,,,0022000676
2021-03-24_UTA_BKN,2021-03-24,BKN,INCUMBENT_CONDITIONAL,NO_DIRECT_DELTA_IDENTIFIED,,,EX07,PREDEADLINE,NOT_CALCULATED,observed date availability and incumbent transactions conditional; no new injury/event selected,12,14399,10,,Blake Griffin;James Harden,,0022000676
2021-03-25_LAL_PHI,2021-03-25,LAL,LAL_AD_CORE,TRANSACTION_DEPENDENCY,,,EX06;EX07,DEADLINE_REVIEW,NOT_CALCULATED,observed date availability and incumbent transactions conditional; no new injury/event selected,12,14401,10,Devontae Cacok;Kostas Antetokounmpo,,,0022000681
2021-03-25_LAL_PHI,2021-03-25,PHI,INCUMBENT_CONDITIONAL,NO_DIRECT_DELTA_IDENTIFIED,,,EX07,DEADLINE_REVIEW,NOT_CALCULATED,observed date availability and incumbent transactions conditional; no new injury/event selected,13,14402,11,Isaiah Joe;Rayjon Tucker,,,0022000681
2021-03-25_NYK_WAS,2021-03-25,NYK,INCUMBENT_CONDITIONAL,NO_DIRECT_DELTA_IDENTIFIED,,,EX07,DEADLINE_REVIEW,NOT_CALCULATED,observed date availability and incumbent transactions conditional; no new injury/event selected,13,14400,10,Jared Harper;Theo Pinson,Nerlens Noel,,0022000679
2021-03-25_NYK_WAS,2021-03-25,WAS,WAS_TRENT_BROWN,DIRECT_ROSTER_CONTACT,Gary Trent Jr.;Troy Brown Jr.,Isaac Bonga;Chandler Hutchison,EX01;EX07,DEADLINE_REVIEW,NOT_CALCULATED,observed date availability and incumbent transactions conditional; no new injury/event selected,12,14400,9,Anthony Gill;Cassius Winston;Jerome Robinson,,Gary Trent Jr.;Troy Brown Jr.,0022000679
2021-03-25_SAC_GSW,2021-03-25,SAC,INCUMBENT_CONDITIONAL,NO_DIRECT_DELTA_IDENTIFIED,,,EX07,DEADLINE_REVIEW,NOT_CALCULATED,observed date availability and incumbent transactions conditional; no new injury/event selected,12,14400,10,,Hassan Whiteside;Jahmi'us Ramsey,,0022000682
2021-03-25_SAC_GSW,2021-03-25,GSW,GSW_WIGGINS_HUTCHISON_INACTIVE,TRANSACTION_DEPENDENCY,,,EX06;EX07,DEADLINE_REVIEW,NOT_CALCULATED,observed date availability and incumbent transactions conditional; no new injury/event selected,14,14400,11,Eric Paschall,Draymond Green;Stephen Curry,,0022000682
2021-03-25_SAS_LAC,2021-03-25,SAS,INCUMBENT_CONDITIONAL,NO_DIRECT_DELTA_IDENTIFIED,,,EX07,DEADLINE_REVIEW,NOT_CALCULATED,observed date availability and incumbent transactions conditional; no new injury/event selected,14,14400,10,Quinndary Weatherspoon;Tre Jones;Trey Lyles,Lonnie Walker IV,,0022000680
2021-03-25_SAS_LAC,2021-03-25,LAC,INCUMBENT_CONDITIONAL,NO_DIRECT_DELTA_IDENTIFIED,,,EX07,DEADLINE_REVIEW,NOT_CALCULATED,observed date availability and incumbent transactions conditional; no new injury/event selected,12,14400,8,Daniel Oturu,Kawhi Leonard;Marcus Morris Sr.;Serge Ibaka,,0022000680
2021-03-26_CHA_MIA,2021-03-26,CHA,CHA_EDWARDS_TERRY,DIRECT_ROSTER_CONTACT,Anthony Edwards;Tyrell Terry,LaMelo Ball;Grant Riller,EX07,DEADLINE_REVIEW,NOT_CALCULATED,observed date availability and incumbent transactions conditional; no new injury/event selected,15,14401,9,Brad Wanamaker;Caleb Martin;Jalen McDaniels;Nate Darling;Nick Richards;Vernon Carey Jr.,,Anthony Edwards;Tyrell Terry,0022000686
2021-03-26_CHA_MIA,2021-03-26,MIA,INCUMBENT_CONDITIONAL,NO_DIRECT_DELTA_IDENTIFIED,,,EX07,DEADLINE_REVIEW,NOT_CALCULATED,observed date availability and incumbent transactions conditional; no new injury/event selected,13,14400,10,,Goran Dragic,,0022000686
2021-03-26_DAL_IND,2021-03-26,DAL,DAL_HAMPTON,DIRECT_ROSTER_CONTACT,R.J. Hampton,Tyrell Terry,EX07,DEADLINE_REVIEW,NOT_CALCULATED,observed date availability and incumbent transactions conditional; no new injury/event selected,12,14400,11,Boban Marjanovic,,R.J. Hampton,0022000690
2021-03-26_DAL_IND,2021-03-26,IND,INCUMBENT_CONDITIONAL,NO_DIRECT_DELTA_IDENTIFIED,,,EX07,DEADLINE_REVIEW,NOT_CALCULATED,observed date availability and incumbent transactions conditional; no new injury/event selected,15,14400,14,Kelan Martin,,,0022000690
2021-03-26_DET_BKN,2021-03-26,DET,DET_PATRICK_KIRA,DIRECT_ROSTER_CONTACT,Patrick Williams;Kira Lewis Jr.,Saddiq Bey;Killian Hayes,EX07,DEADLINE_REVIEW,NOT_CALCULATED,observed date availability and incumbent transactions conditional; no new injury/event selected,14,14400,13,Deividas Sirvydis,,Patrick Williams;Kira Lewis Jr.,0022000683
2021-03-26_DET_BKN,2021-03-26,BKN,INCUMBENT_CONDITIONAL,NO_DIRECT_DELTA_IDENTIFIED,,,EX07,DEADLINE_REVIEW,NOT_CALCULATED,observed date availability and incumbent transactions conditional; no new injury/event selected,12,14400,9,Alize Johnson;Chris Chiozza;Reggie Perry,,,0022000683
2021-03-26_GSW_ATL,2021-03-26,GSW,GSW_WIGGINS_HUTCHISON_INACTIVE,TRANSACTION_DEPENDENCY,,,EX06;EX07,DEADLINE_REVIEW,NOT_CALCULATED,observed date availability and incumbent transactions conditional; no new injury/event selected,14,14402,12,Alen Smailagic,Stephen Curry,,0022000692
2021-03-26_GSW_ATL,2021-03-26,ATL,INCUMBENT_CONDITIONAL,NO_DIRECT_DELTA_IDENTIFIED,,,EX07,DEADLINE_REVIEW,NOT_CALCULATED,observed date availability and incumbent transactions conditional; no new injury/event selected,13,14400,13,,,,0022000692
2021-03-26_LAL_CLE,2021-03-26,LAL,LAL_AD_CORE,TRANSACTION_DEPENDENCY,,,EX06;EX07,DEADLINE_REVIEW,NOT_CALCULATED,observed date availability and incumbent transactions conditional; no new injury/event selected,12,14400,12,,,,0022000693
2021-03-26_LAL_CLE,2021-03-26,CLE,INCUMBENT_CONDITIONAL,NO_DIRECT_DELTA_IDENTIFIED,,,EX07,DEADLINE_REVIEW,NOT_CALCULATED,observed date availability and incumbent transactions conditional; no new injury/event selected,12,14400,11,,Collin Sexton,,0022000693
2021-03-26_MIL_BOS,2021-03-26,MIL,INCUMBENT_CONDITIONAL,NO_DIRECT_DELTA_IDENTIFIED,,,EX07,DEADLINE_REVIEW,NOT_CALCULATED,observed date availability and incumbent transactions conditional; no new injury/event selected,12,14400,12,,,,0022000685
2021-03-26_MIL_BOS,2021-03-26,BOS,BOS_FOURNIER_PATH,TRANSACTION_DEPENDENCY,,,EX01;EX03;EX04;EX07,DEADLINE_REVIEW,NOT_CALCULATED,observed date availability and incumbent transactions conditional; no new injury/event selected,13,14400,11,Luke Kornet;Tremont Waters,,,0022000685
2021-03-26_MIN_HOU,2021-03-26,MIN,MIN_RIVAL,DIRECT_ROSTER_CONTACT,Fictional Rival,Anthony Edwards,EX07,DEADLINE_REVIEW,NOT_CALCULATED,observed date availability and incumbent transactions conditional; no new injury/event selected,13,14400,9,Ed Davis;Jake Layman;Jarrett Culver,,Fictional Rival,0022000688
2021-03-26_MIN_HOU,2021-03-26,HOU,INCUMBENT_CONDITIONAL,NO_DIRECT_DELTA_IDENTIFIED,,,EX07,DEADLINE_REVIEW,NOT_CALCULATED,observed date availability and incumbent transactions conditional; no new injury/event selected,12,14400,8,Anthony Lamb;Justin Patton,Kevin Porter Jr.,,0022000688
2021-03-26_NOP_DEN,2021-03-26,NOP,NOP_HAYES,DIRECT_ROSTER_CONTACT,Killian Hayes,Kira Lewis Jr.,EX07,DEADLINE_REVIEW,NOT_CALCULATED,observed date availability and incumbent transactions conditional; no new injury/event selected,13,14400,8,Naji Marshall;Wenyen Gabriel;Will Magnay;Willy Hernangomez,Lonzo Ball,Killian Hayes,0022000689
2021-03-26_NOP_DEN,2021-03-26,DEN,DEN_GORDON_A,DIRECT_ROSTER_CONTACT,Saddiq Bey,R.J. Hampton;Zeke Nnaji;Gary Harris,EX02;EX07,DEADLINE_REVIEW,NOT_CALCULATED,observed date availability and incumbent transactions conditional; no new injury/event selected,12,14400,9,Bol Bol;Markus Howard;Vlatko Cancar,,Saddiq Bey,0022000689
2021-03-26_ORL_POR,2021-03-26,ORL,ORL_VUCEVIC_GORDON_A,DIRECT_ROSTER_CONTACT,Nikola Vucevic;Zeke Nnaji,Wendell Carter Jr.;Otto Porter Jr.;R.J. Hampton,EX02;EX03;EX04;EX07,DEADLINE_REVIEW,NOT_CALCULATED,observed date availability and incumbent transactions conditional; no new injury/event selected,12,14400,8,,Cole Anthony;Jonathan Isaac;Markelle Fultz;Terrence Ross,Nikola Vucevic;Zeke Nnaji,0022000687
2021-03-26_ORL_POR,2021-03-26,POR,POR_NO_POWELL_HOOD,DIRECT_ROSTER_CONTACT,Rodney Hood,Gary Trent Jr.;Norman Powell,EX05;EX07,DEADLINE_REVIEW,NOT_CALCULATED,observed date availability and incumbent transactions conditional; no new injury/event selected,13,14400,9,CJ Elleby;Harry Giles III;Keljin Blevins,Zach Collins,Rodney Hood,0022000687
2021-03-26_TOR_PHX,2021-03-26,TOR,TOR_POWELL,DIRECT_ROSTER_CONTACT,Norman Powell,Gary Trent Jr.;Rodney Hood,EX05;EX07,DEADLINE_REVIEW,NOT_CALCULATED,observed date availability and incumbent transactions conditional; no new injury/event selected,12,14402,9,Jalen Harris;Stanley Johnson;Yuta Watanabe,,Norman Powell,0022000684
2021-03-26_TOR_PHX,2021-03-26,PHX,INCUMBENT_CONDITIONAL,NO_DIRECT_DELTA_IDENTIFIED,,,EX07,DEADLINE_REVIEW,NOT_CALCULATED,observed date availability and incumbent transactions conditional; no new injury/event selected,15,14400,10,E'Twaun Moore;Frank Kaminsky;Jalen Smith;Jevon Carter;Ty-Shon Alexander,,,0022000684
2021-03-26_UTA_MEM,2021-03-26,UTA,INCUMBENT_CONDITIONAL,NO_DIRECT_DELTA_IDENTIFIED,,,EX07,DEADLINE_REVIEW,NOT_CALCULATED,observed date availability and incumbent transactions conditional; no new injury/event selected,15,14400,9,Elijah Hughes;Ersan Ilyasova;Jarrell Brantley;Juwan Morgan;Miye Oni;Trent Forrest,,,0022000691
2021-03-26_UTA_MEM,2021-03-26,MEM,INCUMBENT_CONDITIONAL,NO_DIRECT_DELTA_IDENTIFIED,,,EX07,DEADLINE_REVIEW,NOT_CALCULATED,observed date availability and incumbent transactions conditional; no new injury/event selected,15,14400,10,John Konchar;Jontay Porter;Killian Tillie;Sean McDermott;Xavier Tillman,,,0022000691
2021-03-27_LAC_PHI,2021-03-27,LAC,INCUMBENT_CONDITIONAL,NO_DIRECT_DELTA_IDENTIFIED,,,EX07,DEADLINE_REVIEW,NOT_CALCULATED,observed date availability and incumbent transactions conditional; no new injury/event selected,12,14401,11,,Patrick Beverley,,0022000701
2021-03-27_LAC_PHI,2021-03-27,PHI,INCUMBENT_CONDITIONAL,NO_DIRECT_DELTA_IDENTIFIED,,,EX07,DEADLINE_REVIEW,NOT_CALCULATED,observed date availability and incumbent transactions conditional; no new injury/event selected,13,14400,13,,,,0022000701
2021-03-27_MIL_NYK,2021-03-27,MIL,INCUMBENT_CONDITIONAL,NO_DIRECT_DELTA_IDENTIFIED,,,EX07,DEADLINE_REVIEW,NOT_CALCULATED,observed date availability and incumbent transactions conditional; no new injury/event selected,12,14400,8,,Donte DiVincenzo;Giannis Antetokounmpo;Jrue Holiday;Khris Middleton,,0022000695
2021-03-27_MIL_NYK,2021-03-27,NYK,INCUMBENT_CONDITIONAL,NO_DIRECT_DELTA_IDENTIFIED,,,EX07,DEADLINE_REVIEW,NOT_CALCULATED,observed date availability and incumbent transactions conditional; no new injury/event selected,13,14400,10,Frank Ntilikina;Jared Harper;Theo Pinson,,,0022000695
2021-03-27_MIN_HOU,2021-03-27,MIN,MIN_RIVAL,DIRECT_ROSTER_CONTACT,Fictional Rival,Anthony Edwards,EX07,DEADLINE_REVIEW,NOT_CALCULATED,observed date availability and incumbent transactions conditional; no new injury/event selected,13,14400,12,Ed Davis,,Fictional Rival,0022000696
2021-03-27_MIN_HOU,2021-03-27,HOU,INCUMBENT_CONDITIONAL,NO_DIRECT_DELTA_IDENTIFIED,,,EX07,DEADLINE_REVIEW,NOT_CALCULATED,observed date availability and incumbent transactions conditional; no new injury/event selected,13,14400,11,,Christian Wood;Eric Gordon,,0022000696
2021-03-27_NOP_DAL,2021-03-27,NOP,NOP_HAYES,DIRECT_ROSTER_CONTACT,Killian Hayes,Kira Lewis Jr.,EX07,DEADLINE_REVIEW,NOT_CALCULATED,observed date availability and incumbent transactions conditional; no new injury/event selected,13,14400,9,Wenyen Gabriel;Wes Iwundu;Will Magnay,James Johnson,Killian Hayes,0022000698
2021-03-27_NOP_DAL,2021-03-27,DAL,DAL_HAMPTON,DIRECT_ROSTER_CONTACT,R.J. Hampton,Tyrell Terry,EX07,DEADLINE_REVIEW,NOT_CALCULATED,observed date availability and incumbent transactions conditional; no new injury/event selected,13,14400,8,Josh Green;Nate Hinton;Nicolo Melli;Tyler Bey,Kristaps Porzingis,R.J. Hampton,0022000698
2021-03-27_OKC_BOS,2021-03-27,OKC,INCUMBENT_CONDITIONAL,NO_DIRECT_DELTA_IDENTIFIED,,,EX07,DEADLINE_REVIEW,NOT_CALCULATED,observed date availability and incumbent transactions conditional; no new injury/event selected,12,14400,9,Darius Miller;Justin Jackson,Mike Muscala,,0022000699
2021-03-27_OKC_BOS,2021-03-27,BOS,BOS_FOURNIER_PATH,TRANSACTION_DEPENDENCY,,,EX01;EX03;EX04;EX07,DEADLINE_REVIEW,NOT_CALCULATED,observed date availability and incumbent transactions conditional; no new injury/event selected,12,14400,12,,,,0022000699
2021-03-27_SAC_CLE,2021-03-27,SAC,INCUMBENT_CONDITIONAL,NO_DIRECT_DELTA_IDENTIFIED,,,EX07,DEADLINE_REVIEW,NOT_CALCULATED,observed date availability and incumbent transactions conditional; no new injury/event selected,14,14400,9,Chris Silva;DaQuan Jeffries;Justin James;Kyle Guy;Robert Woodard II,,,0022000702
2021-03-27_SAC_CLE,2021-03-27,CLE,INCUMBENT_CONDITIONAL,NO_DIRECT_DELTA_IDENTIFIED,,,EX07,DEADLINE_REVIEW,NOT_CALCULATED,observed date availability and incumbent transactions conditional; no new injury/event selected,12,14401,8,Cedi Osman;Dylan Windler;Quinn Cook,Taurean Prince,,0022000702
2021-03-27_UTA_MEM,2021-03-27,UTA,INCUMBENT_CONDITIONAL,NO_DIRECT_DELTA_IDENTIFIED,,,EX07,DEADLINE_REVIEW,NOT_CALCULATED,observed date availability and incumbent transactions conditional; no new injury/event selected,15,14400,15,,,,0022000700
2021-03-27_UTA_MEM,2021-03-27,MEM,INCUMBENT_CONDITIONAL,NO_DIRECT_DELTA_IDENTIFIED,,,EX07,DEADLINE_REVIEW,NOT_CALCULATED,observed date availability and incumbent transactions conditional; no new injury/event selected,15,14400,15,,,,0022000700
2021-03-27_WAS_DET,2021-03-27,WAS,WAS_TRENT_BROWN,DIRECT_ROSTER_CONTACT,Gary Trent Jr.;Troy Brown Jr.,Isaac Bonga;Chandler Hutchison,EX01;EX07,DEADLINE_REVIEW,NOT_CALCULATED,observed date availability and incumbent transactions conditional; no new injury/event selected,14,14401,12,Anthony Gill;Chandler Hutchison,,Gary Trent Jr.;Troy Brown Jr.,0022000694
2021-03-27_WAS_DET,2021-03-27,DET,DET_PATRICK_KIRA,DIRECT_ROSTER_CONTACT,Patrick Williams;Kira Lewis Jr.,Saddiq Bey;Killian Hayes,EX07,DEADLINE_REVIEW,NOT_CALCULATED,observed date availability and incumbent transactions conditional; no new injury/event selected,13,14400,12,,Rodney McGruder,Patrick Williams;Kira Lewis Jr.,0022000694
2021-03-28_CHA_PHX,2021-03-28,CHA,CHA_EDWARDS_TERRY,DIRECT_ROSTER_CONTACT,Anthony Edwards;Tyrell Terry,LaMelo Ball;Grant Riller,EX07,DEADLINE_REVIEW,NOT_CALCULATED,observed date availability and incumbent transactions conditional; no new injury/event selected,15,15900,10,Grant Riller;Jalen McDaniels;Nate Darling;Nick Richards,Malik Monk,Anthony Edwards;Tyrell Terry,0022000703
2021-03-28_CHA_PHX,2021-03-28,PHX,INCUMBENT_CONDITIONAL,NO_DIRECT_DELTA_IDENTIFIED,,,EX07,DEADLINE_REVIEW,NOT_CALCULATED,observed date availability and incumbent transactions conditional; no new injury/event selected,15,15900,10,E'Twaun Moore;Frank Kaminsky;Jalen Smith;Jevon Carter;Ty-Shon Alexander,,,0022000703
2021-03-28_DEN_ATL,2021-03-28,DEN,DEN_GORDON_A,DIRECT_ROSTER_CONTACT,Saddiq Bey,R.J. Hampton;Zeke Nnaji;Gary Harris,EX02;EX07,DEADLINE_REVIEW,NOT_CALCULATED,observed date availability and incumbent transactions conditional; no new injury/event selected,14,14400,13,JaVale McGee,,Saddiq Bey,0022000705
2021-03-28_DEN_ATL,2021-03-28,ATL,INCUMBENT_CONDITIONAL,NO_DIRECT_DELTA_IDENTIFIED,,,EX07,DEADLINE_REVIEW,NOT_CALCULATED,observed date availability and incumbent transactions conditional; no new injury/event selected,13,14400,13,,,,0022000705
2021-03-28_TOR_POR,2021-03-28,TOR,TOR_POWELL,DIRECT_ROSTER_CONTACT,Norman Powell,Gary Trent Jr.;Rodney Hood,EX05;EX07,DEADLINE_REVIEW,NOT_CALCULATED,observed date availability and incumbent transactions conditional; no new injury/event selected,12,14400,9,Yuta Watanabe,Jalen Harris;Patrick McCaw,Norman Powell,0022000704
2021-03-28_TOR_POR,2021-03-28,POR,POR_NO_POWELL_HOOD,DIRECT_ROSTER_CONTACT,Rodney Hood,Gary Trent Jr.;Norman Powell,EX05;EX07,DEADLINE_REVIEW,NOT_CALCULATED,observed date availability and incumbent transactions conditional; no new injury/event selected,13,14399,9,CJ Elleby;Harry Giles III;Keljin Blevins,Zach Collins,Rodney Hood,0022000704
2021-03-29_BKN_MIN,2021-03-29,BKN,INCUMBENT_CONDITIONAL,NO_DIRECT_DELTA_IDENTIFIED,,,EX07,DEADLINE_REVIEW,NOT_CALCULATED,observed date availability and incumbent transactions conditional; no new injury/event selected,13,14400,10,Alize Johnson;Chris Chiozza;Reggie Perry,,,0022000709
2021-03-29_BKN_MIN,2021-03-29,MIN,MIN_RIVAL,DIRECT_ROSTER_CONTACT,Fictional Rival,Anthony Edwards,EX07,DEADLINE_REVIEW,NOT_CALCULATED,observed date availability and incumbent transactions conditional; no new injury/event selected,13,14400,10,Ed Davis;Jake Layman;Jarred Vanderbilt,,Fictional Rival,0022000709
2021-03-29_BOS_NOP,2021-03-29,BOS,BOS_FOURNIER_PATH,TRANSACTION_DEPENDENCY,,,EX01;EX03;EX04;EX07,DEADLINE_REVIEW,NOT_CALCULATED,observed date availability and incumbent transactions conditional; no new injury/event selected,13,14400,10,Carsen Edwards;Tacko Fall;Tremont Waters,,,0022000708
2021-03-29_BOS_NOP,2021-03-29,NOP,NOP_HAYES,DIRECT_ROSTER_CONTACT,Killian Hayes,Kira Lewis Jr.,EX07,DEADLINE_REVIEW,NOT_CALCULATED,observed date availability and incumbent transactions conditional; no new injury/event selected,14,14400,9,James Johnson;Naji Marshall;Wenyen Gabriel;Will Magnay;Willy Hernangomez,,Killian Hayes,0022000708
2021-03-29_DET_TOR,2021-03-29,DET,DET_PATRICK_KIRA,DIRECT_ROSTER_CONTACT,Patrick Williams;Kira Lewis Jr.,Saddiq Bey;Killian Hayes,EX07,DEADLINE_REVIEW,NOT_CALCULATED,observed date availability and incumbent transactions conditional; no new injury/event selected,13,14400,10,Deividas Sirvydis;Josh Jackson;Sekou Doumbouya,,Patrick Williams;Kira Lewis Jr.,0022000711
2021-03-29_DET_TOR,2021-03-29,TOR,TOR_POWELL,DIRECT_ROSTER_CONTACT,Norman Powell,Gary Trent Jr.;Rodney Hood,EX05;EX07,DEADLINE_REVIEW,NOT_CALCULATED,observed date availability and incumbent transactions conditional; no new injury/event selected,11,14400,11,,,Norman Powell,0022000711
2021-03-29_HOU_MEM,2021-03-29,HOU,INCUMBENT_CONDITIONAL,NO_DIRECT_DELTA_IDENTIFIED,,,EX07,DEADLINE_REVIEW,NOT_CALCULATED,observed date availability and incumbent transactions conditional; no new injury/event selected,13,14400,10,Anthony Lamb;Ben McLemore;Justin Patton,,,0022000712
2021-03-29_HOU_MEM,2021-03-29,MEM,INCUMBENT_CONDITIONAL,NO_DIRECT_DELTA_IDENTIFIED,,,EX07,DEADLINE_REVIEW,NOT_CALCULATED,observed date availability and incumbent transactions conditional; no new injury/event selected,14,14400,10,John Konchar;Jontay Porter;Killian Tillie;Sean McDermott,,,0022000712
2021-03-29_LAC_MIL,2021-03-29,LAC,INCUMBENT_CONDITIONAL,NO_DIRECT_DELTA_IDENTIFIED,,,EX07,DEADLINE_REVIEW,NOT_CALCULATED,observed date availability and incumbent transactions conditional; no new injury/event selected,12,14400,10,,Patrick Beverley;Paul George,,0022000717
2021-03-29_LAC_MIL,2021-03-29,MIL,INCUMBENT_CONDITIONAL,NO_DIRECT_DELTA_IDENTIFIED,,,EX07,DEADLINE_REVIEW,NOT_CALCULATED,observed date availability and incumbent transactions conditional; no new injury/event selected,12,14400,12,,,,0022000717
2021-03-29_NYK_MIA,2021-03-29,NYK,INCUMBENT_CONDITIONAL,NO_DIRECT_DELTA_IDENTIFIED,,,EX07,DEADLINE_REVIEW,NOT_CALCULATED,observed date availability and incumbent transactions conditional; no new injury/event selected,14,14400,10,Frank Ntilikina;Jared Harper;Kevin Knox II;Theo Pinson,,,0022000710
2021-03-29_NYK_MIA,2021-03-29,MIA,INCUMBENT_CONDITIONAL,NO_DIRECT_DELTA_IDENTIFIED,,,EX07,DEADLINE_REVIEW,NOT_CALCULATED,observed date availability and incumbent transactions conditional; no new injury/event selected,13,14400,10,Max Strus,Kendrick Nunn,,0022000710
2021-03-29_OKC_DAL,2021-03-29,OKC,INCUMBENT_CONDITIONAL,NO_DIRECT_DELTA_IDENTIFIED,,,EX07,DEADLINE_REVIEW,NOT_CALCULATED,observed date availability and incumbent transactions conditional; no new injury/event selected,12,14401,9,Darius Miller;Justin Jackson,Mike Muscala,,0022000713
2021-03-29_OKC_DAL,2021-03-29,DAL,DAL_HAMPTON,DIRECT_ROSTER_CONTACT,R.J. Hampton,Tyrell Terry,EX07,DEADLINE_REVIEW,NOT_CALCULATED,observed date availability and incumbent transactions conditional; no new injury/event selected,14,14400,14,,,R.J. Hampton,0022000713
2021-03-29_SAS_SAC,2021-03-29,SAS,INCUMBENT_CONDITIONAL,NO_DIRECT_DELTA_IDENTIFIED,,,EX07,DEADLINE_REVIEW,NOT_CALCULATED,observed date availability and incumbent transactions conditional; no new injury/event selected,14,14400,13,Trey Lyles,,,0022000714
2021-03-29_SAS_SAC,2021-03-29,SAC,INCUMBENT_CONDITIONAL,NO_DIRECT_DELTA_IDENTIFIED,,,EX07,DEADLINE_REVIEW,NOT_CALCULATED,observed date availability and incumbent transactions conditional; no new injury/event selected,14,14400,14,,,,0022000714
2021-03-29_UTA_CLE,2021-03-29,UTA,INCUMBENT_CONDITIONAL,NO_DIRECT_DELTA_IDENTIFIED,,,EX07,DEADLINE_REVIEW,NOT_CALCULATED,observed date availability and incumbent transactions conditional; no new injury/event selected,15,14400,15,,,,0022000715
2021-03-29_UTA_CLE,2021-03-29,CLE,INCUMBENT_CONDITIONAL,NO_DIRECT_DELTA_IDENTIFIED,,,EX07,DEADLINE_REVIEW,NOT_CALCULATED,observed date availability and incumbent transactions conditional; no new injury/event selected,12,14400,9,Cedi Osman;Dylan Windler;Quinn Cook,,,0022000715
2021-03-29_WAS_IND,2021-03-29,WAS,WAS_TRENT_BROWN,DIRECT_ROSTER_CONTACT,Gary Trent Jr.;Troy Brown Jr.,Isaac Bonga;Chandler Hutchison,EX01;EX07,DEADLINE_REVIEW,NOT_CALCULATED,observed date availability and incumbent transactions conditional; no new injury/event selected,13,14400,10,Anthony Gill;Cassius Winston;Isaac Bonga,,Gary Trent Jr.;Troy Brown Jr.,0022000707
2021-03-29_WAS_IND,2021-03-29,IND,INCUMBENT_CONDITIONAL,NO_DIRECT_DELTA_IDENTIFIED,,,EX07,DEADLINE_REVIEW,NOT_CALCULATED,observed date availability and incumbent transactions conditional; no new injury/event selected,14,14400,10,Brian Bowen II;Cassius Stanley;JaKarr Sampson;Kelan Martin,,,0022000707
2021-03-30_DEN_PHI,2021-03-30,DEN,DEN_GORDON_A,DIRECT_ROSTER_CONTACT,Saddiq Bey,R.J. Hampton;Zeke Nnaji;Gary Harris,EX02;EX07,DEADLINE_REVIEW,NOT_CALCULATED,observed date availability and incumbent transactions conditional; no new injury/event selected,15,14400,9,Bol Bol;Gary Clark;JaVale McGee;Markus Howard;Vlatko Cancar;Zeke Nnaji,,Saddiq Bey,0022000719
2021-03-30_DEN_PHI,2021-03-30,PHI,INCUMBENT_CONDITIONAL,NO_DIRECT_DELTA_IDENTIFIED,,,EX07,DEADLINE_REVIEW,NOT_CALCULATED,observed date availability and incumbent transactions conditional; no new injury/event selected,13,14400,13,,,,0022000719
2021-03-30_LAC_ORL,2021-03-30,LAC,INCUMBENT_CONDITIONAL,NO_DIRECT_DELTA_IDENTIFIED,,,EX07,DEADLINE_REVIEW,NOT_CALCULATED,observed date availability and incumbent transactions conditional; no new injury/event selected,12,14400,8,Daniel Oturu,Marcus Morris Sr.;Patrick Beverley;Rajon Rondo,,0022000720
2021-03-30_LAC_ORL,2021-03-30,ORL,ORL_VUCEVIC_GORDON_A,DIRECT_ROSTER_CONTACT,Nikola Vucevic;Zeke Nnaji,Wendell Carter Jr.;Otto Porter Jr.;R.J. Hampton,EX02;EX03;EX04;EX07,DEADLINE_REVIEW,NOT_CALCULATED,observed date availability and incumbent transactions conditional; no new injury/event selected,12,14400,11,,Karim Mane,Nikola Vucevic;Zeke Nnaji,0022000720
2021-03-30_PHX_ATL,2021-03-30,PHX,INCUMBENT_CONDITIONAL,NO_DIRECT_DELTA_IDENTIFIED,,,EX07,DEADLINE_REVIEW,NOT_CALCULATED,observed date availability and incumbent transactions conditional; no new injury/event selected,15,14401,10,E'Twaun Moore;Jalen Smith;Jevon Carter;Ty-Shon Alexander,Abdel Nader,,0022000171
2021-03-30_PHX_ATL,2021-03-30,ATL,INCUMBENT_CONDITIONAL,NO_DIRECT_DELTA_IDENTIFIED,,,EX07,DEADLINE_REVIEW,NOT_CALCULATED,observed date availability and incumbent transactions conditional; no new injury/event selected,13,14400,11,Bruno Fernando;Skylar Mays,,,0022000171
2021-03-30_WAS_CHA,2021-03-30,WAS,WAS_TRENT_BROWN,DIRECT_ROSTER_CONTACT,Gary Trent Jr.;Troy Brown Jr.,Isaac Bonga;Chandler Hutchison,EX01;EX07,DEADLINE_REVIEW,NOT_CALCULATED,observed date availability and incumbent transactions conditional; no new injury/event selected,12,14399,9,Anthony Gill;Isaac Bonga,Bradley Beal,Gary Trent Jr.;Troy Brown Jr.,0022000718
2021-03-30_WAS_CHA,2021-03-30,CHA,CHA_EDWARDS_TERRY,DIRECT_ROSTER_CONTACT,Anthony Edwards;Tyrell Terry,LaMelo Ball;Grant Riller,EX07,DEADLINE_REVIEW,NOT_CALCULATED,observed date availability and incumbent transactions conditional; no new injury/event selected,16,14402,9,Brad Wanamaker;Grant Riller;Jalen McDaniels;Malik Monk;Nate Darling;Nick Richards;Vernon Carey Jr.,,Anthony Edwards;Tyrell Terry,0022000718
2021-03-31_BKN_HOU,2021-03-31,BKN,INCUMBENT_CONDITIONAL,NO_DIRECT_DELTA_IDENTIFIED,,,EX07,DEADLINE_REVIEW,NOT_CALCULATED,observed date availability and incumbent transactions conditional; no new injury/event selected,13,14400,10,Alize Johnson;Chris Chiozza;Reggie Perry,,,0022000724
2021-03-31_BKN_HOU,2021-03-31,HOU,INCUMBENT_CONDITIONAL,NO_DIRECT_DELTA_IDENTIFIED,,,EX07,DEADLINE_REVIEW,NOT_CALCULATED,observed date availability and incumbent transactions conditional; no new injury/event selected,13,14401,9,Anthony Lamb;Ben McLemore;D.J. Wilson;Justin Patton,,,0022000724
2021-03-31_BOS_DAL,2021-03-31,BOS,BOS_FOURNIER_PATH,TRANSACTION_DEPENDENCY,,,EX01;EX03;EX04;EX07,DEADLINE_REVIEW,NOT_CALCULATED,observed date availability and incumbent transactions conditional; no new injury/event selected,14,14400,10,Carsen Edwards;Tacko Fall;Tremont Waters,Robert Williams III,,0022000723
2021-03-31_BOS_DAL,2021-03-31,DAL,DAL_HAMPTON,DIRECT_ROSTER_CONTACT,R.J. Hampton,Tyrell Terry,EX07,DEADLINE_REVIEW,NOT_CALCULATED,observed date availability and incumbent transactions conditional; no new injury/event selected,14,14400,10,Boban Marjanovic;Dwight Powell;Nate Hinton;Tyler Bey,,R.J. Hampton,0022000723
2021-03-31_DET_POR,2021-03-31,DET,DET_PATRICK_KIRA,DIRECT_ROSTER_CONTACT,Patrick Williams;Kira Lewis Jr.,Saddiq Bey;Killian Hayes,EX07,DEADLINE_REVIEW,NOT_CALCULATED,observed date availability and incumbent transactions conditional; no new injury/event selected,11,14400,11,,,Patrick Williams;Kira Lewis Jr.,0022000721
2021-03-31_DET_POR,2021-03-31,POR,POR_NO_POWELL_HOOD,DIRECT_ROSTER_CONTACT,Rodney Hood,Gary Trent Jr.;Norman Powell,EX05;EX07,DEADLINE_REVIEW,NOT_CALCULATED,observed date availability and incumbent transactions conditional; no new injury/event selected,11,14400,11,,,Rodney Hood,0022000721
2021-03-31_IND_MIA,2021-03-31,IND,INCUMBENT_CONDITIONAL,NO_DIRECT_DELTA_IDENTIFIED,,,EX07,DEADLINE_REVIEW,NOT_CALCULATED,observed date availability and incumbent transactions conditional; no new injury/event selected,14,14400,10,Brian Bowen II;Cassius Stanley;JaKarr Sampson;Kelan Martin,,,0022000722
2021-03-31_IND_MIA,2021-03-31,MIA,INCUMBENT_CONDITIONAL,NO_DIRECT_DELTA_IDENTIFIED,,,EX07,DEADLINE_REVIEW,NOT_CALCULATED,observed date availability and incumbent transactions conditional; no new injury/event selected,13,14400,10,Max Strus,Kendrick Nunn,,0022000722
2021-03-31_LAL_MIL,2021-03-31,LAL,LAL_AD_CORE,TRANSACTION_DEPENDENCY,,,EX06;EX07,DEADLINE_REVIEW,NOT_CALCULATED,observed date availability and incumbent transactions conditional; no new injury/event selected,13,14400,13,,,,0022000729
2021-03-31_LAL_MIL,2021-03-31,MIL,INCUMBENT_CONDITIONAL,NO_DIRECT_DELTA_IDENTIFIED,,,EX07,DEADLINE_REVIEW,NOT_CALCULATED,observed date availability and incumbent transactions conditional; no new injury/event selected,12,14400,12,,,,0022000729
2021-03-31_MEM_UTA,2021-03-31,MEM,INCUMBENT_CONDITIONAL,NO_DIRECT_DELTA_IDENTIFIED,,,EX07,DEADLINE_REVIEW,NOT_CALCULATED,observed date availability and incumbent transactions conditional; no new injury/event selected,12,14400,10,John Konchar;Jontay Porter,,,0022000725
2021-03-31_MEM_UTA,2021-03-31,UTA,INCUMBENT_CONDITIONAL,NO_DIRECT_DELTA_IDENTIFIED,,,EX07,DEADLINE_REVIEW,NOT_CALCULATED,observed date availability and incumbent transactions conditional; no new injury/event selected,14,14400,9,Elijah Hughes;Ersan Ilyasova;Jarrell Brantley;Matt Thomas;Trent Forrest,,,0022000725
2021-03-31_MIN_NYK,2021-03-31,MIN,MIN_RIVAL,DIRECT_ROSTER_CONTACT,Fictional Rival,Anthony Edwards,EX07,DEADLINE_REVIEW,NOT_CALCULATED,observed date availability and incumbent transactions conditional; no new injury/event selected,13,14400,11,Ed Davis;Jarred Vanderbilt,,Fictional Rival,0022000726
2021-03-31_MIN_NYK,2021-03-31,NYK,INCUMBENT_CONDITIONAL,NO_DIRECT_DELTA_IDENTIFIED,,,EX07,DEADLINE_REVIEW,NOT_CALCULATED,observed date availability and incumbent transactions conditional; no new injury/event selected,13,14400,9,Frank Ntilikina;Jared Harper;Kevin Knox II;Theo Pinson,,,0022000726
2021-03-31_OKC_TOR,2021-03-31,OKC,INCUMBENT_CONDITIONAL,NO_DIRECT_DELTA_IDENTIFIED,,,EX07,DEADLINE_REVIEW,NOT_CALCULATED,observed date availability and incumbent transactions conditional; no new injury/event selected,12,14402,9,,Darius Bazley;Mike Muscala;Ty Jerome,,0022000727
2021-03-31_OKC_TOR,2021-03-31,TOR,TOR_POWELL,DIRECT_ROSTER_CONTACT,Norman Powell,Gary Trent Jr.;Rodney Hood,EX05;EX07,DEADLINE_REVIEW,NOT_CALCULATED,observed date availability and incumbent transactions conditional; no new injury/event selected,12,14402,10,,Kyle Lowry;Patrick McCaw,Norman Powell,0022000727
2021-03-31_SAS_SAC,2021-03-31,SAS,INCUMBENT_CONDITIONAL,NO_DIRECT_DELTA_IDENTIFIED,,,EX07,DEADLINE_REVIEW,NOT_CALCULATED,observed date availability and incumbent transactions conditional; no new injury/event selected,15,14400,14,,Trey Lyles,,0022000728
2021-03-31_SAS_SAC,2021-03-31,SAC,INCUMBENT_CONDITIONAL,NO_DIRECT_DELTA_IDENTIFIED,,,EX07,DEADLINE_REVIEW,NOT_CALCULATED,observed date availability and incumbent transactions conditional; no new injury/event selected,15,14400,13,DaQuan Jeffries;Jahmi'us Ramsey,,,0022000728
2021-04-01_BKN_CHA,2021-04-01,BKN,INCUMBENT_CONDITIONAL,NO_DIRECT_DELTA_IDENTIFIED,,,EX07,DEADLINE_REVIEW,NOT_CALCULATED,observed date availability and incumbent transactions conditional; no new injury/event selected,13,14400,12,DeAndre Jordan,,,0022000732
2021-04-01_BKN_CHA,2021-04-01,CHA,CHA_EDWARDS_TERRY,DIRECT_ROSTER_CONTACT,Anthony Edwards;Tyrell Terry,LaMelo Ball;Grant Riller,EX07,DEADLINE_REVIEW,NOT_CALCULATED,observed date availability and incumbent transactions conditional; no new injury/event selected,15,14400,14,Vernon Carey Jr.,,Anthony Edwards;Tyrell Terry,0022000732
2021-04-01_CLE_PHI,2021-04-01,CLE,INCUMBENT_CONDITIONAL,NO_DIRECT_DELTA_IDENTIFIED,,,EX07,DEADLINE_REVIEW,NOT_CALCULATED,observed date availability and incumbent transactions conditional; no new injury/event selected,13,14400,11,Damyean Dotson,Dylan Windler,,0022000731
2021-04-01_CLE_PHI,2021-04-01,PHI,INCUMBENT_CONDITIONAL,NO_DIRECT_DELTA_IDENTIFIED,,,EX07,DEADLINE_REVIEW,NOT_CALCULATED,observed date availability and incumbent transactions conditional; no new injury/event selected,13,14400,13,,,,0022000731
2021-04-01_DET_WAS,2021-04-01,DET,DET_PATRICK_KIRA,DIRECT_ROSTER_CONTACT,Patrick Williams;Kira Lewis Jr.,Saddiq Bey;Killian Hayes,EX07,DEADLINE_REVIEW,NOT_CALCULATED,observed date availability and incumbent transactions conditional; no new injury/event selected,13,14400,11,Dennis Smith Jr.;Sekou Doumbouya,,Patrick Williams;Kira Lewis Jr.,0022000179
2021-04-01_DET_WAS,2021-04-01,WAS,WAS_TRENT_BROWN,DIRECT_ROSTER_CONTACT,Gary Trent Jr.;Troy Brown Jr.,Isaac Bonga;Chandler Hutchison,EX01;EX07,DEADLINE_REVIEW,NOT_CALCULATED,observed date availability and incumbent transactions conditional; no new injury/event selected,13,14400,11,Anthony Gill,Bradley Beal,Gary Trent Jr.;Troy Brown Jr.,0022000179
2021-04-01_LAC_DEN,2021-04-01,LAC,INCUMBENT_CONDITIONAL,NO_DIRECT_DELTA_IDENTIFIED,,,EX07,DEADLINE_REVIEW,NOT_CALCULATED,observed date availability and incumbent transactions conditional; no new injury/event selected,12,14401,11,,Rajon Rondo,,0022000736
2021-04-01_LAC_DEN,2021-04-01,DEN,DEN_GORDON_A,DIRECT_ROSTER_CONTACT,Saddiq Bey,R.J. Hampton;Zeke Nnaji;Gary Harris,EX02;EX07,DEADLINE_REVIEW,NOT_CALCULATED,observed date availability and incumbent transactions conditional; no new injury/event selected,15,14401,9,Bol Bol;Gary Clark;JaVale McGee;Markus Howard;Vlatko Cancar;Zeke Nnaji,,Saddiq Bey,0022000736
2021-04-01_MIA_GSW,2021-04-01,MIA,INCUMBENT_CONDITIONAL,NO_DIRECT_DELTA_IDENTIFIED,,,EX07,DEADLINE_REVIEW,NOT_CALCULATED,observed date availability and incumbent transactions conditional; no new injury/event selected,13,14400,9,Kendrick Nunn;Max Strus;Precious Achiuwa;Udonis Haslem,,,0022000733
2021-04-01_MIA_GSW,2021-04-01,GSW,GSW_WIGGINS_HUTCHISON_INACTIVE,TRANSACTION_DEPENDENCY,,,EX06;EX07,DEADLINE_REVIEW,NOT_CALCULATED,observed date availability and incumbent transactions conditional; no new injury/event selected,14,14400,12,Alen Smailagic,Eric Paschall,,0022000733
2021-04-01_NOP_ORL,2021-04-01,NOP,NOP_HAYES,DIRECT_ROSTER_CONTACT,Killian Hayes,Kira Lewis Jr.,EX07,DEADLINE_REVIEW,NOT_CALCULATED,observed date availability and incumbent transactions conditional; no new injury/event selected,12,15900,8,Naji Marshall;Wenyen Gabriel;Will Magnay;Willy Hernangomez,,Killian Hayes,0022000734
2021-04-01_NOP_ORL,2021-04-01,ORL,ORL_VUCEVIC_GORDON_A,DIRECT_ROSTER_CONTACT,Nikola Vucevic;Zeke Nnaji,Wendell Carter Jr.;Otto Porter Jr.;R.J. Hampton,EX02;EX03;EX04;EX07,DEADLINE_REVIEW,NOT_CALCULATED,observed date availability and incumbent transactions conditional; no new injury/event selected,12,15900,10,,Karim Mane;Michael Carter-Williams,Nikola Vucevic;Zeke Nnaji,0022000734
2021-04-01_SAS_ATL,2021-04-01,SAS,INCUMBENT_CONDITIONAL,NO_DIRECT_DELTA_IDENTIFIED,,,EX07,DEADLINE_REVIEW,NOT_CALCULATED,observed date availability and incumbent transactions conditional; no new injury/event selected,13,17400,9,Cam Reynolds;Luka Samanic;Quinndary Weatherspoon;Tre Jones,,,0022000735
2021-04-01_SAS_ATL,2021-04-01,ATL,INCUMBENT_CONDITIONAL,NO_DIRECT_DELTA_IDENTIFIED,,,EX07,DEADLINE_REVIEW,NOT_CALCULATED,observed date availability and incumbent transactions conditional; no new injury/event selected,13,17400,10,Bruno Fernando;Nathan Knight;Skylar Mays,,,0022000735
2021-04-02_BOS_HOU,2021-04-02,BOS,BOS_FOURNIER_PATH,TRANSACTION_DEPENDENCY,,,EX01;EX03;EX04;EX07,DEADLINE_REVIEW,NOT_CALCULATED,observed date availability and incumbent transactions conditional; no new injury/event selected,14,14400,14,,,,0022000738
2021-04-02_BOS_HOU,2021-04-02,HOU,INCUMBENT_CONDITIONAL,NO_DIRECT_DELTA_IDENTIFIED,,,EX07,DEADLINE_REVIEW,NOT_CALCULATED,observed date availability and incumbent transactions conditional; no new injury/event selected,13,14400,12,Justin Patton,,,0022000738
2021-04-02_IND_CHA,2021-04-02,IND,INCUMBENT_CONDITIONAL,NO_DIRECT_DELTA_IDENTIFIED,,,EX07,DEADLINE_REVIEW,NOT_CALCULATED,observed date availability and incumbent transactions conditional; no new injury/event selected,15,14401,12,Brian Bowen II;Oshae Brissett,Malcolm Brogdon,,0022000740
2021-04-02_IND_CHA,2021-04-02,CHA,CHA_EDWARDS_TERRY,DIRECT_ROSTER_CONTACT,Anthony Edwards;Tyrell Terry,LaMelo Ball;Grant Riller,EX07,DEADLINE_REVIEW,NOT_CALCULATED,observed date availability and incumbent transactions conditional; no new injury/event selected,15,14400,12,Grant Riller;Nate Darling;Nick Richards,,Anthony Edwards;Tyrell Terry,0022000740
2021-04-02_MEM_MIN,2021-04-02,MEM,INCUMBENT_CONDITIONAL,NO_DIRECT_DELTA_IDENTIFIED,,,EX07,DEADLINE_REVIEW,NOT_CALCULATED,observed date availability and incumbent transactions conditional; no new injury/event selected,14,14400,14,,,,0022000741
2021-04-02_MEM_MIN,2021-04-02,MIN,MIN_RIVAL,DIRECT_ROSTER_CONTACT,Fictional Rival,Anthony Edwards,EX07,DEADLINE_REVIEW,NOT_CALCULATED,observed date availability and incumbent transactions conditional; no new injury/event selected,14,14400,12,Ed Davis,Ricky Rubio,Fictional Rival,0022000741
2021-04-02_NOP_ATL,2021-04-02,NOP,NOP_HAYES,DIRECT_ROSTER_CONTACT,Killian Hayes,Kira Lewis Jr.,EX07,DEADLINE_REVIEW,NOT_CALCULATED,observed date availability and incumbent transactions conditional; no new injury/event selected,12,14400,9,Will Magnay,Lonzo Ball;Steven Adams,Killian Hayes,0022000742
2021-04-02_NOP_ATL,2021-04-02,ATL,INCUMBENT_CONDITIONAL,NO_DIRECT_DELTA_IDENTIFIED,,,EX07,DEADLINE_REVIEW,NOT_CALCULATED,observed date availability and incumbent transactions conditional; no new injury/event selected,12,14400,11,,Danilo Gallinari,,0022000742
2021-04-02_NYK_DAL,2021-04-02,NYK,INCUMBENT_CONDITIONAL,NO_DIRECT_DELTA_IDENTIFIED,,,EX07,DEADLINE_REVIEW,NOT_CALCULATED,observed date availability and incumbent transactions conditional; no new injury/event selected,14,14400,10,Frank Ntilikina;Jared Harper;Kevin Knox II;Theo Pinson,,,0022000739
2021-04-02_NYK_DAL,2021-04-02,DAL,DAL_HAMPTON,DIRECT_ROSTER_CONTACT,R.J. Hampton,Tyrell Terry,EX07,DEADLINE_REVIEW,NOT_CALCULATED,observed date availability and incumbent transactions conditional; no new injury/event selected,14,14400,10,Boban Marjanovic;Josh Green;Nate Hinton;Tyler Bey,,R.J. Hampton,0022000739
2021-04-02_PHX_OKC,2021-04-02,PHX,INCUMBENT_CONDITIONAL,NO_DIRECT_DELTA_IDENTIFIED,,,EX07,DEADLINE_REVIEW,NOT_CALCULATED,observed date availability and incumbent transactions conditional; no new injury/event selected,15,14400,12,E'Twaun Moore;Langston Galloway,Abdel Nader,,0022000744
2021-04-02_PHX_OKC,2021-04-02,OKC,INCUMBENT_CONDITIONAL,NO_DIRECT_DELTA_IDENTIFIED,,,EX07,DEADLINE_REVIEW,NOT_CALCULATED,observed date availability and incumbent transactions conditional; no new injury/event selected,12,14400,11,,Mike Muscala,,0022000744
2021-04-02_POR_MIL,2021-04-02,POR,POR_NO_POWELL_HOOD,DIRECT_ROSTER_CONTACT,Rodney Hood,Gary Trent Jr.;Norman Powell,EX05;EX07,DEADLINE_REVIEW,NOT_CALCULATED,observed date availability and incumbent transactions conditional; no new injury/event selected,13,14400,12,,Zach Collins,Rodney Hood,0022000745
2021-04-02_POR_MIL,2021-04-02,MIL,INCUMBENT_CONDITIONAL,NO_DIRECT_DELTA_IDENTIFIED,,,EX07,DEADLINE_REVIEW,NOT_CALCULATED,observed date availability and incumbent transactions conditional; no new injury/event selected,14,14400,11,Mamadi Diakite;Rodions Kurucs;Sam Merrill,,,0022000745
2021-04-02_SAC_LAL,2021-04-02,SAC,INCUMBENT_CONDITIONAL,NO_DIRECT_DELTA_IDENTIFIED,,,EX07,DEADLINE_REVIEW,NOT_CALCULATED,observed date availability and incumbent transactions conditional; no new injury/event selected,15,14400,13,Chris Silva;Jahmi'us Ramsey,,,0022000746
2021-04-02_SAC_LAL,2021-04-02,LAL,LAL_AD_CORE,TRANSACTION_DEPENDENCY,,,EX06;EX07,DEADLINE_REVIEW,NOT_CALCULATED,observed date availability and incumbent transactions conditional; no new injury/event selected,12,14400,12,,,,0022000746
2021-04-02_TOR_GSW,2021-04-02,TOR,TOR_POWELL,DIRECT_ROSTER_CONTACT,Norman Powell,Gary Trent Jr.;Rodney Hood,EX05;EX07,DEADLINE_REVIEW,NOT_CALCULATED,observed date availability and incumbent transactions conditional; no new injury/event selected,12,14400,10,,Jalen Harris;Patrick McCaw,Norman Powell,0022000737
2021-04-02_TOR_GSW,2021-04-02,GSW,GSW_WIGGINS_HUTCHISON_INACTIVE,TRANSACTION_DEPENDENCY,,,EX06;EX07,DEADLINE_REVIEW,NOT_CALCULATED,observed date availability and incumbent transactions conditional; no new injury/event selected,14,14400,12,,Draymond Green;Stephen Curry,,0022000737
2021-04-03_DET_NYK,2021-04-03,DET,DET_PATRICK_KIRA,DIRECT_ROSTER_CONTACT,Patrick Williams;Kira Lewis Jr.,Saddiq Bey;Killian Hayes,EX07,DEADLINE_REVIEW,NOT_CALCULATED,observed date availability and incumbent transactions conditional; no new injury/event selected,15,14400,14,Sekou Doumbouya,,Patrick Williams;Kira Lewis Jr.,0022000748
2021-04-03_DET_NYK,2021-04-03,NYK,INCUMBENT_CONDITIONAL,NO_DIRECT_DELTA_IDENTIFIED,,,EX07,DEADLINE_REVIEW,NOT_CALCULATED,observed date availability and incumbent transactions conditional; no new injury/event selected,15,14400,15,,,,0022000748
2021-04-03_MIA_CLE,2021-04-03,MIA,INCUMBENT_CONDITIONAL,NO_DIRECT_DELTA_IDENTIFIED,,,EX07,DEADLINE_REVIEW,NOT_CALCULATED,observed date availability and incumbent transactions conditional; no new injury/event selected,14,14400,11,Kendrick Nunn;Udonis Haslem,Andre Iguodala,,0022000749
2021-04-03_MIA_CLE,2021-04-03,CLE,INCUMBENT_CONDITIONAL,NO_DIRECT_DELTA_IDENTIFIED,,,EX07,DEADLINE_REVIEW,NOT_CALCULATED,observed date availability and incumbent transactions conditional; no new injury/event selected,12,14400,9,Brodric Thomas;Damyean Dotson;Lamar Stevens,,,0022000749
2021-04-03_PHI_MIN,2021-04-03,PHI,INCUMBENT_CONDITIONAL,NO_DIRECT_DELTA_IDENTIFIED,,,EX07,DEADLINE_REVIEW,NOT_CALCULATED,observed date availability and incumbent transactions conditional; no new injury/event selected,15,14400,10,Ignas Brazdeikis;Isaiah Joe;Paul Reed;Rayjon Tucker;Tyrese Maxey,,,0022000750
2021-04-03_PHI_MIN,2021-04-03,MIN,MIN_RIVAL,DIRECT_ROSTER_CONTACT,Fictional Rival,Anthony Edwards,EX07,DEADLINE_REVIEW,NOT_CALCULATED,observed date availability and incumbent transactions conditional; no new injury/event selected,13,14400,11,Ed Davis,Ricky Rubio,Fictional Rival,0022000750
2021-04-03_POR_OKC,2021-04-03,POR,POR_NO_POWELL_HOOD,DIRECT_ROSTER_CONTACT,Rodney Hood,Gary Trent Jr.;Norman Powell,EX05;EX07,DEADLINE_REVIEW,NOT_CALCULATED,observed date availability and incumbent transactions conditional; no new injury/event selected,13,14400,11,,Derrick Jones Jr.;Zach Collins,Rodney Hood,0022000753
2021-04-03_POR_OKC,2021-04-03,OKC,INCUMBENT_CONDITIONAL,NO_DIRECT_DELTA_IDENTIFIED,,,EX07,DEADLINE_REVIEW,NOT_CALCULATED,observed date availability and incumbent transactions conditional; no new injury/event selected,12,14400,11,,Mike Muscala,,0022000753
2021-04-03_SAC_MIL,2021-04-03,SAC,INCUMBENT_CONDITIONAL,NO_DIRECT_DELTA_IDENTIFIED,,,EX07,DEADLINE_REVIEW,NOT_CALCULATED,observed date availability and incumbent transactions conditional; no new injury/event selected,14,14400,9,Chris Silva;Jahmi'us Ramsey;Justin James;Kyle Guy;Robert Woodard II,,,0022000754
2021-04-03_SAC_MIL,2021-04-03,MIL,INCUMBENT_CONDITIONAL,NO_DIRECT_DELTA_IDENTIFIED,,,EX07,DEADLINE_REVIEW,NOT_CALCULATED,observed date availability and incumbent transactions conditional; no new injury/event selected,14,14400,10,Axel Toupane;Mamadi Diakite;Rodions Kurucs;Sam Merrill,,,0022000754
2021-04-03_SAS_IND,2021-04-03,SAS,INCUMBENT_CONDITIONAL,NO_DIRECT_DELTA_IDENTIFIED,,,EX07,DEADLINE_REVIEW,NOT_CALCULATED,observed date availability and incumbent transactions conditional; no new injury/event selected,13,15900,9,Cam Reynolds;Quinndary Weatherspoon;Tre Jones,Drew Eubanks,,0022000751
2021-04-03_SAS_IND,2021-04-03,IND,INCUMBENT_CONDITIONAL,NO_DIRECT_DELTA_IDENTIFIED,,,EX07,DEADLINE_REVIEW,NOT_CALCULATED,observed date availability and incumbent transactions conditional; no new injury/event selected,13,15900,10,Brian Bowen II;Cassius Stanley;Oshae Brissett,,,0022000751
2021-04-03_UTA_ORL,2021-04-03,UTA,INCUMBENT_CONDITIONAL,NO_DIRECT_DELTA_IDENTIFIED,,,EX07,DEADLINE_REVIEW,NOT_CALCULATED,observed date availability and incumbent transactions conditional; no new injury/event selected,13,14400,13,,,,0022000752
2021-04-03_UTA_ORL,2021-04-03,ORL,ORL_VUCEVIC_GORDON_A,DIRECT_ROSTER_CONTACT,Nikola Vucevic;Zeke Nnaji,Wendell Carter Jr.;Otto Porter Jr.;R.J. Hampton,EX02;EX03;EX04;EX07,DEADLINE_REVIEW,NOT_CALCULATED,observed date availability and incumbent transactions conditional; no new injury/event selected,12,14400,8,,Karim Mane;Khem Birch;Michael Carter-Williams;Otto Porter Jr.,Nikola Vucevic;Zeke Nnaji,0022000752
2021-04-03_WAS_DAL,2021-04-03,WAS,WAS_TRENT_BROWN,DIRECT_ROSTER_CONTACT,Gary Trent Jr.;Troy Brown Jr.,Isaac Bonga;Chandler Hutchison,EX01;EX07,DEADLINE_REVIEW,NOT_CALCULATED,observed date availability and incumbent transactions conditional; no new injury/event selected,13,14400,11,Isaac Bonga;Jerome Robinson,,Gary Trent Jr.;Troy Brown Jr.,0022000747
2021-04-03_WAS_DAL,2021-04-03,DAL,DAL_HAMPTON,DIRECT_ROSTER_CONTACT,R.J. Hampton,Tyrell Terry,EX07,DEADLINE_REVIEW,NOT_CALCULATED,observed date availability and incumbent transactions conditional; no new injury/event selected,14,14400,11,,Josh Richardson;Kristaps Porzingis;Maxi Kleber,R.J. Hampton,0022000747
2021-04-04_ATL_GSW,2021-04-04,ATL,INCUMBENT_CONDITIONAL,NO_DIRECT_DELTA_IDENTIFIED,,,EX07,DEADLINE_REVIEW,NOT_CALCULATED,observed date availability and incumbent transactions conditional; no new injury/event selected,13,14400,9,Brandon Goodwin;Bruno Fernando;Nathan Knight;Skylar Mays,,,0022000759
2021-04-04_ATL_GSW,2021-04-04,GSW,GSW_WIGGINS_HUTCHISON_INACTIVE,TRANSACTION_DEPENDENCY,,,EX06;EX07,DEADLINE_REVIEW,NOT_CALCULATED,observed date availability and incumbent transactions conditional; no new injury/event selected,13,14400,10,Alen Smailagic;Mychal Mulder;Nico Mannion,,,0022000759
2021-04-04_BOS_CHA,2021-04-04,BOS,BOS_FOURNIER_PATH,TRANSACTION_DEPENDENCY,,,EX01;EX03;EX04;EX07,DEADLINE_REVIEW,NOT_CALCULATED,observed date availability and incumbent transactions conditional; no new injury/event selected,15,14401,15,,,,0022000757
2021-04-04_BOS_CHA,2021-04-04,CHA,CHA_EDWARDS_TERRY,DIRECT_ROSTER_CONTACT,Anthony Edwards;Tyrell Terry,LaMelo Ball;Grant Riller,EX07,DEADLINE_REVIEW,NOT_CALCULATED,observed date availability and incumbent transactions conditional; no new injury/event selected,14,14401,14,,,Anthony Edwards;Tyrell Terry,0022000757
2021-04-04_DEN_ORL,2021-04-04,DEN,DEN_GORDON_A,DIRECT_ROSTER_CONTACT,Saddiq Bey,R.J. Hampton;Zeke Nnaji;Gary Harris,EX02;EX07,DEADLINE_REVIEW,NOT_CALCULATED,observed date availability and incumbent transactions conditional; no new injury/event selected,15,14400,11,Bol Bol;Gary Clark;Vlatko Cancar;Zeke Nnaji,,Saddiq Bey,0022000761
2021-04-04_DEN_ORL,2021-04-04,ORL,ORL_VUCEVIC_GORDON_A,DIRECT_ROSTER_CONTACT,Nikola Vucevic;Zeke Nnaji,Wendell Carter Jr.;Otto Porter Jr.;R.J. Hampton,EX02;EX03;EX04;EX07,DEADLINE_REVIEW,NOT_CALCULATED,observed date availability and incumbent transactions conditional; no new injury/event selected,12,14400,8,,Karim Mane;Khem Birch;Michael Carter-Williams;Otto Porter Jr.,Nikola Vucevic;Zeke Nnaji,0022000761
2021-04-04_HOU_NOP,2021-04-04,HOU,INCUMBENT_CONDITIONAL,NO_DIRECT_DELTA_IDENTIFIED,,,EX07,DEADLINE_REVIEW,NOT_CALCULATED,observed date availability and incumbent transactions conditional; no new injury/event selected,12,14401,10,Anthony Lamb,John Wall,,0022000760
2021-04-04_HOU_NOP,2021-04-04,NOP,NOP_HAYES,DIRECT_ROSTER_CONTACT,Killian Hayes,Kira Lewis Jr.,EX07,DEADLINE_REVIEW,NOT_CALCULATED,observed date availability and incumbent transactions conditional; no new injury/event selected,12,14400,9,Wenyen Gabriel;Will Magnay,Brandon Ingram,Killian Hayes,0022000760
2021-04-04_LAC_LAL,2021-04-04,LAC,INCUMBENT_CONDITIONAL,NO_DIRECT_DELTA_IDENTIFIED,,,EX07,DEADLINE_REVIEW,NOT_CALCULATED,observed date availability and incumbent transactions conditional; no new injury/event selected,12,14400,12,,,,0022000756
2021-04-04_LAC_LAL,2021-04-04,LAL,LAL_AD_CORE,TRANSACTION_DEPENDENCY,,,EX06;EX07,DEADLINE_REVIEW,NOT_CALCULATED,observed date availability and incumbent transactions conditional; no new injury/event selected,12,14400,11,,Wesley Matthews,,0022000756
2021-04-04_PHI_MEM,2021-04-04,PHI,INCUMBENT_CONDITIONAL,NO_DIRECT_DELTA_IDENTIFIED,,,EX07,DEADLINE_REVIEW,NOT_CALCULATED,observed date availability and incumbent transactions conditional; no new injury/event selected,15,14400,14,,Tyrese Maxey,,0022000758
2021-04-04_PHI_MEM,2021-04-04,MEM,INCUMBENT_CONDITIONAL,NO_DIRECT_DELTA_IDENTIFIED,,,EX07,DEADLINE_REVIEW,NOT_CALCULATED,observed date availability and incumbent transactions conditional; no new injury/event selected,14,14400,14,,,,0022000758
2021-04-05_BKN_NYK,2021-04-05,BKN,INCUMBENT_CONDITIONAL,NO_DIRECT_DELTA_IDENTIFIED,,,EX07,DEADLINE_REVIEW,NOT_CALCULATED,observed date availability and incumbent transactions conditional; no new injury/event selected,12,14400,10,DeAndre Jordan;Reggie Perry,,,0022000762
2021-04-05_BKN_NYK,2021-04-05,NYK,INCUMBENT_CONDITIONAL,NO_DIRECT_DELTA_IDENTIFIED,,,EX07,DEADLINE_REVIEW,NOT_CALCULATED,observed date availability and incumbent transactions conditional; no new injury/event selected,15,14400,10,Frank Ntilikina;Jared Harper;Kevin Knox II;Norvel Pelle;Theo Pinson,,,0022000762
2021-04-05_DAL_UTA,2021-04-05,DAL,DAL_HAMPTON,DIRECT_ROSTER_CONTACT,R.J. Hampton,Tyrell Terry,EX07,DEADLINE_REVIEW,NOT_CALCULATED,observed date availability and incumbent transactions conditional; no new injury/event selected,14,14400,8,Boban Marjanovic;Josh Green;Nate Hinton;Tyler Bey,Kristaps Porzingis;Trey Burke,R.J. Hampton,0022000764
2021-04-05_DAL_UTA,2021-04-05,UTA,INCUMBENT_CONDITIONAL,NO_DIRECT_DELTA_IDENTIFIED,,,EX07,DEADLINE_REVIEW,NOT_CALCULATED,observed date availability and incumbent transactions conditional; no new injury/event selected,14,14400,9,Ersan Ilyasova;Jarrell Brantley;Matt Thomas;Miye Oni;Trent Forrest,,,0022000764
2021-04-05_HOU_PHX,2021-04-05,HOU,INCUMBENT_CONDITIONAL,NO_DIRECT_DELTA_IDENTIFIED,,,EX07,DEADLINE_REVIEW,NOT_CALCULATED,observed date availability and incumbent transactions conditional; no new injury/event selected,12,14401,9,Anthony Lamb,Danuel House Jr.;John Wall,,0022000768
2021-04-05_HOU_PHX,2021-04-05,PHX,INCUMBENT_CONDITIONAL,NO_DIRECT_DELTA_IDENTIFIED,,,EX07,DEADLINE_REVIEW,NOT_CALCULATED,observed date availability and incumbent transactions conditional; no new injury/event selected,14,14400,10,E'Twaun Moore;Jalen Smith;Langston Galloway;Ty-Shon Alexander,,,0022000768
2021-04-05_MIN_SAC,2021-04-05,MIN,MIN_RIVAL,DIRECT_ROSTER_CONTACT,Fictional Rival,Anthony Edwards,EX07,DEADLINE_REVIEW,NOT_CALCULATED,observed date availability and incumbent transactions conditional; no new injury/event selected,13,14400,11,Ed Davis;Jarred Vanderbilt,,Fictional Rival,0022000765
2021-04-05_MIN_SAC,2021-04-05,SAC,INCUMBENT_CONDITIONAL,NO_DIRECT_DELTA_IDENTIFIED,,,EX07,DEADLINE_REVIEW,NOT_CALCULATED,observed date availability and incumbent transactions conditional; no new injury/event selected,14,14400,9,Chimezie Metu;Chris Silva;Justin James;Kyle Guy;Robert Woodard II,,,0022000765
2021-04-05_OKC_DET,2021-04-05,OKC,INCUMBENT_CONDITIONAL,NO_DIRECT_DELTA_IDENTIFIED,,,EX07,DEADLINE_REVIEW,NOT_CALCULATED,observed date availability and incumbent transactions conditional; no new injury/event selected,13,14400,10,,Darius Bazley;Isaiah Roby;Mike Muscala,,0022000766
2021-04-05_OKC_DET,2021-04-05,DET,DET_PATRICK_KIRA,DIRECT_ROSTER_CONTACT,Patrick Williams;Kira Lewis Jr.,Saddiq Bey;Killian Hayes,EX07,DEADLINE_REVIEW,NOT_CALCULATED,observed date availability and incumbent transactions conditional; no new injury/event selected,13,14400,12,Dennis Smith Jr.,,Patrick Williams;Kira Lewis Jr.,0022000766
2021-04-05_SAS_CLE,2021-04-05,SAS,INCUMBENT_CONDITIONAL,NO_DIRECT_DELTA_IDENTIFIED,,,EX07,DEADLINE_REVIEW,NOT_CALCULATED,observed date availability and incumbent transactions conditional; no new injury/event selected,13,14400,12,,Dejounte Murray,,0022000767
2021-04-05_SAS_CLE,2021-04-05,CLE,INCUMBENT_CONDITIONAL,NO_DIRECT_DELTA_IDENTIFIED,,,EX07,DEADLINE_REVIEW,NOT_CALCULATED,observed date availability and incumbent transactions conditional; no new injury/event selected,12,14400,10,Cedi Osman;Damyean Dotson,,,0022000767
2021-04-06_ATL_NOP,2021-04-06,ATL,INCUMBENT_CONDITIONAL,NO_DIRECT_DELTA_IDENTIFIED,,,EX07,DEADLINE_REVIEW,NOT_CALCULATED,observed date availability and incumbent transactions conditional; no new injury/event selected,13,14401,13,,,,0022000770
2021-04-06_ATL_NOP,2021-04-06,NOP,NOP_HAYES,DIRECT_ROSTER_CONTACT,Killian Hayes,Kira Lewis Jr.,EX07,DEADLINE_REVIEW,NOT_CALCULATED,observed date availability and incumbent transactions conditional; no new injury/event selected,12,14400,11,Will Magnay,,Killian Hayes,0022000770
2021-04-06_BOS_PHI,2021-04-06,BOS,BOS_FOURNIER_PATH,TRANSACTION_DEPENDENCY,,,EX01;EX03;EX04;EX07,DEADLINE_REVIEW,NOT_CALCULATED,observed date availability and incumbent transactions conditional; no new injury/event selected,15,14401,15,,,,0022000771
2021-04-06_BOS_PHI,2021-04-06,PHI,INCUMBENT_CONDITIONAL,NO_DIRECT_DELTA_IDENTIFIED,,,EX07,DEADLINE_REVIEW,NOT_CALCULATED,observed date availability and incumbent transactions conditional; no new injury/event selected,15,14400,12,Ignas Brazdeikis;Isaiah Joe;Rayjon Tucker,,,0022000771
2021-04-06_DEN_DET,2021-04-06,DEN,DEN_GORDON_A,DIRECT_ROSTER_CONTACT,Saddiq Bey,R.J. Hampton;Zeke Nnaji;Gary Harris,EX02;EX07,DEADLINE_REVIEW,NOT_CALCULATED,observed date availability and incumbent transactions conditional; no new injury/event selected,15,14400,13,Bol Bol;JaVale McGee,,Saddiq Bey,0022000321
2021-04-06_DEN_DET,2021-04-06,DET,DET_PATRICK_KIRA,DIRECT_ROSTER_CONTACT,Patrick Williams;Kira Lewis Jr.,Saddiq Bey;Killian Hayes,EX07,DEADLINE_REVIEW,NOT_CALCULATED,observed date availability and incumbent transactions conditional; no new injury/event selected,14,14400,13,Deividas Sirvydis,,Patrick Williams;Kira Lewis Jr.,0022000321
2021-04-06_GSW_MIL,2021-04-06,GSW,GSW_WIGGINS_HUTCHISON_INACTIVE,TRANSACTION_DEPENDENCY,,,EX06;EX07,DEADLINE_REVIEW,NOT_CALCULATED,observed date availability and incumbent transactions conditional; no new injury/event selected,14,14400,9,Alen Smailagic;Juan Toscano-Anderson;Mychal Mulder;Nico Mannion,Eric Paschall,,0022000774
2021-04-06_GSW_MIL,2021-04-06,MIL,INCUMBENT_CONDITIONAL,NO_DIRECT_DELTA_IDENTIFIED,,,EX07,DEADLINE_REVIEW,NOT_CALCULATED,observed date availability and incumbent transactions conditional; no new injury/event selected,14,14400,11,Mamadi Diakite;Rodions Kurucs;Sam Merrill,,,0022000774
2021-04-06_LAC_POR,2021-04-06,LAC,INCUMBENT_CONDITIONAL,NO_DIRECT_DELTA_IDENTIFIED,,,EX07,DEADLINE_REVIEW,NOT_CALCULATED,observed date availability and incumbent transactions conditional; no new injury/event selected,14,14400,12,Amir Coffey;Daniel Oturu,,,0022000775
2021-04-06_LAC_POR,2021-04-06,POR,POR_NO_POWELL_HOOD,DIRECT_ROSTER_CONTACT,Rodney Hood,Gary Trent Jr.;Norman Powell,EX05;EX07,DEADLINE_REVIEW,NOT_CALCULATED,observed date availability and incumbent transactions conditional; no new injury/event selected,13,14400,11,,Jusuf Nurkic;Zach Collins,Rodney Hood,0022000775
2021-04-06_MIA_MEM,2021-04-06,MIA,INCUMBENT_CONDITIONAL,NO_DIRECT_DELTA_IDENTIFIED,,,EX07,DEADLINE_REVIEW,NOT_CALCULATED,observed date availability and incumbent transactions conditional; no new injury/event selected,14,14400,12,Kendrick Nunn;Udonis Haslem,,,0022000773
2021-04-06_MIA_MEM,2021-04-06,MEM,INCUMBENT_CONDITIONAL,NO_DIRECT_DELTA_IDENTIFIED,,,EX07,DEADLINE_REVIEW,NOT_CALCULATED,observed date availability and incumbent transactions conditional; no new injury/event selected,12,14400,11,Jontay Porter,,,0022000773
2021-04-06_TOR_LAL,2021-04-06,TOR,TOR_POWELL,DIRECT_ROSTER_CONTACT,Norman Powell,Gary Trent Jr.;Rodney Hood,EX05;EX07,DEADLINE_REVIEW,NOT_CALCULATED,observed date availability and incumbent transactions conditional; no new injury/event selected,12,14400,9,,Jalen Harris;Patrick McCaw;Rodney Hood,Norman Powell,0022000772
2021-04-06_TOR_LAL,2021-04-06,LAL,LAL_AD_CORE,TRANSACTION_DEPENDENCY,,,EX06;EX07,DEADLINE_REVIEW,NOT_CALCULATED,observed date availability and incumbent transactions conditional; no new injury/event selected,12,14400,12,,,,0022000772
2021-04-07_ATL_MEM,2021-04-07,ATL,INCUMBENT_CONDITIONAL,NO_DIRECT_DELTA_IDENTIFIED,,,EX07,DEADLINE_REVIEW,NOT_CALCULATED,observed date availability and incumbent transactions conditional; no new injury/event selected,12,14400,11,,Danilo Gallinari,,0022000780
2021-04-07_ATL_MEM,2021-04-07,MEM,INCUMBENT_CONDITIONAL,NO_DIRECT_DELTA_IDENTIFIED,,,EX07,DEADLINE_REVIEW,NOT_CALCULATED,observed date availability and incumbent transactions conditional; no new injury/event selected,12,14400,12,,,,0022000780
2021-04-07_BKN_NOP,2021-04-07,BKN,INCUMBENT_CONDITIONAL,NO_DIRECT_DELTA_IDENTIFIED,,,EX07,DEADLINE_REVIEW,NOT_CALCULATED,observed date availability and incumbent transactions conditional; no new injury/event selected,13,14399,12,DeAndre Jordan,,,0022000779
2021-04-07_BKN_NOP,2021-04-07,NOP,NOP_HAYES,DIRECT_ROSTER_CONTACT,Killian Hayes,Kira Lewis Jr.,EX07,DEADLINE_REVIEW,NOT_CALCULATED,observed date availability and incumbent transactions conditional; no new injury/event selected,12,14400,11,Will Magnay,,Killian Hayes,0022000779
2021-04-07_BOS_NYK,2021-04-07,BOS,BOS_FOURNIER_PATH,TRANSACTION_DEPENDENCY,,,EX01;EX03;EX04;EX07,DEADLINE_REVIEW,NOT_CALCULATED,observed date availability and incumbent transactions conditional; no new injury/event selected,15,14400,9,Aaron Nesmith;Carsen Edwards;Luke Kornet;Moritz Wagner;Tacko Fall;Tremont Waters,,,0022000778
2021-04-07_BOS_NYK,2021-04-07,NYK,INCUMBENT_CONDITIONAL,NO_DIRECT_DELTA_IDENTIFIED,,,EX07,DEADLINE_REVIEW,NOT_CALCULATED,observed date availability and incumbent transactions conditional; no new injury/event selected,15,14400,10,Frank Ntilikina;Jared Harper;Kevin Knox II;Norvel Pelle;Theo Pinson,,,0022000778
2021-04-07_DEN_SAS,2021-04-07,DEN,DEN_GORDON_A,DIRECT_ROSTER_CONTACT,Saddiq Bey,R.J. Hampton;Zeke Nnaji;Gary Harris,EX02;EX07,DEADLINE_REVIEW,NOT_CALCULATED,observed date availability and incumbent transactions conditional; no new injury/event selected,15,14400,14,Greg Whittington,,Saddiq Bey,0022000782
2021-04-07_DEN_SAS,2021-04-07,SAS,INCUMBENT_CONDITIONAL,NO_DIRECT_DELTA_IDENTIFIED,,,EX07,DEADLINE_REVIEW,NOT_CALCULATED,observed date availability and incumbent transactions conditional; no new injury/event selected,13,14400,13,,,,0022000782
2021-04-07_HOU_DAL,2021-04-07,HOU,INCUMBENT_CONDITIONAL,NO_DIRECT_DELTA_IDENTIFIED,,,EX07,DEADLINE_REVIEW,NOT_CALCULATED,observed date availability and incumbent transactions conditional; no new injury/event selected,12,14400,9,Anthony Lamb;D.J. Wilson;DaQuan Jeffries,,,0022000456
2021-04-07_HOU_DAL,2021-04-07,DAL,DAL_HAMPTON,DIRECT_ROSTER_CONTACT,R.J. Hampton,Tyrell Terry,EX07,DEADLINE_REVIEW,NOT_CALCULATED,observed date availability and incumbent transactions conditional; no new injury/event selected,13,14400,10,Boban Marjanovic;Tyler Bey,Maxi Kleber,R.J. Hampton,0022000456
2021-04-07_IND_MIN,2021-04-07,IND,INCUMBENT_CONDITIONAL,NO_DIRECT_DELTA_IDENTIFIED,,,EX07,DEADLINE_REVIEW,NOT_CALCULATED,observed date availability and incumbent transactions conditional; no new injury/event selected,13,14401,11,Brian Bowen II;Cassius Stanley,,,0022000776
2021-04-07_IND_MIN,2021-04-07,MIN,MIN_RIVAL,DIRECT_ROSTER_CONTACT,Fictional Rival,Anthony Edwards,EX07,DEADLINE_REVIEW,NOT_CALCULATED,observed date availability and incumbent transactions conditional; no new injury/event selected,13,14400,10,Ed Davis;Jarred Vanderbilt,,Fictional Rival,0022000776
2021-04-07_OKC_CHA,2021-04-07,OKC,INCUMBENT_CONDITIONAL,NO_DIRECT_DELTA_IDENTIFIED,,,EX07,DEADLINE_REVIEW,NOT_CALCULATED,observed date availability and incumbent transactions conditional; no new injury/event selected,12,14400,9,,Darius Bazley;Darius Miller;Mike Muscala,,0022000781
2021-04-07_OKC_CHA,2021-04-07,CHA,CHA_EDWARDS_TERRY,DIRECT_ROSTER_CONTACT,Anthony Edwards;Tyrell Terry,LaMelo Ball;Grant Riller,EX07,DEADLINE_REVIEW,NOT_CALCULATED,observed date availability and incumbent transactions conditional; no new injury/event selected,14,14400,9,Bismack Biyombo;Grant Riller;Nate Darling;Nick Richards;Vernon Carey Jr.,,Anthony Edwards;Tyrell Terry,0022000781
2021-04-07_ORL_WAS,2021-04-07,ORL,ORL_VUCEVIC_GORDON_A,DIRECT_ROSTER_CONTACT,Nikola Vucevic;Zeke Nnaji,Wendell Carter Jr.;Otto Porter Jr.;R.J. Hampton,EX02;EX03;EX04;EX07,DEADLINE_REVIEW,NOT_CALCULATED,observed date availability and incumbent transactions conditional; no new injury/event selected,12,14400,12,,,Nikola Vucevic;Zeke Nnaji,0022000777
2021-04-07_ORL_WAS,2021-04-07,WAS,WAS_TRENT_BROWN,DIRECT_ROSTER_CONTACT,Gary Trent Jr.;Troy Brown Jr.,Isaac Bonga;Chandler Hutchison,EX01;EX07,DEADLINE_REVIEW,NOT_CALCULATED,observed date availability and incumbent transactions conditional; no new injury/event selected,15,14400,13,Chandler Hutchison;Jerome Robinson,,Gary Trent Jr.;Troy Brown Jr.,0022000777
2021-04-07_PHX_UTA,2021-04-07,PHX,INCUMBENT_CONDITIONAL,NO_DIRECT_DELTA_IDENTIFIED,,,EX07,DEADLINE_REVIEW,NOT_CALCULATED,observed date availability and incumbent transactions conditional; no new injury/event selected,15,15900,10,E'Twaun Moore;Frank Kaminsky;Jalen Smith;Langston Galloway;Ty-Shon Alexander,,,0022000783
2021-04-07_PHX_UTA,2021-04-07,UTA,INCUMBENT_CONDITIONAL,NO_DIRECT_DELTA_IDENTIFIED,,,EX07,DEADLINE_REVIEW,NOT_CALCULATED,observed date availability and incumbent transactions conditional; no new injury/event selected,14,15900,9,Ersan Ilyasova;Jarrell Brantley;Matt Thomas;Miye Oni;Trent Forrest,,,0022000783
2021-04-08_DAL_MIL,2021-04-08,DAL,DAL_HAMPTON,DIRECT_ROSTER_CONTACT,R.J. Hampton,Tyrell Terry,EX07,DEADLINE_REVIEW,NOT_CALCULATED,observed date availability and incumbent transactions conditional; no new injury/event selected,13,14401,11,Boban Marjanovic,Trey Burke,R.J. Hampton,0022000786
2021-04-08_DAL_MIL,2021-04-08,MIL,INCUMBENT_CONDITIONAL,NO_DIRECT_DELTA_IDENTIFIED,,,EX07,DEADLINE_REVIEW,NOT_CALCULATED,observed date availability and incumbent transactions conditional; no new injury/event selected,14,14401,11,Jordan Nwora;Rodions Kurucs;Sam Merrill,,,0022000786
2021-04-08_LAC_PHX,2021-04-08,LAC,INCUMBENT_CONDITIONAL,NO_DIRECT_DELTA_IDENTIFIED,,,EX07,DEADLINE_REVIEW,NOT_CALCULATED,observed date availability and incumbent transactions conditional; no new injury/event selected,14,14400,13,DeMarcus Cousins,,,0022000788
2021-04-08_LAC_PHX,2021-04-08,PHX,INCUMBENT_CONDITIONAL,NO_DIRECT_DELTA_IDENTIFIED,,,EX07,DEADLINE_REVIEW,NOT_CALCULATED,observed date availability and incumbent transactions conditional; no new injury/event selected,15,14400,12,E'Twaun Moore;Frank Kaminsky;Langston Galloway,,,0022000788
2021-04-08_MIA_LAL,2021-04-08,MIA,INCUMBENT_CONDITIONAL,NO_DIRECT_DELTA_IDENTIFIED,,,EX07,DEADLINE_REVIEW,NOT_CALCULATED,observed date availability and incumbent transactions conditional; no new injury/event selected,15,14400,10,Gabe Vincent;Kendrick Nunn;Max Strus;Udonis Haslem,,,0022000784
2021-04-08_MIA_LAL,2021-04-08,LAL,LAL_AD_CORE,TRANSACTION_DEPENDENCY,,,EX06;EX07,DEADLINE_REVIEW,NOT_CALCULATED,observed date availability and incumbent transactions conditional; no new injury/event selected,13,14400,9,Devontae Cacok;Kostas Antetokounmpo;Marc Gasol,,,0022000784
2021-04-08_OKC_CLE,2021-04-08,OKC,INCUMBENT_CONDITIONAL,NO_DIRECT_DELTA_IDENTIFIED,,,EX07,DEADLINE_REVIEW,NOT_CALCULATED,observed date availability and incumbent transactions conditional; no new injury/event selected,12,14400,9,,Darius Bazley;Darius Miller;Mike Muscala,,0022000785
2021-04-08_OKC_CLE,2021-04-08,CLE,INCUMBENT_CONDITIONAL,NO_DIRECT_DELTA_IDENTIFIED,,,EX07,DEADLINE_REVIEW,NOT_CALCULATED,observed date availability and incumbent transactions conditional; no new injury/event selected,12,14400,10,Cedi Osman;Damyean Dotson,,,0022000785
2021-04-08_SAC_DET,2021-04-08,SAC,INCUMBENT_CONDITIONAL,NO_DIRECT_DELTA_IDENTIFIED,,,EX07,DEADLINE_REVIEW,NOT_CALCULATED,observed date availability and incumbent transactions conditional; no new injury/event selected,15,14400,10,Chris Silva;Damian Jones;Jahmi'us Ramsey;Justin James;Robert Woodard II,,,0022000789
2021-04-08_SAC_DET,2021-04-08,DET,DET_PATRICK_KIRA,DIRECT_ROSTER_CONTACT,Patrick Williams;Kira Lewis Jr.,Saddiq Bey;Killian Hayes,EX07,DEADLINE_REVIEW,NOT_CALCULATED,observed date availability and incumbent transactions conditional; no new injury/event selected,14,14400,11,Deividas Sirvydis;Saben Lee;Tyler Cook,,Patrick Williams;Kira Lewis Jr.,0022000789
2021-04-08_UTA_POR,2021-04-08,UTA,INCUMBENT_CONDITIONAL,NO_DIRECT_DELTA_IDENTIFIED,,,EX07,DEADLINE_REVIEW,NOT_CALCULATED,observed date availability and incumbent transactions conditional; no new injury/event selected,14,14400,14,,,,0022000787
2021-04-08_UTA_POR,2021-04-08,POR,POR_NO_POWELL_HOOD,DIRECT_ROSTER_CONTACT,Rodney Hood,Gary Trent Jr.;Norman Powell,EX05;EX07,DEADLINE_REVIEW,NOT_CALCULATED,observed date availability and incumbent transactions conditional; no new injury/event selected,13,14400,12,,Zach Collins,Rodney Hood,0022000787
2021-04-09_BOS_MIN,2021-04-09,BOS,BOS_FOURNIER_PATH,TRANSACTION_DEPENDENCY,,,EX01;EX03;EX04;EX07,DEADLINE_REVIEW,NOT_CALCULATED,observed date availability and incumbent transactions conditional; no new injury/event selected,15,15900,10,Aaron Nesmith;Carsen Edwards;Luke Kornet;Moritz Wagner;Tremont Waters,,,0022000792
2021-04-09_BOS_MIN,2021-04-09,MIN,MIN_RIVAL,DIRECT_ROSTER_CONTACT,Fictional Rival,Anthony Edwards,EX07,DEADLINE_REVIEW,NOT_CALCULATED,observed date availability and incumbent transactions conditional; no new injury/event selected,13,15900,10,Ed Davis;Jake Layman;Jarred Vanderbilt,,Fictional Rival,0022000792
2021-04-09_DEN_SAS,2021-04-09,DEN,DEN_GORDON_A,DIRECT_ROSTER_CONTACT,Saddiq Bey,R.J. Hampton;Zeke Nnaji;Gary Harris,EX02;EX07,DEADLINE_REVIEW,NOT_CALCULATED,observed date availability and incumbent transactions conditional; no new injury/event selected,14,14400,9,Bol Bol;JaMychal Green;Markus Howard;Vlatko Cancar;Zeke Nnaji,,Saddiq Bey,0022000797
2021-04-09_DEN_SAS,2021-04-09,SAS,INCUMBENT_CONDITIONAL,NO_DIRECT_DELTA_IDENTIFIED,,,EX07,DEADLINE_REVIEW,NOT_CALCULATED,observed date availability and incumbent transactions conditional; no new injury/event selected,13,14400,10,Luka Samanic;Quinndary Weatherspoon;Tre Jones,,,0022000797
2021-04-09_LAC_HOU,2021-04-09,LAC,INCUMBENT_CONDITIONAL,NO_DIRECT_DELTA_IDENTIFIED,,,EX07,DEADLINE_REVIEW,NOT_CALCULATED,observed date availability and incumbent transactions conditional; no new injury/event selected,13,14400,12,,,,0022000799
2021-04-09_LAC_HOU,2021-04-09,HOU,INCUMBENT_CONDITIONAL,NO_DIRECT_DELTA_IDENTIFIED,,,EX07,DEADLINE_REVIEW,NOT_CALCULATED,observed date availability and incumbent transactions conditional; no new injury/event selected,12,14400,12,,,,0022000799
2021-04-09_MIL_CHA,2021-04-09,MIL,INCUMBENT_CONDITIONAL,NO_DIRECT_DELTA_IDENTIFIED,,,EX07,DEADLINE_REVIEW,NOT_CALCULATED,observed date availability and incumbent transactions conditional; no new injury/event selected,14,14400,10,,Brook Lopez;Donte DiVincenzo;Jrue Holiday;Khris Middleton,,0022000796
2021-04-09_MIL_CHA,2021-04-09,CHA,CHA_EDWARDS_TERRY,DIRECT_ROSTER_CONTACT,Anthony Edwards;Tyrell Terry,LaMelo Ball;Grant Riller,EX07,DEADLINE_REVIEW,NOT_CALCULATED,observed date availability and incumbent transactions conditional; no new injury/event selected,14,14399,13,Bismack Biyombo,,Anthony Edwards;Tyrell Terry,0022000796
2021-04-09_NOP_PHI,2021-04-09,NOP,NOP_HAYES,DIRECT_ROSTER_CONTACT,Killian Hayes,Kira Lewis Jr.,EX07,DEADLINE_REVIEW,NOT_CALCULATED,observed date availability and incumbent transactions conditional; no new injury/event selected,12,14400,9,Isaiah Thomas;Wenyen Gabriel;Wes Iwundu,,Killian Hayes,0022000795
2021-04-09_NOP_PHI,2021-04-09,PHI,INCUMBENT_CONDITIONAL,NO_DIRECT_DELTA_IDENTIFIED,,,EX07,DEADLINE_REVIEW,NOT_CALCULATED,observed date availability and incumbent transactions conditional; no new injury/event selected,15,14400,14,Rayjon Tucker,,,0022000795
2021-04-09_NYK_MEM,2021-04-09,NYK,INCUMBENT_CONDITIONAL,NO_DIRECT_DELTA_IDENTIFIED,,,EX07,DEADLINE_REVIEW,NOT_CALCULATED,observed date availability and incumbent transactions conditional; no new injury/event selected,15,15901,11,Jared Harper;Kevin Knox II;Norvel Pelle;Theo Pinson,,,0022000793
2021-04-09_NYK_MEM,2021-04-09,MEM,INCUMBENT_CONDITIONAL,NO_DIRECT_DELTA_IDENTIFIED,,,EX07,DEADLINE_REVIEW,NOT_CALCULATED,observed date availability and incumbent transactions conditional; no new injury/event selected,12,15901,10,Killian Tillie;Sean McDermott,,,0022000793
2021-04-09_ORL_IND,2021-04-09,ORL,ORL_VUCEVIC_GORDON_A,DIRECT_ROSTER_CONTACT,Nikola Vucevic;Zeke Nnaji,Wendell Carter Jr.;Otto Porter Jr.;R.J. Hampton,EX02;EX03;EX04;EX07,DEADLINE_REVIEW,NOT_CALCULATED,observed date availability and incumbent transactions conditional; no new injury/event selected,12,14400,10,Chasson Randle;Devin Cannady,,Nikola Vucevic;Zeke Nnaji,0022000790
2021-04-09_ORL_IND,2021-04-09,IND,INCUMBENT_CONDITIONAL,NO_DIRECT_DELTA_IDENTIFIED,,,EX07,DEADLINE_REVIEW,NOT_CALCULATED,observed date availability and incumbent transactions conditional; no new injury/event selected,15,14401,10,Brian Bowen II;Cassius Stanley;JaKarr Sampson;Kelan Martin;Oshae Brissett,,,0022000790
2021-04-10_BKN_LAL,2021-04-10,BKN,INCUMBENT_CONDITIONAL,NO_DIRECT_DELTA_IDENTIFIED,,,EX07,DEADLINE_REVIEW,NOT_CALCULATED,observed date availability and incumbent transactions conditional; no new injury/event selected,14,14401,13,DeAndre Jordan,,,0022000800
2021-04-10_BKN_LAL,2021-04-10,LAL,LAL_AD_CORE,TRANSACTION_DEPENDENCY,,,EX06;EX07,DEADLINE_REVIEW,NOT_CALCULATED,observed date availability and incumbent transactions conditional; no new injury/event selected,12,14400,11,,Wesley Matthews,,0022000800
2021-04-10_CLE_TOR,2021-04-10,CLE,INCUMBENT_CONDITIONAL,NO_DIRECT_DELTA_IDENTIFIED,,,EX07,DEADLINE_REVIEW,NOT_CALCULATED,observed date availability and incumbent transactions conditional; no new injury/event selected,13,14400,12,Damyean Dotson,,,0022000794
2021-04-10_CLE_TOR,2021-04-10,TOR,TOR_POWELL,DIRECT_ROSTER_CONTACT,Norman Powell,Gary Trent Jr.;Rodney Hood,EX05;EX07,DEADLINE_REVIEW,NOT_CALCULATED,observed date availability and incumbent transactions conditional; no new injury/event selected,12,14400,10,,Kyle Lowry,Norman Powell,0022000794
2021-04-10_GSW_HOU,2021-04-10,GSW,GSW_WIGGINS_HUTCHISON_INACTIVE,TRANSACTION_DEPENDENCY,,,EX06;EX07,DEADLINE_REVIEW,NOT_CALCULATED,observed date availability and incumbent transactions conditional; no new injury/event selected,13,14400,11,Alen Smailagic;Nico Mannion,,,0022000802
2021-04-10_GSW_HOU,2021-04-10,HOU,INCUMBENT_CONDITIONAL,NO_DIRECT_DELTA_IDENTIFIED,,,EX07,DEADLINE_REVIEW,NOT_CALCULATED,observed date availability and incumbent transactions conditional; no new injury/event selected,13,14400,10,Anthony Lamb;Armoni Brooks;DaQuan Jeffries,,,0022000802
2021-04-10_OKC_PHI,2021-04-10,OKC,INCUMBENT_CONDITIONAL,NO_DIRECT_DELTA_IDENTIFIED,,,EX07,DEADLINE_REVIEW,NOT_CALCULATED,observed date availability and incumbent transactions conditional; no new injury/event selected,12,14400,11,,Mike Muscala,,0022000199
2021-04-10_OKC_PHI,2021-04-10,PHI,INCUMBENT_CONDITIONAL,NO_DIRECT_DELTA_IDENTIFIED,,,EX07,DEADLINE_REVIEW,NOT_CALCULATED,observed date availability and incumbent transactions conditional; no new injury/event selected,15,14400,13,,Danny Green;Tobias Harris,,0022000199
2021-04-10_PHX_WAS,2021-04-10,PHX,INCUMBENT_CONDITIONAL,NO_DIRECT_DELTA_IDENTIFIED,,,EX07,DEADLINE_REVIEW,NOT_CALCULATED,observed date availability and incumbent transactions conditional; no new injury/event selected,15,14400,13,E'Twaun Moore;Langston Galloway,,,0022000803
2021-04-10_PHX_WAS,2021-04-10,WAS,WAS_TRENT_BROWN,DIRECT_ROSTER_CONTACT,Gary Trent Jr.;Troy Brown Jr.,Isaac Bonga;Chandler Hutchison,EX01;EX07,DEADLINE_REVIEW,NOT_CALCULATED,observed date availability and incumbent transactions conditional; no new injury/event selected,13,14400,13,,,Gary Trent Jr.;Troy Brown Jr.,0022000803
2021-04-10_POR_DET,2021-04-10,POR,POR_NO_POWELL_HOOD,DIRECT_ROSTER_CONTACT,Rodney Hood,Gary Trent Jr.;Norman Powell,EX05;EX07,DEADLINE_REVIEW,NOT_CALCULATED,observed date availability and incumbent transactions conditional; no new injury/event selected,14,14400,12,,Jusuf Nurkic;Zach Collins,Rodney Hood,0022000804
2021-04-10_POR_DET,2021-04-10,DET,DET_PATRICK_KIRA,DIRECT_ROSTER_CONTACT,Patrick Williams;Kira Lewis Jr.,Saddiq Bey;Killian Hayes,EX07,DEADLINE_REVIEW,NOT_CALCULATED,observed date availability and incumbent transactions conditional; no new injury/event selected,14,14400,13,Deividas Sirvydis,,Patrick Williams;Kira Lewis Jr.,0022000804
2021-04-10_UTA_SAC,2021-04-10,UTA,INCUMBENT_CONDITIONAL,NO_DIRECT_DELTA_IDENTIFIED,,,EX07,DEADLINE_REVIEW,NOT_CALCULATED,observed date availability and incumbent transactions conditional; no new injury/event selected,15,14400,9,Elijah Hughes;Ersan Ilyasova;Jarrell Brantley;Juwan Morgan;Matt Thomas;Trent Forrest,,,0022000801
2021-04-10_UTA_SAC,2021-04-10,SAC,INCUMBENT_CONDITIONAL,NO_DIRECT_DELTA_IDENTIFIED,,,EX07,DEADLINE_REVIEW,NOT_CALCULATED,observed date availability and incumbent transactions conditional; no new injury/event selected,15,14400,9,Chris Silva;Damian Jones;Hassan Whiteside;Jahmi'us Ramsey;Justin James;Robert Woodard II,,,0022000801
2021-04-11_CHA_ATL,2021-04-11,CHA,CHA_EDWARDS_TERRY,DIRECT_ROSTER_CONTACT,Anthony Edwards;Tyrell Terry,LaMelo Ball;Grant Riller,EX07,DEADLINE_REVIEW,NOT_CALCULATED,observed date availability and incumbent transactions conditional; no new injury/event selected,14,14401,10,Grant Riller;Nate Darling;Nick Richards;Vernon Carey Jr.,,Anthony Edwards;Tyrell Terry,0022000805
2021-04-11_CHA_ATL,2021-04-11,ATL,INCUMBENT_CONDITIONAL,NO_DIRECT_DELTA_IDENTIFIED,,,EX07,DEADLINE_REVIEW,NOT_CALCULATED,observed date availability and incumbent transactions conditional; no new injury/event selected,12,14401,9,Bruno Fernando,Danilo Gallinari;Trae Young,,0022000805
2021-04-11_CLE_NOP,2021-04-11,CLE,INCUMBENT_CONDITIONAL,NO_DIRECT_DELTA_IDENTIFIED,,,EX07,DEADLINE_REVIEW,NOT_CALCULATED,observed date availability and incumbent transactions conditional; no new injury/event selected,12,14400,10,,Damyean Dotson;Darius Garland,,0022000807
2021-04-11_CLE_NOP,2021-04-11,NOP,NOP_HAYES,DIRECT_ROSTER_CONTACT,Killian Hayes,Kira Lewis Jr.,EX07,DEADLINE_REVIEW,NOT_CALCULATED,observed date availability and incumbent transactions conditional; no new injury/event selected,12,14400,9,Isaiah Thomas;Wenyen Gabriel;Wes Iwundu,,Killian Hayes,0022000807
2021-04-11_DAL_SAS,2021-04-11,DAL,DAL_HAMPTON,DIRECT_ROSTER_CONTACT,R.J. Hampton,Tyrell Terry,EX07,DEADLINE_REVIEW,NOT_CALCULATED,observed date availability and incumbent transactions conditional; no new injury/event selected,15,14401,9,Boban Marjanovic;Josh Green;Nate Hinton;Tyler Bey;Willie Cauley-Stein,Maxi Kleber,R.J. Hampton,0022000810
2021-04-11_DAL_SAS,2021-04-11,SAS,INCUMBENT_CONDITIONAL,NO_DIRECT_DELTA_IDENTIFIED,,,EX07,DEADLINE_REVIEW,NOT_CALCULATED,observed date availability and incumbent transactions conditional; no new injury/event selected,14,14400,9,Devin Vassell;Keita Bates-Diop;Luka Samanic;Quinndary Weatherspoon;Tre Jones,,,0022000810
2021-04-11_DEN_BOS,2021-04-11,DEN,DEN_GORDON_A,DIRECT_ROSTER_CONTACT,Saddiq Bey,R.J. Hampton;Zeke Nnaji;Gary Harris,EX02;EX07,DEADLINE_REVIEW,NOT_CALCULATED,observed date availability and incumbent transactions conditional; no new injury/event selected,14,14401,13,JaVale McGee,,Saddiq Bey,0022000806
2021-04-11_DEN_BOS,2021-04-11,BOS,BOS_FOURNIER_PATH,TRANSACTION_DEPENDENCY,,,EX01;EX03;EX04;EX07,DEADLINE_REVIEW,NOT_CALCULATED,observed date availability and incumbent transactions conditional; no new injury/event selected,15,14401,13,Luke Kornet;Tacko Fall,,,0022000806
2021-04-11_LAC_DET,2021-04-11,LAC,INCUMBENT_CONDITIONAL,NO_DIRECT_DELTA_IDENTIFIED,,,EX07,DEADLINE_REVIEW,NOT_CALCULATED,observed date availability and incumbent transactions conditional; no new injury/event selected,13,14401,10,Daniel Oturu;DeMarcus Cousins;Malik Fitts,,,0022000813
2021-04-11_LAC_DET,2021-04-11,DET,DET_PATRICK_KIRA,DIRECT_ROSTER_CONTACT,Patrick Williams;Kira Lewis Jr.,Saddiq Bey;Killian Hayes,EX07,DEADLINE_REVIEW,NOT_CALCULATED,observed date availability and incumbent transactions conditional; no new injury/event selected,13,14400,10,Deividas Sirvydis;Jahlil Okafor;Tyler Cook,,Patrick Williams;Kira Lewis Jr.,0022000813
2021-04-11_MEM_IND,2021-04-11,MEM,INCUMBENT_CONDITIONAL,NO_DIRECT_DELTA_IDENTIFIED,,,EX07,DEADLINE_REVIEW,NOT_CALCULATED,observed date availability and incumbent transactions conditional; no new injury/event selected,12,14400,10,Killian Tillie;Sean McDermott,,,0022000811
2021-04-11_MEM_IND,2021-04-11,IND,INCUMBENT_CONDITIONAL,NO_DIRECT_DELTA_IDENTIFIED,,,EX07,DEADLINE_REVIEW,NOT_CALCULATED,observed date availability and incumbent transactions conditional; no new injury/event selected,15,14400,10,Brian Bowen II;Cassius Stanley;JaKarr Sampson;Kelan Martin;Oshae Brissett,,,0022000811
2021-04-11_NYK_TOR,2021-04-11,NYK,INCUMBENT_CONDITIONAL,NO_DIRECT_DELTA_IDENTIFIED,,,EX07,DEADLINE_REVIEW,NOT_CALCULATED,observed date availability and incumbent transactions conditional; no new injury/event selected,15,14400,12,Jared Harper;Norvel Pelle;Theo Pinson,,,0022000809
2021-04-11_NYK_TOR,2021-04-11,TOR,TOR_POWELL,DIRECT_ROSTER_CONTACT,Norman Powell,Gary Trent Jr.;Rodney Hood,EX05;EX07,DEADLINE_REVIEW,NOT_CALCULATED,observed date availability and incumbent transactions conditional; no new injury/event selected,12,14400,10,Aron Baynes;Stanley Johnson,,Norman Powell,0022000809
2021-04-11_ORL_MIL,2021-04-11,ORL,ORL_VUCEVIC_GORDON_A,DIRECT_ROSTER_CONTACT,Nikola Vucevic;Zeke Nnaji,Wendell Carter Jr.;Otto Porter Jr.;R.J. Hampton,EX02;EX03;EX04;EX07,DEADLINE_REVIEW,NOT_CALCULATED,observed date availability and incumbent transactions conditional; no new injury/event selected,12,14400,11,,Chuma Okeke,Nikola Vucevic;Zeke Nnaji,0022000808
2021-04-11_ORL_MIL,2021-04-11,MIL,INCUMBENT_CONDITIONAL,NO_DIRECT_DELTA_IDENTIFIED,,,EX07,DEADLINE_REVIEW,NOT_CALCULATED,observed date availability and incumbent transactions conditional; no new injury/event selected,13,14400,13,,,,0022000808
2021-04-11_POR_MIA,2021-04-11,POR,POR_NO_POWELL_HOOD,DIRECT_ROSTER_CONTACT,Rodney Hood,Gary Trent Jr.;Norman Powell,EX05;EX07,DEADLINE_REVIEW,NOT_CALCULATED,observed date availability and incumbent transactions conditional; no new injury/event selected,14,14400,13,,Zach Collins,Rodney Hood,0022000814
2021-04-11_POR_MIA,2021-04-11,MIA,INCUMBENT_CONDITIONAL,NO_DIRECT_DELTA_IDENTIFIED,,,EX07,DEADLINE_REVIEW,NOT_CALCULATED,observed date availability and incumbent transactions conditional; no new injury/event selected,14,14400,9,Dewayne Dedmon;Gabe Vincent;Max Strus;Nemanja Bjelica;Udonis Haslem,,,0022000814
2021-04-12_DAL_PHI,2021-04-12,DAL,DAL_HAMPTON,DIRECT_ROSTER_CONTACT,R.J. Hampton,Tyrell Terry,EX07,DEADLINE_REVIEW,NOT_CALCULATED,observed date availability and incumbent transactions conditional; no new injury/event selected,15,14400,15,,,R.J. Hampton,0022000818
2021-04-12_DAL_PHI,2021-04-12,PHI,INCUMBENT_CONDITIONAL,NO_DIRECT_DELTA_IDENTIFIED,,,EX07,DEADLINE_REVIEW,NOT_CALCULATED,observed date availability and incumbent transactions conditional; no new injury/event selected,15,14400,15,,,,0022000818
2021-04-12_GSW_DEN,2021-04-12,GSW,GSW_WIGGINS_HUTCHISON_INACTIVE,TRANSACTION_DEPENDENCY,,,EX06;EX07,DEADLINE_REVIEW,NOT_CALCULATED,observed date availability and incumbent transactions conditional; no new injury/event selected,13,14400,11,Alen Smailagic,Kelly Oubre Jr.,,0022000821
2021-04-12_GSW_DEN,2021-04-12,DEN,DEN_GORDON_A,DIRECT_ROSTER_CONTACT,Saddiq Bey,R.J. Hampton;Zeke Nnaji;Gary Harris,EX02;EX07,DEADLINE_REVIEW,NOT_CALCULATED,observed date availability and incumbent transactions conditional; no new injury/event selected,15,14400,10,Bol Bol;Markus Howard;Paul Millsap;Vlatko Cancar;Zeke Nnaji,,Saddiq Bey,0022000821
2021-04-12_NOP_SAC,2021-04-12,NOP,NOP_HAYES,DIRECT_ROSTER_CONTACT,Killian Hayes,Kira Lewis Jr.,EX07,DEADLINE_REVIEW,NOT_CALCULATED,observed date availability and incumbent transactions conditional; no new injury/event selected,12,14400,11,Wenyen Gabriel,,Killian Hayes,0022000819
2021-04-12_NOP_SAC,2021-04-12,SAC,INCUMBENT_CONDITIONAL,NO_DIRECT_DELTA_IDENTIFIED,,,EX07,DEADLINE_REVIEW,NOT_CALCULATED,observed date availability and incumbent transactions conditional; no new injury/event selected,15,14399,11,Chris Silva;Jahmi'us Ramsey;Justin James;Robert Woodard II,,,0022000819
2021-04-12_NYK_LAL,2021-04-12,NYK,INCUMBENT_CONDITIONAL,NO_DIRECT_DELTA_IDENTIFIED,,,EX07,DEADLINE_REVIEW,NOT_CALCULATED,observed date availability and incumbent transactions conditional; no new injury/event selected,15,14400,13,Jared Harper;Theo Pinson,,,0022000815
2021-04-12_NYK_LAL,2021-04-12,LAL,LAL_AD_CORE,TRANSACTION_DEPENDENCY,,,EX06;EX07,DEADLINE_REVIEW,NOT_CALCULATED,observed date availability and incumbent transactions conditional; no new injury/event selected,13,14400,13,,,,0022000815
2021-04-12_ORL_SAS,2021-04-12,ORL,ORL_VUCEVIC_GORDON_A,DIRECT_ROSTER_CONTACT,Nikola Vucevic;Zeke Nnaji,Wendell Carter Jr.;Otto Porter Jr.;R.J. Hampton,EX02;EX03;EX04;EX07,DEADLINE_REVIEW,NOT_CALCULATED,observed date availability and incumbent transactions conditional; no new injury/event selected,13,14400,13,,,Nikola Vucevic;Zeke Nnaji,0022000816
2021-04-12_ORL_SAS,2021-04-12,SAS,INCUMBENT_CONDITIONAL,NO_DIRECT_DELTA_IDENTIFIED,,,EX07,DEADLINE_REVIEW,NOT_CALCULATED,observed date availability and incumbent transactions conditional; no new injury/event selected,14,14400,14,,,,0022000816
2021-04-12_PHX_HOU,2021-04-12,PHX,INCUMBENT_CONDITIONAL,NO_DIRECT_DELTA_IDENTIFIED,,,EX07,DEADLINE_REVIEW,NOT_CALCULATED,observed date availability and incumbent transactions conditional; no new injury/event selected,15,14400,10,E'Twaun Moore;Frank Kaminsky;Jalen Smith;Langston Galloway;Ty-Shon Alexander,,,0022000822
2021-04-12_PHX_HOU,2021-04-12,HOU,INCUMBENT_CONDITIONAL,NO_DIRECT_DELTA_IDENTIFIED,,,EX07,DEADLINE_REVIEW,NOT_CALCULATED,observed date availability and incumbent transactions conditional; no new injury/event selected,12,14401,10,Anthony Lamb;DaQuan Jeffries,,,0022000822
2021-04-12_UTA_WAS,2021-04-12,UTA,INCUMBENT_CONDITIONAL,NO_DIRECT_DELTA_IDENTIFIED,,,EX07,DEADLINE_REVIEW,NOT_CALCULATED,observed date availability and incumbent transactions conditional; no new injury/event selected,14,14400,10,Elijah Hughes;Ersan Ilyasova;Jarrell Brantley;Juwan Morgan,,,0022000820
2021-04-12_UTA_WAS,2021-04-12,WAS,WAS_TRENT_BROWN,DIRECT_ROSTER_CONTACT,Gary Trent Jr.;Troy Brown Jr.,Isaac Bonga;Chandler Hutchison,EX01;EX07,DEADLINE_REVIEW,NOT_CALCULATED,observed date availability and incumbent transactions conditional; no new injury/event selected,15,14401,12,Anthony Gill;Cassius Winston;Chandler Hutchison,,Gary Trent Jr.;Troy Brown Jr.,0022000820
2021-04-13_CHA_LAL,2021-04-13,CHA,CHA_EDWARDS_TERRY,DIRECT_ROSTER_CONTACT,Anthony Edwards;Tyrell Terry,LaMelo Ball;Grant Riller,EX07,DEADLINE_REVIEW,NOT_CALCULATED,observed date availability and incumbent transactions conditional; no new injury/event selected,12,14400,9,Grant Riller;Nick Richards;Vernon Carey Jr.,,Anthony Edwards;Tyrell Terry,0022000825
2021-04-13_CHA_LAL,2021-04-13,LAL,LAL_AD_CORE,TRANSACTION_DEPENDENCY,,,EX06;EX07,DEADLINE_REVIEW,NOT_CALCULATED,observed date availability and incumbent transactions conditional; no new injury/event selected,14,14400,10,Devontae Cacok;Kostas Antetokounmpo;Marc Gasol,Markieff Morris,,0022000825
2021-04-13_IND_LAC,2021-04-13,IND,INCUMBENT_CONDITIONAL,NO_DIRECT_DELTA_IDENTIFIED,,,EX07,DEADLINE_REVIEW,NOT_CALCULATED,observed date availability and incumbent transactions conditional; no new injury/event selected,15,14400,14,JaKarr Sampson,,,0022000823
2021-04-13_IND_LAC,2021-04-13,LAC,INCUMBENT_CONDITIONAL,NO_DIRECT_DELTA_IDENTIFIED,,,EX07,DEADLINE_REVIEW,NOT_CALCULATED,observed date availability and incumbent transactions conditional; no new injury/event selected,13,14401,12,DeMarcus Cousins,,,0022000823
2021-04-13_MIN_BKN,2021-04-13,MIN,MIN_RIVAL,DIRECT_ROSTER_CONTACT,Fictional Rival,Anthony Edwards,EX07,DEADLINE_REVIEW,NOT_CALCULATED,observed date availability and incumbent transactions conditional; no new injury/event selected,13,14400,13,,,Fictional Rival,0022000817
2021-04-13_MIN_BKN,2021-04-13,BKN,INCUMBENT_CONDITIONAL,NO_DIRECT_DELTA_IDENTIFIED,,,EX07,DEADLINE_REVIEW,NOT_CALCULATED,observed date availability and incumbent transactions conditional; no new injury/event selected,12,14400,12,,,,0022000817
2021-04-13_PHX_MIA,2021-04-13,PHX,INCUMBENT_CONDITIONAL,NO_DIRECT_DELTA_IDENTIFIED,,,EX07,DEADLINE_REVIEW,NOT_CALCULATED,observed date availability and incumbent transactions conditional; no new injury/event selected,15,14400,12,E'Twaun Moore;Frank Kaminsky;Langston Galloway,,,0022000827
2021-04-13_PHX_MIA,2021-04-13,MIA,INCUMBENT_CONDITIONAL,NO_DIRECT_DELTA_IDENTIFIED,,,EX07,DEADLINE_REVIEW,NOT_CALCULATED,observed date availability and incumbent transactions conditional; no new injury/event selected,15,14400,13,Dewayne Dedmon;Udonis Haslem,,,0022000827
2021-04-13_TOR_ATL,2021-04-13,TOR,TOR_POWELL,DIRECT_ROSTER_CONTACT,Norman Powell,Gary Trent Jr.;Rodney Hood,EX05;EX07,DEADLINE_REVIEW,NOT_CALCULATED,observed date availability and incumbent transactions conditional; no new injury/event selected,12,14400,9,Aron Baynes;Stanley Johnson,Jalen Harris,Norman Powell,0022000824
2021-04-13_TOR_ATL,2021-04-13,ATL,INCUMBENT_CONDITIONAL,NO_DIRECT_DELTA_IDENTIFIED,,,EX07,DEADLINE_REVIEW,NOT_CALCULATED,observed date availability and incumbent transactions conditional; no new injury/event selected,12,14400,9,Bruno Fernando,Danilo Gallinari;Trae Young,,0022000824
2021-04-13_UTA_OKC,2021-04-13,UTA,INCUMBENT_CONDITIONAL,NO_DIRECT_DELTA_IDENTIFIED,,,EX07,DEADLINE_REVIEW,NOT_CALCULATED,observed date availability and incumbent transactions conditional; no new injury/event selected,13,14400,10,Elijah Hughes;Juwan Morgan;Trent Forrest,,,0022000826
2021-04-13_UTA_OKC,2021-04-13,OKC,INCUMBENT_CONDITIONAL,NO_DIRECT_DELTA_IDENTIFIED,,,EX07,DEADLINE_REVIEW,NOT_CALCULATED,observed date availability and incumbent transactions conditional; no new injury/event selected,12,14401,12,,,,0022000826
2021-04-14_CHA_CLE,2021-04-14,CHA,CHA_EDWARDS_TERRY,DIRECT_ROSTER_CONTACT,Anthony Edwards;Tyrell Terry,LaMelo Ball;Grant Riller,EX07,DEADLINE_REVIEW,NOT_CALCULATED,observed date availability and incumbent transactions conditional; no new injury/event selected,12,14401,9,Grant Riller;Nick Richards;Vernon Carey Jr.,,Anthony Edwards;Tyrell Terry,0022000829
2021-04-14_CHA_CLE,2021-04-14,CLE,INCUMBENT_CONDITIONAL,NO_DIRECT_DELTA_IDENTIFIED,,,EX07,DEADLINE_REVIEW,NOT_CALCULATED,observed date availability and incumbent transactions conditional; no new injury/event selected,13,14401,10,Brodric Thomas;Lamar Stevens;Mfiondu Kabengele,,,0022000829
2021-04-14_DEN_MIA,2021-04-14,DEN,DEN_GORDON_A,DIRECT_ROSTER_CONTACT,Saddiq Bey,R.J. Hampton;Zeke Nnaji;Gary Harris,EX02;EX07,DEADLINE_REVIEW,NOT_CALCULATED,observed date availability and incumbent transactions conditional; no new injury/event selected,14,14400,13,JaVale McGee,,Saddiq Bey,0022000838
2021-04-14_DEN_MIA,2021-04-14,MIA,INCUMBENT_CONDITIONAL,NO_DIRECT_DELTA_IDENTIFIED,,,EX07,DEADLINE_REVIEW,NOT_CALCULATED,observed date availability and incumbent transactions conditional; no new injury/event selected,15,14400,12,Nemanja Bjelica;Udonis Haslem,Goran Dragic,,0022000838
2021-04-14_DET_LAC,2021-04-14,DET,DET_PATRICK_KIRA,DIRECT_ROSTER_CONTACT,Patrick Williams;Kira Lewis Jr.,Saddiq Bey;Killian Hayes,EX07,DEADLINE_REVIEW,NOT_CALCULATED,observed date availability and incumbent transactions conditional; no new injury/event selected,15,14400,11,Deividas Sirvydis;Saben Lee;Sekou Doumbouya;Tyler Cook,,Patrick Williams;Kira Lewis Jr.,0022000832
2021-04-14_DET_LAC,2021-04-14,LAC,INCUMBENT_CONDITIONAL,NO_DIRECT_DELTA_IDENTIFIED,,,EX07,DEADLINE_REVIEW,NOT_CALCULATED,observed date availability and incumbent transactions conditional; no new injury/event selected,12,14400,9,Daniel Oturu;Malik Fitts,,,0022000832
2021-04-14_HOU_IND,2021-04-14,HOU,INCUMBENT_CONDITIONAL,NO_DIRECT_DELTA_IDENTIFIED,,,EX07,DEADLINE_REVIEW,NOT_CALCULATED,observed date availability and incumbent transactions conditional; no new injury/event selected,12,14400,9,Anthony Lamb;DaQuan Jeffries,Danuel House Jr.,,0022000461
2021-04-14_HOU_IND,2021-04-14,IND,INCUMBENT_CONDITIONAL,NO_DIRECT_DELTA_IDENTIFIED,,,EX07,DEADLINE_REVIEW,NOT_CALCULATED,observed date availability and incumbent transactions conditional; no new injury/event selected,14,14400,10,Brian Bowen II;Cassius Stanley;JaKarr Sampson;Kelan Martin,,,0022000461
2021-04-14_MIN_MIL,2021-04-14,MIN,MIN_RIVAL,DIRECT_ROSTER_CONTACT,Fictional Rival,Anthony Edwards,EX07,DEADLINE_REVIEW,NOT_CALCULATED,observed date availability and incumbent transactions conditional; no new injury/event selected,13,14400,13,,,Fictional Rival,0022000834
2021-04-14_MIN_MIL,2021-04-14,MIL,INCUMBENT_CONDITIONAL,NO_DIRECT_DELTA_IDENTIFIED,,,EX07,DEADLINE_REVIEW,NOT_CALCULATED,observed date availability and incumbent transactions conditional; no new injury/event selected,14,14400,14,,,,0022000834
2021-04-14_NOP_NYK,2021-04-14,NOP,NOP_HAYES,DIRECT_ROSTER_CONTACT,Killian Hayes,Kira Lewis Jr.,EX07,DEADLINE_REVIEW,NOT_CALCULATED,observed date availability and incumbent transactions conditional; no new injury/event selected,12,14400,10,Wenyen Gabriel;Willy Hernangomez,,Killian Hayes,0022000835
2021-04-14_NOP_NYK,2021-04-14,NYK,INCUMBENT_CONDITIONAL,NO_DIRECT_DELTA_IDENTIFIED,,,EX07,DEADLINE_REVIEW,NOT_CALCULATED,observed date availability and incumbent transactions conditional; no new injury/event selected,15,14400,10,Frank Ntilikina;Jared Harper;Kevin Knox II;Theo Pinson,Nerlens Noel,,0022000835
2021-04-14_OKC_GSW,2021-04-14,OKC,INCUMBENT_CONDITIONAL,NO_DIRECT_DELTA_IDENTIFIED,,,EX07,DEADLINE_REVIEW,NOT_CALCULATED,observed date availability and incumbent transactions conditional; no new injury/event selected,12,14400,11,,Mike Muscala,,0022000836
2021-04-14_OKC_GSW,2021-04-14,GSW,GSW_WIGGINS_HUTCHISON_INACTIVE,TRANSACTION_DEPENDENCY,,,EX06;EX07,DEADLINE_REVIEW,NOT_CALCULATED,observed date availability and incumbent transactions conditional; no new injury/event selected,13,14401,12,,Kelly Oubre Jr.,,0022000836
2021-04-14_PHI_BKN,2021-04-14,PHI,INCUMBENT_CONDITIONAL,NO_DIRECT_DELTA_IDENTIFIED,,,EX07,DEADLINE_REVIEW,NOT_CALCULATED,observed date availability and incumbent transactions conditional; no new injury/event selected,15,14400,10,Anthony Tolliver;Isaiah Joe;Paul Reed;Tyrese Maxey,Dwight Howard,,0022000830
2021-04-14_PHI_BKN,2021-04-14,BKN,INCUMBENT_CONDITIONAL,NO_DIRECT_DELTA_IDENTIFIED,,,EX07,DEADLINE_REVIEW,NOT_CALCULATED,observed date availability and incumbent transactions conditional; no new injury/event selected,12,14400,9,Reggie Perry,Blake Griffin;Kevin Durant,,0022000830
2021-04-14_SAC_WAS,2021-04-14,SAC,INCUMBENT_CONDITIONAL,NO_DIRECT_DELTA_IDENTIFIED,,,EX07,DEADLINE_REVIEW,NOT_CALCULATED,observed date availability and incumbent transactions conditional; no new injury/event selected,14,14400,10,Chris Silva;Jahmi'us Ramsey;Justin James;Robert Woodard II,,,0022000839
2021-04-14_SAC_WAS,2021-04-14,WAS,WAS_TRENT_BROWN,DIRECT_ROSTER_CONTACT,Gary Trent Jr.;Troy Brown Jr.,Isaac Bonga;Chandler Hutchison,EX01;EX07,DEADLINE_REVIEW,NOT_CALCULATED,observed date availability and incumbent transactions conditional; no new injury/event selected,15,14400,11,Anthony Gill;Cassius Winston;Chandler Hutchison;Isaac Bonga,,Gary Trent Jr.;Troy Brown Jr.,0022000839
2021-04-14_TOR_SAS,2021-04-14,TOR,TOR_POWELL,DIRECT_ROSTER_CONTACT,Norman Powell,Gary Trent Jr.;Rodney Hood,EX05;EX07,DEADLINE_REVIEW,NOT_CALCULATED,observed date availability and incumbent transactions conditional; no new injury/event selected,12,14400,10,Aron Baynes,,Norman Powell,0022000831
2021-04-14_TOR_SAS,2021-04-14,SAS,INCUMBENT_CONDITIONAL,NO_DIRECT_DELTA_IDENTIFIED,,,EX07,DEADLINE_REVIEW,NOT_CALCULATED,observed date availability and incumbent transactions conditional; no new injury/event selected,14,14400,9,Devin Vassell;Keita Bates-Diop;Luka Samanic;Quinndary Weatherspoon;Tre Jones,,,0022000831
2021-04-15_ATL_MIL,2021-04-15,ATL,INCUMBENT_CONDITIONAL,NO_DIRECT_DELTA_IDENTIFIED,,,EX07,DEADLINE_REVIEW,NOT_CALCULATED,observed date availability and incumbent transactions conditional; no new injury/event selected,12,14400,9,Bruno Fernando;Skylar Mays,Danilo Gallinari,,0022000840
2021-04-15_ATL_MIL,2021-04-15,MIL,INCUMBENT_CONDITIONAL,NO_DIRECT_DELTA_IDENTIFIED,,,EX07,DEADLINE_REVIEW,NOT_CALCULATED,observed date availability and incumbent transactions conditional; no new injury/event selected,14,14400,10,Jordan Nwora;Mamadi Diakite;Rodions Kurucs;Sam Merrill,,,0022000840
2021-04-15_CLE_GSW,2021-04-15,CLE,INCUMBENT_CONDITIONAL,NO_DIRECT_DELTA_IDENTIFIED,,,EX07,DEADLINE_REVIEW,NOT_CALCULATED,observed date availability and incumbent transactions conditional; no new injury/event selected,14,14400,13,Cedi Osman,,,0022000841
2021-04-15_CLE_GSW,2021-04-15,GSW,GSW_WIGGINS_HUTCHISON_INACTIVE,TRANSACTION_DEPENDENCY,,,EX06;EX07,DEADLINE_REVIEW,NOT_CALCULATED,observed date availability and incumbent transactions conditional; no new injury/event selected,13,14400,12,,Kelly Oubre Jr.,,0022000841
2021-04-15_LAL_BOS,2021-04-15,LAL,LAL_AD_CORE,TRANSACTION_DEPENDENCY,,,EX06;EX07,DEADLINE_REVIEW,NOT_CALCULATED,observed date availability and incumbent transactions conditional; no new injury/event selected,13,14401,12,,Jared Dudley,,0022000842
2021-04-15_LAL_BOS,2021-04-15,BOS,BOS_FOURNIER_PATH,TRANSACTION_DEPENDENCY,,,EX01;EX03;EX04;EX07,DEADLINE_REVIEW,NOT_CALCULATED,observed date availability and incumbent transactions conditional; no new injury/event selected,15,14400,14,Tacko Fall,,,0022000842
2021-04-15_PHX_SAC,2021-04-15,PHX,INCUMBENT_CONDITIONAL,NO_DIRECT_DELTA_IDENTIFIED,,,EX07,DEADLINE_REVIEW,NOT_CALCULATED,observed date availability and incumbent transactions conditional; no new injury/event selected,15,14400,10,E'Twaun Moore;Frank Kaminsky;Jalen Smith;Langston Galloway;Ty-Shon Alexander,,,0022000843
2021-04-15_PHX_SAC,2021-04-15,SAC,INCUMBENT_CONDITIONAL,NO_DIRECT_DELTA_IDENTIFIED,,,EX07,DEADLINE_REVIEW,NOT_CALCULATED,observed date availability and incumbent transactions conditional; no new injury/event selected,14,14400,10,Chris Silva;Jahmi'us Ramsey;Justin James;Robert Woodard II,,,0022000843
2021-04-16_BKN_CHA,2021-04-16,BKN,INCUMBENT_CONDITIONAL,NO_DIRECT_DELTA_IDENTIFIED,,,EX07,DEADLINE_REVIEW,NOT_CALCULATED,observed date availability and incumbent transactions conditional; no new injury/event selected,12,14400,12,,,,0022000848
2021-04-16_BKN_CHA,2021-04-16,CHA,CHA_EDWARDS_TERRY,DIRECT_ROSTER_CONTACT,Anthony Edwards;Tyrell Terry,LaMelo Ball;Grant Riller,EX07,DEADLINE_REVIEW,NOT_CALCULATED,observed date availability and incumbent transactions conditional; no new injury/event selected,12,14400,10,Cody Zeller,P.J. Washington,Anthony Edwards;Tyrell Terry,0022000848
2021-04-16_DAL_NYK,2021-04-16,DAL,DAL_HAMPTON,DIRECT_ROSTER_CONTACT,R.J. Hampton,Tyrell Terry,EX07,DEADLINE_REVIEW,NOT_CALCULATED,observed date availability and incumbent transactions conditional; no new injury/event selected,15,14401,9,Boban Marjanovic;Josh Green;Nicolo Melli;Trey Burke;Tyler Bey;Willie Cauley-Stein,,R.J. Hampton,0022000854
2021-04-16_DAL_NYK,2021-04-16,NYK,INCUMBENT_CONDITIONAL,NO_DIRECT_DELTA_IDENTIFIED,,,EX07,DEADLINE_REVIEW,NOT_CALCULATED,observed date availability and incumbent transactions conditional; no new injury/event selected,14,14400,10,Jared Harper;Kevin Knox II;Norvel Pelle;Theo Pinson,,,0022000854
2021-04-16_DET_OKC,2021-04-16,DET,DET_PATRICK_KIRA,DIRECT_ROSTER_CONTACT,Patrick Williams;Kira Lewis Jr.,Saddiq Bey;Killian Hayes,EX07,DEADLINE_REVIEW,NOT_CALCULATED,observed date availability and incumbent transactions conditional; no new injury/event selected,12,14400,10,,Hamidou Diallo,Patrick Williams;Kira Lewis Jr.,0022000845
2021-04-16_DET_OKC,2021-04-16,OKC,INCUMBENT_CONDITIONAL,NO_DIRECT_DELTA_IDENTIFIED,,,EX07,DEADLINE_REVIEW,NOT_CALCULATED,observed date availability and incumbent transactions conditional; no new injury/event selected,12,14400,10,Justin Robinson,Mike Muscala,,0022000845
2021-04-16_HOU_DEN,2021-04-16,HOU,INCUMBENT_CONDITIONAL,NO_DIRECT_DELTA_IDENTIFIED,,,EX07,DEADLINE_REVIEW,NOT_CALCULATED,observed date availability and incumbent transactions conditional; no new injury/event selected,12,14400,11,,Danuel House Jr.,,0022000851
2021-04-16_HOU_DEN,2021-04-16,DEN,DEN_GORDON_A,DIRECT_ROSTER_CONTACT,Saddiq Bey,R.J. Hampton;Zeke Nnaji;Gary Harris,EX02;EX07,DEADLINE_REVIEW,NOT_CALCULATED,observed date availability and incumbent transactions conditional; no new injury/event selected,15,14400,14,JaVale McGee,,Saddiq Bey,0022000851
2021-04-16_MIN_MIA,2021-04-16,MIN,MIN_RIVAL,DIRECT_ROSTER_CONTACT,Fictional Rival,Anthony Edwards,EX07,DEADLINE_REVIEW,NOT_CALCULATED,observed date availability and incumbent transactions conditional; no new injury/event selected,13,14400,11,Ed Davis;Jarrett Culver,,Fictional Rival,0022000852
2021-04-16_MIN_MIA,2021-04-16,MIA,INCUMBENT_CONDITIONAL,NO_DIRECT_DELTA_IDENTIFIED,,,EX07,DEADLINE_REVIEW,NOT_CALCULATED,observed date availability and incumbent transactions conditional; no new injury/event selected,15,14400,11,Dewayne Dedmon;KZ Okpala;Udonis Haslem,Andre Iguodala,,0022000852
2021-04-16_PHI_LAC,2021-04-16,PHI,INCUMBENT_CONDITIONAL,NO_DIRECT_DELTA_IDENTIFIED,,,EX07,DEADLINE_REVIEW,NOT_CALCULATED,observed date availability and incumbent transactions conditional; no new injury/event selected,14,14400,10,Isaiah Joe;Mason Jones;Rayjon Tucker,Seth Curry,,0022000846
2021-04-16_PHI_LAC,2021-04-16,LAC,INCUMBENT_CONDITIONAL,NO_DIRECT_DELTA_IDENTIFIED,,,EX07,DEADLINE_REVIEW,NOT_CALCULATED,observed date availability and incumbent transactions conditional; no new injury/event selected,13,14400,10,Amir Coffey;Daniel Oturu;Malik Fitts,,,0022000846
2021-04-16_TOR_ORL,2021-04-16,TOR,TOR_POWELL,DIRECT_ROSTER_CONTACT,Norman Powell,Gary Trent Jr.;Rodney Hood,EX05;EX07,DEADLINE_REVIEW,NOT_CALCULATED,observed date availability and incumbent transactions conditional; no new injury/event selected,12,14400,10,Aron Baynes,Jalen Harris,Norman Powell,0022000849
2021-04-16_TOR_ORL,2021-04-16,ORL,ORL_VUCEVIC_GORDON_A,DIRECT_ROSTER_CONTACT,Nikola Vucevic;Zeke Nnaji,Wendell Carter Jr.;Otto Porter Jr.;R.J. Hampton,EX02;EX03;EX04;EX07,DEADLINE_REVIEW,NOT_CALCULATED,observed date availability and incumbent transactions conditional; no new injury/event selected,13,14400,12,,Mo Bamba,Nikola Vucevic;Zeke Nnaji,0022000849
2021-04-16_UTA_IND,2021-04-16,UTA,INCUMBENT_CONDITIONAL,NO_DIRECT_DELTA_IDENTIFIED,,,EX07,DEADLINE_REVIEW,NOT_CALCULATED,observed date availability and incumbent transactions conditional; no new injury/event selected,15,14400,11,Elijah Hughes;Jarrell Brantley;Matt Thomas;Trent Forrest,,,0022000844
2021-04-16_UTA_IND,2021-04-16,IND,INCUMBENT_CONDITIONAL,NO_DIRECT_DELTA_IDENTIFIED,,,EX07,DEADLINE_REVIEW,NOT_CALCULATED,observed date availability and incumbent transactions conditional; no new injury/event selected,13,14400,10,Brian Bowen II;Cassius Stanley;Kelan Martin,,,0022000844
2021-04-17_BOS_GSW,2021-04-17,BOS,BOS_FOURNIER_PATH,TRANSACTION_DEPENDENCY,,,EX01;EX03;EX04;EX07,DEADLINE_REVIEW,NOT_CALCULATED,observed date availability and incumbent transactions conditional; no new injury/event selected,14,14400,10,Aaron Nesmith;Carsen Edwards;Tacko Fall;Tremont Waters,,,0022000858
2021-04-17_BOS_GSW,2021-04-17,GSW,GSW_WIGGINS_HUTCHISON_INACTIVE,TRANSACTION_DEPENDENCY,,,EX06;EX07,DEADLINE_REVIEW,NOT_CALCULATED,observed date availability and incumbent transactions conditional; no new injury/event selected,13,14400,9,Alen Smailagic;Mychal Mulder;Nico Mannion,Kelly Oubre Jr.,,0022000858
2021-04-17_LAL_UTA,2021-04-17,LAL,LAL_AD_CORE,TRANSACTION_DEPENDENCY,,,EX06;EX07,DEADLINE_REVIEW,NOT_CALCULATED,observed date availability and incumbent transactions conditional; no new injury/event selected,14,15901,10,Alfonzo McKinnie;Devontae Cacok;Kostas Antetokounmpo;Marc Gasol,,,0022000855
2021-04-17_LAL_UTA,2021-04-17,UTA,INCUMBENT_CONDITIONAL,NO_DIRECT_DELTA_IDENTIFIED,,,EX07,DEADLINE_REVIEW,NOT_CALCULATED,observed date availability and incumbent transactions conditional; no new injury/event selected,12,15901,11,Elijah Hughes,,,0022000855
2021-04-17_MIL_MEM,2021-04-17,MIL,INCUMBENT_CONDITIONAL,NO_DIRECT_DELTA_IDENTIFIED,,,EX07,DEADLINE_REVIEW,NOT_CALCULATED,observed date availability and incumbent transactions conditional; no new injury/event selected,14,14400,14,,,,0022000859
2021-04-17_MIL_MEM,2021-04-17,MEM,INCUMBENT_CONDITIONAL,NO_DIRECT_DELTA_IDENTIFIED,,,EX07,DEADLINE_REVIEW,NOT_CALCULATED,observed date availability and incumbent transactions conditional; no new injury/event selected,13,14403,11,Sean McDermott;Tim Frazier,,,0022000859
2021-04-17_PHX_SAS,2021-04-17,PHX,INCUMBENT_CONDITIONAL,NO_DIRECT_DELTA_IDENTIFIED,,,EX07,DEADLINE_REVIEW,NOT_CALCULATED,observed date availability and incumbent transactions conditional; no new injury/event selected,15,14400,13,E'Twaun Moore;Langston Galloway,,,0022000860
2021-04-17_PHX_SAS,2021-04-17,SAS,INCUMBENT_CONDITIONAL,NO_DIRECT_DELTA_IDENTIFIED,,,EX07,DEADLINE_REVIEW,NOT_CALCULATED,observed date availability and incumbent transactions conditional; no new injury/event selected,15,14401,12,,,,0022000860
2021-04-17_WAS_DET,2021-04-17,WAS,WAS_TRENT_BROWN,DIRECT_ROSTER_CONTACT,Gary Trent Jr.;Troy Brown Jr.,Isaac Bonga;Chandler Hutchison,EX01;EX07,DEADLINE_REVIEW,NOT_CALCULATED,observed date availability and incumbent transactions conditional; no new injury/event selected,15,14400,14,Chandler Hutchison,,Gary Trent Jr.;Troy Brown Jr.,0022000856
2021-04-17_WAS_DET,2021-04-17,DET,DET_PATRICK_KIRA,DIRECT_ROSTER_CONTACT,Patrick Williams;Kira Lewis Jr.,Saddiq Bey;Killian Hayes,EX07,DEADLINE_REVIEW,NOT_CALCULATED,observed date availability and incumbent transactions conditional; no new injury/event selected,13,14400,12,Hamidou Diallo,,Patrick Williams;Kira Lewis Jr.,0022000856
2021-04-18_ATL_IND,2021-04-18,ATL,INCUMBENT_CONDITIONAL,NO_DIRECT_DELTA_IDENTIFIED,,,EX07,DEADLINE_REVIEW,NOT_CALCULATED,observed date availability and incumbent transactions conditional; no new injury/event selected,12,14400,9,Bruno Fernando;Nathan Knight;Skylar Mays,,,0022000861
2021-04-18_ATL_IND,2021-04-18,IND,INCUMBENT_CONDITIONAL,NO_DIRECT_DELTA_IDENTIFIED,,,EX07,DEADLINE_REVIEW,NOT_CALCULATED,observed date availability and incumbent transactions conditional; no new injury/event selected,15,14400,9,Brian Bowen II;Cassius Stanley;Goga Bitadze;JaKarr Sampson;Kelan Martin;Oshae Brissett,,,0022000861
2021-04-18_CHA_POR,2021-04-18,CHA,CHA_EDWARDS_TERRY,DIRECT_ROSTER_CONTACT,Anthony Edwards;Tyrell Terry,LaMelo Ball;Grant Riller,EX07,DEADLINE_REVIEW,NOT_CALCULATED,observed date availability and incumbent transactions conditional; no new injury/event selected,12,14401,9,Bismack Biyombo;Grant Riller;Nick Richards,,Anthony Edwards;Tyrell Terry,0022000362
2021-04-18_CHA_POR,2021-04-18,POR,POR_NO_POWELL_HOOD,DIRECT_ROSTER_CONTACT,Rodney Hood,Gary Trent Jr.;Norman Powell,EX05;EX07,DEADLINE_REVIEW,NOT_CALCULATED,observed date availability and incumbent transactions conditional; no new injury/event selected,14,14400,9,CJ Elleby;Derrick Jones Jr.;Harry Giles III,Damian Lillard;Zach Collins,Rodney Hood,0022000362
2021-04-18_DAL_SAC,2021-04-18,DAL,DAL_HAMPTON,DIRECT_ROSTER_CONTACT,R.J. Hampton,Tyrell Terry,EX07,DEADLINE_REVIEW,NOT_CALCULATED,observed date availability and incumbent transactions conditional; no new injury/event selected,15,14400,11,Boban Marjanovic;Josh Green;Nate Hinton;Trey Burke,,R.J. Hampton,0022000866
2021-04-18_DAL_SAC,2021-04-18,SAC,INCUMBENT_CONDITIONAL,NO_DIRECT_DELTA_IDENTIFIED,,,EX07,DEADLINE_REVIEW,NOT_CALCULATED,observed date availability and incumbent transactions conditional; no new injury/event selected,13,14400,10,Damian Jones;Jahmi'us Ramsey;Justin James,,,0022000866
2021-04-18_LAC_MIN,2021-04-18,LAC,INCUMBENT_CONDITIONAL,NO_DIRECT_DELTA_IDENTIFIED,,,EX07,DEADLINE_REVIEW,NOT_CALCULATED,observed date availability and incumbent transactions conditional; no new injury/event selected,13,14401,13,,,,0022000867
2021-04-18_LAC_MIN,2021-04-18,MIN,MIN_RIVAL,DIRECT_ROSTER_CONTACT,Fictional Rival,Anthony Edwards,EX07,DEADLINE_REVIEW,NOT_CALCULATED,observed date availability and incumbent transactions conditional; no new injury/event selected,13,14400,13,,,Fictional Rival,0022000867
2021-04-18_MIA_BKN,2021-04-18,MIA,INCUMBENT_CONDITIONAL,NO_DIRECT_DELTA_IDENTIFIED,,,EX07,DEADLINE_REVIEW,NOT_CALCULATED,observed date availability and incumbent transactions conditional; no new injury/event selected,15,14400,9,Gabe Vincent;Max Strus;Nemanja Bjelica;Precious Achiuwa;Udonis Haslem,Jimmy Butler,,0022000863
2021-04-18_MIA_BKN,2021-04-18,BKN,INCUMBENT_CONDITIONAL,NO_DIRECT_DELTA_IDENTIFIED,,,EX07,DEADLINE_REVIEW,NOT_CALCULATED,observed date availability and incumbent transactions conditional; no new injury/event selected,12,14400,10,DeAndre Jordan;Reggie Perry,,,0022000863
2021-04-18_NYK_NOP,2021-04-18,NYK,INCUMBENT_CONDITIONAL,NO_DIRECT_DELTA_IDENTIFIED,,,EX07,DEADLINE_REVIEW,NOT_CALCULATED,observed date availability and incumbent transactions conditional; no new injury/event selected,14,15900,11,Jared Harper;Norvel Pelle;Theo Pinson,,,0022000862
2021-04-18_NYK_NOP,2021-04-18,NOP,NOP_HAYES,DIRECT_ROSTER_CONTACT,Killian Hayes,Kira Lewis Jr.,EX07,DEADLINE_REVIEW,NOT_CALCULATED,observed date availability and incumbent transactions conditional; no new injury/event selected,13,15900,10,Wenyen Gabriel;Wes Iwundu;Willy Hernangomez,,Killian Hayes,0022000862
2021-04-18_ORL_HOU,2021-04-18,ORL,ORL_VUCEVIC_GORDON_A,DIRECT_ROSTER_CONTACT,Nikola Vucevic;Zeke Nnaji,Wendell Carter Jr.;Otto Porter Jr.;R.J. Hampton,EX02;EX03;EX04;EX07,DEADLINE_REVIEW,NOT_CALCULATED,observed date availability and incumbent transactions conditional; no new injury/event selected,12,14400,10,Donta Hall,Terrence Ross,Nikola Vucevic;Zeke Nnaji,0022000864
2021-04-18_ORL_HOU,2021-04-18,HOU,INCUMBENT_CONDITIONAL,NO_DIRECT_DELTA_IDENTIFIED,,,EX07,DEADLINE_REVIEW,NOT_CALCULATED,observed date availability and incumbent transactions conditional; no new injury/event selected,12,14401,8,Anthony Lamb;DaQuan Jeffries,Danuel House Jr.;John Wall,,0022000864
2021-04-18_TOR_OKC,2021-04-18,TOR,TOR_POWELL,DIRECT_ROSTER_CONTACT,Norman Powell,Gary Trent Jr.;Rodney Hood,EX05;EX07,DEADLINE_REVIEW,NOT_CALCULATED,observed date availability and incumbent transactions conditional; no new injury/event selected,12,14401,10,Aron Baynes,Jalen Harris,Norman Powell,0022000865
2021-04-18_TOR_OKC,2021-04-18,OKC,INCUMBENT_CONDITIONAL,NO_DIRECT_DELTA_IDENTIFIED,,,EX07,DEADLINE_REVIEW,NOT_CALCULATED,observed date availability and incumbent transactions conditional; no new injury/event selected,12,14401,10,Jaylen Hoard;Justin Robinson,,,0022000865
2021-04-19_DEN_MEM,2021-04-19,DEN,DEN_GORDON_A,DIRECT_ROSTER_CONTACT,Saddiq Bey,R.J. Hampton;Zeke Nnaji;Gary Harris,EX02;EX07,DEADLINE_REVIEW,NOT_CALCULATED,observed date availability and incumbent transactions conditional; no new injury/event selected,14,17400,10,Bol Bol;JaVale McGee;Markus Howard;Zeke Nnaji,,Saddiq Bey,0022000874
2021-04-19_DEN_MEM,2021-04-19,MEM,INCUMBENT_CONDITIONAL,NO_DIRECT_DELTA_IDENTIFIED,,,EX07,DEADLINE_REVIEW,NOT_CALCULATED,observed date availability and incumbent transactions conditional; no new injury/event selected,14,17400,10,Jontay Porter;Killian Tillie;Sean McDermott;Tim Frazier,,,0022000874
2021-04-19_DET_CLE,2021-04-19,DET,DET_PATRICK_KIRA,DIRECT_ROSTER_CONTACT,Patrick Williams;Kira Lewis Jr.,Saddiq Bey;Killian Hayes,EX07,DEADLINE_REVIEW,NOT_CALCULATED,observed date availability and incumbent transactions conditional; no new injury/event selected,12,14401,9,Deividas Sirvydis,Dennis Smith Jr.,Patrick Williams;Kira Lewis Jr.,0022000868
2021-04-19_DET_CLE,2021-04-19,CLE,INCUMBENT_CONDITIONAL,NO_DIRECT_DELTA_IDENTIFIED,,,EX07,DEADLINE_REVIEW,NOT_CALCULATED,observed date availability and incumbent transactions conditional; no new injury/event selected,13,14402,9,Brodric Thomas;Cedi Osman;Lamar Stevens;Mfiondu Kabengele,,,0022000868
2021-04-19_IND_SAS,2021-04-19,IND,INCUMBENT_CONDITIONAL,NO_DIRECT_DELTA_IDENTIFIED,,,EX07,DEADLINE_REVIEW,NOT_CALCULATED,observed date availability and incumbent transactions conditional; no new injury/event selected,13,14400,13,,,,0022000473
2021-04-19_IND_SAS,2021-04-19,SAS,INCUMBENT_CONDITIONAL,NO_DIRECT_DELTA_IDENTIFIED,,,EX07,DEADLINE_REVIEW,NOT_CALCULATED,observed date availability and incumbent transactions conditional; no new injury/event selected,15,14400,14,Quinndary Weatherspoon,,,0022000473
2021-04-19_LAL_UTA,2021-04-19,LAL,LAL_AD_CORE,TRANSACTION_DEPENDENCY,,,EX06;EX07,DEADLINE_REVIEW,NOT_CALCULATED,observed date availability and incumbent transactions conditional; no new injury/event selected,14,14400,13,Marc Gasol,,,0022000875
2021-04-19_LAL_UTA,2021-04-19,UTA,INCUMBENT_CONDITIONAL,NO_DIRECT_DELTA_IDENTIFIED,,,EX07,DEADLINE_REVIEW,NOT_CALCULATED,observed date availability and incumbent transactions conditional; no new injury/event selected,14,14400,14,,,,0022000875
2021-04-19_MIA_HOU,2021-04-19,MIA,INCUMBENT_CONDITIONAL,NO_DIRECT_DELTA_IDENTIFIED,,,EX07,DEADLINE_REVIEW,NOT_CALCULATED,observed date availability and incumbent transactions conditional; no new injury/event selected,15,14401,10,Nemanja Bjelica;Udonis Haslem,Bam Adebayo;Jimmy Butler;Tyler Herro,,0022000871
2021-04-19_MIA_HOU,2021-04-19,HOU,INCUMBENT_CONDITIONAL,NO_DIRECT_DELTA_IDENTIFIED,,,EX07,DEADLINE_REVIEW,NOT_CALCULATED,observed date availability and incumbent transactions conditional; no new injury/event selected,12,14400,11,,Danuel House Jr.,,0022000871
2021-04-19_MIL_PHX,2021-04-19,MIL,INCUMBENT_CONDITIONAL,NO_DIRECT_DELTA_IDENTIFIED,,,EX07,DEADLINE_REVIEW,NOT_CALCULATED,observed date availability and incumbent transactions conditional; no new injury/event selected,15,15900,11,Jordan Nwora;Mamadi Diakite;Rodions Kurucs;Sam Merrill,,,0022000873
2021-04-19_MIL_PHX,2021-04-19,PHX,INCUMBENT_CONDITIONAL,NO_DIRECT_DELTA_IDENTIFIED,,,EX07,DEADLINE_REVIEW,NOT_CALCULATED,observed date availability and incumbent transactions conditional; no new injury/event selected,15,15900,10,E'Twaun Moore;Frank Kaminsky;Jalen Smith;Langston Galloway;Ty-Shon Alexander,,,0022000873
2021-04-19_PHI_GSW,2021-04-19,PHI,INCUMBENT_CONDITIONAL,NO_DIRECT_DELTA_IDENTIFIED,,,EX07,DEADLINE_REVIEW,NOT_CALCULATED,observed date availability and incumbent transactions conditional; no new injury/event selected,15,14400,12,Anthony Tolliver;Mason Jones;Paul Reed,,,0022000870
2021-04-19_PHI_GSW,2021-04-19,GSW,GSW_WIGGINS_HUTCHISON_INACTIVE,TRANSACTION_DEPENDENCY,,,EX06;EX07,DEADLINE_REVIEW,NOT_CALCULATED,observed date availability and incumbent transactions conditional; no new injury/event selected,13,14400,12,,Juan Toscano-Anderson,,0022000870
2021-04-19_WAS_OKC,2021-04-19,WAS,WAS_TRENT_BROWN,DIRECT_ROSTER_CONTACT,Gary Trent Jr.;Troy Brown Jr.,Isaac Bonga;Chandler Hutchison,EX01;EX07,DEADLINE_REVIEW,NOT_CALCULATED,observed date availability and incumbent transactions conditional; no new injury/event selected,15,14400,11,Anthony Gill;Chandler Hutchison;Isaac Bonga;Jordan Bell,,Gary Trent Jr.;Troy Brown Jr.,0022000872
2021-04-19_WAS_OKC,2021-04-19,OKC,INCUMBENT_CONDITIONAL,NO_DIRECT_DELTA_IDENTIFIED,,,EX07,DEADLINE_REVIEW,NOT_CALCULATED,observed date availability and incumbent transactions conditional; no new injury/event selected,12,14400,10,,Isaiah Roby;Mike Muscala,,0022000872
2021-04-20_ATL_ORL,2021-04-20,ATL,INCUMBENT_CONDITIONAL,NO_DIRECT_DELTA_IDENTIFIED,,,EX07,DEADLINE_REVIEW,NOT_CALCULATED,observed date availability and incumbent transactions conditional; no new injury/event selected,12,14400,12,,,,0022000876
2021-04-20_ATL_ORL,2021-04-20,ORL,ORL_VUCEVIC_GORDON_A,DIRECT_ROSTER_CONTACT,Nikola Vucevic;Zeke Nnaji,Wendell Carter Jr.;Otto Porter Jr.;R.J. Hampton,EX02;EX03;EX04;EX07,DEADLINE_REVIEW,NOT_CALCULATED,observed date availability and incumbent transactions conditional; no new injury/event selected,12,14400,11,,Terrence Ross,Nikola Vucevic;Zeke Nnaji,0022000876
2021-04-20_NOP_BKN,2021-04-20,NOP,NOP_HAYES,DIRECT_ROSTER_CONTACT,Killian Hayes,Kira Lewis Jr.,EX07,DEADLINE_REVIEW,NOT_CALCULATED,observed date availability and incumbent transactions conditional; no new injury/event selected,12,14402,10,James Nunnally;Wenyen Gabriel,,Killian Hayes,0022000878
2021-04-20_NOP_BKN,2021-04-20,BKN,INCUMBENT_CONDITIONAL,NO_DIRECT_DELTA_IDENTIFIED,,,EX07,DEADLINE_REVIEW,NOT_CALCULATED,observed date availability and incumbent transactions conditional; no new injury/event selected,12,14401,9,,James Harden;Kevin Durant;Tyler Johnson,,0022000878
2021-04-20_NYK_CHA,2021-04-20,NYK,INCUMBENT_CONDITIONAL,NO_DIRECT_DELTA_IDENTIFIED,,,EX07,DEADLINE_REVIEW,NOT_CALCULATED,observed date availability and incumbent transactions conditional; no new injury/event selected,14,14400,10,Frank Ntilikina;Jared Harper;Norvel Pelle;Theo Pinson,,,0022000877
2021-04-20_NYK_CHA,2021-04-20,CHA,CHA_EDWARDS_TERRY,DIRECT_ROSTER_CONTACT,Anthony Edwards;Tyrell Terry,LaMelo Ball;Grant Riller,EX07,DEADLINE_REVIEW,NOT_CALCULATED,observed date availability and incumbent transactions conditional; no new injury/event selected,13,14400,9,Bismack Biyombo;Brad Wanamaker;Grant Riller;Nick Richards,,Anthony Edwards;Tyrell Terry,0022000877
2021-04-20_SAC_MIN,2021-04-20,SAC,INCUMBENT_CONDITIONAL,NO_DIRECT_DELTA_IDENTIFIED,,,EX07,DEADLINE_REVIEW,NOT_CALCULATED,observed date availability and incumbent transactions conditional; no new injury/event selected,13,14401,11,Damian Jones;Jahmi'us Ramsey,,,0022000880
2021-04-20_SAC_MIN,2021-04-20,MIN,MIN_RIVAL,DIRECT_ROSTER_CONTACT,Fictional Rival,Anthony Edwards,EX07,DEADLINE_REVIEW,NOT_CALCULATED,observed date availability and incumbent transactions conditional; no new injury/event selected,13,14400,10,Ed Davis;Jake Layman;Jarrett Culver,,Fictional Rival,0022000880
2021-04-21_DAL_DET,2021-04-21,DAL,DAL_HAMPTON,DIRECT_ROSTER_CONTACT,R.J. Hampton,Tyrell Terry,EX07,DEADLINE_REVIEW,NOT_CALCULATED,observed date availability and incumbent transactions conditional; no new injury/event selected,15,14400,11,Boban Marjanovic;Josh Green;Trey Burke;Tyler Bey,,R.J. Hampton,0022000442
2021-04-21_DAL_DET,2021-04-21,DET,DET_PATRICK_KIRA,DIRECT_ROSTER_CONTACT,Patrick Williams;Kira Lewis Jr.,Saddiq Bey;Killian Hayes,EX07,DEADLINE_REVIEW,NOT_CALCULATED,observed date availability and incumbent transactions conditional; no new injury/event selected,14,14400,11,Deividas Sirvydis;Jahlil Okafor;Sekou Doumbouya,,Patrick Williams;Kira Lewis Jr.,0022000442
2021-04-21_HOU_UTA,2021-04-21,HOU,INCUMBENT_CONDITIONAL,NO_DIRECT_DELTA_IDENTIFIED,,,EX07,DEADLINE_REVIEW,NOT_CALCULATED,observed date availability and incumbent transactions conditional; no new injury/event selected,12,14400,10,,D.J. Augustin;Danuel House Jr.,,0022000887
2021-04-21_HOU_UTA,2021-04-21,UTA,INCUMBENT_CONDITIONAL,NO_DIRECT_DELTA_IDENTIFIED,,,EX07,DEADLINE_REVIEW,NOT_CALCULATED,observed date availability and incumbent transactions conditional; no new injury/event selected,15,14400,15,,,,0022000887
2021-04-21_IND_OKC,2021-04-21,IND,INCUMBENT_CONDITIONAL,NO_DIRECT_DELTA_IDENTIFIED,,,EX07,DEADLINE_REVIEW,NOT_CALCULATED,observed date availability and incumbent transactions conditional; no new injury/event selected,12,14400,8,Brian Bowen II;Cassius Stanley,Goga Bitadze,,0022000882
2021-04-21_IND_OKC,2021-04-21,OKC,INCUMBENT_CONDITIONAL,NO_DIRECT_DELTA_IDENTIFIED,,,EX07,DEADLINE_REVIEW,NOT_CALCULATED,observed date availability and incumbent transactions conditional; no new injury/event selected,12,14400,11,,Mike Muscala,,0022000882
2021-04-21_LAC_MEM,2021-04-21,LAC,INCUMBENT_CONDITIONAL,NO_DIRECT_DELTA_IDENTIFIED,,,EX07,DEADLINE_REVIEW,NOT_CALCULATED,observed date availability and incumbent transactions conditional; no new injury/event selected,12,14400,10,,Rajon Rondo,,0022000889
2021-04-21_LAC_MEM,2021-04-21,MEM,INCUMBENT_CONDITIONAL,NO_DIRECT_DELTA_IDENTIFIED,,,EX07,DEADLINE_REVIEW,NOT_CALCULATED,observed date availability and incumbent transactions conditional; no new injury/event selected,15,14400,15,,,,0022000889
2021-04-21_NYK_ATL,2021-04-21,NYK,INCUMBENT_CONDITIONAL,NO_DIRECT_DELTA_IDENTIFIED,,,EX07,DEADLINE_REVIEW,NOT_CALCULATED,observed date availability and incumbent transactions conditional; no new injury/event selected,14,15900,12,Jared Harper;Theo Pinson,,,0022000886
2021-04-21_NYK_ATL,2021-04-21,ATL,INCUMBENT_CONDITIONAL,NO_DIRECT_DELTA_IDENTIFIED,,,EX07,DEADLINE_REVIEW,NOT_CALCULATED,observed date availability and incumbent transactions conditional; no new injury/event selected,12,15901,9,Bruno Fernando;Nathan Knight;Skylar Mays,,,0022000886
2021-04-21_PHI_PHX,2021-04-21,PHI,INCUMBENT_CONDITIONAL,NO_DIRECT_DELTA_IDENTIFIED,,,EX07,DEADLINE_REVIEW,NOT_CALCULATED,observed date availability and incumbent transactions conditional; no new injury/event selected,15,14400,9,Anthony Tolliver;Isaiah Joe;Mason Jones;Paul Reed;Rayjon Tucker,Seth Curry,,0022000883
2021-04-21_PHI_PHX,2021-04-21,PHX,INCUMBENT_CONDITIONAL,NO_DIRECT_DELTA_IDENTIFIED,,,EX07,DEADLINE_REVIEW,NOT_CALCULATED,observed date availability and incumbent transactions conditional; no new injury/event selected,15,14400,10,E'Twaun Moore;Frank Kaminsky;Jalen Smith;Langston Galloway;Ty-Shon Alexander,,,0022000883
2021-04-21_SAC_MIN,2021-04-21,SAC,INCUMBENT_CONDITIONAL,NO_DIRECT_DELTA_IDENTIFIED,,,EX07,DEADLINE_REVIEW,NOT_CALCULATED,observed date availability and incumbent transactions conditional; no new injury/event selected,13,14400,10,Chris Silva;Jahmi'us Ramsey;Justin James,,,0022000891
2021-04-21_SAC_MIN,2021-04-21,MIN,MIN_RIVAL,DIRECT_ROSTER_CONTACT,Fictional Rival,Anthony Edwards,EX07,DEADLINE_REVIEW,NOT_CALCULATED,observed date availability and incumbent transactions conditional; no new injury/event selected,13,14400,10,Ed Davis;Jake Layman;Jarrett Culver,,Fictional Rival,0022000891
2021-04-21_SAS_MIA,2021-04-21,SAS,INCUMBENT_CONDITIONAL,NO_DIRECT_DELTA_IDENTIFIED,,,EX07,DEADLINE_REVIEW,NOT_CALCULATED,observed date availability and incumbent transactions conditional; no new injury/event selected,14,14400,14,,,,0022000888
2021-04-21_SAS_MIA,2021-04-21,MIA,INCUMBENT_CONDITIONAL,NO_DIRECT_DELTA_IDENTIFIED,,,EX07,DEADLINE_REVIEW,NOT_CALCULATED,observed date availability and incumbent transactions conditional; no new injury/event selected,15,14400,12,Nemanja Bjelica;Udonis Haslem,Andre Iguodala,,0022000888
2021-04-21_TOR_BKN,2021-04-21,TOR,TOR_POWELL,DIRECT_ROSTER_CONTACT,Norman Powell,Gary Trent Jr.;Rodney Hood,EX05;EX07,DEADLINE_REVIEW,NOT_CALCULATED,observed date availability and incumbent transactions conditional; no new injury/event selected,13,14400,10,Aron Baynes;DeAndre' Bembry;Stanley Johnson,,Norman Powell,0022000884
2021-04-21_TOR_BKN,2021-04-21,BKN,INCUMBENT_CONDITIONAL,NO_DIRECT_DELTA_IDENTIFIED,,,EX07,DEADLINE_REVIEW,NOT_CALCULATED,observed date availability and incumbent transactions conditional; no new injury/event selected,12,14400,9,Reggie Perry,Kevin Durant;Tyler Johnson,,0022000884
2021-04-21_WAS_GSW,2021-04-21,WAS,WAS_TRENT_BROWN,DIRECT_ROSTER_CONTACT,Gary Trent Jr.;Troy Brown Jr.,Isaac Bonga;Chandler Hutchison,EX01;EX07,DEADLINE_REVIEW,NOT_CALCULATED,observed date availability and incumbent transactions conditional; no new injury/event selected,15,14400,11,Anthony Gill;Cassius Winston;Chandler Hutchison;Jordan Bell,,Gary Trent Jr.;Troy Brown Jr.,0022000885
2021-04-21_WAS_GSW,2021-04-21,GSW,GSW_WIGGINS_HUTCHISON_INACTIVE,TRANSACTION_DEPENDENCY,,,EX06;EX07,DEADLINE_REVIEW,NOT_CALCULATED,observed date availability and incumbent transactions conditional; no new injury/event selected,13,14400,9,Alen Smailagic;Nico Mannion,Damion Lee;Juan Toscano-Anderson,,0022000885
2021-04-22_BOS_PHX,2021-04-22,BOS,BOS_FOURNIER_PATH,TRANSACTION_DEPENDENCY,,,EX01;EX03;EX04;EX07,DEADLINE_REVIEW,NOT_CALCULATED,observed date availability and incumbent transactions conditional; no new injury/event selected,14,14400,10,Carsen Edwards;Luke Kornet;Tacko Fall;Tremont Waters,,,0022000892
2021-04-22_BOS_PHX,2021-04-22,PHX,INCUMBENT_CONDITIONAL,NO_DIRECT_DELTA_IDENTIFIED,,,EX07,DEADLINE_REVIEW,NOT_CALCULATED,observed date availability and incumbent transactions conditional; no new injury/event selected,15,14400,10,E'Twaun Moore;Frank Kaminsky;Jalen Smith;Ty-Shon Alexander,Jae Crowder,,0022000892
2021-04-22_DAL_LAL,2021-04-22,DAL,DAL_HAMPTON,DIRECT_ROSTER_CONTACT,R.J. Hampton,Tyrell Terry,EX07,DEADLINE_REVIEW,NOT_CALCULATED,observed date availability and incumbent transactions conditional; no new injury/event selected,15,14400,9,Boban Marjanovic;Josh Green;Nate Hinton;Nicolo Melli;Trey Burke;Tyler Bey,,R.J. Hampton,0022000897
2021-04-22_DAL_LAL,2021-04-22,LAL,LAL_AD_CORE,TRANSACTION_DEPENDENCY,,,EX06;EX07,DEADLINE_REVIEW,NOT_CALCULATED,observed date availability and incumbent transactions conditional; no new injury/event selected,14,14400,10,Alfonzo McKinnie;Devontae Cacok;Marc Gasol;Wesley Matthews,,,0022000897
2021-04-22_MIL_PHI,2021-04-22,MIL,INCUMBENT_CONDITIONAL,NO_DIRECT_DELTA_IDENTIFIED,,,EX07,DEADLINE_REVIEW,NOT_CALCULATED,observed date availability and incumbent transactions conditional; no new injury/event selected,15,14400,12,Jeff Teague;Mamadi Diakite;Rodions Kurucs,,,0022000894
2021-04-22_MIL_PHI,2021-04-22,PHI,INCUMBENT_CONDITIONAL,NO_DIRECT_DELTA_IDENTIFIED,,,EX07,DEADLINE_REVIEW,NOT_CALCULATED,observed date availability and incumbent transactions conditional; no new injury/event selected,15,14400,14,Mason Jones,,,0022000894
2021-04-22_ORL_NOP,2021-04-22,ORL,ORL_VUCEVIC_GORDON_A,DIRECT_ROSTER_CONTACT,Nikola Vucevic;Zeke Nnaji,Wendell Carter Jr.;Otto Porter Jr.;R.J. Hampton,EX02;EX03;EX04;EX07,DEADLINE_REVIEW,NOT_CALCULATED,observed date availability and incumbent transactions conditional; no new injury/event selected,12,14400,10,,James Ennis III;Wendell Carter Jr.,Nikola Vucevic;Zeke Nnaji,0022000893
2021-04-22_ORL_NOP,2021-04-22,NOP,NOP_HAYES,DIRECT_ROSTER_CONTACT,Killian Hayes,Kira Lewis Jr.,EX07,DEADLINE_REVIEW,NOT_CALCULATED,observed date availability and incumbent transactions conditional; no new injury/event selected,12,14400,12,,,Killian Hayes,0022000893
2021-04-22_SAS_DET,2021-04-22,SAS,INCUMBENT_CONDITIONAL,NO_DIRECT_DELTA_IDENTIFIED,,,EX07,DEADLINE_REVIEW,NOT_CALCULATED,observed date availability and incumbent transactions conditional; no new injury/event selected,13,14400,11,Gorgui Dieng,DeMar DeRozan,,0022000895
2021-04-22_SAS_DET,2021-04-22,DET,DET_PATRICK_KIRA,DIRECT_ROSTER_CONTACT,Patrick Williams;Kira Lewis Jr.,Saddiq Bey;Killian Hayes,EX07,DEADLINE_REVIEW,NOT_CALCULATED,observed date availability and incumbent transactions conditional; no new injury/event selected,12,14400,10,Deividas Sirvydis,,Patrick Williams;Kira Lewis Jr.,0022000895
2021-04-23_ATL_MIA,2021-04-23,ATL,INCUMBENT_CONDITIONAL,NO_DIRECT_DELTA_IDENTIFIED,,,EX07,DEADLINE_REVIEW,NOT_CALCULATED,observed date availability and incumbent transactions conditional; no new injury/event selected,12,14400,9,Bruno Fernando;Skylar Mays,Clint Capela,,0022000898
2021-04-23_ATL_MIA,2021-04-23,MIA,INCUMBENT_CONDITIONAL,NO_DIRECT_DELTA_IDENTIFIED,,,EX07,DEADLINE_REVIEW,NOT_CALCULATED,observed date availability and incumbent transactions conditional; no new injury/event selected,15,14400,9,Gabe Vincent;KZ Okpala;Max Strus;Nemanja Bjelica;Precious Achiuwa;Udonis Haslem,,,0022000898
2021-04-23_BKN_BOS,2021-04-23,BKN,INCUMBENT_CONDITIONAL,NO_DIRECT_DELTA_IDENTIFIED,,,EX07,DEADLINE_REVIEW,NOT_CALCULATED,observed date availability and incumbent transactions conditional; no new injury/event selected,12,14400,9,Reggie Perry,Kevin Durant;Tyler Johnson,,0022000899
2021-04-23_BKN_BOS,2021-04-23,BOS,BOS_FOURNIER_PATH,TRANSACTION_DEPENDENCY,,,EX01;EX03;EX04;EX07,DEADLINE_REVIEW,NOT_CALCULATED,observed date availability and incumbent transactions conditional; no new injury/event selected,14,14400,12,Tacko Fall;Tremont Waters,,,0022000899
2021-04-23_CHA_CLE,2021-04-23,CHA,CHA_EDWARDS_TERRY,DIRECT_ROSTER_CONTACT,Anthony Edwards;Tyrell Terry,LaMelo Ball;Grant Riller,EX07,DEADLINE_REVIEW,NOT_CALCULATED,observed date availability and incumbent transactions conditional; no new injury/event selected,13,14400,8,Caleb Martin;Cody Zeller;Grant Riller;Nick Richards;Vernon Carey Jr.,,Anthony Edwards;Tyrell Terry,0022000900
2021-04-23_CHA_CLE,2021-04-23,CLE,INCUMBENT_CONDITIONAL,NO_DIRECT_DELTA_IDENTIFIED,,,EX07,DEADLINE_REVIEW,NOT_CALCULATED,observed date availability and incumbent transactions conditional; no new injury/event selected,13,14400,9,Brodric Thomas;Cedi Osman;Lamar Stevens;Mfiondu Kabengele,,,0022000900
2021-04-23_GSW_DEN,2021-04-23,GSW,GSW_WIGGINS_HUTCHISON_INACTIVE,TRANSACTION_DEPENDENCY,,,EX06;EX07,DEADLINE_REVIEW,NOT_CALCULATED,observed date availability and incumbent transactions conditional; no new injury/event selected,12,14400,11,,Eric Paschall,,0022000903
2021-04-23_GSW_DEN,2021-04-23,DEN,DEN_GORDON_A,DIRECT_ROSTER_CONTACT,Saddiq Bey,R.J. Hampton;Zeke Nnaji;Gary Harris,EX02;EX07,DEADLINE_REVIEW,NOT_CALCULATED,observed date availability and incumbent transactions conditional; no new injury/event selected,15,14400,14,JaVale McGee,,Saddiq Bey,0022000903
2021-04-23_HOU_LAC,2021-04-23,HOU,INCUMBENT_CONDITIONAL,NO_DIRECT_DELTA_IDENTIFIED,,,EX07,DEADLINE_REVIEW,NOT_CALCULATED,observed date availability and incumbent transactions conditional; no new injury/event selected,12,14400,9,Anthony Lamb,Avery Bradley;D.J. Augustin,,0022000901
2021-04-23_HOU_LAC,2021-04-23,LAC,INCUMBENT_CONDITIONAL,NO_DIRECT_DELTA_IDENTIFIED,,,EX07,DEADLINE_REVIEW,NOT_CALCULATED,observed date availability and incumbent transactions conditional; no new injury/event selected,12,14400,9,Daniel Oturu;Yogi Ferrell,,,0022000901
2021-04-23_OKC_WAS,2021-04-23,OKC,INCUMBENT_CONDITIONAL,NO_DIRECT_DELTA_IDENTIFIED,,,EX07,DEADLINE_REVIEW,NOT_CALCULATED,observed date availability and incumbent transactions conditional; no new injury/event selected,12,14401,12,,,,0022000902
2021-04-23_OKC_WAS,2021-04-23,WAS,WAS_TRENT_BROWN,DIRECT_ROSTER_CONTACT,Gary Trent Jr.;Troy Brown Jr.,Isaac Bonga;Chandler Hutchison,EX01;EX07,DEADLINE_REVIEW,NOT_CALCULATED,observed date availability and incumbent transactions conditional; no new injury/event selected,14,14401,14,,,Gary Trent Jr.;Troy Brown Jr.,0022000902
2021-04-24_DAL_LAL,2021-04-24,DAL,DAL_HAMPTON,DIRECT_ROSTER_CONTACT,R.J. Hampton,Tyrell Terry,EX07,DEADLINE_REVIEW,NOT_CALCULATED,observed date availability and incumbent transactions conditional; no new injury/event selected,15,14400,9,Boban Marjanovic;Josh Green;Nate Hinton;Trey Burke;Tyler Bey,Kristaps Porzingis,R.J. Hampton,0022000908
2021-04-24_DAL_LAL,2021-04-24,LAL,LAL_AD_CORE,TRANSACTION_DEPENDENCY,,,EX06;EX07,DEADLINE_REVIEW,NOT_CALCULATED,observed date availability and incumbent transactions conditional; no new injury/event selected,14,14400,10,Alfonzo McKinnie;Devontae Cacok;Montrezl Harrell,Kentavious Caldwell-Pope,,0022000908
2021-04-24_DEN_HOU,2021-04-24,DEN,DEN_GORDON_A,DIRECT_ROSTER_CONTACT,Saddiq Bey,R.J. Hampton;Zeke Nnaji;Gary Harris,EX02;EX07,DEADLINE_REVIEW,NOT_CALCULATED,observed date availability and incumbent transactions conditional; no new injury/event selected,14,14400,13,Paul Millsap,,Saddiq Bey,0022000910
2021-04-24_DEN_HOU,2021-04-24,HOU,INCUMBENT_CONDITIONAL,NO_DIRECT_DELTA_IDENTIFIED,,,EX07,DEADLINE_REVIEW,NOT_CALCULATED,observed date availability and incumbent transactions conditional; no new injury/event selected,12,14400,7,Danuel House Jr.,Christian Wood,,0022000910
2021-04-24_IND_DET,2021-04-24,IND,INCUMBENT_CONDITIONAL,NO_DIRECT_DELTA_IDENTIFIED,,,EX07,DEADLINE_REVIEW,NOT_CALCULATED,observed date availability and incumbent transactions conditional; no new injury/event selected,12,14400,10,Amida Brimah;Cassius Stanley,,,0022000906
2021-04-24_IND_DET,2021-04-24,DET,DET_PATRICK_KIRA,DIRECT_ROSTER_CONTACT,Patrick Williams;Kira Lewis Jr.,Saddiq Bey;Killian Hayes,EX07,DEADLINE_REVIEW,NOT_CALCULATED,observed date availability and incumbent transactions conditional; no new injury/event selected,15,14399,10,Deividas Sirvydis;Jahlil Okafor;Saben Lee;Sekou Doumbouya;Tyler Cook,,Patrick Williams;Kira Lewis Jr.,0022000906
2021-04-24_MIL_PHI,2021-04-24,MIL,INCUMBENT_CONDITIONAL,NO_DIRECT_DELTA_IDENTIFIED,,,EX07,DEADLINE_REVIEW,NOT_CALCULATED,observed date availability and incumbent transactions conditional; no new injury/event selected,15,14400,15,,,,0022000905
2021-04-24_MIL_PHI,2021-04-24,PHI,INCUMBENT_CONDITIONAL,NO_DIRECT_DELTA_IDENTIFIED,,,EX07,DEADLINE_REVIEW,NOT_CALCULATED,observed date availability and incumbent transactions conditional; no new injury/event selected,15,14400,13,,Furkan Korkmaz;Joel Embiid,,0022000905
2021-04-24_NYK_TOR,2021-04-24,NYK,INCUMBENT_CONDITIONAL,NO_DIRECT_DELTA_IDENTIFIED,,,EX07,DEADLINE_REVIEW,NOT_CALCULATED,observed date availability and incumbent transactions conditional; no new injury/event selected,14,14400,9,Frank Ntilikina;Jared Harper;Kevin Knox II;Norvel Pelle;Theo Pinson,,,0022000904
2021-04-24_NYK_TOR,2021-04-24,TOR,TOR_POWELL,DIRECT_ROSTER_CONTACT,Norman Powell,Gary Trent Jr.;Rodney Hood,EX05;EX07,DEADLINE_REVIEW,NOT_CALCULATED,observed date availability and incumbent transactions conditional; no new injury/event selected,13,14400,9,Aron Baynes;DeAndre' Bembry;Stanley Johnson,Rodney Hood,Norman Powell,0022000904
2021-04-24_UTA_MIN,2021-04-24,UTA,INCUMBENT_CONDITIONAL,NO_DIRECT_DELTA_IDENTIFIED,,,EX07,DEADLINE_REVIEW,NOT_CALCULATED,observed date availability and incumbent transactions conditional; no new injury/event selected,15,14400,9,Elijah Hughes;Ersan Ilyasova;Jarrell Brantley;Juwan Morgan;Matt Thomas;Trent Forrest,,,0022000909
2021-04-24_UTA_MIN,2021-04-24,MIN,MIN_RIVAL,DIRECT_ROSTER_CONTACT,Fictional Rival,Anthony Edwards,EX07,DEADLINE_REVIEW,NOT_CALCULATED,observed date availability and incumbent transactions conditional; no new injury/event selected,14,14400,10,Ed Davis;Jake Layman;Jarrett Culver;Jaylen Nowell,,Fictional Rival,0022000909
2021-04-25_ATL_MIL,2021-04-25,ATL,INCUMBENT_CONDITIONAL,NO_DIRECT_DELTA_IDENTIFIED,,,EX07,DEADLINE_REVIEW,NOT_CALCULATED,observed date availability and incumbent transactions conditional; no new injury/event selected,12,14400,9,Bruno Fernando;Nathan Knight;Skylar Mays,,,0022000913
2021-04-25_ATL_MIL,2021-04-25,MIL,INCUMBENT_CONDITIONAL,NO_DIRECT_DELTA_IDENTIFIED,,,EX07,DEADLINE_REVIEW,NOT_CALCULATED,observed date availability and incumbent transactions conditional; no new injury/event selected,15,14400,10,Axel Toupane;Jordan Nwora;Justin Jackson;Mamadi Diakite;Sam Merrill,,,0022000913
2021-04-25_BKN_PHX,2021-04-25,BKN,INCUMBENT_CONDITIONAL,NO_DIRECT_DELTA_IDENTIFIED,,,EX07,DEADLINE_REVIEW,NOT_CALCULATED,observed date availability and incumbent transactions conditional; no new injury/event selected,12,14400,10,Reggie Perry;Timothe Luwawu-Cabarrot,,,0022000912
2021-04-25_BKN_PHX,2021-04-25,PHX,INCUMBENT_CONDITIONAL,NO_DIRECT_DELTA_IDENTIFIED,,,EX07,DEADLINE_REVIEW,NOT_CALCULATED,observed date availability and incumbent transactions conditional; no new injury/event selected,14,14400,10,E'Twaun Moore;Ty-Shon Alexander,Dario Saric;Jae Crowder,,0022000912
2021-04-25_CHA_BOS,2021-04-25,CHA,CHA_EDWARDS_TERRY,DIRECT_ROSTER_CONTACT,Anthony Edwards;Tyrell Terry,LaMelo Ball;Grant Riller,EX07,DEADLINE_REVIEW,NOT_CALCULATED,observed date availability and incumbent transactions conditional; no new injury/event selected,13,14401,12,Cody Zeller,,Anthony Edwards;Tyrell Terry,0022000911
2021-04-25_CHA_BOS,2021-04-25,BOS,BOS_FOURNIER_PATH,TRANSACTION_DEPENDENCY,,,EX01;EX03;EX04;EX07,DEADLINE_REVIEW,NOT_CALCULATED,observed date availability and incumbent transactions conditional; no new injury/event selected,15,14400,14,Semi Ojeleye,,,0022000911
2021-04-25_GSW_SAC,2021-04-25,GSW,GSW_WIGGINS_HUTCHISON_INACTIVE,TRANSACTION_DEPENDENCY,,,EX06;EX07,DEADLINE_REVIEW,NOT_CALCULATED,observed date availability and incumbent transactions conditional; no new injury/event selected,12,14400,9,Alen Smailagic;Nico Mannion,Eric Paschall,,0022000915
2021-04-25_GSW_SAC,2021-04-25,SAC,INCUMBENT_CONDITIONAL,NO_DIRECT_DELTA_IDENTIFIED,,,EX07,DEADLINE_REVIEW,NOT_CALCULATED,observed date availability and incumbent transactions conditional; no new injury/event selected,14,14400,10,Chris Silva;Hassan Whiteside;Jahmi'us Ramsey;Justin James,,,0022000915
2021-04-25_ORL_IND,2021-04-25,ORL,ORL_VUCEVIC_GORDON_A,DIRECT_ROSTER_CONTACT,Nikola Vucevic;Zeke Nnaji,Wendell Carter Jr.;Otto Porter Jr.;R.J. Hampton,EX02;EX03;EX04;EX07,DEADLINE_REVIEW,NOT_CALCULATED,observed date availability and incumbent transactions conditional; no new injury/event selected,12,14400,11,,Terrence Ross,Nikola Vucevic;Zeke Nnaji,0022000914
2021-04-25_ORL_IND,2021-04-25,IND,INCUMBENT_CONDITIONAL,NO_DIRECT_DELTA_IDENTIFIED,,,EX07,DEADLINE_REVIEW,NOT_CALCULATED,observed date availability and incumbent transactions conditional; no new injury/event selected,12,14400,12,,,,0022000914
2021-04-25_POR_MEM,2021-04-25,POR,POR_NO_POWELL_HOOD,DIRECT_ROSTER_CONTACT,Rodney Hood,Gary Trent Jr.;Norman Powell,EX05;EX07,DEADLINE_REVIEW,NOT_CALCULATED,observed date availability and incumbent transactions conditional; no new injury/event selected,15,14400,11,CJ Elleby;Harry Giles III;Keljin Blevins,Zach Collins,Rodney Hood,0022000240
2021-04-25_POR_MEM,2021-04-25,MEM,INCUMBENT_CONDITIONAL,NO_DIRECT_DELTA_IDENTIFIED,,,EX07,DEADLINE_REVIEW,NOT_CALCULATED,observed date availability and incumbent transactions conditional; no new injury/event selected,15,14400,10,John Konchar;Jontay Porter;Killian Tillie;Sean McDermott;Tyus Jones,,,0022000240
2021-04-25_WAS_CLE,2021-04-25,WAS,WAS_TRENT_BROWN,DIRECT_ROSTER_CONTACT,Gary Trent Jr.;Troy Brown Jr.,Isaac Bonga;Chandler Hutchison,EX01;EX07,DEADLINE_REVIEW,NOT_CALCULATED,observed date availability and incumbent transactions conditional; no new injury/event selected,13,14400,10,Cassius Winston;Chandler Hutchison;Isaac Bonga,,Gary Trent Jr.;Troy Brown Jr.,0022000197
2021-04-25_WAS_CLE,2021-04-25,CLE,INCUMBENT_CONDITIONAL,NO_DIRECT_DELTA_IDENTIFIED,,,EX07,DEADLINE_REVIEW,NOT_CALCULATED,observed date availability and incumbent transactions conditional; no new injury/event selected,13,14400,11,Damyean Dotson;Mfiondu Kabengele,,,0022000197
2021-04-26_DEN_MEM,2021-04-26,DEN,DEN_GORDON_A,DIRECT_ROSTER_CONTACT,Saddiq Bey,R.J. Hampton;Zeke Nnaji;Gary Harris,EX02;EX07,DEADLINE_REVIEW,NOT_CALCULATED,observed date availability and incumbent transactions conditional; no new injury/event selected,14,14402,13,JaVale McGee,,Saddiq Bey,0022000925
2021-04-26_DEN_MEM,2021-04-26,MEM,INCUMBENT_CONDITIONAL,NO_DIRECT_DELTA_IDENTIFIED,,,EX07,DEADLINE_REVIEW,NOT_CALCULATED,observed date availability and incumbent transactions conditional; no new injury/event selected,15,14401,14,Xavier Tillman,,,0022000925
2021-04-26_DET_ATL,2021-04-26,DET,DET_PATRICK_KIRA,DIRECT_ROSTER_CONTACT,Patrick Williams;Kira Lewis Jr.,Saddiq Bey;Killian Hayes,EX07,DEADLINE_REVIEW,NOT_CALCULATED,observed date availability and incumbent transactions conditional; no new injury/event selected,14,14400,13,Jahlil Okafor,,Patrick Williams;Kira Lewis Jr.,0022000916
2021-04-26_DET_ATL,2021-04-26,ATL,INCUMBENT_CONDITIONAL,NO_DIRECT_DELTA_IDENTIFIED,,,EX07,DEADLINE_REVIEW,NOT_CALCULATED,observed date availability and incumbent transactions conditional; no new injury/event selected,12,14400,12,,,,0022000916
2021-04-26_MIN_UTA,2021-04-26,MIN,MIN_RIVAL,DIRECT_ROSTER_CONTACT,Fictional Rival,Anthony Edwards,EX07,DEADLINE_REVIEW,NOT_CALCULATED,observed date availability and incumbent transactions conditional; no new injury/event selected,14,14400,10,Ed Davis;Jake Layman;Jarrett Culver;Jaylen Nowell,,Fictional Rival,0022000923
2021-04-26_MIN_UTA,2021-04-26,UTA,INCUMBENT_CONDITIONAL,NO_DIRECT_DELTA_IDENTIFIED,,,EX07,DEADLINE_REVIEW,NOT_CALCULATED,observed date availability and incumbent transactions conditional; no new injury/event selected,15,14400,10,Elijah Hughes;Jarrell Brantley;Juwan Morgan;Matt Thomas;Miye Oni,,,0022000923
2021-04-26_NOP_LAC,2021-04-26,NOP,NOP_HAYES,DIRECT_ROSTER_CONTACT,Killian Hayes,Kira Lewis Jr.,EX07,DEADLINE_REVIEW,NOT_CALCULATED,observed date availability and incumbent transactions conditional; no new injury/event selected,12,14400,11,,James Johnson,Killian Hayes,0022000924
2021-04-26_NOP_LAC,2021-04-26,LAC,INCUMBENT_CONDITIONAL,NO_DIRECT_DELTA_IDENTIFIED,,,EX07,DEADLINE_REVIEW,NOT_CALCULATED,observed date availability and incumbent transactions conditional; no new injury/event selected,12,14400,12,,,,0022000924
2021-04-26_NYK_PHX,2021-04-26,NYK,INCUMBENT_CONDITIONAL,NO_DIRECT_DELTA_IDENTIFIED,,,EX07,DEADLINE_REVIEW,NOT_CALCULATED,observed date availability and incumbent transactions conditional; no new injury/event selected,14,14400,9,Frank Ntilikina;Jared Harper;Kevin Knox II;Norvel Pelle;Theo Pinson,,,0022000920
2021-04-26_NYK_PHX,2021-04-26,PHX,INCUMBENT_CONDITIONAL,NO_DIRECT_DELTA_IDENTIFIED,,,EX07,DEADLINE_REVIEW,NOT_CALCULATED,observed date availability and incumbent transactions conditional; no new injury/event selected,14,14400,9,E'Twaun Moore;Jalen Smith;Ty-Shon Alexander,Dario Saric;Jae Crowder,,0022000920
2021-04-26_ORL_LAL,2021-04-26,ORL,ORL_VUCEVIC_GORDON_A,DIRECT_ROSTER_CONTACT,Nikola Vucevic;Zeke Nnaji,Wendell Carter Jr.;Otto Porter Jr.;R.J. Hampton,EX02;EX03;EX04;EX07,DEADLINE_REVIEW,NOT_CALCULATED,observed date availability and incumbent transactions conditional; no new injury/event selected,12,14400,9,Donta Hall,James Ennis III;Terrence Ross,Nikola Vucevic;Zeke Nnaji,0022000917
2021-04-26_ORL_LAL,2021-04-26,LAL,LAL_AD_CORE,TRANSACTION_DEPENDENCY,,,EX06;EX07,DEADLINE_REVIEW,NOT_CALCULATED,observed date availability and incumbent transactions conditional; no new injury/event selected,14,14400,10,Alfonzo McKinnie;Devontae Cacok;Marc Gasol;Wesley Matthews,,,0022000917
2021-04-26_PHI_OKC,2021-04-26,PHI,INCUMBENT_CONDITIONAL,NO_DIRECT_DELTA_IDENTIFIED,,,EX07,DEADLINE_REVIEW,NOT_CALCULATED,observed date availability and incumbent transactions conditional; no new injury/event selected,15,14400,15,,,,0022000918
2021-04-26_PHI_OKC,2021-04-26,OKC,INCUMBENT_CONDITIONAL,NO_DIRECT_DELTA_IDENTIFIED,,,EX07,DEADLINE_REVIEW,NOT_CALCULATED,observed date availability and incumbent transactions conditional; no new injury/event selected,12,14400,10,,Mike Muscala;Tony Bradley,,0022000918
2021-04-26_SAC_DAL,2021-04-26,SAC,INCUMBENT_CONDITIONAL,NO_DIRECT_DELTA_IDENTIFIED,,,EX07,DEADLINE_REVIEW,NOT_CALCULATED,observed date availability and incumbent transactions conditional; no new injury/event selected,14,14400,10,Chris Silva;Hassan Whiteside;Jahmi'us Ramsey;Justin James,,,0022000926
2021-04-26_SAC_DAL,2021-04-26,DAL,DAL_HAMPTON,DIRECT_ROSTER_CONTACT,R.J. Hampton,Tyrell Terry,EX07,DEADLINE_REVIEW,NOT_CALCULATED,observed date availability and incumbent transactions conditional; no new injury/event selected,15,14401,11,Nate Hinton;Tyler Bey,JJ Redick;Kristaps Porzingis,R.J. Hampton,0022000926
2021-04-26_TOR_CLE,2021-04-26,TOR,TOR_POWELL,DIRECT_ROSTER_CONTACT,Norman Powell,Gary Trent Jr.;Rodney Hood,EX05;EX07,DEADLINE_REVIEW,NOT_CALCULATED,observed date availability and incumbent transactions conditional; no new injury/event selected,12,14400,11,Aron Baynes,,Norman Powell,0022000921
2021-04-26_TOR_CLE,2021-04-26,CLE,INCUMBENT_CONDITIONAL,NO_DIRECT_DELTA_IDENTIFIED,,,EX07,DEADLINE_REVIEW,NOT_CALCULATED,observed date availability and incumbent transactions conditional; no new injury/event selected,12,14400,9,,Collin Sexton;Isaiah Hartenstein;Larry Nance Jr.,,0022000921
2021-04-27_BOS_OKC,2021-04-27,BOS,BOS_FOURNIER_PATH,TRANSACTION_DEPENDENCY,,,EX01;EX03;EX04;EX07,DEADLINE_REVIEW,NOT_CALCULATED,observed date availability and incumbent transactions conditional; no new injury/event selected,14,14401,11,Carsen Edwards;Tacko Fall;Tremont Waters,,,0022000927
2021-04-27_BOS_OKC,2021-04-27,OKC,INCUMBENT_CONDITIONAL,NO_DIRECT_DELTA_IDENTIFIED,,,EX07,DEADLINE_REVIEW,NOT_CALCULATED,observed date availability and incumbent transactions conditional; no new injury/event selected,12,14399,10,Charlie Brown Jr.;Jaylen Hoard,,,0022000927
2021-04-27_CHA_MIL,2021-04-27,CHA,CHA_EDWARDS_TERRY,DIRECT_ROSTER_CONTACT,Anthony Edwards;Tyrell Terry,LaMelo Ball;Grant Riller,EX07,DEADLINE_REVIEW,NOT_CALCULATED,observed date availability and incumbent transactions conditional; no new injury/event selected,14,14400,8,Caleb Martin;Cody Zeller;Grant Riller;Nick Richards;Vernon Carey Jr.,Nate Darling,Anthony Edwards;Tyrell Terry,0022000928
2021-04-27_CHA_MIL,2021-04-27,MIL,INCUMBENT_CONDITIONAL,NO_DIRECT_DELTA_IDENTIFIED,,,EX07,DEADLINE_REVIEW,NOT_CALCULATED,observed date availability and incumbent transactions conditional; no new injury/event selected,15,14400,10,Jeff Teague;Jordan Nwora;Justin Jackson;Mamadi Diakite;Sam Merrill,,,0022000928
2021-04-27_GSW_DAL,2021-04-27,GSW,GSW_WIGGINS_HUTCHISON_INACTIVE,TRANSACTION_DEPENDENCY,,,EX06;EX07,DEADLINE_REVIEW,NOT_CALCULATED,observed date availability and incumbent transactions conditional; no new injury/event selected,13,14400,11,,Damion Lee;Eric Paschall,,0022000932
2021-04-27_GSW_DAL,2021-04-27,DAL,DAL_HAMPTON,DIRECT_ROSTER_CONTACT,R.J. Hampton,Tyrell Terry,EX07,DEADLINE_REVIEW,NOT_CALCULATED,observed date availability and incumbent transactions conditional; no new injury/event selected,15,14400,14,,Kristaps Porzingis,R.J. Hampton,0022000932
2021-04-27_HOU_MIN,2021-04-27,HOU,INCUMBENT_CONDITIONAL,NO_DIRECT_DELTA_IDENTIFIED,,,EX07,DEADLINE_REVIEW,NOT_CALCULATED,observed date availability and incumbent transactions conditional; no new injury/event selected,12,14400,9,Anthony Lamb;DaQuan Jeffries,D.J. Augustin,,0022000931
2021-04-27_HOU_MIN,2021-04-27,MIN,MIN_RIVAL,DIRECT_ROSTER_CONTACT,Fictional Rival,Anthony Edwards,EX07,DEADLINE_REVIEW,NOT_CALCULATED,observed date availability and incumbent transactions conditional; no new injury/event selected,14,14400,10,Ed Davis;Jake Layman;Jarrett Culver;Jaylen Nowell,,Fictional Rival,0022000931
2021-04-27_IND_POR,2021-04-27,IND,INCUMBENT_CONDITIONAL,NO_DIRECT_DELTA_IDENTIFIED,,,EX07,DEADLINE_REVIEW,NOT_CALCULATED,observed date availability and incumbent transactions conditional; no new injury/event selected,12,14401,12,,,,0022000929
2021-04-27_IND_POR,2021-04-27,POR,POR_NO_POWELL_HOOD,DIRECT_ROSTER_CONTACT,Rodney Hood,Gary Trent Jr.;Norman Powell,EX05;EX07,DEADLINE_REVIEW,NOT_CALCULATED,observed date availability and incumbent transactions conditional; no new injury/event selected,15,14401,15,,,Rodney Hood,0022000929
2021-04-27_TOR_BKN,2021-04-27,TOR,TOR_POWELL,DIRECT_ROSTER_CONTACT,Norman Powell,Gary Trent Jr.;Rodney Hood,EX05;EX07,DEADLINE_REVIEW,NOT_CALCULATED,observed date availability and incumbent transactions conditional; no new injury/event selected,12,14400,11,Aron Baynes,,Norman Powell,0022000930
2021-04-27_TOR_BKN,2021-04-27,BKN,INCUMBENT_CONDITIONAL,NO_DIRECT_DELTA_IDENTIFIED,,,EX07,DEADLINE_REVIEW,NOT_CALCULATED,observed date availability and incumbent transactions conditional; no new injury/event selected,12,14400,8,DeAndre Jordan;Reggie Perry;Timothe Luwawu-Cabarrot,Chris Chiozza,,0022000930
2021-04-28_BOS_CHA,2021-04-28,BOS,BOS_FOURNIER_PATH,TRANSACTION_DEPENDENCY,,,EX01;EX03;EX04;EX07,DEADLINE_REVIEW,NOT_CALCULATED,observed date availability and incumbent transactions conditional; no new injury/event selected,15,14400,9,Carsen Edwards;Jabari Parker;Luke Kornet;Romeo Langford;Semi Ojeleye,,,0022000936
2021-04-28_BOS_CHA,2021-04-28,CHA,CHA_EDWARDS_TERRY,DIRECT_ROSTER_CONTACT,Anthony Edwards;Tyrell Terry,LaMelo Ball;Grant Riller,EX07,DEADLINE_REVIEW,NOT_CALCULATED,observed date availability and incumbent transactions conditional; no new injury/event selected,14,14400,10,Grant Riller;Nick Richards;Vernon Carey Jr.,Nate Darling,Anthony Edwards;Tyrell Terry,0022000936
2021-04-28_CLE_ORL,2021-04-28,CLE,INCUMBENT_CONDITIONAL,NO_DIRECT_DELTA_IDENTIFIED,,,EX07,DEADLINE_REVIEW,NOT_CALCULATED,observed date availability and incumbent transactions conditional; no new injury/event selected,12,14400,10,,Collin Sexton;Isaiah Hartenstein,,0022000933
2021-04-28_CLE_ORL,2021-04-28,ORL,ORL_VUCEVIC_GORDON_A,DIRECT_ROSTER_CONTACT,Nikola Vucevic;Zeke Nnaji,Wendell Carter Jr.;Otto Porter Jr.;R.J. Hampton,EX02;EX03;EX04;EX07,DEADLINE_REVIEW,NOT_CALCULATED,observed date availability and incumbent transactions conditional; no new injury/event selected,12,14400,11,,Terrence Ross,Nikola Vucevic;Zeke Nnaji,0022000933
2021-04-28_DEN_NOP,2021-04-28,DEN,DEN_GORDON_A,DIRECT_ROSTER_CONTACT,Saddiq Bey,R.J. Hampton;Zeke Nnaji;Gary Harris,EX02;EX07,DEADLINE_REVIEW,NOT_CALCULATED,observed date availability and incumbent transactions conditional; no new injury/event selected,14,14401,9,Bol Bol;JaMychal Green;Markus Howard;Vlatko Cancar;Zeke Nnaji,,Saddiq Bey,0022000940
2021-04-28_DEN_NOP,2021-04-28,NOP,NOP_HAYES,DIRECT_ROSTER_CONTACT,Killian Hayes,Kira Lewis Jr.,EX07,DEADLINE_REVIEW,NOT_CALCULATED,observed date availability and incumbent transactions conditional; no new injury/event selected,13,14401,11,James Nunnally;Wes Iwundu,,Killian Hayes,0022000940
2021-04-28_MEM_POR,2021-04-28,MEM,INCUMBENT_CONDITIONAL,NO_DIRECT_DELTA_IDENTIFIED,,,EX07,DEADLINE_REVIEW,NOT_CALCULATED,observed date availability and incumbent transactions conditional; no new injury/event selected,15,14400,14,Jontay Porter,,,0022000939
2021-04-28_MEM_POR,2021-04-28,POR,POR_NO_POWELL_HOOD,DIRECT_ROSTER_CONTACT,Rodney Hood,Gary Trent Jr.;Norman Powell,EX05;EX07,DEADLINE_REVIEW,NOT_CALCULATED,observed date availability and incumbent transactions conditional; no new injury/event selected,14,14400,13,Derrick Jones Jr.,,Rodney Hood,0022000939
2021-04-28_MIA_SAS,2021-04-28,MIA,INCUMBENT_CONDITIONAL,NO_DIRECT_DELTA_IDENTIFIED,,,EX07,DEADLINE_REVIEW,NOT_CALCULATED,observed date availability and incumbent transactions conditional; no new injury/event selected,15,14400,9,KZ Okpala;Max Strus;Nemanja Bjelica;Precious Achiuwa;Udonis Haslem,Tyler Herro,,0022000938
2021-04-28_MIA_SAS,2021-04-28,SAS,INCUMBENT_CONDITIONAL,NO_DIRECT_DELTA_IDENTIFIED,,,EX07,DEADLINE_REVIEW,NOT_CALCULATED,observed date availability and incumbent transactions conditional; no new injury/event selected,13,14400,10,Keita Bates-Diop;Luka Samanic;Tre Jones,,,0022000938
2021-04-28_PHI_ATL,2021-04-28,PHI,INCUMBENT_CONDITIONAL,NO_DIRECT_DELTA_IDENTIFIED,,,EX07,DEADLINE_REVIEW,NOT_CALCULATED,observed date availability and incumbent transactions conditional; no new injury/event selected,15,14400,15,,,,0022000934
2021-04-28_PHI_ATL,2021-04-28,ATL,INCUMBENT_CONDITIONAL,NO_DIRECT_DELTA_IDENTIFIED,,,EX07,DEADLINE_REVIEW,NOT_CALCULATED,observed date availability and incumbent transactions conditional; no new injury/event selected,12,14400,11,,Bogdan Bogdanovic,,0022000934
2021-04-28_PHX_LAC,2021-04-28,PHX,INCUMBENT_CONDITIONAL,NO_DIRECT_DELTA_IDENTIFIED,,,EX07,DEADLINE_REVIEW,NOT_CALCULATED,observed date availability and incumbent transactions conditional; no new injury/event selected,15,14400,11,E'Twaun Moore;Langston Galloway,Dario Saric;Jae Crowder,,0022000941
2021-04-28_PHX_LAC,2021-04-28,LAC,INCUMBENT_CONDITIONAL,NO_DIRECT_DELTA_IDENTIFIED,,,EX07,DEADLINE_REVIEW,NOT_CALCULATED,observed date availability and incumbent transactions conditional; no new injury/event selected,13,14400,12,DeMarcus Cousins,,,0022000941
2021-04-28_SAC_UTA,2021-04-28,SAC,INCUMBENT_CONDITIONAL,NO_DIRECT_DELTA_IDENTIFIED,,,EX07,DEADLINE_REVIEW,NOT_CALCULATED,observed date availability and incumbent transactions conditional; no new injury/event selected,12,14400,11,Hassan Whiteside,,,0022000942
2021-04-28_SAC_UTA,2021-04-28,UTA,INCUMBENT_CONDITIONAL,NO_DIRECT_DELTA_IDENTIFIED,,,EX07,DEADLINE_REVIEW,NOT_CALCULATED,observed date availability and incumbent transactions conditional; no new injury/event selected,14,14400,14,,,,0022000942
2021-04-28_WAS_LAL,2021-04-28,WAS,WAS_TRENT_BROWN,DIRECT_ROSTER_CONTACT,Gary Trent Jr.;Troy Brown Jr.,Isaac Bonga;Chandler Hutchison,EX01;EX07,DEADLINE_REVIEW,NOT_CALCULATED,observed date availability and incumbent transactions conditional; no new injury/event selected,14,14400,13,Anthony Gill,,Gary Trent Jr.;Troy Brown Jr.,0022000935
2021-04-28_WAS_LAL,2021-04-28,LAL,LAL_AD_CORE,TRANSACTION_DEPENDENCY,,,EX06;EX07,DEADLINE_REVIEW,NOT_CALCULATED,observed date availability and incumbent transactions conditional; no new injury/event selected,14,14400,11,Marc Gasol;Wesley Matthews,Alex Caruso,,0022000935
2021-04-29_DEN_TOR,2021-04-29,DEN,DEN_GORDON_A,DIRECT_ROSTER_CONTACT,Saddiq Bey,R.J. Hampton;Zeke Nnaji;Gary Harris,EX02;EX07,DEADLINE_REVIEW,NOT_CALCULATED,observed date availability and incumbent transactions conditional; no new injury/event selected,14,14400,13,JaVale McGee,,Saddiq Bey,0022000948
2021-04-29_DEN_TOR,2021-04-29,TOR,TOR_POWELL,DIRECT_ROSTER_CONTACT,Norman Powell,Gary Trent Jr.;Rodney Hood,EX05;EX07,DEADLINE_REVIEW,NOT_CALCULATED,observed date availability and incumbent transactions conditional; no new injury/event selected,12,14400,11,Aron Baynes,,Norman Powell,0022000948
2021-04-29_DET_DAL,2021-04-29,DET,DET_PATRICK_KIRA,DIRECT_ROSTER_CONTACT,Patrick Williams;Kira Lewis Jr.,Saddiq Bey;Killian Hayes,EX07,DEADLINE_REVIEW,NOT_CALCULATED,observed date availability and incumbent transactions conditional; no new injury/event selected,11,14400,10,Deividas Sirvydis,,Patrick Williams;Kira Lewis Jr.,0022000943
2021-04-29_DET_DAL,2021-04-29,DAL,DAL_HAMPTON,DIRECT_ROSTER_CONTACT,R.J. Hampton,Tyrell Terry,EX07,DEADLINE_REVIEW,NOT_CALCULATED,observed date availability and incumbent transactions conditional; no new injury/event selected,15,14400,11,Nate Hinton;Nicolo Melli;Tyler Bey,Dorian Finney-Smith,R.J. Hampton,0022000943
2021-04-29_HOU_MIL,2021-04-29,HOU,INCUMBENT_CONDITIONAL,NO_DIRECT_DELTA_IDENTIFIED,,,EX07,DEADLINE_REVIEW,NOT_CALCULATED,observed date availability and incumbent transactions conditional; no new injury/event selected,12,14400,9,,Avery Bradley;D.J. Augustin;Danuel House Jr.,,0022000945
2021-04-29_HOU_MIL,2021-04-29,MIL,INCUMBENT_CONDITIONAL,NO_DIRECT_DELTA_IDENTIFIED,,,EX07,DEADLINE_REVIEW,NOT_CALCULATED,observed date availability and incumbent transactions conditional; no new injury/event selected,15,14400,11,Jordan Nwora;Justin Jackson;Mamadi Diakite;Sam Merrill,,,0022000945
2021-04-29_IND_BKN,2021-04-29,IND,INCUMBENT_CONDITIONAL,NO_DIRECT_DELTA_IDENTIFIED,,,EX07,DEADLINE_REVIEW,NOT_CALCULATED,observed date availability and incumbent transactions conditional; no new injury/event selected,12,14400,12,,,,0022000944
2021-04-29_IND_BKN,2021-04-29,BKN,INCUMBENT_CONDITIONAL,NO_DIRECT_DELTA_IDENTIFIED,,,EX07,DEADLINE_REVIEW,NOT_CALCULATED,observed date availability and incumbent transactions conditional; no new injury/event selected,12,14400,10,DeAndre Jordan,Chris Chiozza,,0022000944
2021-04-29_MIN_GSW,2021-04-29,MIN,MIN_RIVAL,DIRECT_ROSTER_CONTACT,Fictional Rival,Anthony Edwards,EX07,DEADLINE_REVIEW,NOT_CALCULATED,observed date availability and incumbent transactions conditional; no new injury/event selected,13,14400,10,Ed Davis;Jake Layman;Jaylen Nowell,,Fictional Rival,0022000946
2021-04-29_MIN_GSW,2021-04-29,GSW,GSW_WIGGINS_HUTCHISON_INACTIVE,TRANSACTION_DEPENDENCY,,,EX06;EX07,DEADLINE_REVIEW,NOT_CALCULATED,observed date availability and incumbent transactions conditional; no new injury/event selected,12,14400,8,Alen Smailagic;Nico Mannion,Eric Paschall;Kelly Oubre Jr.,,0022000946
2021-04-29_OKC_NOP,2021-04-29,OKC,INCUMBENT_CONDITIONAL,NO_DIRECT_DELTA_IDENTIFIED,,,EX07,DEADLINE_REVIEW,NOT_CALCULATED,observed date availability and incumbent transactions conditional; no new injury/event selected,14,14400,11,Jaylen Hoard;Kenrich Williams;Tony Bradley,,,0022000947
2021-04-29_OKC_NOP,2021-04-29,NOP,NOP_HAYES,DIRECT_ROSTER_CONTACT,Killian Hayes,Kira Lewis Jr.,EX07,DEADLINE_REVIEW,NOT_CALCULATED,observed date availability and incumbent transactions conditional; no new injury/event selected,12,14400,10,James Nunnally;Wes Iwundu,,Killian Hayes,0022000947
2021-04-30_BKN_POR,2021-04-30,BKN,INCUMBENT_CONDITIONAL,NO_DIRECT_DELTA_IDENTIFIED,,,EX07,DEADLINE_REVIEW,NOT_CALCULATED,observed date availability and incumbent transactions conditional; no new injury/event selected,12,14400,11,,Kevin Durant,,0022000952
2021-04-30_BKN_POR,2021-04-30,POR,POR_NO_POWELL_HOOD,DIRECT_ROSTER_CONTACT,Rodney Hood,Gary Trent Jr.;Norman Powell,EX05;EX07,DEADLINE_REVIEW,NOT_CALCULATED,observed date availability and incumbent transactions conditional; no new injury/event selected,15,14400,13,Derrick Jones Jr.;Rondae Hollis-Jefferson,,Rodney Hood,0022000952
2021-04-30_BOS_SAS,2021-04-30,BOS,BOS_FOURNIER_PATH,TRANSACTION_DEPENDENCY,,,EX01;EX03;EX04;EX07,DEADLINE_REVIEW,NOT_CALCULATED,observed date availability and incumbent transactions conditional; no new injury/event selected,15,15900,10,Carsen Edwards;Jabari Parker;Luke Kornet;Romeo Langford;Semi Ojeleye,,,0022000950
2021-04-30_BOS_SAS,2021-04-30,SAS,INCUMBENT_CONDITIONAL,NO_DIRECT_DELTA_IDENTIFIED,,,EX07,DEADLINE_REVIEW,NOT_CALCULATED,observed date availability and incumbent transactions conditional; no new injury/event selected,13,15901,9,Gorgui Dieng;Keita Bates-Diop;Luka Samanic;Tre Jones,,,0022000950
2021-04-30_CLE_WAS,2021-04-30,CLE,INCUMBENT_CONDITIONAL,NO_DIRECT_DELTA_IDENTIFIED,,,EX07,DEADLINE_REVIEW,NOT_CALCULATED,observed date availability and incumbent transactions conditional; no new injury/event selected,12,14402,11,,Isaiah Hartenstein,,0022000951
2021-04-30_CLE_WAS,2021-04-30,WAS,WAS_TRENT_BROWN,DIRECT_ROSTER_CONTACT,Gary Trent Jr.;Troy Brown Jr.,Isaac Bonga;Chandler Hutchison,EX01;EX07,DEADLINE_REVIEW,NOT_CALCULATED,observed date availability and incumbent transactions conditional; no new injury/event selected,14,14400,14,,,Gary Trent Jr.;Troy Brown Jr.,0022000951
2021-04-30_LAL_SAC,2021-04-30,LAL,LAL_AD_CORE,TRANSACTION_DEPENDENCY,,,EX06;EX07,DEADLINE_REVIEW,NOT_CALCULATED,observed date availability and incumbent transactions conditional; no new injury/event selected,14,14400,11,Alfonzo McKinnie;Devontae Cacok;Wesley Matthews,,,0022000956
2021-04-30_LAL_SAC,2021-04-30,SAC,INCUMBENT_CONDITIONAL,NO_DIRECT_DELTA_IDENTIFIED,,,EX07,DEADLINE_REVIEW,NOT_CALCULATED,observed date availability and incumbent transactions conditional; no new injury/event selected,12,14400,10,Hassan Whiteside;Jahmi'us Ramsey,,,0022000956
2021-04-30_MEM_ORL,2021-04-30,MEM,INCUMBENT_CONDITIONAL,NO_DIRECT_DELTA_IDENTIFIED,,,EX07,DEADLINE_REVIEW,NOT_CALCULATED,observed date availability and incumbent transactions conditional; no new injury/event selected,15,14400,14,Tim Frazier,,,0022000953
2021-04-30_MEM_ORL,2021-04-30,ORL,ORL_VUCEVIC_GORDON_A,DIRECT_ROSTER_CONTACT,Nikola Vucevic;Zeke Nnaji,Wendell Carter Jr.;Otto Porter Jr.;R.J. Hampton,EX02;EX03;EX04;EX07,DEADLINE_REVIEW,NOT_CALCULATED,observed date availability and incumbent transactions conditional; no new injury/event selected,12,14400,10,,Chuma Okeke;Terrence Ross,Nikola Vucevic;Zeke Nnaji,0022000953
2021-04-30_PHI_ATL,2021-04-30,PHI,INCUMBENT_CONDITIONAL,NO_DIRECT_DELTA_IDENTIFIED,,,EX07,DEADLINE_REVIEW,NOT_CALCULATED,observed date availability and incumbent transactions conditional; no new injury/event selected,15,14400,15,,,,0022000949
2021-04-30_PHI_ATL,2021-04-30,ATL,INCUMBENT_CONDITIONAL,NO_DIRECT_DELTA_IDENTIFIED,,,EX07,DEADLINE_REVIEW,NOT_CALCULATED,observed date availability and incumbent transactions conditional; no new injury/event selected,14,14400,13,,Bogdan Bogdanovic,,0022000949
2021-04-30_PHX_UTA,2021-04-30,PHX,INCUMBENT_CONDITIONAL,NO_DIRECT_DELTA_IDENTIFIED,,,EX07,DEADLINE_REVIEW,NOT_CALCULATED,observed date availability and incumbent transactions conditional; no new injury/event selected,15,14400,13,E'Twaun Moore,Jae Crowder,,0022000955
2021-04-30_PHX_UTA,2021-04-30,UTA,INCUMBENT_CONDITIONAL,NO_DIRECT_DELTA_IDENTIFIED,,,EX07,DEADLINE_REVIEW,NOT_CALCULATED,observed date availability and incumbent transactions conditional; no new injury/event selected,14,14400,14,,,,0022000955
2021-05-01_CHA_DET,2021-05-01,CHA,CHA_EDWARDS_TERRY,DIRECT_ROSTER_CONTACT,Anthony Edwards;Tyrell Terry,LaMelo Ball;Grant Riller,EX07,DEADLINE_REVIEW,NOT_CALCULATED,observed date availability and incumbent transactions conditional; no new injury/event selected,15,14401,9,Caleb Martin;Cody Zeller;Grant Riller;Nick Richards;Vernon Carey Jr.,Devonte' Graham,Anthony Edwards;Tyrell Terry,0022000957
2021-05-01_CHA_DET,2021-05-01,DET,DET_PATRICK_KIRA,DIRECT_ROSTER_CONTACT,Patrick Williams;Kira Lewis Jr.,Saddiq Bey;Killian Hayes,EX07,DEADLINE_REVIEW,NOT_CALCULATED,observed date availability and incumbent transactions conditional; no new injury/event selected,12,14400,9,,Cory Joseph;Hamidou Diallo;Wayne Ellington,Patrick Williams;Kira Lewis Jr.,0022000957
2021-05-01_CLE_MIA,2021-05-01,CLE,INCUMBENT_CONDITIONAL,NO_DIRECT_DELTA_IDENTIFIED,,,EX07,DEADLINE_REVIEW,NOT_CALCULATED,observed date availability and incumbent transactions conditional; no new injury/event selected,12,14400,9,Jeremiah Martin,Darius Garland;Isaiah Hartenstein,,0022000960
2021-05-01_CLE_MIA,2021-05-01,MIA,INCUMBENT_CONDITIONAL,NO_DIRECT_DELTA_IDENTIFIED,,,EX07,DEADLINE_REVIEW,NOT_CALCULATED,observed date availability and incumbent transactions conditional; no new injury/event selected,15,14400,12,,Nemanja Bjelica;Udonis Haslem,,0022000960
2021-05-01_HOU_GSW,2021-05-01,HOU,INCUMBENT_CONDITIONAL,NO_DIRECT_DELTA_IDENTIFIED,,,EX07,DEADLINE_REVIEW,NOT_CALCULATED,observed date availability and incumbent transactions conditional; no new injury/event selected,12,14400,9,,Avery Bradley;D.J. Augustin;Danuel House Jr.,,0022000958
2021-05-01_HOU_GSW,2021-05-01,GSW,GSW_WIGGINS_HUTCHISON_INACTIVE,TRANSACTION_DEPENDENCY,,,EX06;EX07,DEADLINE_REVIEW,NOT_CALCULATED,observed date availability and incumbent transactions conditional; no new injury/event selected,12,14400,10,,Eric Paschall;Kelly Oubre Jr.,,0022000958
2021-05-01_LAC_DEN,2021-05-01,LAC,INCUMBENT_CONDITIONAL,NO_DIRECT_DELTA_IDENTIFIED,,,EX07,DEADLINE_REVIEW,NOT_CALCULATED,observed date availability and incumbent transactions conditional; no new injury/event selected,13,14401,11,Daniel Oturu;Yogi Ferrell,,,0022000966
2021-05-01_LAC_DEN,2021-05-01,DEN,DEN_GORDON_A,DIRECT_ROSTER_CONTACT,Saddiq Bey,R.J. Hampton;Zeke Nnaji;Gary Harris,EX02;EX07,DEADLINE_REVIEW,NOT_CALCULATED,observed date availability and incumbent transactions conditional; no new injury/event selected,13,14401,9,Bol Bol;JaVale McGee;Markus Howard;Vlatko Cancar,,Saddiq Bey,0022000966
2021-05-01_MIN_NOP,2021-05-01,MIN,MIN_RIVAL,DIRECT_ROSTER_CONTACT,Fictional Rival,Anthony Edwards,EX07,DEADLINE_REVIEW,NOT_CALCULATED,observed date availability and incumbent transactions conditional; no new injury/event selected,13,15900,10,Ed Davis;Jake Layman;Jaylen Nowell,,Fictional Rival,0022000962
2021-05-01_MIN_NOP,2021-05-01,NOP,NOP_HAYES,DIRECT_ROSTER_CONTACT,Killian Hayes,Kira Lewis Jr.,EX07,DEADLINE_REVIEW,NOT_CALCULATED,observed date availability and incumbent transactions conditional; no new injury/event selected,12,15900,10,James Nunnally;Wes Iwundu,,Killian Hayes,0022000962
2021-05-01_OKC_IND,2021-05-01,OKC,INCUMBENT_CONDITIONAL,NO_DIRECT_DELTA_IDENTIFIED,,,EX07,DEADLINE_REVIEW,NOT_CALCULATED,observed date availability and incumbent transactions conditional; no new injury/event selected,12,14400,11,Ty Jerome,,,0022000963
2021-05-01_OKC_IND,2021-05-01,IND,INCUMBENT_CONDITIONAL,NO_DIRECT_DELTA_IDENTIFIED,,,EX07,DEADLINE_REVIEW,NOT_CALCULATED,observed date availability and incumbent transactions conditional; no new injury/event selected,12,14400,11,,Malcolm Brogdon,,0022000963
2021-05-01_ORL_MEM,2021-05-01,ORL,ORL_VUCEVIC_GORDON_A,DIRECT_ROSTER_CONTACT,Nikola Vucevic;Zeke Nnaji,Wendell Carter Jr.;Otto Porter Jr.;R.J. Hampton,EX02;EX03;EX04;EX07,DEADLINE_REVIEW,NOT_CALCULATED,observed date availability and incumbent transactions conditional; no new injury/event selected,12,14400,9,,Chuma Okeke;James Ennis III;Terrence Ross,Nikola Vucevic;Zeke Nnaji,0022000961
2021-05-01_ORL_MEM,2021-05-01,MEM,INCUMBENT_CONDITIONAL,NO_DIRECT_DELTA_IDENTIFIED,,,EX07,DEADLINE_REVIEW,NOT_CALCULATED,observed date availability and incumbent transactions conditional; no new injury/event selected,15,14400,10,Brandon Clarke;John Konchar;Jontay Porter;Killian Tillie;Sean McDermott,,,0022000961
2021-05-01_UTA_TOR,2021-05-01,UTA,INCUMBENT_CONDITIONAL,NO_DIRECT_DELTA_IDENTIFIED,,,EX07,DEADLINE_REVIEW,NOT_CALCULATED,observed date availability and incumbent transactions conditional; no new injury/event selected,14,14400,10,Elijah Hughes;Jarrell Brantley;Juwan Morgan;Miye Oni,,,0022000965
2021-05-01_UTA_TOR,2021-05-01,TOR,TOR_POWELL,DIRECT_ROSTER_CONTACT,Norman Powell,Gary Trent Jr.;Rodney Hood,EX05;EX07,DEADLINE_REVIEW,NOT_CALCULATED,observed date availability and incumbent transactions conditional; no new injury/event selected,12,14400,9,Aron Baynes;Rodney Hood;Stanley Johnson,,Norman Powell,0022000965
2021-05-02_BOS_POR,2021-05-02,BOS,BOS_FOURNIER_PATH,TRANSACTION_DEPENDENCY,,,EX01;EX03;EX04;EX07,DEADLINE_REVIEW,NOT_CALCULATED,observed date availability and incumbent transactions conditional; no new injury/event selected,15,14400,10,Carsen Edwards;Grant Williams;Jabari Parker;Luke Kornet;Semi Ojeleye,,,0022000968
2021-05-02_BOS_POR,2021-05-02,POR,POR_NO_POWELL_HOOD,DIRECT_ROSTER_CONTACT,Rodney Hood,Gary Trent Jr.;Norman Powell,EX05;EX07,DEADLINE_REVIEW,NOT_CALCULATED,observed date availability and incumbent transactions conditional; no new injury/event selected,15,14401,8,CJ Elleby;Derrick Jones Jr.;Harry Giles III;Keljin Blevins;Nassir Little;Rondae Hollis-Jefferson;T.J. Leaf,,Rodney Hood,0022000968
2021-05-02_CHA_MIA,2021-05-02,CHA,CHA_EDWARDS_TERRY,DIRECT_ROSTER_CONTACT,Anthony Edwards;Tyrell Terry,LaMelo Ball;Grant Riller,EX07,DEADLINE_REVIEW,NOT_CALCULATED,observed date availability and incumbent transactions conditional; no new injury/event selected,15,14400,13,Grant Riller;Nick Richards,,Anthony Edwards;Tyrell Terry,0022000969
2021-05-02_CHA_MIA,2021-05-02,MIA,INCUMBENT_CONDITIONAL,NO_DIRECT_DELTA_IDENTIFIED,,,EX07,DEADLINE_REVIEW,NOT_CALCULATED,observed date availability and incumbent transactions conditional; no new injury/event selected,15,14400,12,Nemanja Bjelica;Udonis Haslem,,,0022000969
2021-05-02_DAL_SAC,2021-05-02,DAL,DAL_HAMPTON,DIRECT_ROSTER_CONTACT,R.J. Hampton,Tyrell Terry,EX07,DEADLINE_REVIEW,NOT_CALCULATED,observed date availability and incumbent transactions conditional; no new injury/event selected,14,14400,12,Nate Hinton;Tyler Bey,,R.J. Hampton,0022000970
2021-05-02_DAL_SAC,2021-05-02,SAC,INCUMBENT_CONDITIONAL,NO_DIRECT_DELTA_IDENTIFIED,,,EX07,DEADLINE_REVIEW,NOT_CALCULATED,observed date availability and incumbent transactions conditional; no new injury/event selected,12,14400,10,Hassan Whiteside,Robert Woodard II,,0022000970
2021-05-02_HOU_NYK,2021-05-02,HOU,INCUMBENT_CONDITIONAL,NO_DIRECT_DELTA_IDENTIFIED,,,EX07,DEADLINE_REVIEW,NOT_CALCULATED,observed date availability and incumbent transactions conditional; no new injury/event selected,12,14400,9,,D.J. Augustin;D.J. Wilson;Danuel House Jr.,,0022000971
2021-05-02_HOU_NYK,2021-05-02,NYK,INCUMBENT_CONDITIONAL,NO_DIRECT_DELTA_IDENTIFIED,,,EX07,DEADLINE_REVIEW,NOT_CALCULATED,observed date availability and incumbent transactions conditional; no new injury/event selected,14,14400,14,,,,0022000971
2021-05-02_LAL_TOR,2021-05-02,LAL,LAL_AD_CORE,TRANSACTION_DEPENDENCY,,,EX06;EX07,DEADLINE_REVIEW,NOT_CALCULATED,observed date availability and incumbent transactions conditional; no new injury/event selected,14,14400,10,Alfonzo McKinnie;Devontae Cacok;Marc Gasol;Wesley Matthews,,,0022000974
2021-05-02_LAL_TOR,2021-05-02,TOR,TOR_POWELL,DIRECT_ROSTER_CONTACT,Norman Powell,Gary Trent Jr.;Rodney Hood,EX05;EX07,DEADLINE_REVIEW,NOT_CALCULATED,observed date availability and incumbent transactions conditional; no new injury/event selected,12,14400,10,Aron Baynes,O.G. Anunoby,Norman Powell,0022000974
2021-05-02_MIL_BKN,2021-05-02,MIL,INCUMBENT_CONDITIONAL,NO_DIRECT_DELTA_IDENTIFIED,,,EX07,DEADLINE_REVIEW,NOT_CALCULATED,observed date availability and incumbent transactions conditional; no new injury/event selected,15,14400,9,Jordan Nwora;Mamadi Diakite;Rodions Kurucs;Sam Merrill;Thanasis Antetokounmpo,Bobby Portis,,0022000967
2021-05-02_MIL_BKN,2021-05-02,BKN,INCUMBENT_CONDITIONAL,NO_DIRECT_DELTA_IDENTIFIED,,,EX07,DEADLINE_REVIEW,NOT_CALCULATED,observed date availability and incumbent transactions conditional; no new injury/event selected,14,14400,11,Nic Claxton;Reggie Perry;Timothe Luwawu-Cabarrot,,,0022000967
2021-05-02_OKC_PHX,2021-05-02,OKC,INCUMBENT_CONDITIONAL,NO_DIRECT_DELTA_IDENTIFIED,,,EX07,DEADLINE_REVIEW,NOT_CALCULATED,observed date availability and incumbent transactions conditional; no new injury/event selected,14,14400,11,Charlie Brown Jr.;Jaylen Hoard;Josh Hall,,,0022000972
2021-05-02_OKC_PHX,2021-05-02,PHX,INCUMBENT_CONDITIONAL,NO_DIRECT_DELTA_IDENTIFIED,,,EX07,DEADLINE_REVIEW,NOT_CALCULATED,observed date availability and incumbent transactions conditional; no new injury/event selected,15,14400,9,E'Twaun Moore;Jalen Smith;Langston Galloway;Ty-Shon Alexander,Cameron Payne;Jae Crowder,,0022000972
2021-05-02_SAS_PHI,2021-05-02,SAS,INCUMBENT_CONDITIONAL,NO_DIRECT_DELTA_IDENTIFIED,,,EX07,DEADLINE_REVIEW,NOT_CALCULATED,observed date availability and incumbent transactions conditional; no new injury/event selected,13,15900,10,Quinndary Weatherspoon,,,0022000973
2021-05-02_SAS_PHI,2021-05-02,PHI,INCUMBENT_CONDITIONAL,NO_DIRECT_DELTA_IDENTIFIED,,,EX07,DEADLINE_REVIEW,NOT_CALCULATED,observed date availability and incumbent transactions conditional; no new injury/event selected,15,15901,10,Anthony Tolliver;Isaiah Joe;Mike Scott;Paul Reed;Tyrese Maxey,,,0022000973
2021-05-03_ATL_POR,2021-05-03,ATL,INCUMBENT_CONDITIONAL,NO_DIRECT_DELTA_IDENTIFIED,,,EX07,DEADLINE_REVIEW,NOT_CALCULATED,observed date availability and incumbent transactions conditional; no new injury/event selected,15,14400,10,Brandon Goodwin;Bruno Fernando;Kris Dunn;Nathan Knight;Skylar Mays,,,0022000978
2021-05-03_ATL_POR,2021-05-03,POR,POR_NO_POWELL_HOOD,DIRECT_ROSTER_CONTACT,Rodney Hood,Gary Trent Jr.;Norman Powell,EX05;EX07,DEADLINE_REVIEW,NOT_CALCULATED,observed date availability and incumbent transactions conditional; no new injury/event selected,15,14400,14,Keljin Blevins,,Rodney Hood,0022000978
2021-05-03_DET_ORL,2021-05-03,DET,DET_PATRICK_KIRA,DIRECT_ROSTER_CONTACT,Patrick Williams;Kira Lewis Jr.,Saddiq Bey;Killian Hayes,EX07,DEADLINE_REVIEW,NOT_CALCULATED,observed date availability and incumbent transactions conditional; no new injury/event selected,12,14400,9,Deividas Sirvydis,Cory Joseph;Wayne Ellington,Patrick Williams;Kira Lewis Jr.,0022000975
2021-05-03_DET_ORL,2021-05-03,ORL,ORL_VUCEVIC_GORDON_A,DIRECT_ROSTER_CONTACT,Nikola Vucevic;Zeke Nnaji,Wendell Carter Jr.;Otto Porter Jr.;R.J. Hampton,EX02;EX03;EX04;EX07,DEADLINE_REVIEW,NOT_CALCULATED,observed date availability and incumbent transactions conditional; no new injury/event selected,12,14400,9,,,Nikola Vucevic;Zeke Nnaji,0022000975
2021-05-03_LAL_DEN,2021-05-03,LAL,LAL_AD_CORE,TRANSACTION_DEPENDENCY,,,EX06;EX07,DEADLINE_REVIEW,NOT_CALCULATED,observed date availability and incumbent transactions conditional; no new injury/event selected,14,14401,11,Alfonzo McKinnie;Devontae Cacok;Kostas Antetokounmpo,,,0022000982
2021-05-03_LAL_DEN,2021-05-03,DEN,DEN_GORDON_A,DIRECT_ROSTER_CONTACT,Saddiq Bey,R.J. Hampton;Zeke Nnaji;Gary Harris,EX02;EX07,DEADLINE_REVIEW,NOT_CALCULATED,observed date availability and incumbent transactions conditional; no new injury/event selected,13,14400,9,Bol Bol;Markus Howard;Paul Millsap;Vlatko Cancar,,Saddiq Bey,0022000982
2021-05-03_MEM_NYK,2021-05-03,MEM,INCUMBENT_CONDITIONAL,NO_DIRECT_DELTA_IDENTIFIED,,,EX07,DEADLINE_REVIEW,NOT_CALCULATED,observed date availability and incumbent transactions conditional; no new injury/event selected,15,14400,10,Brandon Clarke;John Konchar;Jontay Porter;Justise Winslow;Killian Tillie,,,0022000980
2021-05-03_MEM_NYK,2021-05-03,NYK,INCUMBENT_CONDITIONAL,NO_DIRECT_DELTA_IDENTIFIED,,,EX07,DEADLINE_REVIEW,NOT_CALCULATED,observed date availability and incumbent transactions conditional; no new injury/event selected,14,14400,10,Frank Ntilikina;Jared Harper;Kevin Knox II;Theo Pinson,,,0022000980
2021-05-03_NOP_GSW,2021-05-03,NOP,NOP_HAYES,DIRECT_ROSTER_CONTACT,Killian Hayes,Kira Lewis Jr.,EX07,DEADLINE_REVIEW,NOT_CALCULATED,observed date availability and incumbent transactions conditional; no new injury/event selected,12,14400,12,,,Killian Hayes,0022000977
2021-05-03_NOP_GSW,2021-05-03,GSW,GSW_WIGGINS_HUTCHISON_INACTIVE,TRANSACTION_DEPENDENCY,,,EX06;EX07,DEADLINE_REVIEW,NOT_CALCULATED,observed date availability and incumbent transactions conditional; no new injury/event selected,12,14400,10,,Eric Paschall;Kelly Oubre Jr.,,0022000977
2021-05-03_UTA_SAS,2021-05-03,UTA,INCUMBENT_CONDITIONAL,NO_DIRECT_DELTA_IDENTIFIED,,,EX07,DEADLINE_REVIEW,NOT_CALCULATED,observed date availability and incumbent transactions conditional; no new injury/event selected,14,14400,13,Ersan Ilyasova,,,0022000981
2021-05-03_UTA_SAS,2021-05-03,SAS,INCUMBENT_CONDITIONAL,NO_DIRECT_DELTA_IDENTIFIED,,,EX07,DEADLINE_REVIEW,NOT_CALCULATED,observed date availability and incumbent transactions conditional; no new injury/event selected,13,14400,13,,,,0022000981
2021-05-03_WAS_IND,2021-05-03,WAS,WAS_TRENT_BROWN,DIRECT_ROSTER_CONTACT,Gary Trent Jr.;Troy Brown Jr.,Isaac Bonga;Chandler Hutchison,EX01;EX07,DEADLINE_REVIEW,NOT_CALCULATED,observed date availability and incumbent transactions conditional; no new injury/event selected,14,14400,11,Anthony Gill;Garrison Mathews;Isaac Bonga,,Gary Trent Jr.;Troy Brown Jr.,0022000976
2021-05-03_WAS_IND,2021-05-03,IND,INCUMBENT_CONDITIONAL,NO_DIRECT_DELTA_IDENTIFIED,,,EX07,DEADLINE_REVIEW,NOT_CALCULATED,observed date availability and incumbent transactions conditional; no new injury/event selected,12,14400,9,Amida Brimah;Cassius Stanley,Malcolm Brogdon,,0022000976
2021-05-04_CLE_PHX,2021-05-04,CLE,INCUMBENT_CONDITIONAL,NO_DIRECT_DELTA_IDENTIFIED,,,EX07,DEADLINE_REVIEW,NOT_CALCULATED,observed date availability and incumbent transactions conditional; no new injury/event selected,12,15900,10,,Isaiah Hartenstein,,0022000983
2021-05-04_CLE_PHX,2021-05-04,PHX,INCUMBENT_CONDITIONAL,NO_DIRECT_DELTA_IDENTIFIED,,,EX07,DEADLINE_REVIEW,NOT_CALCULATED,observed date availability and incumbent transactions conditional; no new injury/event selected,15,15900,12,E'Twaun Moore;Langston Galloway,Jae Crowder,,0022000983
2021-05-04_LAC_TOR,2021-05-04,LAC,INCUMBENT_CONDITIONAL,NO_DIRECT_DELTA_IDENTIFIED,,,EX07,DEADLINE_REVIEW,NOT_CALCULATED,observed date availability and incumbent transactions conditional; no new injury/event selected,14,14400,10,Daniel Oturu;Luke Kennard;Patrick Patterson;Yogi Ferrell,,,0022000989
2021-05-04_LAC_TOR,2021-05-04,TOR,TOR_POWELL,DIRECT_ROSTER_CONTACT,Norman Powell,Gary Trent Jr.;Rodney Hood,EX05;EX07,DEADLINE_REVIEW,NOT_CALCULATED,observed date availability and incumbent transactions conditional; no new injury/event selected,12,14399,10,Aron Baynes,Kyle Lowry,Norman Powell,0022000989
2021-05-04_MIA_DAL,2021-05-04,MIA,INCUMBENT_CONDITIONAL,NO_DIRECT_DELTA_IDENTIFIED,,,EX07,DEADLINE_REVIEW,NOT_CALCULATED,observed date availability and incumbent transactions conditional; no new injury/event selected,15,14400,11,Nemanja Bjelica;Udonis Haslem,Tyler Herro,,0022000986
2021-05-04_MIA_DAL,2021-05-04,DAL,DAL_HAMPTON,DIRECT_ROSTER_CONTACT,R.J. Hampton,Tyrell Terry,EX07,DEADLINE_REVIEW,NOT_CALCULATED,observed date availability and incumbent transactions conditional; no new injury/event selected,15,14400,13,Boban Marjanovic,Maxi Kleber,R.J. Hampton,0022000986
2021-05-04_MIL_BKN,2021-05-04,MIL,INCUMBENT_CONDITIONAL,NO_DIRECT_DELTA_IDENTIFIED,,,EX07,DEADLINE_REVIEW,NOT_CALCULATED,observed date availability and incumbent transactions conditional; no new injury/event selected,14,14400,10,Jordan Nwora;Mamadi Diakite;Rodions Kurucs;Sam Merrill,,,0022000985
2021-05-04_MIL_BKN,2021-05-04,BKN,INCUMBENT_CONDITIONAL,NO_DIRECT_DELTA_IDENTIFIED,,,EX07,DEADLINE_REVIEW,NOT_CALCULATED,observed date availability and incumbent transactions conditional; no new injury/event selected,14,14399,10,Alize Johnson;Reggie Perry;Timothe Luwawu-Cabarrot;Tyler Johnson,,,0022000985
2021-05-04_NOP_GSW,2021-05-04,NOP,NOP_HAYES,DIRECT_ROSTER_CONTACT,Killian Hayes,Kira Lewis Jr.,EX07,DEADLINE_REVIEW,NOT_CALCULATED,observed date availability and incumbent transactions conditional; no new injury/event selected,13,14400,10,Wenyen Gabriel;Wes Iwundu;Willy Hernangomez,,Killian Hayes,0022000987
2021-05-04_NOP_GSW,2021-05-04,GSW,GSW_WIGGINS_HUTCHISON_INACTIVE,TRANSACTION_DEPENDENCY,,,EX06;EX07,DEADLINE_REVIEW,NOT_CALCULATED,observed date availability and incumbent transactions conditional; no new injury/event selected,12,14399,8,Alen Smailagic;Nico Mannion,Eric Paschall;Kelly Oubre Jr.,,0022000987
2021-05-04_OKC_SAC,2021-05-04,OKC,INCUMBENT_CONDITIONAL,NO_DIRECT_DELTA_IDENTIFIED,,,EX07,DEADLINE_REVIEW,NOT_CALCULATED,observed date availability and incumbent transactions conditional; no new injury/event selected,13,14399,10,Charlie Brown Jr.;Kenrich Williams;Tony Bradley,,,0022000988
2021-05-04_OKC_SAC,2021-05-04,SAC,INCUMBENT_CONDITIONAL,NO_DIRECT_DELTA_IDENTIFIED,,,EX07,DEADLINE_REVIEW,NOT_CALCULATED,observed date availability and incumbent transactions conditional; no new injury/event selected,12,14400,10,Hassan Whiteside,Robert Woodard II,,0022000988
2021-05-05_ATL_PHX,2021-05-05,ATL,INCUMBENT_CONDITIONAL,NO_DIRECT_DELTA_IDENTIFIED,,,EX07,DEADLINE_REVIEW,NOT_CALCULATED,observed date availability and incumbent transactions conditional; no new injury/event selected,15,14400,15,,,,0022000992
2021-05-05_ATL_PHX,2021-05-05,PHX,INCUMBENT_CONDITIONAL,NO_DIRECT_DELTA_IDENTIFIED,,,EX07,DEADLINE_REVIEW,NOT_CALCULATED,observed date availability and incumbent transactions conditional; no new injury/event selected,15,14400,14,,Jae Crowder,,0022000992
2021-05-05_CLE_POR,2021-05-05,CLE,INCUMBENT_CONDITIONAL,NO_DIRECT_DELTA_IDENTIFIED,,,EX07,DEADLINE_REVIEW,NOT_CALCULATED,observed date availability and incumbent transactions conditional; no new injury/event selected,12,14400,12,,,,0022000991
2021-05-05_CLE_POR,2021-05-05,POR,POR_NO_POWELL_HOOD,DIRECT_ROSTER_CONTACT,Rodney Hood,Gary Trent Jr.;Norman Powell,EX05;EX07,DEADLINE_REVIEW,NOT_CALCULATED,observed date availability and incumbent transactions conditional; no new injury/event selected,15,14400,14,,Norman Powell,Rodney Hood,0022000991
2021-05-05_DEN_NYK,2021-05-05,DEN,DEN_GORDON_A,DIRECT_ROSTER_CONTACT,Saddiq Bey,R.J. Hampton;Zeke Nnaji;Gary Harris,EX02;EX07,DEADLINE_REVIEW,NOT_CALCULATED,observed date availability and incumbent transactions conditional; no new injury/event selected,12,14400,12,,,Saddiq Bey,0022000995
2021-05-05_DEN_NYK,2021-05-05,NYK,INCUMBENT_CONDITIONAL,NO_DIRECT_DELTA_IDENTIFIED,,,EX07,DEADLINE_REVIEW,NOT_CALCULATED,observed date availability and incumbent transactions conditional; no new injury/event selected,15,14400,15,,,,0022000995
2021-05-05_HOU_PHI,2021-05-05,HOU,INCUMBENT_CONDITIONAL,NO_DIRECT_DELTA_IDENTIFIED,,,EX07,DEADLINE_REVIEW,NOT_CALCULATED,observed date availability and incumbent transactions conditional; no new injury/event selected,12,14400,7,D.J. Augustin,Christian Wood;D.J. Wilson;Danuel House Jr.;Jae'Sean Tate,,0022000994
2021-05-05_HOU_PHI,2021-05-05,PHI,INCUMBENT_CONDITIONAL,NO_DIRECT_DELTA_IDENTIFIED,,,EX07,DEADLINE_REVIEW,NOT_CALCULATED,observed date availability and incumbent transactions conditional; no new injury/event selected,15,14400,14,,Furkan Korkmaz,,0022000994
2021-05-05_IND_SAC,2021-05-05,IND,INCUMBENT_CONDITIONAL,NO_DIRECT_DELTA_IDENTIFIED,,,EX07,DEADLINE_REVIEW,NOT_CALCULATED,observed date availability and incumbent transactions conditional; no new injury/event selected,12,14400,11,,Edmond Sumner,,0022000993
2021-05-05_IND_SAC,2021-05-05,SAC,INCUMBENT_CONDITIONAL,NO_DIRECT_DELTA_IDENTIFIED,,,EX07,DEADLINE_REVIEW,NOT_CALCULATED,observed date availability and incumbent transactions conditional; no new injury/event selected,12,14401,11,Hassan Whiteside,,,0022000993
2021-05-05_MIN_MEM,2021-05-05,MIN,MIN_RIVAL,DIRECT_ROSTER_CONTACT,Fictional Rival,Anthony Edwards,EX07,DEADLINE_REVIEW,NOT_CALCULATED,observed date availability and incumbent transactions conditional; no new injury/event selected,13,14401,9,Ed Davis;Jake Layman;Jaylen Nowell;Jordan McLaughlin,,Fictional Rival,0022000183
2021-05-05_MIN_MEM,2021-05-05,MEM,INCUMBENT_CONDITIONAL,NO_DIRECT_DELTA_IDENTIFIED,,,EX07,DEADLINE_REVIEW,NOT_CALCULATED,observed date availability and incumbent transactions conditional; no new injury/event selected,15,14400,10,John Konchar;Jontay Porter;Justise Winslow;Killian Tillie;Tim Frazier,,,0022000183
2021-05-05_ORL_BOS,2021-05-05,ORL,ORL_VUCEVIC_GORDON_A,DIRECT_ROSTER_CONTACT,Nikola Vucevic;Zeke Nnaji,Wendell Carter Jr.;Otto Porter Jr.;R.J. Hampton,EX02;EX03;EX04;EX07,DEADLINE_REVIEW,NOT_CALCULATED,observed date availability and incumbent transactions conditional; no new injury/event selected,12,14400,9,,James Ennis III;Terrence Ross;Wendell Carter Jr.,Nikola Vucevic;Zeke Nnaji,0022000990
2021-05-05_ORL_BOS,2021-05-05,BOS,BOS_FOURNIER_PATH,TRANSACTION_DEPENDENCY,,,EX01;EX03;EX04;EX07,DEADLINE_REVIEW,NOT_CALCULATED,observed date availability and incumbent transactions conditional; no new injury/event selected,14,14400,14,,,,0022000990
2021-05-05_UTA_SAS,2021-05-05,UTA,INCUMBENT_CONDITIONAL,NO_DIRECT_DELTA_IDENTIFIED,,,EX07,DEADLINE_REVIEW,NOT_CALCULATED,observed date availability and incumbent transactions conditional; no new injury/event selected,14,14400,14,,,,0022000996
2021-05-05_UTA_SAS,2021-05-05,SAS,INCUMBENT_CONDITIONAL,NO_DIRECT_DELTA_IDENTIFIED,,,EX07,DEADLINE_REVIEW,NOT_CALCULATED,observed date availability and incumbent transactions conditional; no new injury/event selected,13,14400,13,,,,0022000996
2021-05-06_DAL_BKN,2021-05-06,DAL,DAL_HAMPTON,DIRECT_ROSTER_CONTACT,R.J. Hampton,Tyrell Terry,EX07,DEADLINE_REVIEW,NOT_CALCULATED,observed date availability and incumbent transactions conditional; no new injury/event selected,15,14400,10,Boban Marjanovic;JJ Redick;Nate Hinton;Tyler Bey,Maxi Kleber,R.J. Hampton,0022000998
2021-05-06_DAL_BKN,2021-05-06,BKN,INCUMBENT_CONDITIONAL,NO_DIRECT_DELTA_IDENTIFIED,,,EX07,DEADLINE_REVIEW,NOT_CALCULATED,observed date availability and incumbent transactions conditional; no new injury/event selected,14,14400,9,Alize Johnson;DeAndre Jordan;Reggie Perry;Timothe Luwawu-Cabarrot;Tyler Johnson,,,0022000998
2021-05-06_DET_MEM,2021-05-06,DET,DET_PATRICK_KIRA,DIRECT_ROSTER_CONTACT,Patrick Williams;Kira Lewis Jr.,Saddiq Bey;Killian Hayes,EX07,DEADLINE_REVIEW,NOT_CALCULATED,observed date availability and incumbent transactions conditional; no new injury/event selected,12,14400,9,Deividas Sirvydis,Jerami Grant;Rodney McGruder,Patrick Williams;Kira Lewis Jr.,0022000999
2021-05-06_DET_MEM,2021-05-06,MEM,INCUMBENT_CONDITIONAL,NO_DIRECT_DELTA_IDENTIFIED,,,EX07,DEADLINE_REVIEW,NOT_CALCULATED,observed date availability and incumbent transactions conditional; no new injury/event selected,14,14400,10,Jontay Porter;Justise Winslow;Killian Tillie;Tim Frazier,,,0022000999
2021-05-06_GSW_OKC,2021-05-06,GSW,GSW_WIGGINS_HUTCHISON_INACTIVE,TRANSACTION_DEPENDENCY,,,EX06;EX07,DEADLINE_REVIEW,NOT_CALCULATED,observed date availability and incumbent transactions conditional; no new injury/event selected,12,14400,10,,Eric Paschall;Kelly Oubre Jr.,,0022001001
2021-05-06_GSW_OKC,2021-05-06,OKC,INCUMBENT_CONDITIONAL,NO_DIRECT_DELTA_IDENTIFIED,,,EX07,DEADLINE_REVIEW,NOT_CALCULATED,observed date availability and incumbent transactions conditional; no new injury/event selected,13,14400,11,Kenrich Williams;Svi Mykhailiuk,,,0022001001
2021-05-06_IND_ATL,2021-05-06,IND,INCUMBENT_CONDITIONAL,NO_DIRECT_DELTA_IDENTIFIED,,,EX07,DEADLINE_REVIEW,NOT_CALCULATED,observed date availability and incumbent transactions conditional; no new injury/event selected,12,14400,9,Amida Brimah;Cassius Stanley,Edmond Sumner,,0022001000
2021-05-06_IND_ATL,2021-05-06,ATL,INCUMBENT_CONDITIONAL,NO_DIRECT_DELTA_IDENTIFIED,,,EX07,DEADLINE_REVIEW,NOT_CALCULATED,observed date availability and incumbent transactions conditional; no new injury/event selected,15,14400,10,Brandon Goodwin;Bruno Fernando;Kris Dunn;Nathan Knight;Skylar Mays,,,0022001000
2021-05-06_LAC_LAL,2021-05-06,LAC,INCUMBENT_CONDITIONAL,NO_DIRECT_DELTA_IDENTIFIED,,,EX07,DEADLINE_REVIEW,NOT_CALCULATED,observed date availability and incumbent transactions conditional; no new injury/event selected,14,14400,13,Patrick Patterson,,,0022001002
2021-05-06_LAC_LAL,2021-05-06,LAL,LAL_AD_CORE,TRANSACTION_DEPENDENCY,,,EX06;EX07,DEADLINE_REVIEW,NOT_CALCULATED,observed date availability and incumbent transactions conditional; no new injury/event selected,13,14400,13,,,,0022001002
2021-05-07_CHA_ORL,2021-05-07,CHA,CHA_EDWARDS_TERRY,DIRECT_ROSTER_CONTACT,Anthony Edwards;Tyrell Terry,LaMelo Ball;Grant Riller,EX07,DEADLINE_REVIEW,NOT_CALCULATED,observed date availability and incumbent transactions conditional; no new injury/event selected,13,14400,9,Grant Riller;Nate Darling;Nick Richards;Vernon Carey Jr.,,Anthony Edwards;Tyrell Terry,0022001004
2021-05-07_CHA_ORL,2021-05-07,ORL,ORL_VUCEVIC_GORDON_A,DIRECT_ROSTER_CONTACT,Nikola Vucevic;Zeke Nnaji,Wendell Carter Jr.;Otto Porter Jr.;R.J. Hampton,EX02;EX03;EX04;EX07,DEADLINE_REVIEW,NOT_CALCULATED,observed date availability and incumbent transactions conditional; no new injury/event selected,12,14400,9,,Chuma Okeke;Terrence Ross;Wendell Carter Jr.,Nikola Vucevic;Zeke Nnaji,0022001004
2021-05-07_DAL_CLE,2021-05-07,DAL,DAL_HAMPTON,DIRECT_ROSTER_CONTACT,R.J. Hampton,Tyrell Terry,EX07,DEADLINE_REVIEW,NOT_CALCULATED,observed date availability and incumbent transactions conditional; no new injury/event selected,15,14400,12,Nicolo Melli,JJ Redick;Maxi Kleber,R.J. Hampton,0022001007
2021-05-07_DAL_CLE,2021-05-07,CLE,INCUMBENT_CONDITIONAL,NO_DIRECT_DELTA_IDENTIFIED,,,EX07,DEADLINE_REVIEW,NOT_CALCULATED,observed date availability and incumbent transactions conditional; no new injury/event selected,12,14400,11,,Kevin Love,,0022001007
2021-05-07_MIA_MIN,2021-05-07,MIA,INCUMBENT_CONDITIONAL,NO_DIRECT_DELTA_IDENTIFIED,,,EX07,DEADLINE_REVIEW,NOT_CALCULATED,observed date availability and incumbent transactions conditional; no new injury/event selected,15,14400,9,Gabe Vincent;KZ Okpala;Max Strus;Nemanja Bjelica;Precious Achiuwa;Udonis Haslem,,,0022001005
2021-05-07_MIA_MIN,2021-05-07,MIN,MIN_RIVAL,DIRECT_ROSTER_CONTACT,Fictional Rival,Anthony Edwards,EX07,DEADLINE_REVIEW,NOT_CALCULATED,observed date availability and incumbent transactions conditional; no new injury/event selected,12,14400,10,Ed Davis;Jake Layman,,Fictional Rival,0022001005
2021-05-07_MIL_HOU,2021-05-07,MIL,INCUMBENT_CONDITIONAL,NO_DIRECT_DELTA_IDENTIFIED,,,EX07,DEADLINE_REVIEW,NOT_CALCULATED,observed date availability and incumbent transactions conditional; no new injury/event selected,15,14400,10,Jordan Nwora;Mamadi Diakite;Rodions Kurucs;Sam Merrill;Thanasis Antetokounmpo,,,0022001006
2021-05-07_MIL_HOU,2021-05-07,HOU,INCUMBENT_CONDITIONAL,NO_DIRECT_DELTA_IDENTIFIED,,,EX07,DEADLINE_REVIEW,NOT_CALCULATED,observed date availability and incumbent transactions conditional; no new injury/event selected,12,14400,8,,Christian Wood;Jae'Sean Tate;John Wall;Kevin Porter Jr.,,0022001006
2021-05-07_PHI_NOP,2021-05-07,PHI,INCUMBENT_CONDITIONAL,NO_DIRECT_DELTA_IDENTIFIED,,,EX07,DEADLINE_REVIEW,NOT_CALCULATED,observed date availability and incumbent transactions conditional; no new injury/event selected,15,14400,10,Anthony Tolliver;Isaiah Joe;Paul Reed;Rayjon Tucker;Tyrese Maxey,,,0022001003
2021-05-07_PHI_NOP,2021-05-07,NOP,NOP_HAYES,DIRECT_ROSTER_CONTACT,Killian Hayes,Kira Lewis Jr.,EX07,DEADLINE_REVIEW,NOT_CALCULATED,observed date availability and incumbent transactions conditional; no new injury/event selected,12,14401,9,Didi Louzada;James Nunnally,Nickeil Alexander-Walker,Killian Hayes,0022001003
2021-05-07_PHX_NYK,2021-05-07,PHX,INCUMBENT_CONDITIONAL,NO_DIRECT_DELTA_IDENTIFIED,,,EX07,DEADLINE_REVIEW,NOT_CALCULATED,observed date availability and incumbent transactions conditional; no new injury/event selected,14,14401,12,E'Twaun Moore;Jalen Smith,,,0022001009
2021-05-07_PHX_NYK,2021-05-07,NYK,INCUMBENT_CONDITIONAL,NO_DIRECT_DELTA_IDENTIFIED,,,EX07,DEADLINE_REVIEW,NOT_CALCULATED,observed date availability and incumbent transactions conditional; no new injury/event selected,13,14400,12,Theo Pinson,,,0022001009
2021-05-07_POR_LAL,2021-05-07,POR,POR_NO_POWELL_HOOD,DIRECT_ROSTER_CONTACT,Rodney Hood,Gary Trent Jr.;Norman Powell,EX05;EX07,DEADLINE_REVIEW,NOT_CALCULATED,observed date availability and incumbent transactions conditional; no new injury/event selected,14,14401,9,CJ Elleby;Derrick Jones Jr.;Harry Giles III;Keljin Blevins;Nassir Little,,Rodney Hood,0022001010
2021-05-07_POR_LAL,2021-05-07,LAL,LAL_AD_CORE,TRANSACTION_DEPENDENCY,,,EX06;EX07,DEADLINE_REVIEW,NOT_CALCULATED,observed date availability and incumbent transactions conditional; no new injury/event selected,13,14400,9,Alfonzo McKinnie;Devontae Cacok;Kostas Antetokounmpo;Montrezl Harrell,,,0022001010
2021-05-07_SAC_SAS,2021-05-07,SAC,INCUMBENT_CONDITIONAL,NO_DIRECT_DELTA_IDENTIFIED,,,EX07,DEADLINE_REVIEW,NOT_CALCULATED,observed date availability and incumbent transactions conditional; no new injury/event selected,13,14400,10,Hassan Whiteside;Jahmi'us Ramsey;Louis King,,,0022001011
2021-05-07_SAC_SAS,2021-05-07,SAS,INCUMBENT_CONDITIONAL,NO_DIRECT_DELTA_IDENTIFIED,,,EX07,DEADLINE_REVIEW,NOT_CALCULATED,observed date availability and incumbent transactions conditional; no new injury/event selected,14,14400,9,Gorgui Dieng;Keita Bates-Diop;Luka Samanic;Quinndary Weatherspoon;Tre Jones,,,0022001011
2021-05-07_UTA_DEN,2021-05-07,UTA,INCUMBENT_CONDITIONAL,NO_DIRECT_DELTA_IDENTIFIED,,,EX07,DEADLINE_REVIEW,NOT_CALCULATED,observed date availability and incumbent transactions conditional; no new injury/event selected,14,14400,10,Elijah Hughes;Jarrell Brantley;Matt Thomas;Udoka Azubuike,,,0022001008
2021-05-07_UTA_DEN,2021-05-07,DEN,DEN_GORDON_A,DIRECT_ROSTER_CONTACT,Saddiq Bey,R.J. Hampton;Zeke Nnaji;Gary Harris,EX02;EX07,DEADLINE_REVIEW,NOT_CALCULATED,observed date availability and incumbent transactions conditional; no new injury/event selected,12,14400,9,Bol Bol;Markus Howard;Vlatko Cancar,,Saddiq Bey,0022001008
2021-05-08_DEN_BKN,2021-05-08,DEN,DEN_GORDON_A,DIRECT_ROSTER_CONTACT,Saddiq Bey,R.J. Hampton;Zeke Nnaji;Gary Harris,EX02;EX07,DEADLINE_REVIEW,NOT_CALCULATED,observed date availability and incumbent transactions conditional; no new injury/event selected,12,14401,10,Paul Millsap;Zeke Nnaji,,Saddiq Bey,0022001015
2021-05-08_DEN_BKN,2021-05-08,BKN,INCUMBENT_CONDITIONAL,NO_DIRECT_DELTA_IDENTIFIED,,,EX07,DEADLINE_REVIEW,NOT_CALCULATED,observed date availability and incumbent transactions conditional; no new injury/event selected,14,14400,10,Alize Johnson;Reggie Perry;Timothe Luwawu-Cabarrot;Tyler Johnson,,,0022001015
2021-05-08_GSW_OKC,2021-05-08,GSW,GSW_WIGGINS_HUTCHISON_INACTIVE,TRANSACTION_DEPENDENCY,,,EX06;EX07,DEADLINE_REVIEW,NOT_CALCULATED,observed date availability and incumbent transactions conditional; no new injury/event selected,12,14400,10,,Eric Paschall;Kelly Oubre Jr.,,0022001017
2021-05-08_GSW_OKC,2021-05-08,OKC,INCUMBENT_CONDITIONAL,NO_DIRECT_DELTA_IDENTIFIED,,,EX07,DEADLINE_REVIEW,NOT_CALCULATED,observed date availability and incumbent transactions conditional; no new injury/event selected,12,14400,11,Tony Bradley,,,0022001017
2021-05-08_PHI_DET,2021-05-08,PHI,INCUMBENT_CONDITIONAL,NO_DIRECT_DELTA_IDENTIFIED,,,EX07,DEADLINE_REVIEW,NOT_CALCULATED,observed date availability and incumbent transactions conditional; no new injury/event selected,13,14400,12,Anthony Tolliver,,,0022001013
2021-05-08_PHI_DET,2021-05-08,DET,DET_PATRICK_KIRA,DIRECT_ROSTER_CONTACT,Patrick Williams;Kira Lewis Jr.,Saddiq Bey;Killian Hayes,EX07,DEADLINE_REVIEW,NOT_CALCULATED,observed date availability and incumbent transactions conditional; no new injury/event selected,13,14400,13,,,Patrick Williams;Kira Lewis Jr.,0022001013
2021-05-08_POR_SAS,2021-05-08,POR,POR_NO_POWELL_HOOD,DIRECT_ROSTER_CONTACT,Rodney Hood,Gary Trent Jr.;Norman Powell,EX05;EX07,DEADLINE_REVIEW,NOT_CALCULATED,observed date availability and incumbent transactions conditional; no new injury/event selected,14,14400,13,Derrick Jones Jr.,,Rodney Hood,0022001018
2021-05-08_POR_SAS,2021-05-08,SAS,INCUMBENT_CONDITIONAL,NO_DIRECT_DELTA_IDENTIFIED,,,EX07,DEADLINE_REVIEW,NOT_CALCULATED,observed date availability and incumbent transactions conditional; no new injury/event selected,14,14400,14,,,,0022001018
2021-05-08_TOR_MEM,2021-05-08,TOR,TOR_POWELL,DIRECT_ROSTER_CONTACT,Norman Powell,Gary Trent Jr.;Rodney Hood,EX05;EX07,DEADLINE_REVIEW,NOT_CALCULATED,observed date availability and incumbent transactions conditional; no new injury/event selected,12,14400,10,,Aron Baynes;Paul Watson,Norman Powell,0022001014
2021-05-08_TOR_MEM,2021-05-08,MEM,INCUMBENT_CONDITIONAL,NO_DIRECT_DELTA_IDENTIFIED,,,EX07,DEADLINE_REVIEW,NOT_CALCULATED,observed date availability and incumbent transactions conditional; no new injury/event selected,15,14400,10,Jontay Porter;Justise Winslow;Killian Tillie;Tim Frazier;Xavier Tillman,,,0022001014
2021-05-08_UTA_HOU,2021-05-08,UTA,INCUMBENT_CONDITIONAL,NO_DIRECT_DELTA_IDENTIFIED,,,EX07,DEADLINE_REVIEW,NOT_CALCULATED,observed date availability and incumbent transactions conditional; no new injury/event selected,14,14400,10,Elijah Hughes;Ersan Ilyasova;Jarrell Brantley;Udoka Azubuike,,,0022001016
2021-05-08_UTA_HOU,2021-05-08,HOU,INCUMBENT_CONDITIONAL,NO_DIRECT_DELTA_IDENTIFIED,,,EX07,DEADLINE_REVIEW,NOT_CALCULATED,observed date availability and incumbent transactions conditional; no new injury/event selected,12,14400,8,,Christian Wood;Kelly Olynyk;Kevin Porter Jr.,,0022001016
2021-05-09_BOS_MIA,2021-05-09,BOS,BOS_FOURNIER_PATH,TRANSACTION_DEPENDENCY,,,EX01;EX03;EX04;EX07,DEADLINE_REVIEW,NOT_CALCULATED,observed date availability and incumbent transactions conditional; no new injury/event selected,15,14400,11,Jabari Parker;Romeo Langford;Semi Ojeleye;Tremont Waters,,,0022000145
2021-05-09_BOS_MIA,2021-05-09,MIA,INCUMBENT_CONDITIONAL,NO_DIRECT_DELTA_IDENTIFIED,,,EX07,DEADLINE_REVIEW,NOT_CALCULATED,observed date availability and incumbent transactions conditional; no new injury/event selected,15,14400,9,Gabe Vincent;KZ Okpala;Max Strus;Nemanja Bjelica;Precious Achiuwa;Udonis Haslem,,,0022000145
2021-05-09_CLE_DAL,2021-05-09,CLE,INCUMBENT_CONDITIONAL,NO_DIRECT_DELTA_IDENTIFIED,,,EX07,DEADLINE_REVIEW,NOT_CALCULATED,observed date availability and incumbent transactions conditional; no new injury/event selected,12,14400,10,,Cedi Osman;Isaiah Hartenstein,,0022001021
2021-05-09_CLE_DAL,2021-05-09,DAL,DAL_HAMPTON,DIRECT_ROSTER_CONTACT,R.J. Hampton,Tyrell Terry,EX07,DEADLINE_REVIEW,NOT_CALCULATED,observed date availability and incumbent transactions conditional; no new injury/event selected,15,14400,14,,Maxi Kleber,R.J. Hampton,0022001021
2021-05-09_LAC_NYK,2021-05-09,LAC,INCUMBENT_CONDITIONAL,NO_DIRECT_DELTA_IDENTIFIED,,,EX07,DEADLINE_REVIEW,NOT_CALCULATED,observed date availability and incumbent transactions conditional; no new injury/event selected,15,14400,9,Daniel Oturu;Jay Scrubb;Luke Kennard;Patrick Patterson;Terance Mann;Yogi Ferrell,,,0022001019
2021-05-09_LAC_NYK,2021-05-09,NYK,INCUMBENT_CONDITIONAL,NO_DIRECT_DELTA_IDENTIFIED,,,EX07,DEADLINE_REVIEW,NOT_CALCULATED,observed date availability and incumbent transactions conditional; no new injury/event selected,13,14400,9,Jared Harper;Kevin Knox II;Norvel Pelle;Theo Pinson,,,0022001019
2021-05-09_LAL_PHX,2021-05-09,LAL,LAL_AD_CORE,TRANSACTION_DEPENDENCY,,,EX06;EX07,DEADLINE_REVIEW,NOT_CALCULATED,observed date availability and incumbent transactions conditional; no new injury/event selected,14,14400,10,Devontae Cacok;Kostas Antetokounmpo;Markieff Morris,Kyle Kuzma,,0022001024
2021-05-09_LAL_PHX,2021-05-09,PHX,INCUMBENT_CONDITIONAL,NO_DIRECT_DELTA_IDENTIFIED,,,EX07,DEADLINE_REVIEW,NOT_CALCULATED,observed date availability and incumbent transactions conditional; no new injury/event selected,14,14399,10,E'Twaun Moore;Jalen Smith;Langston Galloway;Ty-Shon Alexander,,,0022001024
2021-05-09_ORL_MIN,2021-05-09,ORL,ORL_VUCEVIC_GORDON_A,DIRECT_ROSTER_CONTACT,Nikola Vucevic;Zeke Nnaji,Wendell Carter Jr.;Otto Porter Jr.;R.J. Hampton,EX02;EX03;EX04;EX07,DEADLINE_REVIEW,NOT_CALCULATED,observed date availability and incumbent transactions conditional; no new injury/event selected,12,14400,10,,Terrence Ross;Wendell Carter Jr.,Nikola Vucevic;Zeke Nnaji,0022001022
2021-05-09_ORL_MIN,2021-05-09,MIN,MIN_RIVAL,DIRECT_ROSTER_CONTACT,Fictional Rival,Anthony Edwards,EX07,DEADLINE_REVIEW,NOT_CALCULATED,observed date availability and incumbent transactions conditional; no new injury/event selected,12,14400,11,,Juancho Hernangomez,Fictional Rival,0022001022
2021-05-09_SAC_OKC,2021-05-09,SAC,INCUMBENT_CONDITIONAL,NO_DIRECT_DELTA_IDENTIFIED,,,EX07,DEADLINE_REVIEW,NOT_CALCULATED,observed date availability and incumbent transactions conditional; no new injury/event selected,12,14400,12,,,,0022001025
2021-05-09_SAC_OKC,2021-05-09,OKC,INCUMBENT_CONDITIONAL,NO_DIRECT_DELTA_IDENTIFIED,,,EX07,DEADLINE_REVIEW,NOT_CALCULATED,observed date availability and incumbent transactions conditional; no new injury/event selected,12,14400,10,Kenrich Williams;Tony Bradley,,,0022001025
2021-05-10_CLE_IND,2021-05-10,CLE,INCUMBENT_CONDITIONAL,NO_DIRECT_DELTA_IDENTIFIED,,,EX07,DEADLINE_REVIEW,NOT_CALCULATED,observed date availability and incumbent transactions conditional; no new injury/event selected,12,14400,8,Anderson Varejao,Cedi Osman;Isaiah Hartenstein;Kevin Love,,0022001027
2021-05-10_CLE_IND,2021-05-10,IND,INCUMBENT_CONDITIONAL,NO_DIRECT_DELTA_IDENTIFIED,,,EX07,DEADLINE_REVIEW,NOT_CALCULATED,observed date availability and incumbent transactions conditional; no new injury/event selected,12,14400,10,Amida Brimah;Cassius Stanley,,,0022001027
2021-05-10_GSW_UTA,2021-05-10,GSW,GSW_WIGGINS_HUTCHISON_INACTIVE,TRANSACTION_DEPENDENCY,,,EX06;EX07,DEADLINE_REVIEW,NOT_CALCULATED,observed date availability and incumbent transactions conditional; no new injury/event selected,12,14400,8,Alen Smailagic;Nico Mannion,Eric Paschall;Kelly Oubre Jr.,,0022001030
2021-05-10_GSW_UTA,2021-05-10,UTA,INCUMBENT_CONDITIONAL,NO_DIRECT_DELTA_IDENTIFIED,,,EX07,DEADLINE_REVIEW,NOT_CALCULATED,observed date availability and incumbent transactions conditional; no new injury/event selected,14,14400,10,Elijah Hughes;Ersan Ilyasova;Jarrell Brantley;Udoka Azubuike,,,0022001030
2021-05-10_MEM_NOP,2021-05-10,MEM,INCUMBENT_CONDITIONAL,NO_DIRECT_DELTA_IDENTIFIED,,,EX07,DEADLINE_REVIEW,NOT_CALCULATED,observed date availability and incumbent transactions conditional; no new injury/event selected,15,14400,11,Jontay Porter;Justise Winslow;Killian Tillie;Tim Frazier,,,0022001028
2021-05-10_MEM_NOP,2021-05-10,NOP,NOP_HAYES,DIRECT_ROSTER_CONTACT,Killian Hayes,Kira Lewis Jr.,EX07,DEADLINE_REVIEW,NOT_CALCULATED,observed date availability and incumbent transactions conditional; no new injury/event selected,12,14400,10,Didi Louzada;James Nunnally,,Killian Hayes,0022001028
2021-05-10_POR_HOU,2021-05-10,POR,POR_NO_POWELL_HOOD,DIRECT_ROSTER_CONTACT,Rodney Hood,Gary Trent Jr.;Norman Powell,EX05;EX07,DEADLINE_REVIEW,NOT_CALCULATED,observed date availability and incumbent transactions conditional; no new injury/event selected,14,14400,13,Rondae Hollis-Jefferson,,Rodney Hood,0022001031
2021-05-10_POR_HOU,2021-05-10,HOU,INCUMBENT_CONDITIONAL,NO_DIRECT_DELTA_IDENTIFIED,,,EX07,DEADLINE_REVIEW,NOT_CALCULATED,observed date availability and incumbent transactions conditional; no new injury/event selected,12,14400,10,,Christian Wood;Kevin Porter Jr.,,0022001031
2021-05-10_SAS_MIL,2021-05-10,SAS,INCUMBENT_CONDITIONAL,NO_DIRECT_DELTA_IDENTIFIED,,,EX07,DEADLINE_REVIEW,NOT_CALCULATED,observed date availability and incumbent transactions conditional; no new injury/event selected,13,14400,13,,,,0022001029
2021-05-10_SAS_MIL,2021-05-10,MIL,INCUMBENT_CONDITIONAL,NO_DIRECT_DELTA_IDENTIFIED,,,EX07,DEADLINE_REVIEW,NOT_CALCULATED,observed date availability and incumbent transactions conditional; no new injury/event selected,15,14401,13,Justin Jackson;Mamadi Diakite,,,0022001029
2021-05-11_BOS_MIA,2021-05-11,BOS,BOS_FOURNIER_PATH,TRANSACTION_DEPENDENCY,,,EX01;EX03;EX04;EX07,DEADLINE_REVIEW,NOT_CALCULATED,observed date availability and incumbent transactions conditional; no new injury/event selected,15,14400,10,Jabari Parker;Luke Kornet;Romeo Langford;Tacko Fall;Tremont Waters,,,0022001032
2021-05-11_BOS_MIA,2021-05-11,MIA,INCUMBENT_CONDITIONAL,NO_DIRECT_DELTA_IDENTIFIED,,,EX07,DEADLINE_REVIEW,NOT_CALCULATED,observed date availability and incumbent transactions conditional; no new injury/event selected,15,14400,9,Gabe Vincent;KZ Okpala;Max Strus;Nemanja Bjelica;Precious Achiuwa;Udonis Haslem,,,0022001032
2021-05-11_CHA_DEN,2021-05-11,CHA,CHA_EDWARDS_TERRY,DIRECT_ROSTER_CONTACT,Anthony Edwards;Tyrell Terry,LaMelo Ball;Grant Riller,EX07,DEADLINE_REVIEW,NOT_CALCULATED,observed date availability and incumbent transactions conditional; no new injury/event selected,14,14400,9,Brad Wanamaker;Grant Riller;Nate Darling;Nick Richards;Vernon Carey Jr.,,Anthony Edwards;Tyrell Terry,0022000448
2021-05-11_CHA_DEN,2021-05-11,DEN,DEN_GORDON_A,DIRECT_ROSTER_CONTACT,Saddiq Bey,R.J. Hampton;Zeke Nnaji;Gary Harris,EX02;EX07,DEADLINE_REVIEW,NOT_CALCULATED,observed date availability and incumbent transactions conditional; no new injury/event selected,14,14400,11,Bol Bol;JaVale McGee;Zeke Nnaji,,Saddiq Bey,0022000448
2021-05-11_DET_MIN,2021-05-11,DET,DET_PATRICK_KIRA,DIRECT_ROSTER_CONTACT,Patrick Williams;Kira Lewis Jr.,Saddiq Bey;Killian Hayes,EX07,DEADLINE_REVIEW,NOT_CALCULATED,observed date availability and incumbent transactions conditional; no new injury/event selected,12,14400,9,,Cory Joseph;Jerami Grant;Wayne Ellington,Patrick Williams;Kira Lewis Jr.,0022001033
2021-05-11_DET_MIN,2021-05-11,MIN,MIN_RIVAL,DIRECT_ROSTER_CONTACT,Fictional Rival,Anthony Edwards,EX07,DEADLINE_REVIEW,NOT_CALCULATED,observed date availability and incumbent transactions conditional; no new injury/event selected,13,14400,12,Ed Davis,,Fictional Rival,0022001033
2021-05-11_GSW_PHX,2021-05-11,GSW,GSW_WIGGINS_HUTCHISON_INACTIVE,TRANSACTION_DEPENDENCY,,,EX06;EX07,DEADLINE_REVIEW,NOT_CALCULATED,observed date availability and incumbent transactions conditional; no new injury/event selected,12,14400,8,Alen Smailagic;Nico Mannion,Eric Paschall;Kelly Oubre Jr.,,0022001039
2021-05-11_GSW_PHX,2021-05-11,PHX,INCUMBENT_CONDITIONAL,NO_DIRECT_DELTA_IDENTIFIED,,,EX07,DEADLINE_REVIEW,NOT_CALCULATED,observed date availability and incumbent transactions conditional; no new injury/event selected,14,14400,9,Dario Saric;E'Twaun Moore;Jalen Smith;Langston Galloway;Ty-Shon Alexander,,,0022001039
2021-05-11_IND_PHI,2021-05-11,IND,INCUMBENT_CONDITIONAL,NO_DIRECT_DELTA_IDENTIFIED,,,EX07,DEADLINE_REVIEW,NOT_CALCULATED,observed date availability and incumbent transactions conditional; no new injury/event selected,12,14400,10,Amida Brimah,Aaron Holiday,,0022001035
2021-05-11_IND_PHI,2021-05-11,PHI,INCUMBENT_CONDITIONAL,NO_DIRECT_DELTA_IDENTIFIED,,,EX07,DEADLINE_REVIEW,NOT_CALCULATED,observed date availability and incumbent transactions conditional; no new injury/event selected,13,14401,10,Paul Reed;Rayjon Tucker,Shake Milton,,0022001035
2021-05-11_MEM_DAL,2021-05-11,MEM,INCUMBENT_CONDITIONAL,NO_DIRECT_DELTA_IDENTIFIED,,,EX07,DEADLINE_REVIEW,NOT_CALCULATED,observed date availability and incumbent transactions conditional; no new injury/event selected,13,14400,13,,,,0022001037
2021-05-11_MEM_DAL,2021-05-11,DAL,DAL_HAMPTON,DIRECT_ROSTER_CONTACT,R.J. Hampton,Tyrell Terry,EX07,DEADLINE_REVIEW,NOT_CALCULATED,observed date availability and incumbent transactions conditional; no new injury/event selected,15,14400,15,,,R.J. Hampton,0022001037
2021-05-11_MIL_ORL,2021-05-11,MIL,INCUMBENT_CONDITIONAL,NO_DIRECT_DELTA_IDENTIFIED,,,EX07,DEADLINE_REVIEW,NOT_CALCULATED,observed date availability and incumbent transactions conditional; no new injury/event selected,15,14401,12,Justin Jackson;Mamadi Diakite;Sam Merrill,,,0022001038
2021-05-11_MIL_ORL,2021-05-11,ORL,ORL_VUCEVIC_GORDON_A,DIRECT_ROSTER_CONTACT,Nikola Vucevic;Zeke Nnaji,Wendell Carter Jr.;Otto Porter Jr.;R.J. Hampton,EX02;EX03;EX04;EX07,DEADLINE_REVIEW,NOT_CALCULATED,observed date availability and incumbent transactions conditional; no new injury/event selected,12,14400,10,,Mo Bamba;Terrence Ross,Nikola Vucevic;Zeke Nnaji,0022001038
2021-05-11_SAC_OKC,2021-05-11,SAC,INCUMBENT_CONDITIONAL,NO_DIRECT_DELTA_IDENTIFIED,,,EX07,DEADLINE_REVIEW,NOT_CALCULATED,observed date availability and incumbent transactions conditional; no new injury/event selected,12,14400,11,Hassan Whiteside,,,0022001040
2021-05-11_SAC_OKC,2021-05-11,OKC,INCUMBENT_CONDITIONAL,NO_DIRECT_DELTA_IDENTIFIED,,,EX07,DEADLINE_REVIEW,NOT_CALCULATED,observed date availability and incumbent transactions conditional; no new injury/event selected,12,14400,10,,Josh Hall;Mike Muscala,,0022001040
2021-05-11_TOR_LAC,2021-05-11,TOR,TOR_POWELL,DIRECT_ROSTER_CONTACT,Norman Powell,Gary Trent Jr.;Rodney Hood,EX05;EX07,DEADLINE_REVIEW,NOT_CALCULATED,observed date availability and incumbent transactions conditional; no new injury/event selected,12,14400,9,,Aron Baynes;Paul Watson;Rodney Hood,Norman Powell,0022001034
2021-05-11_TOR_LAC,2021-05-11,LAC,INCUMBENT_CONDITIONAL,NO_DIRECT_DELTA_IDENTIFIED,,,EX07,DEADLINE_REVIEW,NOT_CALCULATED,observed date availability and incumbent transactions conditional; no new injury/event selected,15,14400,14,Patrick Patterson,,,0022001034
2021-05-12_ATL_WAS,2021-05-12,ATL,INCUMBENT_CONDITIONAL,NO_DIRECT_DELTA_IDENTIFIED,,,EX07,DEADLINE_REVIEW,NOT_CALCULATED,observed date availability and incumbent transactions conditional; no new injury/event selected,15,14400,10,Brandon Goodwin;Bruno Fernando;Kris Dunn;Nathan Knight;Skylar Mays,,,0022001042
2021-05-12_ATL_WAS,2021-05-12,WAS,WAS_TRENT_BROWN,DIRECT_ROSTER_CONTACT,Gary Trent Jr.;Troy Brown Jr.,Isaac Bonga;Chandler Hutchison,EX01;EX07,DEADLINE_REVIEW,NOT_CALCULATED,observed date availability and incumbent transactions conditional; no new injury/event selected,13,14400,10,Anthony Gill;Cassius Winston;Isaac Bonga,,Gary Trent Jr.;Troy Brown Jr.,0022001042
2021-05-12_BKN_SAS,2021-05-12,BKN,INCUMBENT_CONDITIONAL,NO_DIRECT_DELTA_IDENTIFIED,,,EX07,DEADLINE_REVIEW,NOT_CALCULATED,observed date availability and incumbent transactions conditional; no new injury/event selected,13,14400,12,DeAndre Jordan,,,0022001043
2021-05-12_BKN_SAS,2021-05-12,SAS,INCUMBENT_CONDITIONAL,NO_DIRECT_DELTA_IDENTIFIED,,,EX07,DEADLINE_REVIEW,NOT_CALCULATED,observed date availability and incumbent transactions conditional; no new injury/event selected,13,14400,13,,,,0022001043
2021-05-12_CLE_BOS,2021-05-12,CLE,INCUMBENT_CONDITIONAL,NO_DIRECT_DELTA_IDENTIFIED,,,EX07,DEADLINE_REVIEW,NOT_CALCULATED,observed date availability and incumbent transactions conditional; no new injury/event selected,12,14400,9,Jeremiah Martin,Cedi Osman;Isaiah Hartenstein,,0022001044
2021-05-12_CLE_BOS,2021-05-12,BOS,BOS_FOURNIER_PATH,TRANSACTION_DEPENDENCY,,,EX01;EX03;EX04;EX07,DEADLINE_REVIEW,NOT_CALCULATED,observed date availability and incumbent transactions conditional; no new injury/event selected,13,14400,11,Jabari Parker;Tacko Fall,,,0022001044
2021-05-12_DAL_NOP,2021-05-12,DAL,DAL_HAMPTON,DIRECT_ROSTER_CONTACT,R.J. Hampton,Tyrell Terry,EX07,DEADLINE_REVIEW,NOT_CALCULATED,observed date availability and incumbent transactions conditional; no new injury/event selected,15,14400,15,,,R.J. Hampton,0022000154
2021-05-12_DAL_NOP,2021-05-12,NOP,NOP_HAYES,DIRECT_ROSTER_CONTACT,Killian Hayes,Kira Lewis Jr.,EX07,DEADLINE_REVIEW,NOT_CALCULATED,observed date availability and incumbent transactions conditional; no new injury/event selected,12,14400,11,,Lonzo Ball,Killian Hayes,0022000154
2021-05-12_UTA_POR,2021-05-12,UTA,INCUMBENT_CONDITIONAL,NO_DIRECT_DELTA_IDENTIFIED,,,EX07,DEADLINE_REVIEW,NOT_CALCULATED,observed date availability and incumbent transactions conditional; no new injury/event selected,14,14400,13,Ersan Ilyasova,,,0022001045
2021-05-12_UTA_POR,2021-05-12,POR,POR_NO_POWELL_HOOD,DIRECT_ROSTER_CONTACT,Rodney Hood,Gary Trent Jr.;Norman Powell,EX05;EX07,DEADLINE_REVIEW,NOT_CALCULATED,observed date availability and incumbent transactions conditional; no new injury/event selected,14,14401,10,Derrick Jones Jr.;Harry Giles III;Rondae Hollis-Jefferson;T.J. Leaf,,Rodney Hood,0022001045
2021-05-13_ATL_ORL,2021-05-13,ATL,INCUMBENT_CONDITIONAL,NO_DIRECT_DELTA_IDENTIFIED,,,EX07,DEADLINE_REVIEW,NOT_CALCULATED,observed date availability and incumbent transactions conditional; no new injury/event selected,15,14400,14,Kris Dunn,,,0022001049
2021-05-13_ATL_ORL,2021-05-13,ORL,ORL_VUCEVIC_GORDON_A,DIRECT_ROSTER_CONTACT,Nikola Vucevic;Zeke Nnaji,Wendell Carter Jr.;Otto Porter Jr.;R.J. Hampton,EX02;EX03;EX04;EX07,DEADLINE_REVIEW,NOT_CALCULATED,observed date availability and incumbent transactions conditional; no new injury/event selected,12,14400,10,,Mo Bamba;Terrence Ross,Nikola Vucevic;Zeke Nnaji,0022001049
2021-05-13_CHA_LAC,2021-05-13,CHA,CHA_EDWARDS_TERRY,DIRECT_ROSTER_CONTACT,Anthony Edwards;Tyrell Terry,LaMelo Ball;Grant Riller,EX07,DEADLINE_REVIEW,NOT_CALCULATED,observed date availability and incumbent transactions conditional; no new injury/event selected,14,14400,11,Brad Wanamaker;Nate Darling;Nick Richards,,Anthony Edwards;Tyrell Terry,0022001047
2021-05-13_CHA_LAC,2021-05-13,LAC,INCUMBENT_CONDITIONAL,NO_DIRECT_DELTA_IDENTIFIED,,,EX07,DEADLINE_REVIEW,NOT_CALCULATED,observed date availability and incumbent transactions conditional; no new injury/event selected,15,14400,14,Patrick Patterson,,,0022001047
2021-05-13_IND_MIL,2021-05-13,IND,INCUMBENT_CONDITIONAL,NO_DIRECT_DELTA_IDENTIFIED,,,EX07,DEADLINE_REVIEW,NOT_CALCULATED,observed date availability and incumbent transactions conditional; no new injury/event selected,12,14400,9,Amida Brimah,Aaron Holiday;Caris LeVert,,0022001048
2021-05-13_IND_MIL,2021-05-13,MIL,INCUMBENT_CONDITIONAL,NO_DIRECT_DELTA_IDENTIFIED,,,EX07,DEADLINE_REVIEW,NOT_CALCULATED,observed date availability and incumbent transactions conditional; no new injury/event selected,15,14400,10,Jordan Nwora;Justin Jackson;Mamadi Diakite;Sam Merrill;Thanasis Antetokounmpo,,,0022001048
2021-05-13_MEM_SAC,2021-05-13,MEM,INCUMBENT_CONDITIONAL,NO_DIRECT_DELTA_IDENTIFIED,,,EX07,DEADLINE_REVIEW,NOT_CALCULATED,observed date availability and incumbent transactions conditional; no new injury/event selected,15,14400,11,Jontay Porter;Justise Winslow;Killian Tillie;Tim Frazier,,,0022000255
2021-05-13_MEM_SAC,2021-05-13,SAC,INCUMBENT_CONDITIONAL,NO_DIRECT_DELTA_IDENTIFIED,,,EX07,DEADLINE_REVIEW,NOT_CALCULATED,observed date availability and incumbent transactions conditional; no new injury/event selected,12,14400,9,Hassan Whiteside;Jahmi'us Ramsey;Kyle Guy,,,0022000255
2021-05-13_MIA_PHI,2021-05-13,MIA,INCUMBENT_CONDITIONAL,NO_DIRECT_DELTA_IDENTIFIED,,,EX07,DEADLINE_REVIEW,NOT_CALCULATED,observed date availability and incumbent transactions conditional; no new injury/event selected,15,14400,14,Nemanja Bjelica,,,0022001050
2021-05-13_MIA_PHI,2021-05-13,PHI,INCUMBENT_CONDITIONAL,NO_DIRECT_DELTA_IDENTIFIED,,,EX07,DEADLINE_REVIEW,NOT_CALCULATED,observed date availability and incumbent transactions conditional; no new injury/event selected,15,14400,14,Gary Clark,,,0022001050
2021-05-13_MIN_DEN,2021-05-13,MIN,MIN_RIVAL,DIRECT_ROSTER_CONTACT,Fictional Rival,Anthony Edwards,EX07,DEADLINE_REVIEW,NOT_CALCULATED,observed date availability and incumbent transactions conditional; no new injury/event selected,13,14402,10,Ed Davis;Jake Layman;Jaylen Nowell,,Fictional Rival,0022001052
2021-05-13_MIN_DEN,2021-05-13,DEN,DEN_GORDON_A,DIRECT_ROSTER_CONTACT,Saddiq Bey,R.J. Hampton;Zeke Nnaji;Gary Harris,EX02;EX07,DEADLINE_REVIEW,NOT_CALCULATED,observed date availability and incumbent transactions conditional; no new injury/event selected,12,14401,10,Bol Bol;Zeke Nnaji,,Saddiq Bey,0022001052
2021-05-13_NYK_SAS,2021-05-13,NYK,INCUMBENT_CONDITIONAL,NO_DIRECT_DELTA_IDENTIFIED,,,EX07,DEADLINE_REVIEW,NOT_CALCULATED,observed date availability and incumbent transactions conditional; no new injury/event selected,14,14400,10,Jared Harper;Kevin Knox II;Norvel Pelle;Theo Pinson,,,0022000458
2021-05-13_NYK_SAS,2021-05-13,SAS,INCUMBENT_CONDITIONAL,NO_DIRECT_DELTA_IDENTIFIED,,,EX07,DEADLINE_REVIEW,NOT_CALCULATED,observed date availability and incumbent transactions conditional; no new injury/event selected,13,14400,9,Gorgui Dieng;Keita Bates-Diop;Quinndary Weatherspoon;Tre Jones,,,0022000458
2021-05-14_DAL_TOR,2021-05-14,DAL,DAL_HAMPTON,DIRECT_ROSTER_CONTACT,R.J. Hampton,Tyrell Terry,EX07,DEADLINE_REVIEW,NOT_CALCULATED,observed date availability and incumbent transactions conditional; no new injury/event selected,15,14400,10,Boban Marjanovic;Josh Green;Nate Hinton;Tyler Bey,Maxi Kleber,R.J. Hampton,0022001057
2021-05-14_DAL_TOR,2021-05-14,TOR,TOR_POWELL,DIRECT_ROSTER_CONTACT,Norman Powell,Gary Trent Jr.;Rodney Hood,EX05;EX07,DEADLINE_REVIEW,NOT_CALCULATED,observed date availability and incumbent transactions conditional; no new injury/event selected,12,14400,7,Chris Boucher;Gary Trent Jr.,Paul Watson;Yuta Watanabe,Norman Powell,0022001057
2021-05-14_DET_DEN,2021-05-14,DET,DET_PATRICK_KIRA,DIRECT_ROSTER_CONTACT,Patrick Williams;Kira Lewis Jr.,Saddiq Bey;Killian Hayes,EX07,DEADLINE_REVIEW,NOT_CALCULATED,observed date availability and incumbent transactions conditional; no new injury/event selected,12,14400,8,,Cory Joseph;Jerami Grant;Rodney McGruder;Wayne Ellington,Patrick Williams;Kira Lewis Jr.,0022001054
2021-05-14_DET_DEN,2021-05-14,DEN,DEN_GORDON_A,DIRECT_ROSTER_CONTACT,Saddiq Bey,R.J. Hampton;Zeke Nnaji;Gary Harris,EX02;EX07,DEADLINE_REVIEW,NOT_CALCULATED,observed date availability and incumbent transactions conditional; no new injury/event selected,12,14400,11,Paul Millsap,,Saddiq Bey,0022001054
2021-05-14_GSW_NOP,2021-05-14,GSW,GSW_WIGGINS_HUTCHISON_INACTIVE,TRANSACTION_DEPENDENCY,,,EX06;EX07,DEADLINE_REVIEW,NOT_CALCULATED,observed date availability and incumbent transactions conditional; no new injury/event selected,12,14399,9,,Andrew Wiggins;Draymond Green;Stephen Curry,,0022001059
2021-05-14_GSW_NOP,2021-05-14,NOP,NOP_HAYES,DIRECT_ROSTER_CONTACT,Killian Hayes,Kira Lewis Jr.,EX07,DEADLINE_REVIEW,NOT_CALCULATED,observed date availability and incumbent transactions conditional; no new injury/event selected,12,14400,10,,Lonzo Ball;Wes Iwundu,Killian Hayes,0022001059
2021-05-14_HOU_LAC,2021-05-14,HOU,INCUMBENT_CONDITIONAL,NO_DIRECT_DELTA_IDENTIFIED,,,EX07,DEADLINE_REVIEW,NOT_CALCULATED,observed date availability and incumbent transactions conditional; no new injury/event selected,12,14400,9,,Christian Wood;Danuel House Jr.;Kevin Porter Jr.,,0022001058
2021-05-14_HOU_LAC,2021-05-14,LAC,INCUMBENT_CONDITIONAL,NO_DIRECT_DELTA_IDENTIFIED,,,EX07,DEADLINE_REVIEW,NOT_CALCULATED,observed date availability and incumbent transactions conditional; no new injury/event selected,12,14400,11,,Amir Coffey,,0022001058
2021-05-14_MEM_SAC,2021-05-14,MEM,INCUMBENT_CONDITIONAL,NO_DIRECT_DELTA_IDENTIFIED,,,EX07,DEADLINE_REVIEW,NOT_CALCULATED,observed date availability and incumbent transactions conditional; no new injury/event selected,13,14400,9,,Brandon Clarke;Dillon Brooks;Jonas Valanciunas;Kyle Anderson,,0022000263
2021-05-14_MEM_SAC,2021-05-14,SAC,INCUMBENT_CONDITIONAL,NO_DIRECT_DELTA_IDENTIFIED,,,EX07,DEADLINE_REVIEW,NOT_CALCULATED,observed date availability and incumbent transactions conditional; no new injury/event selected,12,14400,10,Kyle Guy,Hassan Whiteside,,0022000263
2021-05-14_OKC_UTA,2021-05-14,OKC,INCUMBENT_CONDITIONAL,NO_DIRECT_DELTA_IDENTIFIED,,,EX07,DEADLINE_REVIEW,NOT_CALCULATED,observed date availability and incumbent transactions conditional; no new injury/event selected,12,14400,10,Kenrich Williams;Ty Jerome,,,0022001056
2021-05-14_OKC_UTA,2021-05-14,UTA,INCUMBENT_CONDITIONAL,NO_DIRECT_DELTA_IDENTIFIED,,,EX07,DEADLINE_REVIEW,NOT_CALCULATED,observed date availability and incumbent transactions conditional; no new injury/event selected,15,14400,15,,,,0022001056
2021-05-14_PHI_ORL,2021-05-14,PHI,INCUMBENT_CONDITIONAL,NO_DIRECT_DELTA_IDENTIFIED,,,EX07,DEADLINE_REVIEW,NOT_CALCULATED,observed date availability and incumbent transactions conditional; no new injury/event selected,15,14400,14,,,,0022001055
2021-05-14_PHI_ORL,2021-05-14,ORL,ORL_VUCEVIC_GORDON_A,DIRECT_ROSTER_CONTACT,Nikola Vucevic;Zeke Nnaji,Wendell Carter Jr.;Otto Porter Jr.;R.J. Hampton,EX02;EX03;EX04;EX07,DEADLINE_REVIEW,NOT_CALCULATED,observed date availability and incumbent transactions conditional; no new injury/event selected,12,14400,11,,,Nikola Vucevic;Zeke Nnaji,0022001055
2021-05-14_WAS_CLE,2021-05-14,WAS,WAS_TRENT_BROWN,DIRECT_ROSTER_CONTACT,Gary Trent Jr.;Troy Brown Jr.,Isaac Bonga;Chandler Hutchison,EX01;EX07,DEADLINE_REVIEW,NOT_CALCULATED,observed date availability and incumbent transactions conditional; no new injury/event selected,12,14400,11,Isaac Bonga,,Gary Trent Jr.;Troy Brown Jr.,0022000204
2021-05-14_WAS_CLE,2021-05-14,CLE,INCUMBENT_CONDITIONAL,NO_DIRECT_DELTA_IDENTIFIED,,,EX07,DEADLINE_REVIEW,NOT_CALCULATED,observed date availability and incumbent transactions conditional; no new injury/event selected,12,14400,10,Damyean Dotson,Kevin Love,,0022000204
2021-05-15_IND_LAL,2021-05-15,IND,INCUMBENT_CONDITIONAL,NO_DIRECT_DELTA_IDENTIFIED,,,EX07,DEADLINE_REVIEW,NOT_CALCULATED,observed date availability and incumbent transactions conditional; no new injury/event selected,12,14400,9,Amida Brimah,Aaron Holiday;Domantas Sabonis,,0022001061
2021-05-15_IND_LAL,2021-05-15,LAL,LAL_AD_CORE,TRANSACTION_DEPENDENCY,,,EX06;EX07,DEADLINE_REVIEW,NOT_CALCULATED,observed date availability and incumbent transactions conditional; no new injury/event selected,15,14400,10,Alex Caruso;Alfonzo McKinnie;Devontae Cacok;Marc Gasol;Markieff Morris,,,0022001061
2021-05-15_MIL_MIA,2021-05-15,MIL,INCUMBENT_CONDITIONAL,NO_DIRECT_DELTA_IDENTIFIED,,,EX07,DEADLINE_REVIEW,NOT_CALCULATED,observed date availability and incumbent transactions conditional; no new injury/event selected,15,14400,13,Jeff Teague;Justin Jackson,,,0022001062
2021-05-15_MIL_MIA,2021-05-15,MIA,INCUMBENT_CONDITIONAL,NO_DIRECT_DELTA_IDENTIFIED,,,EX07,DEADLINE_REVIEW,NOT_CALCULATED,observed date availability and incumbent transactions conditional; no new injury/event selected,15,14400,13,Udonis Haslem,Jimmy Butler,,0022001062
2021-05-15_MIN_BOS,2021-05-15,MIN,MIN_RIVAL,DIRECT_ROSTER_CONTACT,Fictional Rival,Anthony Edwards,EX07,DEADLINE_REVIEW,NOT_CALCULATED,observed date availability and incumbent transactions conditional; no new injury/event selected,13,14400,12,Ed Davis,,Fictional Rival,0022001063
2021-05-15_MIN_BOS,2021-05-15,BOS,BOS_FOURNIER_PATH,TRANSACTION_DEPENDENCY,,,EX01;EX03;EX04;EX07,DEADLINE_REVIEW,NOT_CALCULATED,observed date availability and incumbent transactions conditional; no new injury/event selected,12,14401,11,Carsen Edwards,,,0022001063
2021-05-15_NYK_CHA,2021-05-15,NYK,INCUMBENT_CONDITIONAL,NO_DIRECT_DELTA_IDENTIFIED,,,EX07,DEADLINE_REVIEW,NOT_CALCULATED,observed date availability and incumbent transactions conditional; no new injury/event selected,15,15900,11,Jared Harper;Kevin Knox II;Norvel Pelle;Theo Pinson,,,0022001064
2021-05-15_NYK_CHA,2021-05-15,CHA,CHA_EDWARDS_TERRY,DIRECT_ROSTER_CONTACT,Anthony Edwards;Tyrell Terry,LaMelo Ball;Grant Riller,EX07,DEADLINE_REVIEW,NOT_CALCULATED,observed date availability and incumbent transactions conditional; no new injury/event selected,15,15900,9,Brad Wanamaker;Caleb Martin;Grant Riller;Nate Darling;Nick Richards;Vernon Carey Jr.,,Anthony Edwards;Tyrell Terry,0022001064
2021-05-15_SAS_PHX,2021-05-15,SAS,INCUMBENT_CONDITIONAL,NO_DIRECT_DELTA_IDENTIFIED,,,EX07,DEADLINE_REVIEW,NOT_CALCULATED,observed date availability and incumbent transactions conditional; no new injury/event selected,13,14400,9,,Dejounte Murray;Rudy Gay,,0022001065
2021-05-15_SAS_PHX,2021-05-15,PHX,INCUMBENT_CONDITIONAL,NO_DIRECT_DELTA_IDENTIFIED,,,EX07,DEADLINE_REVIEW,NOT_CALCULATED,observed date availability and incumbent transactions conditional; no new injury/event selected,13,14400,13,,,,0022001065
2021-05-16_ATL_HOU,2021-05-16,ATL,INCUMBENT_CONDITIONAL,NO_DIRECT_DELTA_IDENTIFIED,,,EX07,DEADLINE_REVIEW,NOT_CALCULATED,observed date availability and incumbent transactions conditional; no new injury/event selected,12,14400,10,,Kevin Huerter;Kris Dunn,,0022001066
2021-05-16_ATL_HOU,2021-05-16,HOU,INCUMBENT_CONDITIONAL,NO_DIRECT_DELTA_IDENTIFIED,,,EX07,DEADLINE_REVIEW,NOT_CALCULATED,observed date availability and incumbent transactions conditional; no new injury/event selected,12,14400,8,D.J. Wilson,Christian Wood;Danuel House Jr.;Kevin Porter Jr.,,0022001066
2021-05-16_BKN_CLE,2021-05-16,BKN,INCUMBENT_CONDITIONAL,NO_DIRECT_DELTA_IDENTIFIED,,,EX07,DEADLINE_REVIEW,NOT_CALCULATED,observed date availability and incumbent transactions conditional; no new injury/event selected,14,14400,12,DeAndre Jordan,James Harden,,0022001067
2021-05-16_BKN_CLE,2021-05-16,CLE,INCUMBENT_CONDITIONAL,NO_DIRECT_DELTA_IDENTIFIED,,,EX07,DEADLINE_REVIEW,NOT_CALCULATED,observed date availability and incumbent transactions conditional; no new injury/event selected,12,14400,9,Anderson Varejao,Darius Garland;Kevin Love,,0022001067
2021-05-16_DET_MIA,2021-05-16,DET,DET_PATRICK_KIRA,DIRECT_ROSTER_CONTACT,Patrick Williams;Kira Lewis Jr.,Saddiq Bey;Killian Hayes,EX07,DEADLINE_REVIEW,NOT_CALCULATED,observed date availability and incumbent transactions conditional; no new injury/event selected,12,14400,8,,Jerami Grant;Rodney McGruder;Wayne Ellington,Patrick Williams;Kira Lewis Jr.,0022001069
2021-05-16_DET_MIA,2021-05-16,MIA,INCUMBENT_CONDITIONAL,NO_DIRECT_DELTA_IDENTIFIED,,,EX07,DEADLINE_REVIEW,NOT_CALCULATED,observed date availability and incumbent transactions conditional; no new injury/event selected,15,14400,7,Dewayne Dedmon;Udonis Haslem,Andre Iguodala;Goran Dragic;Jimmy Butler;Kendrick Nunn,,0022001069
2021-05-16_GSW_MEM,2021-05-16,GSW,GSW_WIGGINS_HUTCHISON_INACTIVE,TRANSACTION_DEPENDENCY,,,EX06;EX07,DEADLINE_REVIEW,NOT_CALCULATED,observed date availability and incumbent transactions conditional; no new injury/event selected,13,14400,8,Alen Smailagic;Eric Paschall;Gary Payton II;Jordan Bell;Nico Mannion,,,0022001070
2021-05-16_GSW_MEM,2021-05-16,MEM,INCUMBENT_CONDITIONAL,NO_DIRECT_DELTA_IDENTIFIED,,,EX07,DEADLINE_REVIEW,NOT_CALCULATED,observed date availability and incumbent transactions conditional; no new injury/event selected,15,14400,10,John Konchar;Jontay Porter;Justise Winslow;Killian Tillie;Tim Frazier,,,0022001070
2021-05-16_MIN_DAL,2021-05-16,MIN,MIN_RIVAL,DIRECT_ROSTER_CONTACT,Fictional Rival,Anthony Edwards,EX07,DEADLINE_REVIEW,NOT_CALCULATED,observed date availability and incumbent transactions conditional; no new injury/event selected,13,14400,10,Ed Davis;Jake Layman;Jaylen Nowell,,Fictional Rival,0022001071
2021-05-16_MIN_DAL,2021-05-16,DAL,DAL_HAMPTON,DIRECT_ROSTER_CONTACT,R.J. Hampton,Tyrell Terry,EX07,DEADLINE_REVIEW,NOT_CALCULATED,observed date availability and incumbent transactions conditional; no new injury/event selected,15,14400,14,,Maxi Kleber,R.J. Hampton,0022001071
2021-05-16_NOP_LAL,2021-05-16,NOP,NOP_HAYES,DIRECT_ROSTER_CONTACT,Killian Hayes,Kira Lewis Jr.,EX07,DEADLINE_REVIEW,NOT_CALCULATED,observed date availability and incumbent transactions conditional; no new injury/event selected,12,14401,10,,Lonzo Ball;Wes Iwundu,Killian Hayes,0022001072
2021-05-16_NOP_LAL,2021-05-16,LAL,LAL_AD_CORE,TRANSACTION_DEPENDENCY,,,EX06;EX07,DEADLINE_REVIEW,NOT_CALCULATED,observed date availability and incumbent transactions conditional; no new injury/event selected,15,14400,13,Markieff Morris;Montrezl Harrell,,,0022001072
2021-05-16_NYK_BOS,2021-05-16,NYK,INCUMBENT_CONDITIONAL,NO_DIRECT_DELTA_IDENTIFIED,,,EX07,DEADLINE_REVIEW,NOT_CALCULATED,observed date availability and incumbent transactions conditional; no new injury/event selected,15,14401,11,Jared Harper;Kevin Knox II;Norvel Pelle;Theo Pinson,,,0022001073
2021-05-16_NYK_BOS,2021-05-16,BOS,BOS_FOURNIER_PATH,TRANSACTION_DEPENDENCY,,,EX01;EX03;EX04;EX07,DEADLINE_REVIEW,NOT_CALCULATED,observed date availability and incumbent transactions conditional; no new injury/event selected,12,14399,10,,Evan Fournier;Jayson Tatum,,0022001073
2021-05-16_OKC_LAC,2021-05-16,OKC,INCUMBENT_CONDITIONAL,NO_DIRECT_DELTA_IDENTIFIED,,,EX07,DEADLINE_REVIEW,NOT_CALCULATED,observed date availability and incumbent transactions conditional; no new injury/event selected,13,14400,9,Darius Bazley;Kenrich Williams;Svi Mykhailiuk;Ty Jerome,,,0022001074
2021-05-16_OKC_LAC,2021-05-16,LAC,INCUMBENT_CONDITIONAL,NO_DIRECT_DELTA_IDENTIFIED,,,EX07,DEADLINE_REVIEW,NOT_CALCULATED,observed date availability and incumbent transactions conditional; no new injury/event selected,15,14400,10,Kawhi Leonard;Marcus Morris Sr.;Nicolas Batum;Paul George;Rajon Rondo,,,0022001074
2021-05-16_PHI_ORL,2021-05-16,PHI,INCUMBENT_CONDITIONAL,NO_DIRECT_DELTA_IDENTIFIED,,,EX07,DEADLINE_REVIEW,NOT_CALCULATED,observed date availability and incumbent transactions conditional; no new injury/event selected,12,14400,11,,Matisse Thybulle,,0022001075
2021-05-16_PHI_ORL,2021-05-16,ORL,ORL_VUCEVIC_GORDON_A,DIRECT_ROSTER_CONTACT,Nikola Vucevic;Zeke Nnaji,Wendell Carter Jr.;Otto Porter Jr.;R.J. Hampton,EX02;EX03;EX04;EX07,DEADLINE_REVIEW,NOT_CALCULATED,observed date availability and incumbent transactions conditional; no new injury/event selected,11,14400,9,R.J. Hampton,Wendell Carter Jr.,Nikola Vucevic;Zeke Nnaji,0022001075
2021-05-16_POR_DEN,2021-05-16,POR,POR_NO_POWELL_HOOD,DIRECT_ROSTER_CONTACT,Rodney Hood,Gary Trent Jr.;Norman Powell,EX05;EX07,DEADLINE_REVIEW,NOT_CALCULATED,observed date availability and incumbent transactions conditional; no new injury/event selected,15,14400,13,Keljin Blevins;Rondae Hollis-Jefferson,,Rodney Hood,0022001076
2021-05-16_POR_DEN,2021-05-16,DEN,DEN_GORDON_A,DIRECT_ROSTER_CONTACT,Saddiq Bey,R.J. Hampton;Zeke Nnaji;Gary Harris,EX02;EX07,DEADLINE_REVIEW,NOT_CALCULATED,observed date availability and incumbent transactions conditional; no new injury/event selected,14,14400,14,,,Saddiq Bey,0022001076
2021-05-16_SAC_UTA,2021-05-16,SAC,INCUMBENT_CONDITIONAL,NO_DIRECT_DELTA_IDENTIFIED,,,EX07,DEADLINE_REVIEW,NOT_CALCULATED,observed date availability and incumbent transactions conditional; no new injury/event selected,12,14400,9,Maurice Harkless,Hassan Whiteside;Justin James,,0022001077
2021-05-16_SAC_UTA,2021-05-16,UTA,INCUMBENT_CONDITIONAL,NO_DIRECT_DELTA_IDENTIFIED,,,EX07,DEADLINE_REVIEW,NOT_CALCULATED,observed date availability and incumbent transactions conditional; no new injury/event selected,15,14400,14,Ersan Ilyasova,,,0022001077
2021-05-16_SAS_PHX,2021-05-16,SAS,INCUMBENT_CONDITIONAL,NO_DIRECT_DELTA_IDENTIFIED,,,EX07,DEADLINE_REVIEW,NOT_CALCULATED,observed date availability and incumbent transactions conditional; no new injury/event selected,13,14400,12,,,,0022001078
2021-05-16_SAS_PHX,2021-05-16,PHX,INCUMBENT_CONDITIONAL,NO_DIRECT_DELTA_IDENTIFIED,,,EX07,DEADLINE_REVIEW,NOT_CALCULATED,observed date availability and incumbent transactions conditional; no new injury/event selected,13,14400,9,Ty-Shon Alexander,Jae Crowder,,0022001078
2021-05-16_TOR_IND,2021-05-16,TOR,TOR_POWELL,DIRECT_ROSTER_CONTACT,Norman Powell,Gary Trent Jr.;Rodney Hood,EX05;EX07,DEADLINE_REVIEW,NOT_CALCULATED,observed date availability and incumbent transactions conditional; no new injury/event selected,12,14400,6,Chris Boucher;Gary Trent Jr.,Jalen Harris;Paul Watson;Rodney Hood;Yuta Watanabe,Norman Powell,0022001079
2021-05-16_TOR_IND,2021-05-16,IND,INCUMBENT_CONDITIONAL,NO_DIRECT_DELTA_IDENTIFIED,,,EX07,DEADLINE_REVIEW,NOT_CALCULATED,observed date availability and incumbent transactions conditional; no new injury/event selected,12,14400,9,Amida Brimah;Cassius Stanley,Malcolm Brogdon,,0022001079
2021-05-16_WAS_CHA,2021-05-16,WAS,WAS_TRENT_BROWN,DIRECT_ROSTER_CONTACT,Gary Trent Jr.;Troy Brown Jr.,Isaac Bonga;Chandler Hutchison,EX01;EX07,DEADLINE_REVIEW,NOT_CALCULATED,observed date availability and incumbent transactions conditional; no new injury/event selected,14,14400,11,Cassius Winston;Isaac Bonga,Raul Neto,Gary Trent Jr.;Troy Brown Jr.,0022001080
2021-05-16_WAS_CHA,2021-05-16,CHA,CHA_EDWARDS_TERRY,DIRECT_ROSTER_CONTACT,Anthony Edwards;Tyrell Terry,LaMelo Ball;Grant Riller,EX07,DEADLINE_REVIEW,NOT_CALCULATED,observed date availability and incumbent transactions conditional; no new injury/event selected,15,14401,9,Brad Wanamaker;Caleb Martin;Grant Riller;Nate Darling;Nick Richards;Vernon Carey Jr.,,Anthony Edwards;Tyrell Terry,0022001080
